term_id,term,baseline_cluster_id,method,evidence
term_f92aa0607c2b5c538059,1 activity and employment,cluster_717245bdba31,agglomerative,"{""distance_threshold"": 0.35, ""linkage"": ""average""}"
term_ae1f4ef44ee128d00b40,1 activity and employment status,cluster_717245bdba31,agglomerative,"{""distance_threshold"": 0.35, ""linkage"": ""average""}"
term_290bbaa73df30999a339,1.1 activity and employment,cluster_717245bdba31,agglomerative,"{""distance_threshold"": 0.35, ""linkage"": ""average""}"
term_0e86b7dc373a37bc4ce4,1.1 activity and employment status,cluster_717245bdba31,agglomerative,"{""distance_threshold"": 0.35, ""linkage"": ""average""}"
term_eb6cd7da4972ac3d2937,1000 of corresponding age population,cluster_586194a4eb3a,agglomerative,"{""distance_threshold"": 0.35, ""linkage"": ""average""}"
term_d642b0d05751e9980989,15-24) neither in employment,cluster_fd27aed274d2,agglomerative,"{""distance_threshold"": 0.35, ""linkage"": ""average""}"
term_b5d9f16b16f448136985,2 region - % of the population,cluster_95df7df16168,agglomerative,"{""distance_threshold"": 0.35, ""linkage"": ""average""}"
term_1d8de4686876a5ad8cdd,2 region - % of the population of,cluster_95df7df16168,agglomerative,"{""distance_threshold"": 0.35, ""linkage"": ""average""}"
term_60c705d91a6a7e292a1f,2 region - % of the population of the,cluster_95df7df16168,agglomerative,"{""distance_threshold"": 0.35, ""linkage"": ""average""}"
term_1ec4e9a4cce0e2bd4b55,2 region - % of the population of the corresponding,cluster_95df7df16168,agglomerative,"{""distance_threshold"": 0.35, ""linkage"": ""average""}"
term_0a182caf0f168cf04942,3 by sex - as % of the population,cluster_586194a4eb3a,agglomerative,"{""distance_threshold"": 0.35, ""linkage"": ""average""}"
term_50864d39aee50e16110c,3 by sex - as % of the population of,cluster_586194a4eb3a,agglomerative,"{""distance_threshold"": 0.35, ""linkage"": ""average""}"
term_0f2b3dc72dbfb9df4051,40 % of the population,cluster_32528f9d8077,agglomerative,"{""distance_threshold"": 0.35, ""linkage"": ""average""}"
term_f5213a127a8488a1ed73,"a domestic perpetrator, by country of birth",cluster_8cbdd0602d88,agglomerative,"{""distance_threshold"": 0.35, ""linkage"": ""average""}"
term_eda8ed1ce0eba77846ef,"a non-partner, by country of birth",cluster_8cbdd0602d88,agglomerative,"{""distance_threshold"": 0.35, ""linkage"": ""average""}"
term_1841dde785c10e5eeb3d,A of the income from agricultural,cluster_0958acf3e7dc,agglomerative,"{""distance_threshold"": 0.35, ""linkage"": ""average""}"
term_84ba59b6c245c2358047,A of the income from agricultural activity,cluster_0958acf3e7dc,agglomerative,"{""distance_threshold"": 0.35, ""linkage"": ""average""}"
term_8edcbec9396e6e38b16d,a share of GDP,cluster_f5e40cb5cbdd,agglomerative,"{""distance_threshold"": 0.35, ""linkage"": ""average""}"
term_20d6b4a1cc5307075745,Accidents in waterway transport,cluster_3d19854cb005,agglomerative,"{""distance_threshold"": 0.35, ""linkage"": ""average""}"
term_2c16cafab319d30eed0d,Accidents involving the transport of dangerous goods,cluster_3d19854cb005,agglomerative,"{""distance_threshold"": 0.35, ""linkage"": ""average""}"
term_0f8f9cf7bf3053d8d92c,Accidents involving the transport of dangerous goods - annual data,cluster_3d19854cb005,agglomerative,"{""distance_threshold"": 0.35, ""linkage"": ""average""}"
term_9a046e87cc205a38ebfd,account transactions - primary income,cluster_c574624eef1e,agglomerative,"{""distance_threshold"": 0.35, ""linkage"": ""average""}"
term_94f077008c0572a9fc12,account transactions - primary income: credits,cluster_c574624eef1e,agglomerative,"{""distance_threshold"": 0.35, ""linkage"": ""average""}"
term_9adac7eff36b8f5ff44b,"account transactions - primary income: credits, debits",cluster_c574624eef1e,agglomerative,"{""distance_threshold"": 0.35, ""linkage"": ""average""}"
term_d9bb2722982dec92e450,"account transactions - primary income: credits, debits and",cluster_c574624eef1e,agglomerative,"{""distance_threshold"": 0.35, ""linkage"": ""average""}"
term_33d492cb59136698a60c,"account transactions - primary income: credits, debits and balance",cluster_c574624eef1e,agglomerative,"{""distance_threshold"": 0.35, ""linkage"": ""average""}"
term_264c782947dc24197f74,account transactions - secondary income,cluster_c574624eef1e,agglomerative,"{""distance_threshold"": 0.35, ""linkage"": ""average""}"
term_536b57e8e3f59f3a910a,account transactions - secondary income: credits,cluster_c574624eef1e,agglomerative,"{""distance_threshold"": 0.35, ""linkage"": ""average""}"
term_fd57e72d270548a46779,"account transactions - secondary income: credits, debits",cluster_c574624eef1e,agglomerative,"{""distance_threshold"": 0.35, ""linkage"": ""average""}"
term_6300a00f9615304745ae,"account transactions - secondary income: credits, debits and",cluster_c574624eef1e,agglomerative,"{""distance_threshold"": 0.35, ""linkage"": ""average""}"
term_9f29f15171bba88877a9,"account transactions - secondary income: credits, debits and balance",cluster_c574624eef1e,agglomerative,"{""distance_threshold"": 0.35, ""linkage"": ""average""}"
term_5528fa67425fcb08da82,active population,cluster_021a934ea779,agglomerative,"{""distance_threshold"": 0.35, ""linkage"": ""average""}"
term_fa3e7d4b99802b9dfbb1,active population aged 15-24,cluster_586194a4eb3a,agglomerative,"{""distance_threshold"": 0.35, ""linkage"": ""average""}"
term_05e76930e9bf23af3b96,active population aged 15-74,cluster_586194a4eb3a,agglomerative,"{""distance_threshold"": 0.35, ""linkage"": ""average""}"
term_6f49a45cf47e9da11f5a,activity and employment,cluster_717245bdba31,agglomerative,"{""distance_threshold"": 0.35, ""linkage"": ""average""}"
term_499c4b685a5cf652edad,adjusted GDP,cluster_f5e40cb5cbdd,agglomerative,"{""distance_threshold"": 0.35, ""linkage"": ""average""}"
term_0792eeda65ce9b679e3e,adjusted GDP per,cluster_f5e40cb5cbdd,agglomerative,"{""distance_threshold"": 0.35, ""linkage"": ""average""}"
term_44acc67e4f926d1b5e33,adjusted GDP per capita,cluster_f5e40cb5cbdd,agglomerative,"{""distance_threshold"": 0.35, ""linkage"": ""average""}"
term_4f5a7f8d29f88a6e8682,adjusted gross disposable income,cluster_0958acf3e7dc,agglomerative,"{""distance_threshold"": 0.35, ""linkage"": ""average""}"
term_2934796be42448e732c6,adjusted gross disposable income of,cluster_0958acf3e7dc,agglomerative,"{""distance_threshold"": 0.35, ""linkage"": ""average""}"
term_66afc3bf2495fc164a87,adjusted gross disposable income of households,cluster_0958acf3e7dc,agglomerative,"{""distance_threshold"": 0.35, ""linkage"": ""average""}"
term_b58ae6f61e4f2ed5dc81,adjusted gross disposable income of households per,cluster_0958acf3e7dc,agglomerative,"{""distance_threshold"": 0.35, ""linkage"": ""average""}"
term_fe683ccab63d544e89b0,adjusted gross disposable income of households per capita,cluster_0958acf3e7dc,agglomerative,"{""distance_threshold"": 0.35, ""linkage"": ""average""}"
term_28537334be6786e5aad6,Adjusted gross disposable income of households per capita in PPS,cluster_0958acf3e7dc,agglomerative,"{""distance_threshold"": 0.35, ""linkage"": ""average""}"
term_dd4aa8583ed35ea2e944,"after social transfers, income",cluster_0958acf3e7dc,agglomerative,"{""distance_threshold"": 0.35, ""linkage"": ""average""}"
term_967bab15f8feaae7c19a,"after social transfers, income per",cluster_0958acf3e7dc,agglomerative,"{""distance_threshold"": 0.35, ""linkage"": ""average""}"
term_ca970dc7c27d85c4265c,against influenza of population,cluster_9f754bbcabe2,agglomerative,"{""distance_threshold"": 0.35, ""linkage"": ""average""}"
term_f6468db3adfc926b69ab,against influenza of population aged,cluster_9f754bbcabe2,agglomerative,"{""distance_threshold"": 0.35, ""linkage"": ""average""}"
term_c12ba50d3f81c18f0f44,against influenza of population aged 65,cluster_9f754bbcabe2,agglomerative,"{""distance_threshold"": 0.35, ""linkage"": ""average""}"
term_a5ef9f90719648988729,against influenza of population aged 65 and,cluster_9f754bbcabe2,agglomerative,"{""distance_threshold"": 0.35, ""linkage"": ""average""}"
term_11028b8d4fd50ad18cb4,against influenza of population aged 65 and over,cluster_9f754bbcabe2,agglomerative,"{""distance_threshold"": 0.35, ""linkage"": ""average""}"
term_a0902dc3d11f8b541af7,age group - % over the population,cluster_586194a4eb3a,agglomerative,"{""distance_threshold"": 0.35, ""linkage"": ""average""}"
term_64c1cf01bfce8c62a82e,age group - % over the population of,cluster_586194a4eb3a,agglomerative,"{""distance_threshold"": 0.35, ""linkage"": ""average""}"
term_085ebba4da9278183e20,age group - % over the population of each,cluster_586194a4eb3a,agglomerative,"{""distance_threshold"": 0.35, ""linkage"": ""average""}"
term_5427d4846d9703e0a4af,age group - % over the population of each age,cluster_586194a4eb3a,agglomerative,"{""distance_threshold"": 0.35, ""linkage"": ""average""}"
term_ea344c12eeb3e413288d,age groups - per 1000 of population,cluster_586194a4eb3a,agglomerative,"{""distance_threshold"": 0.35, ""linkage"": ""average""}"
term_f8a923774332721d4ea3,age groups - per 1000 of population aged,cluster_586194a4eb3a,agglomerative,"{""distance_threshold"": 0.35, ""linkage"": ""average""}"
term_4e5fbbcc9d81b5dd2847,age groups - per 1000 of population aged 25-34,cluster_586194a4eb3a,agglomerative,"{""distance_threshold"": 0.35, ""linkage"": ""average""}"
term_62d5487bfd68279ffa75,age of women at childbirth,cluster_8cbdd0602d88,agglomerative,"{""distance_threshold"": 0.35, ""linkage"": ""average""}"
term_76b94557e19b850bd71c,age of women at childbirth and,cluster_8cbdd0602d88,agglomerative,"{""distance_threshold"": 0.35, ""linkage"": ""average""}"
term_dfab6f489639d8083dc9,age of women at childbirth and at,cluster_8cbdd0602d88,agglomerative,"{""distance_threshold"": 0.35, ""linkage"": ""average""}"
term_f7a222aecf10a858f32e,age of women at childbirth and at birth,cluster_8cbdd0602d88,agglomerative,"{""distance_threshold"": 0.35, ""linkage"": ""average""}"
term_18ae6fdf8179a045c9bf,age population,cluster_586194a4eb3a,agglomerative,"{""distance_threshold"": 0.35, ""linkage"": ""average""}"
term_2763af19491776269de8,aged 15-24) neither in employment,cluster_fd27aed274d2,agglomerative,"{""distance_threshold"": 0.35, ""linkage"": ""average""}"
term_f0af8b5a505f2ee20169,aged 15-24) neither in employment nor,cluster_fd27aed274d2,agglomerative,"{""distance_threshold"": 0.35, ""linkage"": ""average""}"
term_d6f0d8f5f57bc561b80d,aged 15-24) neither in employment nor in,cluster_fd27aed274d2,agglomerative,"{""distance_threshold"": 0.35, ""linkage"": ""average""}"
term_471a00b583fa9804be00,aged 15-24) neither in employment nor in education,cluster_fd27aed274d2,agglomerative,"{""distance_threshold"": 0.35, ""linkage"": ""average""}"
term_9f067eb4b547071dc62f,Aggregate propensity to consume by income,cluster_f7c5001b3c2d,agglomerative,"{""distance_threshold"": 0.35, ""linkage"": ""average""}"
term_a8771db3c5fdeaea7553,Aggregate propensity to consume by income quintile,cluster_f7c5001b3c2d,agglomerative,"{""distance_threshold"": 0.35, ""linkage"": ""average""}"
term_8247507a67c7013b8c11,Aggregate propensity to consume by income quintile - experimental,cluster_f7c5001b3c2d,agglomerative,"{""distance_threshold"": 0.35, ""linkage"": ""average""}"
term_dd253336ca9a867f3b27,Aggregate propensity to consume by income quintile - experimental statistics,cluster_f7c5001b3c2d,agglomerative,"{""distance_threshold"": 0.35, ""linkage"": ""average""}"
term_d159d1d70a676d86fe50,Agricultural holdings by age of holder,cluster_b2b3f012d4f5,agglomerative,"{""distance_threshold"": 0.35, ""linkage"": ""average""}"
term_0d7a0d04c0ce32966ea7,Agricultural holdings by agricultural area,cluster_b2b3f012d4f5,agglomerative,"{""distance_threshold"": 0.35, ""linkage"": ""average""}"
term_f2c0c07a0e4bc0b204b8,Agricultural holdings by economic size of the farm (Standard Output in Euro),cluster_52d12036582f,agglomerative,"{""distance_threshold"": 0.35, ""linkage"": ""average""}"
term_a7fa27bd2e0cc4478714,agricultural industry - basic and producer prices,cluster_50fcb6e7a7e8,agglomerative,"{""distance_threshold"": 0.35, ""linkage"": ""average""}"
term_f305973d645117b92dee,Agricultural land prices,cluster_34cd09890693,agglomerative,"{""distance_threshold"": 0.35, ""linkage"": ""average""}"
term_e6b7b05a1721d2d841d5,Agricultural land prices by,cluster_34cd09890693,agglomerative,"{""distance_threshold"": 0.35, ""linkage"": ""average""}"
term_6cc6165729f5e7f40aea,Agricultural land prices by region,cluster_34cd09890693,agglomerative,"{""distance_threshold"": 0.35, ""linkage"": ""average""}"
term_1e09dc7785342a81f8e1,Agricultural land prices by region - historical,cluster_34cd09890693,agglomerative,"{""distance_threshold"": 0.35, ""linkage"": ""average""}"
term_0e0b3810707546d985d4,Agricultural land prices by region - historical data,cluster_34cd09890693,agglomerative,"{""distance_threshold"": 0.35, ""linkage"": ""average""}"
term_242af11f95ecc4565c18,Agricultural land renting prices,cluster_34cd09890693,agglomerative,"{""distance_threshold"": 0.35, ""linkage"": ""average""}"
term_545c4065601745332c07,Agricultural land renting prices for,cluster_34cd09890693,agglomerative,"{""distance_threshold"": 0.35, ""linkage"": ""average""}"
term_e4425a67ee9c77f33d0f,Agricultural land renting prices for one,cluster_34cd09890693,agglomerative,"{""distance_threshold"": 0.35, ""linkage"": ""average""}"
term_bdfb7fbf132cb2662e36,Agricultural land renting prices for one year,cluster_34cd09890693,agglomerative,"{""distance_threshold"": 0.35, ""linkage"": ""average""}"
term_2cb8f0f4af78abbdc509,Agricultural land renting prices for one year by,cluster_34cd09890693,agglomerative,"{""distance_threshold"": 0.35, ""linkage"": ""average""}"
term_6f2b02206af9e587fed1,Agricultural land renting prices for one year by region,cluster_34cd09890693,agglomerative,"{""distance_threshold"": 0.35, ""linkage"": ""average""}"
term_e422348de0704bae21cd,Agricultural land renting prices for one year by region - historical data,cluster_34cd09890693,agglomerative,"{""distance_threshold"": 0.35, ""linkage"": ""average""}"
term_6451ea3b40ba5dca98b4,agricultural production,cluster_4c9b1b408341,agglomerative,"{""distance_threshold"": 0.35, ""linkage"": ""average""}"
term_c16d3cb8f9c2166ca7fb,Agricultural real factor income,cluster_0958acf3e7dc,agglomerative,"{""distance_threshold"": 0.35, ""linkage"": ""average""}"
term_d1f5642000661725dc3f,Agricultural real factor income per,cluster_0958acf3e7dc,agglomerative,"{""distance_threshold"": 0.35, ""linkage"": ""average""}"
term_add827fa476602d065fa,Agricultural real factor income per annual,cluster_0958acf3e7dc,agglomerative,"{""distance_threshold"": 0.35, ""linkage"": ""average""}"
term_3f2871ac5600e8f17598,Agricultural real factor income per annual work,cluster_0958acf3e7dc,agglomerative,"{""distance_threshold"": 0.35, ""linkage"": ""average""}"
term_130f4f699ebfd907a512,Agricultural real factor income per annual work unit,cluster_0958acf3e7dc,agglomerative,"{""distance_threshold"": 0.35, ""linkage"": ""average""}"
term_91ab15d8f699b278f32c,Agricultural real factor income per annual work unit (AWU),cluster_0958acf3e7dc,agglomerative,"{""distance_threshold"": 0.35, ""linkage"": ""average""}"
term_0b214cfd73ab25abb7b2,Air passenger transport,cluster_0b86931b6154,agglomerative,"{""distance_threshold"": 0.35, ""linkage"": ""average""}"
term_d2e804e762d250d07c7c,Air passenger transport - ENP-South countries,cluster_0b86931b6154,agglomerative,"{""distance_threshold"": 0.35, ""linkage"": ""average""}"
term_7dcf76b37479e12f0002,Air transport equipment,cluster_0b86931b6154,agglomerative,"{""distance_threshold"": 0.35, ""linkage"": ""average""}"
term_45c3f1dcec8bf74b3b4e,Air transport equipment: number of aircrafts,cluster_0b86931b6154,agglomerative,"{""distance_threshold"": 0.35, ""linkage"": ""average""}"
term_34fd33d58a573e6288b3,Air transport infrastructure,cluster_0b86931b6154,agglomerative,"{""distance_threshold"": 0.35, ""linkage"": ""average""}"
term_c9079f249b58f620e9c3,Air transport infrastructure: airports,cluster_0b86931b6154,agglomerative,"{""distance_threshold"": 0.35, ""linkage"": ""average""}"
term_6a711696e7225f1e4d10,Air transport infrastructure: length of paved runways,cluster_0b86931b6154,agglomerative,"{""distance_threshold"": 0.35, ""linkage"": ""average""}"
term_a0016567b77ecdefeda9,Air transport of freight by NUTS 2 region,cluster_95df7df16168,agglomerative,"{""distance_threshold"": 0.35, ""linkage"": ""average""}"
term_1051834513fa48bf6daa,Air transport of goods by country (yearly data),cluster_0b86931b6154,agglomerative,"{""distance_threshold"": 0.35, ""linkage"": ""average""}"
term_b13910a22b73184ff80d,Air transport of passengers by NUTS 2 region,cluster_95df7df16168,agglomerative,"{""distance_threshold"": 0.35, ""linkage"": ""average""}"
term_b847033074daa0b60a7d,Air transport traffic,cluster_0b86931b6154,agglomerative,"{""distance_threshold"": 0.35, ""linkage"": ""average""}"
term_54d9b1f4afa97eb30220,Air transport traffic: freight and passengers,cluster_0b86931b6154,agglomerative,"{""distance_threshold"": 0.35, ""linkage"": ""average""}"
term_50eb0e42cf2464964ee5,Air transport traffic: number of aircraft movements,cluster_0b86931b6154,agglomerative,"{""distance_threshold"": 0.35, ""linkage"": ""average""}"
term_fa98930b8e0236118ed4,all employees (excluding apprentices) by employment,cluster_fd27aed274d2,agglomerative,"{""distance_threshold"": 0.35, ""linkage"": ""average""}"
term_1bab50bee2537067aa5a,all employees (excluding apprentices) by employment contract,cluster_fd27aed274d2,agglomerative,"{""distance_threshold"": 0.35, ""linkage"": ""average""}"
term_f364c48559f7afa356f6,"an intimate partner, by country of birth",cluster_8cbdd0602d88,agglomerative,"{""distance_threshold"": 0.35, ""linkage"": ""average""}"
term_f44103e3c835e10c20bf,and age groups - per 1000 of population,cluster_586194a4eb3a,agglomerative,"{""distance_threshold"": 0.35, ""linkage"": ""average""}"
term_e8fe3d4d278697ef8d0f,and age groups - per 1000 of population aged,cluster_586194a4eb3a,agglomerative,"{""distance_threshold"": 0.35, ""linkage"": ""average""}"
term_fbf4f47069913359fbc1,and construction production,cluster_33ddf438eacf,agglomerative,"{""distance_threshold"": 0.35, ""linkage"": ""average""}"
term_4e7c43d4bb135c30882b,and construction production volume,cluster_33ddf438eacf,agglomerative,"{""distance_threshold"": 0.35, ""linkage"": ""average""}"
term_6551a0f96a282628c5fb,and construction production volume index,cluster_33ddf438eacf,agglomerative,"{""distance_threshold"": 0.35, ""linkage"": ""average""}"
term_460784f1593dab82e240,and construction production volume index - calendar,cluster_33ddf438eacf,agglomerative,"{""distance_threshold"": 0.35, ""linkage"": ""average""}"
term_0890a04dad756b27884d,and construction production volume index - calendar adjusted,cluster_33ddf438eacf,agglomerative,"{""distance_threshold"": 0.35, ""linkage"": ""average""}"
term_d52f1d5d8094cac63f17,and construction production volume index - calendar adjusted - ENP-East,cluster_33ddf438eacf,agglomerative,"{""distance_threshold"": 0.35, ""linkage"": ""average""}"
term_292a8b0e829df1ec5687,"and corn-cob-mix by area, production",cluster_4c9b1b408341,agglomerative,"{""distance_threshold"": 0.35, ""linkage"": ""average""}"
term_7567bd4c97514b1d86bb,"and corn-cob-mix by area, production and",cluster_4c9b1b408341,agglomerative,"{""distance_threshold"": 0.35, ""linkage"": ""average""}"
term_809133541e391c625272,"and corn-cob-mix by area, production and humidity",cluster_4c9b1b408341,agglomerative,"{""distance_threshold"": 0.35, ""linkage"": ""average""}"
term_49179846a32af03fa033,and country of birth,cluster_8cbdd0602d88,agglomerative,"{""distance_threshold"": 0.35, ""linkage"": ""average""}"
term_e71b9f56bbac566384c4,and crude birth,cluster_6186e87388cd,agglomerative,"{""distance_threshold"": 0.35, ""linkage"": ""average""}"
term_426dae8b8c3f4b18f6df,and crude birth rate,cluster_6186e87388cd,agglomerative,"{""distance_threshold"": 0.35, ""linkage"": ""average""}"
term_c0ba3805721f2d83f2e8,and crude death,cluster_6186e87388cd,agglomerative,"{""distance_threshold"": 0.35, ""linkage"": ""average""}"
term_d61c4d969d39fa4b030b,and crude death rate,cluster_6186e87388cd,agglomerative,"{""distance_threshold"": 0.35, ""linkage"": ""average""}"
term_320828b73fa41f46ac26,and development expenditure,cluster_f7c5001b3c2d,agglomerative,"{""distance_threshold"": 0.35, ""linkage"": ""average""}"
term_31bd6e8cd55050faaa21,and development expenditure by,cluster_f7c5001b3c2d,agglomerative,"{""distance_threshold"": 0.35, ""linkage"": ""average""}"
term_328d9fed9bb996dad46e,and development expenditure by sector,cluster_f7c5001b3c2d,agglomerative,"{""distance_threshold"": 0.35, ""linkage"": ""average""}"
term_2abf4aad31bdefea91b4,and development expenditure by sector of,cluster_f7c5001b3c2d,agglomerative,"{""distance_threshold"": 0.35, ""linkage"": ""average""}"
term_e7ea18fed95fae56f9a7,and development expenditure by sector of performance,cluster_f7c5001b3c2d,agglomerative,"{""distance_threshold"": 0.35, ""linkage"": ""average""}"
term_9c279c237f4aca643020,and employment rates,cluster_b625d52d71ac,agglomerative,"{""distance_threshold"": 0.35, ""linkage"": ""average""}"
term_e9f78a45076b0266bab4,and employment rates (aged,cluster_b625d52d71ac,agglomerative,"{""distance_threshold"": 0.35, ""linkage"": ""average""}"
term_be90c8b469a49c9b2032,and employment rates (aged 20-64,cluster_b625d52d71ac,agglomerative,"{""distance_threshold"": 0.35, ""linkage"": ""average""}"
term_fae7caeb58fe78fcd3ec,and employment rates (aged 20-64) by,cluster_b625d52d71ac,agglomerative,"{""distance_threshold"": 0.35, ""linkage"": ""average""}"
term_4cafd5f6d1c75739979f,and employment rates (aged 20-64) by sex,cluster_b625d52d71ac,agglomerative,"{""distance_threshold"": 0.35, ""linkage"": ""average""}"
term_26021ba2bf675a967f21,and employment rates (aged 20-64) by sex - ENP-East,cluster_b625d52d71ac,agglomerative,"{""distance_threshold"": 0.35, ""linkage"": ""average""}"
term_3a1bda3ea98a6acd34dd,and employment status,cluster_717245bdba31,agglomerative,"{""distance_threshold"": 0.35, ""linkage"": ""average""}"
term_adeccb75f5d0834def2a,and group of country of birth,cluster_8cbdd0602d88,agglomerative,"{""distance_threshold"": 0.35, ""linkage"": ""average""}"
term_cb72a65edb7feba6943a,and over - per 1000 of corresponding age population,cluster_586194a4eb3a,agglomerative,"{""distance_threshold"": 0.35, ""linkage"": ""average""}"
term_7d54d8745279b8d1f3b8,and producer prices,cluster_50fcb6e7a7e8,agglomerative,"{""distance_threshold"": 0.35, ""linkage"": ""average""}"
term_64a850c0970dcbcfa94e,and protein crops for the production,cluster_4c9b1b408341,agglomerative,"{""distance_threshold"": 0.35, ""linkage"": ""average""}"
term_a0191d4a252dfa11435b,and protein crops for the production of,cluster_4c9b1b408341,agglomerative,"{""distance_threshold"": 0.35, ""linkage"": ""average""}"
term_bfb11649eef30d95ae9e,and protein crops for the production of grain,cluster_4c9b1b408341,agglomerative,"{""distance_threshold"": 0.35, ""linkage"": ""average""}"
term_d8ce64cb7934ea86b8d6,and services in % of GDP,cluster_f5e40cb5cbdd,agglomerative,"{""distance_threshold"": 0.35, ""linkage"": ""average""}"
term_e862f9ed58ee127abe3e,"and services, current prices",cluster_fc59ce925147,agglomerative,"{""distance_threshold"": 0.35, ""linkage"": ""average""}"
term_16fc123e751aa616c4b6,and similar income,cluster_0958acf3e7dc,agglomerative,"{""distance_threshold"": 0.35, ""linkage"": ""average""}"
term_0df0de7b6fd3c3d4689d,and similar income by,cluster_0958acf3e7dc,agglomerative,"{""distance_threshold"": 0.35, ""linkage"": ""average""}"
term_8d8a53892ece872d848b,and similar income by product,cluster_0958acf3e7dc,agglomerative,"{""distance_threshold"": 0.35, ""linkage"": ""average""}"
term_9953f4ac5d568f8c3609,and social transfers on income,cluster_0958acf3e7dc,agglomerative,"{""distance_threshold"": 0.35, ""linkage"": ""average""}"
term_4f7cb39f38ae47850604,and social transfers on income quintile,cluster_0958acf3e7dc,agglomerative,"{""distance_threshold"": 0.35, ""linkage"": ""average""}"
term_58c83a18c40f48fbc72f,and social transfers on income quintile share,cluster_0958acf3e7dc,agglomerative,"{""distance_threshold"": 0.35, ""linkage"": ""average""}"
term_ef6354b51c6a2d844009,and social transfers on income quintile share ratio,cluster_0958acf3e7dc,agglomerative,"{""distance_threshold"": 0.35, ""linkage"": ""average""}"
term_da64931282fa2c7c9188,"and spelt by area, production",cluster_4c9b1b408341,agglomerative,"{""distance_threshold"": 0.35, ""linkage"": ""average""}"
term_364224dc6a02a1d44ec4,"and spelt by area, production and",cluster_4c9b1b408341,agglomerative,"{""distance_threshold"": 0.35, ""linkage"": ""average""}"
term_187c41e53cda9f760710,"and spelt by area, production and humidity",cluster_4c9b1b408341,agglomerative,"{""distance_threshold"": 0.35, ""linkage"": ""average""}"
term_b395a9370d2a1549a637,"and spring cereal mixtures by area, production",cluster_4c9b1b408341,agglomerative,"{""distance_threshold"": 0.35, ""linkage"": ""average""}"
term_370e5e26a5564d5fcbe2,"and spring cereal mixtures by area, production and",cluster_4c9b1b408341,agglomerative,"{""distance_threshold"": 0.35, ""linkage"": ""average""}"
term_d93185be6e5c5aefc072,and upper-secondary education - as % of total active population,cluster_586194a4eb3a,agglomerative,"{""distance_threshold"": 0.35, ""linkage"": ""average""}"
term_15fa1e09e7783f612a0f,"and winter cereal mixtures by area, production",cluster_4c9b1b408341,agglomerative,"{""distance_threshold"": 0.35, ""linkage"": ""average""}"
term_66119997e721b970e037,"and winter cereal mixtures by area, production and",cluster_4c9b1b408341,agglomerative,"{""distance_threshold"": 0.35, ""linkage"": ""average""}"
term_2c2aa987611c42fddda7,and work intensity of the household (population,cluster_a03fe115e208,agglomerative,"{""distance_threshold"": 0.35, ""linkage"": ""average""}"
term_56848472fc55552d775d,and work intensity of the household (population aged,cluster_a03fe115e208,agglomerative,"{""distance_threshold"": 0.35, ""linkage"": ""average""}"
term_a110f656e03e67dd599d,and work intensity of the households with income,cluster_a03fe115e208,agglomerative,"{""distance_threshold"": 0.35, ""linkage"": ""average""}"
term_26408b77200929d0bb01,Animal output - basic and producer prices,cluster_50fcb6e7a7e8,agglomerative,"{""distance_threshold"": 0.35, ""linkage"": ""average""}"
term_558f4a8e9de234d081fa,Annual aquaculture production,cluster_4c9b1b408341,agglomerative,"{""distance_threshold"": 0.35, ""linkage"": ""average""}"
term_36822b814a5b1e2b3f2c,Annual aquaculture production - live,cluster_4c9b1b408341,agglomerative,"{""distance_threshold"": 0.35, ""linkage"": ""average""}"
term_e2e1c8f4db62d9090db5,Annual aquaculture production - live weight,cluster_4c9b1b408341,agglomerative,"{""distance_threshold"": 0.35, ""linkage"": ""average""}"
term_0968cd34fedd688fdb6e,Annual aquaculture production - live weight in,cluster_4c9b1b408341,agglomerative,"{""distance_threshold"": 0.35, ""linkage"": ""average""}"
term_de9b03884237b6ceb33d,Annual aquaculture production - live weight in tonnes,cluster_4c9b1b408341,agglomerative,"{""distance_threshold"": 0.35, ""linkage"": ""average""}"
term_08daf5eebc86334e6fe1,"annual data, % of GDP",cluster_f5e40cb5cbdd,agglomerative,"{""distance_threshold"": 0.35, ""linkage"": ""average""}"
term_302dcbbc5a075fb96626,annual expenditure per student at the tertiary level and primary level,cluster_f7c5001b3c2d,agglomerative,"{""distance_threshold"": 0.35, ""linkage"": ""average""}"
term_4d9c23472370bf1de6f2,Annual production,cluster_4ba888595f32,agglomerative,"{""distance_threshold"": 0.35, ""linkage"": ""average""}"
term_3d9cc7d8a0613c670530,Annual production and,cluster_4ba888595f32,agglomerative,"{""distance_threshold"": 0.35, ""linkage"": ""average""}"
term_ba36cb12a3e258d41cec,Annual production and utilisation,cluster_4ba888595f32,agglomerative,"{""distance_threshold"": 0.35, ""linkage"": ""average""}"
term_f928332ddd8c87059a84,Annual production and utilisation of,cluster_4ba888595f32,agglomerative,"{""distance_threshold"": 0.35, ""linkage"": ""average""}"
term_145d9993d22acf10c410,Annual production and utilisation of milk,cluster_4c9b1b408341,agglomerative,"{""distance_threshold"": 0.35, ""linkage"": ""average""}"
term_cf9058632fab8180194a,Annual production and utilisation of milk on,cluster_4c9b1b408341,agglomerative,"{""distance_threshold"": 0.35, ""linkage"": ""average""}"
term_9a4d73dc45068cf5eea5,Annual production and utilisation of milk on the,cluster_4c9b1b408341,agglomerative,"{""distance_threshold"": 0.35, ""linkage"": ""average""}"
term_e327dc97a9636e3ea46d,Annual production and utilisation of milk on the farm,cluster_4c9b1b408341,agglomerative,"{""distance_threshold"": 0.35, ""linkage"": ""average""}"
term_edbf4b98363557fc84f0,"any perpetrator, by country of birth",cluster_8cbdd0602d88,agglomerative,"{""distance_threshold"": 0.35, ""linkage"": ""average""}"
term_ef301d8b5e9714f99089,apprentices) by employment,cluster_fd27aed274d2,agglomerative,"{""distance_threshold"": 0.35, ""linkage"": ""average""}"
term_2b9ff1d97d9c922245a6,apprentices) by employment contract,cluster_fd27aed274d2,agglomerative,"{""distance_threshold"": 0.35, ""linkage"": ""average""}"
term_5cddfd4ee32f411c2a8e,Aquaculture production,cluster_4c9b1b408341,agglomerative,"{""distance_threshold"": 0.35, ""linkage"": ""average""}"
term_f9e0451f5162d166cff7,aquaculture production - live,cluster_4c9b1b408341,agglomerative,"{""distance_threshold"": 0.35, ""linkage"": ""average""}"
term_f0d5fd786b583e316229,aquaculture production - live weight,cluster_4c9b1b408341,agglomerative,"{""distance_threshold"": 0.35, ""linkage"": ""average""}"
term_33fb3486b3c3d2b6cfd7,aquaculture production - live weight in,cluster_4c9b1b408341,agglomerative,"{""distance_threshold"": 0.35, ""linkage"": ""average""}"
term_3d77f2d0af74aaed4f9a,aquaculture production - live weight in tonnes,cluster_4c9b1b408341,agglomerative,"{""distance_threshold"": 0.35, ""linkage"": ""average""}"
term_16ee6bbe8c8aaeb6ff1d,Aquaculture production by,cluster_4c9b1b408341,agglomerative,"{""distance_threshold"": 0.35, ""linkage"": ""average""}"
term_175c619a92eb144b2923,Aquaculture production by aquatic,cluster_4c9b1b408341,agglomerative,"{""distance_threshold"": 0.35, ""linkage"": ""average""}"
term_c8cbf667c7ff9a10e81f,Aquaculture production by aquatic environment,cluster_4c9b1b408341,agglomerative,"{""distance_threshold"": 0.35, ""linkage"": ""average""}"
term_cbafae87f1b6f674b7e4,Aquaculture production by aquatic environment - ENP-South,cluster_4c9b1b408341,agglomerative,"{""distance_threshold"": 0.35, ""linkage"": ""average""}"
term_99a7a01d09d96b6d97c9,Aquaculture production by aquatic environment - ENP-South countries,cluster_4c9b1b408341,agglomerative,"{""distance_threshold"": 0.35, ""linkage"": ""average""}"
term_34e2e49beea81536e8d6,Aquaculture production in,cluster_4c9b1b408341,agglomerative,"{""distance_threshold"": 0.35, ""linkage"": ""average""}"
term_cc058c918f785200386b,Aquaculture production in tonnes,cluster_4c9b1b408341,agglomerative,"{""distance_threshold"": 0.35, ""linkage"": ""average""}"
term_9ec1cc83febf61330d25,Aquaculture production in tonnes and,cluster_4c9b1b408341,agglomerative,"{""distance_threshold"": 0.35, ""linkage"": ""average""}"
term_7789a973297e4d885e32,Aquaculture production in tonnes and value,cluster_4c9b1b408341,agglomerative,"{""distance_threshold"": 0.35, ""linkage"": ""average""}"
term_cbae8c5975b8979c81c3,"area, production",cluster_4c9b1b408341,agglomerative,"{""distance_threshold"": 0.35, ""linkage"": ""average""}"
term_699121396b2ed5f7ac48,"area, production and",cluster_4c9b1b408341,agglomerative,"{""distance_threshold"": 0.35, ""linkage"": ""average""}"
term_a54763ce1065b0e540fa,"area, production and humidity",cluster_4c9b1b408341,agglomerative,"{""distance_threshold"": 0.35, ""linkage"": ""average""}"
term_7ee9002f8ecfc6a11799,Arrears on non-housing bills by income,cluster_0958acf3e7dc,agglomerative,"{""distance_threshold"": 0.35, ""linkage"": ""average""}"
term_1ea0302f0e6ecab11f29,Arrears on non-housing bills by income quintile,cluster_0958acf3e7dc,agglomerative,"{""distance_threshold"": 0.35, ""linkage"": ""average""}"
term_cd80c18061bd715461f2,as % of the population of the corresponding,cluster_586194a4eb3a,agglomerative,"{""distance_threshold"": 0.35, ""linkage"": ""average""}"
term_a66e5a24f4ba2094a4f6,as % of the population of the corresponding age group,cluster_586194a4eb3a,agglomerative,"{""distance_threshold"": 0.35, ""linkage"": ""average""}"
term_993a0d200b28c5bc7e1f,as % of the total population,cluster_586194a4eb3a,agglomerative,"{""distance_threshold"": 0.35, ""linkage"": ""average""}"
term_f1cc9346fe3bc045ed5a,as % of the total population of,cluster_586194a4eb3a,agglomerative,"{""distance_threshold"": 0.35, ""linkage"": ""average""}"
term_02fc11083dcda6c28c46,as % of the total population of post-compulsory,cluster_586194a4eb3a,agglomerative,"{""distance_threshold"": 0.35, ""linkage"": ""average""}"
term_ca2d6daa1d2a83bea94e,as % of the total population of post-compulsory school,cluster_586194a4eb3a,agglomerative,"{""distance_threshold"": 0.35, ""linkage"": ""average""}"
term_e1eb350cc06d0a62981f,as % of the total population of post-compulsory school age,cluster_586194a4eb3a,agglomerative,"{""distance_threshold"": 0.35, ""linkage"": ""average""}"
term_7c168de392caf7078752,as % of total active population,cluster_021a934ea779,agglomerative,"{""distance_threshold"": 0.35, ""linkage"": ""average""}"
term_e1602b3139cef5deb9f9,as % of total or current expenditure,cluster_fc59ce925147,agglomerative,"{""distance_threshold"": 0.35, ""linkage"": ""average""}"
term_70fbc6c91624609e107f,as % of total public expenditure,cluster_f7c5001b3c2d,agglomerative,"{""distance_threshold"": 0.35, ""linkage"": ""average""}"
term_3c5a6bbf36b0109be28b,as a share of GDP,cluster_f5e40cb5cbdd,agglomerative,"{""distance_threshold"": 0.35, ""linkage"": ""average""}"
term_b6a6222f880176b52fc4,as share of gross national income,cluster_0958acf3e7dc,agglomerative,"{""distance_threshold"": 0.35, ""linkage"": ""average""}"
term_11ef93cfd334e7bfd6b3,assistance as share of gross national income,cluster_0958acf3e7dc,agglomerative,"{""distance_threshold"": 0.35, ""linkage"": ""average""}"
term_14da17900dc7b9bf4d51,at birth by sex,cluster_8cbdd0602d88,agglomerative,"{""distance_threshold"": 0.35, ""linkage"": ""average""}"
term_f8b3b9e515f7de6e0aa7,at birth by sex - ENP-South,cluster_8cbdd0602d88,agglomerative,"{""distance_threshold"": 0.35, ""linkage"": ""average""}"
term_9bbf0abaee81e95cc7a3,at current prices,cluster_fc59ce925147,agglomerative,"{""distance_threshold"": 0.35, ""linkage"": ""average""}"
term_89970c27519dde502bd8,at market prices,cluster_50fcb6e7a7e8,agglomerative,"{""distance_threshold"": 0.35, ""linkage"": ""average""}"
term_bea25ed2f967b08b36c6,at market prices - ENP-East,cluster_50fcb6e7a7e8,agglomerative,"{""distance_threshold"": 0.35, ""linkage"": ""average""}"
term_d06a6df9ff14c211f71f,at market prices - ENP-East countries,cluster_50fcb6e7a7e8,agglomerative,"{""distance_threshold"": 0.35, ""linkage"": ""average""}"
term_84367ea39d71cffece69,at market prices - ENP-South,cluster_50fcb6e7a7e8,agglomerative,"{""distance_threshold"": 0.35, ""linkage"": ""average""}"
term_633b27d36c84ea822a49,at market prices - ENP-South countries,cluster_50fcb6e7a7e8,agglomerative,"{""distance_threshold"": 0.35, ""linkage"": ""average""}"
term_f150f3558b02ccb83c71,at primary level by sex - % of the population,cluster_586194a4eb3a,agglomerative,"{""distance_threshold"": 0.35, ""linkage"": ""average""}"
term_37bafe12d31146c9b4af,At risk-of-poverty rate for the population,cluster_a03fe115e208,agglomerative,"{""distance_threshold"": 0.35, ""linkage"": ""average""}"
term_1821856057ab1c5e53c6,At risk-of-poverty rate for the population living,cluster_a03fe115e208,agglomerative,"{""distance_threshold"": 0.35, ""linkage"": ""average""}"
term_7d126ea49697ae37320d,At risk-of-poverty rate for the population living in,cluster_a03fe115e208,agglomerative,"{""distance_threshold"": 0.35, ""linkage"": ""average""}"
term_b24eebc0b3af6b6b4aa0,At risk-of-poverty rate for the population living in (quasi-)jobless households,cluster_a03fe115e208,agglomerative,"{""distance_threshold"": 0.35, ""linkage"": ""average""}"
term_6344e0456def1c9ee015,At-risk-of poverty rate for children by citizenship of their parents (population aged 0 to 17),cluster_586194a4eb3a,agglomerative,"{""distance_threshold"": 0.35, ""linkage"": ""average""}"
term_213859f5d72fd3eaad3d,At-risk-of poverty rate for children by country of birth of their parents (population aged 0 to 17),cluster_586194a4eb3a,agglomerative,"{""distance_threshold"": 0.35, ""linkage"": ""average""}"
term_d8dc8aa82dfd036fda00,Average expenditure,cluster_f7c5001b3c2d,agglomerative,"{""distance_threshold"": 0.35, ""linkage"": ""average""}"
term_482342ee499000118c99,Average expenditure per,cluster_f7c5001b3c2d,agglomerative,"{""distance_threshold"": 0.35, ""linkage"": ""average""}"
term_1d11dca31232a36ebf76,Average expenditure per night,cluster_f7c5001b3c2d,agglomerative,"{""distance_threshold"": 0.35, ""linkage"": ""average""}"
term_06fd140352484b25e43e,Average expenditure per trip,cluster_f7c5001b3c2d,agglomerative,"{""distance_threshold"": 0.35, ""linkage"": ""average""}"
term_cd9e64db065d258b9e60,Average population,cluster_586194a4eb3a,agglomerative,"{""distance_threshold"": 0.35, ""linkage"": ""average""}"
term_a744392af0ab601f25b7,Average population (mid-year,cluster_586194a4eb3a,agglomerative,"{""distance_threshold"": 0.35, ""linkage"": ""average""}"
term_335951c32d8d2116b9f0,Average population (mid-year),cluster_586194a4eb3a,agglomerative,"{""distance_threshold"": 0.35, ""linkage"": ""average""}"
term_734ba5f287182cff72ed,Average population mid-year,cluster_586194a4eb3a,agglomerative,"{""distance_threshold"": 0.35, ""linkage"": ""average""}"
term_e7acad80846fcdd0da3a,Average population mid-year by,cluster_586194a4eb3a,agglomerative,"{""distance_threshold"": 0.35, ""linkage"": ""average""}"
term_dc9191c991ae3521dd78,Average population mid-year by sex,cluster_586194a4eb3a,agglomerative,"{""distance_threshold"": 0.35, ""linkage"": ""average""}"
term_cb19c2bf9831c12f82bc,Average population mid-year by sex and,cluster_586194a4eb3a,agglomerative,"{""distance_threshold"": 0.35, ""linkage"": ""average""}"
term_3dbd295810934c146574,Average population mid-year by sex and age,cluster_586194a4eb3a,agglomerative,"{""distance_threshold"": 0.35, ""linkage"": ""average""}"
term_424bd938c951afe537f5,Average population mid-year by sex and age group,cluster_586194a4eb3a,agglomerative,"{""distance_threshold"": 0.35, ""linkage"": ""average""}"
term_0f501f4a2588acc2b10d,Average population mid-year by sex and age group - ENP-South countries,cluster_586194a4eb3a,agglomerative,"{""distance_threshold"": 0.35, ""linkage"": ""average""}"
term_7ce9eb11c889031890e6,balance of energy products - % of GDP,cluster_f5e40cb5cbdd,agglomerative,"{""distance_threshold"": 0.35, ""linkage"": ""average""}"
term_ef85997942a81ada5b14,"balance of goods and services, current prices",cluster_fc59ce925147,agglomerative,"{""distance_threshold"": 0.35, ""linkage"": ""average""}"
term_961f12e70da8313957ee,"Barley by area, production",cluster_4c9b1b408341,agglomerative,"{""distance_threshold"": 0.35, ""linkage"": ""average""}"
term_03eabbf66ac52ab86375,"Barley by area, production and",cluster_4c9b1b408341,agglomerative,"{""distance_threshold"": 0.35, ""linkage"": ""average""}"
term_b82538563afbccd385b6,"Barley by area, production and humidity",cluster_4c9b1b408341,agglomerative,"{""distance_threshold"": 0.35, ""linkage"": ""average""}"
term_b90af556331316163672,basic and producer prices,cluster_50fcb6e7a7e8,agglomerative,"{""distance_threshold"": 0.35, ""linkage"": ""average""}"
term_a4b0294beb1156f99fd6,bills by income,cluster_0958acf3e7dc,agglomerative,"{""distance_threshold"": 0.35, ""linkage"": ""average""}"
term_ff0c5fa1c1d83883a16f,bills by income quintile,cluster_0958acf3e7dc,agglomerative,"{""distance_threshold"": 0.35, ""linkage"": ""average""}"
term_4b2692eb9dd1c49af8c8,birth by sex,cluster_8cbdd0602d88,agglomerative,"{""distance_threshold"": 0.35, ""linkage"": ""average""}"
term_5cc69fbd9374b139865c,births and crude,cluster_6186e87388cd,agglomerative,"{""distance_threshold"": 0.35, ""linkage"": ""average""}"
term_eb784d064d37cf01cdbe,births and crude birth,cluster_6186e87388cd,agglomerative,"{""distance_threshold"": 0.35, ""linkage"": ""average""}"
term_61cf73a08174bde596f1,births and crude birth rate,cluster_6186e87388cd,agglomerative,"{""distance_threshold"": 0.35, ""linkage"": ""average""}"
term_ebd05d2138387544fcfa,bottom 40 % of the population,cluster_32528f9d8077,agglomerative,"{""distance_threshold"": 0.35, ""linkage"": ""average""}"
term_2d69baedc15824c81811,Buses and coaches traffic performance registered in the by transport covarage,cluster_f2d7baeb95d9,agglomerative,"{""distance_threshold"": 0.35, ""linkage"": ""average""}"
term_95255d0bb2750decf162,Business Enterprise R&D Expenditures,cluster_ad295f715ee2,agglomerative,"{""distance_threshold"": 0.35, ""linkage"": ""average""}"
term_709e95f528ce7556670d,Business Enterprise R&D Expenditures in,cluster_ad295f715ee2,agglomerative,"{""distance_threshold"": 0.35, ""linkage"": ""average""}"
term_7e39a23bd695ff9ad778,Business Enterprise R&D Expenditures in Foreign,cluster_ad295f715ee2,agglomerative,"{""distance_threshold"": 0.35, ""linkage"": ""average""}"
term_5b7cccd693a19f071f85,Business Enterprise R&D Expenditures in Foreign Controlled,cluster_ad295f715ee2,agglomerative,"{""distance_threshold"": 0.35, ""linkage"": ""average""}"
term_82d17684790d72ff3cc4,"by a domestic perpetrator, by country of birth",cluster_8cbdd0602d88,agglomerative,"{""distance_threshold"": 0.35, ""linkage"": ""average""}"
term_f01657ece70c710624ed,"by a non-partner, by country of birth",cluster_8cbdd0602d88,agglomerative,"{""distance_threshold"": 0.35, ""linkage"": ""average""}"
term_763f7bd6eacb5582c262,by age group - % over the population,cluster_586194a4eb3a,agglomerative,"{""distance_threshold"": 0.35, ""linkage"": ""average""}"
term_97b5226df2d44d0401b5,by age group - % over the population of,cluster_586194a4eb3a,agglomerative,"{""distance_threshold"": 0.35, ""linkage"": ""average""}"
term_b51e1c0a73fabb1aa41a,by age group - % over the population of each,cluster_586194a4eb3a,agglomerative,"{""distance_threshold"": 0.35, ""linkage"": ""average""}"
term_d3409d2b562630d17f4a,by agricultural area,cluster_b2b3f012d4f5,agglomerative,"{""distance_threshold"": 0.35, ""linkage"": ""average""}"
term_23ca095ae324fcbba4aa,"by an intimate partner, by country of birth",cluster_8cbdd0602d88,agglomerative,"{""distance_threshold"": 0.35, ""linkage"": ""average""}"
term_a41382634f430d9aa8c9,"by any perpetrator, by country of birth",cluster_8cbdd0602d88,agglomerative,"{""distance_threshold"": 0.35, ""linkage"": ""average""}"
term_add4e147786865bf0147,"by area, production",cluster_4c9b1b408341,agglomerative,"{""distance_threshold"": 0.35, ""linkage"": ""average""}"
term_0acc44c2918975be7253,"by area, production and",cluster_4c9b1b408341,agglomerative,"{""distance_threshold"": 0.35, ""linkage"": ""average""}"
term_954c4f2a680701fad455,"by area, production and humidity",cluster_4c9b1b408341,agglomerative,"{""distance_threshold"": 0.35, ""linkage"": ""average""}"
term_a10c240d8d7a49ca6e86,by client specialisation and employment,cluster_e7477d78f08b,agglomerative,"{""distance_threshold"": 0.35, ""linkage"": ""average""}"
term_b0b56c2a509a40efb5c3,by client specialisation and employment size,cluster_e7477d78f08b,agglomerative,"{""distance_threshold"": 0.35, ""linkage"": ""average""}"
term_42ea5c02ae87173d6733,by client specialisation and employment size class,cluster_e7477d78f08b,agglomerative,"{""distance_threshold"": 0.35, ""linkage"": ""average""}"
term_dba1e1df9f5300aaaaa5,by country of birth,cluster_8cbdd0602d88,agglomerative,"{""distance_threshold"": 0.35, ""linkage"": ""average""}"
term_b4e783142dc7c1fcd9e7,by degree of urbanisation (population,cluster_021a934ea779,agglomerative,"{""distance_threshold"": 0.35, ""linkage"": ""average""}"
term_07cf189d18fd3c73b997,by degree of urbanisation (population aged,cluster_021a934ea779,agglomerative,"{""distance_threshold"": 0.35, ""linkage"": ""average""}"
term_069045fe70e633c57f6c,by degree of urbanisation (population aged 0,cluster_021a934ea779,agglomerative,"{""distance_threshold"": 0.35, ""linkage"": ""average""}"
term_3dffb9ffe28ab1f05e9b,by degree of urbanisation (population aged 0 to,cluster_021a934ea779,agglomerative,"{""distance_threshold"": 0.35, ""linkage"": ""average""}"
term_1223160782e92024e9a8,by degree of urbanisation - total population,cluster_021a934ea779,agglomerative,"{""distance_threshold"": 0.35, ""linkage"": ""average""}"
term_f140bceea15bf0d80cbe,by education level - as % of total public expenditure,cluster_f7c5001b3c2d,agglomerative,"{""distance_threshold"": 0.35, ""linkage"": ""average""}"
term_ff444c9960684990a6a0,by educational attainment level (population,cluster_58c47e3d47ef,agglomerative,"{""distance_threshold"": 0.35, ""linkage"": ""average""}"
term_e64a4d2b78ff3fe6f2a3,by educational attainment level (population aged,cluster_58c47e3d47ef,agglomerative,"{""distance_threshold"": 0.35, ""linkage"": ""average""}"
term_58ab2df733fb1aa9dee2,by educational attainment level (population aged 18,cluster_58c47e3d47ef,agglomerative,"{""distance_threshold"": 0.35, ""linkage"": ""average""}"
term_f8885f5fcc5a3a9ea1b4,by educational attainment level (population aged 18 and,cluster_58c47e3d47ef,agglomerative,"{""distance_threshold"": 0.35, ""linkage"": ""average""}"
term_949f78d02c010af08890,by income quintile,cluster_0958acf3e7dc,agglomerative,"{""distance_threshold"": 0.35, ""linkage"": ""average""}"
term_c511a61497dbe5b11b07,by NACE Rev. 1.1 activity and employment,cluster_717245bdba31,agglomerative,"{""distance_threshold"": 0.35, ""linkage"": ""average""}"
term_ac0669181f54e2b2c72e,by nationality of client and employment,cluster_e7477d78f08b,agglomerative,"{""distance_threshold"": 0.35, ""linkage"": ""average""}"
term_5829a54521da71fa55ed,by nationality of client and employment size,cluster_e7477d78f08b,agglomerative,"{""distance_threshold"": 0.35, ""linkage"": ""average""}"
term_b1381b7edd411f9a4383,by nationality of client and employment size class,cluster_e7477d78f08b,agglomerative,"{""distance_threshold"": 0.35, ""linkage"": ""average""}"
term_e4c5ba5f325eeea062b0,by NUTS 2 region (population,cluster_95df7df16168,agglomerative,"{""distance_threshold"": 0.35, ""linkage"": ""average""}"
term_56acb1384b4141696a73,by NUTS 2 region (population aged,cluster_95df7df16168,agglomerative,"{""distance_threshold"": 0.35, ""linkage"": ""average""}"
term_f9e38a525afe8eb040ce,by NUTS 2 region (population aged 0,cluster_95df7df16168,agglomerative,"{""distance_threshold"": 0.35, ""linkage"": ""average""}"
term_c20101ef4aa0edde2af7,by NUTS 2 region (population aged 0 to,cluster_95df7df16168,agglomerative,"{""distance_threshold"": 0.35, ""linkage"": ""average""}"
term_e62c28400de6861b2a31,by NUTS 2 region - % of the population,cluster_95df7df16168,agglomerative,"{""distance_threshold"": 0.35, ""linkage"": ""average""}"
term_2a558b6aa76e97b6b377,by NUTS 2 region - % of the population of,cluster_95df7df16168,agglomerative,"{""distance_threshold"": 0.35, ""linkage"": ""average""}"
term_6e2fabbedac9935843e2,by product specialisation and employment,cluster_e7477d78f08b,agglomerative,"{""distance_threshold"": 0.35, ""linkage"": ""average""}"
term_757e2fcce47dd17c2dac,by product specialisation and employment size,cluster_e7477d78f08b,agglomerative,"{""distance_threshold"": 0.35, ""linkage"": ""average""}"
term_cf6c761fd27efebcbbb9,by product specialisation and employment size class,cluster_e7477d78f08b,agglomerative,"{""distance_threshold"": 0.35, ""linkage"": ""average""}"
term_e8b26b4552e94a16d377,by product specialisation and employment size class for,cluster_e7477d78f08b,agglomerative,"{""distance_threshold"": 0.35, ""linkage"": ""average""}"
term_f5d3c42c0a47ac00a7bb,by reasons for cross trade and employment,cluster_e7477d78f08b,agglomerative,"{""distance_threshold"": 0.35, ""linkage"": ""average""}"
term_657482960094b2fc28ec,by reasons for cross trade and employment size,cluster_e7477d78f08b,agglomerative,"{""distance_threshold"": 0.35, ""linkage"": ""average""}"
term_78c72766dca808eeb419,"by sectors, consolidated - % of GDP",cluster_f5e40cb5cbdd,agglomerative,"{""distance_threshold"": 0.35, ""linkage"": ""average""}"
term_1a6236506e4fb41d5a69,"by sectors, non-consolidated - % of GDP",cluster_f5e40cb5cbdd,agglomerative,"{""distance_threshold"": 0.35, ""linkage"": ""average""}"
term_f67b395b3ad9ec756a3d,by sex - % of the population,cluster_586194a4eb3a,agglomerative,"{""distance_threshold"": 0.35, ""linkage"": ""average""}"
term_2deb8629c857b8317df9,by sex - % of the population of,cluster_586194a4eb3a,agglomerative,"{""distance_threshold"": 0.35, ""linkage"": ""average""}"
term_c90eb0d79f1987f4ac9e,by sex - % of the population of the,cluster_586194a4eb3a,agglomerative,"{""distance_threshold"": 0.35, ""linkage"": ""average""}"
term_0dfc4cab6eebebe5d1bd,by sex - % of the population of the corresponding,cluster_586194a4eb3a,agglomerative,"{""distance_threshold"": 0.35, ""linkage"": ""average""}"
term_20802c1277dd0fb7b5f3,by sex - as % of the population,cluster_586194a4eb3a,agglomerative,"{""distance_threshold"": 0.35, ""linkage"": ""average""}"
term_21faebd7a2a6939d66d1,by sex - as % of the population of,cluster_586194a4eb3a,agglomerative,"{""distance_threshold"": 0.35, ""linkage"": ""average""}"
term_81c3d47e62cb415bccb1,by sex - as % of the population of the,cluster_586194a4eb3a,agglomerative,"{""distance_threshold"": 0.35, ""linkage"": ""average""}"
term_395705f8b3059878ecfe,by sex - per 1000 of population,cluster_586194a4eb3a,agglomerative,"{""distance_threshold"": 0.35, ""linkage"": ""average""}"
term_c5eee564792fe6d9deaa,by sex - per 1000 of population aged,cluster_586194a4eb3a,agglomerative,"{""distance_threshold"": 0.35, ""linkage"": ""average""}"
term_c669cced60e760a710a7,by sex - per 1000 of population aged 25-34,cluster_586194a4eb3a,agglomerative,"{""distance_threshold"": 0.35, ""linkage"": ""average""}"
term_c72a1438d424812da545,by sex and country of birth,cluster_8cbdd0602d88,agglomerative,"{""distance_threshold"": 0.35, ""linkage"": ""average""}"
term_d3ea27d60e30f616a7b5,by sex and group of country of birth,cluster_8cbdd0602d88,agglomerative,"{""distance_threshold"": 0.35, ""linkage"": ""average""}"
term_29806cc4cbf1e0da1f6f,by share of platform income,cluster_d80ae2c2c145,agglomerative,"{""distance_threshold"": 0.35, ""linkage"": ""average""}"
term_b389588d33164349c1bd,by share of platform income in,cluster_d80ae2c2c145,agglomerative,"{""distance_threshold"": 0.35, ""linkage"": ""average""}"
term_9a77ae937049386378ec,by share of platform income in their,cluster_d80ae2c2c145,agglomerative,"{""distance_threshold"": 0.35, ""linkage"": ""average""}"
term_d88aa8d6734fc169e08a,by share of platform income in their earnings,cluster_d80ae2c2c145,agglomerative,"{""distance_threshold"": 0.35, ""linkage"": ""average""}"
term_91e2dcb51caa1f8eb750,by tenure status - total population,cluster_021a934ea779,agglomerative,"{""distance_threshold"": 0.35, ""linkage"": ""average""}"
term_4ce7e26b9e4a2c315e00,by type of client and employment,cluster_e7477d78f08b,agglomerative,"{""distance_threshold"": 0.35, ""linkage"": ""average""}"
term_a5cfaa0374fd1c45db71,by type of client and employment size,cluster_e7477d78f08b,agglomerative,"{""distance_threshold"": 0.35, ""linkage"": ""average""}"
term_3623cf85d091229a9af7,by type of client and employment size class,cluster_e7477d78f08b,agglomerative,"{""distance_threshold"": 0.35, ""linkage"": ""average""}"
term_e1a07f7b8eee95f62237,by type of cross trade and employment,cluster_e7477d78f08b,agglomerative,"{""distance_threshold"": 0.35, ""linkage"": ""average""}"
term_59e2db63f4e22f66bc35,by type of cross trade and employment size,cluster_e7477d78f08b,agglomerative,"{""distance_threshold"": 0.35, ""linkage"": ""average""}"
term_de27a71350ee4861f2ee,capital formation at current prices,cluster_fc59ce925147,agglomerative,"{""distance_threshold"": 0.35, ""linkage"": ""average""}"
term_6ec2da1ca642a8b1e6a5,"capital formation, current prices",cluster_fc59ce925147,agglomerative,"{""distance_threshold"": 0.35, ""linkage"": ""average""}"
term_3cda127efbd6209a6c61,care expenditure,cluster_f7c5001b3c2d,agglomerative,"{""distance_threshold"": 0.35, ""linkage"": ""average""}"
term_0729531a537c1198f08d,care expenditure - % of,cluster_f7c5001b3c2d,agglomerative,"{""distance_threshold"": 0.35, ""linkage"": ""average""}"
term_962d4d240ee066c6a49c,care expenditure - % of GDP,cluster_f7c5001b3c2d,agglomerative,"{""distance_threshold"": 0.35, ""linkage"": ""average""}"
term_2ec911dfa0f727b2f462,care expenditure - % of GDP - ENP-East,cluster_f7c5001b3c2d,agglomerative,"{""distance_threshold"": 0.35, ""linkage"": ""average""}"
term_e2ae88398e17dac4fe19,care expenditure - % of GDP - ENP-East countries,cluster_f7c5001b3c2d,agglomerative,"{""distance_threshold"": 0.35, ""linkage"": ""average""}"
term_318cf2b1f91f6cc6d9ec,Carrying capacity of the waterway transport enterprises vessels by number of vessels in enterprises,cluster_e7477d78f08b,agglomerative,"{""distance_threshold"": 0.35, ""linkage"": ""average""}"
term_64e9ca9ce0487e5a0ce8,carrying out cross trade by employment,cluster_e7477d78f08b,agglomerative,"{""distance_threshold"": 0.35, ""linkage"": ""average""}"
term_a33e4700b8a1830e81d0,carrying out cross trade by employment size,cluster_e7477d78f08b,agglomerative,"{""distance_threshold"": 0.35, ""linkage"": ""average""}"
term_c44f7dd64d3b3173f075,carrying out cross trade by employment size class,cluster_e7477d78f08b,agglomerative,"{""distance_threshold"": 0.35, ""linkage"": ""average""}"
term_11e189bb87a0f042156d,Causes of death - potential,cluster_93d52bc87457,agglomerative,"{""distance_threshold"": 0.35, ""linkage"": ""average""}"
term_d9e577d85ea685f79074,Causes of death - potential years,cluster_93d52bc87457,agglomerative,"{""distance_threshold"": 0.35, ""linkage"": ""average""}"
term_835a3f4237f0d96ce75f,Causes of death - potential years of,cluster_93d52bc87457,agglomerative,"{""distance_threshold"": 0.35, ""linkage"": ""average""}"
term_03247856627f98447dc3,Causes of death - potential years of life,cluster_93d52bc87457,agglomerative,"{""distance_threshold"": 0.35, ""linkage"": ""average""}"
term_8b3beaae90e71b9b7e26,Causes of death - potential years of life lost,cluster_93d52bc87457,agglomerative,"{""distance_threshold"": 0.35, ""linkage"": ""average""}"
term_962076671ba1710ec9cd,Causes of death - potential years of life lost by country of residence,cluster_93d52bc87457,agglomerative,"{""distance_threshold"": 0.35, ""linkage"": ""average""}"
term_0e6f03e9751df9a26cbc,"Causes of death, by",cluster_93d52bc87457,agglomerative,"{""distance_threshold"": 0.35, ""linkage"": ""average""}"
term_3456ee1ef3a4b5d3e160,"Causes of death, by sex",cluster_93d52bc87457,agglomerative,"{""distance_threshold"": 0.35, ""linkage"": ""average""}"
term_fc0d44f62fc47b60be35,"cereal mixtures by area, production",cluster_4c9b1b408341,agglomerative,"{""distance_threshold"": 0.35, ""linkage"": ""average""}"
term_efa59d320714907e4365,Cereals for the production,cluster_4c9b1b408341,agglomerative,"{""distance_threshold"": 0.35, ""linkage"": ""average""}"
term_4c5a3093b5a9fde3fa11,Cereals for the production of,cluster_4c9b1b408341,agglomerative,"{""distance_threshold"": 0.35, ""linkage"": ""average""}"
term_9ec782beb001a2c4ff53,Cereals for the production of grain,cluster_4c9b1b408341,agglomerative,"{""distance_threshold"": 0.35, ""linkage"": ""average""}"
term_259cd1f4db8e39d82ab5,Cereals for the production of grain (including,cluster_4c9b1b408341,agglomerative,"{""distance_threshold"": 0.35, ""linkage"": ""average""}"
term_09d41c671c159aaa69c8,Cereals for the production of grain (including seed,cluster_4c9b1b408341,agglomerative,"{""distance_threshold"": 0.35, ""linkage"": ""average""}"
term_21acbc3991aad168be3f,"Cereals for the production of grain (including seed) by area, production and humidity",cluster_4c9b1b408341,agglomerative,"{""distance_threshold"": 0.35, ""linkage"": ""average""}"
term_f0b7359898772ad59141,change of value added,cluster_52d12036582f,agglomerative,"{""distance_threshold"": 0.35, ""linkage"": ""average""}"
term_0397c7bbb7223aacf2f9,change of value added by,cluster_52d12036582f,agglomerative,"{""distance_threshold"": 0.35, ""linkage"": ""average""}"
term_bf161879982719e7166e,change of value added by ICT,cluster_52d12036582f,agglomerative,"{""distance_threshold"": 0.35, ""linkage"": ""average""}"
term_1e67fe2099e09b679b71,change of value added by ICT sector,cluster_52d12036582f,agglomerative,"{""distance_threshold"": 0.35, ""linkage"": ""average""}"
term_cf11dafa687fe6f15d7a,change of value added by ICT sector at,cluster_52d12036582f,agglomerative,"{""distance_threshold"": 0.35, ""linkage"": ""average""}"
term_bddb535218bdd2ecee0c,Children cared only by their parents by age group - % over the population of each age group,cluster_586194a4eb3a,agglomerative,"{""distance_threshold"": 0.35, ""linkage"": ""average""}"
term_8fa5a4c35cfb38394961,"Classroom teachers working full-time and part-time in primary, lower-secondary and upper-secondary education - as % of total active population",cluster_586194a4eb3a,agglomerative,"{""distance_threshold"": 0.35, ""linkage"": ""average""}"
term_6f6598d6a5c6b5306e14,client and employment size class,cluster_e7477d78f08b,agglomerative,"{""distance_threshold"": 0.35, ""linkage"": ""average""}"
term_7a363ff18d77d79e0ad4,client specialisation and employment,cluster_e7477d78f08b,agglomerative,"{""distance_threshold"": 0.35, ""linkage"": ""average""}"
term_9318c4515d7c954fce10,client specialisation and employment size,cluster_e7477d78f08b,agglomerative,"{""distance_threshold"": 0.35, ""linkage"": ""average""}"
term_fe10b1ae59a6ea76f811,client specialisation and employment size class,cluster_e7477d78f08b,agglomerative,"{""distance_threshold"": 0.35, ""linkage"": ""average""}"
term_8a77c4bca59bc950ffce,coefficient of equivalised disposable income,cluster_0958acf3e7dc,agglomerative,"{""distance_threshold"": 0.35, ""linkage"": ""average""}"
term_51213db9c5c598a1835b,coefficient of equivalised disposable income before,cluster_0958acf3e7dc,agglomerative,"{""distance_threshold"": 0.35, ""linkage"": ""average""}"
term_a6b5a0759e6a928040cc,coefficient of equivalised disposable income before social,cluster_0958acf3e7dc,agglomerative,"{""distance_threshold"": 0.35, ""linkage"": ""average""}"
term_750ac1f494c6486e16a6,coefficient of equivalised disposable income before social transfers,cluster_0958acf3e7dc,agglomerative,"{""distance_threshold"": 0.35, ""linkage"": ""average""}"
term_0a89a9b368c55fbdaf2d,coefficient of equivalised disposable income by,cluster_0958acf3e7dc,agglomerative,"{""distance_threshold"": 0.35, ""linkage"": ""average""}"
term_e1f4c2cc1d9fef892e99,coefficient of equivalised disposable income by age,cluster_0958acf3e7dc,agglomerative,"{""distance_threshold"": 0.35, ""linkage"": ""average""}"
term_dc8cc71c03a1161398db,coefficient on household population,cluster_021a934ea779,agglomerative,"{""distance_threshold"": 0.35, ""linkage"": ""average""}"
term_1da9fc59311a552a9ac2,coefficient on household population - experimental,cluster_021a934ea779,agglomerative,"{""distance_threshold"": 0.35, ""linkage"": ""average""}"
term_965f2c8eb46896c53862,coefficient on household population - experimental statistics,cluster_021a934ea779,agglomerative,"{""distance_threshold"": 0.35, ""linkage"": ""average""}"
term_2d201a185e557632decc,consolidated - % GDP,cluster_f5e40cb5cbdd,agglomerative,"{""distance_threshold"": 0.35, ""linkage"": ""average""}"
term_b0f9a7c24e7e9ee0a247,consolidated - % of GDP,cluster_f5e40cb5cbdd,agglomerative,"{""distance_threshold"": 0.35, ""linkage"": ""average""}"
term_db300a6229990f4e5c99,"construction - annual data, % of GDP",cluster_f5e40cb5cbdd,agglomerative,"{""distance_threshold"": 0.35, ""linkage"": ""average""}"
term_270c5bbc922dd0e0fc6b,construction production,cluster_33ddf438eacf,agglomerative,"{""distance_threshold"": 0.35, ""linkage"": ""average""}"
term_23ab25c3317e2995b56e,"construction, by sex - per 1000 of population",cluster_586194a4eb3a,agglomerative,"{""distance_threshold"": 0.35, ""linkage"": ""average""}"
term_eac9a42136b5dce20aea,"construction, by sex - per 1000 of population aged",cluster_586194a4eb3a,agglomerative,"{""distance_threshold"": 0.35, ""linkage"": ""average""}"
term_3c7c1c1b5bc05c5aa31c,Consumer price,cluster_50fcb6e7a7e8,agglomerative,"{""distance_threshold"": 0.35, ""linkage"": ""average""}"
term_eacb2216fe4997adf92e,Consumer price index,cluster_50fcb6e7a7e8,agglomerative,"{""distance_threshold"": 0.35, ""linkage"": ""average""}"
term_9ca62c80360c4ee1a6ad,Consumer price index - ENP-East,cluster_50fcb6e7a7e8,agglomerative,"{""distance_threshold"": 0.35, ""linkage"": ""average""}"
term_5574a85a609e8966b428,Consumer price index - ENP-East countries,cluster_50fcb6e7a7e8,agglomerative,"{""distance_threshold"": 0.35, ""linkage"": ""average""}"
term_4757f80434857b5bf240,Consumer price index - ENP-South,cluster_50fcb6e7a7e8,agglomerative,"{""distance_threshold"": 0.35, ""linkage"": ""average""}"
term_a1ec4c2cbf84309933ed,Consumer price index - ENP-South countries,cluster_50fcb6e7a7e8,agglomerative,"{""distance_threshold"": 0.35, ""linkage"": ""average""}"
term_8a49ac78989e673f0a58,consumption expenditure,cluster_f7c5001b3c2d,agglomerative,"{""distance_threshold"": 0.35, ""linkage"": ""average""}"
term_bd56746b1b6c6609a60e,consumption expenditure by,cluster_f7c5001b3c2d,agglomerative,"{""distance_threshold"": 0.35, ""linkage"": ""average""}"
term_a6bd8d7b14b632e23eb5,consumption expenditure by number,cluster_f7c5001b3c2d,agglomerative,"{""distance_threshold"": 0.35, ""linkage"": ""average""}"
term_e45af84c8ef8d84ed016,consumption expenditure by number of,cluster_f7c5001b3c2d,agglomerative,"{""distance_threshold"": 0.35, ""linkage"": ""average""}"
term_e331fe30a47f867df999,consumption expenditure by number of active,cluster_f7c5001b3c2d,agglomerative,"{""distance_threshold"": 0.35, ""linkage"": ""average""}"
term_e13b702096d60a1b0e46,consumption expenditure by number of active persons,cluster_f7c5001b3c2d,agglomerative,"{""distance_threshold"": 0.35, ""linkage"": ""average""}"
term_a59496d54703b07080d4,consumption expenditure of,cluster_f7c5001b3c2d,agglomerative,"{""distance_threshold"": 0.35, ""linkage"": ""average""}"
term_ad2dfae1c5a4e506b684,consumption expenditure of general,cluster_f7c5001b3c2d,agglomerative,"{""distance_threshold"": 0.35, ""linkage"": ""average""}"
term_7dc31938b91344f421c5,consumption expenditure of general government,cluster_f7c5001b3c2d,agglomerative,"{""distance_threshold"": 0.35, ""linkage"": ""average""}"
term_0d1bf925c2c0d9af058e,consumption expenditure of households,cluster_f7c5001b3c2d,agglomerative,"{""distance_threshold"": 0.35, ""linkage"": ""average""}"
term_0425ca3ee69cc67b4b25,consumption expenditure of households and,cluster_f7c5001b3c2d,agglomerative,"{""distance_threshold"": 0.35, ""linkage"": ""average""}"
term_7dafb3d232550d12966b,consumption expenditure of households and non-profit,cluster_f7c5001b3c2d,agglomerative,"{""distance_threshold"": 0.35, ""linkage"": ""average""}"
term_170b665acb71b4689ac3,consumption expenditure of households and non-profit institutions,cluster_f7c5001b3c2d,agglomerative,"{""distance_threshold"": 0.35, ""linkage"": ""average""}"
term_592d465ba3b6fd25fdc2,consumption expenditure of households and NPISH,cluster_f7c5001b3c2d,agglomerative,"{""distance_threshold"": 0.35, ""linkage"": ""average""}"
term_145c39b1be8ad8b2ed32,"consumption expenditure of households and NPISH, volumes",cluster_f7c5001b3c2d,agglomerative,"{""distance_threshold"": 0.35, ""linkage"": ""average""}"
term_0b9a48e80805575abeb7,consumption expenditure of private,cluster_f7c5001b3c2d,agglomerative,"{""distance_threshold"": 0.35, ""linkage"": ""average""}"
term_1368a4d264e92ca6cb85,consumption expenditure of private households,cluster_f7c5001b3c2d,agglomerative,"{""distance_threshold"": 0.35, ""linkage"": ""average""}"
term_bd2df3824e090dd571c9,consumption expenditure of private households on,cluster_f7c5001b3c2d,agglomerative,"{""distance_threshold"": 0.35, ""linkage"": ""average""}"
term_2dcc482edd4ed63d34bd,consumption expenditure per,cluster_f7c5001b3c2d,agglomerative,"{""distance_threshold"": 0.35, ""linkage"": ""average""}"
term_c93d7e5ae3c4509174a4,consumption expenditure per household,cluster_f7c5001b3c2d,agglomerative,"{""distance_threshold"": 0.35, ""linkage"": ""average""}"
term_e4d1cb3b427ae90db05b,consumption expenditure per household and,cluster_f7c5001b3c2d,agglomerative,"{""distance_threshold"": 0.35, ""linkage"": ""average""}"
term_423ed62118243034971d,consumption expenditure per household and per,cluster_f7c5001b3c2d,agglomerative,"{""distance_threshold"": 0.35, ""linkage"": ""average""}"
term_e1aeff91a58f69d0540a,"consumption expenditure, current",cluster_fc59ce925147,agglomerative,"{""distance_threshold"": 0.35, ""linkage"": ""average""}"
term_72aefcf4e7763ff49b19,"consumption expenditure, current prices",cluster_fc59ce925147,agglomerative,"{""distance_threshold"": 0.35, ""linkage"": ""average""}"
term_ac2baeb4fb269c88b620,"consumption expenditure, volumes",cluster_f7c5001b3c2d,agglomerative,"{""distance_threshold"": 0.35, ""linkage"": ""average""}"
term_6150cd2caa8f4a04c46e,Container transport by type of goods and coverage,cluster_b9a3b7632ab8,agglomerative,"{""distance_threshold"": 0.35, ""linkage"": ""average""}"
term_99c485de20d52c08d9cd,"corporations debt, consolidated - % of GDP",cluster_f5e40cb5cbdd,agglomerative,"{""distance_threshold"": 0.35, ""linkage"": ""average""}"
term_9bcef97cf3810bf6937c,corresponding age population,cluster_586194a4eb3a,agglomerative,"{""distance_threshold"": 0.35, ""linkage"": ""average""}"
term_a815c3e3b236c282b21d,cost overburden rate by income,cluster_0958acf3e7dc,agglomerative,"{""distance_threshold"": 0.35, ""linkage"": ""average""}"
term_0899072c365bb7f8aee5,cost overburden rate by income quintile,cluster_0958acf3e7dc,agglomerative,"{""distance_threshold"": 0.35, ""linkage"": ""average""}"
term_04130facab3ac9c141f0,cost overburden rate by income quintile - EU-SILC,cluster_0958acf3e7dc,agglomerative,"{""distance_threshold"": 0.35, ""linkage"": ""average""}"
term_28d6a1798cad4829b032,cost overburden rate by income quintile - EU-SILC survey,cluster_0958acf3e7dc,agglomerative,"{""distance_threshold"": 0.35, ""linkage"": ""average""}"
term_027275b4917a775d06d1,Country level - gross weight of goods transported to/from main ports,cluster_b9a3b7632ab8,agglomerative,"{""distance_threshold"": 0.35, ""linkage"": ""average""}"
term_36dc88e62518e6bc73fc,country of birth,cluster_8cbdd0602d88,agglomerative,"{""distance_threshold"": 0.35, ""linkage"": ""average""}"
term_0677bb2e79a9e64b7f62,"credit flow, consolidated - % GDP",cluster_f5e40cb5cbdd,agglomerative,"{""distance_threshold"": 0.35, ""linkage"": ""average""}"
term_f76d6e5998234412fe60,"credit flow: loans by sectors, consolidated - % of GDP",cluster_f5e40cb5cbdd,agglomerative,"{""distance_threshold"": 0.35, ""linkage"": ""average""}"
term_958e2affcec9a83f6e23,"credit flow: loans by sectors, non-consolidated - % of GDP",cluster_f5e40cb5cbdd,agglomerative,"{""distance_threshold"": 0.35, ""linkage"": ""average""}"
term_ff95d02ba7eef7d87692,Crimes recorded,cluster_05dbb63e968d,agglomerative,"{""distance_threshold"": 0.35, ""linkage"": ""average""}"
term_451248dfc8f1e4681a7b,Crimes recorded by,cluster_05dbb63e968d,agglomerative,"{""distance_threshold"": 0.35, ""linkage"": ""average""}"
term_e6c95aace388b59070dc,Crimes recorded by the,cluster_05dbb63e968d,agglomerative,"{""distance_threshold"": 0.35, ""linkage"": ""average""}"
term_e2153be935470aa4e814,Crimes recorded by the police - homicide,cluster_05dbb63e968d,agglomerative,"{""distance_threshold"": 0.35, ""linkage"": ""average""}"
term_4eaa546f4f33c2d1b158,Crimes recorded by the police - homicide in,cluster_05dbb63e968d,agglomerative,"{""distance_threshold"": 0.35, ""linkage"": ""average""}"
term_ac49c8d4bf9ebe2ab58f,Crimes recorded by the police - homicide in cities,cluster_05dbb63e968d,agglomerative,"{""distance_threshold"": 0.35, ""linkage"": ""average""}"
term_112b7bcba889c2543790,Crop output - basic and producer prices,cluster_50fcb6e7a7e8,agglomerative,"{""distance_threshold"": 0.35, ""linkage"": ""average""}"
term_b95618506246a0d840b9,Crop production - ENP-East,cluster_4c9b1b408341,agglomerative,"{""distance_threshold"": 0.35, ""linkage"": ""average""}"
term_484236517c42f3ecd18f,Crop production - ENP-East countries,cluster_4c9b1b408341,agglomerative,"{""distance_threshold"": 0.35, ""linkage"": ""average""}"
term_31d760a4e52bb99df2a9,Crop production - ENP-South,cluster_4c9b1b408341,agglomerative,"{""distance_threshold"": 0.35, ""linkage"": ""average""}"
term_e9ef238b028627dd77c4,Crop production - ENP-South countries,cluster_4c9b1b408341,agglomerative,"{""distance_threshold"": 0.35, ""linkage"": ""average""}"
term_328899e6cf00930bc556,crops for the production,cluster_4c9b1b408341,agglomerative,"{""distance_threshold"": 0.35, ""linkage"": ""average""}"
term_f634a70c0d1d81e308e5,cross trade and employment,cluster_e7477d78f08b,agglomerative,"{""distance_threshold"": 0.35, ""linkage"": ""average""}"
term_c503c5c1c251c1e012f2,cross trade and employment size,cluster_e7477d78f08b,agglomerative,"{""distance_threshold"": 0.35, ""linkage"": ""average""}"
term_f8b1f7c446f8c97e0f9c,cross trade and employment size class,cluster_e7477d78f08b,agglomerative,"{""distance_threshold"": 0.35, ""linkage"": ""average""}"
term_02411c24f4072e86693d,cross trade by employment,cluster_e7477d78f08b,agglomerative,"{""distance_threshold"": 0.35, ""linkage"": ""average""}"
term_a2d92e1fa35a6ad48e01,cross trade by employment size,cluster_e7477d78f08b,agglomerative,"{""distance_threshold"": 0.35, ""linkage"": ""average""}"
term_92bb49f8030860b8b88d,crude birth,cluster_6186e87388cd,agglomerative,"{""distance_threshold"": 0.35, ""linkage"": ""average""}"
term_6b1501fb5f98b191bfa7,crude death,cluster_6186e87388cd,agglomerative,"{""distance_threshold"": 0.35, ""linkage"": ""average""}"
term_61c27373016830223861,Crude rate of birth,cluster_6186e87388cd,agglomerative,"{""distance_threshold"": 0.35, ""linkage"": ""average""}"
term_35bb6dc06f2044992d78,"Crude rate of birth, of",cluster_6186e87388cd,agglomerative,"{""distance_threshold"": 0.35, ""linkage"": ""average""}"
term_dd45493c816afd7146e0,"Crude rate of birth, of dead",cluster_6186e87388cd,agglomerative,"{""distance_threshold"": 0.35, ""linkage"": ""average""}"
term_43209a68bc2beef36d3c,"Crude rate of birth, of dead and",cluster_6186e87388cd,agglomerative,"{""distance_threshold"": 0.35, ""linkage"": ""average""}"
term_c94874a1f6f3b9ae4cf3,"Crude rate of birth, of dead and of",cluster_6186e87388cd,agglomerative,"{""distance_threshold"": 0.35, ""linkage"": ""average""}"
term_99e1529e4e89f9c36b6e,"Crude rate of birth, of dead and of population change",cluster_6186e87388cd,agglomerative,"{""distance_threshold"": 0.35, ""linkage"": ""average""}"
term_0aaad1fb739644538df7,"Crude rate of birth, of dead and of population change - ENP-South countries",cluster_6186e87388cd,agglomerative,"{""distance_threshold"": 0.35, ""linkage"": ""average""}"
term_89706422fa37fcd1901f,Cultural employment,cluster_be31239b58e7,agglomerative,"{""distance_threshold"": 0.35, ""linkage"": ""average""}"
term_48a7de420819ab629559,Cultural employment by,cluster_be31239b58e7,agglomerative,"{""distance_threshold"": 0.35, ""linkage"": ""average""}"
term_1e90b7c1d9857b0b43e2,Cultural employment by sex,cluster_be31239b58e7,agglomerative,"{""distance_threshold"": 0.35, ""linkage"": ""average""}"
term_9e00685af2a33b10eb4a,Current account transactions - primary income,cluster_c574624eef1e,agglomerative,"{""distance_threshold"": 0.35, ""linkage"": ""average""}"
term_851bd6c711976d17d212,Current account transactions - primary income: credits,cluster_c574624eef1e,agglomerative,"{""distance_threshold"": 0.35, ""linkage"": ""average""}"
term_74b07696ddb60afe0664,"Current account transactions - primary income: credits, debits",cluster_c574624eef1e,agglomerative,"{""distance_threshold"": 0.35, ""linkage"": ""average""}"
term_b3d80cb8be19aed785e5,"Current account transactions - primary income: credits, debits and",cluster_c574624eef1e,agglomerative,"{""distance_threshold"": 0.35, ""linkage"": ""average""}"
term_c46d3ef2aa9824c586e8,"Current account transactions - primary income: credits, debits and balance",cluster_c574624eef1e,agglomerative,"{""distance_threshold"": 0.35, ""linkage"": ""average""}"
term_abdbbedcf2ec3a368f66,Current account transactions - secondary income,cluster_c574624eef1e,agglomerative,"{""distance_threshold"": 0.35, ""linkage"": ""average""}"
term_86e05ac1c2dbf2842d0e,Current account transactions - secondary income: credits,cluster_c574624eef1e,agglomerative,"{""distance_threshold"": 0.35, ""linkage"": ""average""}"
term_fc26c1d86e072855fe52,"Current account transactions - secondary income: credits, debits",cluster_c574624eef1e,agglomerative,"{""distance_threshold"": 0.35, ""linkage"": ""average""}"
term_8008b154d8c29d2a6458,"Current account transactions - secondary income: credits, debits and",cluster_c574624eef1e,agglomerative,"{""distance_threshold"": 0.35, ""linkage"": ""average""}"
term_f216ac3c2bf81bef68a4,"Current account transactions - secondary income: credits, debits and balance",cluster_c574624eef1e,agglomerative,"{""distance_threshold"": 0.35, ""linkage"": ""average""}"
term_e2997a1281df429bbdeb,"data, % of GDP",cluster_f5e40cb5cbdd,agglomerative,"{""distance_threshold"": 0.35, ""linkage"": ""average""}"
term_7ff16f8802e9ebd9df5e,Death due,cluster_93d52bc87457,agglomerative,"{""distance_threshold"": 0.35, ""linkage"": ""average""}"
term_f26dd7ca3442f15ce28d,Death due to,cluster_93d52bc87457,agglomerative,"{""distance_threshold"": 0.35, ""linkage"": ""average""}"
term_ecdac8725b5838591c67,Death due to accidents,cluster_93d52bc87457,agglomerative,"{""distance_threshold"": 0.35, ""linkage"": ""average""}"
term_5dee08759bca91c18ca9,"Death due to accidents, by",cluster_93d52bc87457,agglomerative,"{""distance_threshold"": 0.35, ""linkage"": ""average""}"
term_101e60ee5f0f430737e5,"Death due to accidents, by sex",cluster_93d52bc87457,agglomerative,"{""distance_threshold"": 0.35, ""linkage"": ""average""}"
term_b3225bed831d4d62f19f,Death due to AIDS,cluster_93d52bc87457,agglomerative,"{""distance_threshold"": 0.35, ""linkage"": ""average""}"
term_65ef9c6f9ecdf1e685ec,Death due to AIDS (HIV-disease,cluster_93d52bc87457,agglomerative,"{""distance_threshold"": 0.35, ""linkage"": ""average""}"
term_3727965b6b838d5fb141,"Death due to AIDS (HIV-disease), by",cluster_93d52bc87457,agglomerative,"{""distance_threshold"": 0.35, ""linkage"": ""average""}"
term_956ee1e95cb224363643,"Death due to AIDS (HIV-disease), by sex",cluster_93d52bc87457,agglomerative,"{""distance_threshold"": 0.35, ""linkage"": ""average""}"
term_11fe3cdbed4c1bc3b478,Death due to alcoholic,cluster_93d52bc87457,agglomerative,"{""distance_threshold"": 0.35, ""linkage"": ""average""}"
term_b96608b4c51f65b06ac8,Death due to alcoholic abuse,cluster_93d52bc87457,agglomerative,"{""distance_threshold"": 0.35, ""linkage"": ""average""}"
term_b0c9504932e02780806d,"Death due to alcoholic abuse, by",cluster_93d52bc87457,agglomerative,"{""distance_threshold"": 0.35, ""linkage"": ""average""}"
term_76957f17efd94e0cea36,"Death due to alcoholic abuse, by sex",cluster_93d52bc87457,agglomerative,"{""distance_threshold"": 0.35, ""linkage"": ""average""}"
term_d1be82a18f0120a13738,Death due to cancer,cluster_93d52bc87457,agglomerative,"{""distance_threshold"": 0.35, ""linkage"": ""average""}"
term_ccedbe1853c5b02db6f6,"Death due to cancer, by",cluster_93d52bc87457,agglomerative,"{""distance_threshold"": 0.35, ""linkage"": ""average""}"
term_94b6765642dac6f6949f,"Death due to cancer, by sex",cluster_93d52bc87457,agglomerative,"{""distance_threshold"": 0.35, ""linkage"": ""average""}"
term_190c1b537ae6ac9cefc6,Death due to chronic,cluster_93d52bc87457,agglomerative,"{""distance_threshold"": 0.35, ""linkage"": ""average""}"
term_68365a946ffbf37cacc0,Death due to chronic liver,cluster_93d52bc87457,agglomerative,"{""distance_threshold"": 0.35, ""linkage"": ""average""}"
term_d61ffdabaf2c84d5f296,Death due to chronic liver disease,cluster_93d52bc87457,agglomerative,"{""distance_threshold"": 0.35, ""linkage"": ""average""}"
term_b27a69ea3f1e2ea60096,"Death due to chronic liver disease, by",cluster_93d52bc87457,agglomerative,"{""distance_threshold"": 0.35, ""linkage"": ""average""}"
term_917e54b71e6c2b9e56cf,"Death due to chronic liver disease, by sex",cluster_93d52bc87457,agglomerative,"{""distance_threshold"": 0.35, ""linkage"": ""average""}"
term_794b6593f6d332307eab,Death due to diabetes,cluster_93d52bc87457,agglomerative,"{""distance_threshold"": 0.35, ""linkage"": ""average""}"
term_f65b8412c901f98dcf13,Death due to diabetes mellitus,cluster_93d52bc87457,agglomerative,"{""distance_threshold"": 0.35, ""linkage"": ""average""}"
term_4cdd29982857237ca28e,"Death due to diabetes mellitus, by",cluster_93d52bc87457,agglomerative,"{""distance_threshold"": 0.35, ""linkage"": ""average""}"
term_eeb6980f51c7d56fc3f4,"Death due to diabetes mellitus, by sex",cluster_93d52bc87457,agglomerative,"{""distance_threshold"": 0.35, ""linkage"": ""average""}"
term_0b57a1040962af942687,Death due to diseases,cluster_93d52bc87457,agglomerative,"{""distance_threshold"": 0.35, ""linkage"": ""average""}"
term_28678383dd2cd27fc8e8,Death due to diseases of,cluster_93d52bc87457,agglomerative,"{""distance_threshold"": 0.35, ""linkage"": ""average""}"
term_ec788868ca9ba326434f,Death due to diseases of the,cluster_93d52bc87457,agglomerative,"{""distance_threshold"": 0.35, ""linkage"": ""average""}"
term_6c33f1b60b3012106590,Death due to diseases of the nervous,cluster_93d52bc87457,agglomerative,"{""distance_threshold"": 0.35, ""linkage"": ""average""}"
term_c22c4883fd7f27d29795,Death due to diseases of the nervous system,cluster_93d52bc87457,agglomerative,"{""distance_threshold"": 0.35, ""linkage"": ""average""}"
term_00b72c6e5deff8c38d7c,"Death due to diseases of the nervous system, by sex",cluster_93d52bc87457,agglomerative,"{""distance_threshold"": 0.35, ""linkage"": ""average""}"
term_7809897202d82197e71d,Death due to drugs,cluster_93d52bc87457,agglomerative,"{""distance_threshold"": 0.35, ""linkage"": ""average""}"
term_e8ebc2a4e3f214c9cea2,Death due to drugs dependence,cluster_93d52bc87457,agglomerative,"{""distance_threshold"": 0.35, ""linkage"": ""average""}"
term_cfccd11ac5acc7819c19,"Death due to drugs dependence, by",cluster_93d52bc87457,agglomerative,"{""distance_threshold"": 0.35, ""linkage"": ""average""}"
term_399d10eefab967a56ee1,"Death due to drugs dependence, by sex",cluster_93d52bc87457,agglomerative,"{""distance_threshold"": 0.35, ""linkage"": ""average""}"
term_2be453136ff480e79dc3,Death due to homicide,cluster_93d52bc87457,agglomerative,"{""distance_threshold"": 0.35, ""linkage"": ""average""}"
term_b7f295ac0d00e5c553b4,"Death due to homicide, assault",cluster_93d52bc87457,agglomerative,"{""distance_threshold"": 0.35, ""linkage"": ""average""}"
term_16e82aff86ff40d11b18,"Death due to homicide, assault, by",cluster_93d52bc87457,agglomerative,"{""distance_threshold"": 0.35, ""linkage"": ""average""}"
term_d2dca023ba00e51db540,"Death due to homicide, assault, by sex",cluster_93d52bc87457,agglomerative,"{""distance_threshold"": 0.35, ""linkage"": ""average""}"
term_ba8b5655078b95c91cee,Death due to other,cluster_93d52bc87457,agglomerative,"{""distance_threshold"": 0.35, ""linkage"": ""average""}"
term_82c2c17ce9928f1b1c9f,Death due to other ischaemic,cluster_93d52bc87457,agglomerative,"{""distance_threshold"": 0.35, ""linkage"": ""average""}"
term_3add8cbe93640d1a1ef8,Death due to other ischaemic heart,cluster_93d52bc87457,agglomerative,"{""distance_threshold"": 0.35, ""linkage"": ""average""}"
term_ae813781dc5a2aa761f9,Death due to other ischaemic heart diseases,cluster_93d52bc87457,agglomerative,"{""distance_threshold"": 0.35, ""linkage"": ""average""}"
term_3a938c69e42360f44b91,"Death due to other ischaemic heart diseases, by",cluster_93d52bc87457,agglomerative,"{""distance_threshold"": 0.35, ""linkage"": ""average""}"
term_57d1f644eb4f567ee35e,"Death due to other ischaemic heart diseases, by sex",cluster_93d52bc87457,agglomerative,"{""distance_threshold"": 0.35, ""linkage"": ""average""}"
term_f3c5dfa7e5a30c53f7b6,Death due to pneumonia,cluster_93d52bc87457,agglomerative,"{""distance_threshold"": 0.35, ""linkage"": ""average""}"
term_9558ed390893fbf30dfc,"Death due to pneumonia, by",cluster_93d52bc87457,agglomerative,"{""distance_threshold"": 0.35, ""linkage"": ""average""}"
term_16db44a8101ea3aaa4f2,"Death due to pneumonia, by sex",cluster_93d52bc87457,agglomerative,"{""distance_threshold"": 0.35, ""linkage"": ""average""}"
term_1e70270d392f26d6daa3,Death due to suicide,cluster_93d52bc87457,agglomerative,"{""distance_threshold"": 0.35, ""linkage"": ""average""}"
term_c3be3b57482af7644071,"Death due to suicide, by",cluster_93d52bc87457,agglomerative,"{""distance_threshold"": 0.35, ""linkage"": ""average""}"
term_a328ea1f4752a941f146,"Death due to suicide, by sex",cluster_93d52bc87457,agglomerative,"{""distance_threshold"": 0.35, ""linkage"": ""average""}"
term_c97f4b1510d9b349e6f1,Death due to transport,cluster_93d52bc87457,agglomerative,"{""distance_threshold"": 0.35, ""linkage"": ""average""}"
term_c3e69c95fe2b14805361,Death due to transport accidents,cluster_93d52bc87457,agglomerative,"{""distance_threshold"": 0.35, ""linkage"": ""average""}"
term_eb80dd0ed1a5471312a5,"Death due to transport accidents, by",cluster_93d52bc87457,agglomerative,"{""distance_threshold"": 0.35, ""linkage"": ""average""}"
term_5849d9c0db41e7b9acb9,"Death due to transport accidents, by sex",cluster_93d52bc87457,agglomerative,"{""distance_threshold"": 0.35, ""linkage"": ""average""}"
term_d4e46b65b8946da42e58,death rate,cluster_93d52bc87457,agglomerative,"{""distance_threshold"": 0.35, ""linkage"": ""average""}"
term_d929e35f1d0051889ca7,death rate by,cluster_93d52bc87457,agglomerative,"{""distance_threshold"": 0.35, ""linkage"": ""average""}"
term_292c881565681f9da31c,death rate by age,cluster_93d52bc87457,agglomerative,"{""distance_threshold"": 0.35, ""linkage"": ""average""}"
term_74fb8d9154f9d2a6b3a7,death rate by age group,cluster_93d52bc87457,agglomerative,"{""distance_threshold"": 0.35, ""linkage"": ""average""}"
term_d522d4121eeb86c375dd,death rate due,cluster_93d52bc87457,agglomerative,"{""distance_threshold"": 0.35, ""linkage"": ""average""}"
term_981fea85859ebbafa884,death rate due to,cluster_93d52bc87457,agglomerative,"{""distance_threshold"": 0.35, ""linkage"": ""average""}"
term_90a6eb83de809bac54b5,death rate due to homicide,cluster_93d52bc87457,agglomerative,"{""distance_threshold"": 0.35, ""linkage"": ""average""}"
term_df021d073aa7c101e880,death rate due to homicide by,cluster_93d52bc87457,agglomerative,"{""distance_threshold"": 0.35, ""linkage"": ""average""}"
term_43895cb0a864b6c291be,death rate due to tuberculosis,cluster_93d52bc87457,agglomerative,"{""distance_threshold"": 0.35, ""linkage"": ""average""}"
term_f0345d30c707bbf31566,"death rate due to tuberculosis, HIV",cluster_93d52bc87457,agglomerative,"{""distance_threshold"": 0.35, ""linkage"": ""average""}"
term_33623069f21221e9140b,"death, by sex",cluster_93d52bc87457,agglomerative,"{""distance_threshold"": 0.35, ""linkage"": ""average""}"
term_ce8618d299ade63bd105,Deaths and crude,cluster_6186e87388cd,agglomerative,"{""distance_threshold"": 0.35, ""linkage"": ""average""}"
term_a50293199fcfbe365e0a,Deaths and crude death,cluster_6186e87388cd,agglomerative,"{""distance_threshold"": 0.35, ""linkage"": ""average""}"
term_4ac219ee67cfb6b290fb,Deaths and crude death rate,cluster_6186e87388cd,agglomerative,"{""distance_threshold"": 0.35, ""linkage"": ""average""}"
term_92edf6d2724d27c3b16d,Deaths by sex,cluster_93d52bc87457,agglomerative,"{""distance_threshold"": 0.35, ""linkage"": ""average""}"
term_4e47b95d3d3f003194c5,deaths due,cluster_93d52bc87457,agglomerative,"{""distance_threshold"": 0.35, ""linkage"": ""average""}"
term_bc7bb8f2c17cf8050ad6,deaths due to,cluster_93d52bc87457,agglomerative,"{""distance_threshold"": 0.35, ""linkage"": ""average""}"
term_2c365a5891b1e5517d2b,deaths due to exposure,cluster_93d52bc87457,agglomerative,"{""distance_threshold"": 0.35, ""linkage"": ""average""}"
term_73c5e626797e171b5142,deaths due to exposure to,cluster_93d52bc87457,agglomerative,"{""distance_threshold"": 0.35, ""linkage"": ""average""}"
term_32dd378fa79f9540517d,Deaths of residents,cluster_93d52bc87457,agglomerative,"{""distance_threshold"": 0.35, ""linkage"": ""average""}"
term_182592dc03aba6f7c0a5,Deaths of residents related,cluster_93d52bc87457,agglomerative,"{""distance_threshold"": 0.35, ""linkage"": ""average""}"
term_7d0ca30f5c7c7cd3d45d,Deaths of residents related to,cluster_93d52bc87457,agglomerative,"{""distance_threshold"": 0.35, ""linkage"": ""average""}"
term_1a554a1e069d3a9157bd,Deaths of residents related to dementias,cluster_93d52bc87457,agglomerative,"{""distance_threshold"": 0.35, ""linkage"": ""average""}"
term_1b405e8c421adc6f967f,Deaths of residents related to dementias including,cluster_93d52bc87457,agglomerative,"{""distance_threshold"": 0.35, ""linkage"": ""average""}"
term_137e8305fffe057d3255,Deaths of residents related to dementias including Alzheimer,cluster_93d52bc87457,agglomerative,"{""distance_threshold"": 0.35, ""linkage"": ""average""}"
term_cd6545f9d1c0b180725f,"debt - annual data, % of GDP",cluster_f5e40cb5cbdd,agglomerative,"{""distance_threshold"": 0.35, ""linkage"": ""average""}"
term_fba4086dff79550b5229,"debt - quarterly data, % of GDP",cluster_f5e40cb5cbdd,agglomerative,"{""distance_threshold"": 0.35, ""linkage"": ""average""}"
term_ca6fc3930cb129b4c2ef,"debt securities by sectors, consolidated - % of GDP",cluster_f5e40cb5cbdd,agglomerative,"{""distance_threshold"": 0.35, ""linkage"": ""average""}"
term_a2cd0371970399da86f3,"debt securities by sectors, non-consolidated - % of GDP",cluster_f5e40cb5cbdd,agglomerative,"{""distance_threshold"": 0.35, ""linkage"": ""average""}"
term_060c2785b0d06cf40160,"debt securities, by sectors, consolidated - % of GDP",cluster_f5e40cb5cbdd,agglomerative,"{""distance_threshold"": 0.35, ""linkage"": ""average""}"
term_e71e8c51a1af95717bf8,"debt, consolidated - % of GDP",cluster_f5e40cb5cbdd,agglomerative,"{""distance_threshold"": 0.35, ""linkage"": ""average""}"
term_d53199587642e8d9a3fa,debt-to-income ratio,cluster_0958acf3e7dc,agglomerative,"{""distance_threshold"": 0.35, ""linkage"": ""average""}"
term_93f87990951b61e2e05c,debt-to-income ratio of,cluster_0958acf3e7dc,agglomerative,"{""distance_threshold"": 0.35, ""linkage"": ""average""}"
term_ea8520ab92526a965201,debt-to-income ratio of households,cluster_0958acf3e7dc,agglomerative,"{""distance_threshold"": 0.35, ""linkage"": ""average""}"
term_70f9b1146da55165281f,"debt: debt securities by sectors, non-consolidated - % of GDP",cluster_f5e40cb5cbdd,agglomerative,"{""distance_threshold"": 0.35, ""linkage"": ""average""}"
term_4e09e1e0af78b559222d,"debt: debt securities, by sectors, consolidated - % of GDP",cluster_f5e40cb5cbdd,agglomerative,"{""distance_threshold"": 0.35, ""linkage"": ""average""}"
term_46972d0f33ec49a6fcec,"debt: loans, by sectors, consolidated - % of GDP",cluster_f5e40cb5cbdd,agglomerative,"{""distance_threshold"": 0.35, ""linkage"": ""average""}"
term_511875f67af51cc38393,"debt: loans, by sectors, non-consolidated - % of GDP",cluster_f5e40cb5cbdd,agglomerative,"{""distance_threshold"": 0.35, ""linkage"": ""average""}"
term_0d2bd40aa9c4a5720dbf,degree of urbanisation - total population,cluster_021a934ea779,agglomerative,"{""distance_threshold"": 0.35, ""linkage"": ""average""}"
term_66d1570f950755879311,deprivation rate by income,cluster_0958acf3e7dc,agglomerative,"{""distance_threshold"": 0.35, ""linkage"": ""average""}"
term_da1d20c1c830a4d55f20,development assistance as share of gross national income,cluster_0958acf3e7dc,agglomerative,"{""distance_threshold"": 0.35, ""linkage"": ""average""}"
term_f63c4236ea3a1e9687e6,development expenditure,cluster_f7c5001b3c2d,agglomerative,"{""distance_threshold"": 0.35, ""linkage"": ""average""}"
term_27ae92a8618341fae6ec,development expenditure by,cluster_f7c5001b3c2d,agglomerative,"{""distance_threshold"": 0.35, ""linkage"": ""average""}"
term_8ee85e534d5e18a643d4,differences in the relative income,cluster_0958acf3e7dc,agglomerative,"{""distance_threshold"": 0.35, ""linkage"": ""average""}"
term_1cd29b282d2bdbfb9fbe,differences in the relative income of,cluster_0958acf3e7dc,agglomerative,"{""distance_threshold"": 0.35, ""linkage"": ""average""}"
term_671507d02ee0306190be,differences in the relative income of elderly,cluster_0958acf3e7dc,agglomerative,"{""distance_threshold"": 0.35, ""linkage"": ""average""}"
term_98028674532089583d15,differences in the relative income of elderly people,cluster_0958acf3e7dc,agglomerative,"{""distance_threshold"": 0.35, ""linkage"": ""average""}"
term_30589037fc073e456004,differences in the relative income of older,cluster_0958acf3e7dc,agglomerative,"{""distance_threshold"": 0.35, ""linkage"": ""average""}"
term_da44726c607f1a48435a,differences in the relative income of older people,cluster_0958acf3e7dc,agglomerative,"{""distance_threshold"": 0.35, ""linkage"": ""average""}"
term_6c28e669b8ae9b75d28b,"Direct investment liabilities (flows) - annual data, % of GDP",cluster_f5e40cb5cbdd,agglomerative,"{""distance_threshold"": 0.35, ""linkage"": ""average""}"
term_83264f46823288d5d1e9,"Direct investment liabilities (stocks) - annual data, % of GDP",cluster_f5e40cb5cbdd,agglomerative,"{""distance_threshold"": 0.35, ""linkage"": ""average""}"
term_2ad0c60c5f2fba484800,Disparities in adjusted gross disposable income,cluster_0958acf3e7dc,agglomerative,"{""distance_threshold"": 0.35, ""linkage"": ""average""}"
term_06d7ad9194f3653d2967,Disparities in adjusted gross disposable income of,cluster_0958acf3e7dc,agglomerative,"{""distance_threshold"": 0.35, ""linkage"": ""average""}"
term_f099f13de49590ec14bc,Disparities in adjusted gross disposable income of households,cluster_0958acf3e7dc,agglomerative,"{""distance_threshold"": 0.35, ""linkage"": ""average""}"
term_80b5ab22dea335cf3afa,Disparities in adjusted gross disposable income of households per capita,cluster_0958acf3e7dc,agglomerative,"{""distance_threshold"": 0.35, ""linkage"": ""average""}"
term_093bbb537296a88effe2,disparities in gender employment,cluster_be31239b58e7,agglomerative,"{""distance_threshold"": 0.35, ""linkage"": ""average""}"
term_a54f335a17d89bafaeac,disparities in gender employment gap,cluster_be31239b58e7,agglomerative,"{""distance_threshold"": 0.35, ""linkage"": ""average""}"
term_9f26740afdd378d47da7,disparities in gender employment gap (NUTS,cluster_be31239b58e7,agglomerative,"{""distance_threshold"": 0.35, ""linkage"": ""average""}"
term_6df336ec09ffbcb7206d,disparities in gender employment gap (NUTS level,cluster_be31239b58e7,agglomerative,"{""distance_threshold"": 0.35, ""linkage"": ""average""}"
term_d7c21238559f005cc6e3,disparities in gender employment gap (NUTS level 2,cluster_be31239b58e7,agglomerative,"{""distance_threshold"": 0.35, ""linkage"": ""average""}"
term_afa06373e374bce8bd45,disparities in long-term unemployment,cluster_b625d52d71ac,agglomerative,"{""distance_threshold"": 0.35, ""linkage"": ""average""}"
term_4d6bf3bca28419bd6dd0,disparities in long-term unemployment rates,cluster_b625d52d71ac,agglomerative,"{""distance_threshold"": 0.35, ""linkage"": ""average""}"
term_a68dce0d622a914a43a4,disparities in long-term unemployment rates (NUTS,cluster_b625d52d71ac,agglomerative,"{""distance_threshold"": 0.35, ""linkage"": ""average""}"
term_43395cf91f86a4856706,disparities in long-term unemployment rates (NUTS level,cluster_b625d52d71ac,agglomerative,"{""distance_threshold"": 0.35, ""linkage"": ""average""}"
term_50f94c05b5d9dc7514ce,disparities in long-term unemployment rates (NUTS level 2,cluster_b625d52d71ac,agglomerative,"{""distance_threshold"": 0.35, ""linkage"": ""average""}"
term_24aead9fa518692a097c,disposable income,cluster_0958acf3e7dc,agglomerative,"{""distance_threshold"": 0.35, ""linkage"": ""average""}"
term_4c7e35d1efbd7315d86c,Distribution of digital platform workers (at least one hour in the last month) by price setting,cluster_d80ae2c2c145,agglomerative,"{""distance_threshold"": 0.35, ""linkage"": ""average""}"
term_0a5f811862a59c07d79f,Distribution of digital platform workers (at least one hour in the last month) by price setting - experimental statistics,cluster_d80ae2c2c145,agglomerative,"{""distance_threshold"": 0.35, ""linkage"": ""average""}"
term_d0cf9392077626f22315,Distribution of digital platform workers (at least one hour in the last month) by share of platform income in their earnings,cluster_d80ae2c2c145,agglomerative,"{""distance_threshold"": 0.35, ""linkage"": ""average""}"
term_caa6309ffcec0ffa87e1,Distribution of digital platform workers (at least one hour in the last month) by share of platform income in their earnings - experimental statistics,cluster_d80ae2c2c145,agglomerative,"{""distance_threshold"": 0.35, ""linkage"": ""average""}"
term_c4b71bc9e0fa01456a18,Distribution of population,cluster_021a934ea779,agglomerative,"{""distance_threshold"": 0.35, ""linkage"": ""average""}"
term_8bf01e7fa92fdc0da781,Distribution of population by,cluster_021a934ea779,agglomerative,"{""distance_threshold"": 0.35, ""linkage"": ""average""}"
term_55e9c5cba9070a4e091d,Distribution of population by household,cluster_021a934ea779,agglomerative,"{""distance_threshold"": 0.35, ""linkage"": ""average""}"
term_eab582259d286e7cd986,Distribution of population by household types,cluster_021a934ea779,agglomerative,"{""distance_threshold"": 0.35, ""linkage"": ""average""}"
term_69b8ccfc730b1e5b13f7,Distribution of population by household types - EU-SILC,cluster_021a934ea779,agglomerative,"{""distance_threshold"": 0.35, ""linkage"": ""average""}"
term_892ca2920961f51b7d30,Distribution of population by household types - EU-SILC survey,cluster_021a934ea779,agglomerative,"{""distance_threshold"": 0.35, ""linkage"": ""average""}"
term_ecc8bc2552e5ce0fdac7,domestic expenditure,cluster_f7c5001b3c2d,agglomerative,"{""distance_threshold"": 0.35, ""linkage"": ""average""}"
term_f7014ddc60efcf666103,domestic expenditure on,cluster_f7c5001b3c2d,agglomerative,"{""distance_threshold"": 0.35, ""linkage"": ""average""}"
term_036492a824ca2ca10b2f,domestic expenditure on R,cluster_f7c5001b3c2d,agglomerative,"{""distance_threshold"": 0.35, ""linkage"": ""average""}"
term_c2312b2078b266f120b6,domestic expenditure on R&D,cluster_f7c5001b3c2d,agglomerative,"{""distance_threshold"": 0.35, ""linkage"": ""average""}"
term_de780af71483fe13f570,domestic expenditure on R&D (GERD,cluster_f7c5001b3c2d,agglomerative,"{""distance_threshold"": 0.35, ""linkage"": ""average""}"
term_332b79c74fe285aa7c9b,domestic expenditure on R&D (GERD) - ENP-East,cluster_f7c5001b3c2d,agglomerative,"{""distance_threshold"": 0.35, ""linkage"": ""average""}"
term_fa916bd85d00ac395db1,domestic expenditure on research,cluster_f7c5001b3c2d,agglomerative,"{""distance_threshold"": 0.35, ""linkage"": ""average""}"
term_d3e55abaff9c1b8bfd7d,domestic expenditure on research and,cluster_f7c5001b3c2d,agglomerative,"{""distance_threshold"": 0.35, ""linkage"": ""average""}"
term_126a1b01dd80637a9820,domestic expenditure on research and development,cluster_f7c5001b3c2d,agglomerative,"{""distance_threshold"": 0.35, ""linkage"": ""average""}"
term_9dacc827fce8755a4cf6,domestic expenditure on research and development (R,cluster_f7c5001b3c2d,agglomerative,"{""distance_threshold"": 0.35, ""linkage"": ""average""}"
term_518af28d5f72be7491ab,Domestic industrial production,cluster_50fcb6e7a7e8,agglomerative,"{""distance_threshold"": 0.35, ""linkage"": ""average""}"
term_a02350e405bed2223e78,Domestic industrial production price,cluster_50fcb6e7a7e8,agglomerative,"{""distance_threshold"": 0.35, ""linkage"": ""average""}"
term_51ed3941228748ad9c32,Domestic industrial production price index,cluster_50fcb6e7a7e8,agglomerative,"{""distance_threshold"": 0.35, ""linkage"": ""average""}"
term_ad867ac6af6ba478b75b,Domestic industrial production price index - ENP-East,cluster_50fcb6e7a7e8,agglomerative,"{""distance_threshold"": 0.35, ""linkage"": ""average""}"
term_5717f6e639f4b12f4341,Domestic industrial production price index - ENP-East countries,cluster_50fcb6e7a7e8,agglomerative,"{""distance_threshold"": 0.35, ""linkage"": ""average""}"
term_43069e9ece20a415d58a,"domestic perpetrator, by country of birth",cluster_8cbdd0602d88,agglomerative,"{""distance_threshold"": 0.35, ""linkage"": ""average""}"
term_24916e7dbdf0a43895a0,Domestic producer prices - capital,cluster_50fcb6e7a7e8,agglomerative,"{""distance_threshold"": 0.35, ""linkage"": ""average""}"
term_1cffd66b8825402d8cd6,Domestic producer prices - capital goods,cluster_50fcb6e7a7e8,agglomerative,"{""distance_threshold"": 0.35, ""linkage"": ""average""}"
term_bfdf174c0141cf130056,Domestic producer prices - consumer,cluster_50fcb6e7a7e8,agglomerative,"{""distance_threshold"": 0.35, ""linkage"": ""average""}"
term_c2d0179c7cd68ff9bdc4,Domestic producer prices - consumer durables,cluster_50fcb6e7a7e8,agglomerative,"{""distance_threshold"": 0.35, ""linkage"": ""average""}"
term_d3259c0a506408ea96d9,Domestic producer prices - consumer non-durables,cluster_50fcb6e7a7e8,agglomerative,"{""distance_threshold"": 0.35, ""linkage"": ""average""}"
term_ebb8bef4d41b8ff4cc33,Domestic producer prices - energy,cluster_50fcb6e7a7e8,agglomerative,"{""distance_threshold"": 0.35, ""linkage"": ""average""}"
term_4c8b2580f83438491d0f,Domestic producer prices - intermediate,cluster_50fcb6e7a7e8,agglomerative,"{""distance_threshold"": 0.35, ""linkage"": ""average""}"
term_fe4e2ce249094bf3ed20,Domestic producer prices - intermediate goods,cluster_50fcb6e7a7e8,agglomerative,"{""distance_threshold"": 0.35, ""linkage"": ""average""}"
term_9dbbcc4f8da2f29988f9,Domestic producer prices - manufacturing,cluster_50fcb6e7a7e8,agglomerative,"{""distance_threshold"": 0.35, ""linkage"": ""average""}"
term_2072c0522c89759f5493,Domestic producer prices - total,cluster_50fcb6e7a7e8,agglomerative,"{""distance_threshold"": 0.35, ""linkage"": ""average""}"
term_7ba0bd238424535c85cc,Domestic producer prices - total industry,cluster_50fcb6e7a7e8,agglomerative,"{""distance_threshold"": 0.35, ""linkage"": ""average""}"
term_2d923d4d67a086f99327,Domestic producer prices - total industry (excluding,cluster_50fcb6e7a7e8,agglomerative,"{""distance_threshold"": 0.35, ""linkage"": ""average""}"
term_69327073f7813ae25062,Domestic producer prices - total industry (excluding construction,cluster_50fcb6e7a7e8,agglomerative,"{""distance_threshold"": 0.35, ""linkage"": ""average""}"
term_2a0305468dfa4b8a1343,Domestic producer prices - total industry (excluding construction),cluster_50fcb6e7a7e8,agglomerative,"{""distance_threshold"": 0.35, ""linkage"": ""average""}"
term_1b96528f406ce1224c34,domestic product at market prices,cluster_50fcb6e7a7e8,agglomerative,"{""distance_threshold"": 0.35, ""linkage"": ""average""}"
term_485e0bd5c2ec92a1596c,domestic product at market prices - ENP-East,cluster_50fcb6e7a7e8,agglomerative,"{""distance_threshold"": 0.35, ""linkage"": ""average""}"
term_afe4ed1decb83f954feb,domestic product at market prices - ENP-East countries,cluster_50fcb6e7a7e8,agglomerative,"{""distance_threshold"": 0.35, ""linkage"": ""average""}"
term_eac0c1540ef03089e1d8,domestic product at market prices - ENP-South,cluster_50fcb6e7a7e8,agglomerative,"{""distance_threshold"": 0.35, ""linkage"": ""average""}"
term_cb86616ce8a96c3e469a,domestic product at market prices - ENP-South countries,cluster_50fcb6e7a7e8,agglomerative,"{""distance_threshold"": 0.35, ""linkage"": ""average""}"
term_f090b674238862d7a601,domestic product at market prices by,cluster_50fcb6e7a7e8,agglomerative,"{""distance_threshold"": 0.35, ""linkage"": ""average""}"
term_603534810237ab32035d,domestic product at market prices by expenditure,cluster_50fcb6e7a7e8,agglomerative,"{""distance_threshold"": 0.35, ""linkage"": ""average""}"
term_5e3278d054e57e82e4e3,domestic product at market prices by expenditure - ENP-East,cluster_50fcb6e7a7e8,agglomerative,"{""distance_threshold"": 0.35, ""linkage"": ""average""}"
term_616423229663b7408486,domestic product at market prices by expenditure - ENP-South,cluster_50fcb6e7a7e8,agglomerative,"{""distance_threshold"": 0.35, ""linkage"": ""average""}"
term_2aa0a614209a30fbe681,"domestic product, current prices",cluster_fc59ce925147,agglomerative,"{""distance_threshold"": 0.35, ""linkage"": ""average""}"
term_0fa0b917179e24b0ae18,Dry pulses and protein crops for the production,cluster_4c9b1b408341,agglomerative,"{""distance_threshold"": 0.35, ""linkage"": ""average""}"
term_7850094491fdcb8c4867,"Dry pulses and protein crops for the production of grain (including seed and mixtures of cereals and pulses) by area, production and humidity",cluster_4c9b1b408341,agglomerative,"{""distance_threshold"": 0.35, ""linkage"": ""average""}"
term_94ee3913b0ab400d07d5,dwellings by degree of urbanisation - total population,cluster_021a934ea779,agglomerative,"{""distance_threshold"": 0.35, ""linkage"": ""average""}"
term_54575ea6ddf4b94a3e34,dwellings by tenure status - total population,cluster_021a934ea779,agglomerative,"{""distance_threshold"": 0.35, ""linkage"": ""average""}"
term_f47a4e77ea4dee048203,education - as % of the total population,cluster_586194a4eb3a,agglomerative,"{""distance_threshold"": 0.35, ""linkage"": ""average""}"
term_d94ee78f02fbb7b1ca22,education - as % of the total population of,cluster_586194a4eb3a,agglomerative,"{""distance_threshold"": 0.35, ""linkage"": ""average""}"
term_c8251b50de31ec97dee7,education - as % of the total population of post-compulsory,cluster_586194a4eb3a,agglomerative,"{""distance_threshold"": 0.35, ""linkage"": ""average""}"
term_2a38d7e84cbf57af3580,education - as % of total active population,cluster_586194a4eb3a,agglomerative,"{""distance_threshold"": 0.35, ""linkage"": ""average""}"
term_acbc289e147f4844e89e,education in constant prices,cluster_fc59ce925147,agglomerative,"{""distance_threshold"": 0.35, ""linkage"": ""average""}"
term_86e2a804402da4e30410,education level - as % of total public expenditure,cluster_f7c5001b3c2d,agglomerative,"{""distance_threshold"": 0.35, ""linkage"": ""average""}"
term_8f05e32ff0bda8f107f5,educational attainment level (population,cluster_58c47e3d47ef,agglomerative,"{""distance_threshold"": 0.35, ""linkage"": ""average""}"
term_059abd032e86c294740b,educational attainment level (population aged,cluster_58c47e3d47ef,agglomerative,"{""distance_threshold"": 0.35, ""linkage"": ""average""}"
term_68199304db80ea4a64f2,educational institutions - as % of total or current expenditure,cluster_f7c5001b3c2d,agglomerative,"{""distance_threshold"": 0.35, ""linkage"": ""average""}"
term_5fec9dc4211a8d76d0c6,Effect of social transfers on income,cluster_0958acf3e7dc,agglomerative,"{""distance_threshold"": 0.35, ""linkage"": ""average""}"
term_014a32887a90a0812a7d,Effect of social transfers on income quintile,cluster_0958acf3e7dc,agglomerative,"{""distance_threshold"": 0.35, ""linkage"": ""average""}"
term_b948c85dea4a3f30a017,Effect of social transfers on income quintile share,cluster_0958acf3e7dc,agglomerative,"{""distance_threshold"": 0.35, ""linkage"": ""average""}"
term_0bc9d7812026d642cd23,Effect of social transfers on income quintile share ratio S80/S20,cluster_0958acf3e7dc,agglomerative,"{""distance_threshold"": 0.35, ""linkage"": ""average""}"
term_96c53a211a12237449dc,Effect of taxes and social transfers on income,cluster_0958acf3e7dc,agglomerative,"{""distance_threshold"": 0.35, ""linkage"": ""average""}"
term_a4a4b3edcc8d7cd6085f,Effect of taxes and social transfers on income quintile share ratio S80/S20,cluster_0958acf3e7dc,agglomerative,"{""distance_threshold"": 0.35, ""linkage"": ""average""}"
term_b497e3e11540fe74180e,Effect of taxes on income,cluster_0958acf3e7dc,agglomerative,"{""distance_threshold"": 0.35, ""linkage"": ""average""}"
term_86c8dceaae592f8c55bf,Effect of taxes on income quintile,cluster_0958acf3e7dc,agglomerative,"{""distance_threshold"": 0.35, ""linkage"": ""average""}"
term_08f5fbbca3f0e4fa333c,Effect of taxes on income quintile share,cluster_0958acf3e7dc,agglomerative,"{""distance_threshold"": 0.35, ""linkage"": ""average""}"
term_7da718a99d57bf16778a,Effect of taxes on income quintile share ratio,cluster_0958acf3e7dc,agglomerative,"{""distance_threshold"": 0.35, ""linkage"": ""average""}"
term_5a81cbeed5828801de9a,Effect of taxes on income quintile share ratio S80/S20,cluster_0958acf3e7dc,agglomerative,"{""distance_threshold"": 0.35, ""linkage"": ""average""}"
term_30ff965105ebb3ac9650,emissions from production,cluster_33ddf438eacf,agglomerative,"{""distance_threshold"": 0.35, ""linkage"": ""average""}"
term_700745de6ece028d0ad8,emissions from production activities,cluster_33ddf438eacf,agglomerative,"{""distance_threshold"": 0.35, ""linkage"": ""average""}"
term_79585f5cefb40c0d93d2,employed in goods road transport enterprises by employment,cluster_e7477d78f08b,agglomerative,"{""distance_threshold"": 0.35, ""linkage"": ""average""}"
term_33750ee4fd39e39a099d,Employed persons exposed to employment-related,cluster_fd27aed274d2,agglomerative,"{""distance_threshold"": 0.35, ""linkage"": ""average""}"
term_68610611fdd0df73fe52,Employed persons exposed to employment-related physical,cluster_fd27aed274d2,agglomerative,"{""distance_threshold"": 0.35, ""linkage"": ""average""}"
term_41d0b9000d96bbc17a22,"Employed persons exposed to employment-related physical, psychological",cluster_fd27aed274d2,agglomerative,"{""distance_threshold"": 0.35, ""linkage"": ""average""}"
term_9bbf76d7b8767f8df47e,"Employed persons exposed to employment-related physical, psychological or",cluster_fd27aed274d2,agglomerative,"{""distance_threshold"": 0.35, ""linkage"": ""average""}"
term_25afea5a7addd2535b88,"Employed persons exposed to employment-related physical, psychological or sexual violence in the last 12 months by sex and age",cluster_fd27aed274d2,agglomerative,"{""distance_threshold"": 0.35, ""linkage"": ""average""}"
term_8ea013c292910f2529ed,employees (excluding apprentices) by employment,cluster_fd27aed274d2,agglomerative,"{""distance_threshold"": 0.35, ""linkage"": ""average""}"
term_3576df44407edac45f62,employees (excluding apprentices) by employment contract,cluster_fd27aed274d2,agglomerative,"{""distance_threshold"": 0.35, ""linkage"": ""average""}"
term_ca743b9337ba4d9b8d54,Employment,cluster_717245bdba31,agglomerative,"{""distance_threshold"": 0.35, ""linkage"": ""average""}"
term_11c4a9e34883bb93a6d2,Employment and economic,cluster_717245bdba31,agglomerative,"{""distance_threshold"": 0.35, ""linkage"": ""average""}"
term_374c245285dd33edf19f,Employment and economic activity,cluster_717245bdba31,agglomerative,"{""distance_threshold"": 0.35, ""linkage"": ""average""}"
term_3975fde3be8673d043a1,Employment and economic activity branches,cluster_717245bdba31,agglomerative,"{""distance_threshold"": 0.35, ""linkage"": ""average""}"
term_b5d071d9bc5b609ac5e4,Employment and employment,cluster_717245bdba31,agglomerative,"{""distance_threshold"": 0.35, ""linkage"": ""average""}"
term_bba35e79e1adeb1d7a66,Employment and employment rates,cluster_b625d52d71ac,agglomerative,"{""distance_threshold"": 0.35, ""linkage"": ""average""}"
term_9393c37dd7b3ab08b69d,Employment and employment rates (aged,cluster_b625d52d71ac,agglomerative,"{""distance_threshold"": 0.35, ""linkage"": ""average""}"
term_7f9537ecc058b673caf6,Employment and employment rates (aged 20-64,cluster_b625d52d71ac,agglomerative,"{""distance_threshold"": 0.35, ""linkage"": ""average""}"
term_2c7c71271d2c173ad16f,Employment and employment rates (aged 20-64) by,cluster_b625d52d71ac,agglomerative,"{""distance_threshold"": 0.35, ""linkage"": ""average""}"
term_6a33f33bcda42090451b,Employment and employment rates (aged 20-64) by sex,cluster_b625d52d71ac,agglomerative,"{""distance_threshold"": 0.35, ""linkage"": ""average""}"
term_795d9ad98feaa090e492,Employment and employment rates (aged 20-64) by sex - ENP-East countries,cluster_b625d52d71ac,agglomerative,"{""distance_threshold"": 0.35, ""linkage"": ""average""}"
term_7409f7a2a9ce93758f4d,employment by age,cluster_717245bdba31,agglomerative,"{""distance_threshold"": 0.35, ""linkage"": ""average""}"
term_1e6139a25f8f432fdb40,employment by age group,cluster_717245bdba31,agglomerative,"{""distance_threshold"": 0.35, ""linkage"": ""average""}"
term_e223aa413b6befb2a812,employment by age group - ENP-South,cluster_717245bdba31,agglomerative,"{""distance_threshold"": 0.35, ""linkage"": ""average""}"
term_3fedc7390c1b3d146ecd,employment by age group - ENP-South countries,cluster_717245bdba31,agglomerative,"{""distance_threshold"": 0.35, ""linkage"": ""average""}"
term_353a2a6e92a14f02a173,Employment by professional,cluster_717245bdba31,agglomerative,"{""distance_threshold"": 0.35, ""linkage"": ""average""}"
term_ec9454af09d7d3861fda,Employment by professional status,cluster_717245bdba31,agglomerative,"{""distance_threshold"": 0.35, ""linkage"": ""average""}"
term_92854340661f930c05f7,Employment by professional status - ENP-South,cluster_717245bdba31,agglomerative,"{""distance_threshold"": 0.35, ""linkage"": ""average""}"
term_5992c9ed3e19ee9f1cca,Employment by professional status - ENP-South countries,cluster_717245bdba31,agglomerative,"{""distance_threshold"": 0.35, ""linkage"": ""average""}"
term_6fa6fe151559dac3db15,employment by sex,cluster_be31239b58e7,agglomerative,"{""distance_threshold"": 0.35, ""linkage"": ""average""}"
term_7222b4430267209c516b,Employment characteristics,cluster_717245bdba31,agglomerative,"{""distance_threshold"": 0.35, ""linkage"": ""average""}"
term_02585899e65ec6317e15,employment contract,cluster_717245bdba31,agglomerative,"{""distance_threshold"": 0.35, ""linkage"": ""average""}"
term_ffe58d6d46f320614d00,Employment expectations,cluster_717245bdba31,agglomerative,"{""distance_threshold"": 0.35, ""linkage"": ""average""}"
term_eb258cbdacc25d3af08e,Employment expectations by,cluster_717245bdba31,agglomerative,"{""distance_threshold"": 0.35, ""linkage"": ""average""}"
term_1216e5cffc0c3beaacd4,Employment expectations by sectors,cluster_717245bdba31,agglomerative,"{""distance_threshold"": 0.35, ""linkage"": ""average""}"
term_a5c9e443dfb7c240a1b6,Employment expectations indicator,cluster_717245bdba31,agglomerative,"{""distance_threshold"": 0.35, ""linkage"": ""average""}"
term_43db8df34426b67b5207,employment gap,cluster_be31239b58e7,agglomerative,"{""distance_threshold"": 0.35, ""linkage"": ""average""}"
term_87c22d68e6cd418f0993,employment gap by,cluster_be31239b58e7,agglomerative,"{""distance_threshold"": 0.35, ""linkage"": ""average""}"
term_4d78d6ebca192b736a44,employment gap by degree,cluster_be31239b58e7,agglomerative,"{""distance_threshold"": 0.35, ""linkage"": ""average""}"
term_76c28ec5246a7b571a56,employment gap by degree of,cluster_be31239b58e7,agglomerative,"{""distance_threshold"": 0.35, ""linkage"": ""average""}"
term_c679866500768cefd8cb,employment gap by degree of urbanisation,cluster_be31239b58e7,agglomerative,"{""distance_threshold"": 0.35, ""linkage"": ""average""}"
term_3a10f3b127ba10a3f94c,"employment gap, by",cluster_be31239b58e7,agglomerative,"{""distance_threshold"": 0.35, ""linkage"": ""average""}"
term_4c47acee90f0923e6e61,"employment gap, by type",cluster_be31239b58e7,agglomerative,"{""distance_threshold"": 0.35, ""linkage"": ""average""}"
term_d69d34127c885dacb4b2,"employment gap, by type of",cluster_be31239b58e7,agglomerative,"{""distance_threshold"": 0.35, ""linkage"": ""average""}"
term_6a5340feadb562beb181,"employment gap, by type of employment",cluster_be31239b58e7,agglomerative,"{""distance_threshold"": 0.35, ""linkage"": ""average""}"
term_ce69d0431d04cf83175f,Employment growth,cluster_717245bdba31,agglomerative,"{""distance_threshold"": 0.35, ""linkage"": ""average""}"
term_a10f95fff125a222fb24,Employment growth (domestic,cluster_717245bdba31,agglomerative,"{""distance_threshold"": 0.35, ""linkage"": ""average""}"
term_16c65e641310f0497e58,Employment growth (domestic concept,cluster_717245bdba31,agglomerative,"{""distance_threshold"": 0.35, ""linkage"": ""average""}"
term_ed103e759eb80d6441c5,Employment growth (domestic concept),cluster_717245bdba31,agglomerative,"{""distance_threshold"": 0.35, ""linkage"": ""average""}"
term_ee1f4e1ad49d19e4653d,Employment growth (domestic concept) - ENP-East,cluster_717245bdba31,agglomerative,"{""distance_threshold"": 0.35, ""linkage"": ""average""}"
term_65afc991fda4bfad6726,Employment growth (domestic concept) - ENP-East countries,cluster_717245bdba31,agglomerative,"{""distance_threshold"": 0.35, ""linkage"": ""average""}"
term_55a06c248cf679db5574,Employment in Foreign,cluster_0026a7097726,agglomerative,"{""distance_threshold"": 0.35, ""linkage"": ""average""}"
term_f1457b1e373878c8004e,Employment in Foreign Affiliates,cluster_0026a7097726,agglomerative,"{""distance_threshold"": 0.35, ""linkage"": ""average""}"
term_d6b9a7ca24dfad674a18,Employment in Foreign Affiliates of,cluster_0026a7097726,agglomerative,"{""distance_threshold"": 0.35, ""linkage"": ""average""}"
term_f7ae76bb1a3178a26460,Employment in Foreign Affiliates of Domestic,cluster_0026a7097726,agglomerative,"{""distance_threshold"": 0.35, ""linkage"": ""average""}"
term_598b44b5a3281568bbc3,Employment in Foreign Affiliates of Domestic Enterprises,cluster_0026a7097726,agglomerative,"{""distance_threshold"": 0.35, ""linkage"": ""average""}"
term_328e113f0cd9257a7196,Employment in Foreign Controlled,cluster_0026a7097726,agglomerative,"{""distance_threshold"": 0.35, ""linkage"": ""average""}"
term_249f821d698e17073d0f,Employment in Foreign Controlled Enterprises,cluster_0026a7097726,agglomerative,"{""distance_threshold"": 0.35, ""linkage"": ""average""}"
term_71953a9bc09e460d3a36,Employment in waterways,cluster_e7477d78f08b,agglomerative,"{""distance_threshold"": 0.35, ""linkage"": ""average""}"
term_496313f671c261a12724,Employment in waterways transport,cluster_e7477d78f08b,agglomerative,"{""distance_threshold"": 0.35, ""linkage"": ""average""}"
term_e48c094d5be3e0d6e0e2,Employment in waterways transport enterprises,cluster_e7477d78f08b,agglomerative,"{""distance_threshold"": 0.35, ""linkage"": ""average""}"
term_12950c2efbc96fe51d88,Employment in waterways transport enterprises by,cluster_e7477d78f08b,agglomerative,"{""distance_threshold"": 0.35, ""linkage"": ""average""}"
term_5a1787e6ffc3fa2fac4f,Employment in waterways transport enterprises by number,cluster_e7477d78f08b,agglomerative,"{""distance_threshold"": 0.35, ""linkage"": ""average""}"
term_76f2a7886786c4670ca5,Employment in waterways transport enterprises by number of,cluster_e7477d78f08b,agglomerative,"{""distance_threshold"": 0.35, ""linkage"": ""average""}"
term_079ed5d6db4e3900293a,Employment in waterways transport enterprises by number of vessels in enterprises,cluster_e7477d78f08b,agglomerative,"{""distance_threshold"": 0.35, ""linkage"": ""average""}"
term_289d3ad56aa1ffc52628,Employment in waterways transport enterprises by sex,cluster_e7477d78f08b,agglomerative,"{""distance_threshold"": 0.35, ""linkage"": ""average""}"
term_10683833ea7f75996adf,employment nor,cluster_fd27aed274d2,agglomerative,"{""distance_threshold"": 0.35, ""linkage"": ""average""}"
term_a7658bf5d5a04ec16954,employment rate (age,cluster_b625d52d71ac,agglomerative,"{""distance_threshold"": 0.35, ""linkage"": ""average""}"
term_5877a50d0f773fa39f46,employment rate (age group,cluster_b625d52d71ac,agglomerative,"{""distance_threshold"": 0.35, ""linkage"": ""average""}"
term_2d5089f6a505b639d408,employment rate (age group 20-29,cluster_b625d52d71ac,agglomerative,"{""distance_threshold"": 0.35, ""linkage"": ""average""}"
term_2f5938edafc45e28963b,Employment rate by,cluster_b625d52d71ac,agglomerative,"{""distance_threshold"": 0.35, ""linkage"": ""average""}"
term_6a05457df916fa51e4b7,Employment rate by citizenship,cluster_b625d52d71ac,agglomerative,"{""distance_threshold"": 0.35, ""linkage"": ""average""}"
term_11690bfa78e5b9ada064,Employment rate by sex,cluster_be31239b58e7,agglomerative,"{""distance_threshold"": 0.35, ""linkage"": ""average""}"
term_e08c997b67e91d9e281f,Employment rate of,cluster_b625d52d71ac,agglomerative,"{""distance_threshold"": 0.35, ""linkage"": ""average""}"
term_efadc66d4ce4ac4d54a1,Employment rate of low,cluster_b625d52d71ac,agglomerative,"{""distance_threshold"": 0.35, ""linkage"": ""average""}"
term_1e115e85e5c057f9d5a6,Employment rate of low skilled,cluster_b625d52d71ac,agglomerative,"{""distance_threshold"": 0.35, ""linkage"": ""average""}"
term_b9a7892bbcc56f925a40,Employment rate of low skilled persons,cluster_b625d52d71ac,agglomerative,"{""distance_threshold"": 0.35, ""linkage"": ""average""}"
term_dfd2c6107e00a7c3c301,Employment rate of low skilled persons (age,cluster_b625d52d71ac,agglomerative,"{""distance_threshold"": 0.35, ""linkage"": ""average""}"
term_555f7a6cb0ef8f621f71,Employment rate of low skilled persons (age group,cluster_b625d52d71ac,agglomerative,"{""distance_threshold"": 0.35, ""linkage"": ""average""}"
term_a7ebeda4912ad87981e2,Employment rate of low skilled persons (age group 20-64),cluster_b625d52d71ac,agglomerative,"{""distance_threshold"": 0.35, ""linkage"": ""average""}"
term_99ce89726710b8fb5fe1,Employment rate of non-EU,cluster_b625d52d71ac,agglomerative,"{""distance_threshold"": 0.35, ""linkage"": ""average""}"
term_a7a691e2ba2a681c484a,Employment rate of non-EU nationals,cluster_b625d52d71ac,agglomerative,"{""distance_threshold"": 0.35, ""linkage"": ""average""}"
term_c5715c87859cb8de9f6d,Employment rate of non-EU nationals (age,cluster_b625d52d71ac,agglomerative,"{""distance_threshold"": 0.35, ""linkage"": ""average""}"
term_52dc6dd3ccdd89752429,Employment rate of non-EU nationals (age group,cluster_b625d52d71ac,agglomerative,"{""distance_threshold"": 0.35, ""linkage"": ""average""}"
term_a6ec76a4cb1ad6932069,Employment rate of non-EU nationals (age group 20-64),cluster_b625d52d71ac,agglomerative,"{""distance_threshold"": 0.35, ""linkage"": ""average""}"
term_a4d554f5a53b1f74f1ee,Employment rate of older,cluster_b625d52d71ac,agglomerative,"{""distance_threshold"": 0.35, ""linkage"": ""average""}"
term_506716493a7a07dc617f,Employment rate of older workers,cluster_b625d52d71ac,agglomerative,"{""distance_threshold"": 0.35, ""linkage"": ""average""}"
term_4423f61ae44a1942434f,"Employment rate of older workers, age",cluster_b625d52d71ac,agglomerative,"{""distance_threshold"": 0.35, ""linkage"": ""average""}"
term_7d374ddc6024ef6a22f2,"Employment rate of older workers, age group",cluster_b625d52d71ac,agglomerative,"{""distance_threshold"": 0.35, ""linkage"": ""average""}"
term_cc6c389a3a5b9ede456e,"Employment rate of older workers, age group 55-64",cluster_b625d52d71ac,agglomerative,"{""distance_threshold"": 0.35, ""linkage"": ""average""}"
term_e52f221fe5c55bbac515,Employment rates,cluster_b625d52d71ac,agglomerative,"{""distance_threshold"": 0.35, ""linkage"": ""average""}"
term_fbce014f7985b9a23412,Employment rates (aged,cluster_b625d52d71ac,agglomerative,"{""distance_threshold"": 0.35, ""linkage"": ""average""}"
term_6e839b15259abe26937f,Employment rates (aged 15-64,cluster_b625d52d71ac,agglomerative,"{""distance_threshold"": 0.35, ""linkage"": ""average""}"
term_f1eedf11d57021613de4,Employment rates (aged 15-64) by,cluster_b625d52d71ac,agglomerative,"{""distance_threshold"": 0.35, ""linkage"": ""average""}"
term_c9fa520584151533f5a2,Employment rates (aged 15-64) by sex,cluster_b625d52d71ac,agglomerative,"{""distance_threshold"": 0.35, ""linkage"": ""average""}"
term_fb7a8583a8373628577e,Employment rates (aged 15-64) by sex - ENP-South,cluster_b625d52d71ac,agglomerative,"{""distance_threshold"": 0.35, ""linkage"": ""average""}"
term_27a95e3ef428412228a6,Employment rates (aged 15-64) by sex - ENP-South countries,cluster_b625d52d71ac,agglomerative,"{""distance_threshold"": 0.35, ""linkage"": ""average""}"
term_b8a07baee823b061517c,Employment rates of,cluster_b625d52d71ac,agglomerative,"{""distance_threshold"": 0.35, ""linkage"": ""average""}"
term_6417fc908821208ba49d,Employment rates of recent,cluster_b625d52d71ac,agglomerative,"{""distance_threshold"": 0.35, ""linkage"": ""average""}"
term_178890956c1e3c7acc0d,Employment rates of recent graduates,cluster_b625d52d71ac,agglomerative,"{""distance_threshold"": 0.35, ""linkage"": ""average""}"
term_bb459238014f52251c41,employment size class,cluster_e7477d78f08b,agglomerative,"{""distance_threshold"": 0.35, ""linkage"": ""average""}"
term_e8e32733ef3e7b9f997f,employment size classes,cluster_e7477d78f08b,agglomerative,"{""distance_threshold"": 0.35, ""linkage"": ""average""}"
term_034e41ba37329332d177,"Employment, domestic",cluster_717245bdba31,agglomerative,"{""distance_threshold"": 0.35, ""linkage"": ""average""}"
term_27403ee3a08ef6612373,"Employment, domestic concept",cluster_717245bdba31,agglomerative,"{""distance_threshold"": 0.35, ""linkage"": ""average""}"
term_8e3284a7541d67adb592,"Employment, domestic concept - annual",cluster_717245bdba31,agglomerative,"{""distance_threshold"": 0.35, ""linkage"": ""average""}"
term_defff23a8f88d8548c58,"Employment, domestic concept - annual data",cluster_717245bdba31,agglomerative,"{""distance_threshold"": 0.35, ""linkage"": ""average""}"
term_e74b0b68daf6ab98bfae,"Employment, domestic concept - Total",cluster_717245bdba31,agglomerative,"{""distance_threshold"": 0.35, ""linkage"": ""average""}"
term_8ca9ad295a66219fdae6,energy production,cluster_33ddf438eacf,agglomerative,"{""distance_threshold"": 0.35, ""linkage"": ""average""}"
term_3a1f13a1362b5daee097,energy production (transformation,cluster_33ddf438eacf,agglomerative,"{""distance_threshold"": 0.35, ""linkage"": ""average""}"
term_d5d185d44cff925727d6,energy products - % of GDP,cluster_f5e40cb5cbdd,agglomerative,"{""distance_threshold"": 0.35, ""linkage"": ""average""}"
term_a7aa9735d6247bab5460,Enterprise R&D Expenditures,cluster_ad295f715ee2,agglomerative,"{""distance_threshold"": 0.35, ""linkage"": ""average""}"
term_f5dc2c9ba4f92dfda8ae,Enterprise R&D Expenditures in,cluster_ad295f715ee2,agglomerative,"{""distance_threshold"": 0.35, ""linkage"": ""average""}"
term_832eec348258e13ecf64,Enterprise R&D Expenditures in Foreign,cluster_ad295f715ee2,agglomerative,"{""distance_threshold"": 0.35, ""linkage"": ""average""}"
term_1f3a7b016708dfdec6a8,Enterprise R&D Expenditures in Foreign Controlled,cluster_ad295f715ee2,agglomerative,"{""distance_threshold"": 0.35, ""linkage"": ""average""}"
term_9ca2880781cd53b68018,Enterprise R&D Expenditures in Foreign Controlled Enterprises,cluster_ad295f715ee2,agglomerative,"{""distance_threshold"": 0.35, ""linkage"": ""average""}"
term_4908fe3824df50586b59,enterprises by employment,cluster_e7477d78f08b,agglomerative,"{""distance_threshold"": 0.35, ""linkage"": ""average""}"
term_1300004df199426f062e,enterprises by employment size,cluster_e7477d78f08b,agglomerative,"{""distance_threshold"": 0.35, ""linkage"": ""average""}"
term_c1e5304c6c2cba84352d,enterprises carrying out cross trade by employment,cluster_e7477d78f08b,agglomerative,"{""distance_threshold"": 0.35, ""linkage"": ""average""}"
term_7739c8e473aa72014a8c,enterprises carrying out cross trade by employment size,cluster_e7477d78f08b,agglomerative,"{""distance_threshold"": 0.35, ""linkage"": ""average""}"
term_8a218df68d47b926a3cf,equivalised disposable income,cluster_0958acf3e7dc,agglomerative,"{""distance_threshold"": 0.35, ""linkage"": ""average""}"
term_f95e4165091e9bc7e208,equivalised disposable income before social transfers,cluster_0958acf3e7dc,agglomerative,"{""distance_threshold"": 0.35, ""linkage"": ""average""}"
term_4c575e1e45ab32e3c846,equivalised disposable income by,cluster_0958acf3e7dc,agglomerative,"{""distance_threshold"": 0.35, ""linkage"": ""average""}"
term_75ce9ba265b2d291c461,equivalised disposable income by age,cluster_0958acf3e7dc,agglomerative,"{""distance_threshold"": 0.35, ""linkage"": ""average""}"
term_a2d87ef729e6fb9322e8,estate other than main residence by income,cluster_0958acf3e7dc,agglomerative,"{""distance_threshold"": 0.35, ""linkage"": ""average""}"
term_5d4db6d4e559831d2668,estate other than main residence by income quantile,cluster_0958acf3e7dc,agglomerative,"{""distance_threshold"": 0.35, ""linkage"": ""average""}"
term_17f5a8997b1599638bbd,EU27 (from) population,cluster_c7c1d69c4acd,agglomerative,"{""distance_threshold"": 0.35, ""linkage"": ""average""}"
term_09e1aee2eae3f6f961d2,"Ever-partnered women who have experienced violence by an intimate partner, by country of birth",cluster_8cbdd0602d88,agglomerative,"{""distance_threshold"": 0.35, ""linkage"": ""average""}"
term_f30f9cb6f5c7e047e35b,excluding apprentices) by employment,cluster_fd27aed274d2,agglomerative,"{""distance_threshold"": 0.35, ""linkage"": ""average""}"
term_b5df101a04a132e00dd8,excluding apprentices) by employment contract,cluster_fd27aed274d2,agglomerative,"{""distance_threshold"": 0.35, ""linkage"": ""average""}"
term_3afb8a9d7c36bba5d988,excluding major mineral wastes per GDP,cluster_f5e40cb5cbdd,agglomerative,"{""distance_threshold"": 0.35, ""linkage"": ""average""}"
term_e0ab6a0236c8fbba65d8,excluding major mineral wastes per GDP unit,cluster_f5e40cb5cbdd,agglomerative,"{""distance_threshold"": 0.35, ""linkage"": ""average""}"
term_72ea10973cd865bbf89b,excluding non-defaultable instruments - % of GDP,cluster_f5e40cb5cbdd,agglomerative,"{""distance_threshold"": 0.35, ""linkage"": ""average""}"
term_2c5d67d5ed8f169a4163,expectancy at birth,cluster_8cbdd0602d88,agglomerative,"{""distance_threshold"": 0.35, ""linkage"": ""average""}"
term_221cbfb6ee8793597ea0,expectancy at birth by,cluster_8cbdd0602d88,agglomerative,"{""distance_threshold"": 0.35, ""linkage"": ""average""}"
term_1a5ee1f757287fa990c5,expectancy at birth by sex,cluster_8cbdd0602d88,agglomerative,"{""distance_threshold"": 0.35, ""linkage"": ""average""}"
term_b4ced760d035c7fd2518,expectancy at birth by sex - ENP-South,cluster_8cbdd0602d88,agglomerative,"{""distance_threshold"": 0.35, ""linkage"": ""average""}"
term_d6bc2460ef80387f97a0,expectancy at birth by sex - ENP-South countries,cluster_8cbdd0602d88,agglomerative,"{""distance_threshold"": 0.35, ""linkage"": ""average""}"
term_404df12b23a905f6fcda,expenditure - % of GDP,cluster_f7c5001b3c2d,agglomerative,"{""distance_threshold"": 0.35, ""linkage"": ""average""}"
term_904984bc53d001778454,expenditure - % of GDP - ENP-East,cluster_f7c5001b3c2d,agglomerative,"{""distance_threshold"": 0.35, ""linkage"": ""average""}"
term_743ee92dbbbdb5254438,expenditure by function,cluster_f7c5001b3c2d,agglomerative,"{""distance_threshold"": 0.35, ""linkage"": ""average""}"
term_ca2b7f491e1b54912a0b,expenditure of general,cluster_f7c5001b3c2d,agglomerative,"{""distance_threshold"": 0.35, ""linkage"": ""average""}"
term_b4834240effa5004d1bb,expenditure of general government,cluster_f7c5001b3c2d,agglomerative,"{""distance_threshold"": 0.35, ""linkage"": ""average""}"
term_e6e93f10741c9d86725b,expenditure on education,cluster_f7c5001b3c2d,agglomerative,"{""distance_threshold"": 0.35, ""linkage"": ""average""}"
term_b22b18b77a892738a5ba,expenditure on education - ENP-East,cluster_f7c5001b3c2d,agglomerative,"{""distance_threshold"": 0.35, ""linkage"": ""average""}"
term_260e112074708d4f47be,expenditure on education - ENP-East countries,cluster_f7c5001b3c2d,agglomerative,"{""distance_threshold"": 0.35, ""linkage"": ""average""}"
term_1b18f0b2768d7dd26eab,expenditure on education - ENP-South,cluster_f7c5001b3c2d,agglomerative,"{""distance_threshold"": 0.35, ""linkage"": ""average""}"
term_c9cd90892f0c59bb529b,expenditure on education - ENP-South countries,cluster_f7c5001b3c2d,agglomerative,"{""distance_threshold"": 0.35, ""linkage"": ""average""}"
term_16b580190eeb18be86a6,Expenditure on education in,cluster_f7c5001b3c2d,agglomerative,"{""distance_threshold"": 0.35, ""linkage"": ""average""}"
term_826144ba68940aea0897,Expenditure on education in constant,cluster_fc59ce925147,agglomerative,"{""distance_threshold"": 0.35, ""linkage"": ""average""}"
term_9c16d79cea97b0714de5,Expenditure on education in constant prices,cluster_fc59ce925147,agglomerative,"{""distance_threshold"": 0.35, ""linkage"": ""average""}"
term_e8c286280f2e3bde9526,expenditure on environmental,cluster_f7c5001b3c2d,agglomerative,"{""distance_threshold"": 0.35, ""linkage"": ""average""}"
term_baa742710f2754f011ae,expenditure on environmental protection,cluster_f7c5001b3c2d,agglomerative,"{""distance_threshold"": 0.35, ""linkage"": ""average""}"
term_140f340c4e9f9c6b334e,expenditure on healthcare,cluster_f7c5001b3c2d,agglomerative,"{""distance_threshold"": 0.35, ""linkage"": ""average""}"
term_d4b126f906609c17519c,Expenditure on public,cluster_f7c5001b3c2d,agglomerative,"{""distance_threshold"": 0.35, ""linkage"": ""average""}"
term_85cb67dc2e57b7ffd062,Expenditure on public educational,cluster_f7c5001b3c2d,agglomerative,"{""distance_threshold"": 0.35, ""linkage"": ""average""}"
term_b1fb19c84fd17e2fd413,Expenditure on public educational institutions,cluster_f7c5001b3c2d,agglomerative,"{""distance_threshold"": 0.35, ""linkage"": ""average""}"
term_c8500cf55cc888acb2c3,Expenditure on public educational institutions - as,cluster_f7c5001b3c2d,agglomerative,"{""distance_threshold"": 0.35, ""linkage"": ""average""}"
term_89fadd88129635a47b24,Expenditure on public educational institutions - as % of,cluster_f7c5001b3c2d,agglomerative,"{""distance_threshold"": 0.35, ""linkage"": ""average""}"
term_567eb61c3f09d148d2a5,Expenditure on public educational institutions - as % of total,cluster_f7c5001b3c2d,agglomerative,"{""distance_threshold"": 0.35, ""linkage"": ""average""}"
term_bf772c90f95cd422ec1d,Expenditure on public educational institutions - as % of total or current expenditure,cluster_f7c5001b3c2d,agglomerative,"{""distance_threshold"": 0.35, ""linkage"": ""average""}"
term_0d752fa41e09bba6e3ba,Expenditure on road,cluster_f7c5001b3c2d,agglomerative,"{""distance_threshold"": 0.35, ""linkage"": ""average""}"
term_724b1f931a9bf93733d9,Expenditure on road transport,cluster_f7c5001b3c2d,agglomerative,"{""distance_threshold"": 0.35, ""linkage"": ""average""}"
term_a5401bdfb78829273164,Expenditure on road transport vehicles,cluster_f7c5001b3c2d,agglomerative,"{""distance_threshold"": 0.35, ""linkage"": ""average""}"
term_a1fe966fecd5970f3802,Expenditure on road transport vehicles and,cluster_f7c5001b3c2d,agglomerative,"{""distance_threshold"": 0.35, ""linkage"": ""average""}"
term_7091625654a90d71f02d,Expenditure on road transport vehicles and road,cluster_f7c5001b3c2d,agglomerative,"{""distance_threshold"": 0.35, ""linkage"": ""average""}"
term_27f5a1f9c59e1b87dc68,Expenditure on road transport vehicles and road infrastructure,cluster_f7c5001b3c2d,agglomerative,"{""distance_threshold"": 0.35, ""linkage"": ""average""}"
term_65191613d641c710df5b,Expenditure on rolling,cluster_f7c5001b3c2d,agglomerative,"{""distance_threshold"": 0.35, ""linkage"": ""average""}"
term_3cb4a87ace172d83c8c3,Expenditure on rolling stock,cluster_f7c5001b3c2d,agglomerative,"{""distance_threshold"": 0.35, ""linkage"": ""average""}"
term_92344576548e820d70fd,Expenditure on rolling stock and,cluster_f7c5001b3c2d,agglomerative,"{""distance_threshold"": 0.35, ""linkage"": ""average""}"
term_5e072538771cb86781f5,Expenditure on rolling stock and railway,cluster_f7c5001b3c2d,agglomerative,"{""distance_threshold"": 0.35, ""linkage"": ""average""}"
term_46da92b563b9ffdccb55,Expenditure on rolling stock and railway infrastructure,cluster_f7c5001b3c2d,agglomerative,"{""distance_threshold"": 0.35, ""linkage"": ""average""}"
term_fa235f936ff3b835afb3,Expenditure on social,cluster_f7c5001b3c2d,agglomerative,"{""distance_threshold"": 0.35, ""linkage"": ""average""}"
term_eac8a612899297bcaec1,Expenditure on social protection,cluster_f7c5001b3c2d,agglomerative,"{""distance_threshold"": 0.35, ""linkage"": ""average""}"
term_c0fbd1c9e60a80925eae,Expenditure on social protection as,cluster_f7c5001b3c2d,agglomerative,"{""distance_threshold"": 0.35, ""linkage"": ""average""}"
term_1921c5c61888e61bcbc9,Expenditure on social protection by,cluster_f7c5001b3c2d,agglomerative,"{""distance_threshold"": 0.35, ""linkage"": ""average""}"
term_6e80a6ca3ae0ebf52856,Expenditure on social protection by type,cluster_f7c5001b3c2d,agglomerative,"{""distance_threshold"": 0.35, ""linkage"": ""average""}"
term_6e93b26be01ea80e29ed,Expenditure on social protection per,cluster_f7c5001b3c2d,agglomerative,"{""distance_threshold"": 0.35, ""linkage"": ""average""}"
term_c0c99d4db4d77e290f77,Expenditure on social protection per inhabitant,cluster_f7c5001b3c2d,agglomerative,"{""distance_threshold"": 0.35, ""linkage"": ""average""}"
term_aead5de8eb0517ab72ab,Expenditure on social protection per inhabitant at,cluster_f7c5001b3c2d,agglomerative,"{""distance_threshold"": 0.35, ""linkage"": ""average""}"
term_18e7249d8bfb620aa23e,Expenditure on social protection per inhabitant at constant,cluster_f7c5001b3c2d,agglomerative,"{""distance_threshold"": 0.35, ""linkage"": ""average""}"
term_a87ced2df78c51659769,Expenditure on social protection per inhabitant at constant prices,cluster_f7c5001b3c2d,agglomerative,"{""distance_threshold"": 0.35, ""linkage"": ""average""}"
term_61b60ca3567a57ee6e3d,Expenditure on social protection per inhabitant in,cluster_f7c5001b3c2d,agglomerative,"{""distance_threshold"": 0.35, ""linkage"": ""average""}"
term_30dd549a4d0eb8151b25,Expenditure on social protection per inhabitant in PPS,cluster_f7c5001b3c2d,agglomerative,"{""distance_threshold"": 0.35, ""linkage"": ""average""}"
term_e9cda4e909fe7a2765e0,Expenditure on waterway,cluster_f7c5001b3c2d,agglomerative,"{""distance_threshold"": 0.35, ""linkage"": ""average""}"
term_cf3029eb12a80919242a,Expenditure on waterway transport,cluster_f7c5001b3c2d,agglomerative,"{""distance_threshold"": 0.35, ""linkage"": ""average""}"
term_b21503da58ff6b9be811,Expenditure on waterway transport infrastructure,cluster_f7c5001b3c2d,agglomerative,"{""distance_threshold"": 0.35, ""linkage"": ""average""}"
term_4fb6351e8bf5859bc4ac,Expenditure on waterway transport infrastructure and,cluster_f7c5001b3c2d,agglomerative,"{""distance_threshold"": 0.35, ""linkage"": ""average""}"
term_e94d54d68c1a1fd5154e,Expenditure on waterway transport infrastructure and freight,cluster_f7c5001b3c2d,agglomerative,"{""distance_threshold"": 0.35, ""linkage"": ""average""}"
term_0121d15f00fd5074d0bf,Expenditure on waterway transport infrastructure and freight vessels,cluster_f7c5001b3c2d,agglomerative,"{""distance_threshold"": 0.35, ""linkage"": ""average""}"
term_dde7cd66229b46fd2567,expenditure per night,cluster_f7c5001b3c2d,agglomerative,"{""distance_threshold"": 0.35, ""linkage"": ""average""}"
term_79a8ccd55d477e649721,expenditure per trip,cluster_f7c5001b3c2d,agglomerative,"{""distance_threshold"": 0.35, ""linkage"": ""average""}"
term_15d9653e0ee18d00f188,"expenditure, current",cluster_fc59ce925147,agglomerative,"{""distance_threshold"": 0.35, ""linkage"": ""average""}"
term_2315e7ac90aa4ec54b89,"expenditure, current prices",cluster_fc59ce925147,agglomerative,"{""distance_threshold"": 0.35, ""linkage"": ""average""}"
term_f5aa5087830dc9dc8399,"expenditure, volumes",cluster_f7c5001b3c2d,agglomerative,"{""distance_threshold"": 0.35, ""linkage"": ""average""}"
term_af395f1610bfa9afa413,Exports of goods - machinery and transport equipment,cluster_b9a3b7632ab8,agglomerative,"{""distance_threshold"": 0.35, ""linkage"": ""average""}"
term_233266d63f959636da6c,Exports of goods and services in % of GDP,cluster_f5e40cb5cbdd,agglomerative,"{""distance_threshold"": 0.35, ""linkage"": ""average""}"
term_5812395fd08da5567a97,exposed to employment-related,cluster_fd27aed274d2,agglomerative,"{""distance_threshold"": 0.35, ""linkage"": ""average""}"
term_34580ac53e5eaa1c79e8,exposed to employment-related physical,cluster_fd27aed274d2,agglomerative,"{""distance_threshold"": 0.35, ""linkage"": ""average""}"
term_8b81b517347179947fc2,"exposed to employment-related physical, psychological",cluster_fd27aed274d2,agglomerative,"{""distance_threshold"": 0.35, ""linkage"": ""average""}"
term_f98c68c67133ddf86700,"External balance of goods and services, current prices",cluster_fc59ce925147,agglomerative,"{""distance_threshold"": 0.35, ""linkage"": ""average""}"
term_1d47ea87a339d2065cad,"external debt - annual data, % of GDP",cluster_f5e40cb5cbdd,agglomerative,"{""distance_threshold"": 0.35, ""linkage"": ""average""}"
term_251267626bc1f0456539,"external debt - quarterly data, % of GDP",cluster_f5e40cb5cbdd,agglomerative,"{""distance_threshold"": 0.35, ""linkage"": ""average""}"
term_2a9f7a94f088b292e614,factor income,cluster_0958acf3e7dc,agglomerative,"{""distance_threshold"": 0.35, ""linkage"": ""average""}"
term_006ecd13a17f79856644,FDI stocks in % of GDP,cluster_f5e40cb5cbdd,agglomerative,"{""distance_threshold"": 0.35, ""linkage"": ""average""}"
term_2cc131ee8447129834c4,Final consumption expenditure of,cluster_f7c5001b3c2d,agglomerative,"{""distance_threshold"": 0.35, ""linkage"": ""average""}"
term_5b8c123a91a68022d492,Final consumption expenditure of general,cluster_f7c5001b3c2d,agglomerative,"{""distance_threshold"": 0.35, ""linkage"": ""average""}"
term_bfe3e941a978934b32fe,Final consumption expenditure of households,cluster_f7c5001b3c2d,agglomerative,"{""distance_threshold"": 0.35, ""linkage"": ""average""}"
term_e0741f8d4320e29df655,Final consumption expenditure of households and,cluster_f7c5001b3c2d,agglomerative,"{""distance_threshold"": 0.35, ""linkage"": ""average""}"
term_ee9ccd055475c4cdd9a5,Final consumption expenditure of households and non-profit,cluster_f7c5001b3c2d,agglomerative,"{""distance_threshold"": 0.35, ""linkage"": ""average""}"
term_78400a6d6412ae4efa9d,Final consumption expenditure of households and non-profit institutions,cluster_f7c5001b3c2d,agglomerative,"{""distance_threshold"": 0.35, ""linkage"": ""average""}"
term_f1ad67c786a97690fa75,Final consumption expenditure of households and non-profit institutions serving households - annual data,cluster_f7c5001b3c2d,agglomerative,"{""distance_threshold"": 0.35, ""linkage"": ""average""}"
term_0c9ff61611e8156fba00,Final consumption expenditure of households and NPISH,cluster_f7c5001b3c2d,agglomerative,"{""distance_threshold"": 0.35, ""linkage"": ""average""}"
term_33a626eb4fd1fdb4e808,"Final consumption expenditure of households and NPISH, current",cluster_f7c5001b3c2d,agglomerative,"{""distance_threshold"": 0.35, ""linkage"": ""average""}"
term_115d903267dadba6da0f,"Final consumption expenditure of households and NPISH, current prices",cluster_f7c5001b3c2d,agglomerative,"{""distance_threshold"": 0.35, ""linkage"": ""average""}"
term_5bd6cc28bc0c9ce94e30,"Final consumption expenditure of households and NPISH, volumes",cluster_f7c5001b3c2d,agglomerative,"{""distance_threshold"": 0.35, ""linkage"": ""average""}"
term_7e8e3cf5913a62cf61f9,"final consumption expenditure, current",cluster_fc59ce925147,agglomerative,"{""distance_threshold"": 0.35, ""linkage"": ""average""}"
term_147a3f7aa81ab3322f80,"final consumption expenditure, current prices",cluster_fc59ce925147,agglomerative,"{""distance_threshold"": 0.35, ""linkage"": ""average""}"
term_717040c4aae130bb1bc6,"final consumption expenditure, volumes",cluster_f7c5001b3c2d,agglomerative,"{""distance_threshold"": 0.35, ""linkage"": ""average""}"
term_d1a57151199d56c5e07f,Financial aid to students by education level - as % of total public expenditure,cluster_f7c5001b3c2d,agglomerative,"{""distance_threshold"": 0.35, ""linkage"": ""average""}"
term_33d27a1425fbb8fc6f85,fixed capital formation at current prices,cluster_fc59ce925147,agglomerative,"{""distance_threshold"": 0.35, ""linkage"": ""average""}"
term_213070b47aa8a2ee8cb6,"fixed capital formation, current prices",cluster_fc59ce925147,agglomerative,"{""distance_threshold"": 0.35, ""linkage"": ""average""}"
term_a63712e12248336eed24,"flow, consolidated - % GDP",cluster_f5e40cb5cbdd,agglomerative,"{""distance_threshold"": 0.35, ""linkage"": ""average""}"
term_98ca2faf1d14d8708941,"flow: debt securities by sectors, consolidated - % of GDP",cluster_f5e40cb5cbdd,agglomerative,"{""distance_threshold"": 0.35, ""linkage"": ""average""}"
term_407f4f820392e17477d7,"flow: debt securities by sectors, non-consolidated - % of GDP",cluster_f5e40cb5cbdd,agglomerative,"{""distance_threshold"": 0.35, ""linkage"": ""average""}"
term_55482c2cde48f1b0dc42,"flow: loans by sectors, consolidated - % of GDP",cluster_f5e40cb5cbdd,agglomerative,"{""distance_threshold"": 0.35, ""linkage"": ""average""}"
term_13c248372e520f16cf60,"flow: loans by sectors, non-consolidated - % of GDP",cluster_f5e40cb5cbdd,agglomerative,"{""distance_threshold"": 0.35, ""linkage"": ""average""}"
term_fec54cc195039d203451,"flows) - annual data, % of GDP",cluster_f5e40cb5cbdd,agglomerative,"{""distance_threshold"": 0.35, ""linkage"": ""average""}"
term_a7ea921ae535eee47205,for cross trade and employment,cluster_e7477d78f08b,agglomerative,"{""distance_threshold"": 0.35, ""linkage"": ""average""}"
term_8ed2ddc77449e06f5b2d,for cross trade and employment size,cluster_e7477d78f08b,agglomerative,"{""distance_threshold"": 0.35, ""linkage"": ""average""}"
term_c0160d4413e48205358b,for cross trade and employment size class,cluster_e7477d78f08b,agglomerative,"{""distance_threshold"": 0.35, ""linkage"": ""average""}"
term_127c9ab28b1bde465d90,for personal purposes - % of total population,cluster_021a934ea779,agglomerative,"{""distance_threshold"": 0.35, ""linkage"": ""average""}"
term_9aeeb2ba12063e8868ca,for the production of grain,cluster_4c9b1b408341,agglomerative,"{""distance_threshold"": 0.35, ""linkage"": ""average""}"
term_be80fbc390b62576f8a4,for the production of grain (including,cluster_4c9b1b408341,agglomerative,"{""distance_threshold"": 0.35, ""linkage"": ""average""}"
term_ee3f716aefc5ab1c4e71,for the production of grain (including seed,cluster_4c9b1b408341,agglomerative,"{""distance_threshold"": 0.35, ""linkage"": ""average""}"
term_57c910fcc96014284b74,for the production of grain (including seed) by,cluster_4c9b1b408341,agglomerative,"{""distance_threshold"": 0.35, ""linkage"": ""average""}"
term_f3ae2a10579c3fbd217e,Foreign-born population,cluster_0026a7097726,agglomerative,"{""distance_threshold"": 0.35, ""linkage"": ""average""}"
term_9b7524b7f4b26277115a,formation at current prices,cluster_fc59ce925147,agglomerative,"{""distance_threshold"": 0.35, ""linkage"": ""average""}"
term_1ddf49e88ca24d083e69,"formation, current prices",cluster_fc59ce925147,agglomerative,"{""distance_threshold"": 0.35, ""linkage"": ""average""}"
term_39de1f14cd5fe4b343a1,Freight and mail air transport (including national transport),cluster_0b86931b6154,agglomerative,"{""distance_threshold"": 0.35, ""linkage"": ""average""}"
term_5e2d8a28ef31383d28d4,Freight and mail air transport (including national transport) - ENP-South countries,cluster_0b86931b6154,agglomerative,"{""distance_threshold"": 0.35, ""linkage"": ""average""}"
term_f354ea1081d17071b4ab,Freight and mail air transport over national territory (including territorial sea),cluster_0b86931b6154,agglomerative,"{""distance_threshold"": 0.35, ""linkage"": ""average""}"
term_f72917bd52f166b5a3b5,freight transport relative to GDP,cluster_f5e40cb5cbdd,agglomerative,"{""distance_threshold"": 0.35, ""linkage"": ""average""}"
term_8ebf348c2b4c251f60d2,from production activities,cluster_33ddf438eacf,agglomerative,"{""distance_threshold"": 0.35, ""linkage"": ""average""}"
term_11036a6b94163f715f04,full-time employment,cluster_2aeba3fc16ae,agglomerative,"{""distance_threshold"": 0.35, ""linkage"": ""average""}"
term_d10f426b97cc3ddf8eda,gap in part-time employment,cluster_be31239b58e7,agglomerative,"{""distance_threshold"": 0.35, ""linkage"": ""average""}"
term_6cd0acffce1bfa576faa,"gap, by type of employment",cluster_be31239b58e7,agglomerative,"{""distance_threshold"": 0.35, ""linkage"": ""average""}"
term_926c7cf87c321b3f3f60,gases emissions from production,cluster_33ddf438eacf,agglomerative,"{""distance_threshold"": 0.35, ""linkage"": ""average""}"
term_0a1b4d3a6476324d85ab,gases emissions from production activities,cluster_33ddf438eacf,agglomerative,"{""distance_threshold"": 0.35, ""linkage"": ""average""}"
term_0766970ca4659731e828,GBARD in total general government expenditure,cluster_f7c5001b3c2d,agglomerative,"{""distance_threshold"": 0.35, ""linkage"": ""average""}"
term_6c5cac28e829684263ca,GDP by institutional,cluster_f5e40cb5cbdd,agglomerative,"{""distance_threshold"": 0.35, ""linkage"": ""average""}"
term_55d441bd3316813815be,GDP by institutional sectors,cluster_f5e40cb5cbdd,agglomerative,"{""distance_threshold"": 0.35, ""linkage"": ""average""}"
term_366e31423c1da3f1342b,GDP deflator,cluster_f5e40cb5cbdd,agglomerative,"{""distance_threshold"": 0.35, ""linkage"": ""average""}"
term_df0276f8dedb65bc5eba,GDP growth,cluster_f5e40cb5cbdd,agglomerative,"{""distance_threshold"": 0.35, ""linkage"": ""average""}"
term_c61e442a1fe8a4a83384,GDP growth rate,cluster_f5e40cb5cbdd,agglomerative,"{""distance_threshold"": 0.35, ""linkage"": ""average""}"
term_b6da7fd873e63d28af46,GDP growth rate - volume,cluster_f5e40cb5cbdd,agglomerative,"{""distance_threshold"": 0.35, ""linkage"": ""average""}"
term_c52976d54185b4b0017b,GDP per capita,cluster_f5e40cb5cbdd,agglomerative,"{""distance_threshold"": 0.35, ""linkage"": ""average""}"
term_9e84cb8a8d6fcf1ee81a,GDP per capita in,cluster_f5e40cb5cbdd,agglomerative,"{""distance_threshold"": 0.35, ""linkage"": ""average""}"
term_2c295ea215a5bc746b20,GDP per capita in PPS,cluster_f5e40cb5cbdd,agglomerative,"{""distance_threshold"": 0.35, ""linkage"": ""average""}"
term_6665672e751ad07cbe62,GDP weights,cluster_f5e40cb5cbdd,agglomerative,"{""distance_threshold"": 0.35, ""linkage"": ""average""}"
term_16ac614ca1b3bd904552,GDP weights used,cluster_f5e40cb5cbdd,agglomerative,"{""distance_threshold"": 0.35, ""linkage"": ""average""}"
term_0bb9e5d643bd0849fb55,GDP weights used in,cluster_f5e40cb5cbdd,agglomerative,"{""distance_threshold"": 0.35, ""linkage"": ""average""}"
term_63e138883fc6f5b3559b,GDP weights used in the,cluster_f5e40cb5cbdd,agglomerative,"{""distance_threshold"": 0.35, ""linkage"": ""average""}"
term_de7d13bd8364e1ebd35b,GDP weights used in the calculation,cluster_f5e40cb5cbdd,agglomerative,"{""distance_threshold"": 0.35, ""linkage"": ""average""}"
term_ee32f82e2c4088dd82d9,GDP weights used in the calculation of,cluster_f5e40cb5cbdd,agglomerative,"{""distance_threshold"": 0.35, ""linkage"": ""average""}"
term_ad1fb7b7dd2df7d2ee19,GDP weights used in the calculation of the,cluster_f5e40cb5cbdd,agglomerative,"{""distance_threshold"": 0.35, ""linkage"": ""average""}"
term_a7f8640f667814e9fbfc,GDP weights used in the calculation of the global specific indicator,cluster_f5e40cb5cbdd,agglomerative,"{""distance_threshold"": 0.35, ""linkage"": ""average""}"
term_61e85e027c44ab4683b8,Gender differences in the relative income,cluster_0958acf3e7dc,agglomerative,"{""distance_threshold"": 0.35, ""linkage"": ""average""}"
term_4246615d9a48834058fa,Gender differences in the relative income of,cluster_0958acf3e7dc,agglomerative,"{""distance_threshold"": 0.35, ""linkage"": ""average""}"
term_6eef0a8b6d3338822dee,Gender differences in the relative income of elderly,cluster_0958acf3e7dc,agglomerative,"{""distance_threshold"": 0.35, ""linkage"": ""average""}"
term_2e238609443153c1dccf,Gender differences in the relative income of elderly people (65+),cluster_0958acf3e7dc,agglomerative,"{""distance_threshold"": 0.35, ""linkage"": ""average""}"
term_99869cc8c80491bbbd12,Gender differences in the relative income of elderly people (65+) - EU-SILC survey,cluster_0958acf3e7dc,agglomerative,"{""distance_threshold"": 0.35, ""linkage"": ""average""}"
term_5656604e789ceb3395e9,Gender differences in the relative income of older,cluster_0958acf3e7dc,agglomerative,"{""distance_threshold"": 0.35, ""linkage"": ""average""}"
term_38c1e42ad3a781b8ce27,Gender differences in the relative income of older people,cluster_0958acf3e7dc,agglomerative,"{""distance_threshold"": 0.35, ""linkage"": ""average""}"
term_09a908de463198bdf18f,Gender differences in the relative income of older people - EU-SILC survey,cluster_0958acf3e7dc,agglomerative,"{""distance_threshold"": 0.35, ""linkage"": ""average""}"
term_5d5dc23867821f2a5249,Gender employment,cluster_be31239b58e7,agglomerative,"{""distance_threshold"": 0.35, ""linkage"": ""average""}"
term_c7ee91110d164407d42e,Gender employment gap by,cluster_be31239b58e7,agglomerative,"{""distance_threshold"": 0.35, ""linkage"": ""average""}"
term_f324f5ece1a6aac5840b,Gender employment gap by degree,cluster_be31239b58e7,agglomerative,"{""distance_threshold"": 0.35, ""linkage"": ""average""}"
term_7dbbf2c726f1a390d050,Gender employment gap by degree of,cluster_be31239b58e7,agglomerative,"{""distance_threshold"": 0.35, ""linkage"": ""average""}"
term_523b5db9b2693145b25e,Gender employment gap by degree of urbanisation,cluster_be31239b58e7,agglomerative,"{""distance_threshold"": 0.35, ""linkage"": ""average""}"
term_0e3e8ae54b2648685f68,"Gender employment gap, by",cluster_be31239b58e7,agglomerative,"{""distance_threshold"": 0.35, ""linkage"": ""average""}"
term_5e9368adf24d6ca0805e,"Gender employment gap, by type",cluster_be31239b58e7,agglomerative,"{""distance_threshold"": 0.35, ""linkage"": ""average""}"
term_101997d5f4d50dff669f,"Gender employment gap, by type of",cluster_be31239b58e7,agglomerative,"{""distance_threshold"": 0.35, ""linkage"": ""average""}"
term_9718df264a1793a565c9,"Gender employment gap, by type of employment",cluster_be31239b58e7,agglomerative,"{""distance_threshold"": 0.35, ""linkage"": ""average""}"
term_f36eb226e177a37eccaa,Gender gap in part-time employment,cluster_be31239b58e7,agglomerative,"{""distance_threshold"": 0.35, ""linkage"": ""average""}"
term_d568e02e14bc35c58cb8,General government employment,cluster_717245bdba31,agglomerative,"{""distance_threshold"": 0.35, ""linkage"": ""average""}"
term_721e72e4abed42872355,general government expenditure,cluster_f7c5001b3c2d,agglomerative,"{""distance_threshold"": 0.35, ""linkage"": ""average""}"
term_74476ab2b5d7e1bdf1aa,General government expenditure by,cluster_f7c5001b3c2d,agglomerative,"{""distance_threshold"": 0.35, ""linkage"": ""average""}"
term_e7c0eb872bd0448f567a,General government expenditure by function,cluster_f7c5001b3c2d,agglomerative,"{""distance_threshold"": 0.35, ""linkage"": ""average""}"
term_626238b9a90b5256c8ae,General government total expenditure,cluster_f7c5001b3c2d,agglomerative,"{""distance_threshold"": 0.35, ""linkage"": ""average""}"
term_305a0e9bdc8bb3519d41,General government total expenditure on,cluster_f7c5001b3c2d,agglomerative,"{""distance_threshold"": 0.35, ""linkage"": ""average""}"
term_d1b2e3eb6fc873b02527,General government total expenditure on law,cluster_f7c5001b3c2d,agglomerative,"{""distance_threshold"": 0.35, ""linkage"": ""average""}"
term_537dee1205ecb32bbdaa,General government total expenditure on law courts,cluster_f7c5001b3c2d,agglomerative,"{""distance_threshold"": 0.35, ""linkage"": ""average""}"
term_3a96181f535cf675fed7,Generation of waste excluding major mineral wastes per GDP unit,cluster_f5e40cb5cbdd,agglomerative,"{""distance_threshold"": 0.35, ""linkage"": ""average""}"
term_49d1c97f52f01d6626d1,Gini coefficient of equivalised disposable income before,cluster_0958acf3e7dc,agglomerative,"{""distance_threshold"": 0.35, ""linkage"": ""average""}"
term_525cef34c25d639afa56,Gini coefficient of equivalised disposable income before social,cluster_0958acf3e7dc,agglomerative,"{""distance_threshold"": 0.35, ""linkage"": ""average""}"
term_0e2307e31f6b17f4428d,Gini coefficient of equivalised disposable income before social transfers (pensions excluded from social transfers),cluster_0958acf3e7dc,agglomerative,"{""distance_threshold"": 0.35, ""linkage"": ""average""}"
term_5b8a86d13344cbd5b242,Gini coefficient of equivalised disposable income before social transfers (pensions included in social transfers),cluster_0958acf3e7dc,agglomerative,"{""distance_threshold"": 0.35, ""linkage"": ""average""}"
term_611241ecf839e22d52ae,Gini coefficient of equivalised disposable income by,cluster_0958acf3e7dc,agglomerative,"{""distance_threshold"": 0.35, ""linkage"": ""average""}"
term_577b998e77e6ecacb649,Gini coefficient of equivalised disposable income by age,cluster_0958acf3e7dc,agglomerative,"{""distance_threshold"": 0.35, ""linkage"": ""average""}"
term_fc07b47631d01b3c08c3,Gini coefficient on household population,cluster_021a934ea779,agglomerative,"{""distance_threshold"": 0.35, ""linkage"": ""average""}"
term_736a9f4b4c1850998f3c,Gini coefficient on household population - experimental,cluster_021a934ea779,agglomerative,"{""distance_threshold"": 0.35, ""linkage"": ""average""}"
term_48f8ab7f344df9f62f58,Gini coefficient on household population - experimental statistics,cluster_021a934ea779,agglomerative,"{""distance_threshold"": 0.35, ""linkage"": ""average""}"
term_97046a60a1a8925deedd,goods and services in % of GDP,cluster_f5e40cb5cbdd,agglomerative,"{""distance_threshold"": 0.35, ""linkage"": ""average""}"
term_71fb5d2425a66327336c,"goods and services, current prices",cluster_fc59ce925147,agglomerative,"{""distance_threshold"": 0.35, ""linkage"": ""average""}"
term_4a9d877274999bcc8639,goods road transport enterprises by employment,cluster_e7477d78f08b,agglomerative,"{""distance_threshold"": 0.35, ""linkage"": ""average""}"
term_441b95df1e1343cc904e,goods road transport enterprises by employment size,cluster_e7477d78f08b,agglomerative,"{""distance_threshold"": 0.35, ""linkage"": ""average""}"
term_6f657ad56da603744e65,Goods road transport enterprises by number of vehicles,cluster_e7477d78f08b,agglomerative,"{""distance_threshold"": 0.35, ""linkage"": ""average""}"
term_a8781b86da3b752f69bd,Goods transport by rail,cluster_b9a3b7632ab8,agglomerative,"{""distance_threshold"": 0.35, ""linkage"": ""average""}"
term_83f4130ed4f379e5ebf9,Goods transport by road,cluster_b9a3b7632ab8,agglomerative,"{""distance_threshold"": 0.35, ""linkage"": ""average""}"
term_454b60d6038aeaf7dfdf,Goods transport by waterways,cluster_b9a3b7632ab8,agglomerative,"{""distance_threshold"": 0.35, ""linkage"": ""average""}"
term_047c9239143df8136f91,Goods transported,cluster_b9a3b7632ab8,agglomerative,"{""distance_threshold"": 0.35, ""linkage"": ""average""}"
term_1575199f961fd6cde6d7,Goods transported (detailed reporting only ),cluster_b9a3b7632ab8,agglomerative,"{""distance_threshold"": 0.35, ""linkage"": ""average""}"
term_f68670e75aff7b03543b,Goods transported (detailed reporting only ) - quarterly data,cluster_b9a3b7632ab8,agglomerative,"{""distance_threshold"": 0.35, ""linkage"": ""average""}"
term_7abc3292942090afa980,Goods transported by rail,cluster_b9a3b7632ab8,agglomerative,"{""distance_threshold"": 0.35, ""linkage"": ""average""}"
term_57558496f0fd3ea26847,Goods transported by rail - ENP-East countries,cluster_b9a3b7632ab8,agglomerative,"{""distance_threshold"": 0.35, ""linkage"": ""average""}"
term_7b36a7699313ac1e7386,Goods transported by type of consignment,cluster_b9a3b7632ab8,agglomerative,"{""distance_threshold"": 0.35, ""linkage"": ""average""}"
term_5340f52ad0bc5ca5db94,government employment,cluster_717245bdba31,agglomerative,"{""distance_threshold"": 0.35, ""linkage"": ""average""}"
term_754a89387a653562cc53,government expenditure,cluster_f7c5001b3c2d,agglomerative,"{""distance_threshold"": 0.35, ""linkage"": ""average""}"
term_8dd230545f5c1509f35e,government expenditure by,cluster_f7c5001b3c2d,agglomerative,"{""distance_threshold"": 0.35, ""linkage"": ""average""}"
term_1af016a4627d19e2cb1c,government expenditure by function,cluster_f7c5001b3c2d,agglomerative,"{""distance_threshold"": 0.35, ""linkage"": ""average""}"
term_92288cc1ff6b99598bc9,Government final consumption expenditure,cluster_f7c5001b3c2d,agglomerative,"{""distance_threshold"": 0.35, ""linkage"": ""average""}"
term_39b59e6b87b11a8f5757,"Government final consumption expenditure, current",cluster_fc59ce925147,agglomerative,"{""distance_threshold"": 0.35, ""linkage"": ""average""}"
term_3dfd8e54220a5a7f4b4c,"Government final consumption expenditure, current prices",cluster_fc59ce925147,agglomerative,"{""distance_threshold"": 0.35, ""linkage"": ""average""}"
term_a3b5edd80874bf518515,"Government final consumption expenditure, volumes",cluster_f7c5001b3c2d,agglomerative,"{""distance_threshold"": 0.35, ""linkage"": ""average""}"
term_000d0c45492699547811,Government support to agricultural research and development,cluster_dddfcfe3c7b4,agglomerative,"{""distance_threshold"": 0.35, ""linkage"": ""average""}"
term_84940349d366bf49cdcd,government total expenditure,cluster_f7c5001b3c2d,agglomerative,"{""distance_threshold"": 0.35, ""linkage"": ""average""}"
term_53413d7d129e22355407,government total expenditure on,cluster_f7c5001b3c2d,agglomerative,"{""distance_threshold"": 0.35, ""linkage"": ""average""}"
term_d7894fa33b1b034dad98,government total expenditure on law,cluster_f7c5001b3c2d,agglomerative,"{""distance_threshold"": 0.35, ""linkage"": ""average""}"
term_3efa7c6237e4cd8b0785,government total expenditure on law courts,cluster_f7c5001b3c2d,agglomerative,"{""distance_threshold"": 0.35, ""linkage"": ""average""}"
term_c09913cf45bdb5830bad,Graduates at doctoral level by sex and age groups - per 1000 of population aged 25-34,cluster_586194a4eb3a,agglomerative,"{""distance_threshold"": 0.35, ""linkage"": ""average""}"
term_75f99b8a1b5911e78516,"Graduates at doctoral level, in science, math., computing, engineering, manufacturing, construction, by sex - per 1000 of population aged 25-34",cluster_586194a4eb3a,agglomerative,"{""distance_threshold"": 0.35, ""linkage"": ""average""}"
term_03f6cea24e5477ac14c6,"Grain maize and corn-cob-mix by area, production",cluster_4c9b1b408341,agglomerative,"{""distance_threshold"": 0.35, ""linkage"": ""average""}"
term_9838c696b0ffa051ac3c,"Grain maize and corn-cob-mix by area, production and",cluster_4c9b1b408341,agglomerative,"{""distance_threshold"": 0.35, ""linkage"": ""average""}"
term_b86ab4699fecadbd4c05,"Grain maize and corn-cob-mix by area, production and humidity",cluster_4c9b1b408341,agglomerative,"{""distance_threshold"": 0.35, ""linkage"": ""average""}"
term_a42f6f49f0d22fbc8143,Grapes by production,cluster_4c9b1b408341,agglomerative,"{""distance_threshold"": 0.35, ""linkage"": ""average""}"
term_0aca079273b377c6970a,"Green maize by area, production",cluster_4c9b1b408341,agglomerative,"{""distance_threshold"": 0.35, ""linkage"": ""average""}"
term_9f1ad2c97a4e9a883eec,"Green maize by area, production and",cluster_4c9b1b408341,agglomerative,"{""distance_threshold"": 0.35, ""linkage"": ""average""}"
term_9f5d8553695db4a24cad,"Green maize by area, production and humidity",cluster_4c9b1b408341,agglomerative,"{""distance_threshold"": 0.35, ""linkage"": ""average""}"
term_dc5a7f9e51e371f4900d,Greenhouse gases emissions from production,cluster_33ddf438eacf,agglomerative,"{""distance_threshold"": 0.35, ""linkage"": ""average""}"
term_0e3fb5e8571efdb988ec,Greenhouse gases emissions from production activities,cluster_33ddf438eacf,agglomerative,"{""distance_threshold"": 0.35, ""linkage"": ""average""}"
term_8fe3dda6b4e2c4ae6057,Gross debt-to-income,cluster_0958acf3e7dc,agglomerative,"{""distance_threshold"": 0.35, ""linkage"": ""average""}"
term_01ae5a4292548a0830e8,Gross debt-to-income ratio,cluster_0958acf3e7dc,agglomerative,"{""distance_threshold"": 0.35, ""linkage"": ""average""}"
term_40155cac7bd218a632dd,Gross debt-to-income ratio of,cluster_0958acf3e7dc,agglomerative,"{""distance_threshold"": 0.35, ""linkage"": ""average""}"
term_ffaf9a30e0d7a69ee461,Gross debt-to-income ratio of households,cluster_0958acf3e7dc,agglomerative,"{""distance_threshold"": 0.35, ""linkage"": ""average""}"
term_b64f606af45124cb24c3,gross disposable income of,cluster_0958acf3e7dc,agglomerative,"{""distance_threshold"": 0.35, ""linkage"": ""average""}"
term_aedddfc7c5927955b6ce,gross disposable income of households,cluster_0958acf3e7dc,agglomerative,"{""distance_threshold"": 0.35, ""linkage"": ""average""}"
term_4dd840bd4f7fc2734167,gross disposable income of households per,cluster_0958acf3e7dc,agglomerative,"{""distance_threshold"": 0.35, ""linkage"": ""average""}"
term_4d90805530a9fc6b3a92,gross disposable income of households per capita,cluster_0958acf3e7dc,agglomerative,"{""distance_threshold"": 0.35, ""linkage"": ""average""}"
term_67e1bd6f6bd9d73edf0f,gross disposable income of households per capita in,cluster_0958acf3e7dc,agglomerative,"{""distance_threshold"": 0.35, ""linkage"": ""average""}"
term_1a1df2b9b7e56c3cf206,Gross domestic expenditure,cluster_f7c5001b3c2d,agglomerative,"{""distance_threshold"": 0.35, ""linkage"": ""average""}"
term_e17d45928ae381fecfb0,Gross domestic expenditure on,cluster_f7c5001b3c2d,agglomerative,"{""distance_threshold"": 0.35, ""linkage"": ""average""}"
term_c8cd7098cacdb7163717,Gross domestic expenditure on R,cluster_f7c5001b3c2d,agglomerative,"{""distance_threshold"": 0.35, ""linkage"": ""average""}"
term_5dbf470b6af363a1c1ca,Gross domestic expenditure on R&D,cluster_f7c5001b3c2d,agglomerative,"{""distance_threshold"": 0.35, ""linkage"": ""average""}"
term_5f214685ee30d8ff19fb,Gross domestic expenditure on R&D (GERD,cluster_f7c5001b3c2d,agglomerative,"{""distance_threshold"": 0.35, ""linkage"": ""average""}"
term_03fbe91d9fb3780da7f3,Gross domestic expenditure on R&D (GERD),cluster_f7c5001b3c2d,agglomerative,"{""distance_threshold"": 0.35, ""linkage"": ""average""}"
term_bb99d2a7feab68e085df,Gross domestic expenditure on R&D (GERD) - ENP-East,cluster_f7c5001b3c2d,agglomerative,"{""distance_threshold"": 0.35, ""linkage"": ""average""}"
term_e147987d892497288288,Gross domestic expenditure on R&D (GERD) - ENP-East countries,cluster_f7c5001b3c2d,agglomerative,"{""distance_threshold"": 0.35, ""linkage"": ""average""}"
term_c5191d018687b62114d6,Gross domestic expenditure on research,cluster_f7c5001b3c2d,agglomerative,"{""distance_threshold"": 0.35, ""linkage"": ""average""}"
term_ffb5b517dc3a94544888,Gross domestic expenditure on research and,cluster_f7c5001b3c2d,agglomerative,"{""distance_threshold"": 0.35, ""linkage"": ""average""}"
term_e6e5014e9fd27adc6864,Gross domestic expenditure on research and development,cluster_f7c5001b3c2d,agglomerative,"{""distance_threshold"": 0.35, ""linkage"": ""average""}"
term_51019ce55874da6fa572,Gross domestic expenditure on research and development (R,cluster_f7c5001b3c2d,agglomerative,"{""distance_threshold"": 0.35, ""linkage"": ""average""}"
term_157213bbb658b7604c19,Gross domestic expenditure on research and development (R&D),cluster_f7c5001b3c2d,agglomerative,"{""distance_threshold"": 0.35, ""linkage"": ""average""}"
term_7b0314c48be67584fc6f,Gross domestic product at market prices - ENP-East,cluster_50fcb6e7a7e8,agglomerative,"{""distance_threshold"": 0.35, ""linkage"": ""average""}"
term_9f55fe8d95776762c3e3,Gross domestic product at market prices - ENP-East countries,cluster_50fcb6e7a7e8,agglomerative,"{""distance_threshold"": 0.35, ""linkage"": ""average""}"
term_bc2d5c52e80464a4aab9,Gross domestic product at market prices - ENP-South,cluster_50fcb6e7a7e8,agglomerative,"{""distance_threshold"": 0.35, ""linkage"": ""average""}"
term_930c45421b51de6645cd,Gross domestic product at market prices - ENP-South countries,cluster_50fcb6e7a7e8,agglomerative,"{""distance_threshold"": 0.35, ""linkage"": ""average""}"
term_9a4c06f1440af3ab1a91,Gross domestic product at market prices by,cluster_50fcb6e7a7e8,agglomerative,"{""distance_threshold"": 0.35, ""linkage"": ""average""}"
term_cec938ba052542d9d4b6,Gross domestic product at market prices by expenditure,cluster_50fcb6e7a7e8,agglomerative,"{""distance_threshold"": 0.35, ""linkage"": ""average""}"
term_3300b84d8d1e1cbc3fa4,Gross domestic product at market prices by expenditure - ENP-East countries,cluster_50fcb6e7a7e8,agglomerative,"{""distance_threshold"": 0.35, ""linkage"": ""average""}"
term_dc071a8bc9f2763851ec,Gross domestic product at market prices by expenditure - ENP-South countries,cluster_50fcb6e7a7e8,agglomerative,"{""distance_threshold"": 0.35, ""linkage"": ""average""}"
term_8c80a20920007a0c2a77,"Gross domestic product, current prices",cluster_fc59ce925147,agglomerative,"{""distance_threshold"": 0.35, ""linkage"": ""average""}"
term_b28f611947fbb9543e41,"Gross domestic product, volumes",cluster_f7c5001b3c2d,agglomerative,"{""distance_threshold"": 0.35, ""linkage"": ""average""}"
term_b909730e54c564d77499,Gross fixed capital formation at current prices,cluster_fc59ce925147,agglomerative,"{""distance_threshold"": 0.35, ""linkage"": ""average""}"
term_aa4e3596e1241a2aafa1,"Gross fixed capital formation, current prices",cluster_fc59ce925147,agglomerative,"{""distance_threshold"": 0.35, ""linkage"": ""average""}"
term_bdda8414256d9fd53988,Gross national income (GNI,cluster_0958acf3e7dc,agglomerative,"{""distance_threshold"": 0.35, ""linkage"": ""average""}"
term_8821b8ca0578c3f64ff2,Gross national income (GNI) per,cluster_0958acf3e7dc,agglomerative,"{""distance_threshold"": 0.35, ""linkage"": ""average""}"
term_dabaa8001f873ce3c478,Gross national income (GNI) per capita,cluster_0958acf3e7dc,agglomerative,"{""distance_threshold"": 0.35, ""linkage"": ""average""}"
term_93a92a996ee8636645fa,Gross value added - NACE,cluster_52d12036582f,agglomerative,"{""distance_threshold"": 0.35, ""linkage"": ""average""}"
term_bc6f5734be5c0a013c37,Gross value added - NACE Rev,cluster_52d12036582f,agglomerative,"{""distance_threshold"": 0.35, ""linkage"": ""average""}"
term_f69b2004f76c86f09b48,Gross value added - NACE Rev. 2,cluster_52d12036582f,agglomerative,"{""distance_threshold"": 0.35, ""linkage"": ""average""}"
term_c7e481c1c24a9a40b170,Gross value added - NACE Rev. 2: - current,cluster_52d12036582f,agglomerative,"{""distance_threshold"": 0.35, ""linkage"": ""average""}"
term_523720a52ca07c570e36,Gross value added - NACE Rev. 2: - current prices,cluster_52d12036582f,agglomerative,"{""distance_threshold"": 0.35, ""linkage"": ""average""}"
term_de1275695e85a9ad231b,Gross value added - NACE Rev. 2: - volumes,cluster_52d12036582f,agglomerative,"{""distance_threshold"": 0.35, ""linkage"": ""average""}"
term_93af8307818599ab6492,Gross value added - NACE Rev. 2: A,cluster_52d12036582f,agglomerative,"{""distance_threshold"": 0.35, ""linkage"": ""average""}"
term_033fc78dae8c098f285e,Gross value added - NACE Rev. 2: A - current,cluster_52d12036582f,agglomerative,"{""distance_threshold"": 0.35, ""linkage"": ""average""}"
term_1b36ae99c8e59f36e985,Gross value added - NACE Rev. 2: A - current prices,cluster_52d12036582f,agglomerative,"{""distance_threshold"": 0.35, ""linkage"": ""average""}"
term_284c77bb50fa6394ff34,Gross value added - NACE Rev. 2: A - volumes,cluster_52d12036582f,agglomerative,"{""distance_threshold"": 0.35, ""linkage"": ""average""}"
term_06fc6772cadd4c4688a0,Gross value added - NACE Rev. 2: B-E,cluster_52d12036582f,agglomerative,"{""distance_threshold"": 0.35, ""linkage"": ""average""}"
term_e627eb2b6cef0cf15347,Gross value added - NACE Rev. 2: B-E - current prices,cluster_52d12036582f,agglomerative,"{""distance_threshold"": 0.35, ""linkage"": ""average""}"
term_b02ae624a643197bb062,Gross value added - NACE Rev. 2: B-E - volumes,cluster_52d12036582f,agglomerative,"{""distance_threshold"": 0.35, ""linkage"": ""average""}"
term_c90b6dfba814a36b5f66,Gross value added - NACE Rev. 2: C,cluster_52d12036582f,agglomerative,"{""distance_threshold"": 0.35, ""linkage"": ""average""}"
term_955163537605797e6689,Gross value added - NACE Rev. 2: C - current,cluster_52d12036582f,agglomerative,"{""distance_threshold"": 0.35, ""linkage"": ""average""}"
term_8cddf207ccad91a60de9,Gross value added - NACE Rev. 2: C - current prices,cluster_52d12036582f,agglomerative,"{""distance_threshold"": 0.35, ""linkage"": ""average""}"
term_43b3e9a5541c91515e12,Gross value added - NACE Rev. 2: C - volumes,cluster_52d12036582f,agglomerative,"{""distance_threshold"": 0.35, ""linkage"": ""average""}"
term_50c1406a7075550a7b11,Gross value added - NACE Rev. 2: F,cluster_52d12036582f,agglomerative,"{""distance_threshold"": 0.35, ""linkage"": ""average""}"
term_82eb1340c391b7a76256,Gross value added - NACE Rev. 2: F - current,cluster_52d12036582f,agglomerative,"{""distance_threshold"": 0.35, ""linkage"": ""average""}"
term_aa9dcb3b1b5e3cb0f0d6,Gross value added - NACE Rev. 2: F - current prices,cluster_52d12036582f,agglomerative,"{""distance_threshold"": 0.35, ""linkage"": ""average""}"
term_bca0c3b7c19ae02f790f,Gross value added - NACE Rev. 2: F - volumes,cluster_52d12036582f,agglomerative,"{""distance_threshold"": 0.35, ""linkage"": ""average""}"
term_13cbfa3c8339e7d9e544,Gross value added - NACE Rev. 2: G-I,cluster_52d12036582f,agglomerative,"{""distance_threshold"": 0.35, ""linkage"": ""average""}"
term_ce2cdc7f7b3486cc640f,Gross value added - NACE Rev. 2: G-I - current prices,cluster_52d12036582f,agglomerative,"{""distance_threshold"": 0.35, ""linkage"": ""average""}"
term_4a7ca24e09ef4e55de2f,Gross value added - NACE Rev. 2: G-I - volumes,cluster_52d12036582f,agglomerative,"{""distance_threshold"": 0.35, ""linkage"": ""average""}"
term_a87228af237fab740ba6,Gross value added - NACE Rev. 2: J,cluster_52d12036582f,agglomerative,"{""distance_threshold"": 0.35, ""linkage"": ""average""}"
term_74b8a89650e11e9256a6,Gross value added - NACE Rev. 2: J - current,cluster_52d12036582f,agglomerative,"{""distance_threshold"": 0.35, ""linkage"": ""average""}"
term_120e767f33d49114efb9,Gross value added - NACE Rev. 2: J - current prices,cluster_52d12036582f,agglomerative,"{""distance_threshold"": 0.35, ""linkage"": ""average""}"
term_f9712695721fec6734d3,Gross value added - NACE Rev. 2: J - volumes,cluster_52d12036582f,agglomerative,"{""distance_threshold"": 0.35, ""linkage"": ""average""}"
term_74bd6e2a6955b554e087,Gross value added - NACE Rev. 2: K,cluster_52d12036582f,agglomerative,"{""distance_threshold"": 0.35, ""linkage"": ""average""}"
term_646e182c4632ca162045,Gross value added - NACE Rev. 2: K - current,cluster_52d12036582f,agglomerative,"{""distance_threshold"": 0.35, ""linkage"": ""average""}"
term_132a92984b672ddddfbe,Gross value added - NACE Rev. 2: K - current prices,cluster_52d12036582f,agglomerative,"{""distance_threshold"": 0.35, ""linkage"": ""average""}"
term_d9fb3aeefcbd7e2f796a,Gross value added - NACE Rev. 2: K - volumes,cluster_52d12036582f,agglomerative,"{""distance_threshold"": 0.35, ""linkage"": ""average""}"
term_2f09479027e23b726244,Gross value added - NACE Rev. 2: L,cluster_52d12036582f,agglomerative,"{""distance_threshold"": 0.35, ""linkage"": ""average""}"
term_3c8119ac88585f7272f9,Gross value added - NACE Rev. 2: L - current,cluster_52d12036582f,agglomerative,"{""distance_threshold"": 0.35, ""linkage"": ""average""}"
term_7f231a9b7cbedf86f343,Gross value added - NACE Rev. 2: L - current prices,cluster_52d12036582f,agglomerative,"{""distance_threshold"": 0.35, ""linkage"": ""average""}"
term_8d79218e8970c663f49b,Gross value added - NACE Rev. 2: L - volumes,cluster_52d12036582f,agglomerative,"{""distance_threshold"": 0.35, ""linkage"": ""average""}"
term_253a7405c57e58b764e4,Gross value added - NACE Rev. 2: M,cluster_52d12036582f,agglomerative,"{""distance_threshold"": 0.35, ""linkage"": ""average""}"
term_d56e3819087acbee3b8e,Gross value added - NACE Rev. 2: M_N,cluster_52d12036582f,agglomerative,"{""distance_threshold"": 0.35, ""linkage"": ""average""}"
term_6b43fbddf11cc0d86ec7,Gross value added - NACE Rev. 2: M_N - current prices,cluster_52d12036582f,agglomerative,"{""distance_threshold"": 0.35, ""linkage"": ""average""}"
term_6a4b2ac0d5193a131324,Gross value added - NACE Rev. 2: M_N - volumes,cluster_52d12036582f,agglomerative,"{""distance_threshold"": 0.35, ""linkage"": ""average""}"
term_f8bc54b84da4ac2fb2a3,Gross value added - NACE Rev. 2: O-Q,cluster_52d12036582f,agglomerative,"{""distance_threshold"": 0.35, ""linkage"": ""average""}"
term_45e5d4ea6d3cfabd1255,Gross value added - NACE Rev. 2: O-Q - current prices,cluster_52d12036582f,agglomerative,"{""distance_threshold"": 0.35, ""linkage"": ""average""}"
term_904fdc9e8e59b47185f3,Gross value added - NACE Rev. 2: O-Q - volumes,cluster_52d12036582f,agglomerative,"{""distance_threshold"": 0.35, ""linkage"": ""average""}"
term_b5856af080b04db83fb9,Gross value added - NACE Rev. 2: R-U,cluster_52d12036582f,agglomerative,"{""distance_threshold"": 0.35, ""linkage"": ""average""}"
term_2a7c2482523dd275c758,Gross value added - NACE Rev. 2: R-U - current prices,cluster_52d12036582f,agglomerative,"{""distance_threshold"": 0.35, ""linkage"": ""average""}"
term_05a5d4d4a9fe9df881fb,Gross value added - NACE Rev. 2: R-U - volumes,cluster_52d12036582f,agglomerative,"{""distance_threshold"": 0.35, ""linkage"": ""average""}"
term_f5aaa5fc6a434e6a8c31,Gross value added by,cluster_52d12036582f,agglomerative,"{""distance_threshold"": 0.35, ""linkage"": ""average""}"
term_7b14b367f153f0478857,Gross value added by industry,cluster_52d12036582f,agglomerative,"{""distance_threshold"": 0.35, ""linkage"": ""average""}"
term_1051d57eb5fc00308680,Gross value added by industry - ENP-East,cluster_52d12036582f,agglomerative,"{""distance_threshold"": 0.35, ""linkage"": ""average""}"
term_df1a5ad7a443268181aa,Gross value added by industry - ENP-East countries,cluster_52d12036582f,agglomerative,"{""distance_threshold"": 0.35, ""linkage"": ""average""}"
term_46377f4348a5dad9645b,Gross value added by industry - ENP-South,cluster_52d12036582f,agglomerative,"{""distance_threshold"": 0.35, ""linkage"": ""average""}"
term_9fbaa45e3349ea71692d,Gross value added by industry - ENP-South countries,cluster_52d12036582f,agglomerative,"{""distance_threshold"": 0.35, ""linkage"": ""average""}"
term_12c66eaf8c3ea38e3510,Gross value added in,cluster_52d12036582f,agglomerative,"{""distance_threshold"": 0.35, ""linkage"": ""average""}"
term_07de82fa5f074fdb8062,Gross value added in environmental,cluster_52d12036582f,agglomerative,"{""distance_threshold"": 0.35, ""linkage"": ""average""}"
term_dcc4843cbb8676788c11,Gross value added in environmental goods,cluster_52d12036582f,agglomerative,"{""distance_threshold"": 0.35, ""linkage"": ""average""}"
term_21b0e454925fed6112f1,Gross value added in environmental goods and,cluster_52d12036582f,agglomerative,"{""distance_threshold"": 0.35, ""linkage"": ""average""}"
term_07dfa1b9d2a708fa3a5d,Gross value added in environmental goods and services,cluster_52d12036582f,agglomerative,"{""distance_threshold"": 0.35, ""linkage"": ""average""}"
term_07eb873c84a3b89ea386,Gross value added in environmental goods and services sector,cluster_52d12036582f,agglomerative,"{""distance_threshold"": 0.35, ""linkage"": ""average""}"
term_3a01ff295c524ac90e7d,Gross value added of,cluster_52d12036582f,agglomerative,"{""distance_threshold"": 0.35, ""linkage"": ""average""}"
term_ea91b93ff5adb4596079,Gross value added of the,cluster_52d12036582f,agglomerative,"{""distance_threshold"": 0.35, ""linkage"": ""average""}"
term_2d73a93d4e12227dafed,Gross value added of the agricultural,cluster_52d12036582f,agglomerative,"{""distance_threshold"": 0.35, ""linkage"": ""average""}"
term_38c663b569ebe677c2d6,Gross value added of the agricultural industry,cluster_52d12036582f,agglomerative,"{""distance_threshold"": 0.35, ""linkage"": ""average""}"
term_eaf087c6fa01d7737cc7,Gross value added of the agricultural industry - basic,cluster_52d12036582f,agglomerative,"{""distance_threshold"": 0.35, ""linkage"": ""average""}"
term_fb061a2388528d4de67d,Gross value added of the agricultural industry - basic and producer prices,cluster_52d12036582f,agglomerative,"{""distance_threshold"": 0.35, ""linkage"": ""average""}"
term_77db762d503f8c2112f8,Gross weight of dry bulk goods transported in short sea shipping from/to the top 5 EU ports for dry bulk goods,cluster_b9a3b7632ab8,agglomerative,"{""distance_threshold"": 0.35, ""linkage"": ""average""}"
term_684770e20fcc03635ea1,Gross weight of goods in containers transported in short sea shipping from/to the top 5 EU ports for goods in containers,cluster_b9a3b7632ab8,agglomerative,"{""distance_threshold"": 0.35, ""linkage"": ""average""}"
term_9cedd100584c1a2e3c09,Gross weight of goods in Ro-ro units transported in short sea shipping from/to the top 5 EU ports for goods in Ro-ro units,cluster_b9a3b7632ab8,agglomerative,"{""distance_threshold"": 0.35, ""linkage"": ""average""}"
term_f05dc66b43a245fd67c2,gross weight of goods transported to/from main ports,cluster_b9a3b7632ab8,agglomerative,"{""distance_threshold"": 0.35, ""linkage"": ""average""}"
term_4888eefe70fe4ed02e10,"gross weight of goods transported to/from main ports, by direction",cluster_b9a3b7632ab8,agglomerative,"{""distance_threshold"": 0.35, ""linkage"": ""average""}"
term_eb450627122a1664dc13,"gross weight of goods transported to/from main ports, by type of cargo for each sea region of partner ports",cluster_b9a3b7632ab8,agglomerative,"{""distance_threshold"": 0.35, ""linkage"": ""average""}"
term_e6cd08c5e530a7d55c17,Gross weight of liquid bulk goods transported in short sea shipping from/to the top 5 EU ports for liquid bulk goods,cluster_b9a3b7632ab8,agglomerative,"{""distance_threshold"": 0.35, ""linkage"": ""average""}"
term_913f0f4642fbb87690ee,group - % over the population,cluster_586194a4eb3a,agglomerative,"{""distance_threshold"": 0.35, ""linkage"": ""average""}"
term_f2c4350646da02c97d65,group of country of birth,cluster_8cbdd0602d88,agglomerative,"{""distance_threshold"": 0.35, ""linkage"": ""average""}"
term_c46fb124e37a8b2daa9e,groups - per 1000 of population,cluster_586194a4eb3a,agglomerative,"{""distance_threshold"": 0.35, ""linkage"": ""average""}"
term_75c468d1aee4d0868cc1,groups - per 1000 of population aged,cluster_586194a4eb3a,agglomerative,"{""distance_threshold"": 0.35, ""linkage"": ""average""}"
term_c66f3a2367f468a2d50a,groups - per 1000 of population aged 25-34,cluster_586194a4eb3a,agglomerative,"{""distance_threshold"": 0.35, ""linkage"": ""average""}"
term_3dbc7e5444fb23d6d899,Harmonised risk indicator 1 for pesticides by categorisation of active substances,cluster_a2e4cd40e034,agglomerative,"{""distance_threshold"": 0.35, ""linkage"": ""average""}"
term_8c7807efb14d27a81ec1,have wished to stay longer in employment,cluster_2aeba3fc16ae,agglomerative,"{""distance_threshold"": 0.35, ""linkage"": ""average""}"
term_b28741ef4ee8a1420a20,Health care expenditure,cluster_f7c5001b3c2d,agglomerative,"{""distance_threshold"": 0.35, ""linkage"": ""average""}"
term_6877ac7bdf8d2c604486,Health care expenditure - % of,cluster_f7c5001b3c2d,agglomerative,"{""distance_threshold"": 0.35, ""linkage"": ""average""}"
term_90a64ab3d5b20b8a69eb,Health care expenditure - % of GDP,cluster_f7c5001b3c2d,agglomerative,"{""distance_threshold"": 0.35, ""linkage"": ""average""}"
term_15efa487913f58000d1c,Health care expenditure - % of GDP - ENP-East,cluster_f7c5001b3c2d,agglomerative,"{""distance_threshold"": 0.35, ""linkage"": ""average""}"
term_7a46a9a0691b4a23f53b,Health care expenditure - % of GDP - ENP-East countries,cluster_f7c5001b3c2d,agglomerative,"{""distance_threshold"": 0.35, ""linkage"": ""average""}"
term_d675150861a7520caaf3,Healthy life years at birth,cluster_8cbdd0602d88,agglomerative,"{""distance_threshold"": 0.35, ""linkage"": ""average""}"
term_8c6d7b160f619ca2a31e,Healthy life years at birth by,cluster_8cbdd0602d88,agglomerative,"{""distance_threshold"": 0.35, ""linkage"": ""average""}"
term_8c0da67ed1006687b002,Healthy life years at birth by sex,cluster_8cbdd0602d88,agglomerative,"{""distance_threshold"": 0.35, ""linkage"": ""average""}"
term_22006f00d0c02b4d1917,hens population,cluster_cf52a814fe5f,agglomerative,"{""distance_threshold"": 0.35, ""linkage"": ""average""}"
term_ef744a3044f6224cc0a6,hens population - annual,cluster_cf52a814fe5f,agglomerative,"{""distance_threshold"": 0.35, ""linkage"": ""average""}"
term_7f3a1242bc7c43f6db49,hens population - annual data,cluster_cf52a814fe5f,agglomerative,"{""distance_threshold"": 0.35, ""linkage"": ""average""}"
term_9b83e3239cd2a5b6767f,HICP - transport,cluster_4ad4cace8f43,agglomerative,"{""distance_threshold"": 0.35, ""linkage"": ""average""}"
term_3bb933f61e9606e644aa,holdings by agricultural area,cluster_b2b3f012d4f5,agglomerative,"{""distance_threshold"": 0.35, ""linkage"": ""average""}"
term_c3e49d8aa7de7677d251,hour in the last month) by price,cluster_d80ae2c2c145,agglomerative,"{""distance_threshold"": 0.35, ""linkage"": ""average""}"
term_92d27c569c6c27c589e6,hour in the last month) by price setting,cluster_d80ae2c2c145,agglomerative,"{""distance_threshold"": 0.35, ""linkage"": ""average""}"
term_889e83c0402a09059be4,Hours worked per week of full-time employment,cluster_2aeba3fc16ae,agglomerative,"{""distance_threshold"": 0.35, ""linkage"": ""average""}"
term_0d3cf257f4215b83229b,House price,cluster_50fcb6e7a7e8,agglomerative,"{""distance_threshold"": 0.35, ""linkage"": ""average""}"
term_617f5c8256ea90658138,House price index (= 100,cluster_50fcb6e7a7e8,agglomerative,"{""distance_threshold"": 0.35, ""linkage"": ""average""}"
term_53a4355232fa8ec64f34,House price index (= 100),cluster_50fcb6e7a7e8,agglomerative,"{""distance_threshold"": 0.35, ""linkage"": ""average""}"
term_5fbc89a00804aead0853,House price index (= 100) - quarterly,cluster_50fcb6e7a7e8,agglomerative,"{""distance_threshold"": 0.35, ""linkage"": ""average""}"
term_95b646dd7227ccce08b4,House price index (= 100) - quarterly data,cluster_50fcb6e7a7e8,agglomerative,"{""distance_threshold"": 0.35, ""linkage"": ""average""}"
term_b47b154a36c123212d47,House price index - Item,cluster_50fcb6e7a7e8,agglomerative,"{""distance_threshold"": 0.35, ""linkage"": ""average""}"
term_b287058763b62e747ffb,House price index - Item weights,cluster_50fcb6e7a7e8,agglomerative,"{""distance_threshold"": 0.35, ""linkage"": ""average""}"
term_3a4e77480ce6563c451f,House price index - quarterly,cluster_50fcb6e7a7e8,agglomerative,"{""distance_threshold"": 0.35, ""linkage"": ""average""}"
term_7fd0142c8dd981cee687,House price index - quarterly data,cluster_50fcb6e7a7e8,agglomerative,"{""distance_threshold"": 0.35, ""linkage"": ""average""}"
term_20521c72e6cabba7e964,"House price index, deflated",cluster_50fcb6e7a7e8,agglomerative,"{""distance_threshold"": 0.35, ""linkage"": ""average""}"
term_e0f29f96d8d8757cf4be,"House price index, deflated - annual",cluster_50fcb6e7a7e8,agglomerative,"{""distance_threshold"": 0.35, ""linkage"": ""average""}"
term_4d5be5b88085385db32d,"House price index, deflated - annual data",cluster_50fcb6e7a7e8,agglomerative,"{""distance_threshold"": 0.35, ""linkage"": ""average""}"
term_906d850b5d5057fa2434,"House price index, deflated - quarterly",cluster_50fcb6e7a7e8,agglomerative,"{""distance_threshold"": 0.35, ""linkage"": ""average""}"
term_cf8712dfc9d708cb8fa1,"House price index, deflated - quarterly data",cluster_50fcb6e7a7e8,agglomerative,"{""distance_threshold"": 0.35, ""linkage"": ""average""}"
term_14fbb936b6af82a1ad80,"House price index, nominal",cluster_50fcb6e7a7e8,agglomerative,"{""distance_threshold"": 0.35, ""linkage"": ""average""}"
term_690cb6526d5084ac54b1,"House price index, nominal - annual",cluster_50fcb6e7a7e8,agglomerative,"{""distance_threshold"": 0.35, ""linkage"": ""average""}"
term_3987c647edbf48762f80,"House price index, nominal - annual data",cluster_50fcb6e7a7e8,agglomerative,"{""distance_threshold"": 0.35, ""linkage"": ""average""}"
term_b42b72d1ef59e78b9232,House sales,cluster_a5cfad0cd27c,agglomerative,"{""distance_threshold"": 0.35, ""linkage"": ""average""}"
term_cfa2d9dc55de5e3d7d30,House sales - number,cluster_a5cfad0cd27c,agglomerative,"{""distance_threshold"": 0.35, ""linkage"": ""average""}"
term_1c397ab6dd2350e5f988,House sales - number and,cluster_a5cfad0cd27c,agglomerative,"{""distance_threshold"": 0.35, ""linkage"": ""average""}"
term_cd2e3d72989af950c229,House sales - number and index,cluster_a5cfad0cd27c,agglomerative,"{""distance_threshold"": 0.35, ""linkage"": ""average""}"
term_6c72f8ffeed200b8ceb9,House sales - number and index (=100,cluster_a5cfad0cd27c,agglomerative,"{""distance_threshold"": 0.35, ""linkage"": ""average""}"
term_178302d0b9e82c3ea6df,"House sales - number and index (=100), annual",cluster_a5cfad0cd27c,agglomerative,"{""distance_threshold"": 0.35, ""linkage"": ""average""}"
term_d47300ffaf337f995f13,"House sales - number and index (=100), annual data",cluster_a5cfad0cd27c,agglomerative,"{""distance_threshold"": 0.35, ""linkage"": ""average""}"
term_0b687869bf6e1e540205,House sales - value,cluster_a5cfad0cd27c,agglomerative,"{""distance_threshold"": 0.35, ""linkage"": ""average""}"
term_dfd97e7662592bf9cdb0,House sales - value and,cluster_a5cfad0cd27c,agglomerative,"{""distance_threshold"": 0.35, ""linkage"": ""average""}"
term_16b481c64820dd0d9c0d,House sales - value and index,cluster_a5cfad0cd27c,agglomerative,"{""distance_threshold"": 0.35, ""linkage"": ""average""}"
term_ecb88b511b59e1d37007,House sales - value and index (=100,cluster_a5cfad0cd27c,agglomerative,"{""distance_threshold"": 0.35, ""linkage"": ""average""}"
term_e672dc0f4d3f2641779a,"House sales - value and index (=100), annual",cluster_a5cfad0cd27c,agglomerative,"{""distance_threshold"": 0.35, ""linkage"": ""average""}"
term_48fc1ea3059120d115be,"House sales - value and index (=100), annual data",cluster_a5cfad0cd27c,agglomerative,"{""distance_threshold"": 0.35, ""linkage"": ""average""}"
term_ab72e901afb98632b9bd,household population,cluster_021a934ea779,agglomerative,"{""distance_threshold"": 0.35, ""linkage"": ""average""}"
term_d46770ebcd55ccd8baf3,household population - experimental,cluster_021a934ea779,agglomerative,"{""distance_threshold"": 0.35, ""linkage"": ""average""}"
term_9be9b721c5f28d6cfb46,household population - experimental statistics,cluster_021a934ea779,agglomerative,"{""distance_threshold"": 0.35, ""linkage"": ""average""}"
term_3a0b721e15c7acc5b329,Housing cost overburden rate by income,cluster_0958acf3e7dc,agglomerative,"{""distance_threshold"": 0.35, ""linkage"": ""average""}"
term_fc728444a091d367f04d,Housing cost overburden rate by income quintile - EU-SILC,cluster_0958acf3e7dc,agglomerative,"{""distance_threshold"": 0.35, ""linkage"": ""average""}"
term_d3a86d6b1442368c3650,Housing cost overburden rate by income quintile - EU-SILC survey,cluster_0958acf3e7dc,agglomerative,"{""distance_threshold"": 0.35, ""linkage"": ""average""}"
term_3a5fb83e9d7d9151f2a9,housing deprivation rate by income,cluster_0958acf3e7dc,agglomerative,"{""distance_threshold"": 0.35, ""linkage"": ""average""}"
term_9d51e8980fd7dd9b3f9a,housing deprivation rate by income quintile,cluster_0958acf3e7dc,agglomerative,"{""distance_threshold"": 0.35, ""linkage"": ""average""}"
term_243ce5b96332191b1a03,ICT sector at current prices,cluster_52d12036582f,agglomerative,"{""distance_threshold"": 0.35, ""linkage"": ""average""}"
term_eaf9e43f9dcc59029fbc,ICT sector in Gross value added,cluster_52d12036582f,agglomerative,"{""distance_threshold"": 0.35, ""linkage"": ""average""}"
term_ccd43cd1a6217021eace,ICT sector personnel in total employment,cluster_717245bdba31,agglomerative,"{""distance_threshold"": 0.35, ""linkage"": ""average""}"
term_279299320420f1e79451,Import prices - capital,cluster_50fcb6e7a7e8,agglomerative,"{""distance_threshold"": 0.35, ""linkage"": ""average""}"
term_b5b8d388f2ef30d9a63b,Import prices - capital goods,cluster_50fcb6e7a7e8,agglomerative,"{""distance_threshold"": 0.35, ""linkage"": ""average""}"
term_5b655c3bc522fae7cdbc,Import prices - consumer,cluster_50fcb6e7a7e8,agglomerative,"{""distance_threshold"": 0.35, ""linkage"": ""average""}"
term_fa079b5a5c445856b3d5,Import prices - consumer durables,cluster_50fcb6e7a7e8,agglomerative,"{""distance_threshold"": 0.35, ""linkage"": ""average""}"
term_113fb5fe2b429e592b11,Import prices - consumer non-durables,cluster_50fcb6e7a7e8,agglomerative,"{""distance_threshold"": 0.35, ""linkage"": ""average""}"
term_7f7f8f2bae40a43e4463,Import prices - intermediate,cluster_50fcb6e7a7e8,agglomerative,"{""distance_threshold"": 0.35, ""linkage"": ""average""}"
term_01e9da427b6abfa900c2,Import prices - intermediate goods,cluster_50fcb6e7a7e8,agglomerative,"{""distance_threshold"": 0.35, ""linkage"": ""average""}"
term_1db7e88dc0bc19d4fa1a,Import prices - manufacturing,cluster_50fcb6e7a7e8,agglomerative,"{""distance_threshold"": 0.35, ""linkage"": ""average""}"
term_6efaddb11ded1e48b70b,Import prices - total,cluster_50fcb6e7a7e8,agglomerative,"{""distance_threshold"": 0.35, ""linkage"": ""average""}"
term_22efcbdc7e86854e5717,Import prices - total industry,cluster_50fcb6e7a7e8,agglomerative,"{""distance_threshold"": 0.35, ""linkage"": ""average""}"
term_c4e193b79f7c26d0cd98,Imports of goods - machinery and transport equipment,cluster_b9a3b7632ab8,agglomerative,"{""distance_threshold"": 0.35, ""linkage"": ""average""}"
term_6e013eaf01ca71a8b4dd,Imports of goods and services in % of GDP,cluster_f5e40cb5cbdd,agglomerative,"{""distance_threshold"": 0.35, ""linkage"": ""average""}"
term_6fd4f21951e5555445fa,in adjusted gross disposable income,cluster_0958acf3e7dc,agglomerative,"{""distance_threshold"": 0.35, ""linkage"": ""average""}"
term_d412d1580f8b285945b4,in adjusted gross disposable income of,cluster_0958acf3e7dc,agglomerative,"{""distance_threshold"": 0.35, ""linkage"": ""average""}"
term_f20ee48367b6929e2993,in adjusted gross disposable income of households,cluster_0958acf3e7dc,agglomerative,"{""distance_threshold"": 0.35, ""linkage"": ""average""}"
term_109d238d4517f19d9ec7,in adjusted gross disposable income of households per,cluster_0958acf3e7dc,agglomerative,"{""distance_threshold"": 0.35, ""linkage"": ""average""}"
term_10f7d9d8268b997928c1,in constant prices,cluster_fc59ce925147,agglomerative,"{""distance_threshold"": 0.35, ""linkage"": ""average""}"
term_d037f1bfef2639f76f33,in gender employment,cluster_be31239b58e7,agglomerative,"{""distance_threshold"": 0.35, ""linkage"": ""average""}"
term_7644a68a1f67f41a4992,in gender employment gap,cluster_be31239b58e7,agglomerative,"{""distance_threshold"": 0.35, ""linkage"": ""average""}"
term_951847a5b275b841a0b8,in goods road transport enterprises by employment,cluster_e7477d78f08b,agglomerative,"{""distance_threshold"": 0.35, ""linkage"": ""average""}"
term_0b35f7b02638df417329,in goods road transport enterprises by employment size,cluster_e7477d78f08b,agglomerative,"{""distance_threshold"": 0.35, ""linkage"": ""average""}"
term_718ed030d8c48d607f54,in Gross value added,cluster_52d12036582f,agglomerative,"{""distance_threshold"": 0.35, ""linkage"": ""average""}"
term_eea96ae34c20ada0e40a,in long-term unemployment,cluster_b625d52d71ac,agglomerative,"{""distance_threshold"": 0.35, ""linkage"": ""average""}"
term_b04b2b47c31db6abe35b,in long-term unemployment rates,cluster_b625d52d71ac,agglomerative,"{""distance_threshold"": 0.35, ""linkage"": ""average""}"
term_d3145e3c8e75b3c9efe6,in part-time employment,cluster_be31239b58e7,agglomerative,"{""distance_threshold"": 0.35, ""linkage"": ""average""}"
term_f404f9266ef4579451f2,in post-compulsory education - as % of the total population,cluster_586194a4eb3a,agglomerative,"{""distance_threshold"": 0.35, ""linkage"": ""average""}"
term_3ec6792ebd825c9c04d9,in the last month) by price,cluster_d80ae2c2c145,agglomerative,"{""distance_threshold"": 0.35, ""linkage"": ""average""}"
term_566c1d9b738390bed2f2,in the last month) by price setting,cluster_d80ae2c2c145,agglomerative,"{""distance_threshold"": 0.35, ""linkage"": ""average""}"
term_7ee52c64572080744b94,in the last month) by price setting - experimental,cluster_d80ae2c2c145,agglomerative,"{""distance_threshold"": 0.35, ""linkage"": ""average""}"
term_9b9f1c1e887006820089,in the relative income,cluster_0958acf3e7dc,agglomerative,"{""distance_threshold"": 0.35, ""linkage"": ""average""}"
term_f234bcb87fb0130526b7,in the relative income of,cluster_0958acf3e7dc,agglomerative,"{""distance_threshold"": 0.35, ""linkage"": ""average""}"
term_85dd579ff045c878a68a,in the relative income of elderly,cluster_0958acf3e7dc,agglomerative,"{""distance_threshold"": 0.35, ""linkage"": ""average""}"
term_0e0471deb965d57d3483,in the relative income of elderly people,cluster_0958acf3e7dc,agglomerative,"{""distance_threshold"": 0.35, ""linkage"": ""average""}"
term_ad1c16ab38e9700e1485,in the relative income of older,cluster_0958acf3e7dc,agglomerative,"{""distance_threshold"": 0.35, ""linkage"": ""average""}"
term_a07ac9a799cbe3c066c3,in the relative income of older people,cluster_0958acf3e7dc,agglomerative,"{""distance_threshold"": 0.35, ""linkage"": ""average""}"
term_13f06b51437585afce2d,in total employment,cluster_717245bdba31,agglomerative,"{""distance_threshold"": 0.35, ""linkage"": ""average""}"
term_811dadf944d046d07497,in total general government expenditure,cluster_f7c5001b3c2d,agglomerative,"{""distance_threshold"": 0.35, ""linkage"": ""average""}"
term_3436929cd393fd825663,in tourism for personal purposes - % of total population,cluster_021a934ea779,agglomerative,"{""distance_threshold"": 0.35, ""linkage"": ""average""}"
term_8062d3af0b84294899e7,in under-occupied dwellings by tenure status - total population,cluster_021a934ea779,agglomerative,"{""distance_threshold"": 0.35, ""linkage"": ""average""}"
term_9ac263f40d0cdab6e19b,including health expenditure,cluster_f7c5001b3c2d,agglomerative,"{""distance_threshold"": 0.35, ""linkage"": ""average""}"
term_0388239da703c3da3a94,including national transport,cluster_0b86931b6154,agglomerative,"{""distance_threshold"": 0.35, ""linkage"": ""average""}"
term_45d631dc9b758e9d61a4,income (GNI,cluster_0958acf3e7dc,agglomerative,"{""distance_threshold"": 0.35, ""linkage"": ""average""}"
term_73bb4c883628bf647980,income (GNI) per,cluster_0958acf3e7dc,agglomerative,"{""distance_threshold"": 0.35, ""linkage"": ""average""}"
term_fd376c2a23d56f6ca9d4,income (GNI) per capita,cluster_0958acf3e7dc,agglomerative,"{""distance_threshold"": 0.35, ""linkage"": ""average""}"
term_8f2c7a826faf673c7c9a,income distribution,cluster_0958acf3e7dc,agglomerative,"{""distance_threshold"": 0.35, ""linkage"": ""average""}"
term_d466d5485f051716b0d8,income distribution S80/S20 income quintile share ratio,cluster_0958acf3e7dc,agglomerative,"{""distance_threshold"": 0.35, ""linkage"": ""average""}"
term_beb8a1f4e219e16f7ef1,income from agricultural,cluster_0958acf3e7dc,agglomerative,"{""distance_threshold"": 0.35, ""linkage"": ""average""}"
term_bcf3784f7cc18e86dd02,income from agricultural activity,cluster_0958acf3e7dc,agglomerative,"{""distance_threshold"": 0.35, ""linkage"": ""average""}"
term_4d34114e7ce3aed52b51,Income from intellectual,cluster_dbc31c45707c,agglomerative,"{""distance_threshold"": 0.35, ""linkage"": ""average""}"
term_4130a227eb1528af8b2c,Income from intellectual property,cluster_dbc31c45707c,agglomerative,"{""distance_threshold"": 0.35, ""linkage"": ""average""}"
term_114521391a28b344c289,Income from intellectual property rights,cluster_dbc31c45707c,agglomerative,"{""distance_threshold"": 0.35, ""linkage"": ""average""}"
term_13c10f9f2f57ec37d10d,Income from intellectual property rights for,cluster_dbc31c45707c,agglomerative,"{""distance_threshold"": 0.35, ""linkage"": ""average""}"
term_8f4f111b719f2253674a,Income from intellectual property rights for computer,cluster_dbc31c45707c,agglomerative,"{""distance_threshold"": 0.35, ""linkage"": ""average""}"
term_e419e19674142f6f64cc,Income from intellectual property rights for computer services,cluster_dbc31c45707c,agglomerative,"{""distance_threshold"": 0.35, ""linkage"": ""average""}"
term_2f79d989599ad75e4339,Income in real,cluster_0958acf3e7dc,agglomerative,"{""distance_threshold"": 0.35, ""linkage"": ""average""}"
term_14cd6806f27744ef9ee1,Income in real terms,cluster_0958acf3e7dc,agglomerative,"{""distance_threshold"": 0.35, ""linkage"": ""average""}"
term_f01da43afd1412e05252,Income in real terms (SILC,cluster_0958acf3e7dc,agglomerative,"{""distance_threshold"": 0.35, ""linkage"": ""average""}"
term_8a3a0955f29d1030ccaf,Income in real terms (SILC=100,cluster_0958acf3e7dc,agglomerative,"{""distance_threshold"": 0.35, ""linkage"": ""average""}"
term_28e6144223bf5a76d0ee,Income in real terms (SILC=100),cluster_0958acf3e7dc,agglomerative,"{""distance_threshold"": 0.35, ""linkage"": ""average""}"
term_21aa5d41bf77822df3dc,Income inequality,cluster_0958acf3e7dc,agglomerative,"{""distance_threshold"": 0.35, ""linkage"": ""average""}"
term_f90409a66de1a8517d8b,Income inequality for,cluster_0958acf3e7dc,agglomerative,"{""distance_threshold"": 0.35, ""linkage"": ""average""}"
term_2d3fc55aaad2d2df41d5,Income inequality for older,cluster_0958acf3e7dc,agglomerative,"{""distance_threshold"": 0.35, ""linkage"": ""average""}"
term_d1255f52cdca607165d0,Income inequality for older people,cluster_0958acf3e7dc,agglomerative,"{""distance_threshold"": 0.35, ""linkage"": ""average""}"
term_89a137277adb46311e44,Income inequality for older people - EU-SILC,cluster_0958acf3e7dc,agglomerative,"{""distance_threshold"": 0.35, ""linkage"": ""average""}"
term_55eb5e8e6a2e6b24d8d3,Income inequality for older people - EU-SILC survey,cluster_0958acf3e7dc,agglomerative,"{""distance_threshold"": 0.35, ""linkage"": ""average""}"
term_3094ab4270b4a3804a33,income per month,cluster_0958acf3e7dc,agglomerative,"{""distance_threshold"": 0.35, ""linkage"": ""average""}"
term_d1c48438048edf5ffda4,income quintile,cluster_0958acf3e7dc,agglomerative,"{""distance_threshold"": 0.35, ""linkage"": ""average""}"
term_3f673b5cdf0568611d5f,Income quintile share,cluster_0958acf3e7dc,agglomerative,"{""distance_threshold"": 0.35, ""linkage"": ""average""}"
term_424f3fc4b4d3ae3e9054,Income quintile share ratio (S80/S20,cluster_0958acf3e7dc,agglomerative,"{""distance_threshold"": 0.35, ""linkage"": ""average""}"
term_b8c42933ccdbc31264a9,Income quintile share ratio (S80/S20) by,cluster_0958acf3e7dc,agglomerative,"{""distance_threshold"": 0.35, ""linkage"": ""average""}"
term_dbffea080c0d5fdff163,Income quintile share ratio (S80/S20) by sex,cluster_0958acf3e7dc,agglomerative,"{""distance_threshold"": 0.35, ""linkage"": ""average""}"
term_5d312d9399e448f96b94,Income quintile share ratio - S80/S20,cluster_0958acf3e7dc,agglomerative,"{""distance_threshold"": 0.35, ""linkage"": ""average""}"
term_999d0681b385a82f9583,Income quintile share ratio - S80/S20 - ENP-East,cluster_0958acf3e7dc,agglomerative,"{""distance_threshold"": 0.35, ""linkage"": ""average""}"
term_9d5a4b6bdd9d740a605a,Income quintile share ratio - S80/S20 - ENP-East countries,cluster_0958acf3e7dc,agglomerative,"{""distance_threshold"": 0.35, ""linkage"": ""average""}"
term_b120dc07f8c4d5098ff4,Income quintile share ratio - S80/S20 - ENP-South,cluster_0958acf3e7dc,agglomerative,"{""distance_threshold"": 0.35, ""linkage"": ""average""}"
term_6d86dd447f76de1a4400,Income quintile share ratio - S80/S20 - ENP-South countries,cluster_0958acf3e7dc,agglomerative,"{""distance_threshold"": 0.35, ""linkage"": ""average""}"
term_ee0fd303d4b2abd55408,Income quintile share ratio S80/S20,cluster_0958acf3e7dc,agglomerative,"{""distance_threshold"": 0.35, ""linkage"": ""average""}"
term_f9a99065ce61b98a2776,Income quintile share ratio S80/S20 by,cluster_0958acf3e7dc,agglomerative,"{""distance_threshold"": 0.35, ""linkage"": ""average""}"
term_003956d623284ebf7cdc,Income quintile share ratio S80/S20 by NUTS,cluster_0958acf3e7dc,agglomerative,"{""distance_threshold"": 0.35, ""linkage"": ""average""}"
term_340305a3638888f523c2,Income quintile share ratio S80/S20 by NUTS 2,cluster_0958acf3e7dc,agglomerative,"{""distance_threshold"": 0.35, ""linkage"": ""average""}"
term_5714bc6f1087bc9fb5f0,Income quintile share ratio S80/S20 by NUTS 2 region,cluster_0958acf3e7dc,agglomerative,"{""distance_threshold"": 0.35, ""linkage"": ""average""}"
term_2ca60a1a2c078f5af88f,income ratio,cluster_0958acf3e7dc,agglomerative,"{""distance_threshold"": 0.35, ""linkage"": ""average""}"
term_8c54ab9943252bf2328f,income ratio (60,cluster_0958acf3e7dc,agglomerative,"{""distance_threshold"": 0.35, ""linkage"": ""average""}"
term_e78ead5ff9462035b29a,Income share,cluster_0958acf3e7dc,agglomerative,"{""distance_threshold"": 0.35, ""linkage"": ""average""}"
term_a4fd090cec8e1020e100,Income share of,cluster_0958acf3e7dc,agglomerative,"{""distance_threshold"": 0.35, ""linkage"": ""average""}"
term_61d6578307d72eef8ba1,Income share of the,cluster_0958acf3e7dc,agglomerative,"{""distance_threshold"": 0.35, ""linkage"": ""average""}"
term_e7738569d0e405e84e86,Income share of the bottom,cluster_32528f9d8077,agglomerative,"{""distance_threshold"": 0.35, ""linkage"": ""average""}"
term_11c74f006fe356ed37d5,Income share of the bottom 40,cluster_32528f9d8077,agglomerative,"{""distance_threshold"": 0.35, ""linkage"": ""average""}"
term_ef26c5c94e372f2e66d8,Income share of the bottom 40 % of,cluster_32528f9d8077,agglomerative,"{""distance_threshold"": 0.35, ""linkage"": ""average""}"
term_c48afc510ae312d8c715,Income share of the bottom 40 % of the,cluster_32528f9d8077,agglomerative,"{""distance_threshold"": 0.35, ""linkage"": ""average""}"
term_25037dcefaa4c67fcebb,Income share of the bottom 40 % of the population,cluster_32528f9d8077,agglomerative,"{""distance_threshold"": 0.35, ""linkage"": ""average""}"
term_e6e37ad89105ff93c297,Indicator A of the income,cluster_0958acf3e7dc,agglomerative,"{""distance_threshold"": 0.35, ""linkage"": ""average""}"
term_c1b8746b7d1dab732689,Indicator A of the income from,cluster_0958acf3e7dc,agglomerative,"{""distance_threshold"": 0.35, ""linkage"": ""average""}"
term_6c431b96f09ee33e0935,Indicator A of the income from agricultural,cluster_0958acf3e7dc,agglomerative,"{""distance_threshold"": 0.35, ""linkage"": ""average""}"
term_9ada14c39440e5583682,Indicator A of the income from agricultural activity,cluster_0958acf3e7dc,agglomerative,"{""distance_threshold"": 0.35, ""linkage"": ""average""}"
term_c8a8180188495f72bff2,"indices, total agricultural production",cluster_50fcb6e7a7e8,agglomerative,"{""distance_threshold"": 0.35, ""linkage"": ""average""}"
term_6546427389295c837822,Industrial and construction production,cluster_33ddf438eacf,agglomerative,"{""distance_threshold"": 0.35, ""linkage"": ""average""}"
term_8122ee4400ee91589341,Industrial and construction production volume,cluster_33ddf438eacf,agglomerative,"{""distance_threshold"": 0.35, ""linkage"": ""average""}"
term_86c6296d5245a05d0ec6,Industrial and construction production volume index,cluster_33ddf438eacf,agglomerative,"{""distance_threshold"": 0.35, ""linkage"": ""average""}"
term_c220751eda73e9feb911,Industrial and construction production volume index - calendar,cluster_33ddf438eacf,agglomerative,"{""distance_threshold"": 0.35, ""linkage"": ""average""}"
term_17ee8a4c71e8ddaa17f3,Industrial and construction production volume index - calendar adjusted,cluster_33ddf438eacf,agglomerative,"{""distance_threshold"": 0.35, ""linkage"": ""average""}"
term_324b9884a59c48c27271,Industrial and construction production volume index - calendar adjusted - ENP-East countries,cluster_33ddf438eacf,agglomerative,"{""distance_threshold"": 0.35, ""linkage"": ""average""}"
term_8fdc4658af12af23dd1f,industrial production,cluster_50fcb6e7a7e8,agglomerative,"{""distance_threshold"": 0.35, ""linkage"": ""average""}"
term_b32a1d1288f14e758930,industrial production price,cluster_50fcb6e7a7e8,agglomerative,"{""distance_threshold"": 0.35, ""linkage"": ""average""}"
term_135dd5131abacbc1444b,industrial production price index,cluster_50fcb6e7a7e8,agglomerative,"{""distance_threshold"": 0.35, ""linkage"": ""average""}"
term_1989d2c0f665f5cacedb,industrial production price index - ENP-East,cluster_50fcb6e7a7e8,agglomerative,"{""distance_threshold"": 0.35, ""linkage"": ""average""}"
term_51b72510af502fcc11d8,industrial production price index - ENP-East countries,cluster_50fcb6e7a7e8,agglomerative,"{""distance_threshold"": 0.35, ""linkage"": ""average""}"
term_5c03e71ea3e0055cbbbf,industry - basic and producer prices,cluster_50fcb6e7a7e8,agglomerative,"{""distance_threshold"": 0.35, ""linkage"": ""average""}"
term_d233d62b2b7b05652fe0,Inequality of income,cluster_0958acf3e7dc,agglomerative,"{""distance_threshold"": 0.35, ""linkage"": ""average""}"
term_2c25b69586af0b1cf099,Inequality of income distribution S80/S20,cluster_0958acf3e7dc,agglomerative,"{""distance_threshold"": 0.35, ""linkage"": ""average""}"
term_a569a61e8eec5207c552,Inequality of income distribution S80/S20 income,cluster_0958acf3e7dc,agglomerative,"{""distance_threshold"": 0.35, ""linkage"": ""average""}"
term_454fc37cea214ee0e931,Inequality of income distribution S80/S20 income quintile,cluster_0958acf3e7dc,agglomerative,"{""distance_threshold"": 0.35, ""linkage"": ""average""}"
term_f0a7582e31ed73212293,Inequality of income distribution S80/S20 income quintile share,cluster_0958acf3e7dc,agglomerative,"{""distance_threshold"": 0.35, ""linkage"": ""average""}"
term_6e3300b3b76ec6fc07b9,Inequality of income distribution S80/S20 income quintile share ratio,cluster_0958acf3e7dc,agglomerative,"{""distance_threshold"": 0.35, ""linkage"": ""average""}"
term_720ba7a9b58779717a67,Inequality of income distribution S80/S20 income quintile share ratio - EU-SILC and ECHP surveys,cluster_0958acf3e7dc,agglomerative,"{""distance_threshold"": 0.35, ""linkage"": ""average""}"
term_d967450f11473362fed1,influenza of population,cluster_9f754bbcabe2,agglomerative,"{""distance_threshold"": 0.35, ""linkage"": ""average""}"
term_732cc6cd783d4b68d0c4,influenza of population aged,cluster_9f754bbcabe2,agglomerative,"{""distance_threshold"": 0.35, ""linkage"": ""average""}"
term_37ab07c20a8d38097e9e,inhabitant at constant prices,cluster_f7c5001b3c2d,agglomerative,"{""distance_threshold"": 0.35, ""linkage"": ""average""}"
term_c03a52cc2ba7c4bc07ff,institutions - as % of total or current expenditure,cluster_f7c5001b3c2d,agglomerative,"{""distance_threshold"": 0.35, ""linkage"": ""average""}"
term_2719cc6e4a6d8d27c29f,instruments - % of GDP,cluster_f5e40cb5cbdd,agglomerative,"{""distance_threshold"": 0.35, ""linkage"": ""average""}"
term_73ea45b2dc4757620c42,intensity by degree of urbanisation (population,cluster_021a934ea779,agglomerative,"{""distance_threshold"": 0.35, ""linkage"": ""average""}"
term_6ca530e901f9e00a8fa4,intensity by degree of urbanisation (population aged,cluster_021a934ea779,agglomerative,"{""distance_threshold"": 0.35, ""linkage"": ""average""}"
term_136a3057ce93ecdc5363,intensity by degree of urbanisation (population aged 0,cluster_021a934ea779,agglomerative,"{""distance_threshold"": 0.35, ""linkage"": ""average""}"
term_45595b75cb639976a8ce,intensity by NUTS 2 region (population,cluster_95df7df16168,agglomerative,"{""distance_threshold"": 0.35, ""linkage"": ""average""}"
term_212219955a71e975728b,intensity by NUTS 2 region (population aged,cluster_95df7df16168,agglomerative,"{""distance_threshold"": 0.35, ""linkage"": ""average""}"
term_cf163f1af84838e140a0,intensity by NUTS 2 region (population aged 0,cluster_95df7df16168,agglomerative,"{""distance_threshold"": 0.35, ""linkage"": ""average""}"
term_9ebdea1799457a0cf45f,intensity of the household (population,cluster_a03fe115e208,agglomerative,"{""distance_threshold"": 0.35, ""linkage"": ""average""}"
term_8d240473f88066720e67,intensity of the household (population aged,cluster_a03fe115e208,agglomerative,"{""distance_threshold"": 0.35, ""linkage"": ""average""}"
term_cf087b591d57aba704d9,intensity of the household (population aged 18,cluster_a03fe115e208,agglomerative,"{""distance_threshold"": 0.35, ""linkage"": ""average""}"
term_5e935115f03d60038257,intensity of the household (population aged 18 to,cluster_a03fe115e208,agglomerative,"{""distance_threshold"": 0.35, ""linkage"": ""average""}"
term_82b7fe67bbdc1c16a580,intensity of the households with income,cluster_a03fe115e208,agglomerative,"{""distance_threshold"": 0.35, ""linkage"": ""average""}"
term_298537bd938ecb957c81,intensity of the households with income from,cluster_a03fe115e208,agglomerative,"{""distance_threshold"": 0.35, ""linkage"": ""average""}"
term_38ba2358660daf911510,intensity of the households with income from benefits,cluster_a03fe115e208,agglomerative,"{""distance_threshold"": 0.35, ""linkage"": ""average""}"
term_ade8b78e836c892cb5da,Interests receivable and similar income,cluster_0958acf3e7dc,agglomerative,"{""distance_threshold"": 0.35, ""linkage"": ""average""}"
term_0ea8ae5097c20c552985,Interests receivable and similar income by,cluster_0958acf3e7dc,agglomerative,"{""distance_threshold"": 0.35, ""linkage"": ""average""}"
term_e9a99632a5e342b4b239,Interests receivable and similar income by product,cluster_0958acf3e7dc,agglomerative,"{""distance_threshold"": 0.35, ""linkage"": ""average""}"
term_6fb3170f0776386278f9,"international investment position - quarterly data, % of GDP",cluster_f5e40cb5cbdd,agglomerative,"{""distance_threshold"": 0.35, ""linkage"": ""average""}"
term_a1db663747f4e485ac74,international investment position excluding non-defaultable instruments - % of GDP,cluster_f5e40cb5cbdd,agglomerative,"{""distance_threshold"": 0.35, ""linkage"": ""average""}"
term_18e4be30cbe2563cec14,International trade as a share of GDP,cluster_f5e40cb5cbdd,agglomerative,"{""distance_threshold"": 0.35, ""linkage"": ""average""}"
term_1c8ae8b58738ff04da05,"intimate partner, by country of birth",cluster_8cbdd0602d88,agglomerative,"{""distance_threshold"": 0.35, ""linkage"": ""average""}"
term_39539252ead85e587ef0,Intra-mural Business Enterprise R&D Expenditures,cluster_ad295f715ee2,agglomerative,"{""distance_threshold"": 0.35, ""linkage"": ""average""}"
term_64e2f7250779e6a76397,Intra-mural Business Enterprise R&D Expenditures in,cluster_ad295f715ee2,agglomerative,"{""distance_threshold"": 0.35, ""linkage"": ""average""}"
term_c164dece8022b8148716,Intra-mural Business Enterprise R&D Expenditures in Foreign,cluster_ad295f715ee2,agglomerative,"{""distance_threshold"": 0.35, ""linkage"": ""average""}"
term_3ea65693dfee62b7d7d9,Intra-mural Business Enterprise R&D Expenditures in Foreign Controlled Enterprises,cluster_ad295f715ee2,agglomerative,"{""distance_threshold"": 0.35, ""linkage"": ""average""}"
term_39bc8890b81078c7e9a7,"investment liabilities (flows) - annual data, % of GDP",cluster_f5e40cb5cbdd,agglomerative,"{""distance_threshold"": 0.35, ""linkage"": ""average""}"
term_0f461a7df04be2036411,"investment liabilities (stocks) - annual data, % of GDP",cluster_f5e40cb5cbdd,agglomerative,"{""distance_threshold"": 0.35, ""linkage"": ""average""}"
term_375a4364cac49233813d,"investment position - quarterly data, % of GDP",cluster_f5e40cb5cbdd,agglomerative,"{""distance_threshold"": 0.35, ""linkage"": ""average""}"
term_d4df0c98cf34ae847ab7,investment position excluding non-defaultable instruments - % of GDP,cluster_f5e40cb5cbdd,agglomerative,"{""distance_threshold"": 0.35, ""linkage"": ""average""}"
term_a9cdb76e69a39594441c,Investment share of GDP,cluster_f5e40cb5cbdd,agglomerative,"{""distance_threshold"": 0.35, ""linkage"": ""average""}"
term_db58b19d2f4974e3b82f,Investment share of GDP by,cluster_f5e40cb5cbdd,agglomerative,"{""distance_threshold"": 0.35, ""linkage"": ""average""}"
term_ae3717017e25f07225d8,Investment share of GDP by institutional,cluster_f5e40cb5cbdd,agglomerative,"{""distance_threshold"": 0.35, ""linkage"": ""average""}"
term_71e8da9a79f9decbfde7,Investment share of GDP by institutional sectors,cluster_f5e40cb5cbdd,agglomerative,"{""distance_threshold"": 0.35, ""linkage"": ""average""}"
term_07c88bf3aece412e87e2,Involuntary temporary employment,cluster_fd27aed274d2,agglomerative,"{""distance_threshold"": 0.35, ""linkage"": ""average""}"
term_5de95c935e54b28c5aa1,Inward FDI stocks in % of GDP,cluster_f5e40cb5cbdd,agglomerative,"{""distance_threshold"": 0.35, ""linkage"": ""average""}"
term_91d027ea4d5deef0a2ef,Labour productivity in GDP,cluster_f5e40cb5cbdd,agglomerative,"{""distance_threshold"": 0.35, ""linkage"": ""average""}"
term_4c4c02486b5237af63f9,Labour productivity in GDP (constant,cluster_f5e40cb5cbdd,agglomerative,"{""distance_threshold"": 0.35, ""linkage"": ""average""}"
term_6670ea3deb987bd67d5e,Labour productivity in GDP (constant prices,cluster_f5e40cb5cbdd,agglomerative,"{""distance_threshold"": 0.35, ""linkage"": ""average""}"
term_49340c17d6ed99c42089,Labour productivity in GDP (constant prices) per,cluster_f5e40cb5cbdd,agglomerative,"{""distance_threshold"": 0.35, ""linkage"": ""average""}"
term_e18dfe0b7f2acc56925f,Labour productivity in GDP (constant prices) per person,cluster_f5e40cb5cbdd,agglomerative,"{""distance_threshold"": 0.35, ""linkage"": ""average""}"
term_ce67cd86ecfdda211083,Labour productivity in GDP (constant prices) per person employed,cluster_f5e40cb5cbdd,agglomerative,"{""distance_threshold"": 0.35, ""linkage"": ""average""}"
term_f17f855c2456eeb7b95d,Labour productivity in GDP (constant prices) per person employed - ENP-East countries,cluster_f5e40cb5cbdd,agglomerative,"{""distance_threshold"": 0.35, ""linkage"": ""average""}"
term_46c78c45f8f9496604a8,land prices,cluster_34cd09890693,agglomerative,"{""distance_threshold"": 0.35, ""linkage"": ""average""}"
term_eefc544c1138ec1c359a,land prices by,cluster_34cd09890693,agglomerative,"{""distance_threshold"": 0.35, ""linkage"": ""average""}"
term_ab473b13355f9e3e144c,land prices by region,cluster_34cd09890693,agglomerative,"{""distance_threshold"": 0.35, ""linkage"": ""average""}"
term_5a109a7d2dd0afa3eeac,land prices by region - historical,cluster_34cd09890693,agglomerative,"{""distance_threshold"": 0.35, ""linkage"": ""average""}"
term_a99577c4be946999fa9b,land prices by region - historical data,cluster_34cd09890693,agglomerative,"{""distance_threshold"": 0.35, ""linkage"": ""average""}"
term_fb5f3a2682404537cd2f,land renting prices,cluster_34cd09890693,agglomerative,"{""distance_threshold"": 0.35, ""linkage"": ""average""}"
term_27d33e6fbefbfd07eac8,land renting prices for,cluster_34cd09890693,agglomerative,"{""distance_threshold"": 0.35, ""linkage"": ""average""}"
term_e4cf441e798a39e33841,land renting prices for one,cluster_34cd09890693,agglomerative,"{""distance_threshold"": 0.35, ""linkage"": ""average""}"
term_34206dc0047537f68c99,land renting prices for one year,cluster_34cd09890693,agglomerative,"{""distance_threshold"": 0.35, ""linkage"": ""average""}"
term_f9345f546529699959d9,land renting prices for one year by,cluster_34cd09890693,agglomerative,"{""distance_threshold"": 0.35, ""linkage"": ""average""}"
term_b82a2b5444f606c2ea54,land renting prices for one year by region,cluster_34cd09890693,agglomerative,"{""distance_threshold"": 0.35, ""linkage"": ""average""}"
term_412b7ab9083db9e82b94,last month) by price,cluster_d80ae2c2c145,agglomerative,"{""distance_threshold"": 0.35, ""linkage"": ""average""}"
term_2be331f06d9a68d31f3a,last month) by share of platform income,cluster_d80ae2c2c145,agglomerative,"{""distance_threshold"": 0.35, ""linkage"": ""average""}"
term_517c053e94763166b211,last month) by share of platform income in,cluster_d80ae2c2c145,agglomerative,"{""distance_threshold"": 0.35, ""linkage"": ""average""}"
term_9aec9416f35680f516f6,Laying hens population,cluster_cf52a814fe5f,agglomerative,"{""distance_threshold"": 0.35, ""linkage"": ""average""}"
term_29b6574b44db73a56e63,Laying hens population - annual,cluster_cf52a814fe5f,agglomerative,"{""distance_threshold"": 0.35, ""linkage"": ""average""}"
term_d186ea2cd1615cb2621c,Laying hens population - annual data,cluster_cf52a814fe5f,agglomerative,"{""distance_threshold"": 0.35, ""linkage"": ""average""}"
term_8b64f87e5bd4b34aaf86,level - as % of total public expenditure,cluster_f7c5001b3c2d,agglomerative,"{""distance_threshold"": 0.35, ""linkage"": ""average""}"
term_180584c6af18cd2408fd,level by NUTS 2 region - % of the population,cluster_95df7df16168,agglomerative,"{""distance_threshold"": 0.35, ""linkage"": ""average""}"
term_0502a6d764eb382c65e2,level by sex - % of the population,cluster_586194a4eb3a,agglomerative,"{""distance_threshold"": 0.35, ""linkage"": ""average""}"
term_21226a125734525ad107,level by sex - % of the population of,cluster_586194a4eb3a,agglomerative,"{""distance_threshold"": 0.35, ""linkage"": ""average""}"
term_4866ae275dcc212bf3d9,level by sex - % of the population of the,cluster_586194a4eb3a,agglomerative,"{""distance_threshold"": 0.35, ""linkage"": ""average""}"
term_4b6b246102c01107fda7,"level, by sex - as % of the population",cluster_586194a4eb3a,agglomerative,"{""distance_threshold"": 0.35, ""linkage"": ""average""}"
term_aff36d45063e0d1c4a3a,"level, by sex - as % of the population of",cluster_586194a4eb3a,agglomerative,"{""distance_threshold"": 0.35, ""linkage"": ""average""}"
term_43bc1c770b4cf3471328,"liabilities (flows) - annual data, % of GDP",cluster_f5e40cb5cbdd,agglomerative,"{""distance_threshold"": 0.35, ""linkage"": ""average""}"
term_1676ec2bb4f45ab1d950,"liabilities (stocks) - annual data, % of GDP",cluster_f5e40cb5cbdd,agglomerative,"{""distance_threshold"": 0.35, ""linkage"": ""average""}"
term_58a65e37a4e44ab613c4,Life expectancy at birth by,cluster_8cbdd0602d88,agglomerative,"{""distance_threshold"": 0.35, ""linkage"": ""average""}"
term_6e664d7a7b8f893c6a3d,Life expectancy at birth by sex - ENP-South,cluster_8cbdd0602d88,agglomerative,"{""distance_threshold"": 0.35, ""linkage"": ""average""}"
term_f6876eaedf46f3589cd0,Life expectancy at birth by sex - ENP-South countries,cluster_8cbdd0602d88,agglomerative,"{""distance_threshold"": 0.35, ""linkage"": ""average""}"
term_96f5f41468dd8eec5bcf,life years at birth,cluster_8cbdd0602d88,agglomerative,"{""distance_threshold"": 0.35, ""linkage"": ""average""}"
term_90a65b60d49376a915ec,life years at birth by,cluster_8cbdd0602d88,agglomerative,"{""distance_threshold"": 0.35, ""linkage"": ""average""}"
term_3a01a79693b01b007690,life years at birth by sex,cluster_8cbdd0602d88,agglomerative,"{""distance_threshold"": 0.35, ""linkage"": ""average""}"
term_e93678a4925dbb2d0e97,Live births and,cluster_6186e87388cd,agglomerative,"{""distance_threshold"": 0.35, ""linkage"": ""average""}"
term_a337bff5527dfc3c9713,Live births and crude,cluster_6186e87388cd,agglomerative,"{""distance_threshold"": 0.35, ""linkage"": ""average""}"
term_998170f54632c362f369,Live births and crude birth,cluster_6186e87388cd,agglomerative,"{""distance_threshold"": 0.35, ""linkage"": ""average""}"
term_ae811119ae4287ceef98,Live births and crude birth rate,cluster_6186e87388cd,agglomerative,"{""distance_threshold"": 0.35, ""linkage"": ""average""}"
term_47ead53796b0ad6f4802,Loans (excluding mortgages on purchase of main residence) by income quintile,cluster_0958acf3e7dc,agglomerative,"{""distance_threshold"": 0.35, ""linkage"": ""average""}"
term_3f02d25a9624d598916d,"loans by sectors, consolidated - % of GDP",cluster_f5e40cb5cbdd,agglomerative,"{""distance_threshold"": 0.35, ""linkage"": ""average""}"
term_6a2efc95f21d6f25d22c,"loans by sectors, non-consolidated - % of GDP",cluster_f5e40cb5cbdd,agglomerative,"{""distance_threshold"": 0.35, ""linkage"": ""average""}"
term_d40869f01637c1c11956,"loans, by sectors, consolidated - % of GDP",cluster_f5e40cb5cbdd,agglomerative,"{""distance_threshold"": 0.35, ""linkage"": ""average""}"
term_d719a8152a5e0534ba98,"loans, by sectors, non-consolidated - % of GDP",cluster_f5e40cb5cbdd,agglomerative,"{""distance_threshold"": 0.35, ""linkage"": ""average""}"
term_5512aed5f8ceee261261,Long-term unemployment rate,cluster_b625d52d71ac,agglomerative,"{""distance_threshold"": 0.35, ""linkage"": ""average""}"
term_77b20c66fbdcd209c5c4,Long-term unemployment rate by,cluster_b625d52d71ac,agglomerative,"{""distance_threshold"": 0.35, ""linkage"": ""average""}"
term_d3e9231fa5288ba36887,Long-term unemployment rate by sex,cluster_b625d52d71ac,agglomerative,"{""distance_threshold"": 0.35, ""linkage"": ""average""}"
term_4e12c1c623a28c7a0a4f,"Long-term unemployment rate, % of",cluster_b625d52d71ac,agglomerative,"{""distance_threshold"": 0.35, ""linkage"": ""average""}"
term_6eda086219680f307428,"Long-term unemployment rate, % of active",cluster_b625d52d71ac,agglomerative,"{""distance_threshold"": 0.35, ""linkage"": ""average""}"
term_0170dacd2a1bc670ce2e,"Long-term unemployment rate, % of active population",cluster_b625d52d71ac,agglomerative,"{""distance_threshold"": 0.35, ""linkage"": ""average""}"
term_5ad08c5e3dbee119bcc0,"Long-term unemployment rate, % of active population aged",cluster_b625d52d71ac,agglomerative,"{""distance_threshold"": 0.35, ""linkage"": ""average""}"
term_8bb310c92f161e04aeb0,"Long-term unemployment rate, % of active population aged 15-74",cluster_b625d52d71ac,agglomerative,"{""distance_threshold"": 0.35, ""linkage"": ""average""}"
term_f87577266e188ac56aa9,long-term unemployment rates,cluster_b625d52d71ac,agglomerative,"{""distance_threshold"": 0.35, ""linkage"": ""average""}"
term_bf55aa28b3d193dbf475,Long-term unemployment rates by,cluster_b625d52d71ac,agglomerative,"{""distance_threshold"": 0.35, ""linkage"": ""average""}"
term_6273fd9149de8fb6704b,Long-term unemployment rates by sex,cluster_b625d52d71ac,agglomerative,"{""distance_threshold"": 0.35, ""linkage"": ""average""}"
term_0fc206cf39067f4cf3b8,Long-term unemployment rates by sex - ENP-East,cluster_b625d52d71ac,agglomerative,"{""distance_threshold"": 0.35, ""linkage"": ""average""}"
term_06310cc3ee57698adc4b,Long-term unemployment rates by sex - ENP-East countries,cluster_b625d52d71ac,agglomerative,"{""distance_threshold"": 0.35, ""linkage"": ""average""}"
term_a06c27cf3ca8e71de7f5,longer in employment,cluster_2aeba3fc16ae,agglomerative,"{""distance_threshold"": 0.35, ""linkage"": ""average""}"
term_90445505cc2998032e3c,low work intensity by degree of urbanisation (population,cluster_021a934ea779,agglomerative,"{""distance_threshold"": 0.35, ""linkage"": ""average""}"
term_e4ccbbfe8b2db26a1eb4,low work intensity by NUTS 2 region (population,cluster_95df7df16168,agglomerative,"{""distance_threshold"": 0.35, ""linkage"": ""average""}"
term_57896bda73fe719211f7,Low-wage earners as a proportion of all employees (excluding apprentices) by employment contract,cluster_fd27aed274d2,agglomerative,"{""distance_threshold"": 0.35, ""linkage"": ""average""}"
term_6c058c5ecc85fa44defe,main residence by income,cluster_0958acf3e7dc,agglomerative,"{""distance_threshold"": 0.35, ""linkage"": ""average""}"
term_3477b725f64eeda69832,main residence by income quantile,cluster_0958acf3e7dc,agglomerative,"{""distance_threshold"": 0.35, ""linkage"": ""average""}"
term_9c855fa9ff210d56668c,main residence) by income,cluster_0958acf3e7dc,agglomerative,"{""distance_threshold"": 0.35, ""linkage"": ""average""}"
term_6ea423faaa555f4cd6c2,main residence) by income quintile,cluster_0958acf3e7dc,agglomerative,"{""distance_threshold"": 0.35, ""linkage"": ""average""}"
term_8363a2d5e57272fba3ab,"maize and corn-cob-mix by area, production",cluster_4c9b1b408341,agglomerative,"{""distance_threshold"": 0.35, ""linkage"": ""average""}"
term_2f395eaf17d8678e82cd,"maize and corn-cob-mix by area, production and",cluster_4c9b1b408341,agglomerative,"{""distance_threshold"": 0.35, ""linkage"": ""average""}"
term_6066c4745e05b00ef3bd,"maize and corn-cob-mix by area, production and humidity",cluster_4c9b1b408341,agglomerative,"{""distance_threshold"": 0.35, ""linkage"": ""average""}"
term_6dc068cd8893888502f2,"maize by area, production",cluster_4c9b1b408341,agglomerative,"{""distance_threshold"": 0.35, ""linkage"": ""average""}"
term_3434dd81973edbbf7360,"maize by area, production and",cluster_4c9b1b408341,agglomerative,"{""distance_threshold"": 0.35, ""linkage"": ""average""}"
term_c58f4d48c9a23d3b6451,"maize by area, production and humidity",cluster_4c9b1b408341,agglomerative,"{""distance_threshold"": 0.35, ""linkage"": ""average""}"
term_5248b5345b4ee2ed3542,major mineral wastes per GDP,cluster_f5e40cb5cbdd,agglomerative,"{""distance_threshold"": 0.35, ""linkage"": ""average""}"
term_0be44b79a4b36b76774f,major mineral wastes per GDP unit,cluster_f5e40cb5cbdd,agglomerative,"{""distance_threshold"": 0.35, ""linkage"": ""average""}"
term_d1857e7c6b5ae0c9dbd7,"manufacturing, construction, by sex - per 1000 of population",cluster_586194a4eb3a,agglomerative,"{""distance_threshold"": 0.35, ""linkage"": ""average""}"
term_e157e5c7f05a0049cc46,Maritime goods transport performed in the Exclusive Economic Zone of the countries,cluster_b9a3b7632ab8,agglomerative,"{""distance_threshold"": 0.35, ""linkage"": ""average""}"
term_cf4d38e388c2bc56090a,Maritime passenger transport performed in the Exclusive Economic Zone of the countries,cluster_b9a3b7632ab8,agglomerative,"{""distance_threshold"": 0.35, ""linkage"": ""average""}"
term_eb0740949292b76319ec,Maritime transport infrastructure,cluster_b9a3b7632ab8,agglomerative,"{""distance_threshold"": 0.35, ""linkage"": ""average""}"
term_c6b8e720436e1d8a19f2,Maritime transport infrastructure: ports,cluster_b9a3b7632ab8,agglomerative,"{""distance_threshold"": 0.35, ""linkage"": ""average""}"
term_422013898bdc7aa0ad06,Maritime transport of freight by NUTS 2 region,cluster_95df7df16168,agglomerative,"{""distance_threshold"": 0.35, ""linkage"": ""average""}"
term_0ecae0b5473fbb8ae729,Maritime transport of passengers by NUTS 2 region,cluster_95df7df16168,agglomerative,"{""distance_threshold"": 0.35, ""linkage"": ""average""}"
term_aed2451655421970bc85,market prices,cluster_50fcb6e7a7e8,agglomerative,"{""distance_threshold"": 0.35, ""linkage"": ""average""}"
term_5a62747e9b2bbc98b77e,Market production,cluster_33ddf438eacf,agglomerative,"{""distance_threshold"": 0.35, ""linkage"": ""average""}"
term_87397ba66bbc3b7bd381,Market production - annual,cluster_4ba888595f32,agglomerative,"{""distance_threshold"": 0.35, ""linkage"": ""average""}"
term_012b2e24a75dae7a8801,Market production - annual data,cluster_4ba888595f32,agglomerative,"{""distance_threshold"": 0.35, ""linkage"": ""average""}"
term_81cc282a753dba008375,Mean age of women at childbirth and,cluster_8cbdd0602d88,agglomerative,"{""distance_threshold"": 0.35, ""linkage"": ""average""}"
term_60112935e458f8130eed,Mean age of women at childbirth and at,cluster_8cbdd0602d88,agglomerative,"{""distance_threshold"": 0.35, ""linkage"": ""average""}"
term_078d046c57799f9a57b5,Mean age of women at childbirth and at birth of first child,cluster_8cbdd0602d88,agglomerative,"{""distance_threshold"": 0.35, ""linkage"": ""average""}"
term_724fd5a61646c07b9ee6,Mean consumption expenditure,cluster_f7c5001b3c2d,agglomerative,"{""distance_threshold"": 0.35, ""linkage"": ""average""}"
term_6d74ce8b77ff2dfa763c,Mean consumption expenditure by,cluster_f7c5001b3c2d,agglomerative,"{""distance_threshold"": 0.35, ""linkage"": ""average""}"
term_f6ae12fd7ee563d0416b,Mean consumption expenditure by number,cluster_f7c5001b3c2d,agglomerative,"{""distance_threshold"": 0.35, ""linkage"": ""average""}"
term_c054e773edcb3bcaf89c,Mean consumption expenditure by number of,cluster_f7c5001b3c2d,agglomerative,"{""distance_threshold"": 0.35, ""linkage"": ""average""}"
term_ee6c75b8c0d6bfb30084,Mean consumption expenditure by number of active,cluster_f7c5001b3c2d,agglomerative,"{""distance_threshold"": 0.35, ""linkage"": ""average""}"
term_45b9a362994ac998a029,Mean consumption expenditure by number of active persons,cluster_f7c5001b3c2d,agglomerative,"{""distance_threshold"": 0.35, ""linkage"": ""average""}"
term_842c3e4b0df4aff6d7de,Mean consumption expenditure of,cluster_f7c5001b3c2d,agglomerative,"{""distance_threshold"": 0.35, ""linkage"": ""average""}"
term_79ff7ac0ec8710efabc9,Mean consumption expenditure of private,cluster_f7c5001b3c2d,agglomerative,"{""distance_threshold"": 0.35, ""linkage"": ""average""}"
term_1c230901746c4ea7a1b9,Mean consumption expenditure of private households,cluster_f7c5001b3c2d,agglomerative,"{""distance_threshold"": 0.35, ""linkage"": ""average""}"
term_404ed42b22ecaa62e068,Mean consumption expenditure of private households on,cluster_f7c5001b3c2d,agglomerative,"{""distance_threshold"": 0.35, ""linkage"": ""average""}"
term_c5df7057b9f5ad1ff232,Mean consumption expenditure of private households on cultural,cluster_f7c5001b3c2d,agglomerative,"{""distance_threshold"": 0.35, ""linkage"": ""average""}"
term_c14bca743ac5884f17e2,Mean consumption expenditure of private households on cultural goods and services by income quintile,cluster_f7c5001b3c2d,agglomerative,"{""distance_threshold"": 0.35, ""linkage"": ""average""}"
term_43c0c83e112869827ec6,Mean consumption expenditure of private households on sporting,cluster_f7c5001b3c2d,agglomerative,"{""distance_threshold"": 0.35, ""linkage"": ""average""}"
term_fcbaef808b290197842f,Mean consumption expenditure of private households on sporting goods and services by income quintile,cluster_f7c5001b3c2d,agglomerative,"{""distance_threshold"": 0.35, ""linkage"": ""average""}"
term_7f9dd3c79ddf7d434e77,Mean consumption expenditure per,cluster_f7c5001b3c2d,agglomerative,"{""distance_threshold"": 0.35, ""linkage"": ""average""}"
term_ed8a7c180e76bd51f2a2,Mean consumption expenditure per household,cluster_f7c5001b3c2d,agglomerative,"{""distance_threshold"": 0.35, ""linkage"": ""average""}"
term_d35f2a6e442c11e77aa3,Mean consumption expenditure per household and,cluster_f7c5001b3c2d,agglomerative,"{""distance_threshold"": 0.35, ""linkage"": ""average""}"
term_2124329c6e6c3f95650a,Mean consumption expenditure per household and per,cluster_f7c5001b3c2d,agglomerative,"{""distance_threshold"": 0.35, ""linkage"": ""average""}"
term_71b28405f480839c2c65,Mean consumption expenditure per household and per adult,cluster_f7c5001b3c2d,agglomerative,"{""distance_threshold"": 0.35, ""linkage"": ""average""}"
term_20ca9ef9e116900d5e88,Mean consumption expenditure per household and per adult equivalent,cluster_f7c5001b3c2d,agglomerative,"{""distance_threshold"": 0.35, ""linkage"": ""average""}"
term_da0eebfa00f372b7cb5b,Meat (total production,cluster_4c9b1b408341,agglomerative,"{""distance_threshold"": 0.35, ""linkage"": ""average""}"
term_e10167245fc767be14f4,Meat (total production),cluster_4c9b1b408341,agglomerative,"{""distance_threshold"": 0.35, ""linkage"": ""average""}"
term_aeaee419e62acf4048d5,Meat production,cluster_4c9b1b408341,agglomerative,"{""distance_threshold"": 0.35, ""linkage"": ""average""}"
term_0630f319a844bb1908fa,Meat production - ENP-East,cluster_4c9b1b408341,agglomerative,"{""distance_threshold"": 0.35, ""linkage"": ""average""}"
term_dda222aaf1cad0d16ff4,Meat production - ENP-East countries,cluster_4c9b1b408341,agglomerative,"{""distance_threshold"": 0.35, ""linkage"": ""average""}"
term_eceb28920ec410eed17e,Meat production - ENP-South,cluster_4c9b1b408341,agglomerative,"{""distance_threshold"": 0.35, ""linkage"": ""average""}"
term_08f3dd440b4f4e4ac60d,Meat production - ENP-South countries,cluster_4c9b1b408341,agglomerative,"{""distance_threshold"": 0.35, ""linkage"": ""average""}"
term_f7373141e70e62bc181d,Median age of residents by sex and country of birth,cluster_8cbdd0602d88,agglomerative,"{""distance_threshold"": 0.35, ""linkage"": ""average""}"
term_8b42b7afde2970f7db70,median income,cluster_0958acf3e7dc,agglomerative,"{""distance_threshold"": 0.35, ""linkage"": ""average""}"
term_f722d1f41d929e7de3ad,median income ratio,cluster_0958acf3e7dc,agglomerative,"{""distance_threshold"": 0.35, ""linkage"": ""average""}"
term_e67b27eeeaf083525032,median income ratio (60,cluster_0958acf3e7dc,agglomerative,"{""distance_threshold"": 0.35, ""linkage"": ""average""}"
term_219a21091f2da92a7e70,median income ratio (65,cluster_0958acf3e7dc,agglomerative,"{""distance_threshold"": 0.35, ""linkage"": ""average""}"
term_81ba75668fcb8e40f157,median income ratio (65+) - EU-SILC,cluster_0958acf3e7dc,agglomerative,"{""distance_threshold"": 0.35, ""linkage"": ""average""}"
term_76d2ad010c7d821be0b8,median income ratio (65+) - EU-SILC and,cluster_0958acf3e7dc,agglomerative,"{""distance_threshold"": 0.35, ""linkage"": ""average""}"
term_d3b384d9c8278d692dd6,median income ratio (65+) - EU-SILC and ECHP,cluster_0958acf3e7dc,agglomerative,"{""distance_threshold"": 0.35, ""linkage"": ""average""}"
term_aa9c07b48f0e13f252ba,Median relative income,cluster_0958acf3e7dc,agglomerative,"{""distance_threshold"": 0.35, ""linkage"": ""average""}"
term_51577e5597ef08350211,Median relative income of,cluster_0958acf3e7dc,agglomerative,"{""distance_threshold"": 0.35, ""linkage"": ""average""}"
term_57fb20fa0ebb3311ba5f,Median relative income of elderly,cluster_0958acf3e7dc,agglomerative,"{""distance_threshold"": 0.35, ""linkage"": ""average""}"
term_2a9aadf1b728e35c5c59,Median relative income of elderly people (60,cluster_0958acf3e7dc,agglomerative,"{""distance_threshold"": 0.35, ""linkage"": ""average""}"
term_1847b10ff62e7ccf2fbb,Median relative income of elderly people (60+),cluster_0958acf3e7dc,agglomerative,"{""distance_threshold"": 0.35, ""linkage"": ""average""}"
term_bf81c2d3d1cc5637ab87,Median relative income of elderly people (60+) - EU-SILC,cluster_0958acf3e7dc,agglomerative,"{""distance_threshold"": 0.35, ""linkage"": ""average""}"
term_074ac00adbe5f73a2af1,Median relative income of elderly people (60+) - EU-SILC survey,cluster_0958acf3e7dc,agglomerative,"{""distance_threshold"": 0.35, ""linkage"": ""average""}"
term_79f77bacad013d31639f,Median relative income of elderly people - EU-SILC,cluster_0958acf3e7dc,agglomerative,"{""distance_threshold"": 0.35, ""linkage"": ""average""}"
term_aae6ecbce1ea4c04530e,Median relative income of elderly people - EU-SILC survey,cluster_0958acf3e7dc,agglomerative,"{""distance_threshold"": 0.35, ""linkage"": ""average""}"
term_79f76789f1ae9176f229,Median saving rate by income,cluster_0958acf3e7dc,agglomerative,"{""distance_threshold"": 0.35, ""linkage"": ""average""}"
term_751662a2365b33aba273,Median saving rate by income quintile,cluster_0958acf3e7dc,agglomerative,"{""distance_threshold"": 0.35, ""linkage"": ""average""}"
term_b1a5f454e0da44a54017,Median saving rate by income quintile - experimental,cluster_0958acf3e7dc,agglomerative,"{""distance_threshold"": 0.35, ""linkage"": ""average""}"
term_6d3a4e9e00dfe2d6b031,Median saving rate by income quintile - experimental statistics,cluster_0958acf3e7dc,agglomerative,"{""distance_threshold"": 0.35, ""linkage"": ""average""}"
term_8a78d643d56e6217e407,mineral wastes per GDP,cluster_f5e40cb5cbdd,agglomerative,"{""distance_threshold"": 0.35, ""linkage"": ""average""}"
term_423b54a954bd0a90b304,mineral wastes per GDP unit,cluster_f5e40cb5cbdd,agglomerative,"{""distance_threshold"": 0.35, ""linkage"": ""average""}"
term_b61bf04e7a77cfdc39a0,"Modal split of air, sea and freight transport",cluster_b9a3b7632ab8,agglomerative,"{""distance_threshold"": 0.35, ""linkage"": ""average""}"
term_c3cd9054646b135d0b4e,"Modal split of air, sea and passenger transport",cluster_b9a3b7632ab8,agglomerative,"{""distance_threshold"": 0.35, ""linkage"": ""average""}"
term_c81d6ee622d33c0e63b4,Modal split of freight transport,cluster_b9a3b7632ab8,agglomerative,"{""distance_threshold"": 0.35, ""linkage"": ""average""}"
term_527a9a5640b8adc5df70,month) by share of platform income,cluster_d80ae2c2c145,agglomerative,"{""distance_threshold"": 0.35, ""linkage"": ""average""}"
term_2a10f585b1b50ce77775,month) by share of platform income in,cluster_d80ae2c2c145,agglomerative,"{""distance_threshold"": 0.35, ""linkage"": ""average""}"
term_83cc6e75ae698d5a900c,month) by share of platform income in their,cluster_d80ae2c2c145,agglomerative,"{""distance_threshold"": 0.35, ""linkage"": ""average""}"
term_a49c26fe4b88ef6eb988,mortgages on purchase of main residence) by income,cluster_0958acf3e7dc,agglomerative,"{""distance_threshold"": 0.35, ""linkage"": ""average""}"
term_082bdc6b724360067c76,NACE Rev. 1.1 activity and employment,cluster_717245bdba31,agglomerative,"{""distance_threshold"": 0.35, ""linkage"": ""average""}"
term_7ebcdc4bb3ed39b23621,NACE Rev. 1.1 activity and employment status,cluster_717245bdba31,agglomerative,"{""distance_threshold"": 0.35, ""linkage"": ""average""}"
term_336270b69f2d18677f52,National expenditure,cluster_f7c5001b3c2d,agglomerative,"{""distance_threshold"": 0.35, ""linkage"": ""average""}"
term_0d5fd67bb0a57cb103ff,National expenditure on,cluster_f7c5001b3c2d,agglomerative,"{""distance_threshold"": 0.35, ""linkage"": ""average""}"
term_3daccebc097df6a6afc6,National expenditure on environmental,cluster_f7c5001b3c2d,agglomerative,"{""distance_threshold"": 0.35, ""linkage"": ""average""}"
term_8c5599186ab207fa39cc,National expenditure on environmental protection,cluster_f7c5001b3c2d,agglomerative,"{""distance_threshold"": 0.35, ""linkage"": ""average""}"
term_d6640f5639722392140b,national income,cluster_f7c5001b3c2d,agglomerative,"{""distance_threshold"": 0.35, ""linkage"": ""average""}"
term_43979a2fdc10528624fc,national income (GNI,cluster_0958acf3e7dc,agglomerative,"{""distance_threshold"": 0.35, ""linkage"": ""average""}"
term_3b8698a0ab9664191fb4,national income (GNI) per,cluster_0958acf3e7dc,agglomerative,"{""distance_threshold"": 0.35, ""linkage"": ""average""}"
term_aef08d6754e558929a90,national income (GNI) per capita,cluster_0958acf3e7dc,agglomerative,"{""distance_threshold"": 0.35, ""linkage"": ""average""}"
term_f32b7749e3c9ff7974e4,National passenger road transport performance by type of vehicles registered in the,cluster_f2d7baeb95d9,agglomerative,"{""distance_threshold"": 0.35, ""linkage"": ""average""}"
term_6392dbd83bedde9a7947,nationality of client and employment,cluster_e7477d78f08b,agglomerative,"{""distance_threshold"": 0.35, ""linkage"": ""average""}"
term_34243a7d02b1ed590701,nationality of client and employment size,cluster_e7477d78f08b,agglomerative,"{""distance_threshold"": 0.35, ""linkage"": ""average""}"
term_338df1297217a5704939,neither in employment,cluster_fd27aed274d2,agglomerative,"{""distance_threshold"": 0.35, ""linkage"": ""average""}"
term_5f011d5fd346d2b99cb9,neither in employment nor,cluster_fd27aed274d2,agglomerative,"{""distance_threshold"": 0.35, ""linkage"": ""average""}"
term_5c1b156bf1e3cc20b804,"Net external debt - annual data, % of GDP",cluster_f5e40cb5cbdd,agglomerative,"{""distance_threshold"": 0.35, ""linkage"": ""average""}"
term_cd3886f7e671857294d0,"Net external debt - quarterly data, % of GDP",cluster_f5e40cb5cbdd,agglomerative,"{""distance_threshold"": 0.35, ""linkage"": ""average""}"
term_4b419433504b08218669,"Net international investment position - quarterly data, % of GDP",cluster_f5e40cb5cbdd,agglomerative,"{""distance_threshold"": 0.35, ""linkage"": ""average""}"
term_5aa8c2375b016a280a45,Net international investment position excluding non-defaultable instruments - % of GDP,cluster_f5e40cb5cbdd,agglomerative,"{""distance_threshold"": 0.35, ""linkage"": ""average""}"
term_06536802769bc978a649,Net trade balance of energy products - % of GDP,cluster_f5e40cb5cbdd,agglomerative,"{""distance_threshold"": 0.35, ""linkage"": ""average""}"
term_fdc6d69ade8537f5bcac,non-consolidated - % of GDP,cluster_f5e40cb5cbdd,agglomerative,"{""distance_threshold"": 0.35, ""linkage"": ""average""}"
term_91f9e49c88c8dcb6bcde,non-defaultable instruments - % of GDP,cluster_f5e40cb5cbdd,agglomerative,"{""distance_threshold"": 0.35, ""linkage"": ""average""}"
term_5cb1785dd3f1be3b9d22,"Non-financial corporations debt, consolidated - % of GDP",cluster_f5e40cb5cbdd,agglomerative,"{""distance_threshold"": 0.35, ""linkage"": ""average""}"
term_6e98ec4873b72e02d420,non-housing bills by income,cluster_0958acf3e7dc,agglomerative,"{""distance_threshold"": 0.35, ""linkage"": ""average""}"
term_7d1e3f75d65c35f61e64,non-housing bills by income quintile,cluster_0958acf3e7dc,agglomerative,"{""distance_threshold"": 0.35, ""linkage"": ""average""}"
term_263d991d45081b9fceba,"non-partner, by country of birth",cluster_8cbdd0602d88,agglomerative,"{""distance_threshold"": 0.35, ""linkage"": ""average""}"
term_e5122b2bba66f017eaa9,number and load capacity of goods transport wagons,cluster_b9a3b7632ab8,agglomerative,"{""distance_threshold"": 0.35, ""linkage"": ""average""}"
term_975f92a4a6ba860bd35f,Number of accidents at work by NACE Rev. 1.1 activity and employment status,cluster_717245bdba31,agglomerative,"{""distance_threshold"": 0.35, ""linkage"": ""average""}"
term_44182a54b9802a05ffb2,Number of enterprises carrying out cross trade by employment size class,cluster_e7477d78f08b,agglomerative,"{""distance_threshold"": 0.35, ""linkage"": ""average""}"
term_9560cd093859db0ca542,Number of enterprises carrying out cross trade by reasons for cross trade and employment size class,cluster_e7477d78f08b,agglomerative,"{""distance_threshold"": 0.35, ""linkage"": ""average""}"
term_abd74cab62a22713b235,Number of enterprises carrying out cross trade by type of cross trade and employment size class,cluster_e7477d78f08b,agglomerative,"{""distance_threshold"": 0.35, ""linkage"": ""average""}"
term_3e83381871c5ed1e6d8f,NUTS 2 region (population,cluster_95df7df16168,agglomerative,"{""distance_threshold"": 0.35, ""linkage"": ""average""}"
term_ba8249487f497995ac54,NUTS 2 region - % of the population,cluster_95df7df16168,agglomerative,"{""distance_threshold"": 0.35, ""linkage"": ""average""}"
term_2f25a8967fee399e3f43,NUTS 2 region - % of the population of,cluster_95df7df16168,agglomerative,"{""distance_threshold"": 0.35, ""linkage"": ""average""}"
term_0e0757c7dbe45cf6a1ab,NUTS 2 region - % of the population of the,cluster_95df7df16168,agglomerative,"{""distance_threshold"": 0.35, ""linkage"": ""average""}"
term_46e753fdf9cdeff075cc,"Oats and spring cereal mixtures by area, production",cluster_4c9b1b408341,agglomerative,"{""distance_threshold"": 0.35, ""linkage"": ""average""}"
term_41e0d6bfe368e5f58f50,"Oats and spring cereal mixtures by area, production and humidity",cluster_4c9b1b408341,agglomerative,"{""distance_threshold"": 0.35, ""linkage"": ""average""}"
term_536037333c2e0be96dda,of 3 by sex - as % of the population,cluster_586194a4eb3a,agglomerative,"{""distance_threshold"": 0.35, ""linkage"": ""average""}"
term_3eb27997ff1fbf821e23,of all employees (excluding apprentices) by employment,cluster_fd27aed274d2,agglomerative,"{""distance_threshold"": 0.35, ""linkage"": ""average""}"
term_4242270a8005c064cebd,of all employees (excluding apprentices) by employment contract,cluster_fd27aed274d2,agglomerative,"{""distance_threshold"": 0.35, ""linkage"": ""average""}"
term_55b6303e52622e8e5f90,of annual expenditure,cluster_f7c5001b3c2d,agglomerative,"{""distance_threshold"": 0.35, ""linkage"": ""average""}"
term_56949852213bbb05d0b0,of annual expenditure per,cluster_f7c5001b3c2d,agglomerative,"{""distance_threshold"": 0.35, ""linkage"": ""average""}"
term_c9e8ad517dd17baf66f3,of annual expenditure per student,cluster_f7c5001b3c2d,agglomerative,"{""distance_threshold"": 0.35, ""linkage"": ""average""}"
term_28438c100b9e1ecfb1a3,of annual expenditure per student at,cluster_f7c5001b3c2d,agglomerative,"{""distance_threshold"": 0.35, ""linkage"": ""average""}"
term_a3c82e3b6a69a8cb1139,of annual expenditure per student at the,cluster_f7c5001b3c2d,agglomerative,"{""distance_threshold"": 0.35, ""linkage"": ""average""}"
term_3fcd3d6d701166a07ba4,of annual expenditure per student at the tertiary,cluster_f7c5001b3c2d,agglomerative,"{""distance_threshold"": 0.35, ""linkage"": ""average""}"
term_91219e31724af99b0eb6,of corresponding age population,cluster_586194a4eb3a,agglomerative,"{""distance_threshold"": 0.35, ""linkage"": ""average""}"
term_af49a763eab7e81b1ecf,of country of birth,cluster_8cbdd0602d88,agglomerative,"{""distance_threshold"": 0.35, ""linkage"": ""average""}"
term_715f73c655a07a74f8d3,of cross trade and employment,cluster_e7477d78f08b,agglomerative,"{""distance_threshold"": 0.35, ""linkage"": ""average""}"
term_339c31fc94d979303341,of cross trade and employment size,cluster_e7477d78f08b,agglomerative,"{""distance_threshold"": 0.35, ""linkage"": ""average""}"
term_dd760ae67ae0c1636529,of cross trade and employment size class,cluster_e7477d78f08b,agglomerative,"{""distance_threshold"": 0.35, ""linkage"": ""average""}"
term_16488a6a677eed808c0a,of death - potential,cluster_93d52bc87457,agglomerative,"{""distance_threshold"": 0.35, ""linkage"": ""average""}"
term_c508eda382131e83bb96,of death - potential years,cluster_93d52bc87457,agglomerative,"{""distance_threshold"": 0.35, ""linkage"": ""average""}"
term_3cd815c6ae038a254faf,of death - potential years of,cluster_93d52bc87457,agglomerative,"{""distance_threshold"": 0.35, ""linkage"": ""average""}"
term_75268c5e2bb37931a427,of death - potential years of life,cluster_93d52bc87457,agglomerative,"{""distance_threshold"": 0.35, ""linkage"": ""average""}"
term_e6c80f9339d77dd147f9,of death - potential years of life lost,cluster_93d52bc87457,agglomerative,"{""distance_threshold"": 0.35, ""linkage"": ""average""}"
term_e82fd9f89f51cb742a80,of death - potential years of life lost by,cluster_93d52bc87457,agglomerative,"{""distance_threshold"": 0.35, ""linkage"": ""average""}"
term_bc533228319d2622a79d,"of death, by sex",cluster_93d52bc87457,agglomerative,"{""distance_threshold"": 0.35, ""linkage"": ""average""}"
term_ded0d564be1f69fe9f2e,of energy products - % of GDP,cluster_f5e40cb5cbdd,agglomerative,"{""distance_threshold"": 0.35, ""linkage"": ""average""}"
term_f0e0d196b7008c72953d,of enterprises carrying out cross trade by employment,cluster_e7477d78f08b,agglomerative,"{""distance_threshold"": 0.35, ""linkage"": ""average""}"
term_94add236a6dc094df9fb,of equivalised disposable income,cluster_0958acf3e7dc,agglomerative,"{""distance_threshold"": 0.35, ""linkage"": ""average""}"
term_0dc12e38880a621aff3a,of equivalised disposable income before,cluster_0958acf3e7dc,agglomerative,"{""distance_threshold"": 0.35, ""linkage"": ""average""}"
term_2cc5feb912afb30a9d78,of equivalised disposable income before social,cluster_0958acf3e7dc,agglomerative,"{""distance_threshold"": 0.35, ""linkage"": ""average""}"
term_25f6fd08e19e43fe8817,of equivalised disposable income before social transfers,cluster_0958acf3e7dc,agglomerative,"{""distance_threshold"": 0.35, ""linkage"": ""average""}"
term_a74ddab878d611366fbc,of equivalised disposable income by,cluster_0958acf3e7dc,agglomerative,"{""distance_threshold"": 0.35, ""linkage"": ""average""}"
term_6669653816da398dd2c9,of equivalised disposable income by age,cluster_0958acf3e7dc,agglomerative,"{""distance_threshold"": 0.35, ""linkage"": ""average""}"
term_a7ff3dba54c590c29e60,of EU27 (from) population,cluster_c7c1d69c4acd,agglomerative,"{""distance_threshold"": 0.35, ""linkage"": ""average""}"
term_b35bfa65f2ef146aa2ed,of freight transport relative to GDP,cluster_f5e40cb5cbdd,agglomerative,"{""distance_threshold"": 0.35, ""linkage"": ""average""}"
term_e6e03ba80620c0a0890d,of full-time employment,cluster_2aeba3fc16ae,agglomerative,"{""distance_threshold"": 0.35, ""linkage"": ""average""}"
term_efef264aae9b766fb62f,of GBARD in total general government expenditure,cluster_f7c5001b3c2d,agglomerative,"{""distance_threshold"": 0.35, ""linkage"": ""average""}"
term_36311a6ce19654a5f9f5,of GDP by institutional,cluster_f5e40cb5cbdd,agglomerative,"{""distance_threshold"": 0.35, ""linkage"": ""average""}"
term_1a7b0e77b35af536f5e5,of GDP by institutional sectors,cluster_f5e40cb5cbdd,agglomerative,"{""distance_threshold"": 0.35, ""linkage"": ""average""}"
term_84233aca942b046bc22e,of goods and services in % of GDP,cluster_f5e40cb5cbdd,agglomerative,"{""distance_threshold"": 0.35, ""linkage"": ""average""}"
term_de542411f5a622397e6e,"of goods and services, current prices",cluster_fc59ce925147,agglomerative,"{""distance_threshold"": 0.35, ""linkage"": ""average""}"
term_8b8f719e373bef7553b4,of gross national income,cluster_0958acf3e7dc,agglomerative,"{""distance_threshold"": 0.35, ""linkage"": ""average""}"
term_ccc70db1d21d59c17f96,of income distribution,cluster_0958acf3e7dc,agglomerative,"{""distance_threshold"": 0.35, ""linkage"": ""average""}"
term_d39935e8f9dd5a681c32,of income distribution S80/S20,cluster_0958acf3e7dc,agglomerative,"{""distance_threshold"": 0.35, ""linkage"": ""average""}"
term_2a8c24c5273e2631f4de,of income distribution S80/S20 income,cluster_0958acf3e7dc,agglomerative,"{""distance_threshold"": 0.35, ""linkage"": ""average""}"
term_fdb01d8982309901ac39,of income distribution S80/S20 income quintile,cluster_0958acf3e7dc,agglomerative,"{""distance_threshold"": 0.35, ""linkage"": ""average""}"
term_aad7396182e90d092d27,of income distribution S80/S20 income quintile share,cluster_0958acf3e7dc,agglomerative,"{""distance_threshold"": 0.35, ""linkage"": ""average""}"
term_8e68d314bee79b30195b,of main residence) by income,cluster_0958acf3e7dc,agglomerative,"{""distance_threshold"": 0.35, ""linkage"": ""average""}"
term_063d7cc2bf6807586876,of main residence) by income quintile,cluster_0958acf3e7dc,agglomerative,"{""distance_threshold"": 0.35, ""linkage"": ""average""}"
term_8284a4a424b65d0aa16c,of passenger transport relative to GDP,cluster_f5e40cb5cbdd,agglomerative,"{""distance_threshold"": 0.35, ""linkage"": ""average""}"
term_4c09453ad5f6e75f612b,of population (age,cluster_586194a4eb3a,agglomerative,"{""distance_threshold"": 0.35, ""linkage"": ""average""}"
term_ebf3dc00b64bfe082eb7,of population (age group,cluster_586194a4eb3a,agglomerative,"{""distance_threshold"": 0.35, ""linkage"": ""average""}"
term_9b03adcf9b8e40af8292,of population (age group 25-64,cluster_586194a4eb3a,agglomerative,"{""distance_threshold"": 0.35, ""linkage"": ""average""}"
term_3bac8e5df49e7b535476,of population (age group 25-64) in,cluster_586194a4eb3a,agglomerative,"{""distance_threshold"": 0.35, ""linkage"": ""average""}"
term_b2e3748fb2cd6c7ff269,of population (age group 25-64) in private,cluster_586194a4eb3a,agglomerative,"{""distance_threshold"": 0.35, ""linkage"": ""average""}"
term_6c05cc7043fa89d3fd0b,of population (age group 25-64) in private households,cluster_586194a4eb3a,agglomerative,"{""distance_threshold"": 0.35, ""linkage"": ""average""}"
term_f2ab22f6f50254c503bb,of population aged,cluster_586194a4eb3a,agglomerative,"{""distance_threshold"": 0.35, ""linkage"": ""average""}"
term_e23f8c33dbbb2791cad5,of population aged 65,cluster_586194a4eb3a,agglomerative,"{""distance_threshold"": 0.35, ""linkage"": ""average""}"
term_cc6b7d4b1c2c64aed2e7,of population aged 65 and,cluster_586194a4eb3a,agglomerative,"{""distance_threshold"": 0.35, ""linkage"": ""average""}"
term_c6c0ffc74ac133ff07f9,of population aged 65 and over,cluster_586194a4eb3a,agglomerative,"{""distance_threshold"": 0.35, ""linkage"": ""average""}"
term_c21eef84d350dd34f6d7,of population by household,cluster_021a934ea779,agglomerative,"{""distance_threshold"": 0.35, ""linkage"": ""average""}"
term_f98845fabb8bf4c6c0d5,of population by household types,cluster_021a934ea779,agglomerative,"{""distance_threshold"": 0.35, ""linkage"": ""average""}"
term_f72deb9cd0c0bf9b27cb,of population by household types - EU-SILC,cluster_021a934ea779,agglomerative,"{""distance_threshold"": 0.35, ""linkage"": ""average""}"
term_16777d85a71a4e41b134,of population by household types - EU-SILC survey,cluster_021a934ea779,agglomerative,"{""distance_threshold"": 0.35, ""linkage"": ""average""}"
term_e0740ff53f868887eb33,of producer prices,cluster_50fcb6e7a7e8,agglomerative,"{""distance_threshold"": 0.35, ""linkage"": ""average""}"
term_d9142701baeeefee18db,of producer prices of,cluster_50fcb6e7a7e8,agglomerative,"{""distance_threshold"": 0.35, ""linkage"": ""average""}"
term_40a3534784cf4b027285,of producer prices of agricultural,cluster_50fcb6e7a7e8,agglomerative,"{""distance_threshold"": 0.35, ""linkage"": ""average""}"
term_a0401be615d033847f06,of producer prices of agricultural products,cluster_50fcb6e7a7e8,agglomerative,"{""distance_threshold"": 0.35, ""linkage"": ""average""}"
term_29ff500c6492896d631c,of producer prices of agricultural products - survey,cluster_50fcb6e7a7e8,agglomerative,"{""distance_threshold"": 0.35, ""linkage"": ""average""}"
term_bcfb8a141806698d50f9,of purchase prices,cluster_50fcb6e7a7e8,agglomerative,"{""distance_threshold"": 0.35, ""linkage"": ""average""}"
term_af64ed5d91bfdc38264b,of purchase prices of,cluster_50fcb6e7a7e8,agglomerative,"{""distance_threshold"": 0.35, ""linkage"": ""average""}"
term_435dec8d0c86dc9d4de7,of purchase prices of the,cluster_50fcb6e7a7e8,agglomerative,"{""distance_threshold"": 0.35, ""linkage"": ""average""}"
term_02a1179d346c345bc8d9,of purchase prices of the means,cluster_50fcb6e7a7e8,agglomerative,"{""distance_threshold"": 0.35, ""linkage"": ""average""}"
term_98f2fec3ec706ab4f8e3,of purchase prices of the means of,cluster_50fcb6e7a7e8,agglomerative,"{""distance_threshold"": 0.35, ""linkage"": ""average""}"
term_330d30ab7777ef60f0a4,of residents by sex and country of birth,cluster_8cbdd0602d88,agglomerative,"{""distance_threshold"": 0.35, ""linkage"": ""average""}"
term_cc92bd5471a6b190ef68,of sales - automotive,cluster_a5cfad0cd27c,agglomerative,"{""distance_threshold"": 0.35, ""linkage"": ""average""}"
term_3189a9e4fda04e45570e,of sales - automotive fuel,cluster_a5cfad0cd27c,agglomerative,"{""distance_threshold"": 0.35, ""linkage"": ""average""}"
term_549a45085fa8ec14e92c,of sales - non,cluster_a5cfad0cd27c,agglomerative,"{""distance_threshold"": 0.35, ""linkage"": ""average""}"
term_625b06f28004c13cabfd,of sales - non food,cluster_a5cfad0cd27c,agglomerative,"{""distance_threshold"": 0.35, ""linkage"": ""average""}"
term_c8f9d1eff6a466e7dbeb,of sales - total,cluster_a5cfad0cd27c,agglomerative,"{""distance_threshold"": 0.35, ""linkage"": ""average""}"
term_0c555aba914440dfdfac,of social transfers on income,cluster_0958acf3e7dc,agglomerative,"{""distance_threshold"": 0.35, ""linkage"": ""average""}"
term_857c074022277ff7b765,of social transfers on income quintile,cluster_0958acf3e7dc,agglomerative,"{""distance_threshold"": 0.35, ""linkage"": ""average""}"
term_d977669a59e24a76a8cb,of social transfers on income quintile share,cluster_0958acf3e7dc,agglomerative,"{""distance_threshold"": 0.35, ""linkage"": ""average""}"
term_4d03f3ceaf3a1f28c871,of social transfers on income quintile share ratio,cluster_0958acf3e7dc,agglomerative,"{""distance_threshold"": 0.35, ""linkage"": ""average""}"
term_6d4e9f87654cd6aef16c,of taxes and social transfers on income,cluster_0958acf3e7dc,agglomerative,"{""distance_threshold"": 0.35, ""linkage"": ""average""}"
term_184968e3a61a65d2af6d,of taxes and social transfers on income quintile,cluster_0958acf3e7dc,agglomerative,"{""distance_threshold"": 0.35, ""linkage"": ""average""}"
term_f64f58dd5bc6e9cb9fb0,of taxes on income,cluster_0958acf3e7dc,agglomerative,"{""distance_threshold"": 0.35, ""linkage"": ""average""}"
term_18452aa44f1f931f7eea,of taxes on income quintile,cluster_0958acf3e7dc,agglomerative,"{""distance_threshold"": 0.35, ""linkage"": ""average""}"
term_c757fa4744c415e98749,of taxes on income quintile share,cluster_0958acf3e7dc,agglomerative,"{""distance_threshold"": 0.35, ""linkage"": ""average""}"
term_dd925e6f612ea78ce619,of taxes on income quintile share ratio,cluster_0958acf3e7dc,agglomerative,"{""distance_threshold"": 0.35, ""linkage"": ""average""}"
term_4f9da6ae9bebde5678a9,of taxes on income quintile share ratio S80/S20,cluster_0958acf3e7dc,agglomerative,"{""distance_threshold"": 0.35, ""linkage"": ""average""}"
term_64ff5da4b3d6df0d17b5,of the agricultural industry - basic and producer prices,cluster_50fcb6e7a7e8,agglomerative,"{""distance_threshold"": 0.35, ""linkage"": ""average""}"
term_350815aec651f7202201,of the bottom 40 % of the population,cluster_32528f9d8077,agglomerative,"{""distance_threshold"": 0.35, ""linkage"": ""average""}"
term_04576be26a5cf759d12f,of the household (population,cluster_021a934ea779,agglomerative,"{""distance_threshold"": 0.35, ""linkage"": ""average""}"
term_8e0805d6510d56b13680,of the households with income,cluster_a03fe115e208,agglomerative,"{""distance_threshold"": 0.35, ""linkage"": ""average""}"
term_b294c679925332dfbcc4,of the households with income from,cluster_a03fe115e208,agglomerative,"{""distance_threshold"": 0.35, ""linkage"": ""average""}"
term_90fd4a14fe1fec46075e,of the households with income from benefits,cluster_a03fe115e208,agglomerative,"{""distance_threshold"": 0.35, ""linkage"": ""average""}"
term_1faa375bf0558d7e5ade,of the ICT sector in Gross value added,cluster_52d12036582f,agglomerative,"{""distance_threshold"": 0.35, ""linkage"": ""average""}"
term_32100290aecff7e1f4cb,of the ICT sector personnel in total employment,cluster_717245bdba31,agglomerative,"{""distance_threshold"": 0.35, ""linkage"": ""average""}"
term_4ebb1cf5782a5b1d8219,of the income from agricultural,cluster_0958acf3e7dc,agglomerative,"{""distance_threshold"": 0.35, ""linkage"": ""average""}"
term_2eeb5a72a439ed8d061c,of the income from agricultural activity,cluster_0958acf3e7dc,agglomerative,"{""distance_threshold"": 0.35, ""linkage"": ""average""}"
term_daa27156d1d9738043c7,of the total population,cluster_021a934ea779,agglomerative,"{""distance_threshold"": 0.35, ""linkage"": ""average""}"
term_f294ea427eedac52e382,of total active population,cluster_021a934ea779,agglomerative,"{""distance_threshold"": 0.35, ""linkage"": ""average""}"
term_6f53bf06e7434d663e27,of total or current expenditure,cluster_fc59ce925147,agglomerative,"{""distance_threshold"": 0.35, ""linkage"": ""average""}"
term_69fa78dfe6f16c5aee34,of total population,cluster_021a934ea779,agglomerative,"{""distance_threshold"": 0.35, ""linkage"": ""average""}"
term_f164d785878d2a279ce8,of total population considering,cluster_021a934ea779,agglomerative,"{""distance_threshold"": 0.35, ""linkage"": ""average""}"
term_d0b9ef668d5856e01b92,of total population considering their,cluster_021a934ea779,agglomerative,"{""distance_threshold"": 0.35, ""linkage"": ""average""}"
term_39f78cb4402b6601cea7,of total population considering their dwelling,cluster_021a934ea779,agglomerative,"{""distance_threshold"": 0.35, ""linkage"": ""average""}"
term_f1dddaef919fb52e8ef6,of total population considering their dwelling as,cluster_021a934ea779,agglomerative,"{""distance_threshold"": 0.35, ""linkage"": ""average""}"
term_54c8170313d2e5ce04ab,of total population considering their dwelling as too,cluster_021a934ea779,agglomerative,"{""distance_threshold"": 0.35, ""linkage"": ""average""}"
term_fdab02f25e3130c9a9b3,of total population having,cluster_021a934ea779,agglomerative,"{""distance_threshold"": 0.35, ""linkage"": ""average""}"
term_258b27cb9372338c33f9,of total population having neither,cluster_021a934ea779,agglomerative,"{""distance_threshold"": 0.35, ""linkage"": ""average""}"
term_b3a5d287285130766f55,of total population having neither a,cluster_021a934ea779,agglomerative,"{""distance_threshold"": 0.35, ""linkage"": ""average""}"
term_deaff4064e0355d2807e,of total population having neither a bath,cluster_021a934ea779,agglomerative,"{""distance_threshold"": 0.35, ""linkage"": ""average""}"
term_dbcda969531ee2c0ece1,"of total population having neither a bath, nor",cluster_021a934ea779,agglomerative,"{""distance_threshold"": 0.35, ""linkage"": ""average""}"
term_b1fb035bdc0ef709aa55,of total population living,cluster_021a934ea779,agglomerative,"{""distance_threshold"": 0.35, ""linkage"": ""average""}"
term_b3b27b806bc8818a7a28,of total population living in,cluster_021a934ea779,agglomerative,"{""distance_threshold"": 0.35, ""linkage"": ""average""}"
term_788fe6301c547cd5200f,of total population living in a,cluster_021a934ea779,agglomerative,"{""distance_threshold"": 0.35, ""linkage"": ""average""}"
term_bb095e9382107859db01,of total population living in a dwelling,cluster_021a934ea779,agglomerative,"{""distance_threshold"": 0.35, ""linkage"": ""average""}"
term_bfc2b2dd3a279e549ad8,of total population living in a dwelling with,cluster_021a934ea779,agglomerative,"{""distance_threshold"": 0.35, ""linkage"": ""average""}"
term_cf8c843bc75bb7b03f7b,of total population not,cluster_021a934ea779,agglomerative,"{""distance_threshold"": 0.35, ""linkage"": ""average""}"
term_c1af6528338b924a1f84,of total population not having,cluster_021a934ea779,agglomerative,"{""distance_threshold"": 0.35, ""linkage"": ""average""}"
term_c64d37cfa8ee113bd93c,of total population not having indoor,cluster_021a934ea779,agglomerative,"{""distance_threshold"": 0.35, ""linkage"": ""average""}"
term_3894de8f6344f70ea3ce,of total population not having indoor flushing,cluster_021a934ea779,agglomerative,"{""distance_threshold"": 0.35, ""linkage"": ""average""}"
term_cc5377ec977e9223df9d,of total population not having indoor flushing toilet,cluster_021a934ea779,agglomerative,"{""distance_threshold"": 0.35, ""linkage"": ""average""}"
term_70a83d2a051617248387,of total public expenditure,cluster_f7c5001b3c2d,agglomerative,"{""distance_threshold"": 0.35, ""linkage"": ""average""}"
term_c4a9e8e831efc4461d90,of urbanisation - total population,cluster_021a934ea779,agglomerative,"{""distance_threshold"": 0.35, ""linkage"": ""average""}"
term_980d82603046c5c7008c,of value added,cluster_52d12036582f,agglomerative,"{""distance_threshold"": 0.35, ""linkage"": ""average""}"
term_a35db61e59c016f2e1e7,of waste excluding major mineral wastes per GDP,cluster_f5e40cb5cbdd,agglomerative,"{""distance_threshold"": 0.35, ""linkage"": ""average""}"
term_bc664a6d04194e53473e,of women at childbirth,cluster_8cbdd0602d88,agglomerative,"{""distance_threshold"": 0.35, ""linkage"": ""average""}"
term_582bcf7e7b77e2b5ddbe,of women at childbirth and,cluster_8cbdd0602d88,agglomerative,"{""distance_threshold"": 0.35, ""linkage"": ""average""}"
term_c4340709c2e15278cb74,of women at childbirth and at,cluster_8cbdd0602d88,agglomerative,"{""distance_threshold"": 0.35, ""linkage"": ""average""}"
term_52127befcbf10a9f7e00,of women at childbirth and at birth,cluster_8cbdd0602d88,agglomerative,"{""distance_threshold"": 0.35, ""linkage"": ""average""}"
term_95b23a0abc0cf6816c43,Official development assistance as share of gross national income,cluster_0958acf3e7dc,agglomerative,"{""distance_threshold"": 0.35, ""linkage"": ""average""}"
term_b62550d32ea4b967e7db,old in the population,cluster_586194a4eb3a,agglomerative,"{""distance_threshold"": 0.35, ""linkage"": ""average""}"
term_e7d7b5d05b0b111a6bf6,"old, by sex - as % of the population",cluster_586194a4eb3a,agglomerative,"{""distance_threshold"": 0.35, ""linkage"": ""average""}"
term_b938fb5b8232d90cb968,"old, by sex - as % of the population of",cluster_586194a4eb3a,agglomerative,"{""distance_threshold"": 0.35, ""linkage"": ""average""}"
term_e8a486be8d619db8be64,Olives by production,cluster_4c9b1b408341,agglomerative,"{""distance_threshold"": 0.35, ""linkage"": ""average""}"
term_26adf908d30fb1a0af1b,on education in constant prices,cluster_fc59ce925147,agglomerative,"{""distance_threshold"": 0.35, ""linkage"": ""average""}"
term_aa78f2de3f0487e3bfec,on household population,cluster_021a934ea779,agglomerative,"{""distance_threshold"": 0.35, ""linkage"": ""average""}"
term_16e110d847685500ee79,on household population - experimental,cluster_021a934ea779,agglomerative,"{""distance_threshold"": 0.35, ""linkage"": ""average""}"
term_29323025c59941139213,on household population - experimental statistics,cluster_021a934ea779,agglomerative,"{""distance_threshold"": 0.35, ""linkage"": ""average""}"
term_256de5f98815f0a203b9,on non-housing bills by income,cluster_0958acf3e7dc,agglomerative,"{""distance_threshold"": 0.35, ""linkage"": ""average""}"
term_540c13f1043af4f38734,on non-housing bills by income quintile,cluster_0958acf3e7dc,agglomerative,"{""distance_threshold"": 0.35, ""linkage"": ""average""}"
term_586c2aa4a99c50495822,on purchase of main residence) by income,cluster_0958acf3e7dc,agglomerative,"{""distance_threshold"": 0.35, ""linkage"": ""average""}"
term_6336912afcb15db859d9,on purchase of main residence) by income quintile,cluster_0958acf3e7dc,agglomerative,"{""distance_threshold"": 0.35, ""linkage"": ""average""}"
term_1f55e45a996d5a68664a,on social protection per inhabitant at constant prices,cluster_f7c5001b3c2d,agglomerative,"{""distance_threshold"": 0.35, ""linkage"": ""average""}"
term_d7b6e22e5fdd823f5670,one hour in the last month) by price,cluster_d80ae2c2c145,agglomerative,"{""distance_threshold"": 0.35, ""linkage"": ""average""}"
term_6262d3fd005543470a69,or current expenditure,cluster_fc59ce925147,agglomerative,"{""distance_threshold"": 0.35, ""linkage"": ""average""}"
term_542419e68aa67b967fa2,Organic production,cluster_4c9b1b408341,agglomerative,"{""distance_threshold"": 0.35, ""linkage"": ""average""}"
term_11766febdc19e3432ee0,Organic production of,cluster_4c9b1b408341,agglomerative,"{""distance_threshold"": 0.35, ""linkage"": ""average""}"
term_fb12a7e31eff35d286b5,Organic production of animal,cluster_4c9b1b408341,agglomerative,"{""distance_threshold"": 0.35, ""linkage"": ""average""}"
term_ebddfd2ef3407d39c4e4,Organic production of animal products,cluster_4c9b1b408341,agglomerative,"{""distance_threshold"": 0.35, ""linkage"": ""average""}"
term_18a08231cb366e9f6b37,Organic production of aquaculture,cluster_4c9b1b408341,agglomerative,"{""distance_threshold"": 0.35, ""linkage"": ""average""}"
term_2254084cb5bd693de12c,Organic production of aquaculture products,cluster_4c9b1b408341,agglomerative,"{""distance_threshold"": 0.35, ""linkage"": ""average""}"
term_2ea6aaa80866d4953692,other than main residence by income,cluster_0958acf3e7dc,agglomerative,"{""distance_threshold"": 0.35, ""linkage"": ""average""}"
term_a2766b9cae80877cca98,other than main residence by income quantile,cluster_0958acf3e7dc,agglomerative,"{""distance_threshold"": 0.35, ""linkage"": ""average""}"
term_37df0f4fb93bbd845d7d,out cross trade by employment,cluster_e7477d78f08b,agglomerative,"{""distance_threshold"": 0.35, ""linkage"": ""average""}"
term_637215c7005e912ba405,out cross trade by employment size,cluster_e7477d78f08b,agglomerative,"{""distance_threshold"": 0.35, ""linkage"": ""average""}"
term_3b795e7d20c1159035dc,out cross trade by employment size class,cluster_e7477d78f08b,agglomerative,"{""distance_threshold"": 0.35, ""linkage"": ""average""}"
term_17e7865303d3cff12e9f,Out-of-pocket expenditure,cluster_f7c5001b3c2d,agglomerative,"{""distance_threshold"": 0.35, ""linkage"": ""average""}"
term_53e06a60eed25a6443e4,Out-of-pocket expenditure on,cluster_f7c5001b3c2d,agglomerative,"{""distance_threshold"": 0.35, ""linkage"": ""average""}"
term_4b1fd1a7f6908d2872c0,Out-of-pocket expenditure on healthcare,cluster_f7c5001b3c2d,agglomerative,"{""distance_threshold"": 0.35, ""linkage"": ""average""}"
term_0fcf4e988e3ce59aa8b1,Out-of-school rate by sex and age - as % of the population of the corresponding age,cluster_586194a4eb3a,agglomerative,"{""distance_threshold"": 0.35, ""linkage"": ""average""}"
term_1b34471823e6b0fa25b1,Out-of-school rate in population,cluster_586194a4eb3a,agglomerative,"{""distance_threshold"": 0.35, ""linkage"": ""average""}"
term_9647c75501f90583d87a,Out-of-school rate in population of,cluster_586194a4eb3a,agglomerative,"{""distance_threshold"": 0.35, ""linkage"": ""average""}"
term_bcc6baaa3aa3e4b257c3,Out-of-school rate in population of lower,cluster_586194a4eb3a,agglomerative,"{""distance_threshold"": 0.35, ""linkage"": ""average""}"
term_e8e2d1bfa7f73eeb0a6c,Out-of-school rate in population of lower secondary,cluster_586194a4eb3a,agglomerative,"{""distance_threshold"": 0.35, ""linkage"": ""average""}"
term_1a17d57c3e7fc8c5a309,Out-of-school rate in population of lower secondary school,cluster_586194a4eb3a,agglomerative,"{""distance_threshold"": 0.35, ""linkage"": ""average""}"
term_d877db962664d4857680,"Out-of-school rate in population of lower secondary school age, by sex",cluster_586194a4eb3a,agglomerative,"{""distance_threshold"": 0.35, ""linkage"": ""average""}"
term_068f71301f9d4cead66c,Out-of-school rate in population of upper,cluster_586194a4eb3a,agglomerative,"{""distance_threshold"": 0.35, ""linkage"": ""average""}"
term_7847db3253201b93ed8c,Out-of-school rate in population of upper secondary,cluster_586194a4eb3a,agglomerative,"{""distance_threshold"": 0.35, ""linkage"": ""average""}"
term_0c658da97e260a49acbf,Out-of-school rate in population of upper secondary school,cluster_586194a4eb3a,agglomerative,"{""distance_threshold"": 0.35, ""linkage"": ""average""}"
term_769a96867babeedc522b,"Out-of-school rate in population of upper secondary school age, by sex",cluster_586194a4eb3a,agglomerative,"{""distance_threshold"": 0.35, ""linkage"": ""average""}"
term_10e59bdc1566dbf4130c,output - basic and producer prices,cluster_50fcb6e7a7e8,agglomerative,"{""distance_threshold"": 0.35, ""linkage"": ""average""}"
term_84c96995e5ca8437bcca,Output of the agricultural industry,cluster_52d12036582f,agglomerative,"{""distance_threshold"": 0.35, ""linkage"": ""average""}"
term_a1ccdeee056213c3adca,Output of the agricultural industry - basic and producer prices,cluster_50fcb6e7a7e8,agglomerative,"{""distance_threshold"": 0.35, ""linkage"": ""average""}"
term_3992b935b7626c5f87e1,Outward FDI stocks in % of GDP,cluster_f5e40cb5cbdd,agglomerative,"{""distance_threshold"": 0.35, ""linkage"": ""average""}"
term_42cae154d41664ee9de6,over - per 1000 of corresponding age population,cluster_586194a4eb3a,agglomerative,"{""distance_threshold"": 0.35, ""linkage"": ""average""}"
term_93dbe08bbf85e4c1d1bf,over the proportion of the population,cluster_021a934ea779,agglomerative,"{""distance_threshold"": 0.35, ""linkage"": ""average""}"
term_d349ec8c8baa69f0be4e,over the proportion of the population by,cluster_021a934ea779,agglomerative,"{""distance_threshold"": 0.35, ""linkage"": ""average""}"
term_9ef5c751ff6f6226175f,over the proportion of the population by NUTS,cluster_021a934ea779,agglomerative,"{""distance_threshold"": 0.35, ""linkage"": ""average""}"
term_6c69c371d43331f4aa28,Overall employment,cluster_717245bdba31,agglomerative,"{""distance_threshold"": 0.35, ""linkage"": ""average""}"
term_34bb2d7daaad6b23269d,Overall employment growth,cluster_717245bdba31,agglomerative,"{""distance_threshold"": 0.35, ""linkage"": ""average""}"
term_a4d8754825c2477cadfe,overburden rate by income,cluster_0958acf3e7dc,agglomerative,"{""distance_threshold"": 0.35, ""linkage"": ""average""}"
term_7e1eb8d0a6ee6d7f315b,Overcrowding rate by age group - population,cluster_586194a4eb3a,agglomerative,"{""distance_threshold"": 0.35, ""linkage"": ""average""}"
term_c6f1ede21f14461174d1,Overcrowding rate by age group - population without,cluster_586194a4eb3a,agglomerative,"{""distance_threshold"": 0.35, ""linkage"": ""average""}"
term_fb157caddad903bff802,Overcrowding rate by age group - population without single-person,cluster_586194a4eb3a,agglomerative,"{""distance_threshold"": 0.35, ""linkage"": ""average""}"
term_462c1513203af7c8e5e2,Overcrowding rate by age group - population without single-person households - EU-SILC survey,cluster_586194a4eb3a,agglomerative,"{""distance_threshold"": 0.35, ""linkage"": ""average""}"
term_63e72f5b64212ddf7e4f,Overcrowding rate by degree of urbanisation - total population,cluster_021a934ea779,agglomerative,"{""distance_threshold"": 0.35, ""linkage"": ""average""}"
term_e6a38ca7e73b36cfbbd1,Overcrowding rate by poverty status - population,cluster_586194a4eb3a,agglomerative,"{""distance_threshold"": 0.35, ""linkage"": ""average""}"
term_1a925d68bf6851c31ba1,Overcrowding rate by poverty status - population without,cluster_586194a4eb3a,agglomerative,"{""distance_threshold"": 0.35, ""linkage"": ""average""}"
term_54e03b87a74df8d45ee1,Overcrowding rate by poverty status - population without single-person,cluster_586194a4eb3a,agglomerative,"{""distance_threshold"": 0.35, ""linkage"": ""average""}"
term_65b7a817742d84dc8b39,Overcrowding rate by poverty status - population without single-person households - EU-SILC survey,cluster_586194a4eb3a,agglomerative,"{""distance_threshold"": 0.35, ""linkage"": ""average""}"
term_fa73e836ef7d15001a92,Overcrowding rate by sex - population,cluster_586194a4eb3a,agglomerative,"{""distance_threshold"": 0.35, ""linkage"": ""average""}"
term_6970f27e0e7d02cea720,Overcrowding rate by sex - population without,cluster_586194a4eb3a,agglomerative,"{""distance_threshold"": 0.35, ""linkage"": ""average""}"
term_3290913ce936c1a3fc38,Overcrowding rate by sex - population without single-person,cluster_586194a4eb3a,agglomerative,"{""distance_threshold"": 0.35, ""linkage"": ""average""}"
term_3fd6e0b789799ff8ec5e,Overcrowding rate by sex - population without single-person households,cluster_586194a4eb3a,agglomerative,"{""distance_threshold"": 0.35, ""linkage"": ""average""}"
term_a26d81c3f985547c93b7,Overcrowding rate by sex - population without single-person households - EU-SILC survey,cluster_586194a4eb3a,agglomerative,"{""distance_threshold"": 0.35, ""linkage"": ""average""}"
term_26490cbba0bceff791ef,Overcrowding rate by tenure status - total population,cluster_021a934ea779,agglomerative,"{""distance_threshold"": 0.35, ""linkage"": ""average""}"
term_d9bc839fe38afaf3208d,parents by age group - % over the population,cluster_586194a4eb3a,agglomerative,"{""distance_threshold"": 0.35, ""linkage"": ""average""}"
term_9d8a7b8560a366e7d9b6,parents by age group - % over the population of,cluster_586194a4eb3a,agglomerative,"{""distance_threshold"": 0.35, ""linkage"": ""average""}"
term_919fff7719a5083919c0,Part-time employment,cluster_be31239b58e7,agglomerative,"{""distance_threshold"": 0.35, ""linkage"": ""average""}"
term_c959179fd99717013cd0,Part-time employment rate,cluster_be31239b58e7,agglomerative,"{""distance_threshold"": 0.35, ""linkage"": ""average""}"
term_47b9219432ba9fa33c1f,Participation in tourism for personal purposes - % of total population,cluster_021a934ea779,agglomerative,"{""distance_threshold"": 0.35, ""linkage"": ""average""}"
term_6cdcf08e0a9124c92aae,"partner, by country of birth",cluster_8cbdd0602d88,agglomerative,"{""distance_threshold"": 0.35, ""linkage"": ""average""}"
term_cbe3f0c0c63df0d8189e,Passenger air transport over national territory (including territorial sea),cluster_0b86931b6154,agglomerative,"{""distance_threshold"": 0.35, ""linkage"": ""average""}"
term_9680b4f19d0a8245842f,Passenger air transport over national territory (including territorial sea) - million passenger-km,cluster_0b86931b6154,agglomerative,"{""distance_threshold"": 0.35, ""linkage"": ""average""}"
term_ded4bcecdf6431047f86,"Passenger cars in accompanied passenger car railway transport, by type of transport",cluster_b9a3b7632ab8,agglomerative,"{""distance_threshold"": 0.35, ""linkage"": ""average""}"
term_d4ee21213e40c0f9e7c5,Passenger road transport,cluster_b9a3b7632ab8,agglomerative,"{""distance_threshold"": 0.35, ""linkage"": ""average""}"
term_9c01f58c839e886cff89,Passenger road transport - ENP-East countries,cluster_b9a3b7632ab8,agglomerative,"{""distance_threshold"": 0.35, ""linkage"": ""average""}"
term_4ddff1ab211bd24b2543,passenger transport relative to GDP,cluster_f5e40cb5cbdd,agglomerative,"{""distance_threshold"": 0.35, ""linkage"": ""average""}"
term_3016d8f4c9d8fbfa2d3f,Passengers (excluding cruise passengers) transported from/to the main ports,cluster_b9a3b7632ab8,agglomerative,"{""distance_threshold"": 0.35, ""linkage"": ""average""}"
term_8287815d3953999fafc9,Passengers (excluding cruise passengers) transported from/to the main ports quarterly data,cluster_b9a3b7632ab8,agglomerative,"{""distance_threshold"": 0.35, ""linkage"": ""average""}"
term_54ab3a65984d82df4910,"Passengers in accompanied passenger car railway transport, by type of transport",cluster_b9a3b7632ab8,agglomerative,"{""distance_threshold"": 0.35, ""linkage"": ""average""}"
term_298c39b5e6c3879b2034,Passengers transported,cluster_b9a3b7632ab8,agglomerative,"{""distance_threshold"": 0.35, ""linkage"": ""average""}"
term_60ede498db7097a1bd4c,Passengers transported by type of train speed,cluster_b9a3b7632ab8,agglomerative,"{""distance_threshold"": 0.35, ""linkage"": ""average""}"
term_2c38fafe65ca58d949f0,per 1000 of corresponding age population,cluster_586194a4eb3a,agglomerative,"{""distance_threshold"": 0.35, ""linkage"": ""average""}"
term_168ecab44379d3675cd3,per 1000 of population,cluster_586194a4eb3a,agglomerative,"{""distance_threshold"": 0.35, ""linkage"": ""average""}"
term_65e12e0871ca0ad99df7,per 1000 of population aged,cluster_586194a4eb3a,agglomerative,"{""distance_threshold"": 0.35, ""linkage"": ""average""}"
term_6c398553c4d684b6aba1,per 1000 of population aged 25-34,cluster_586194a4eb3a,agglomerative,"{""distance_threshold"": 0.35, ""linkage"": ""average""}"
term_e7ff8ada18e3887a9177,per GDP unit,cluster_f5e40cb5cbdd,agglomerative,"{""distance_threshold"": 0.35, ""linkage"": ""average""}"
term_20691e3f83652812c82e,per inhabitant at constant prices,cluster_f7c5001b3c2d,agglomerative,"{""distance_threshold"": 0.35, ""linkage"": ""average""}"
term_af6b24ab4d402886aae7,per week of full-time employment,cluster_2aeba3fc16ae,agglomerative,"{""distance_threshold"": 0.35, ""linkage"": ""average""}"
term_a0515b11073ddcd7b0da,"perpetrator, by country of birth",cluster_8cbdd0602d88,agglomerative,"{""distance_threshold"": 0.35, ""linkage"": ""average""}"
term_579081fdc6cfc8b9c1ec,personal purposes - % of total population,cluster_021a934ea779,agglomerative,"{""distance_threshold"": 0.35, ""linkage"": ""average""}"
term_f2fbd4df619ef38a72c7,personnel in total employment,cluster_717245bdba31,agglomerative,"{""distance_threshold"": 0.35, ""linkage"": ""average""}"
term_d47e67a2615681a65716,persons (aged 15-24) neither in employment,cluster_fd27aed274d2,agglomerative,"{""distance_threshold"": 0.35, ""linkage"": ""average""}"
term_06979c5ac2c624b9b8d8,persons (aged 15-24) neither in employment nor,cluster_fd27aed274d2,agglomerative,"{""distance_threshold"": 0.35, ""linkage"": ""average""}"
term_3db58ab33503f5e8f58c,persons (aged 15-24) neither in employment nor in,cluster_fd27aed274d2,agglomerative,"{""distance_threshold"": 0.35, ""linkage"": ""average""}"
term_a3677d8c6276e767b3fe,Persons employed in goods road transport enterprises by employment size classes,cluster_e7477d78f08b,agglomerative,"{""distance_threshold"": 0.35, ""linkage"": ""average""}"
term_83071806be9a1b00d7c3,Persons employed in goods road transport enterprises by sex,cluster_e7477d78f08b,agglomerative,"{""distance_threshold"": 0.35, ""linkage"": ""average""}"
term_e210738148440648af16,persons exposed to employment-related,cluster_fd27aed274d2,agglomerative,"{""distance_threshold"": 0.35, ""linkage"": ""average""}"
term_1b6d3215b77dddaba0d4,persons exposed to employment-related physical,cluster_fd27aed274d2,agglomerative,"{""distance_threshold"": 0.35, ""linkage"": ""average""}"
term_e2220140c31ccecbd8a4,"persons exposed to employment-related physical, psychological",cluster_fd27aed274d2,agglomerative,"{""distance_threshold"": 0.35, ""linkage"": ""average""}"
term_74b59e18eac6fa4ec9f5,"persons exposed to employment-related physical, psychological or",cluster_fd27aed274d2,agglomerative,"{""distance_threshold"": 0.35, ""linkage"": ""average""}"
term_b1571061e57a161863d6,"persons exposed to employment-related physical, psychological or sexual",cluster_fd27aed274d2,agglomerative,"{""distance_threshold"": 0.35, ""linkage"": ""average""}"
term_d231c73501a8c2085599,Persons having experienced housing difficulties in their lifetime by sex and group of country of birth,cluster_8cbdd0602d88,agglomerative,"{""distance_threshold"": 0.35, ""linkage"": ""average""}"
term_36c7bdef89a6f17bfe7e,persons neither in employment,cluster_fd27aed274d2,agglomerative,"{""distance_threshold"": 0.35, ""linkage"": ""average""}"
term_18983997d333ba0d9bda,persons neither in employment nor,cluster_fd27aed274d2,agglomerative,"{""distance_threshold"": 0.35, ""linkage"": ""average""}"
term_7a722021f871709e93f4,persons neither in employment nor in,cluster_fd27aed274d2,agglomerative,"{""distance_threshold"": 0.35, ""linkage"": ""average""}"
term_36325a2fdacb20f1ed46,persons neither in employment nor in education,cluster_fd27aed274d2,agglomerative,"{""distance_threshold"": 0.35, ""linkage"": ""average""}"
term_178189a786ca04308415,persons neither in employment nor in education and,cluster_fd27aed274d2,agglomerative,"{""distance_threshold"": 0.35, ""linkage"": ""average""}"
term_155f68a9d0bb78c1747e,Persons outside the labour force who receive a pension who would have wished to stay longer in employment,cluster_2aeba3fc16ae,agglomerative,"{""distance_threshold"": 0.35, ""linkage"": ""average""}"
term_109c7527c2782f5e5b6d,Persons owning real estate other than main residence by income quantile,cluster_0958acf3e7dc,agglomerative,"{""distance_threshold"": 0.35, ""linkage"": ""average""}"
term_d2f14aff04e6b38ff1b0,Persons receiving benefits (other than old age benefits) by risk of poverty and work intensity of the household (population aged 18 to 64),cluster_586194a4eb3a,agglomerative,"{""distance_threshold"": 0.35, ""linkage"": ""average""}"
term_3fb4d8aaa9743e4baabd,"Persons with loans for purposes other than property, transport, education and daily living expenses by risk of poverty threshold",cluster_a03fe115e208,agglomerative,"{""distance_threshold"": 0.35, ""linkage"": ""average""}"
term_782651427b7030ca5928,Persons with loans for transport purposes by risk of poverty threshold,cluster_a03fe115e208,agglomerative,"{""distance_threshold"": 0.35, ""linkage"": ""average""}"
term_8ed43221228d6d3957b0,Pesticide sales,cluster_a2e4cd40e034,agglomerative,"{""distance_threshold"": 0.35, ""linkage"": ""average""}"
term_54018391fa24ac9b05b5,Pesticide sales by,cluster_a2e4cd40e034,agglomerative,"{""distance_threshold"": 0.35, ""linkage"": ""average""}"
term_fccd50feb1af5904dfa2,Pesticide sales by categorisation,cluster_a2e4cd40e034,agglomerative,"{""distance_threshold"": 0.35, ""linkage"": ""average""}"
term_0e67cb8e9a7b7e0b1c56,Pesticide sales by categorisation of,cluster_a2e4cd40e034,agglomerative,"{""distance_threshold"": 0.35, ""linkage"": ""average""}"
term_89286216b23c4a353b5d,Pesticide sales by categorisation of active,cluster_a2e4cd40e034,agglomerative,"{""distance_threshold"": 0.35, ""linkage"": ""average""}"
term_ee85c78292b759908a3d,Pesticide sales by categorisation of active substances,cluster_a2e4cd40e034,agglomerative,"{""distance_threshold"": 0.35, ""linkage"": ""average""}"
term_a00be7cd961409a92864,platform income,cluster_d80ae2c2c145,agglomerative,"{""distance_threshold"": 0.35, ""linkage"": ""average""}"
term_cecd10576c73268a45bd,pocket expenditure on healthcare,cluster_f7c5001b3c2d,agglomerative,"{""distance_threshold"": 0.35, ""linkage"": ""average""}"
term_b571a706bfa52a45b347,Population (aged,cluster_586194a4eb3a,agglomerative,"{""distance_threshold"": 0.35, ""linkage"": ""average""}"
term_833c6f73742406bcbc0a,Population (aged 20-24,cluster_586194a4eb3a,agglomerative,"{""distance_threshold"": 0.35, ""linkage"": ""average""}"
term_be07e951ae1ec2fb0846,Population (aged 20-24) who,cluster_586194a4eb3a,agglomerative,"{""distance_threshold"": 0.35, ""linkage"": ""average""}"
term_0c03bcfe380e1811029b,Population (aged 20-24) who completed,cluster_586194a4eb3a,agglomerative,"{""distance_threshold"": 0.35, ""linkage"": ""average""}"
term_5483dd56c01fc7494e52,Population (aged 20-24) who completed at,cluster_586194a4eb3a,agglomerative,"{""distance_threshold"": 0.35, ""linkage"": ""average""}"
term_965b92a0039b4ee9d00b,Population (aged 20-24) who completed at least,cluster_586194a4eb3a,agglomerative,"{""distance_threshold"": 0.35, ""linkage"": ""average""}"
term_8a6251dcad167d73dd45,Population (aged 20-24) who completed at least an,cluster_586194a4eb3a,agglomerative,"{""distance_threshold"": 0.35, ""linkage"": ""average""}"
term_3c74886439e5cd2fb286,Population (aged 20-24) who completed at least an upper secondary educational attainment level (ISCED level 3) by sex,cluster_586194a4eb3a,agglomerative,"{""distance_threshold"": 0.35, ""linkage"": ""average""}"
term_3499e3c7d17ee0abdf55,Population (aged 20-24) who completed at least an upper secondary educational attainment level (ISCED level 3) by sex - ENP-South countries,cluster_586194a4eb3a,agglomerative,"{""distance_threshold"": 0.35, ""linkage"": ""average""}"
term_ba64df8031ced2eac33c,Population (aged 25,cluster_586194a4eb3a,agglomerative,"{""distance_threshold"": 0.35, ""linkage"": ""average""}"
term_cbdb4305383a65145f59,Population (aged 25 and,cluster_586194a4eb3a,agglomerative,"{""distance_threshold"": 0.35, ""linkage"": ""average""}"
term_7be5469a6652b13a08de,Population (aged 25 and over,cluster_586194a4eb3a,agglomerative,"{""distance_threshold"": 0.35, ""linkage"": ""average""}"
term_fa297de8338f783dcb6a,Population (aged 25 and over) by,cluster_586194a4eb3a,agglomerative,"{""distance_threshold"": 0.35, ""linkage"": ""average""}"
term_f8c3a8c74164abccfb56,Population (aged 25 and over) by sex,cluster_586194a4eb3a,agglomerative,"{""distance_threshold"": 0.35, ""linkage"": ""average""}"
term_79a1649f74b441d254e2,Population (aged 25 and over) by sex and,cluster_586194a4eb3a,agglomerative,"{""distance_threshold"": 0.35, ""linkage"": ""average""}"
term_99b168fc5730e52ce37d,Population (aged 25 and over) by sex and educational attainment level,cluster_586194a4eb3a,agglomerative,"{""distance_threshold"": 0.35, ""linkage"": ""average""}"
term_752a4d2a5b755187bcc4,Population (aged 25 and over) by sex and educational attainment level - ENP-South countries,cluster_586194a4eb3a,agglomerative,"{""distance_threshold"": 0.35, ""linkage"": ""average""}"
term_e4408aef39c45d53b07f,Population (aged 30-34,cluster_586194a4eb3a,agglomerative,"{""distance_threshold"": 0.35, ""linkage"": ""average""}"
term_13c0d0607d92080bfffc,Population (aged 30-34) who,cluster_586194a4eb3a,agglomerative,"{""distance_threshold"": 0.35, ""linkage"": ""average""}"
term_7bf97df8054d028996dd,Population (aged 30-34) who completed,cluster_586194a4eb3a,agglomerative,"{""distance_threshold"": 0.35, ""linkage"": ""average""}"
term_c47696119cdb9c92d7ef,Population (aged 30-34) who completed tertiary,cluster_586194a4eb3a,agglomerative,"{""distance_threshold"": 0.35, ""linkage"": ""average""}"
term_49ce13a330988bb59723,Population (aged 30-34) who completed tertiary or,cluster_586194a4eb3a,agglomerative,"{""distance_threshold"": 0.35, ""linkage"": ""average""}"
term_2c8c0c8c6ab4970569ba,Population (aged 30-34) who completed tertiary or equivalent education,cluster_586194a4eb3a,agglomerative,"{""distance_threshold"": 0.35, ""linkage"": ""average""}"
term_2bc18f78c89d4d2ce3fe,Population (aged 30-34) who completed tertiary or equivalent education - ENP-East countries,cluster_586194a4eb3a,agglomerative,"{""distance_threshold"": 0.35, ""linkage"": ""average""}"
term_34fef0d51c89c9bb3b2b,Population (aged 30-34) with,cluster_586194a4eb3a,agglomerative,"{""distance_threshold"": 0.35, ""linkage"": ""average""}"
term_6d04b972f9d40bf6aa35,Population (aged 30-34) with tertiary,cluster_586194a4eb3a,agglomerative,"{""distance_threshold"": 0.35, ""linkage"": ""average""}"
term_fd4d63ebfe04990ab349,Population (aged 30-34) with tertiary educational,cluster_586194a4eb3a,agglomerative,"{""distance_threshold"": 0.35, ""linkage"": ""average""}"
term_05e1ae55adc9f2a59adf,Population (aged 30-34) with tertiary educational attainment,cluster_586194a4eb3a,agglomerative,"{""distance_threshold"": 0.35, ""linkage"": ""average""}"
term_6836018ddc7d00814c2e,Population (aged 30-34) with tertiary educational attainment level,cluster_586194a4eb3a,agglomerative,"{""distance_threshold"": 0.35, ""linkage"": ""average""}"
term_c287e0ca5232e6163718,Population (aged 30-34) with tertiary educational attainment level by sex,cluster_586194a4eb3a,agglomerative,"{""distance_threshold"": 0.35, ""linkage"": ""average""}"
term_1b90afffca9ec8575b3d,population (mid-year,cluster_586194a4eb3a,agglomerative,"{""distance_threshold"": 0.35, ""linkage"": ""average""}"
term_a6a0bbee35ac73b4d1eb,population - annual,cluster_cf52a814fe5f,agglomerative,"{""distance_threshold"": 0.35, ""linkage"": ""average""}"
term_f675d25c806cd0d7219b,population - annual data,cluster_cf52a814fe5f,agglomerative,"{""distance_threshold"": 0.35, ""linkage"": ""average""}"
term_76bb631a1b238cc190ea,Population aged,cluster_586194a4eb3a,agglomerative,"{""distance_threshold"": 0.35, ""linkage"": ""average""}"
term_4e6af078d3d5dd8f0416,population aged 0 to 17,cluster_586194a4eb3a,agglomerative,"{""distance_threshold"": 0.35, ""linkage"": ""average""}"
term_115cd081bf014f5f1d4b,Population aged 15-74,cluster_586194a4eb3a,agglomerative,"{""distance_threshold"": 0.35, ""linkage"": ""average""}"
term_b5f7fddb5fb343629633,Population aged 15-74 in,cluster_586194a4eb3a,agglomerative,"{""distance_threshold"": 0.35, ""linkage"": ""average""}"
term_781df898878c24bdf652,Population aged 15-74 in private,cluster_586194a4eb3a,agglomerative,"{""distance_threshold"": 0.35, ""linkage"": ""average""}"
term_de2c10dc4ca88dbd36ca,Population aged 15-74 in private households,cluster_586194a4eb3a,agglomerative,"{""distance_threshold"": 0.35, ""linkage"": ""average""}"
term_00794e6316ee6533eb31,Population aged 15-74 in private households - LFS,cluster_586194a4eb3a,agglomerative,"{""distance_threshold"": 0.35, ""linkage"": ""average""}"
term_c2fd3edf15d1c49a3a88,population aged 18 and over,cluster_586194a4eb3a,agglomerative,"{""distance_threshold"": 0.35, ""linkage"": ""average""}"
term_050be19d56d9dad2e48f,population aged 18 to 64,cluster_586194a4eb3a,agglomerative,"{""distance_threshold"": 0.35, ""linkage"": ""average""}"
term_a99abd2a3e994b929f5d,population aged 25-34,cluster_586194a4eb3a,agglomerative,"{""distance_threshold"": 0.35, ""linkage"": ""average""}"
term_4fdeedfc17e9b429e5e8,population aged 65,cluster_586194a4eb3a,agglomerative,"{""distance_threshold"": 0.35, ""linkage"": ""average""}"
term_832d2616d910804b3722,population aged 65 and over,cluster_586194a4eb3a,agglomerative,"{""distance_threshold"": 0.35, ""linkage"": ""average""}"
term_e3c1ae531a0579b9816b,population by household,cluster_021a934ea779,agglomerative,"{""distance_threshold"": 0.35, ""linkage"": ""average""}"
term_abb423cae092f30db01c,population by household types,cluster_021a934ea779,agglomerative,"{""distance_threshold"": 0.35, ""linkage"": ""average""}"
term_2b63c5197b9d8134f9d0,Population change - crude,cluster_6186e87388cd,agglomerative,"{""distance_threshold"": 0.35, ""linkage"": ""average""}"
term_cc1f20099e7239adb949,Population change - crude rates,cluster_6186e87388cd,agglomerative,"{""distance_threshold"": 0.35, ""linkage"": ""average""}"
term_64e20bb86a28ea7f2225,Population change - crude rates of,cluster_6186e87388cd,agglomerative,"{""distance_threshold"": 0.35, ""linkage"": ""average""}"
term_9f660ff7a07a2724a413,Population change - crude rates of total,cluster_6186e87388cd,agglomerative,"{""distance_threshold"": 0.35, ""linkage"": ""average""}"
term_65ee64c817be7dcb6ed7,Population change - crude rates of total change,cluster_6186e87388cd,agglomerative,"{""distance_threshold"": 0.35, ""linkage"": ""average""}"
term_e1b7f4907c0c00ef405a,"Population change - crude rates of total change, natural",cluster_6186e87388cd,agglomerative,"{""distance_threshold"": 0.35, ""linkage"": ""average""}"
term_1235dd822d5ad1200534,"Population change - crude rates of total change, natural change and net migration plus adjustment",cluster_6186e87388cd,agglomerative,"{""distance_threshold"": 0.35, ""linkage"": ""average""}"
term_103e956ac9c608c5202a,Population connected,cluster_c319eca3855a,agglomerative,"{""distance_threshold"": 0.35, ""linkage"": ""average""}"
term_9f09e868696ddc0cc8e0,Population connected to,cluster_c319eca3855a,agglomerative,"{""distance_threshold"": 0.35, ""linkage"": ""average""}"
term_91aa8c6c2da4f2b8d3c2,Population connected to at,cluster_c319eca3855a,agglomerative,"{""distance_threshold"": 0.35, ""linkage"": ""average""}"
term_dfddd6d20ba26e69d50c,Population connected to at least,cluster_c319eca3855a,agglomerative,"{""distance_threshold"": 0.35, ""linkage"": ""average""}"
term_c25b18053d23468d2f7b,Population connected to at least secondary,cluster_c319eca3855a,agglomerative,"{""distance_threshold"": 0.35, ""linkage"": ""average""}"
term_d75d153e5b721724c77e,Population connected to at least secondary wastewater,cluster_c319eca3855a,agglomerative,"{""distance_threshold"": 0.35, ""linkage"": ""average""}"
term_66a7a8627044b4d0fc6a,Population connected to at least secondary wastewater treatment,cluster_c319eca3855a,agglomerative,"{""distance_threshold"": 0.35, ""linkage"": ""average""}"
term_e5f500e7117daadd56ec,Population connected to public,cluster_c319eca3855a,agglomerative,"{""distance_threshold"": 0.35, ""linkage"": ""average""}"
term_ea98ca98782aa8ab5cda,Population connected to public water,cluster_c319eca3855a,agglomerative,"{""distance_threshold"": 0.35, ""linkage"": ""average""}"
term_cf56f1dfab3dc9ee0cee,Population connected to public water supply - ENP-South,cluster_c319eca3855a,agglomerative,"{""distance_threshold"": 0.35, ""linkage"": ""average""}"
term_cb772a85556d4c34b572,Population connected to public water supply - ENP-South countries,cluster_c319eca3855a,agglomerative,"{""distance_threshold"": 0.35, ""linkage"": ""average""}"
term_3ee0ca088287877241f1,Population connected to wastewater,cluster_c319eca3855a,agglomerative,"{""distance_threshold"": 0.35, ""linkage"": ""average""}"
term_47605211d6236553c894,Population connected to wastewater collection,cluster_c319eca3855a,agglomerative,"{""distance_threshold"": 0.35, ""linkage"": ""average""}"
term_7976d1aab9b92cd961d2,Population connected to wastewater collection and,cluster_c319eca3855a,agglomerative,"{""distance_threshold"": 0.35, ""linkage"": ""average""}"
term_25ac33df922e8f4ede4d,Population connected to wastewater collection and treatment,cluster_c319eca3855a,agglomerative,"{""distance_threshold"": 0.35, ""linkage"": ""average""}"
term_fc4c296a653c39b9033c,Population connected to wastewater collection and treatment systems,cluster_c319eca3855a,agglomerative,"{""distance_threshold"": 0.35, ""linkage"": ""average""}"
term_6918aaed3bab18229b10,Population connected to wastewater collection and treatment systems - ENP-South countries,cluster_c319eca3855a,agglomerative,"{""distance_threshold"": 0.35, ""linkage"": ""average""}"
term_1f0f520b54430bc6abe1,Population connected to Wastewater Treatment,cluster_c319eca3855a,agglomerative,"{""distance_threshold"": 0.35, ""linkage"": ""average""}"
term_eca1f3bcd2e85522d1b2,Population density - ENP-South,cluster_021a934ea779,agglomerative,"{""distance_threshold"": 0.35, ""linkage"": ""average""}"
term_3e0305cd108e456f71c5,Population density - ENP-South countries,cluster_021a934ea779,agglomerative,"{""distance_threshold"": 0.35, ""linkage"": ""average""}"
term_bab700585f697347885e,Population density by,cluster_021a934ea779,agglomerative,"{""distance_threshold"": 0.35, ""linkage"": ""average""}"
term_fe0c0f6685791b94b92f,Population density by metropolitan,cluster_021a934ea779,agglomerative,"{""distance_threshold"": 0.35, ""linkage"": ""average""}"
term_02c811e71846f8f59a4b,Population density by metropolitan region,cluster_021a934ea779,agglomerative,"{""distance_threshold"": 0.35, ""linkage"": ""average""}"
term_84df1ff94dfa6af179be,Population having,cluster_021a934ea779,agglomerative,"{""distance_threshold"": 0.35, ""linkage"": ""average""}"
term_dc28f73cd84fbccc0a1a,Population having neither,cluster_021a934ea779,agglomerative,"{""distance_threshold"": 0.35, ""linkage"": ""average""}"
term_8168946e84f2a81655fb,Population having neither a,cluster_021a934ea779,agglomerative,"{""distance_threshold"": 0.35, ""linkage"": ""average""}"
term_1ea4e01e2dca351d74f2,Population having neither a bath,cluster_021a934ea779,agglomerative,"{""distance_threshold"": 0.35, ""linkage"": ""average""}"
term_4766ace968d871796f74,"Population having neither a bath, nor",cluster_021a934ea779,agglomerative,"{""distance_threshold"": 0.35, ""linkage"": ""average""}"
term_cb80079ec7c2224cf83f,"Population having neither a bath, nor a",cluster_021a934ea779,agglomerative,"{""distance_threshold"": 0.35, ""linkage"": ""average""}"
term_482efd012524a3bb611f,"Population having neither a bath, nor a shower",cluster_021a934ea779,agglomerative,"{""distance_threshold"": 0.35, ""linkage"": ""average""}"
term_9a39fc3791a919f5cdb9,"Population having neither a bath, nor a shower, nor indoor flushing toilet in their household by poverty status",cluster_021a934ea779,agglomerative,"{""distance_threshold"": 0.35, ""linkage"": ""average""}"
term_b035fc1763259c7aaa28,Population in jobless,cluster_021a934ea779,agglomerative,"{""distance_threshold"": 0.35, ""linkage"": ""average""}"
term_f8313bc9adc3fadaa14a,Population in jobless private,cluster_021a934ea779,agglomerative,"{""distance_threshold"": 0.35, ""linkage"": ""average""}"
term_23202d38f263756ed950,Population in jobless private households,cluster_021a934ea779,agglomerative,"{""distance_threshold"": 0.35, ""linkage"": ""average""}"
term_6f2943a057ca115eee92,Population in jobless private households - % of,cluster_021a934ea779,agglomerative,"{""distance_threshold"": 0.35, ""linkage"": ""average""}"
term_9635286e1c3606b4c4b4,Population in jobless private households - % of persons,cluster_021a934ea779,agglomerative,"{""distance_threshold"": 0.35, ""linkage"": ""average""}"
term_40916dafda02f66d7d0e,Population in jobless private households - % of persons living,cluster_021a934ea779,agglomerative,"{""distance_threshold"": 0.35, ""linkage"": ""average""}"
term_883b1192f0226fbe8107,Population in jobless private households - % of persons living in private households where no-one is employed,cluster_021a934ea779,agglomerative,"{""distance_threshold"": 0.35, ""linkage"": ""average""}"
term_ceb1c0c16f47ef86ef4e,Population living,cluster_021a934ea779,agglomerative,"{""distance_threshold"": 0.35, ""linkage"": ""average""}"
term_5097a6f33b028c511a7b,Population living in,cluster_021a934ea779,agglomerative,"{""distance_threshold"": 0.35, ""linkage"": ""average""}"
term_32fb40ca435a4cf57556,Population living in households,cluster_021a934ea779,agglomerative,"{""distance_threshold"": 0.35, ""linkage"": ""average""}"
term_ea1bb9624872bea24fac,Population living in households considering,cluster_021a934ea779,agglomerative,"{""distance_threshold"": 0.35, ""linkage"": ""average""}"
term_50a134ec1488cb0ddfcd,Population living in households considering that,cluster_021a934ea779,agglomerative,"{""distance_threshold"": 0.35, ""linkage"": ""average""}"
term_1d69cbb703e9575b5f5c,Population living in households considering that they,cluster_021a934ea779,agglomerative,"{""distance_threshold"": 0.35, ""linkage"": ""average""}"
term_7d3cc6176b8abee4e57d,Population living in households considering that they suffer,cluster_021a934ea779,agglomerative,"{""distance_threshold"": 0.35, ""linkage"": ""average""}"
term_661ea0454236ae7c181b,"Population living in households considering that they suffer from noise, by poverty status",cluster_021a934ea779,agglomerative,"{""distance_threshold"": 0.35, ""linkage"": ""average""}"
term_d650b9efca7e67b4d377,population mid-year,cluster_586194a4eb3a,agglomerative,"{""distance_threshold"": 0.35, ""linkage"": ""average""}"
term_034d313d4eef77ee4c20,population mid-year by,cluster_586194a4eb3a,agglomerative,"{""distance_threshold"": 0.35, ""linkage"": ""average""}"
term_ea30149e4a40ccc5ec8c,population mid-year by sex,cluster_586194a4eb3a,agglomerative,"{""distance_threshold"": 0.35, ""linkage"": ""average""}"
term_4be65469a1412e566ab6,population mid-year by sex and,cluster_586194a4eb3a,agglomerative,"{""distance_threshold"": 0.35, ""linkage"": ""average""}"
term_163105a5d3002c78d4ec,population mid-year by sex and age,cluster_586194a4eb3a,agglomerative,"{""distance_threshold"": 0.35, ""linkage"": ""average""}"
term_46de5cb272aa44cb5f92,Population on 1,cluster_23acc643074a,agglomerative,"{""distance_threshold"": 0.35, ""linkage"": ""average""}"
term_524031f933686e49df5c,Population on 1 January by,cluster_23acc643074a,agglomerative,"{""distance_threshold"": 0.35, ""linkage"": ""average""}"
term_9539dc0b4627c981bee2,Population on 1 January by sex,cluster_23acc643074a,agglomerative,"{""distance_threshold"": 0.35, ""linkage"": ""average""}"
term_bb2f7b6552f05cd03951,Population on 1 January by sex and,cluster_23acc643074a,agglomerative,"{""distance_threshold"": 0.35, ""linkage"": ""average""}"
term_e610cc68e24e09c03cb4,Population on 1 January by sex and by,cluster_23acc643074a,agglomerative,"{""distance_threshold"": 0.35, ""linkage"": ""average""}"
term_3a6aa3a21850433042bb,Population on 1 January by sex and by age group,cluster_23acc643074a,agglomerative,"{""distance_threshold"": 0.35, ""linkage"": ""average""}"
term_dda2cb1d2450d61ad67f,Population reporting,cluster_05dbb63e968d,agglomerative,"{""distance_threshold"": 0.35, ""linkage"": ""average""}"
term_14da1561ee0831c5d736,Population reporting occurrence,cluster_05dbb63e968d,agglomerative,"{""distance_threshold"": 0.35, ""linkage"": ""average""}"
term_b4b4286cdd622c74739d,Population reporting occurrence of,cluster_05dbb63e968d,agglomerative,"{""distance_threshold"": 0.35, ""linkage"": ""average""}"
term_6410fd0125bb72772729,Population reporting occurrence of crime,cluster_05dbb63e968d,agglomerative,"{""distance_threshold"": 0.35, ""linkage"": ""average""}"
term_7ad8b3fa3ca87fdd370e,"Population reporting occurrence of crime, violence",cluster_05dbb63e968d,agglomerative,"{""distance_threshold"": 0.35, ""linkage"": ""average""}"
term_294f1d9af5a9ea6c70eb,"Population reporting occurrence of crime, violence or",cluster_05dbb63e968d,agglomerative,"{""distance_threshold"": 0.35, ""linkage"": ""average""}"
term_2b5346ae7653ea701726,"Population reporting occurrence of crime, violence or vandalism",cluster_05dbb63e968d,agglomerative,"{""distance_threshold"": 0.35, ""linkage"": ""average""}"
term_9dcd6774cc4d7d3e8b99,"Population reporting occurrence of crime, violence or vandalism in their area by poverty status",cluster_05dbb63e968d,agglomerative,"{""distance_threshold"": 0.35, ""linkage"": ""average""}"
term_574323880594c005353f,Population served,cluster_c319eca3855a,agglomerative,"{""distance_threshold"": 0.35, ""linkage"": ""average""}"
term_221ccfbc1c8169d7e5fd,Population served by,cluster_c319eca3855a,agglomerative,"{""distance_threshold"": 0.35, ""linkage"": ""average""}"
term_f4aaf092b2f673353e02,Population served by municipal,cluster_c319eca3855a,agglomerative,"{""distance_threshold"": 0.35, ""linkage"": ""average""}"
term_1fd8ee608312159f93ce,Population served by municipal waste,cluster_c319eca3855a,agglomerative,"{""distance_threshold"": 0.35, ""linkage"": ""average""}"
term_403f974fdf84f7c94d1f,Population served by municipal waste - ENP-South,cluster_c319eca3855a,agglomerative,"{""distance_threshold"": 0.35, ""linkage"": ""average""}"
term_5e416bfcffb96e0462a3,Population served by municipal waste - ENP-South countries,cluster_c319eca3855a,agglomerative,"{""distance_threshold"": 0.35, ""linkage"": ""average""}"
term_9e9e125b4eb0d4661176,Population structure,cluster_021a934ea779,agglomerative,"{""distance_threshold"": 0.35, ""linkage"": ""average""}"
term_43cd737568dbc089ea9f,Population structure by,cluster_021a934ea779,agglomerative,"{""distance_threshold"": 0.35, ""linkage"": ""average""}"
term_b279dfa325ca6c76157d,Population structure by detailed,cluster_021a934ea779,agglomerative,"{""distance_threshold"": 0.35, ""linkage"": ""average""}"
term_f48488495223fe9268b8,Population structure by detailed age,cluster_021a934ea779,agglomerative,"{""distance_threshold"": 0.35, ""linkage"": ""average""}"
term_85f46a94adae83c65aa0,Population structure by detailed age group,cluster_021a934ea779,agglomerative,"{""distance_threshold"": 0.35, ""linkage"": ""average""}"
term_b792bbff52c871715296,Population structure by sex,cluster_021a934ea779,agglomerative,"{""distance_threshold"": 0.35, ""linkage"": ""average""}"
term_029a6c0c24ecb1129a8f,Population unable,cluster_021a934ea779,agglomerative,"{""distance_threshold"": 0.35, ""linkage"": ""average""}"
term_16d6e91ebb9551a93fa6,Population unable to,cluster_021a934ea779,agglomerative,"{""distance_threshold"": 0.35, ""linkage"": ""average""}"
term_0d48fdd4caa9e99217b2,Population unable to keep,cluster_021a934ea779,agglomerative,"{""distance_threshold"": 0.35, ""linkage"": ""average""}"
term_d945dbd3a1cfbe64022a,Population unable to keep home,cluster_021a934ea779,agglomerative,"{""distance_threshold"": 0.35, ""linkage"": ""average""}"
term_407c40a1270aff94b42a,Population unable to keep home adequately,cluster_021a934ea779,agglomerative,"{""distance_threshold"": 0.35, ""linkage"": ""average""}"
term_c88e76a3959c3ec56e28,Population unable to keep home adequately warm,cluster_021a934ea779,agglomerative,"{""distance_threshold"": 0.35, ""linkage"": ""average""}"
term_5014ce352bce334723d0,Population unable to keep home adequately warm by,cluster_021a934ea779,agglomerative,"{""distance_threshold"": 0.35, ""linkage"": ""average""}"
term_f34098c34128bcc75f40,Population unable to keep home adequately warm by poverty status,cluster_021a934ea779,agglomerative,"{""distance_threshold"": 0.35, ""linkage"": ""average""}"
term_bbb4bef37b0180049031,Population without,cluster_021a934ea779,agglomerative,"{""distance_threshold"": 0.35, ""linkage"": ""average""}"
term_4fca53cde49e472d8d3b,population without single-person households,cluster_021a934ea779,agglomerative,"{""distance_threshold"": 0.35, ""linkage"": ""average""}"
term_00418df7d540410d4d56,Population without the,cluster_021a934ea779,agglomerative,"{""distance_threshold"": 0.35, ""linkage"": ""average""}"
term_3a754072a4764c7b489d,Population without the citizenship,cluster_021a934ea779,agglomerative,"{""distance_threshold"": 0.35, ""linkage"": ""average""}"
term_735f46f25b3e54dd448e,Population without the citizenship of,cluster_021a934ea779,agglomerative,"{""distance_threshold"": 0.35, ""linkage"": ""average""}"
term_7657a3997e431eff5e36,Population without the citizenship of the,cluster_021a934ea779,agglomerative,"{""distance_threshold"": 0.35, ""linkage"": ""average""}"
term_6cd1fd2fd112278ecb42,"position - quarterly data, % of GDP",cluster_f5e40cb5cbdd,agglomerative,"{""distance_threshold"": 0.35, ""linkage"": ""average""}"
term_e788900f3c9dc0088747,position excluding non-defaultable instruments - % of GDP,cluster_f5e40cb5cbdd,agglomerative,"{""distance_threshold"": 0.35, ""linkage"": ""average""}"
term_d64dc88a41731d607993,post-compulsory education - as % of the total population,cluster_586194a4eb3a,agglomerative,"{""distance_threshold"": 0.35, ""linkage"": ""average""}"
term_d4d4c37cd01d17d019de,post-compulsory education - as % of the total population of,cluster_586194a4eb3a,agglomerative,"{""distance_threshold"": 0.35, ""linkage"": ""average""}"
term_3b33442ab43bc6b6c942,poverty and work intensity of the household (population,cluster_a03fe115e208,agglomerative,"{""distance_threshold"": 0.35, ""linkage"": ""average""}"
term_97acc6c9c4e517a33046,poverty by educational attainment level (population,cluster_58c47e3d47ef,agglomerative,"{""distance_threshold"": 0.35, ""linkage"": ""average""}"
term_49de2bc2a2051a3d6ea0,poverty by educational attainment level (population aged,cluster_58c47e3d47ef,agglomerative,"{""distance_threshold"": 0.35, ""linkage"": ""average""}"
term_7c562903b2c2fe7c7988,poverty by educational attainment level (population aged 18,cluster_58c47e3d47ef,agglomerative,"{""distance_threshold"": 0.35, ""linkage"": ""average""}"
term_ec33ec4ed8103c264b03,poverty rate for the population living,cluster_a03fe115e208,agglomerative,"{""distance_threshold"": 0.35, ""linkage"": ""average""}"
term_c2f055a59e551a9631c3,"poverty threshold after social transfers, income",cluster_0958acf3e7dc,agglomerative,"{""distance_threshold"": 0.35, ""linkage"": ""average""}"
term_1d07b17201204619bd33,"poverty threshold after social transfers, income per",cluster_0958acf3e7dc,agglomerative,"{""distance_threshold"": 0.35, ""linkage"": ""average""}"
term_b0e0078e6102d7d65909,"poverty threshold after social transfers, income per month",cluster_0958acf3e7dc,agglomerative,"{""distance_threshold"": 0.35, ""linkage"": ""average""}"
term_42749a3cacfe0981195c,power adjusted GDP,cluster_f5e40cb5cbdd,agglomerative,"{""distance_threshold"": 0.35, ""linkage"": ""average""}"
term_a33ed55aeb5dcd866d9f,power adjusted GDP per,cluster_f5e40cb5cbdd,agglomerative,"{""distance_threshold"": 0.35, ""linkage"": ""average""}"
term_e409936aadd56d940805,power adjusted GDP per capita,cluster_f5e40cb5cbdd,agglomerative,"{""distance_threshold"": 0.35, ""linkage"": ""average""}"
term_8f04e99919d01487e2d1,Premature deaths,cluster_93d52bc87457,agglomerative,"{""distance_threshold"": 0.35, ""linkage"": ""average""}"
term_9a2697d106e3f61973cd,Premature deaths due,cluster_93d52bc87457,agglomerative,"{""distance_threshold"": 0.35, ""linkage"": ""average""}"
term_70fc07824621c482a70d,Premature deaths due to,cluster_93d52bc87457,agglomerative,"{""distance_threshold"": 0.35, ""linkage"": ""average""}"
term_f9849ce18b8690e1529a,Premature deaths due to exposure,cluster_93d52bc87457,agglomerative,"{""distance_threshold"": 0.35, ""linkage"": ""average""}"
term_1f27499ed469a33b9a45,Premature deaths due to exposure to,cluster_93d52bc87457,agglomerative,"{""distance_threshold"": 0.35, ""linkage"": ""average""}"
term_4ad3c78786342b02b558,Premature deaths due to exposure to fine,cluster_93d52bc87457,agglomerative,"{""distance_threshold"": 0.35, ""linkage"": ""average""}"
term_3a2e428e98a6c9c075e8,Premature deaths due to exposure to fine particulate,cluster_93d52bc87457,agglomerative,"{""distance_threshold"": 0.35, ""linkage"": ""average""}"
term_81aca224d00b01bb9325,Premature deaths due to exposure to fine particulate matter,cluster_93d52bc87457,agglomerative,"{""distance_threshold"": 0.35, ""linkage"": ""average""}"
term_d2e8926e165b563b2364,Premature deaths due to exposure to fine particulate matter (PM2.5),cluster_93d52bc87457,agglomerative,"{""distance_threshold"": 0.35, ""linkage"": ""average""}"
term_130a1bb93abb8ed0fbb1,Price and volume,cluster_9fa9784197d1,agglomerative,"{""distance_threshold"": 0.35, ""linkage"": ""average""}"
term_22afb0ad94eef0597672,Price and volume convergence,cluster_9fa9784197d1,agglomerative,"{""distance_threshold"": 0.35, ""linkage"": ""average""}"
term_33d18c069a67714f3aaa,Price and volume convergence between,cluster_9fa9784197d1,agglomerative,"{""distance_threshold"": 0.35, ""linkage"": ""average""}"
term_d34243b876495c735a24,Price and volume convergence between EU,cluster_9fa9784197d1,agglomerative,"{""distance_threshold"": 0.35, ""linkage"": ""average""}"
term_6556f3332b89784f182f,Price and volume convergence between EU Member,cluster_9fa9784197d1,agglomerative,"{""distance_threshold"": 0.35, ""linkage"": ""average""}"
term_f3cf73148dd08f19dbab,Price and volume convergence between EU Member States,cluster_9fa9784197d1,agglomerative,"{""distance_threshold"": 0.35, ""linkage"": ""average""}"
term_7143f284de597092fe23,price index,cluster_50fcb6e7a7e8,agglomerative,"{""distance_threshold"": 0.35, ""linkage"": ""average""}"
term_d258c552911fc76c8baa,price index (= 100,cluster_50fcb6e7a7e8,agglomerative,"{""distance_threshold"": 0.35, ""linkage"": ""average""}"
term_9fa88ba216d5759273f4,price index (= 100) - quarterly,cluster_50fcb6e7a7e8,agglomerative,"{""distance_threshold"": 0.35, ""linkage"": ""average""}"
term_7329d6584c1d5da897d9,price index (= 100) - quarterly data,cluster_50fcb6e7a7e8,agglomerative,"{""distance_threshold"": 0.35, ""linkage"": ""average""}"
term_6b0e282095a341c19f8c,price index - ENP-East,cluster_50fcb6e7a7e8,agglomerative,"{""distance_threshold"": 0.35, ""linkage"": ""average""}"
term_68af16ec02c6aacd416e,price index - ENP-East countries,cluster_50fcb6e7a7e8,agglomerative,"{""distance_threshold"": 0.35, ""linkage"": ""average""}"
term_c9334913bf49fd9375bb,price index - ENP-South,cluster_50fcb6e7a7e8,agglomerative,"{""distance_threshold"": 0.35, ""linkage"": ""average""}"
term_b8359498859c21a68815,price index - ENP-South countries,cluster_50fcb6e7a7e8,agglomerative,"{""distance_threshold"": 0.35, ""linkage"": ""average""}"
term_12245052f5a6f2525d4d,price index - Item,cluster_50fcb6e7a7e8,agglomerative,"{""distance_threshold"": 0.35, ""linkage"": ""average""}"
term_f8455818bb586bfc6538,price index - Item weights,cluster_50fcb6e7a7e8,agglomerative,"{""distance_threshold"": 0.35, ""linkage"": ""average""}"
term_07f85d2689bd77b1dbfe,price index - quarterly,cluster_50fcb6e7a7e8,agglomerative,"{""distance_threshold"": 0.35, ""linkage"": ""average""}"
term_52fc5f40d1679ff74d4f,price index - quarterly data,cluster_50fcb6e7a7e8,agglomerative,"{""distance_threshold"": 0.35, ""linkage"": ""average""}"
term_17ac8605df856df07d97,"price index, deflated",cluster_50fcb6e7a7e8,agglomerative,"{""distance_threshold"": 0.35, ""linkage"": ""average""}"
term_881c4d95ea32eba4a821,"price index, deflated - annual",cluster_50fcb6e7a7e8,agglomerative,"{""distance_threshold"": 0.35, ""linkage"": ""average""}"
term_4f77e5c82530b936d324,"price index, deflated - annual data",cluster_50fcb6e7a7e8,agglomerative,"{""distance_threshold"": 0.35, ""linkage"": ""average""}"
term_c6a160e2f23d2cd22990,"price index, deflated - quarterly",cluster_50fcb6e7a7e8,agglomerative,"{""distance_threshold"": 0.35, ""linkage"": ""average""}"
term_77db513fdecb829071e7,"price index, deflated - quarterly data",cluster_50fcb6e7a7e8,agglomerative,"{""distance_threshold"": 0.35, ""linkage"": ""average""}"
term_e57f0d10cb2c23bae26c,"price index, nominal",cluster_50fcb6e7a7e8,agglomerative,"{""distance_threshold"": 0.35, ""linkage"": ""average""}"
term_dba77c06c65f6ed172e5,"price index, nominal - annual",cluster_50fcb6e7a7e8,agglomerative,"{""distance_threshold"": 0.35, ""linkage"": ""average""}"
term_d4f8da49baca503eb3aa,"price index, nominal - annual data",cluster_50fcb6e7a7e8,agglomerative,"{""distance_threshold"": 0.35, ""linkage"": ""average""}"
term_13cfdbfb8143861458e7,price indices,cluster_50fcb6e7a7e8,agglomerative,"{""distance_threshold"": 0.35, ""linkage"": ""average""}"
term_fb664d579d680c357d30,Price indices of,cluster_50fcb6e7a7e8,agglomerative,"{""distance_threshold"": 0.35, ""linkage"": ""average""}"
term_9f92b70480d49902c24b,Price indices of agricultural,cluster_50fcb6e7a7e8,agglomerative,"{""distance_threshold"": 0.35, ""linkage"": ""average""}"
term_4d3c1bdce0f06bc092e6,Price indices of agricultural input/output,cluster_50fcb6e7a7e8,agglomerative,"{""distance_threshold"": 0.35, ""linkage"": ""average""}"
term_17e1cb49674f2fc478e4,Price indices of agricultural input/output at,cluster_50fcb6e7a7e8,agglomerative,"{""distance_threshold"": 0.35, ""linkage"": ""average""}"
term_bf418fffc340eb1e53fd,Price indices of agricultural input/output at nominal,cluster_50fcb6e7a7e8,agglomerative,"{""distance_threshold"": 0.35, ""linkage"": ""average""}"
term_d010e2f5887e564f0f54,Price indices of agricultural input/output at nominal value,cluster_50fcb6e7a7e8,agglomerative,"{""distance_threshold"": 0.35, ""linkage"": ""average""}"
term_d2ef954d82d5a2aa301b,Price indices of agricultural input/output at nominal value (= 100),cluster_50fcb6e7a7e8,agglomerative,"{""distance_threshold"": 0.35, ""linkage"": ""average""}"
term_972ac00f120899296a7d,"price indices, animals",cluster_50fcb6e7a7e8,agglomerative,"{""distance_threshold"": 0.35, ""linkage"": ""average""}"
term_a91c72a2290e85212bfb,"price indices, animals and",cluster_50fcb6e7a7e8,agglomerative,"{""distance_threshold"": 0.35, ""linkage"": ""average""}"
term_2e18ae5e1404caa2c9e8,"price indices, animals and animal",cluster_50fcb6e7a7e8,agglomerative,"{""distance_threshold"": 0.35, ""linkage"": ""average""}"
term_a48cd5f9eb1084117474,"price indices, animals and animal products",cluster_50fcb6e7a7e8,agglomerative,"{""distance_threshold"": 0.35, ""linkage"": ""average""}"
term_42ecfe24d9024008ceba,"price indices, crop",cluster_50fcb6e7a7e8,agglomerative,"{""distance_threshold"": 0.35, ""linkage"": ""average""}"
term_14cd4c1592ea392f2ae5,"price indices, crop products",cluster_50fcb6e7a7e8,agglomerative,"{""distance_threshold"": 0.35, ""linkage"": ""average""}"
term_739f4f4f51672eeb58d7,"price indices, total",cluster_50fcb6e7a7e8,agglomerative,"{""distance_threshold"": 0.35, ""linkage"": ""average""}"
term_a8b476496a831678187e,"price indices, total agricultural",cluster_50fcb6e7a7e8,agglomerative,"{""distance_threshold"": 0.35, ""linkage"": ""average""}"
term_44f09359e1271dc762ce,"price indices, total agricultural production",cluster_50fcb6e7a7e8,agglomerative,"{""distance_threshold"": 0.35, ""linkage"": ""average""}"
term_ca29e5af3edf9e6367fc,"price indices, total means",cluster_50fcb6e7a7e8,agglomerative,"{""distance_threshold"": 0.35, ""linkage"": ""average""}"
term_0f72e640552c48da3240,"price indices, total means of",cluster_50fcb6e7a7e8,agglomerative,"{""distance_threshold"": 0.35, ""linkage"": ""average""}"
term_31f27a9d31fb4ba4c8cc,Price level,cluster_50fcb6e7a7e8,agglomerative,"{""distance_threshold"": 0.35, ""linkage"": ""average""}"
term_40b19f5a21b3b4e61deb,Price level indices,cluster_50fcb6e7a7e8,agglomerative,"{""distance_threshold"": 0.35, ""linkage"": ""average""}"
term_a8d818c51c814138bd39,Prices (annual,cluster_4ba888595f32,agglomerative,"{""distance_threshold"": 0.35, ""linkage"": ""average""}"
term_1c171c4b3a03b29918b3,Prices (annual series,cluster_4ba888595f32,agglomerative,"{""distance_threshold"": 0.35, ""linkage"": ""average""}"
term_0dd5c6463b1a707e0a9f,Prices (annual series),cluster_4ba888595f32,agglomerative,"{""distance_threshold"": 0.35, ""linkage"": ""average""}"
term_097c39de9fed4c4a99a2,prices - capital,cluster_50fcb6e7a7e8,agglomerative,"{""distance_threshold"": 0.35, ""linkage"": ""average""}"
term_ac1e56680eb77d15a76a,prices - capital goods,cluster_50fcb6e7a7e8,agglomerative,"{""distance_threshold"": 0.35, ""linkage"": ""average""}"
term_dd3422dcc5e135a55237,prices - consumer,cluster_50fcb6e7a7e8,agglomerative,"{""distance_threshold"": 0.35, ""linkage"": ""average""}"
term_b2294700c9a1bb1a2fe7,prices - consumer durables,cluster_50fcb6e7a7e8,agglomerative,"{""distance_threshold"": 0.35, ""linkage"": ""average""}"
term_11ae6da313fe3a672d98,prices - consumer non-durables,cluster_50fcb6e7a7e8,agglomerative,"{""distance_threshold"": 0.35, ""linkage"": ""average""}"
term_cadae0c9026109a92a9a,prices - energy,cluster_50fcb6e7a7e8,agglomerative,"{""distance_threshold"": 0.35, ""linkage"": ""average""}"
term_5b14043a9dc2b0d2eccc,prices - intermediate,cluster_50fcb6e7a7e8,agglomerative,"{""distance_threshold"": 0.35, ""linkage"": ""average""}"
term_1eadea56d4b5624014a6,prices - intermediate goods,cluster_50fcb6e7a7e8,agglomerative,"{""distance_threshold"": 0.35, ""linkage"": ""average""}"
term_120bbbb00da57dd40c6d,prices - manufacturing,cluster_50fcb6e7a7e8,agglomerative,"{""distance_threshold"": 0.35, ""linkage"": ""average""}"
term_16c9a9bbc376c1c79137,prices - total,cluster_50fcb6e7a7e8,agglomerative,"{""distance_threshold"": 0.35, ""linkage"": ""average""}"
term_6ed4dcfd89360f45d3b4,prices - total industry,cluster_50fcb6e7a7e8,agglomerative,"{""distance_threshold"": 0.35, ""linkage"": ""average""}"
term_c31408e8e9c4d9bd79b3,prices by region,cluster_34cd09890693,agglomerative,"{""distance_threshold"": 0.35, ""linkage"": ""average""}"
term_8689e44e4e54a9c49d4e,prices by region - historical,cluster_34cd09890693,agglomerative,"{""distance_threshold"": 0.35, ""linkage"": ""average""}"
term_a0cac617598ae1b055b2,prices of barley,cluster_15c8a09ae6f9,agglomerative,"{""distance_threshold"": 0.35, ""linkage"": ""average""}"
term_2c727740947d2ee523a8,prices of calves,cluster_15c8a09ae6f9,agglomerative,"{""distance_threshold"": 0.35, ""linkage"": ""average""}"
term_045b6e2d1d72bcd2e18f,prices of chickens,cluster_15c8a09ae6f9,agglomerative,"{""distance_threshold"": 0.35, ""linkage"": ""average""}"
term_8f5b8118a9e7cce860cc,prices of chickens (live,cluster_15c8a09ae6f9,agglomerative,"{""distance_threshold"": 0.35, ""linkage"": ""average""}"
term_3c97a2c79286163f0a90,prices of chickens (live 1st,cluster_15c8a09ae6f9,agglomerative,"{""distance_threshold"": 0.35, ""linkage"": ""average""}"
term_b44de4482c4d10083127,prices of chickens (live 1st choice,cluster_15c8a09ae6f9,agglomerative,"{""distance_threshold"": 0.35, ""linkage"": ""average""}"
term_e683fa4b3ba959d15be1,prices of fresh,cluster_15c8a09ae6f9,agglomerative,"{""distance_threshold"": 0.35, ""linkage"": ""average""}"
term_9b273c3b03890d510a47,prices of fresh eggs,cluster_15c8a09ae6f9,agglomerative,"{""distance_threshold"": 0.35, ""linkage"": ""average""}"
term_5c29fa6f7e251d392744,prices of main,cluster_15c8a09ae6f9,agglomerative,"{""distance_threshold"": 0.35, ""linkage"": ""average""}"
term_b4699c349cf932ef3914,prices of main crop,cluster_15c8a09ae6f9,agglomerative,"{""distance_threshold"": 0.35, ""linkage"": ""average""}"
term_4237324833fb52ea4141,prices of main crop potatoes,cluster_15c8a09ae6f9,agglomerative,"{""distance_threshold"": 0.35, ""linkage"": ""average""}"
term_da7538818d51ab95833c,prices of maize,cluster_15c8a09ae6f9,agglomerative,"{""distance_threshold"": 0.35, ""linkage"": ""average""}"
term_ce131efeb75e38fb4e44,prices of oats,cluster_15c8a09ae6f9,agglomerative,"{""distance_threshold"": 0.35, ""linkage"": ""average""}"
term_41eda84d0b2ba9c368d7,prices of piglets,cluster_15c8a09ae6f9,agglomerative,"{""distance_threshold"": 0.35, ""linkage"": ""average""}"
term_42c58da8a742eb9fd196,prices of pigs,cluster_15c8a09ae6f9,agglomerative,"{""distance_threshold"": 0.35, ""linkage"": ""average""}"
term_f7016da0e3706e048181,prices of pigs (light,cluster_15c8a09ae6f9,agglomerative,"{""distance_threshold"": 0.35, ""linkage"": ""average""}"
term_0b86d9db576a2990514e,prices of raw,cluster_15c8a09ae6f9,agglomerative,"{""distance_threshold"": 0.35, ""linkage"": ""average""}"
term_94a731e04ca7d5573272,prices of raw cow's,cluster_15c8a09ae6f9,agglomerative,"{""distance_threshold"": 0.35, ""linkage"": ""average""}"
term_b0775536fe828d1cc087,prices of raw cow's milk,cluster_15c8a09ae6f9,agglomerative,"{""distance_threshold"": 0.35, ""linkage"": ""average""}"
term_c02ba31ab1415e97dc65,prices of sheep,cluster_15c8a09ae6f9,agglomerative,"{""distance_threshold"": 0.35, ""linkage"": ""average""}"
term_e4fedfaeab91112ee1f1,prices of soft,cluster_15c8a09ae6f9,agglomerative,"{""distance_threshold"": 0.35, ""linkage"": ""average""}"
term_bc47bf94e319623dd76f,prices of soft wheat,cluster_15c8a09ae6f9,agglomerative,"{""distance_threshold"": 0.35, ""linkage"": ""average""}"
term_17b7b20adb1fdd1cc12f,prices of sugar,cluster_15c8a09ae6f9,agglomerative,"{""distance_threshold"": 0.35, ""linkage"": ""average""}"
term_feee614969760fe85872,prices of sugar beet,cluster_15c8a09ae6f9,agglomerative,"{""distance_threshold"": 0.35, ""linkage"": ""average""}"
term_65558358cdc3fb119197,prices of sugar beet (unit,cluster_15c8a09ae6f9,agglomerative,"{""distance_threshold"": 0.35, ""linkage"": ""average""}"
term_727f5eac719457ea573e,prices of sugar beet (unit value,cluster_15c8a09ae6f9,agglomerative,"{""distance_threshold"": 0.35, ""linkage"": ""average""}"
term_a4b4dfa6de5345c78a4d,Primary energy production,cluster_33ddf438eacf,agglomerative,"{""distance_threshold"": 0.35, ""linkage"": ""average""}"
term_a4c2a384437dc4355c99,primary level by sex - % of the population,cluster_586194a4eb3a,agglomerative,"{""distance_threshold"": 0.35, ""linkage"": ""average""}"
term_fc7ee18350ac085a5c21,primary level by sex - % of the population of,cluster_586194a4eb3a,agglomerative,"{""distance_threshold"": 0.35, ""linkage"": ""average""}"
term_1d05055c478223cdb8d9,"primary level, by sex - as % of the population",cluster_586194a4eb3a,agglomerative,"{""distance_threshold"": 0.35, ""linkage"": ""average""}"
term_b4a2b5282e4bc860b99b,Prison population,cluster_c319eca3855a,agglomerative,"{""distance_threshold"": 0.35, ""linkage"": ""average""}"
term_4b9ed4e5dbc24137e6e3,"Private sector credit flow, consolidated - % GDP",cluster_f5e40cb5cbdd,agglomerative,"{""distance_threshold"": 0.35, ""linkage"": ""average""}"
term_20f0568d3084e3c66191,"Private sector credit flow: debt securities by sectors, consolidated - % of GDP",cluster_f5e40cb5cbdd,agglomerative,"{""distance_threshold"": 0.35, ""linkage"": ""average""}"
term_9987e242ef89d7650d4c,"Private sector credit flow: debt securities by sectors, non-consolidated - % of GDP",cluster_f5e40cb5cbdd,agglomerative,"{""distance_threshold"": 0.35, ""linkage"": ""average""}"
term_cd7a39a0bc9ab7d16394,"Private sector credit flow: loans by sectors, consolidated - % of GDP",cluster_f5e40cb5cbdd,agglomerative,"{""distance_threshold"": 0.35, ""linkage"": ""average""}"
term_2e754403a3df9923c2b5,"Private sector credit flow: loans by sectors, non-consolidated - % of GDP",cluster_f5e40cb5cbdd,agglomerative,"{""distance_threshold"": 0.35, ""linkage"": ""average""}"
term_5842369333bd62a04195,"Private sector debt, consolidated - % of GDP",cluster_f5e40cb5cbdd,agglomerative,"{""distance_threshold"": 0.35, ""linkage"": ""average""}"
term_ad9dc9a5708b94af4fb0,"Private sector debt: debt securities by sectors, non-consolidated - % of GDP",cluster_f5e40cb5cbdd,agglomerative,"{""distance_threshold"": 0.35, ""linkage"": ""average""}"
term_d43e9eb1d7802e118e16,"Private sector debt: debt securities, by sectors, consolidated - % of GDP",cluster_f5e40cb5cbdd,agglomerative,"{""distance_threshold"": 0.35, ""linkage"": ""average""}"
term_e3cfbb83163ba40271ed,"Private sector debt: loans, by sectors, consolidated - % of GDP",cluster_f5e40cb5cbdd,agglomerative,"{""distance_threshold"": 0.35, ""linkage"": ""average""}"
term_1718a2844b38ef2cb8e6,"Private sector debt: loans, by sectors, non-consolidated - % of GDP",cluster_f5e40cb5cbdd,agglomerative,"{""distance_threshold"": 0.35, ""linkage"": ""average""}"
term_3bb37459a3715b01f12c,Producer price,cluster_50fcb6e7a7e8,agglomerative,"{""distance_threshold"": 0.35, ""linkage"": ""average""}"
term_0fe325831dfd0234a305,Producer price indices,cluster_50fcb6e7a7e8,agglomerative,"{""distance_threshold"": 0.35, ""linkage"": ""average""}"
term_2f2b0fc7f46975eb7d76,"Producer price indices, animals",cluster_50fcb6e7a7e8,agglomerative,"{""distance_threshold"": 0.35, ""linkage"": ""average""}"
term_1ba0b78188f6ee313778,"Producer price indices, animals and",cluster_50fcb6e7a7e8,agglomerative,"{""distance_threshold"": 0.35, ""linkage"": ""average""}"
term_bff3b10bcccf1cea21d2,"Producer price indices, animals and animal",cluster_50fcb6e7a7e8,agglomerative,"{""distance_threshold"": 0.35, ""linkage"": ""average""}"
term_8dcaba990735ba9a2b8d,"Producer price indices, animals and animal products",cluster_50fcb6e7a7e8,agglomerative,"{""distance_threshold"": 0.35, ""linkage"": ""average""}"
term_12dd23d2d968dff4debd,"Producer price indices, crop",cluster_50fcb6e7a7e8,agglomerative,"{""distance_threshold"": 0.35, ""linkage"": ""average""}"
term_f28e10cdf7f618065874,"Producer price indices, crop products",cluster_50fcb6e7a7e8,agglomerative,"{""distance_threshold"": 0.35, ""linkage"": ""average""}"
term_0a3486a484a5d86e0686,"Producer price indices, total",cluster_50fcb6e7a7e8,agglomerative,"{""distance_threshold"": 0.35, ""linkage"": ""average""}"
term_140bc4da47c51ec6d91f,"Producer price indices, total agricultural",cluster_50fcb6e7a7e8,agglomerative,"{""distance_threshold"": 0.35, ""linkage"": ""average""}"
term_9bcd4b391a70ebb8d94e,"Producer price indices, total agricultural production",cluster_50fcb6e7a7e8,agglomerative,"{""distance_threshold"": 0.35, ""linkage"": ""average""}"
term_9243d961c7f9c5ed80a8,producer prices,cluster_50fcb6e7a7e8,agglomerative,"{""distance_threshold"": 0.35, ""linkage"": ""average""}"
term_6bef826c1f916b0a2fd5,producer prices - capital,cluster_50fcb6e7a7e8,agglomerative,"{""distance_threshold"": 0.35, ""linkage"": ""average""}"
term_c9ba38d3782c3baa887b,producer prices - capital goods,cluster_50fcb6e7a7e8,agglomerative,"{""distance_threshold"": 0.35, ""linkage"": ""average""}"
term_46666c54b4d3c1bbaf94,producer prices - consumer,cluster_50fcb6e7a7e8,agglomerative,"{""distance_threshold"": 0.35, ""linkage"": ""average""}"
term_6d840b978ce3f49a1711,producer prices - consumer durables,cluster_50fcb6e7a7e8,agglomerative,"{""distance_threshold"": 0.35, ""linkage"": ""average""}"
term_c282b1ac6c2bddefec38,producer prices - consumer non-durables,cluster_50fcb6e7a7e8,agglomerative,"{""distance_threshold"": 0.35, ""linkage"": ""average""}"
term_a9ee054c2d560f1e53ad,producer prices - energy,cluster_50fcb6e7a7e8,agglomerative,"{""distance_threshold"": 0.35, ""linkage"": ""average""}"
term_a4217b805ec4aad438b8,producer prices - intermediate,cluster_50fcb6e7a7e8,agglomerative,"{""distance_threshold"": 0.35, ""linkage"": ""average""}"
term_85f48744559a3511748b,producer prices - intermediate goods,cluster_50fcb6e7a7e8,agglomerative,"{""distance_threshold"": 0.35, ""linkage"": ""average""}"
term_4f50ecacad28611bffdb,producer prices - manufacturing,cluster_50fcb6e7a7e8,agglomerative,"{""distance_threshold"": 0.35, ""linkage"": ""average""}"
term_b4db8e299e6e0c9e0d24,producer prices - total,cluster_50fcb6e7a7e8,agglomerative,"{""distance_threshold"": 0.35, ""linkage"": ""average""}"
term_59355e70279b9a4552ce,producer prices - total industry,cluster_50fcb6e7a7e8,agglomerative,"{""distance_threshold"": 0.35, ""linkage"": ""average""}"
term_10e168c1841a0ba2cc86,producer prices - total industry (excluding,cluster_50fcb6e7a7e8,agglomerative,"{""distance_threshold"": 0.35, ""linkage"": ""average""}"
term_41005163baa38402581e,producer prices - total industry (excluding construction,cluster_50fcb6e7a7e8,agglomerative,"{""distance_threshold"": 0.35, ""linkage"": ""average""}"
term_419a099b5e2c0cb934c1,producer prices of,cluster_50fcb6e7a7e8,agglomerative,"{""distance_threshold"": 0.35, ""linkage"": ""average""}"
term_8a9f7562f322cd0e07d6,product at market prices,cluster_50fcb6e7a7e8,agglomerative,"{""distance_threshold"": 0.35, ""linkage"": ""average""}"
term_957202249cc7c30e411f,product at market prices - ENP-East,cluster_50fcb6e7a7e8,agglomerative,"{""distance_threshold"": 0.35, ""linkage"": ""average""}"
term_1828fa61a5b0cec17a1a,product at market prices - ENP-East countries,cluster_50fcb6e7a7e8,agglomerative,"{""distance_threshold"": 0.35, ""linkage"": ""average""}"
term_195bd5c668461234e615,product at market prices - ENP-South,cluster_50fcb6e7a7e8,agglomerative,"{""distance_threshold"": 0.35, ""linkage"": ""average""}"
term_01eb3cc9d4e2591ce130,product at market prices - ENP-South countries,cluster_50fcb6e7a7e8,agglomerative,"{""distance_threshold"": 0.35, ""linkage"": ""average""}"
term_6656ce5e56d926bb5e56,product at market prices by,cluster_50fcb6e7a7e8,agglomerative,"{""distance_threshold"": 0.35, ""linkage"": ""average""}"
term_17396745a6ba97069b9f,product at market prices by expenditure,cluster_50fcb6e7a7e8,agglomerative,"{""distance_threshold"": 0.35, ""linkage"": ""average""}"
term_cfe2e8ab85cdcfe72081,product at market prices by expenditure - ENP-East,cluster_50fcb6e7a7e8,agglomerative,"{""distance_threshold"": 0.35, ""linkage"": ""average""}"
term_ed2da38251e2582e1ef7,product at market prices by expenditure - ENP-East countries,cluster_50fcb6e7a7e8,agglomerative,"{""distance_threshold"": 0.35, ""linkage"": ""average""}"
term_b6248de83759e9b296bc,product at market prices by expenditure - ENP-South,cluster_50fcb6e7a7e8,agglomerative,"{""distance_threshold"": 0.35, ""linkage"": ""average""}"
term_9799209648e8358b09eb,product at market prices by expenditure - ENP-South countries,cluster_50fcb6e7a7e8,agglomerative,"{""distance_threshold"": 0.35, ""linkage"": ""average""}"
term_9ef657a1f7d4088b1eba,product specialisation and employment,cluster_e7477d78f08b,agglomerative,"{""distance_threshold"": 0.35, ""linkage"": ""average""}"
term_709e3b5f77dbdedd2186,product specialisation and employment size class for group 72.2,cluster_e7477d78f08b,agglomerative,"{""distance_threshold"": 0.35, ""linkage"": ""average""}"
term_9948d6bb850085aa10f4,"product, current prices",cluster_fc59ce925147,agglomerative,"{""distance_threshold"": 0.35, ""linkage"": ""average""}"
term_95c6bd42d6fc39f96dd8,production (transformation,cluster_33ddf438eacf,agglomerative,"{""distance_threshold"": 0.35, ""linkage"": ""average""}"
term_8f66ecc077b398cfdf36,production - annual,cluster_4ba888595f32,agglomerative,"{""distance_threshold"": 0.35, ""linkage"": ""average""}"
term_2f36b33541c8d1b3b89d,production - annual data,cluster_4ba888595f32,agglomerative,"{""distance_threshold"": 0.35, ""linkage"": ""average""}"
term_56bdfd6262026570023c,production - ENP-East,cluster_4c9b1b408341,agglomerative,"{""distance_threshold"": 0.35, ""linkage"": ""average""}"
term_36a18e11c4e8b3a9d059,production - ENP-East countries,cluster_4c9b1b408341,agglomerative,"{""distance_threshold"": 0.35, ""linkage"": ""average""}"
term_27d5f44a58d5d70828ce,production - ENP-South,cluster_4c9b1b408341,agglomerative,"{""distance_threshold"": 0.35, ""linkage"": ""average""}"
term_dcc470592138d5756015,production - ENP-South countries,cluster_4c9b1b408341,agglomerative,"{""distance_threshold"": 0.35, ""linkage"": ""average""}"
term_a633f53162aa7bb8df23,production - live,cluster_4c9b1b408341,agglomerative,"{""distance_threshold"": 0.35, ""linkage"": ""average""}"
term_85ed2ab4eaf18c222b59,production - live weight,cluster_4c9b1b408341,agglomerative,"{""distance_threshold"": 0.35, ""linkage"": ""average""}"
term_7dd575dac6002d080734,production activities,cluster_33ddf438eacf,agglomerative,"{""distance_threshold"": 0.35, ""linkage"": ""average""}"
term_89a2e4c2ed470cad63bf,Production and consumption,cluster_33ddf438eacf,agglomerative,"{""distance_threshold"": 0.35, ""linkage"": ""average""}"
term_e37e9c62de5b5852ce19,Production and consumption of,cluster_33ddf438eacf,agglomerative,"{""distance_threshold"": 0.35, ""linkage"": ""average""}"
term_81b1553495520992c0fd,Production and consumption of chemicals,cluster_33ddf438eacf,agglomerative,"{""distance_threshold"": 0.35, ""linkage"": ""average""}"
term_497b39b36ff88b7c03af,Production and consumption of chemicals by,cluster_33ddf438eacf,agglomerative,"{""distance_threshold"": 0.35, ""linkage"": ""average""}"
term_229a860dec399079dec6,Production and consumption of chemicals by hazard,cluster_33ddf438eacf,agglomerative,"{""distance_threshold"": 0.35, ""linkage"": ""average""}"
term_bc836f9457aaa2352e2c,Production and consumption of chemicals by hazard class,cluster_33ddf438eacf,agglomerative,"{""distance_threshold"": 0.35, ""linkage"": ""average""}"
term_63b32a3318de4bafb571,production and humidity,cluster_4c9b1b408341,agglomerative,"{""distance_threshold"": 0.35, ""linkage"": ""average""}"
term_4841c752686152a35cf2,production and utilisation,cluster_4c9b1b408341,agglomerative,"{""distance_threshold"": 0.35, ""linkage"": ""average""}"
term_bd8e7e13d7baeaafebb1,production and utilisation of,cluster_4c9b1b408341,agglomerative,"{""distance_threshold"": 0.35, ""linkage"": ""average""}"
term_6238fabb0c07dd524bde,production and utilisation of milk,cluster_4c9b1b408341,agglomerative,"{""distance_threshold"": 0.35, ""linkage"": ""average""}"
term_9041943a39e5a3582340,production and utilisation of milk on,cluster_4c9b1b408341,agglomerative,"{""distance_threshold"": 0.35, ""linkage"": ""average""}"
term_a0f61c036509be4c1b2f,production and utilisation of milk on the,cluster_4c9b1b408341,agglomerative,"{""distance_threshold"": 0.35, ""linkage"": ""average""}"
term_0f8faee583082f6a05f1,production by aquatic,cluster_4c9b1b408341,agglomerative,"{""distance_threshold"": 0.35, ""linkage"": ""average""}"
term_39ff1b4fe16f76e7305d,production by aquatic environment,cluster_4c9b1b408341,agglomerative,"{""distance_threshold"": 0.35, ""linkage"": ""average""}"
term_3bc80a099ff0d33cd453,production by aquatic environment - ENP-South,cluster_4c9b1b408341,agglomerative,"{""distance_threshold"": 0.35, ""linkage"": ""average""}"
term_12af13ab00ba16f065d6,production by aquatic environment - ENP-South countries,cluster_4c9b1b408341,agglomerative,"{""distance_threshold"": 0.35, ""linkage"": ""average""}"
term_add98e3b18d4af450dac,Production forecasts,cluster_4ba888595f32,agglomerative,"{""distance_threshold"": 0.35, ""linkage"": ""average""}"
term_0df61e9f02de43d5f1ce,Production forecasts for,cluster_4ba888595f32,agglomerative,"{""distance_threshold"": 0.35, ""linkage"": ""average""}"
term_8e72fee385baec40ba64,Production forecasts for pigs,cluster_4ba888595f32,agglomerative,"{""distance_threshold"": 0.35, ""linkage"": ""average""}"
term_d175ae5b4215db19d18f,Production forecasts for pigs - quarterly,cluster_4ba888595f32,agglomerative,"{""distance_threshold"": 0.35, ""linkage"": ""average""}"
term_1f425fe6b2c44195e8c6,Production forecasts for pigs - quarterly data,cluster_4ba888595f32,agglomerative,"{""distance_threshold"": 0.35, ""linkage"": ""average""}"
term_f25b3958d6da1017e631,Production in construction,cluster_33ddf438eacf,agglomerative,"{""distance_threshold"": 0.35, ""linkage"": ""average""}"
term_6065d4f8545e2fd54fdf,Production in industry,cluster_33ddf438eacf,agglomerative,"{""distance_threshold"": 0.35, ""linkage"": ""average""}"
term_fb5086d72dd46536fbeb,Production in industry - capital,cluster_33ddf438eacf,agglomerative,"{""distance_threshold"": 0.35, ""linkage"": ""average""}"
term_36a72c577c29ed8a435e,Production in industry - capital goods,cluster_33ddf438eacf,agglomerative,"{""distance_threshold"": 0.35, ""linkage"": ""average""}"
term_058edb58ee3574b14fbe,Production in industry - consumer,cluster_33ddf438eacf,agglomerative,"{""distance_threshold"": 0.35, ""linkage"": ""average""}"
term_b7a69d80e0c95946c178,Production in industry - consumer durables,cluster_33ddf438eacf,agglomerative,"{""distance_threshold"": 0.35, ""linkage"": ""average""}"
term_57dbe832a6b7457178ca,Production in industry - consumer non-durables,cluster_33ddf438eacf,agglomerative,"{""distance_threshold"": 0.35, ""linkage"": ""average""}"
term_04279f6a3fcd4e3a01d3,Production in industry - energy,cluster_33ddf438eacf,agglomerative,"{""distance_threshold"": 0.35, ""linkage"": ""average""}"
term_e279c3bf3b060ccfbc9a,Production in industry - intermediate,cluster_33ddf438eacf,agglomerative,"{""distance_threshold"": 0.35, ""linkage"": ""average""}"
term_e454da1bd3a645c5546e,Production in industry - intermediate goods,cluster_33ddf438eacf,agglomerative,"{""distance_threshold"": 0.35, ""linkage"": ""average""}"
term_675346f52e1bfda71a21,Production in industry - manufacturing,cluster_33ddf438eacf,agglomerative,"{""distance_threshold"": 0.35, ""linkage"": ""average""}"
term_67f82989a5e2064afdcd,Production in industry - total,cluster_33ddf438eacf,agglomerative,"{""distance_threshold"": 0.35, ""linkage"": ""average""}"
term_d1749d82578bc5f784b4,Production in industry - total (excluding,cluster_33ddf438eacf,agglomerative,"{""distance_threshold"": 0.35, ""linkage"": ""average""}"
term_4331f79624ecf09b6591,Production in industry - total (excluding construction,cluster_33ddf438eacf,agglomerative,"{""distance_threshold"": 0.35, ""linkage"": ""average""}"
term_84eeb94c45bbd41c0060,Production in industry - total (excluding construction),cluster_33ddf438eacf,agglomerative,"{""distance_threshold"": 0.35, ""linkage"": ""average""}"
term_47137477e47baed5e489,production in tonnes,cluster_4c9b1b408341,agglomerative,"{""distance_threshold"": 0.35, ""linkage"": ""average""}"
term_5dba2057c594cdf747da,production in tonnes and,cluster_4c9b1b408341,agglomerative,"{""distance_threshold"": 0.35, ""linkage"": ""average""}"
term_1705ecef0ece49eb034b,production in tonnes and value,cluster_4c9b1b408341,agglomerative,"{""distance_threshold"": 0.35, ""linkage"": ""average""}"
term_42b262d2372b39ff562a,production of animal,cluster_4c9b1b408341,agglomerative,"{""distance_threshold"": 0.35, ""linkage"": ""average""}"
term_fca811182c95fda96262,production of animal products,cluster_4c9b1b408341,agglomerative,"{""distance_threshold"": 0.35, ""linkage"": ""average""}"
term_f55a16d165cbf0f4214d,production of aquaculture,cluster_4c9b1b408341,agglomerative,"{""distance_threshold"": 0.35, ""linkage"": ""average""}"
term_83a312e1b7797340d866,production of aquaculture products,cluster_4c9b1b408341,agglomerative,"{""distance_threshold"": 0.35, ""linkage"": ""average""}"
term_d80535d955fb71a96f28,Production of bovine,cluster_4c9b1b408341,agglomerative,"{""distance_threshold"": 0.35, ""linkage"": ""average""}"
term_a92393524095e63b64c3,Production of bovine meat,cluster_4c9b1b408341,agglomerative,"{""distance_threshold"": 0.35, ""linkage"": ""average""}"
term_d68804e8a5c3801172fa,Production of bovine meat in,cluster_4c9b1b408341,agglomerative,"{""distance_threshold"": 0.35, ""linkage"": ""average""}"
term_132fa562e61d24fc668c,Production of bovine meat in slaughterhouses,cluster_4c9b1b408341,agglomerative,"{""distance_threshold"": 0.35, ""linkage"": ""average""}"
term_ce41243bf53e1fe41ce1,Production of butter,cluster_4c9b1b408341,agglomerative,"{""distance_threshold"": 0.35, ""linkage"": ""average""}"
term_d97417c7bb4f4f99740f,Production of cheese,cluster_4c9b1b408341,agglomerative,"{""distance_threshold"": 0.35, ""linkage"": ""average""}"
term_4f5f33088a023b120250,Production of eggs,cluster_4c9b1b408341,agglomerative,"{""distance_threshold"": 0.35, ""linkage"": ""average""}"
term_15a900c2ca9bd81df7c5,Production of eggs for,cluster_4c9b1b408341,agglomerative,"{""distance_threshold"": 0.35, ""linkage"": ""average""}"
term_f909bf097a7d7aba2bb2,Production of eggs for consumption,cluster_4c9b1b408341,agglomerative,"{""distance_threshold"": 0.35, ""linkage"": ""average""}"
term_9552500f58f1d45260a8,Production of eggs for consumption and,cluster_4c9b1b408341,agglomerative,"{""distance_threshold"": 0.35, ""linkage"": ""average""}"
term_2042f2aaafb7ad31c0ce,Production of eggs for consumption and number,cluster_4c9b1b408341,agglomerative,"{""distance_threshold"": 0.35, ""linkage"": ""average""}"
term_6e46ef00a098f8b2e1d3,Production of eggs for consumption and number of,cluster_4c9b1b408341,agglomerative,"{""distance_threshold"": 0.35, ""linkage"": ""average""}"
term_b90c6d0271ff608c3091,Production of eggs for consumption and number of laying hens,cluster_4c9b1b408341,agglomerative,"{""distance_threshold"": 0.35, ""linkage"": ""average""}"
term_418228c818e3e00ba756,Production of milk,cluster_4c9b1b408341,agglomerative,"{""distance_threshold"": 0.35, ""linkage"": ""average""}"
term_a2716a130c68fbb7e385,Production of milk on,cluster_4c9b1b408341,agglomerative,"{""distance_threshold"": 0.35, ""linkage"": ""average""}"
term_4eb46767e3553546663a,Production of milk on farms,cluster_4c9b1b408341,agglomerative,"{""distance_threshold"": 0.35, ""linkage"": ""average""}"
term_db8a280dd7686a2ac1f5,Production of milk powder,cluster_4c9b1b408341,agglomerative,"{""distance_threshold"": 0.35, ""linkage"": ""average""}"
term_2825f5b82a7f57997254,Production of pigmeat,cluster_4c9b1b408341,agglomerative,"{""distance_threshold"": 0.35, ""linkage"": ""average""}"
term_9ce3c5a62fbf386866da,Production of pigmeat in,cluster_4c9b1b408341,agglomerative,"{""distance_threshold"": 0.35, ""linkage"": ""average""}"
term_9454b887f1867f090bca,Production of pigmeat in slaughterhouses,cluster_4c9b1b408341,agglomerative,"{""distance_threshold"": 0.35, ""linkage"": ""average""}"
term_bdde9e6831384cf3d324,Production of poultry,cluster_4c9b1b408341,agglomerative,"{""distance_threshold"": 0.35, ""linkage"": ""average""}"
term_55780c0797f0816216b0,Production of poultry meat,cluster_4c9b1b408341,agglomerative,"{""distance_threshold"": 0.35, ""linkage"": ""average""}"
term_536a06423a0075c14859,Production of poultry meat in,cluster_4c9b1b408341,agglomerative,"{""distance_threshold"": 0.35, ""linkage"": ""average""}"
term_3a115ac194876f2b07de,Production of poultry meat in slaughterhouses,cluster_4c9b1b408341,agglomerative,"{""distance_threshold"": 0.35, ""linkage"": ""average""}"
term_c704b638ee4f8e089792,Production of sheepmeat,cluster_4c9b1b408341,agglomerative,"{""distance_threshold"": 0.35, ""linkage"": ""average""}"
term_212e3c30ab9d08b04193,Production of sheepmeat and,cluster_4c9b1b408341,agglomerative,"{""distance_threshold"": 0.35, ""linkage"": ""average""}"
term_89570d62d64298ba8093,Production of sheepmeat and goat,cluster_4c9b1b408341,agglomerative,"{""distance_threshold"": 0.35, ""linkage"": ""average""}"
term_15b00707422040392275,Production of sheepmeat and goat meat,cluster_4c9b1b408341,agglomerative,"{""distance_threshold"": 0.35, ""linkage"": ""average""}"
term_b309076a596914c8371a,Production of sheepmeat and goat meat in,cluster_4c9b1b408341,agglomerative,"{""distance_threshold"": 0.35, ""linkage"": ""average""}"
term_226172b7f9c30b7a429a,Production of sheepmeat and goat meat in slaughterhouses,cluster_4c9b1b408341,agglomerative,"{""distance_threshold"": 0.35, ""linkage"": ""average""}"
term_a042e9593a3dcd9adee8,production price,cluster_50fcb6e7a7e8,agglomerative,"{""distance_threshold"": 0.35, ""linkage"": ""average""}"
term_b7223b26edf259f46941,production price index,cluster_50fcb6e7a7e8,agglomerative,"{""distance_threshold"": 0.35, ""linkage"": ""average""}"
term_e7a2958d11a756727f0e,"Production, value",cluster_52d12036582f,agglomerative,"{""distance_threshold"": 0.35, ""linkage"": ""average""}"
term_292b6aa220f34903f785,"Production, value added",cluster_52d12036582f,agglomerative,"{""distance_threshold"": 0.35, ""linkage"": ""average""}"
term_ee1e4250f65eb479f441,"Production, value added and",cluster_52d12036582f,agglomerative,"{""distance_threshold"": 0.35, ""linkage"": ""average""}"
term_4dfe6e5d3af1ad18fe13,"Production, value added and employment",cluster_52d12036582f,agglomerative,"{""distance_threshold"": 0.35, ""linkage"": ""average""}"
term_84b58c4ac327b03f22b5,"Production, value added and employment by",cluster_52d12036582f,agglomerative,"{""distance_threshold"": 0.35, ""linkage"": ""average""}"
term_376204bd142bd5ed7298,"Production, value added and employment by industry",cluster_52d12036582f,agglomerative,"{""distance_threshold"": 0.35, ""linkage"": ""average""}"
term_7fb67f9eec1fa79fe952,"Production, value added and employment by industry groups",cluster_52d12036582f,agglomerative,"{""distance_threshold"": 0.35, ""linkage"": ""average""}"
term_30044f68d1cf70550729,"Production, value added and employment by industry groups in the environmental goods and services sector",cluster_52d12036582f,agglomerative,"{""distance_threshold"": 0.35, ""linkage"": ""average""}"
term_a4f6704dba8a38a7d3b2,productivity in GDP,cluster_f5e40cb5cbdd,agglomerative,"{""distance_threshold"": 0.35, ""linkage"": ""average""}"
term_936d885e52640f4d52a0,productivity in GDP (constant,cluster_f5e40cb5cbdd,agglomerative,"{""distance_threshold"": 0.35, ""linkage"": ""average""}"
term_2aed1b1a201665baf1f8,productivity in GDP (constant prices,cluster_f5e40cb5cbdd,agglomerative,"{""distance_threshold"": 0.35, ""linkage"": ""average""}"
term_88768840d33baaa04580,productivity in GDP (constant prices) per,cluster_f5e40cb5cbdd,agglomerative,"{""distance_threshold"": 0.35, ""linkage"": ""average""}"
term_c5a53e61971417305edb,productivity in GDP (constant prices) per person,cluster_f5e40cb5cbdd,agglomerative,"{""distance_threshold"": 0.35, ""linkage"": ""average""}"
term_42010d36dc70c4b314ea,productivity in GDP (constant prices) per person employed,cluster_f5e40cb5cbdd,agglomerative,"{""distance_threshold"": 0.35, ""linkage"": ""average""}"
term_91e21a0b4d6245e8df71,products - % of GDP,cluster_f5e40cb5cbdd,agglomerative,"{""distance_threshold"": 0.35, ""linkage"": ""average""}"
term_61951e970635dff54954,"products, production",cluster_4c9b1b408341,agglomerative,"{""distance_threshold"": 0.35, ""linkage"": ""average""}"
term_61874fbfa2e56e12a867,propensity to consume by income,cluster_f7c5001b3c2d,agglomerative,"{""distance_threshold"": 0.35, ""linkage"": ""average""}"
term_3a49fa11f93b1f5d70b2,propensity to consume by income quintile,cluster_f7c5001b3c2d,agglomerative,"{""distance_threshold"": 0.35, ""linkage"": ""average""}"
term_06b2a4fa74dad47dda5c,propensity to consume by income quintile - experimental,cluster_f7c5001b3c2d,agglomerative,"{""distance_threshold"": 0.35, ""linkage"": ""average""}"
term_9be88a3d5b65e7be8899,propensity to consume by income quintile - experimental statistics,cluster_f7c5001b3c2d,agglomerative,"{""distance_threshold"": 0.35, ""linkage"": ""average""}"
term_6dc9eaaf853846cb4638,proportion of all employees (excluding apprentices) by employment,cluster_fd27aed274d2,agglomerative,"{""distance_threshold"": 0.35, ""linkage"": ""average""}"
term_472bf75dee6a636a0a27,Proportion of population,cluster_021a934ea779,agglomerative,"{""distance_threshold"": 0.35, ""linkage"": ""average""}"
term_b9740cc10df6e0237ea7,Proportion of population aged,cluster_586194a4eb3a,agglomerative,"{""distance_threshold"": 0.35, ""linkage"": ""average""}"
term_c72f789a48c6c463595c,Proportion of population aged 65,cluster_586194a4eb3a,agglomerative,"{""distance_threshold"": 0.35, ""linkage"": ""average""}"
term_668ec526b45ca7e36dbb,Proportion of population aged 65 and,cluster_586194a4eb3a,agglomerative,"{""distance_threshold"": 0.35, ""linkage"": ""average""}"
term_5022e34de5091385c309,Proportion of population aged 65 and over,cluster_586194a4eb3a,agglomerative,"{""distance_threshold"": 0.35, ""linkage"": ""average""}"
term_b53573abdf71c61c699d,proportion of the population,cluster_021a934ea779,agglomerative,"{""distance_threshold"": 0.35, ""linkage"": ""average""}"
term_bc6162b378946e879a8f,proportion of the population by,cluster_021a934ea779,agglomerative,"{""distance_threshold"": 0.35, ""linkage"": ""average""}"
term_ca34a4a6ec4bc6cc042d,protection expenditure,cluster_f7c5001b3c2d,agglomerative,"{""distance_threshold"": 0.35, ""linkage"": ""average""}"
term_61d6e65a4fc22e2708d4,protection expenditure excluding,cluster_f7c5001b3c2d,agglomerative,"{""distance_threshold"": 0.35, ""linkage"": ""average""}"
term_f4e450c99827389a7a2e,protection expenditure excluding administrative,cluster_f7c5001b3c2d,agglomerative,"{""distance_threshold"": 0.35, ""linkage"": ""average""}"
term_f506b6d9bba302d3670d,protection expenditure excluding administrative costs,cluster_f7c5001b3c2d,agglomerative,"{""distance_threshold"": 0.35, ""linkage"": ""average""}"
term_ac10bf336474358423b7,protection expenditure excluding administrative costs (including,cluster_f7c5001b3c2d,agglomerative,"{""distance_threshold"": 0.35, ""linkage"": ""average""}"
term_66ebb5ed749f66ab3606,protection per inhabitant at constant prices,cluster_f7c5001b3c2d,agglomerative,"{""distance_threshold"": 0.35, ""linkage"": ""average""}"
term_c3bf1f403b9f8e199404,protein crops for the production,cluster_4c9b1b408341,agglomerative,"{""distance_threshold"": 0.35, ""linkage"": ""average""}"
term_4b7a2eecbd95ad139573,protein crops for the production of,cluster_4c9b1b408341,agglomerative,"{""distance_threshold"": 0.35, ""linkage"": ""average""}"
term_921ddced87d7cacb341d,protein crops for the production of grain,cluster_4c9b1b408341,agglomerative,"{""distance_threshold"": 0.35, ""linkage"": ""average""}"
term_ea06a49b236cf451d919,protein crops for the production of grain (including,cluster_4c9b1b408341,agglomerative,"{""distance_threshold"": 0.35, ""linkage"": ""average""}"
term_4c01eff0204aa6a101e7,Public expenditure,cluster_f7c5001b3c2d,agglomerative,"{""distance_threshold"": 0.35, ""linkage"": ""average""}"
term_90fb7c9e5180762206cc,Public expenditure on,cluster_f7c5001b3c2d,agglomerative,"{""distance_threshold"": 0.35, ""linkage"": ""average""}"
term_79cf1af0cc470e9c9402,Public expenditure on education - ENP-East,cluster_f7c5001b3c2d,agglomerative,"{""distance_threshold"": 0.35, ""linkage"": ""average""}"
term_90d064a0e3555d070ed8,Public expenditure on education - ENP-East countries,cluster_f7c5001b3c2d,agglomerative,"{""distance_threshold"": 0.35, ""linkage"": ""average""}"
term_93afb3458d253b3b1807,Public expenditure on education - ENP-South,cluster_f7c5001b3c2d,agglomerative,"{""distance_threshold"": 0.35, ""linkage"": ""average""}"
term_136f56a98d371355cdb3,Public expenditure on education - ENP-South countries,cluster_f7c5001b3c2d,agglomerative,"{""distance_threshold"": 0.35, ""linkage"": ""average""}"
term_1e004628437a20b304dc,pulses and protein crops for the production,cluster_4c9b1b408341,agglomerative,"{""distance_threshold"": 0.35, ""linkage"": ""average""}"
term_d6223d65abbcc9ea4584,pulses and protein crops for the production of,cluster_4c9b1b408341,agglomerative,"{""distance_threshold"": 0.35, ""linkage"": ""average""}"
term_9a6b6617fb90a759d2c1,"Pupils aged 3 years old, by sex - as % of the population of the corresponding age group",cluster_586194a4eb3a,agglomerative,"{""distance_threshold"": 0.35, ""linkage"": ""average""}"
term_b35b80b9bb3da89a8d77,"Pupils aged 4 years old, by sex - as % of the population of the corresponding age group",cluster_586194a4eb3a,agglomerative,"{""distance_threshold"": 0.35, ""linkage"": ""average""}"
term_c87cc3e6907e2d7127e0,Pupils and students in education aged 30 and over - per 1000 of corresponding age population,cluster_586194a4eb3a,agglomerative,"{""distance_threshold"": 0.35, ""linkage"": ""average""}"
term_c32b9badb0ba4710ff3e,Pupils from age 0 to the starting age of compulsory education at primary level by sex - % of the population of the corresponding age,cluster_586194a4eb3a,agglomerative,"{""distance_threshold"": 0.35, ""linkage"": ""average""}"
term_a59522b13eee62d49daf,Pupils from age 3 to the starting age of compulsory education at primary level by NUTS 2 region - % of the population of the corresponding age,cluster_586194a4eb3a,agglomerative,"{""distance_threshold"": 0.35, ""linkage"": ""average""}"
term_00f0c8f9cf02f648a6af,Pupils from age 3 to the starting age of compulsory education at primary level by sex - % of the population of the corresponding age,cluster_586194a4eb3a,agglomerative,"{""distance_threshold"": 0.35, ""linkage"": ""average""}"
term_f9d50b4dda831c318c4f,Pupils from age 4 to the starting age of compulsory education at primary level by NUTS 2 region - % of the population of the corresponding age,cluster_586194a4eb3a,agglomerative,"{""distance_threshold"": 0.35, ""linkage"": ""average""}"
term_0972dcd431ad96904bc3,"Pupils from age 4 to the starting age of compulsory education at primary level, by sex - as % of the population of the corresponding age group",cluster_586194a4eb3a,agglomerative,"{""distance_threshold"": 0.35, ""linkage"": ""average""}"
term_56b4c088a0be47482038,Pupils from age 5 to the starting age of compulsory education at primary level by sex - % of the population of the corresponding age,cluster_586194a4eb3a,agglomerative,"{""distance_threshold"": 0.35, ""linkage"": ""average""}"
term_15bfeaad968154afb48f,Pupils under the age of 3 by sex - as % of the population of the corresponding age,cluster_586194a4eb3a,agglomerative,"{""distance_threshold"": 0.35, ""linkage"": ""average""}"
term_64f8145ce0ee4be5bdf8,purchase of main residence) by income,cluster_0958acf3e7dc,agglomerative,"{""distance_threshold"": 0.35, ""linkage"": ""average""}"
term_1f74c9b882bcec3dd205,purchase of main residence) by income quintile,cluster_0958acf3e7dc,agglomerative,"{""distance_threshold"": 0.35, ""linkage"": ""average""}"
term_1d057be3cb9ffa6830ec,Purchase price,cluster_50fcb6e7a7e8,agglomerative,"{""distance_threshold"": 0.35, ""linkage"": ""average""}"
term_67a3d8bd00ac17945ae9,Purchase price indices,cluster_50fcb6e7a7e8,agglomerative,"{""distance_threshold"": 0.35, ""linkage"": ""average""}"
term_ac22e99cc0dba577ec80,"Purchase price indices, total",cluster_50fcb6e7a7e8,agglomerative,"{""distance_threshold"": 0.35, ""linkage"": ""average""}"
term_4fe93dd48fb6b1d43c5e,"Purchase price indices, total means",cluster_50fcb6e7a7e8,agglomerative,"{""distance_threshold"": 0.35, ""linkage"": ""average""}"
term_c575553c7fc8d4832a4e,"Purchase price indices, total means of",cluster_50fcb6e7a7e8,agglomerative,"{""distance_threshold"": 0.35, ""linkage"": ""average""}"
term_eb8c017c404fa091b05c,"Purchase price indices, total means of agricultural",cluster_50fcb6e7a7e8,agglomerative,"{""distance_threshold"": 0.35, ""linkage"": ""average""}"
term_962f61904b6619372cea,"Purchase price indices, total means of agricultural production",cluster_50fcb6e7a7e8,agglomerative,"{""distance_threshold"": 0.35, ""linkage"": ""average""}"
term_7bf6b804d1b0ee521e9e,purchase prices,cluster_50fcb6e7a7e8,agglomerative,"{""distance_threshold"": 0.35, ""linkage"": ""average""}"
term_08992aea593b2c06dd19,Purchasing power adjusted GDP,cluster_f5e40cb5cbdd,agglomerative,"{""distance_threshold"": 0.35, ""linkage"": ""average""}"
term_6490254375a4eb4866e4,Purchasing power adjusted GDP per,cluster_f5e40cb5cbdd,agglomerative,"{""distance_threshold"": 0.35, ""linkage"": ""average""}"
term_0d4c9ed65da1702cede8,Purchasing power adjusted GDP per capita,cluster_f5e40cb5cbdd,agglomerative,"{""distance_threshold"": 0.35, ""linkage"": ""average""}"
term_2b880b205731946a27ca,purposes - % of total population,cluster_021a934ea779,agglomerative,"{""distance_threshold"": 0.35, ""linkage"": ""average""}"
term_957fdeb7beb70d12bd2e,"quarterly data, % of GDP",cluster_f5e40cb5cbdd,agglomerative,"{""distance_threshold"": 0.35, ""linkage"": ""average""}"
term_46734978017f544624fb,Rail accidents involving the transport of dangerous goods,cluster_3d19854cb005,agglomerative,"{""distance_threshold"": 0.35, ""linkage"": ""average""}"
term_e97dc4d33c64b5e32ec4,Rail equipment: number and load capacity of goods transport wagons,cluster_b9a3b7632ab8,agglomerative,"{""distance_threshold"": 0.35, ""linkage"": ""average""}"
term_d2e98712668aabb3a0dd,Rail transport of passengers,cluster_b9a3b7632ab8,agglomerative,"{""distance_threshold"": 0.35, ""linkage"": ""average""}"
term_d6d506c422eb73f7712b,Railway transport vans,cluster_b9a3b7632ab8,agglomerative,"{""distance_threshold"": 0.35, ""linkage"": ""average""}"
term_a6f00d9cbae1ecfa377d,rate by age group - population,cluster_586194a4eb3a,agglomerative,"{""distance_threshold"": 0.35, ""linkage"": ""average""}"
term_8c5734da7a18eaac0dfa,rate by age group - population without,cluster_586194a4eb3a,agglomerative,"{""distance_threshold"": 0.35, ""linkage"": ""average""}"
term_194427fdbf53eb1f375e,rate by poverty status - population,cluster_586194a4eb3a,agglomerative,"{""distance_threshold"": 0.35, ""linkage"": ""average""}"
term_76d1c8c7952d73550719,rate by poverty status - population without,cluster_586194a4eb3a,agglomerative,"{""distance_threshold"": 0.35, ""linkage"": ""average""}"
term_0659c8dc2bd2aa2baee6,rate by sex - population,cluster_586194a4eb3a,agglomerative,"{""distance_threshold"": 0.35, ""linkage"": ""average""}"
term_54a23ca733802cb0e8bb,rate by sex - population without,cluster_586194a4eb3a,agglomerative,"{""distance_threshold"": 0.35, ""linkage"": ""average""}"
term_cb819baf1d6531a4de0d,rate by sex - population without single-person,cluster_586194a4eb3a,agglomerative,"{""distance_threshold"": 0.35, ""linkage"": ""average""}"
term_4b1849d384a1d4751d57,rate by tenure status - total population,cluster_021a934ea779,agglomerative,"{""distance_threshold"": 0.35, ""linkage"": ""average""}"
term_ff4b296f27eb4a9083eb,rate in population,cluster_586194a4eb3a,agglomerative,"{""distance_threshold"": 0.35, ""linkage"": ""average""}"
term_19e1bbf363d615c804e7,rate in population of,cluster_586194a4eb3a,agglomerative,"{""distance_threshold"": 0.35, ""linkage"": ""average""}"
term_9301625a0d0b55818b7e,rate in population of lower,cluster_586194a4eb3a,agglomerative,"{""distance_threshold"": 0.35, ""linkage"": ""average""}"
term_ec1b7ca4769d13432d1f,rate in population of lower secondary,cluster_586194a4eb3a,agglomerative,"{""distance_threshold"": 0.35, ""linkage"": ""average""}"
term_3871e7ba0b2f1146b83f,rate in population of upper,cluster_586194a4eb3a,agglomerative,"{""distance_threshold"": 0.35, ""linkage"": ""average""}"
term_dfb395c6298d564b2f50,rate in population of upper secondary,cluster_586194a4eb3a,agglomerative,"{""distance_threshold"": 0.35, ""linkage"": ""average""}"
term_215d4837185aedb84ace,rate of birth,cluster_6186e87388cd,agglomerative,"{""distance_threshold"": 0.35, ""linkage"": ""average""}"
term_10586041eb88e6ae2066,"rate of birth, of",cluster_6186e87388cd,agglomerative,"{""distance_threshold"": 0.35, ""linkage"": ""average""}"
term_ae51d11ede9f144beaac,"rate of birth, of dead",cluster_6186e87388cd,agglomerative,"{""distance_threshold"": 0.35, ""linkage"": ""average""}"
term_d64c00e7f61487aa33ad,"rate of birth, of dead and",cluster_6186e87388cd,agglomerative,"{""distance_threshold"": 0.35, ""linkage"": ""average""}"
term_85e188cf629adc81b3bc,rate on low wage earners - Unemployment,cluster_b625d52d71ac,agglomerative,"{""distance_threshold"": 0.35, ""linkage"": ""average""}"
term_0427cae84208e9b7b3a1,Ratio of annual expenditure,cluster_f7c5001b3c2d,agglomerative,"{""distance_threshold"": 0.35, ""linkage"": ""average""}"
term_16e0d4ea66c653ed86be,Ratio of annual expenditure per,cluster_f7c5001b3c2d,agglomerative,"{""distance_threshold"": 0.35, ""linkage"": ""average""}"
term_862dcd334d6b72ff8d0f,Ratio of annual expenditure per student,cluster_f7c5001b3c2d,agglomerative,"{""distance_threshold"": 0.35, ""linkage"": ""average""}"
term_5220f0ce5d65558859d0,Ratio of annual expenditure per student at,cluster_f7c5001b3c2d,agglomerative,"{""distance_threshold"": 0.35, ""linkage"": ""average""}"
term_80b9b3d015cda285d55d,Ratio of annual expenditure per student at the,cluster_f7c5001b3c2d,agglomerative,"{""distance_threshold"": 0.35, ""linkage"": ""average""}"
term_3767f7ef54c6688a174c,"Ratio of annual expenditure per student at the tertiary level and primary level of education, in public educational institutions",cluster_f7c5001b3c2d,agglomerative,"{""distance_threshold"": 0.35, ""linkage"": ""average""}"
term_438ebeb43c6e54618660,Ratio of the proportion of tertiary students over the proportion of the population by NUTS 1 and NUTS 2 region,cluster_021a934ea779,agglomerative,"{""distance_threshold"": 0.35, ""linkage"": ""average""}"
term_eb6eb4e15e8629748541,real estate other than main residence by income,cluster_0958acf3e7dc,agglomerative,"{""distance_threshold"": 0.35, ""linkage"": ""average""}"
term_653be5c3e51cbf06ffb0,real factor income,cluster_0958acf3e7dc,agglomerative,"{""distance_threshold"": 0.35, ""linkage"": ""average""}"
term_01765840eaacee48c134,real factor income per,cluster_0958acf3e7dc,agglomerative,"{""distance_threshold"": 0.35, ""linkage"": ""average""}"
term_719b300f91b235948e73,real factor income per annual,cluster_0958acf3e7dc,agglomerative,"{""distance_threshold"": 0.35, ""linkage"": ""average""}"
term_8874b08a604d47cf3165,real factor income per annual work,cluster_0958acf3e7dc,agglomerative,"{""distance_threshold"": 0.35, ""linkage"": ""average""}"
term_ff2fadd06f95adf4ffe3,real factor income per annual work unit,cluster_0958acf3e7dc,agglomerative,"{""distance_threshold"": 0.35, ""linkage"": ""average""}"
term_bf7698d5e1b3bedc0731,real factor income per annual work unit (AWU,cluster_0958acf3e7dc,agglomerative,"{""distance_threshold"": 0.35, ""linkage"": ""average""}"
term_625efd93519bc36de1af,Real GDP,cluster_f5e40cb5cbdd,agglomerative,"{""distance_threshold"": 0.35, ""linkage"": ""average""}"
term_8370d57fe8ef799bb869,Real GDP growth,cluster_f5e40cb5cbdd,agglomerative,"{""distance_threshold"": 0.35, ""linkage"": ""average""}"
term_524f26c23c149007b7c1,Real GDP growth rate,cluster_f5e40cb5cbdd,agglomerative,"{""distance_threshold"": 0.35, ""linkage"": ""average""}"
term_680d8add75684ad731c8,Real GDP growth rate - volume,cluster_f5e40cb5cbdd,agglomerative,"{""distance_threshold"": 0.35, ""linkage"": ""average""}"
term_3f2a99ac5faa1e9a1952,Real GDP per,cluster_f5e40cb5cbdd,agglomerative,"{""distance_threshold"": 0.35, ""linkage"": ""average""}"
term_21415cb11e781cdfeb3d,Real GDP per capita,cluster_f5e40cb5cbdd,agglomerative,"{""distance_threshold"": 0.35, ""linkage"": ""average""}"
term_038929cc7f8672d60c48,real gross disposable income,cluster_0958acf3e7dc,agglomerative,"{""distance_threshold"": 0.35, ""linkage"": ""average""}"
term_01d8d7866d50d9ce02c3,real gross disposable income of,cluster_0958acf3e7dc,agglomerative,"{""distance_threshold"": 0.35, ""linkage"": ""average""}"
term_9de5fe7b36e8515c8d0e,real gross disposable income of households,cluster_0958acf3e7dc,agglomerative,"{""distance_threshold"": 0.35, ""linkage"": ""average""}"
term_6a337be77aaae0893d15,real gross disposable income of households per,cluster_0958acf3e7dc,agglomerative,"{""distance_threshold"": 0.35, ""linkage"": ""average""}"
term_e20717130cde718e8f23,real gross disposable income of households per capita,cluster_0958acf3e7dc,agglomerative,"{""distance_threshold"": 0.35, ""linkage"": ""average""}"
term_0d8a69967cd97cfb8552,reasons for cross trade and employment,cluster_e7477d78f08b,agglomerative,"{""distance_threshold"": 0.35, ""linkage"": ""average""}"
term_d8226ad3b4bce32ed32b,reasons for cross trade and employment size,cluster_e7477d78f08b,agglomerative,"{""distance_threshold"": 0.35, ""linkage"": ""average""}"
term_09eb1db6b5ce96ab2d30,reasons for cross trade and employment size class,cluster_e7477d78f08b,agglomerative,"{""distance_threshold"": 0.35, ""linkage"": ""average""}"
term_52c7eb17feb485fe6c74,receivable and similar income,cluster_0958acf3e7dc,agglomerative,"{""distance_threshold"": 0.35, ""linkage"": ""average""}"
term_6d7e7b616be67d7be3d4,receivable and similar income by,cluster_0958acf3e7dc,agglomerative,"{""distance_threshold"": 0.35, ""linkage"": ""average""}"
term_87fe386d3a253fee5166,receivable and similar income by product,cluster_0958acf3e7dc,agglomerative,"{""distance_threshold"": 0.35, ""linkage"": ""average""}"
term_116efc8feed5dbfd659d,region - % of the population,cluster_95df7df16168,agglomerative,"{""distance_threshold"": 0.35, ""linkage"": ""average""}"
term_f7d886fbcca1daf5cad0,region - % of the population of,cluster_95df7df16168,agglomerative,"{""distance_threshold"": 0.35, ""linkage"": ""average""}"
term_78b0c3adaa17d181aa1c,Regional disparities in gender employment,cluster_be31239b58e7,agglomerative,"{""distance_threshold"": 0.35, ""linkage"": ""average""}"
term_c874c24111770f3b6a5a,Regional disparities in gender employment gap,cluster_be31239b58e7,agglomerative,"{""distance_threshold"": 0.35, ""linkage"": ""average""}"
term_ec4a1cb465860d4a5144,Regional disparities in gender employment gap (NUTS,cluster_be31239b58e7,agglomerative,"{""distance_threshold"": 0.35, ""linkage"": ""average""}"
term_1ddf88f7bdcac323811a,Regional disparities in gender employment gap (NUTS level,cluster_be31239b58e7,agglomerative,"{""distance_threshold"": 0.35, ""linkage"": ""average""}"
term_34ee60daa9822653ce56,Regional disparities in gender employment gap (NUTS level 2),cluster_be31239b58e7,agglomerative,"{""distance_threshold"": 0.35, ""linkage"": ""average""}"
term_22695aa386eaa47bb9b1,Regional disparities in long-term unemployment,cluster_b625d52d71ac,agglomerative,"{""distance_threshold"": 0.35, ""linkage"": ""average""}"
term_b637726319674acdd136,Regional disparities in long-term unemployment rates,cluster_b625d52d71ac,agglomerative,"{""distance_threshold"": 0.35, ""linkage"": ""average""}"
term_8fbb071c360cc9887688,Regional disparities in long-term unemployment rates (NUTS,cluster_b625d52d71ac,agglomerative,"{""distance_threshold"": 0.35, ""linkage"": ""average""}"
term_a877fa2d31f71e80c052,Regional disparities in long-term unemployment rates (NUTS level,cluster_b625d52d71ac,agglomerative,"{""distance_threshold"": 0.35, ""linkage"": ""average""}"
term_6292bbab930d004a75ac,Regional disparities in long-term unemployment rates (NUTS level 2),cluster_b625d52d71ac,agglomerative,"{""distance_threshold"": 0.35, ""linkage"": ""average""}"
term_d72c23437b51f7d6c80e,Regional disparities in the rate of young people neither in employment nor in education and training (NEET) (NUTS level 2),cluster_be31239b58e7,agglomerative,"{""distance_threshold"": 0.35, ""linkage"": ""average""}"
term_2850c50cbfab8a002299,relative income,cluster_0958acf3e7dc,agglomerative,"{""distance_threshold"": 0.35, ""linkage"": ""average""}"
term_009c335d8ff1e480630f,relative income of,cluster_0958acf3e7dc,agglomerative,"{""distance_threshold"": 0.35, ""linkage"": ""average""}"
term_cdddeda28a8876bfeccd,relative income of elderly,cluster_0958acf3e7dc,agglomerative,"{""distance_threshold"": 0.35, ""linkage"": ""average""}"
term_a178a8266744d21ef5eb,relative income of elderly people,cluster_0958acf3e7dc,agglomerative,"{""distance_threshold"": 0.35, ""linkage"": ""average""}"
term_14fd36b541fe6ecb3e3b,relative income of elderly people (60,cluster_0958acf3e7dc,agglomerative,"{""distance_threshold"": 0.35, ""linkage"": ""average""}"
term_4ce14fb643156f3708b4,relative income of elderly people (60+) - EU-SILC,cluster_0958acf3e7dc,agglomerative,"{""distance_threshold"": 0.35, ""linkage"": ""average""}"
term_d6d9f04f77039dd4b930,relative income of elderly people - EU-SILC,cluster_0958acf3e7dc,agglomerative,"{""distance_threshold"": 0.35, ""linkage"": ""average""}"
term_35653e47d6eb0ca8678b,relative income of elderly people - EU-SILC survey,cluster_0958acf3e7dc,agglomerative,"{""distance_threshold"": 0.35, ""linkage"": ""average""}"
term_e4aa1bddd89946ddf346,Relative median income,cluster_0958acf3e7dc,agglomerative,"{""distance_threshold"": 0.35, ""linkage"": ""average""}"
term_1beedd4282dd8b0a2935,Relative median income ratio,cluster_0958acf3e7dc,agglomerative,"{""distance_threshold"": 0.35, ""linkage"": ""average""}"
term_e2b4b15335738575f646,Relative median income ratio (60,cluster_0958acf3e7dc,agglomerative,"{""distance_threshold"": 0.35, ""linkage"": ""average""}"
term_f177d5318f6bbdc99d9b,Relative median income ratio (60+),cluster_0958acf3e7dc,agglomerative,"{""distance_threshold"": 0.35, ""linkage"": ""average""}"
term_e793402dfc11a01d1463,Relative median income ratio (65,cluster_0958acf3e7dc,agglomerative,"{""distance_threshold"": 0.35, ""linkage"": ""average""}"
term_3de4fab0404f410eda9e,Relative median income ratio (65+),cluster_0958acf3e7dc,agglomerative,"{""distance_threshold"": 0.35, ""linkage"": ""average""}"
term_72f4a044480e517e2396,Relative median income ratio (65+) - EU-SILC,cluster_0958acf3e7dc,agglomerative,"{""distance_threshold"": 0.35, ""linkage"": ""average""}"
term_51360deafd39600d389a,Relative median income ratio (65+) - EU-SILC and,cluster_0958acf3e7dc,agglomerative,"{""distance_threshold"": 0.35, ""linkage"": ""average""}"
term_2c733334f00645cfccd6,Relative median income ratio (65+) - EU-SILC and ECHP,cluster_0958acf3e7dc,agglomerative,"{""distance_threshold"": 0.35, ""linkage"": ""average""}"
term_22efd91c36cb3cff4359,Relative median income ratio (65+) - EU-SILC and ECHP surveys,cluster_0958acf3e7dc,agglomerative,"{""distance_threshold"": 0.35, ""linkage"": ""average""}"
term_c13633b1f5d1178e4b09,Relative poverty gap by risk of poverty and work intensity of the households with income from benefits,cluster_a03fe115e208,agglomerative,"{""distance_threshold"": 0.35, ""linkage"": ""average""}"
term_19ff751a283b416ffdf9,"Relative poverty threshold after social transfers, income",cluster_0958acf3e7dc,agglomerative,"{""distance_threshold"": 0.35, ""linkage"": ""average""}"
term_63edf775ff3826e4556b,"Relative poverty threshold after social transfers, income per",cluster_0958acf3e7dc,agglomerative,"{""distance_threshold"": 0.35, ""linkage"": ""average""}"
term_849e62807acaa4f25c07,"Relative poverty threshold after social transfers, income per month",cluster_0958acf3e7dc,agglomerative,"{""distance_threshold"": 0.35, ""linkage"": ""average""}"
term_76c2945b074128c6464f,"Relative poverty threshold after social transfers, income per month - ENP-East countries",cluster_0958acf3e7dc,agglomerative,"{""distance_threshold"": 0.35, ""linkage"": ""average""}"
term_f2247c4548afc7a7a695,relative to GDP,cluster_f5e40cb5cbdd,agglomerative,"{""distance_threshold"": 0.35, ""linkage"": ""average""}"
term_07a305aaa9bca5a39edb,renting prices,cluster_34cd09890693,agglomerative,"{""distance_threshold"": 0.35, ""linkage"": ""average""}"
term_72a3a6c4d9e6b37dd552,reporting occurrence of crime,cluster_05dbb63e968d,agglomerative,"{""distance_threshold"": 0.35, ""linkage"": ""average""}"
term_20ae791c2bfeca5a8a37,"reporting occurrence of crime, violence",cluster_05dbb63e968d,agglomerative,"{""distance_threshold"": 0.35, ""linkage"": ""average""}"
term_4b481a8336945e45c12d,"reporting occurrence of crime, violence or",cluster_05dbb63e968d,agglomerative,"{""distance_threshold"": 0.35, ""linkage"": ""average""}"
term_f572df5d9cba615cd0c4,"reporting occurrence of crime, violence or vandalism",cluster_05dbb63e968d,agglomerative,"{""distance_threshold"": 0.35, ""linkage"": ""average""}"
term_ac10cac39253e9e73dad,Research and development expenditure,cluster_f7c5001b3c2d,agglomerative,"{""distance_threshold"": 0.35, ""linkage"": ""average""}"
term_2dc6e69bd11b37181086,Research and development expenditure by,cluster_f7c5001b3c2d,agglomerative,"{""distance_threshold"": 0.35, ""linkage"": ""average""}"
term_13f76b364818187895f9,Research and development expenditure by sector,cluster_f7c5001b3c2d,agglomerative,"{""distance_threshold"": 0.35, ""linkage"": ""average""}"
term_2da67a90b99ab1e83af5,Research and development expenditure by sector of,cluster_f7c5001b3c2d,agglomerative,"{""distance_threshold"": 0.35, ""linkage"": ""average""}"
term_fb2242632dabfe71b151,Research and development expenditure by sector of performance,cluster_f7c5001b3c2d,agglomerative,"{""distance_threshold"": 0.35, ""linkage"": ""average""}"
term_e2f73111fd353b21c7b9,residence by income,cluster_0958acf3e7dc,agglomerative,"{""distance_threshold"": 0.35, ""linkage"": ""average""}"
term_56ff0ea6e33ac52888ad,residence by income quantile,cluster_0958acf3e7dc,agglomerative,"{""distance_threshold"": 0.35, ""linkage"": ""average""}"
term_e0e5d1aa0bf9e5c9593e,residence) by income,cluster_0958acf3e7dc,agglomerative,"{""distance_threshold"": 0.35, ""linkage"": ""average""}"
term_d5912808c5c3314aa46c,residence) by income quintile,cluster_0958acf3e7dc,agglomerative,"{""distance_threshold"": 0.35, ""linkage"": ""average""}"
term_701cf7f2dfe0a0027b85,resident population,cluster_23acc643074a,agglomerative,"{""distance_threshold"": 0.35, ""linkage"": ""average""}"
term_a7e390b9535eb540148e,resident population on,cluster_23acc643074a,agglomerative,"{""distance_threshold"": 0.35, ""linkage"": ""average""}"
term_2bb5445275869fb59271,resident population on 1,cluster_23acc643074a,agglomerative,"{""distance_threshold"": 0.35, ""linkage"": ""average""}"
term_bf59421f6f39aa1185f9,resident population on 1 January,cluster_23acc643074a,agglomerative,"{""distance_threshold"": 0.35, ""linkage"": ""average""}"
term_18ca3b5c7d836a170234,"Residential construction - annual data, % of GDP",cluster_f5e40cb5cbdd,agglomerative,"{""distance_threshold"": 0.35, ""linkage"": ""average""}"
term_b3b94ee46639d0ee1e79,residents by sex and country of birth,cluster_8cbdd0602d88,agglomerative,"{""distance_threshold"": 0.35, ""linkage"": ""average""}"
term_166844d767281e60b5b8,Retail trade volume of sales - automotive,cluster_a5cfad0cd27c,agglomerative,"{""distance_threshold"": 0.35, ""linkage"": ""average""}"
term_ba47358bfc54de8095aa,Retail trade volume of sales - automotive fuel,cluster_a5cfad0cd27c,agglomerative,"{""distance_threshold"": 0.35, ""linkage"": ""average""}"
term_96cb13c7ad5ac572624f,Retail trade volume of sales - food,cluster_a5cfad0cd27c,agglomerative,"{""distance_threshold"": 0.35, ""linkage"": ""average""}"
term_a91746d8ca218c325c83,"Retail trade volume of sales - food, beverages",cluster_a5cfad0cd27c,agglomerative,"{""distance_threshold"": 0.35, ""linkage"": ""average""}"
term_f297051b36840e3ffac9,"Retail trade volume of sales - food, beverages and",cluster_a5cfad0cd27c,agglomerative,"{""distance_threshold"": 0.35, ""linkage"": ""average""}"
term_d89120ce008c2ccbdc95,"Retail trade volume of sales - food, beverages and tobacco",cluster_a5cfad0cd27c,agglomerative,"{""distance_threshold"": 0.35, ""linkage"": ""average""}"
term_3447fbbe5383b020075b,Retail trade volume of sales - non,cluster_a5cfad0cd27c,agglomerative,"{""distance_threshold"": 0.35, ""linkage"": ""average""}"
term_4c5308d0a19b91efd0ab,Retail trade volume of sales - non food,cluster_a5cfad0cd27c,agglomerative,"{""distance_threshold"": 0.35, ""linkage"": ""average""}"
term_3b7f7fbc9919a7ca04c3,Retail trade volume of sales - total,cluster_a5cfad0cd27c,agglomerative,"{""distance_threshold"": 0.35, ""linkage"": ""average""}"
term_07e01f57b3b70d163cd8,Retail trade volume of sales index,cluster_a5cfad0cd27c,agglomerative,"{""distance_threshold"": 0.35, ""linkage"": ""average""}"
term_53a6afa10dba99f4cd40,Retail trade volume of sales index (deflated,cluster_a5cfad0cd27c,agglomerative,"{""distance_threshold"": 0.35, ""linkage"": ""average""}"
term_c114c6d60a45922989bc,Retail trade volume of sales index (deflated turnover,cluster_a5cfad0cd27c,agglomerative,"{""distance_threshold"": 0.35, ""linkage"": ""average""}"
term_4aac2f9ebd7575071967,Retail trade volume of sales index (deflated turnover),cluster_a5cfad0cd27c,agglomerative,"{""distance_threshold"": 0.35, ""linkage"": ""average""}"
term_d6f5bc46e400e8956380,Retail trade volume of sales index (deflated turnover) - ENP-East countries,cluster_a5cfad0cd27c,agglomerative,"{""distance_threshold"": 0.35, ""linkage"": ""average""}"
term_d812a865296eac596ff0,Rev. 1.1 activity and employment,cluster_717245bdba31,agglomerative,"{""distance_threshold"": 0.35, ""linkage"": ""average""}"
term_2d460a2ae5d130dfbcdd,Rev. 1.1 activity and employment status,cluster_717245bdba31,agglomerative,"{""distance_threshold"": 0.35, ""linkage"": ""average""}"
term_be6532879d274ddf2414,risk-of-poverty rate for the population,cluster_a03fe115e208,agglomerative,"{""distance_threshold"": 0.35, ""linkage"": ""average""}"
term_e77c263dc7dd6237d29e,risk-of-poverty rate for the population living,cluster_a03fe115e208,agglomerative,"{""distance_threshold"": 0.35, ""linkage"": ""average""}"
term_4ea94854b36b7164e6fb,"Road cabotage transport by country in which cabotage takes place (t, tkm)",cluster_f2d7baeb95d9,agglomerative,"{""distance_threshold"": 0.35, ""linkage"": ""average""}"
term_0da9b68f84efad225392,"Road cabotage transport by country in which cabotage takes place (t, tkm) - (from onwards)",cluster_f2d7baeb95d9,agglomerative,"{""distance_threshold"": 0.35, ""linkage"": ""average""}"
term_05c0b6ba67174ffe73ae,Road cabotage transport by country in which cabotage takes place (tkm),cluster_f2d7baeb95d9,agglomerative,"{""distance_threshold"": 0.35, ""linkage"": ""average""}"
term_c5b812f5d9a40c40c48e,Road cabotage transport performed by each (tkm),cluster_f2d7baeb95d9,agglomerative,"{""distance_threshold"": 0.35, ""linkage"": ""average""}"
term_bac0c3c9920f444b2b53,Road freight transport,cluster_b9a3b7632ab8,agglomerative,"{""distance_threshold"": 0.35, ""linkage"": ""average""}"
term_00f3ee6bf94038cfb789,Road freight transport - ENP-East countries,cluster_b9a3b7632ab8,agglomerative,"{""distance_threshold"": 0.35, ""linkage"": ""average""}"
term_5e4df62ef683da8502b4,Road freight transport - ENP-South countries,cluster_0b86931b6154,agglomerative,"{""distance_threshold"": 0.35, ""linkage"": ""average""}"
term_bd16ed3b50396db5bfb6,road freight transport in volume,cluster_b9a3b7632ab8,agglomerative,"{""distance_threshold"": 0.35, ""linkage"": ""average""}"
term_35f091028bedc80f3304,Road traffic: road freight transport in volume,cluster_b9a3b7632ab8,agglomerative,"{""distance_threshold"": 0.35, ""linkage"": ""average""}"
term_3fb1026b1520216d85ae,road transport enterprises by employment,cluster_e7477d78f08b,agglomerative,"{""distance_threshold"": 0.35, ""linkage"": ""average""}"
term_d0c9341d977eba9866d9,road transport enterprises by employment size,cluster_e7477d78f08b,agglomerative,"{""distance_threshold"": 0.35, ""linkage"": ""average""}"
term_dab55d106bbec0ec53f2,road transport enterprises by employment size classes,cluster_e7477d78f08b,agglomerative,"{""distance_threshold"": 0.35, ""linkage"": ""average""}"
term_838f137d8683d30b4b27,"Rye and winter cereal mixtures by area, production",cluster_4c9b1b408341,agglomerative,"{""distance_threshold"": 0.35, ""linkage"": ""average""}"
term_793c46c555df1c2cc3be,"Rye and winter cereal mixtures by area, production and humidity",cluster_4c9b1b408341,agglomerative,"{""distance_threshold"": 0.35, ""linkage"": ""average""}"
term_50f04621599420ed475b,sales - automotive,cluster_a5cfad0cd27c,agglomerative,"{""distance_threshold"": 0.35, ""linkage"": ""average""}"
term_4c6d0e1e89a7e75e6fc4,sales - non,cluster_a5cfad0cd27c,agglomerative,"{""distance_threshold"": 0.35, ""linkage"": ""average""}"
term_c503dda754e679cc8673,sales - number,cluster_a5cfad0cd27c,agglomerative,"{""distance_threshold"": 0.35, ""linkage"": ""average""}"
term_7fcd4cf141d0b262ee18,sales - number and,cluster_a5cfad0cd27c,agglomerative,"{""distance_threshold"": 0.35, ""linkage"": ""average""}"
term_da1a36360ef009865546,sales - number and index,cluster_a5cfad0cd27c,agglomerative,"{""distance_threshold"": 0.35, ""linkage"": ""average""}"
term_22b143cd6deff22828b4,sales - number and index (=100,cluster_a5cfad0cd27c,agglomerative,"{""distance_threshold"": 0.35, ""linkage"": ""average""}"
term_4079189eb062bcaa0641,sales - total,cluster_a5cfad0cd27c,agglomerative,"{""distance_threshold"": 0.35, ""linkage"": ""average""}"
term_6fe09a77b2d9e7d94c45,sales - value,cluster_a5cfad0cd27c,agglomerative,"{""distance_threshold"": 0.35, ""linkage"": ""average""}"
term_f33ebd2dae17e6036fe9,sales - value and,cluster_a5cfad0cd27c,agglomerative,"{""distance_threshold"": 0.35, ""linkage"": ""average""}"
term_d8f7bc674c075cbab56e,sales - value and index,cluster_a5cfad0cd27c,agglomerative,"{""distance_threshold"": 0.35, ""linkage"": ""average""}"
term_5d31d8c6c866f5f04fb4,sales - value and index (=100,cluster_a5cfad0cd27c,agglomerative,"{""distance_threshold"": 0.35, ""linkage"": ""average""}"
term_d909d41e3107d76cbfa0,Sales and collection,cluster_a5cfad0cd27c,agglomerative,"{""distance_threshold"": 0.35, ""linkage"": ""average""}"
term_9a800675337cc36bc95e,Sales and collection of,cluster_a5cfad0cd27c,agglomerative,"{""distance_threshold"": 0.35, ""linkage"": ""average""}"
term_c8d0d7090f31e944a0fb,Sales and collection of portable,cluster_a5cfad0cd27c,agglomerative,"{""distance_threshold"": 0.35, ""linkage"": ""average""}"
term_139153dce05bfe8922e5,Sales and collection of portable batteries,cluster_a5cfad0cd27c,agglomerative,"{""distance_threshold"": 0.35, ""linkage"": ""average""}"
term_3fbf64ab19001c89f3e0,Sales and collection of portable batteries and,cluster_a5cfad0cd27c,agglomerative,"{""distance_threshold"": 0.35, ""linkage"": ""average""}"
term_acd69213722fdbfd0960,Sales and collection of portable batteries and accumulators,cluster_a5cfad0cd27c,agglomerative,"{""distance_threshold"": 0.35, ""linkage"": ""average""}"
term_1663198d87c965ceecdb,sales by categorisation,cluster_a2e4cd40e034,agglomerative,"{""distance_threshold"": 0.35, ""linkage"": ""average""}"
term_411def0058fd74126e95,sales by categorisation of,cluster_a2e4cd40e034,agglomerative,"{""distance_threshold"": 0.35, ""linkage"": ""average""}"
term_3aa06e8999c430b3ae8b,sales by categorisation of active,cluster_a2e4cd40e034,agglomerative,"{""distance_threshold"": 0.35, ""linkage"": ""average""}"
term_90f3a649ed87b365bdc1,sales by categorisation of active substances,cluster_a2e4cd40e034,agglomerative,"{""distance_threshold"": 0.35, ""linkage"": ""average""}"
term_d070247445a9a1da9a17,sales index,cluster_a5cfad0cd27c,agglomerative,"{""distance_threshold"": 0.35, ""linkage"": ""average""}"
term_dcd08fa0bfa80871ad95,saving rate by income,cluster_0958acf3e7dc,agglomerative,"{""distance_threshold"": 0.35, ""linkage"": ""average""}"
term_a0bc8d320d15bf727f8e,saving rate by income quintile,cluster_0958acf3e7dc,agglomerative,"{""distance_threshold"": 0.35, ""linkage"": ""average""}"
term_37e882f37b5aa6443d09,saving rate by income quintile - experimental,cluster_0958acf3e7dc,agglomerative,"{""distance_threshold"": 0.35, ""linkage"": ""average""}"
term_c943668852a9a733cf2d,Sea transport of goods,cluster_b9a3b7632ab8,agglomerative,"{""distance_threshold"": 0.35, ""linkage"": ""average""}"
term_421074ba69b8f9fad996,Secondary energy production,cluster_33ddf438eacf,agglomerative,"{""distance_threshold"": 0.35, ""linkage"": ""average""}"
term_98a66482c1d5ec1424cb,Secondary energy production (transformation,cluster_33ddf438eacf,agglomerative,"{""distance_threshold"": 0.35, ""linkage"": ""average""}"
term_8030a23a4a2dc7be617b,Secondary energy production (transformation),cluster_33ddf438eacf,agglomerative,"{""distance_threshold"": 0.35, ""linkage"": ""average""}"
term_65f931a9d4bebf6fc3e4,"Secondary wood products, production",cluster_4c9b1b408341,agglomerative,"{""distance_threshold"": 0.35, ""linkage"": ""average""}"
term_c2010b2c28b74a1c6454,"sector credit flow, consolidated - % GDP",cluster_f5e40cb5cbdd,agglomerative,"{""distance_threshold"": 0.35, ""linkage"": ""average""}"
term_9c122c9f236f1f762bdf,"sector debt, consolidated - % of GDP",cluster_f5e40cb5cbdd,agglomerative,"{""distance_threshold"": 0.35, ""linkage"": ""average""}"
term_0e23482b8f266b22ee10,"sector debt: loans, by sectors, consolidated - % of GDP",cluster_f5e40cb5cbdd,agglomerative,"{""distance_threshold"": 0.35, ""linkage"": ""average""}"
term_03514a48435f63f6a2f1,"sector debt: loans, by sectors, non-consolidated - % of GDP",cluster_f5e40cb5cbdd,agglomerative,"{""distance_threshold"": 0.35, ""linkage"": ""average""}"
term_c4b097b64cbf7c4946fa,sector in Gross value added,cluster_52d12036582f,agglomerative,"{""distance_threshold"": 0.35, ""linkage"": ""average""}"
term_b91ddfe2e6993508fbb2,sector personnel in total employment,cluster_717245bdba31,agglomerative,"{""distance_threshold"": 0.35, ""linkage"": ""average""}"
term_5412296c51801fb14067,"sectors, consolidated - % of GDP",cluster_f5e40cb5cbdd,agglomerative,"{""distance_threshold"": 0.35, ""linkage"": ""average""}"
term_71d8f193272d5164bdfe,"sectors, non-consolidated - % of GDP",cluster_f5e40cb5cbdd,agglomerative,"{""distance_threshold"": 0.35, ""linkage"": ""average""}"
term_258672685e2d7e8ad0a9,"securities by sectors, consolidated - % of GDP",cluster_f5e40cb5cbdd,agglomerative,"{""distance_threshold"": 0.35, ""linkage"": ""average""}"
term_de86144f4f30caa9030c,"securities by sectors, non-consolidated - % of GDP",cluster_f5e40cb5cbdd,agglomerative,"{""distance_threshold"": 0.35, ""linkage"": ""average""}"
term_cc767934c240318fdaee,"securities, by sectors, consolidated - % of GDP",cluster_f5e40cb5cbdd,agglomerative,"{""distance_threshold"": 0.35, ""linkage"": ""average""}"
term_1ab63da5fe1e2cf9ef33,Selling prices,cluster_15c8a09ae6f9,agglomerative,"{""distance_threshold"": 0.35, ""linkage"": ""average""}"
term_5c315fd5bf1e39022cfd,Selling prices of,cluster_15c8a09ae6f9,agglomerative,"{""distance_threshold"": 0.35, ""linkage"": ""average""}"
term_3c6db2dfbfb5d56d21f8,Selling prices of barley,cluster_15c8a09ae6f9,agglomerative,"{""distance_threshold"": 0.35, ""linkage"": ""average""}"
term_8ae9febccaa808aa61b1,Selling prices of calves,cluster_15c8a09ae6f9,agglomerative,"{""distance_threshold"": 0.35, ""linkage"": ""average""}"
term_31f7102f7acb5d562653,Selling prices of chickens,cluster_15c8a09ae6f9,agglomerative,"{""distance_threshold"": 0.35, ""linkage"": ""average""}"
term_52bcbfdba57ccb4ce4c5,Selling prices of chickens (live,cluster_15c8a09ae6f9,agglomerative,"{""distance_threshold"": 0.35, ""linkage"": ""average""}"
term_e7c09bb9f757e80022a9,Selling prices of chickens (live 1st,cluster_15c8a09ae6f9,agglomerative,"{""distance_threshold"": 0.35, ""linkage"": ""average""}"
term_e03ee465a0d62da1eae8,Selling prices of chickens (live 1st choice,cluster_15c8a09ae6f9,agglomerative,"{""distance_threshold"": 0.35, ""linkage"": ""average""}"
term_7e6b66c9d3d0e5d8a5de,Selling prices of chickens (live 1st choice),cluster_15c8a09ae6f9,agglomerative,"{""distance_threshold"": 0.35, ""linkage"": ""average""}"
term_28e55f39f3d283f69f27,Selling prices of fresh,cluster_15c8a09ae6f9,agglomerative,"{""distance_threshold"": 0.35, ""linkage"": ""average""}"
term_1b5c2b9c0bccd1eda4f0,Selling prices of fresh eggs,cluster_15c8a09ae6f9,agglomerative,"{""distance_threshold"": 0.35, ""linkage"": ""average""}"
term_d74765cc2b547702d91f,Selling prices of main,cluster_15c8a09ae6f9,agglomerative,"{""distance_threshold"": 0.35, ""linkage"": ""average""}"
term_5296501edc7a42dffde4,Selling prices of main crop,cluster_15c8a09ae6f9,agglomerative,"{""distance_threshold"": 0.35, ""linkage"": ""average""}"
term_47ac29381f85fbf42700,Selling prices of main crop potatoes,cluster_15c8a09ae6f9,agglomerative,"{""distance_threshold"": 0.35, ""linkage"": ""average""}"
term_e8bb5187b5795bdb8efb,Selling prices of maize,cluster_15c8a09ae6f9,agglomerative,"{""distance_threshold"": 0.35, ""linkage"": ""average""}"
term_2c07bd94b4e43d46432e,Selling prices of oats,cluster_15c8a09ae6f9,agglomerative,"{""distance_threshold"": 0.35, ""linkage"": ""average""}"
term_e1ed281f7f0b76371214,Selling prices of piglets,cluster_15c8a09ae6f9,agglomerative,"{""distance_threshold"": 0.35, ""linkage"": ""average""}"
term_d9e1c5d5fec9d6d3f300,Selling prices of pigs,cluster_15c8a09ae6f9,agglomerative,"{""distance_threshold"": 0.35, ""linkage"": ""average""}"
term_04441318bbcfa15a29a5,Selling prices of pigs (light,cluster_15c8a09ae6f9,agglomerative,"{""distance_threshold"": 0.35, ""linkage"": ""average""}"
term_6e08e94ef6da9bc1d1a2,Selling prices of pigs (light),cluster_15c8a09ae6f9,agglomerative,"{""distance_threshold"": 0.35, ""linkage"": ""average""}"
term_033233a2cb45aa878de9,Selling prices of raw,cluster_15c8a09ae6f9,agglomerative,"{""distance_threshold"": 0.35, ""linkage"": ""average""}"
term_8718a439b80c3529ffe6,Selling prices of raw cow's,cluster_15c8a09ae6f9,agglomerative,"{""distance_threshold"": 0.35, ""linkage"": ""average""}"
term_ecdcf7eb31b6f39bf823,Selling prices of raw cow's milk,cluster_15c8a09ae6f9,agglomerative,"{""distance_threshold"": 0.35, ""linkage"": ""average""}"
term_ade4d4857a14058b599e,Selling prices of sheep,cluster_15c8a09ae6f9,agglomerative,"{""distance_threshold"": 0.35, ""linkage"": ""average""}"
term_dbc6cde42c2c9b2f089f,Selling prices of soft,cluster_15c8a09ae6f9,agglomerative,"{""distance_threshold"": 0.35, ""linkage"": ""average""}"
term_95e7e6f2848eac909c03,Selling prices of soft wheat,cluster_15c8a09ae6f9,agglomerative,"{""distance_threshold"": 0.35, ""linkage"": ""average""}"
term_4488ca5afb07ac37c070,Selling prices of sugar,cluster_15c8a09ae6f9,agglomerative,"{""distance_threshold"": 0.35, ""linkage"": ""average""}"
term_50c91cadc9fa8abe580f,Selling prices of sugar beet,cluster_15c8a09ae6f9,agglomerative,"{""distance_threshold"": 0.35, ""linkage"": ""average""}"
term_3cf1cf083e876a063ec7,Selling prices of sugar beet (unit,cluster_15c8a09ae6f9,agglomerative,"{""distance_threshold"": 0.35, ""linkage"": ""average""}"
term_a766e3afdc41d0cde342,Selling prices of sugar beet (unit value,cluster_15c8a09ae6f9,agglomerative,"{""distance_threshold"": 0.35, ""linkage"": ""average""}"
term_a98332e2942b3c18dca1,Selling prices of sugar beet (unit value),cluster_15c8a09ae6f9,agglomerative,"{""distance_threshold"": 0.35, ""linkage"": ""average""}"
term_7683177d85498b9a761f,services in % of GDP,cluster_f5e40cb5cbdd,agglomerative,"{""distance_threshold"": 0.35, ""linkage"": ""average""}"
term_d346783ce6ade6f88c4e,"services, current prices",cluster_fc59ce925147,agglomerative,"{""distance_threshold"": 0.35, ""linkage"": ""average""}"
term_1d033005be64c5f990ec,Severe housing deprivation rate by income,cluster_0958acf3e7dc,agglomerative,"{""distance_threshold"": 0.35, ""linkage"": ""average""}"
term_ffd9b4c7b420884fbe19,Severe housing deprivation rate by income quintile,cluster_0958acf3e7dc,agglomerative,"{""distance_threshold"": 0.35, ""linkage"": ""average""}"
term_8e60a2e772e0e3407a39,Sewage sludge production,cluster_75d91075175e,agglomerative,"{""distance_threshold"": 0.35, ""linkage"": ""average""}"
term_38b95ba6cee911db6c72,Sewage sludge production and,cluster_75d91075175e,agglomerative,"{""distance_threshold"": 0.35, ""linkage"": ""average""}"
term_d0f49fabc99b2824ece9,Sewage sludge production and disposal,cluster_75d91075175e,agglomerative,"{""distance_threshold"": 0.35, ""linkage"": ""average""}"
term_52793d65da4a132741d2,Sewage sludge production and disposal from,cluster_75d91075175e,agglomerative,"{""distance_threshold"": 0.35, ""linkage"": ""average""}"
term_c3fb53f648dae8bf71d3,Sewage sludge production and disposal from urban,cluster_75d91075175e,agglomerative,"{""distance_threshold"": 0.35, ""linkage"": ""average""}"
term_ddc01ab525b16ef96ab5,Sewage sludge production and disposal from urban wastewater,cluster_75d91075175e,agglomerative,"{""distance_threshold"": 0.35, ""linkage"": ""average""}"
term_807855b35101cb82e6e2,Sewage sludge production and disposal from urban wastewater (in dry substance (d.s)),cluster_75d91075175e,agglomerative,"{""distance_threshold"": 0.35, ""linkage"": ""average""}"
term_6cfe33462f7b2b6054e6,sex - % of the population,cluster_586194a4eb3a,agglomerative,"{""distance_threshold"": 0.35, ""linkage"": ""average""}"
term_5d7ed456366069f70e3a,sex - % of the population of,cluster_586194a4eb3a,agglomerative,"{""distance_threshold"": 0.35, ""linkage"": ""average""}"
term_8639ee1949251aeb012e,sex - as % of the population,cluster_586194a4eb3a,agglomerative,"{""distance_threshold"": 0.35, ""linkage"": ""average""}"
term_097b7a1a330e9f0cb407,sex - as % of the population of,cluster_586194a4eb3a,agglomerative,"{""distance_threshold"": 0.35, ""linkage"": ""average""}"
term_b2d99c03bf72c675a16f,sex - as % of the population of the,cluster_586194a4eb3a,agglomerative,"{""distance_threshold"": 0.35, ""linkage"": ""average""}"
term_5358db8db64f39e4eb9d,sex - as % of the population of the corresponding,cluster_586194a4eb3a,agglomerative,"{""distance_threshold"": 0.35, ""linkage"": ""average""}"
term_a90d7a7d9d9da8fbdccc,sex - per 1000 of population,cluster_586194a4eb3a,agglomerative,"{""distance_threshold"": 0.35, ""linkage"": ""average""}"
term_ea7cef6c5ec1a59423dd,sex - per 1000 of population aged,cluster_586194a4eb3a,agglomerative,"{""distance_threshold"": 0.35, ""linkage"": ""average""}"
term_3cda2e354fc9d2d73335,sex - per 1000 of population aged 25-34,cluster_586194a4eb3a,agglomerative,"{""distance_threshold"": 0.35, ""linkage"": ""average""}"
term_8e9120cbe029b753d2ab,sex and age groups - per 1000 of population,cluster_586194a4eb3a,agglomerative,"{""distance_threshold"": 0.35, ""linkage"": ""average""}"
term_32f8595e89e0264bd8d3,sex and country of birth,cluster_8cbdd0602d88,agglomerative,"{""distance_threshold"": 0.35, ""linkage"": ""average""}"
term_c625b447bb81fa0411d8,sex and group of country of birth,cluster_8cbdd0602d88,agglomerative,"{""distance_threshold"": 0.35, ""linkage"": ""average""}"
term_1b743ced7fa697781fea,Share of buses and trains in passenger transport,cluster_b9a3b7632ab8,agglomerative,"{""distance_threshold"": 0.35, ""linkage"": ""average""}"
term_d9dc4d60cef3d7a1efdf,Share of GBARD in total general government expenditure,cluster_f7c5001b3c2d,agglomerative,"{""distance_threshold"": 0.35, ""linkage"": ""average""}"
term_2a32ac157368c6e14150,share of GDP,cluster_f5e40cb5cbdd,agglomerative,"{""distance_threshold"": 0.35, ""linkage"": ""average""}"
term_e507459835ecc5b5995d,share of GDP by,cluster_f5e40cb5cbdd,agglomerative,"{""distance_threshold"": 0.35, ""linkage"": ""average""}"
term_deafa03ab49aa143b4d1,share of GDP by institutional,cluster_f5e40cb5cbdd,agglomerative,"{""distance_threshold"": 0.35, ""linkage"": ""average""}"
term_67ecc6e022d123f7254f,share of GDP by institutional sectors,cluster_f5e40cb5cbdd,agglomerative,"{""distance_threshold"": 0.35, ""linkage"": ""average""}"
term_d5514a78d4d520b0d238,share of gross national income,cluster_0958acf3e7dc,agglomerative,"{""distance_threshold"": 0.35, ""linkage"": ""average""}"
term_afe7759e5baca150ea21,Share of organic crop area out of the total utilised agricultural area (UAA),cluster_b2b3f012d4f5,agglomerative,"{""distance_threshold"": 0.35, ""linkage"": ""average""}"
term_f2f7044cf051e6ac588e,Share of people living in under-occupied dwellings by degree of urbanisation - total population,cluster_021a934ea779,agglomerative,"{""distance_threshold"": 0.35, ""linkage"": ""average""}"
term_3af505742b8264ff30b3,Share of people living in under-occupied dwellings by tenure status - total population,cluster_021a934ea779,agglomerative,"{""distance_threshold"": 0.35, ""linkage"": ""average""}"
term_15284fef66542a1bfd20,share of platform income,cluster_d80ae2c2c145,agglomerative,"{""distance_threshold"": 0.35, ""linkage"": ""average""}"
term_823f0fdf459aef1fe7d0,Share of rail and waterways in freight transport,cluster_b9a3b7632ab8,agglomerative,"{""distance_threshold"": 0.35, ""linkage"": ""average""}"
term_5081f0ff5245efecd650,share of the bottom 40 % of the population,cluster_32528f9d8077,agglomerative,"{""distance_threshold"": 0.35, ""linkage"": ""average""}"
term_80455dd4d44f4767e874,Share of total population,cluster_021a934ea779,agglomerative,"{""distance_threshold"": 0.35, ""linkage"": ""average""}"
term_41faeedd7b041a044d79,Share of total population considering,cluster_021a934ea779,agglomerative,"{""distance_threshold"": 0.35, ""linkage"": ""average""}"
term_08d5545a0473f19ad5b7,Share of total population considering their,cluster_021a934ea779,agglomerative,"{""distance_threshold"": 0.35, ""linkage"": ""average""}"
term_ca3e556b8229d28c125a,Share of total population considering their dwelling,cluster_021a934ea779,agglomerative,"{""distance_threshold"": 0.35, ""linkage"": ""average""}"
term_447987aba9d48a175769,Share of total population considering their dwelling as,cluster_021a934ea779,agglomerative,"{""distance_threshold"": 0.35, ""linkage"": ""average""}"
term_e2b8352ea0bd6d24d2a8,Share of total population considering their dwelling as too dark,cluster_021a934ea779,agglomerative,"{""distance_threshold"": 0.35, ""linkage"": ""average""}"
term_d6eb62d83d043213445a,Share of total population considering their dwelling as too dark - EU-SILC survey,cluster_021a934ea779,agglomerative,"{""distance_threshold"": 0.35, ""linkage"": ""average""}"
term_5d2741922639805bf582,Share of total population having,cluster_021a934ea779,agglomerative,"{""distance_threshold"": 0.35, ""linkage"": ""average""}"
term_1df00019bdb828ddf095,Share of total population having neither,cluster_021a934ea779,agglomerative,"{""distance_threshold"": 0.35, ""linkage"": ""average""}"
term_cf368a842b495b7fc459,Share of total population having neither a,cluster_021a934ea779,agglomerative,"{""distance_threshold"": 0.35, ""linkage"": ""average""}"
term_3219d912fea37ba1e9b0,Share of total population having neither a bath,cluster_021a934ea779,agglomerative,"{""distance_threshold"": 0.35, ""linkage"": ""average""}"
term_e240bb227d56e6e7f6a3,"Share of total population having neither a bath, nor a shower in their dwelling",cluster_021a934ea779,agglomerative,"{""distance_threshold"": 0.35, ""linkage"": ""average""}"
term_658d47fb6d3c1b8c88df,"Share of total population having neither a bath, nor a shower in their dwelling - EU-SILC survey",cluster_021a934ea779,agglomerative,"{""distance_threshold"": 0.35, ""linkage"": ""average""}"
term_e7242a05d66e2b6d1091,Share of total population living,cluster_021a934ea779,agglomerative,"{""distance_threshold"": 0.35, ""linkage"": ""average""}"
term_9f0882218f89da0bfb25,Share of total population living in,cluster_021a934ea779,agglomerative,"{""distance_threshold"": 0.35, ""linkage"": ""average""}"
term_bcdced8cff50ca36756f,Share of total population living in a,cluster_021a934ea779,agglomerative,"{""distance_threshold"": 0.35, ""linkage"": ""average""}"
term_6efda544720469ebcd9a,Share of total population living in a dwelling,cluster_021a934ea779,agglomerative,"{""distance_threshold"": 0.35, ""linkage"": ""average""}"
term_0b83f07eaa7dd6ad6447,"Share of total population living in a dwelling with a leaking roof, damp walls, floors or foundation, or rot in window frames of floor",cluster_021a934ea779,agglomerative,"{""distance_threshold"": 0.35, ""linkage"": ""average""}"
term_7218e473cbfc459e7f00,"Share of total population living in a dwelling with a leaking roof, damp walls, floors or foundation, or rot in window frames of floor - EU-SILC survey",cluster_021a934ea779,agglomerative,"{""distance_threshold"": 0.35, ""linkage"": ""average""}"
term_f477bcd74940f7277b07,Share of total population not,cluster_021a934ea779,agglomerative,"{""distance_threshold"": 0.35, ""linkage"": ""average""}"
term_7718d2aa3dfdf6270cf9,Share of total population not having,cluster_021a934ea779,agglomerative,"{""distance_threshold"": 0.35, ""linkage"": ""average""}"
term_a169d3a2cda39664e953,Share of total population not having indoor,cluster_021a934ea779,agglomerative,"{""distance_threshold"": 0.35, ""linkage"": ""average""}"
term_b38b6290d206a37f55ab,Share of total population not having indoor flushing,cluster_021a934ea779,agglomerative,"{""distance_threshold"": 0.35, ""linkage"": ""average""}"
term_5cdcf9cf1a2d52d3887b,Share of total population not having indoor flushing toilet for the sole use of their household,cluster_021a934ea779,agglomerative,"{""distance_threshold"": 0.35, ""linkage"": ""average""}"
term_452027397b2cdcf36d77,Share of total population not having indoor flushing toilet for the sole use of their household - EU-SILC survey,cluster_021a934ea779,agglomerative,"{""distance_threshold"": 0.35, ""linkage"": ""average""}"
term_a03bdea9a2c1ac178e82,"Short sea shipping - country level - gross weight of goods transported to/from main ports, by direction",cluster_b9a3b7632ab8,agglomerative,"{""distance_threshold"": 0.35, ""linkage"": ""average""}"
term_9a3dacd0972009bf63b3,"Short sea shipping - country level - volume (in TEUs) of containers transported to/from main ports, by loading status",cluster_b9a3b7632ab8,agglomerative,"{""distance_threshold"": 0.35, ""linkage"": ""average""}"
term_c179b5f3ca305b4b45df,"Short sea shipping - EU level - gross weight of goods transported to/from main ports, by type of cargo for each sea region of partner ports",cluster_b9a3b7632ab8,agglomerative,"{""distance_threshold"": 0.35, ""linkage"": ""average""}"
term_5c6e5fa8989414a06ee9,similar income,cluster_0958acf3e7dc,agglomerative,"{""distance_threshold"": 0.35, ""linkage"": ""average""}"
term_55b587a10e088eb1faec,similar income by,cluster_0958acf3e7dc,agglomerative,"{""distance_threshold"": 0.35, ""linkage"": ""average""}"
term_c72d3350e732f5917b4e,similar income by product,cluster_0958acf3e7dc,agglomerative,"{""distance_threshold"": 0.35, ""linkage"": ""average""}"
term_0158e7acf3e0e855940c,sludge production,cluster_75d91075175e,agglomerative,"{""distance_threshold"": 0.35, ""linkage"": ""average""}"
term_074789650970705ac4fa,sludge production and,cluster_75d91075175e,agglomerative,"{""distance_threshold"": 0.35, ""linkage"": ""average""}"
term_60ca7a13b6dd8332b8a1,sludge production and disposal,cluster_75d91075175e,agglomerative,"{""distance_threshold"": 0.35, ""linkage"": ""average""}"
term_f74372284131b3e1173e,sludge production and disposal from,cluster_75d91075175e,agglomerative,"{""distance_threshold"": 0.35, ""linkage"": ""average""}"
term_dee9edf82d88bead0a57,sludge production and disposal from urban,cluster_75d91075175e,agglomerative,"{""distance_threshold"": 0.35, ""linkage"": ""average""}"
term_5af29972fb9b0a9b390f,sludge production and disposal from urban wastewater,cluster_75d91075175e,agglomerative,"{""distance_threshold"": 0.35, ""linkage"": ""average""}"
term_843dc3e32ebe348ba6d7,Social protection expenditure,cluster_f7c5001b3c2d,agglomerative,"{""distance_threshold"": 0.35, ""linkage"": ""average""}"
term_5415c5170554bfb01f50,Social protection expenditure excluding,cluster_f7c5001b3c2d,agglomerative,"{""distance_threshold"": 0.35, ""linkage"": ""average""}"
term_c5cc3e7f4a25da12cf5d,Social protection expenditure excluding administrative,cluster_f7c5001b3c2d,agglomerative,"{""distance_threshold"": 0.35, ""linkage"": ""average""}"
term_c4ea77c53139d8fdba20,Social protection expenditure excluding administrative costs,cluster_f7c5001b3c2d,agglomerative,"{""distance_threshold"": 0.35, ""linkage"": ""average""}"
term_45536b85aaeb40e37e2d,Social protection expenditure excluding administrative costs (including,cluster_f7c5001b3c2d,agglomerative,"{""distance_threshold"": 0.35, ""linkage"": ""average""}"
term_77b9b6583cfda946f76b,Social protection expenditure excluding administrative costs (including health,cluster_f7c5001b3c2d,agglomerative,"{""distance_threshold"": 0.35, ""linkage"": ""average""}"
term_3bdd979f3dc7ba4e0a66,Social protection expenditure excluding administrative costs (including health expenditure),cluster_f7c5001b3c2d,agglomerative,"{""distance_threshold"": 0.35, ""linkage"": ""average""}"
term_d5170af9bd18d3defe26,Social protection expenditure excluding administrative costs (including health expenditure) - % of GDP - ENP-East countries,cluster_f7c5001b3c2d,agglomerative,"{""distance_threshold"": 0.35, ""linkage"": ""average""}"
term_4593123078fd8806a395,social protection per inhabitant at constant prices,cluster_f7c5001b3c2d,agglomerative,"{""distance_threshold"": 0.35, ""linkage"": ""average""}"
term_94ce34dd29de251ebb4f,social transfers on income,cluster_0958acf3e7dc,agglomerative,"{""distance_threshold"": 0.35, ""linkage"": ""average""}"
term_9ac6bef6e5b38b9f3db1,social transfers on income quintile,cluster_0958acf3e7dc,agglomerative,"{""distance_threshold"": 0.35, ""linkage"": ""average""}"
term_faf12c2220db300b97ec,social transfers on income quintile share,cluster_0958acf3e7dc,agglomerative,"{""distance_threshold"": 0.35, ""linkage"": ""average""}"
term_106c42ddbd54c6faa245,social transfers on income quintile share ratio,cluster_0958acf3e7dc,agglomerative,"{""distance_threshold"": 0.35, ""linkage"": ""average""}"
term_c6d52f06a907434b71f6,social transfers on income quintile share ratio S80/S20,cluster_0958acf3e7dc,agglomerative,"{""distance_threshold"": 0.35, ""linkage"": ""average""}"
term_fd4dc777b67e6d3b80bf,"spelt by area, production",cluster_4c9b1b408341,agglomerative,"{""distance_threshold"": 0.35, ""linkage"": ""average""}"
term_e8d98fd34618525cd84a,"spelt by area, production and",cluster_4c9b1b408341,agglomerative,"{""distance_threshold"": 0.35, ""linkage"": ""average""}"
term_14f592a3391d2118c666,"spring cereal mixtures by area, production",cluster_4c9b1b408341,agglomerative,"{""distance_threshold"": 0.35, ""linkage"": ""average""}"
term_ca55e3442970ae710ede,"spring cereal mixtures by area, production and",cluster_4c9b1b408341,agglomerative,"{""distance_threshold"": 0.35, ""linkage"": ""average""}"
term_07514533b5ae99ca6fd1,"spring cereal mixtures by area, production and humidity",cluster_4c9b1b408341,agglomerative,"{""distance_threshold"": 0.35, ""linkage"": ""average""}"
term_3bbb0c916e591822ce79,Standardised death,cluster_93d52bc87457,agglomerative,"{""distance_threshold"": 0.35, ""linkage"": ""average""}"
term_3ef84bdf9a007911d2a4,Standardised death rate,cluster_93d52bc87457,agglomerative,"{""distance_threshold"": 0.35, ""linkage"": ""average""}"
term_597245a0516114ea832b,Standardised death rate due,cluster_93d52bc87457,agglomerative,"{""distance_threshold"": 0.35, ""linkage"": ""average""}"
term_008e6fe3e17226550c91,Standardised death rate due to,cluster_93d52bc87457,agglomerative,"{""distance_threshold"": 0.35, ""linkage"": ""average""}"
term_569c5919b5d8d66d1d71,Standardised death rate due to homicide,cluster_93d52bc87457,agglomerative,"{""distance_threshold"": 0.35, ""linkage"": ""average""}"
term_5f0699cc81da2388ccc9,Standardised death rate due to homicide by,cluster_93d52bc87457,agglomerative,"{""distance_threshold"": 0.35, ""linkage"": ""average""}"
term_908f14554d236f99c580,Standardised death rate due to homicide by sex,cluster_93d52bc87457,agglomerative,"{""distance_threshold"": 0.35, ""linkage"": ""average""}"
term_4eb8afadab42c4d45474,Standardised death rate due to tuberculosis,cluster_93d52bc87457,agglomerative,"{""distance_threshold"": 0.35, ""linkage"": ""average""}"
term_ff5897be2c41511804d1,"Standardised death rate due to tuberculosis, HIV",cluster_93d52bc87457,agglomerative,"{""distance_threshold"": 0.35, ""linkage"": ""average""}"
term_de09930e254a17a4c9b9,"Standardised death rate due to tuberculosis, HIV and",cluster_93d52bc87457,agglomerative,"{""distance_threshold"": 0.35, ""linkage"": ""average""}"
term_2f610bfeb326156a6008,"Standardised death rate due to tuberculosis, HIV and hepatitis by type of disease",cluster_93d52bc87457,agglomerative,"{""distance_threshold"": 0.35, ""linkage"": ""average""}"
term_2628c6a89a9f36655b7d,Standardised incidence rate of accidents at work by NACE Rev. 1.1 activity and employment status,cluster_717245bdba31,agglomerative,"{""distance_threshold"": 0.35, ""linkage"": ""average""}"
term_8d023410a558f1a9930d,status - total population,cluster_021a934ea779,agglomerative,"{""distance_threshold"": 0.35, ""linkage"": ""average""}"
term_7616e479539eaf90edc0,stay longer in employment,cluster_2aeba3fc16ae,agglomerative,"{""distance_threshold"": 0.35, ""linkage"": ""average""}"
term_57613a21316ae6c25673,stocks in % of GDP,cluster_f5e40cb5cbdd,agglomerative,"{""distance_threshold"": 0.35, ""linkage"": ""average""}"
term_38613405a96806b56c02,"stocks) - annual data, % of GDP",cluster_f5e40cb5cbdd,agglomerative,"{""distance_threshold"": 0.35, ""linkage"": ""average""}"
term_81d71c36ce39beb87a6b,Students in post-compulsory education - as % of the total population of post-compulsory school age,cluster_586194a4eb3a,agglomerative,"{""distance_threshold"": 0.35, ""linkage"": ""average""}"
term_52aecca62e5f12a655ba,students over the proportion of the population,cluster_021a934ea779,agglomerative,"{""distance_threshold"": 0.35, ""linkage"": ""average""}"
term_8e277f48c308d41d29d3,students over the proportion of the population by,cluster_021a934ea779,agglomerative,"{""distance_threshold"": 0.35, ""linkage"": ""average""}"
term_b273189676396d77047a,Subjective poverty by educational attainment level (population,cluster_58c47e3d47ef,agglomerative,"{""distance_threshold"": 0.35, ""linkage"": ""average""}"
term_c689a28527e60b60fae8,Subjective poverty by educational attainment level (population aged,cluster_58c47e3d47ef,agglomerative,"{""distance_threshold"": 0.35, ""linkage"": ""average""}"
term_1525307af6e8b30b1efb,Subjective poverty by educational attainment level (population aged 18 and over),cluster_58c47e3d47ef,agglomerative,"{""distance_threshold"": 0.35, ""linkage"": ""average""}"
term_8772b5a04d0c8a95ab58,Suicide death,cluster_93d52bc87457,agglomerative,"{""distance_threshold"": 0.35, ""linkage"": ""average""}"
term_d06036055256ea0940e0,Suicide death rate,cluster_93d52bc87457,agglomerative,"{""distance_threshold"": 0.35, ""linkage"": ""average""}"
term_46b7387b20814436807b,Suicide death rate by,cluster_93d52bc87457,agglomerative,"{""distance_threshold"": 0.35, ""linkage"": ""average""}"
term_43e3db9d9a077820f932,Suicide death rate by age,cluster_93d52bc87457,agglomerative,"{""distance_threshold"": 0.35, ""linkage"": ""average""}"
term_127015b9847860423017,Suicide death rate by age group,cluster_93d52bc87457,agglomerative,"{""distance_threshold"": 0.35, ""linkage"": ""average""}"
term_26770966c03912d7e4d6,Tax rate on low wage earners - Unemployment,cluster_b625d52d71ac,agglomerative,"{""distance_threshold"": 0.35, ""linkage"": ""average""}"
term_a9c7f2dcbb2456b21fef,Tax rate on low wage earners - Unemployment trap,cluster_b625d52d71ac,agglomerative,"{""distance_threshold"": 0.35, ""linkage"": ""average""}"
term_39510125c005607705c9,taxes and social transfers on income,cluster_0958acf3e7dc,agglomerative,"{""distance_threshold"": 0.35, ""linkage"": ""average""}"
term_34a4733832b08b1d533b,taxes and social transfers on income quintile,cluster_0958acf3e7dc,agglomerative,"{""distance_threshold"": 0.35, ""linkage"": ""average""}"
term_49529f1d64e479466d21,taxes and social transfers on income quintile share,cluster_0958acf3e7dc,agglomerative,"{""distance_threshold"": 0.35, ""linkage"": ""average""}"
term_21ce03d1806b619092f8,taxes on income,cluster_0958acf3e7dc,agglomerative,"{""distance_threshold"": 0.35, ""linkage"": ""average""}"
term_939cf333e69475aeaae5,taxes on income quintile,cluster_0958acf3e7dc,agglomerative,"{""distance_threshold"": 0.35, ""linkage"": ""average""}"
term_64fdc8f5a4aa6d64d8b9,taxes on income quintile share ratio S80/S20,cluster_0958acf3e7dc,agglomerative,"{""distance_threshold"": 0.35, ""linkage"": ""average""}"
term_e6bce8bf9509e0091174,temporary employment,cluster_fd27aed274d2,agglomerative,"{""distance_threshold"": 0.35, ""linkage"": ""average""}"
term_7e0eb57270e13da0bb55,tenure status - total population,cluster_021a934ea779,agglomerative,"{""distance_threshold"": 0.35, ""linkage"": ""average""}"
term_0861fc84eecc384d6adc,"Territorialised road freight transport, by transport coverage",cluster_b9a3b7632ab8,agglomerative,"{""distance_threshold"": 0.35, ""linkage"": ""average""}"
term_71d5be4aff0fb69bb056,"Territorialised road freight transport, by transport coverage - annual data",cluster_b9a3b7632ab8,agglomerative,"{""distance_threshold"": 0.35, ""linkage"": ""average""}"
term_c9f39af0ac8c7b978b40,tertiary students over the proportion of the population,cluster_021a934ea779,agglomerative,"{""distance_threshold"": 0.35, ""linkage"": ""average""}"
term_044782592ef0edee5998,than main residence by income,cluster_0958acf3e7dc,agglomerative,"{""distance_threshold"": 0.35, ""linkage"": ""average""}"
term_f5f9471d60644b8cc0a6,than main residence by income quantile,cluster_0958acf3e7dc,agglomerative,"{""distance_threshold"": 0.35, ""linkage"": ""average""}"
term_318bd0b569e40353244d,the agricultural industry - basic and producer prices,cluster_50fcb6e7a7e8,agglomerative,"{""distance_threshold"": 0.35, ""linkage"": ""average""}"
term_e8e86fa009dd2f3584fd,the bottom 40 % of the population,cluster_32528f9d8077,agglomerative,"{""distance_threshold"": 0.35, ""linkage"": ""average""}"
term_f2eab0b7e97d6019493b,the households with income,cluster_a03fe115e208,agglomerative,"{""distance_threshold"": 0.35, ""linkage"": ""average""}"
term_43973bbc87b4b28a7bff,the households with income from,cluster_a03fe115e208,agglomerative,"{""distance_threshold"": 0.35, ""linkage"": ""average""}"
term_fa896e4d8826a1178303,the households with income from benefits,cluster_a03fe115e208,agglomerative,"{""distance_threshold"": 0.35, ""linkage"": ""average""}"
term_04ba690faa20e3daaba9,the ICT sector in Gross value added,cluster_52d12036582f,agglomerative,"{""distance_threshold"": 0.35, ""linkage"": ""average""}"
term_39c65c4f5b08f2a41fd1,the ICT sector personnel in total employment,cluster_717245bdba31,agglomerative,"{""distance_threshold"": 0.35, ""linkage"": ""average""}"
term_9362dd146866eddaaa37,the income from agricultural,cluster_0958acf3e7dc,agglomerative,"{""distance_threshold"": 0.35, ""linkage"": ""average""}"
term_7b2ecdfa3edf996c4435,the income from agricultural activity,cluster_0958acf3e7dc,agglomerative,"{""distance_threshold"": 0.35, ""linkage"": ""average""}"
term_7e8bb88e28246ecb214a,the last month) by price,cluster_d80ae2c2c145,agglomerative,"{""distance_threshold"": 0.35, ""linkage"": ""average""}"
term_aa6bce6af0a883be61cd,the last month) by price setting,cluster_d80ae2c2c145,agglomerative,"{""distance_threshold"": 0.35, ""linkage"": ""average""}"
term_3732362def3b4b70ed64,the last month) by price setting - experimental,cluster_d80ae2c2c145,agglomerative,"{""distance_threshold"": 0.35, ""linkage"": ""average""}"
term_88ccecc5f4f65fcce17d,the last month) by price setting - experimental statistics,cluster_d80ae2c2c145,agglomerative,"{""distance_threshold"": 0.35, ""linkage"": ""average""}"
term_b42ac6f8addb2ea95a0c,the last month) by share of platform income,cluster_d80ae2c2c145,agglomerative,"{""distance_threshold"": 0.35, ""linkage"": ""average""}"
term_69f2758269a67e1f4e4f,the production of grain,cluster_4c9b1b408341,agglomerative,"{""distance_threshold"": 0.35, ""linkage"": ""average""}"
term_87be707fb27e8b853d8b,the production of grain (including,cluster_4c9b1b408341,agglomerative,"{""distance_threshold"": 0.35, ""linkage"": ""average""}"
term_773dfdc5853bc3621480,the proportion of the population,cluster_021a934ea779,agglomerative,"{""distance_threshold"": 0.35, ""linkage"": ""average""}"
term_15f2aae7ef0e9256f0c7,the proportion of the population by,cluster_021a934ea779,agglomerative,"{""distance_threshold"": 0.35, ""linkage"": ""average""}"
term_9cb9a9cf4ef3814336d2,the proportion of the population by NUTS,cluster_021a934ea779,agglomerative,"{""distance_threshold"": 0.35, ""linkage"": ""average""}"
term_e57144591d83c5655fa4,the proportion of the population by NUTS 1,cluster_021a934ea779,agglomerative,"{""distance_threshold"": 0.35, ""linkage"": ""average""}"
term_62972da9457f55c9ed3b,The real gross disposable income,cluster_0958acf3e7dc,agglomerative,"{""distance_threshold"": 0.35, ""linkage"": ""average""}"
term_186d878954019e11c916,The real gross disposable income of,cluster_0958acf3e7dc,agglomerative,"{""distance_threshold"": 0.35, ""linkage"": ""average""}"
term_1f7b2e98c2d43a0c510a,The real gross disposable income of households,cluster_0958acf3e7dc,agglomerative,"{""distance_threshold"": 0.35, ""linkage"": ""average""}"
term_6b5ba02800b80afaed9b,The real gross disposable income of households per,cluster_0958acf3e7dc,agglomerative,"{""distance_threshold"": 0.35, ""linkage"": ""average""}"
term_66732f938ee1a81097cf,The real gross disposable income of households per capita (index =),cluster_0958acf3e7dc,agglomerative,"{""distance_threshold"": 0.35, ""linkage"": ""average""}"
term_c82299a39661106cd30e,the relative income,cluster_0958acf3e7dc,agglomerative,"{""distance_threshold"": 0.35, ""linkage"": ""average""}"
term_e41fba0e9ed8ed7ff00f,the total population,cluster_021a934ea779,agglomerative,"{""distance_threshold"": 0.35, ""linkage"": ""average""}"
term_798af1d5169e36af2fd7,the total utilised agricultural area,cluster_b2b3f012d4f5,agglomerative,"{""distance_threshold"": 0.35, ""linkage"": ""average""}"
term_d0c85bdd785a98b0971e,their parents by age group - % over the population,cluster_586194a4eb3a,agglomerative,"{""distance_threshold"": 0.35, ""linkage"": ""average""}"
term_26d7050f4b7c5d987410,"threshold after social transfers, income",cluster_0958acf3e7dc,agglomerative,"{""distance_threshold"": 0.35, ""linkage"": ""average""}"
term_5c6ff2f12a91290d5035,"threshold after social transfers, income per",cluster_0958acf3e7dc,agglomerative,"{""distance_threshold"": 0.35, ""linkage"": ""average""}"
term_a4d300508b48bcaf8a9c,"threshold after social transfers, income per month",cluster_0958acf3e7dc,agglomerative,"{""distance_threshold"": 0.35, ""linkage"": ""average""}"
term_065dab94730ed53848f1,"threshold after social transfers, income per month - ENP-East",cluster_0958acf3e7dc,agglomerative,"{""distance_threshold"": 0.35, ""linkage"": ""average""}"
term_0909d04619556ce772ab,Time spent on travelling by mode of transport (and),cluster_b9a3b7632ab8,agglomerative,"{""distance_threshold"": 0.35, ""linkage"": ""average""}"
term_6d0e6ab047a38c47141d,to consume by income,cluster_f7c5001b3c2d,agglomerative,"{""distance_threshold"": 0.35, ""linkage"": ""average""}"
term_3808246c5f92451855e7,to consume by income quintile,cluster_f7c5001b3c2d,agglomerative,"{""distance_threshold"": 0.35, ""linkage"": ""average""}"
term_91c2116b31adeec2e8e1,to consume by income quintile - experimental,cluster_f7c5001b3c2d,agglomerative,"{""distance_threshold"": 0.35, ""linkage"": ""average""}"
term_4f269b89c6af1978f0f3,to consume by income quintile - experimental statistics,cluster_f7c5001b3c2d,agglomerative,"{""distance_threshold"": 0.35, ""linkage"": ""average""}"
term_5c68ddc5bc7949a54824,to stay longer in employment,cluster_2aeba3fc16ae,agglomerative,"{""distance_threshold"": 0.35, ""linkage"": ""average""}"
term_704dcc2acacd96a0c161,total active population,cluster_021a934ea779,agglomerative,"{""distance_threshold"": 0.35, ""linkage"": ""average""}"
term_356d0234b345c6e87611,total agricultural production,cluster_4c9b1b408341,agglomerative,"{""distance_threshold"": 0.35, ""linkage"": ""average""}"
term_7abeb8703ab409b0c82a,total employment,cluster_717245bdba31,agglomerative,"{""distance_threshold"": 0.35, ""linkage"": ""average""}"
term_1aee84b981587860136d,Total employment by,cluster_717245bdba31,agglomerative,"{""distance_threshold"": 0.35, ""linkage"": ""average""}"
term_9088f4540516244b7683,Total employment by age,cluster_717245bdba31,agglomerative,"{""distance_threshold"": 0.35, ""linkage"": ""average""}"
term_2277dced936ebe7e514b,Total employment by age group,cluster_717245bdba31,agglomerative,"{""distance_threshold"": 0.35, ""linkage"": ""average""}"
term_5e02f5cbad20228dd8a5,Total employment by age group - ENP-South,cluster_717245bdba31,agglomerative,"{""distance_threshold"": 0.35, ""linkage"": ""average""}"
term_aa68604b0a18d14e8f75,Total employment by age group - ENP-South countries,cluster_717245bdba31,agglomerative,"{""distance_threshold"": 0.35, ""linkage"": ""average""}"
term_80c351509a73f759877c,total expenditure on,cluster_f7c5001b3c2d,agglomerative,"{""distance_threshold"": 0.35, ""linkage"": ""average""}"
term_01243afb5bff93d1c883,total expenditure on law,cluster_f7c5001b3c2d,agglomerative,"{""distance_threshold"": 0.35, ""linkage"": ""average""}"
term_d03e37d3ce2e3ceddfc4,total expenditure on law courts,cluster_f7c5001b3c2d,agglomerative,"{""distance_threshold"": 0.35, ""linkage"": ""average""}"
term_57a6a94be9b2b2fa6913,total or current expenditure,cluster_fc59ce925147,agglomerative,"{""distance_threshold"": 0.35, ""linkage"": ""average""}"
term_3c9fa96e0ea4734d3b43,total population considering their dwelling as too dark,cluster_021a934ea779,agglomerative,"{""distance_threshold"": 0.35, ""linkage"": ""average""}"
term_e330276a8a3ca754d45a,total population having neither a bath,cluster_021a934ea779,agglomerative,"{""distance_threshold"": 0.35, ""linkage"": ""average""}"
term_4cc6ebf999dad68a8f9e,total population living,cluster_021a934ea779,agglomerative,"{""distance_threshold"": 0.35, ""linkage"": ""average""}"
term_e0fcdb3a4d430a675b9a,total production,cluster_4c9b1b408341,agglomerative,"{""distance_threshold"": 0.35, ""linkage"": ""average""}"
term_17de3ad210fc12eea8e5,total public expenditure,cluster_f7c5001b3c2d,agglomerative,"{""distance_threshold"": 0.35, ""linkage"": ""average""}"
term_0eda309937b64b27072d,tourism for personal purposes - % of total population,cluster_021a934ea779,agglomerative,"{""distance_threshold"": 0.35, ""linkage"": ""average""}"
term_9222de8e684308174d80,trade as a share of GDP,cluster_f5e40cb5cbdd,agglomerative,"{""distance_threshold"": 0.35, ""linkage"": ""average""}"
term_1dc5e0606bb474ac82ce,trade balance of energy products - % of GDP,cluster_f5e40cb5cbdd,agglomerative,"{""distance_threshold"": 0.35, ""linkage"": ""average""}"
term_e1b596049119babf07b6,trade by reasons for cross trade and employment,cluster_e7477d78f08b,agglomerative,"{""distance_threshold"": 0.35, ""linkage"": ""average""}"
term_db3d2184e41e13df139a,trade by type of cross trade and employment,cluster_e7477d78f08b,agglomerative,"{""distance_threshold"": 0.35, ""linkage"": ""average""}"
term_37120015191d1aa16b69,trade volume of sales,cluster_a5cfad0cd27c,agglomerative,"{""distance_threshold"": 0.35, ""linkage"": ""average""}"
term_359fce9016fdbd7584e2,trade volume of sales - automotive,cluster_a5cfad0cd27c,agglomerative,"{""distance_threshold"": 0.35, ""linkage"": ""average""}"
term_a1341cf274ff7065762c,trade volume of sales - automotive fuel,cluster_a5cfad0cd27c,agglomerative,"{""distance_threshold"": 0.35, ""linkage"": ""average""}"
term_00080afa275ee6134504,trade volume of sales - food,cluster_a5cfad0cd27c,agglomerative,"{""distance_threshold"": 0.35, ""linkage"": ""average""}"
term_67e354d727f67a0fc51b,"trade volume of sales - food, beverages",cluster_a5cfad0cd27c,agglomerative,"{""distance_threshold"": 0.35, ""linkage"": ""average""}"
term_b98375f84162a754c496,"trade volume of sales - food, beverages and",cluster_a5cfad0cd27c,agglomerative,"{""distance_threshold"": 0.35, ""linkage"": ""average""}"
term_57321d0ec2a92434adeb,"trade volume of sales - food, beverages and tobacco",cluster_a5cfad0cd27c,agglomerative,"{""distance_threshold"": 0.35, ""linkage"": ""average""}"
term_7eebf25d735f9847c335,trade volume of sales - non,cluster_a5cfad0cd27c,agglomerative,"{""distance_threshold"": 0.35, ""linkage"": ""average""}"
term_3279776ebab6617468f1,trade volume of sales - non food,cluster_a5cfad0cd27c,agglomerative,"{""distance_threshold"": 0.35, ""linkage"": ""average""}"
term_82aa6ebd7d25fe855d1b,trade volume of sales - total,cluster_a5cfad0cd27c,agglomerative,"{""distance_threshold"": 0.35, ""linkage"": ""average""}"
term_fe9e54577f786c4d8212,trade volume of sales index,cluster_a5cfad0cd27c,agglomerative,"{""distance_threshold"": 0.35, ""linkage"": ""average""}"
term_9bbe83004876c546e0bd,trade volume of sales index (deflated,cluster_a5cfad0cd27c,agglomerative,"{""distance_threshold"": 0.35, ""linkage"": ""average""}"
term_f0a0e3c59184a6e5a6e8,trade volume of sales index (deflated turnover,cluster_a5cfad0cd27c,agglomerative,"{""distance_threshold"": 0.35, ""linkage"": ""average""}"
term_f9f53bbe5fadf01e7745,trade volume of sales index (deflated turnover) - ENP-East,cluster_a5cfad0cd27c,agglomerative,"{""distance_threshold"": 0.35, ""linkage"": ""average""}"
term_21084d4338a016398082,transactions - primary income,cluster_c574624eef1e,agglomerative,"{""distance_threshold"": 0.35, ""linkage"": ""average""}"
term_a620012bfee2ca3b0dbf,transactions - primary income: credits,cluster_c574624eef1e,agglomerative,"{""distance_threshold"": 0.35, ""linkage"": ""average""}"
term_0f03957637da5d6484a1,transactions - secondary income,cluster_c574624eef1e,agglomerative,"{""distance_threshold"": 0.35, ""linkage"": ""average""}"
term_5816702940598bd78da4,transactions - secondary income: credits,cluster_c574624eef1e,agglomerative,"{""distance_threshold"": 0.35, ""linkage"": ""average""}"
term_b564e0d1aed572175790,transport enterprises by employment,cluster_e7477d78f08b,agglomerative,"{""distance_threshold"": 0.35, ""linkage"": ""average""}"
term_9b8762c816e716be2913,transport enterprises by employment size,cluster_e7477d78f08b,agglomerative,"{""distance_threshold"": 0.35, ""linkage"": ""average""}"
term_c9260c1b3cd0fde1bc70,transport enterprises by employment size classes,cluster_e7477d78f08b,agglomerative,"{""distance_threshold"": 0.35, ""linkage"": ""average""}"
term_6c9a9d2e454cddffcf48,transport relative to GDP,cluster_f5e40cb5cbdd,agglomerative,"{""distance_threshold"": 0.35, ""linkage"": ""average""}"
term_d040dbe16eb0f1ee303b,Turnover by client specialisation and employment,cluster_e7477d78f08b,agglomerative,"{""distance_threshold"": 0.35, ""linkage"": ""average""}"
term_69607251abcfac269748,Turnover by client specialisation and employment size,cluster_e7477d78f08b,agglomerative,"{""distance_threshold"": 0.35, ""linkage"": ""average""}"
term_a32ba4e10b1eca08f244,Turnover by client specialisation and employment size class,cluster_e7477d78f08b,agglomerative,"{""distance_threshold"": 0.35, ""linkage"": ""average""}"
term_079dc425ae66ded53bbf,Turnover by nationality of client and employment,cluster_e7477d78f08b,agglomerative,"{""distance_threshold"": 0.35, ""linkage"": ""average""}"
term_acd15f40187702318797,Turnover by nationality of client and employment size,cluster_e7477d78f08b,agglomerative,"{""distance_threshold"": 0.35, ""linkage"": ""average""}"
term_dcec609979d5cb0e0dbb,Turnover by nationality of client and employment size class,cluster_e7477d78f08b,agglomerative,"{""distance_threshold"": 0.35, ""linkage"": ""average""}"
term_9642f85673a9d986ffe3,Turnover by product specialisation and employment,cluster_e7477d78f08b,agglomerative,"{""distance_threshold"": 0.35, ""linkage"": ""average""}"
term_6cf9960ca4460aa8d3db,Turnover by product specialisation and employment size,cluster_e7477d78f08b,agglomerative,"{""distance_threshold"": 0.35, ""linkage"": ""average""}"
term_7c7c735f90c4055d1684,Turnover by product specialisation and employment size class,cluster_e7477d78f08b,agglomerative,"{""distance_threshold"": 0.35, ""linkage"": ""average""}"
term_0fc1db91c993288de631,Turnover by product specialisation and employment size class for group 72.2,cluster_e7477d78f08b,agglomerative,"{""distance_threshold"": 0.35, ""linkage"": ""average""}"
term_4415c93d707baf4f1760,Turnover by type of client and employment,cluster_e7477d78f08b,agglomerative,"{""distance_threshold"": 0.35, ""linkage"": ""average""}"
term_d7e5bc5205cb0366d726,Turnover by type of client and employment size,cluster_e7477d78f08b,agglomerative,"{""distance_threshold"": 0.35, ""linkage"": ""average""}"
term_d586e925d2063811eb99,Turnover by type of client and employment size class,cluster_e7477d78f08b,agglomerative,"{""distance_threshold"": 0.35, ""linkage"": ""average""}"
term_88d2a246962189020560,type of client and employment,cluster_e7477d78f08b,agglomerative,"{""distance_threshold"": 0.35, ""linkage"": ""average""}"
term_719cc8c6c4ec702c2287,type of client and employment size,cluster_e7477d78f08b,agglomerative,"{""distance_threshold"": 0.35, ""linkage"": ""average""}"
term_fc7f56a1d1803142a469,type of cross trade and employment,cluster_e7477d78f08b,agglomerative,"{""distance_threshold"": 0.35, ""linkage"": ""average""}"
term_3e8bec2347746ff65343,type of cross trade and employment size,cluster_e7477d78f08b,agglomerative,"{""distance_threshold"": 0.35, ""linkage"": ""average""}"
term_1f5879d2f80e156e6252,type of cross trade and employment size class,cluster_e7477d78f08b,agglomerative,"{""distance_threshold"": 0.35, ""linkage"": ""average""}"
term_9e519166d26308152015,under-occupied dwellings by degree of urbanisation - total population,cluster_021a934ea779,agglomerative,"{""distance_threshold"": 0.35, ""linkage"": ""average""}"
term_cfe527ce6f4f29eb1fc5,under-occupied dwellings by tenure status - total population,cluster_021a934ea779,agglomerative,"{""distance_threshold"": 0.35, ""linkage"": ""average""}"
term_873c2f57bdad55b9cd81,Unemployment by sex - age,cluster_b625d52d71ac,agglomerative,"{""distance_threshold"": 0.35, ""linkage"": ""average""}"
term_00cb2905ea5b94066aec,Unemployment by sex - age group,cluster_b625d52d71ac,agglomerative,"{""distance_threshold"": 0.35, ""linkage"": ""average""}"
term_1529764711dbbdad5438,Unemployment by sex - age group 15-24,cluster_b625d52d71ac,agglomerative,"{""distance_threshold"": 0.35, ""linkage"": ""average""}"
term_93fc17aa9b69df511486,Unemployment by sex - age group 25-74,cluster_b625d52d71ac,agglomerative,"{""distance_threshold"": 0.35, ""linkage"": ""average""}"
term_ae75ca48986612f28eef,unemployment rate - % of,cluster_b625d52d71ac,agglomerative,"{""distance_threshold"": 0.35, ""linkage"": ""average""}"
term_02b4aae56ffe74bd43ab,unemployment rate - % of active,cluster_b625d52d71ac,agglomerative,"{""distance_threshold"": 0.35, ""linkage"": ""average""}"
term_ed472c78c07b85174857,unemployment rate - % of active population,cluster_b625d52d71ac,agglomerative,"{""distance_threshold"": 0.35, ""linkage"": ""average""}"
term_dfdc19ee897c4c86d208,Unemployment rate - 3,cluster_b625d52d71ac,agglomerative,"{""distance_threshold"": 0.35, ""linkage"": ""average""}"
term_51873f08f4c8db137050,Unemployment rate - 3 year,cluster_b625d52d71ac,agglomerative,"{""distance_threshold"": 0.35, ""linkage"": ""average""}"
term_79bdfae6a83ca066ae99,Unemployment rate - 3 year average,cluster_b625d52d71ac,agglomerative,"{""distance_threshold"": 0.35, ""linkage"": ""average""}"
term_b60d82f73787bd289e33,Unemployment rate - annual,cluster_b625d52d71ac,agglomerative,"{""distance_threshold"": 0.35, ""linkage"": ""average""}"
term_e41a8a27162e454712ee,Unemployment rate - annual data,cluster_b625d52d71ac,agglomerative,"{""distance_threshold"": 0.35, ""linkage"": ""average""}"
term_56781cfb47f04a0e5143,Unemployment rate - quarterly,cluster_b625d52d71ac,agglomerative,"{""distance_threshold"": 0.35, ""linkage"": ""average""}"
term_26b40e564fd8c7cb6af6,Unemployment rate - quarterly data,cluster_b625d52d71ac,agglomerative,"{""distance_threshold"": 0.35, ""linkage"": ""average""}"
term_23189368f45402b86139,"Unemployment rate - quarterly data, seasonally",cluster_b625d52d71ac,agglomerative,"{""distance_threshold"": 0.35, ""linkage"": ""average""}"
term_1af71f3547cf8a591b56,"Unemployment rate - quarterly data, seasonally adjusted",cluster_b625d52d71ac,agglomerative,"{""distance_threshold"": 0.35, ""linkage"": ""average""}"
term_e29ef5d63396715664c5,Unemployment rate by,cluster_b625d52d71ac,agglomerative,"{""distance_threshold"": 0.35, ""linkage"": ""average""}"
term_42476eb4b7a4d61d3594,Unemployment rate by education,cluster_b625d52d71ac,agglomerative,"{""distance_threshold"": 0.35, ""linkage"": ""average""}"
term_6a7ea42520f4578ca635,Unemployment rate by education level,cluster_b625d52d71ac,agglomerative,"{""distance_threshold"": 0.35, ""linkage"": ""average""}"
term_734f17c1ab14ea7a6162,Unemployment rate by sex - age,cluster_b625d52d71ac,agglomerative,"{""distance_threshold"": 0.35, ""linkage"": ""average""}"
term_21541be03666d7374660,Unemployment rate by sex - age group,cluster_b625d52d71ac,agglomerative,"{""distance_threshold"": 0.35, ""linkage"": ""average""}"
term_a37e7a638feff73a0a92,Unemployment rate by sex - age group 15-24,cluster_b625d52d71ac,agglomerative,"{""distance_threshold"": 0.35, ""linkage"": ""average""}"
term_a8ad46b0a7ab4a8761a8,Unemployment rate by sex - age group 25-74,cluster_b625d52d71ac,agglomerative,"{""distance_threshold"": 0.35, ""linkage"": ""average""}"
term_df7fb08d1c8a9934544e,"unemployment rate, % of",cluster_b625d52d71ac,agglomerative,"{""distance_threshold"": 0.35, ""linkage"": ""average""}"
term_1c069fcdc64336a58bc7,"unemployment rate, % of active",cluster_b625d52d71ac,agglomerative,"{""distance_threshold"": 0.35, ""linkage"": ""average""}"
term_91ba2169c2b45c01fcd1,"unemployment rate, % of active population",cluster_b625d52d71ac,agglomerative,"{""distance_threshold"": 0.35, ""linkage"": ""average""}"
term_613e00d56a1e355c5457,"unemployment rate, % of active population aged",cluster_b625d52d71ac,agglomerative,"{""distance_threshold"": 0.35, ""linkage"": ""average""}"
term_a35d54d4f423bdc496bb,Unemployment rates,cluster_b625d52d71ac,agglomerative,"{""distance_threshold"": 0.35, ""linkage"": ""average""}"
term_8c06b7d54970a678d1a5,Unemployment rates (persons,cluster_b625d52d71ac,agglomerative,"{""distance_threshold"": 0.35, ""linkage"": ""average""}"
term_deaa71afe44b70a58001,Unemployment rates (persons aged,cluster_b625d52d71ac,agglomerative,"{""distance_threshold"": 0.35, ""linkage"": ""average""}"
term_b329d64173d923defd59,Unemployment rates (persons aged 25-64,cluster_b625d52d71ac,agglomerative,"{""distance_threshold"": 0.35, ""linkage"": ""average""}"
term_3161eda6c167c671e21b,Unemployment rates (persons aged 25-64) by,cluster_b625d52d71ac,agglomerative,"{""distance_threshold"": 0.35, ""linkage"": ""average""}"
term_2f1c3815c1e63fabd731,Unemployment rates (persons aged 25-64) by educational,cluster_b625d52d71ac,agglomerative,"{""distance_threshold"": 0.35, ""linkage"": ""average""}"
term_7d4315708720e4343f07,Unemployment rates (persons aged 25-64) by educational attainment,cluster_b625d52d71ac,agglomerative,"{""distance_threshold"": 0.35, ""linkage"": ""average""}"
term_7a27f1dacce2f021d0c4,Unemployment rates (persons aged 25-64) by educational attainment level,cluster_b625d52d71ac,agglomerative,"{""distance_threshold"": 0.35, ""linkage"": ""average""}"
term_b32cb59be4e4664a9760,Unemployment rates by,cluster_b625d52d71ac,agglomerative,"{""distance_threshold"": 0.35, ""linkage"": ""average""}"
term_7a202710c456e59bda55,Unemployment rates by sex,cluster_b625d52d71ac,agglomerative,"{""distance_threshold"": 0.35, ""linkage"": ""average""}"
term_da9cbead5a0a2ddde41a,unemployment rates by sex - ENP-East,cluster_b625d52d71ac,agglomerative,"{""distance_threshold"": 0.35, ""linkage"": ""average""}"
term_15f8fef86ed35e6dfbc0,unemployment rates by sex - ENP-East countries,cluster_b625d52d71ac,agglomerative,"{""distance_threshold"": 0.35, ""linkage"": ""average""}"
term_2e8dda050012b0b68682,Unemployment rates by sex and,cluster_b625d52d71ac,agglomerative,"{""distance_threshold"": 0.35, ""linkage"": ""average""}"
term_6740e82c105d11b93340,Unemployment rates by sex and age,cluster_b625d52d71ac,agglomerative,"{""distance_threshold"": 0.35, ""linkage"": ""average""}"
term_30878639017b37bed3e6,Unemployment rates by sex and age - ENP-East,cluster_b625d52d71ac,agglomerative,"{""distance_threshold"": 0.35, ""linkage"": ""average""}"
term_c396f89acaee68a2c8bf,Unemployment rates by sex and age - ENP-East countries,cluster_b625d52d71ac,agglomerative,"{""distance_threshold"": 0.35, ""linkage"": ""average""}"
term_f406008a724a9324eae1,Unemployment rates by sex and age - ENP-South,cluster_b625d52d71ac,agglomerative,"{""distance_threshold"": 0.35, ""linkage"": ""average""}"
term_3e78a36a740b5f059ecd,Unemployment rates by sex and age - ENP-South countries,cluster_b625d52d71ac,agglomerative,"{""distance_threshold"": 0.35, ""linkage"": ""average""}"
term_2e4fc0259449602208f6,unemployment ratio,cluster_b625d52d71ac,agglomerative,"{""distance_threshold"": 0.35, ""linkage"": ""average""}"
term_848ed6a2276ed35c7525,unemployment ratio (age,cluster_b625d52d71ac,agglomerative,"{""distance_threshold"": 0.35, ""linkage"": ""average""}"
term_d8058c34af0d84cb2072,unemployment ratio (age group,cluster_b625d52d71ac,agglomerative,"{""distance_threshold"": 0.35, ""linkage"": ""average""}"
term_b4d61924b58313ee10f9,unemployment ratio (age group 15-24,cluster_b625d52d71ac,agglomerative,"{""distance_threshold"": 0.35, ""linkage"": ""average""}"
term_608d058dd9f4afca7ce3,Unemployment trap,cluster_fd27aed274d2,agglomerative,"{""distance_threshold"": 0.35, ""linkage"": ""average""}"
term_fa38f209e4b8c386f58c,Unitisation in maritime freight transport,cluster_b9a3b7632ab8,agglomerative,"{""distance_threshold"": 0.35, ""linkage"": ""average""}"
term_8cd6e2e0f19af59b9a69,Unitisation in maritime freight transport - tonnes for gross weight of goods,cluster_b9a3b7632ab8,agglomerative,"{""distance_threshold"": 0.35, ""linkage"": ""average""}"
term_3b2614c8b53e660d154a,Unitisation in rail freight transport- tonne-kilometre for gross-gross weight of goods,cluster_b9a3b7632ab8,agglomerative,"{""distance_threshold"": 0.35, ""linkage"": ""average""}"
term_1eda2413fab212d2b53a,Unitisation in road freight transport,cluster_b9a3b7632ab8,agglomerative,"{""distance_threshold"": 0.35, ""linkage"": ""average""}"
term_735f5b874e0e33937a24,Unitisation in road freight transport - tonne-kilometre for gross weight of goods,cluster_b9a3b7632ab8,agglomerative,"{""distance_threshold"": 0.35, ""linkage"": ""average""}"
term_c7b4b6d9a065c9bf8846,Unitisation in the different modes of transport,cluster_b9a3b7632ab8,agglomerative,"{""distance_threshold"": 0.35, ""linkage"": ""average""}"
term_0cfd941ee23def242bc0,Unitisation in the different modes of transport - tonne-kilometre for gross weight of goods,cluster_b9a3b7632ab8,agglomerative,"{""distance_threshold"": 0.35, ""linkage"": ""average""}"
term_ada6f8ab141a96788083,Unitisation in waterways freight transport,cluster_b9a3b7632ab8,agglomerative,"{""distance_threshold"": 0.35, ""linkage"": ""average""}"
term_c920190059a666a1895b,Unitisation in waterways freight transport - tonne-kilometre for gross-gross weight of goods,cluster_b9a3b7632ab8,agglomerative,"{""distance_threshold"": 0.35, ""linkage"": ""average""}"
term_d36391b4a5983cd8a397,upper-secondary education - as % of total active population,cluster_586194a4eb3a,agglomerative,"{""distance_threshold"": 0.35, ""linkage"": ""average""}"
term_dcbb993e3839ddf8b8d9,urbanisation - total population,cluster_021a934ea779,agglomerative,"{""distance_threshold"": 0.35, ""linkage"": ""average""}"
term_aaf50cda1682e2356755,Use and risk of chemical pesticides,cluster_a2e4cd40e034,agglomerative,"{""distance_threshold"": 0.35, ""linkage"": ""average""}"
term_28770f63a072a2ce69c9,Usually resident population,cluster_23acc643074a,agglomerative,"{""distance_threshold"": 0.35, ""linkage"": ""average""}"
term_0ff1208ad81c760179b0,Usually resident population on,cluster_23acc643074a,agglomerative,"{""distance_threshold"": 0.35, ""linkage"": ""average""}"
term_40684f65280b522260b4,Usually resident population on 1,cluster_23acc643074a,agglomerative,"{""distance_threshold"": 0.35, ""linkage"": ""average""}"
term_0b3b81a0f6a2a4f0bc27,Usually resident population on 1 January,cluster_23acc643074a,agglomerative,"{""distance_threshold"": 0.35, ""linkage"": ""average""}"
term_17a8852bc5cd6995e13c,Vaccination against influenza of population,cluster_9f754bbcabe2,agglomerative,"{""distance_threshold"": 0.35, ""linkage"": ""average""}"
term_e444adb860f5f2f33e63,Vaccination against influenza of population aged,cluster_9f754bbcabe2,agglomerative,"{""distance_threshold"": 0.35, ""linkage"": ""average""}"
term_104632971bef340250ec,Vaccination against influenza of population aged 65,cluster_9f754bbcabe2,agglomerative,"{""distance_threshold"": 0.35, ""linkage"": ""average""}"
term_4c9456193c6ad2943481,Vaccination against influenza of population aged 65 and,cluster_9f754bbcabe2,agglomerative,"{""distance_threshold"": 0.35, ""linkage"": ""average""}"
term_2e8cbd82183180402590,Vaccination against influenza of population aged 65 and over,cluster_9f754bbcabe2,agglomerative,"{""distance_threshold"": 0.35, ""linkage"": ""average""}"
term_8ac6e7ecaa7c2c712c20,value added,cluster_52d12036582f,agglomerative,"{""distance_threshold"": 0.35, ""linkage"": ""average""}"
term_9b8cc2f10b01ae3e5190,value added - NACE,cluster_52d12036582f,agglomerative,"{""distance_threshold"": 0.35, ""linkage"": ""average""}"
term_bff062d34267e3bfaab7,value added - NACE Rev,cluster_52d12036582f,agglomerative,"{""distance_threshold"": 0.35, ""linkage"": ""average""}"
term_e04a26b3ce03ddb713f3,value added - NACE Rev. 2,cluster_52d12036582f,agglomerative,"{""distance_threshold"": 0.35, ""linkage"": ""average""}"
term_d2016589edc0e8c2512a,value added - NACE Rev. 2: - current,cluster_52d12036582f,agglomerative,"{""distance_threshold"": 0.35, ""linkage"": ""average""}"
term_930326c2491ffc02176b,value added - NACE Rev. 2: - volumes,cluster_52d12036582f,agglomerative,"{""distance_threshold"": 0.35, ""linkage"": ""average""}"
term_4604f5821b5006c3263e,value added - NACE Rev. 2: A,cluster_52d12036582f,agglomerative,"{""distance_threshold"": 0.35, ""linkage"": ""average""}"
term_4e0e22e3bcf1766acb3f,value added - NACE Rev. 2: A - volumes,cluster_52d12036582f,agglomerative,"{""distance_threshold"": 0.35, ""linkage"": ""average""}"
term_9150164ba6c6599b2fbe,value added - NACE Rev. 2: B-E,cluster_52d12036582f,agglomerative,"{""distance_threshold"": 0.35, ""linkage"": ""average""}"
term_b96c90ce9935e2db5215,value added - NACE Rev. 2: B-E - current,cluster_52d12036582f,agglomerative,"{""distance_threshold"": 0.35, ""linkage"": ""average""}"
term_9037ac5dd1fd168fbc35,value added - NACE Rev. 2: B-E - volumes,cluster_52d12036582f,agglomerative,"{""distance_threshold"": 0.35, ""linkage"": ""average""}"
term_f0d6c3fbcd5031751188,value added - NACE Rev. 2: C,cluster_52d12036582f,agglomerative,"{""distance_threshold"": 0.35, ""linkage"": ""average""}"
term_daa9b88a3910a0ecc329,value added - NACE Rev. 2: C - volumes,cluster_52d12036582f,agglomerative,"{""distance_threshold"": 0.35, ""linkage"": ""average""}"
term_4f8661570111de77e6d9,value added - NACE Rev. 2: F,cluster_52d12036582f,agglomerative,"{""distance_threshold"": 0.35, ""linkage"": ""average""}"
term_89a75f485c849ff22161,value added - NACE Rev. 2: F - volumes,cluster_52d12036582f,agglomerative,"{""distance_threshold"": 0.35, ""linkage"": ""average""}"
term_994862931cef3380aeb1,value added - NACE Rev. 2: G-I,cluster_52d12036582f,agglomerative,"{""distance_threshold"": 0.35, ""linkage"": ""average""}"
term_1a7b13b65d87fa0f146e,value added - NACE Rev. 2: G-I - current,cluster_52d12036582f,agglomerative,"{""distance_threshold"": 0.35, ""linkage"": ""average""}"
term_defb90df8bc9d3ab3873,value added - NACE Rev. 2: G-I - volumes,cluster_52d12036582f,agglomerative,"{""distance_threshold"": 0.35, ""linkage"": ""average""}"
term_ee6e6c2700d694d33cc4,value added - NACE Rev. 2: J,cluster_52d12036582f,agglomerative,"{""distance_threshold"": 0.35, ""linkage"": ""average""}"
term_5e4430338f696a19905b,value added - NACE Rev. 2: J - volumes,cluster_52d12036582f,agglomerative,"{""distance_threshold"": 0.35, ""linkage"": ""average""}"
term_cf980200ac4f4084aed3,value added - NACE Rev. 2: K,cluster_52d12036582f,agglomerative,"{""distance_threshold"": 0.35, ""linkage"": ""average""}"
term_90c7133fa8049a7ef3a5,value added - NACE Rev. 2: K - volumes,cluster_52d12036582f,agglomerative,"{""distance_threshold"": 0.35, ""linkage"": ""average""}"
term_e8a445da2121f648d0d4,value added - NACE Rev. 2: L,cluster_52d12036582f,agglomerative,"{""distance_threshold"": 0.35, ""linkage"": ""average""}"
term_584218a8809042790f47,value added - NACE Rev. 2: L - volumes,cluster_52d12036582f,agglomerative,"{""distance_threshold"": 0.35, ""linkage"": ""average""}"
term_7d4a3d6905e321a4d1a2,value added - NACE Rev. 2: M,cluster_52d12036582f,agglomerative,"{""distance_threshold"": 0.35, ""linkage"": ""average""}"
term_01fc3b4e1011ab7d6b9d,value added - NACE Rev. 2: M_N,cluster_52d12036582f,agglomerative,"{""distance_threshold"": 0.35, ""linkage"": ""average""}"
term_c1ff14bbfdf9fa06caf2,value added - NACE Rev. 2: O-Q,cluster_52d12036582f,agglomerative,"{""distance_threshold"": 0.35, ""linkage"": ""average""}"
term_89226d6aba0055325a39,value added - NACE Rev. 2: O-Q - current,cluster_52d12036582f,agglomerative,"{""distance_threshold"": 0.35, ""linkage"": ""average""}"
term_50002bccb99d508ee317,value added - NACE Rev. 2: O-Q - volumes,cluster_52d12036582f,agglomerative,"{""distance_threshold"": 0.35, ""linkage"": ""average""}"
term_2296f4d2ae0edc03f22e,value added - NACE Rev. 2: R-U,cluster_52d12036582f,agglomerative,"{""distance_threshold"": 0.35, ""linkage"": ""average""}"
term_8cb5c02ca80e86fd5efe,value added - NACE Rev. 2: R-U - current,cluster_52d12036582f,agglomerative,"{""distance_threshold"": 0.35, ""linkage"": ""average""}"
term_dd35cdff34f16008a122,value added - NACE Rev. 2: R-U - volumes,cluster_52d12036582f,agglomerative,"{""distance_threshold"": 0.35, ""linkage"": ""average""}"
term_656059132f6b60023fa6,value added and,cluster_52d12036582f,agglomerative,"{""distance_threshold"": 0.35, ""linkage"": ""average""}"
term_96507774b7452b626f7a,value added and employment,cluster_52d12036582f,agglomerative,"{""distance_threshold"": 0.35, ""linkage"": ""average""}"
term_0152fb76e223a1cea4b8,value added and employment by,cluster_52d12036582f,agglomerative,"{""distance_threshold"": 0.35, ""linkage"": ""average""}"
term_85af3382989eed770287,value added and employment by industry,cluster_52d12036582f,agglomerative,"{""distance_threshold"": 0.35, ""linkage"": ""average""}"
term_146f6cf8a7edce62b90f,value added by,cluster_52d12036582f,agglomerative,"{""distance_threshold"": 0.35, ""linkage"": ""average""}"
term_5c3d4ed333016fc1e323,value added by industry,cluster_52d12036582f,agglomerative,"{""distance_threshold"": 0.35, ""linkage"": ""average""}"
term_e21b16bc43061fbfc47b,value added by industry - ENP-East,cluster_52d12036582f,agglomerative,"{""distance_threshold"": 0.35, ""linkage"": ""average""}"
term_995c7153d8f9887a0e88,value added by industry - ENP-East countries,cluster_52d12036582f,agglomerative,"{""distance_threshold"": 0.35, ""linkage"": ""average""}"
term_5f231f70a692765309b3,value added by industry - ENP-South,cluster_52d12036582f,agglomerative,"{""distance_threshold"": 0.35, ""linkage"": ""average""}"
term_fdc87501cc63d24c42e1,value added by industry - ENP-South countries,cluster_52d12036582f,agglomerative,"{""distance_threshold"": 0.35, ""linkage"": ""average""}"
term_01a9b9eb630fc5c4612a,value added in,cluster_52d12036582f,agglomerative,"{""distance_threshold"": 0.35, ""linkage"": ""average""}"
term_57dd7d940f427ffd1009,value added in environmental,cluster_52d12036582f,agglomerative,"{""distance_threshold"": 0.35, ""linkage"": ""average""}"
term_3d6f715be4954cd7448f,value added in environmental goods,cluster_52d12036582f,agglomerative,"{""distance_threshold"": 0.35, ""linkage"": ""average""}"
term_28ff2096bfe6bf8b526b,value added in environmental goods and,cluster_52d12036582f,agglomerative,"{""distance_threshold"": 0.35, ""linkage"": ""average""}"
term_66addf9ec54b641235e9,value added in environmental goods and services,cluster_52d12036582f,agglomerative,"{""distance_threshold"": 0.35, ""linkage"": ""average""}"
term_e126f525f93b7daaa85f,Value Added in Foreign,cluster_52d12036582f,agglomerative,"{""distance_threshold"": 0.35, ""linkage"": ""average""}"
term_da5f37bfc3b64bcdef40,Value Added in Foreign Controlled,cluster_52d12036582f,agglomerative,"{""distance_threshold"": 0.35, ""linkage"": ""average""}"
term_dcdfd7d57ed36874c698,Value Added in Foreign Controlled Enterprises,cluster_52d12036582f,agglomerative,"{""distance_threshold"": 0.35, ""linkage"": ""average""}"
term_d3cafcffac5f3d218812,value added of,cluster_52d12036582f,agglomerative,"{""distance_threshold"": 0.35, ""linkage"": ""average""}"
term_a6f778c3ab5a50b7a8c5,value added of the,cluster_52d12036582f,agglomerative,"{""distance_threshold"": 0.35, ""linkage"": ""average""}"
term_7e5cd587e2e3e82ab494,value added of the agricultural,cluster_52d12036582f,agglomerative,"{""distance_threshold"": 0.35, ""linkage"": ""average""}"
term_731726e9cab5c79d5b5e,value added of the agricultural industry,cluster_52d12036582f,agglomerative,"{""distance_threshold"": 0.35, ""linkage"": ""average""}"
term_b28a06aa348883a0ba77,"violence by a non-partner, by country of birth",cluster_8cbdd0602d88,agglomerative,"{""distance_threshold"": 0.35, ""linkage"": ""average""}"
term_d336e5ea110c79a90643,"violence by any perpetrator, by country of birth",cluster_8cbdd0602d88,agglomerative,"{""distance_threshold"": 0.35, ""linkage"": ""average""}"
term_783f110b27cf7b2988d8,"volume (in TEUs) of containers transported to/from main ports, by loading status",cluster_b9a3b7632ab8,agglomerative,"{""distance_threshold"": 0.35, ""linkage"": ""average""}"
term_e31f733dac43272facbc,Volume of freight transport relative to GDP,cluster_f5e40cb5cbdd,agglomerative,"{""distance_threshold"": 0.35, ""linkage"": ""average""}"
term_5e60d2f1d1859714617a,Volume of passenger transport relative to GDP,cluster_f5e40cb5cbdd,agglomerative,"{""distance_threshold"": 0.35, ""linkage"": ""average""}"
term_45b171bec90179238cf0,volume of sales - automotive,cluster_a5cfad0cd27c,agglomerative,"{""distance_threshold"": 0.35, ""linkage"": ""average""}"
term_c2dcb3d3c893d2beae5d,volume of sales - automotive fuel,cluster_a5cfad0cd27c,agglomerative,"{""distance_threshold"": 0.35, ""linkage"": ""average""}"
term_9ea07bca28c0340a0022,volume of sales - food,cluster_a5cfad0cd27c,agglomerative,"{""distance_threshold"": 0.35, ""linkage"": ""average""}"
term_20d106156da8d0c596e4,"volume of sales - food, beverages",cluster_a5cfad0cd27c,agglomerative,"{""distance_threshold"": 0.35, ""linkage"": ""average""}"
term_a2618c06d8bba49d2ad8,volume of sales - non,cluster_a5cfad0cd27c,agglomerative,"{""distance_threshold"": 0.35, ""linkage"": ""average""}"
term_6aa56e21edd97d15c957,volume of sales - non food,cluster_a5cfad0cd27c,agglomerative,"{""distance_threshold"": 0.35, ""linkage"": ""average""}"
term_e70fb63fdc5402e64415,volume of sales - total,cluster_a5cfad0cd27c,agglomerative,"{""distance_threshold"": 0.35, ""linkage"": ""average""}"
term_5d0d67d0f12ee337a8d4,waste excluding major mineral wastes per GDP,cluster_f5e40cb5cbdd,agglomerative,"{""distance_threshold"": 0.35, ""linkage"": ""average""}"
term_73acd6fc0628471187f7,waste excluding major mineral wastes per GDP unit,cluster_f5e40cb5cbdd,agglomerative,"{""distance_threshold"": 0.35, ""linkage"": ""average""}"
term_2af6de2050feb468a348,wastes per GDP,cluster_f5e40cb5cbdd,agglomerative,"{""distance_threshold"": 0.35, ""linkage"": ""average""}"
term_348265c582c936dd6b4c,wastes per GDP unit,cluster_f5e40cb5cbdd,agglomerative,"{""distance_threshold"": 0.35, ""linkage"": ""average""}"
term_7beb7e648657fdf85a26,waterway transport enterprises by number of vessels,cluster_e7477d78f08b,agglomerative,"{""distance_threshold"": 0.35, ""linkage"": ""average""}"
term_a4861b19de8b9be4e1db,week of full-time employment,cluster_2aeba3fc16ae,agglomerative,"{""distance_threshold"": 0.35, ""linkage"": ""average""}"
term_37b17813f33995a4cea5,Weights of producer prices,cluster_50fcb6e7a7e8,agglomerative,"{""distance_threshold"": 0.35, ""linkage"": ""average""}"
term_b89c33ac182333a60078,Weights of producer prices of,cluster_50fcb6e7a7e8,agglomerative,"{""distance_threshold"": 0.35, ""linkage"": ""average""}"
term_84030b9a979ec5d4f855,Weights of producer prices of agricultural,cluster_50fcb6e7a7e8,agglomerative,"{""distance_threshold"": 0.35, ""linkage"": ""average""}"
term_46c5d867f1991ca07183,Weights of producer prices of agricultural products,cluster_50fcb6e7a7e8,agglomerative,"{""distance_threshold"": 0.35, ""linkage"": ""average""}"
term_5f2113363aa4f765d57e,Weights of producer prices of agricultural products - survey,cluster_50fcb6e7a7e8,agglomerative,"{""distance_threshold"": 0.35, ""linkage"": ""average""}"
term_8700262f6affcad49304,Weights of purchase prices,cluster_50fcb6e7a7e8,agglomerative,"{""distance_threshold"": 0.35, ""linkage"": ""average""}"
term_6a8deffe962bbf0e3f26,Weights of purchase prices of,cluster_50fcb6e7a7e8,agglomerative,"{""distance_threshold"": 0.35, ""linkage"": ""average""}"
term_eb2d4960cf394d7b559a,Weights of purchase prices of the,cluster_50fcb6e7a7e8,agglomerative,"{""distance_threshold"": 0.35, ""linkage"": ""average""}"
term_8bc390cee83ee914fb4b,Weights of purchase prices of the means,cluster_50fcb6e7a7e8,agglomerative,"{""distance_threshold"": 0.35, ""linkage"": ""average""}"
term_bfbe8b2130574aeadcf5,Weights of purchase prices of the means of,cluster_50fcb6e7a7e8,agglomerative,"{""distance_threshold"": 0.35, ""linkage"": ""average""}"
term_d6d6bbf88f45ac0fed3e,Weights of purchase prices of the means of agricultural production,cluster_50fcb6e7a7e8,agglomerative,"{""distance_threshold"": 0.35, ""linkage"": ""average""}"
term_0a75239384408607d20b,Weights of purchase prices of the means of agricultural production - survey,cluster_50fcb6e7a7e8,agglomerative,"{""distance_threshold"": 0.35, ""linkage"": ""average""}"
term_48a607edb2998f5217b7,"Wheat and spelt by area, production",cluster_4c9b1b408341,agglomerative,"{""distance_threshold"": 0.35, ""linkage"": ""average""}"
term_2e78af540e21c5158ae1,"Wheat and spelt by area, production and",cluster_4c9b1b408341,agglomerative,"{""distance_threshold"": 0.35, ""linkage"": ""average""}"
term_084a82356f88b7f13c12,"Wheat and spelt by area, production and humidity",cluster_4c9b1b408341,agglomerative,"{""distance_threshold"": 0.35, ""linkage"": ""average""}"
term_edf364e766cd454ec429,"winter cereal mixtures by area, production",cluster_4c9b1b408341,agglomerative,"{""distance_threshold"": 0.35, ""linkage"": ""average""}"
term_92b28bca46a0f5997fd8,"winter cereal mixtures by area, production and",cluster_4c9b1b408341,agglomerative,"{""distance_threshold"": 0.35, ""linkage"": ""average""}"
term_556896696883158a0c23,"winter cereal mixtures by area, production and humidity",cluster_4c9b1b408341,agglomerative,"{""distance_threshold"": 0.35, ""linkage"": ""average""}"
term_5840a3540e32b2c876b2,wished to stay longer in employment,cluster_2aeba3fc16ae,agglomerative,"{""distance_threshold"": 0.35, ""linkage"": ""average""}"
term_b9cffc9f272664a5a78a,women at childbirth and at birth,cluster_8cbdd0602d88,agglomerative,"{""distance_threshold"": 0.35, ""linkage"": ""average""}"
term_1e5fd1a337fed64610ed,"Women who have experienced violence by a domestic perpetrator, by country of birth",cluster_8cbdd0602d88,agglomerative,"{""distance_threshold"": 0.35, ""linkage"": ""average""}"
term_c8283b83f20914d744b0,"Women who have experienced violence by a non-partner, by country of birth",cluster_8cbdd0602d88,agglomerative,"{""distance_threshold"": 0.35, ""linkage"": ""average""}"
term_ab56bb9eb34a3bbd6d39,"Women who have experienced violence by any perpetrator, by country of birth",cluster_8cbdd0602d88,agglomerative,"{""distance_threshold"": 0.35, ""linkage"": ""average""}"
term_66ee9d364a5991b9d656,"wood products, production",cluster_4c9b1b408341,agglomerative,"{""distance_threshold"": 0.35, ""linkage"": ""average""}"
term_13ac513aa4a2524a347e,work intensity by degree of urbanisation (population,cluster_021a934ea779,agglomerative,"{""distance_threshold"": 0.35, ""linkage"": ""average""}"
term_d1dd0e4ddc036245a8a1,work intensity by degree of urbanisation (population aged,cluster_021a934ea779,agglomerative,"{""distance_threshold"": 0.35, ""linkage"": ""average""}"
term_3dc673fd8704e53e9e70,work intensity by NUTS 2 region (population,cluster_95df7df16168,agglomerative,"{""distance_threshold"": 0.35, ""linkage"": ""average""}"
term_e00472b72a5706f0f9a6,work intensity by NUTS 2 region (population aged,cluster_95df7df16168,agglomerative,"{""distance_threshold"": 0.35, ""linkage"": ""average""}"
term_945cef6c73e485443182,work intensity of the household (population,cluster_a03fe115e208,agglomerative,"{""distance_threshold"": 0.35, ""linkage"": ""average""}"
term_1d27bdebfbf75c11b98f,work intensity of the household (population aged,cluster_a03fe115e208,agglomerative,"{""distance_threshold"": 0.35, ""linkage"": ""average""}"
term_bd8222c68d73a70e389b,work intensity of the household (population aged 18,cluster_a03fe115e208,agglomerative,"{""distance_threshold"": 0.35, ""linkage"": ""average""}"
term_c7489e822e6fc75166af,work intensity of the households with income,cluster_a03fe115e208,agglomerative,"{""distance_threshold"": 0.35, ""linkage"": ""average""}"
term_21d27eb2e2f9c8cfeffa,work intensity of the households with income from,cluster_a03fe115e208,agglomerative,"{""distance_threshold"": 0.35, ""linkage"": ""average""}"
term_a357573192ad37bc6733,worked per week of full-time employment,cluster_2aeba3fc16ae,agglomerative,"{""distance_threshold"": 0.35, ""linkage"": ""average""}"
term_f8583053e279d4fbc2d1,would have wished to stay longer in employment,cluster_2aeba3fc16ae,agglomerative,"{""distance_threshold"": 0.35, ""linkage"": ""average""}"
term_2e8281de4e94aca6653c,years at birth,cluster_8cbdd0602d88,agglomerative,"{""distance_threshold"": 0.35, ""linkage"": ""average""}"
term_8e162f42bea1395f75e1,years at birth by,cluster_8cbdd0602d88,agglomerative,"{""distance_threshold"": 0.35, ""linkage"": ""average""}"
term_d072741a9db23d194786,years at birth by sex,cluster_8cbdd0602d88,agglomerative,"{""distance_threshold"": 0.35, ""linkage"": ""average""}"
term_fdeb3b4a63012b44bc38,years old in the population,cluster_586194a4eb3a,agglomerative,"{""distance_threshold"": 0.35, ""linkage"": ""average""}"
term_02fc107c8cac07b95765,"years old, by sex - as % of the population",cluster_586194a4eb3a,agglomerative,"{""distance_threshold"": 0.35, ""linkage"": ""average""}"
term_9037581036b12ee59f97,Young persons (aged 15-24) neither in employment,cluster_fd27aed274d2,agglomerative,"{""distance_threshold"": 0.35, ""linkage"": ""average""}"
term_6280b4b2d48f7fdb29ae,Young persons (aged 15-24) neither in employment nor,cluster_fd27aed274d2,agglomerative,"{""distance_threshold"": 0.35, ""linkage"": ""average""}"
term_055bfac06b09b11dc896,Young persons (aged 15-24) neither in employment nor in education and training,cluster_fd27aed274d2,agglomerative,"{""distance_threshold"": 0.35, ""linkage"": ""average""}"
term_2e9ce14b15b7a574fa90,Young persons (aged 15-24) neither in employment nor in education and training - % of total population in private households in the same age group,cluster_fd27aed274d2,agglomerative,"{""distance_threshold"": 0.35, ""linkage"": ""average""}"
term_8bbae4c89b5409a0a045,Young persons neither in employment,cluster_fd27aed274d2,agglomerative,"{""distance_threshold"": 0.35, ""linkage"": ""average""}"
term_59bf568aa1488d615c43,Young persons neither in employment nor,cluster_fd27aed274d2,agglomerative,"{""distance_threshold"": 0.35, ""linkage"": ""average""}"
term_cdb7dfd3cbe25b0c9cab,Young persons neither in employment nor in,cluster_fd27aed274d2,agglomerative,"{""distance_threshold"": 0.35, ""linkage"": ""average""}"
term_6c7a09008229d450626f,Young persons neither in employment nor in education,cluster_fd27aed274d2,agglomerative,"{""distance_threshold"": 0.35, ""linkage"": ""average""}"
term_2c531a8a827df2e14928,Young persons neither in employment nor in education and training (NEET) by citizenship,cluster_fd27aed274d2,agglomerative,"{""distance_threshold"": 0.35, ""linkage"": ""average""}"
term_cc3e04edd8ae8955e635,Young persons neither in employment nor in education and training (NEET) by sex,cluster_fd27aed274d2,agglomerative,"{""distance_threshold"": 0.35, ""linkage"": ""average""}"
term_959f704f4177d2d4abb0,Youth employment,cluster_b625d52d71ac,agglomerative,"{""distance_threshold"": 0.35, ""linkage"": ""average""}"
term_3c33c21a6d738b2da479,Youth employment rate,cluster_b625d52d71ac,agglomerative,"{""distance_threshold"": 0.35, ""linkage"": ""average""}"
term_5bff38044faa9f4bc10d,Youth employment rate (age,cluster_b625d52d71ac,agglomerative,"{""distance_threshold"": 0.35, ""linkage"": ""average""}"
term_950ddfd6e6fb4d65acae,Youth employment rate (age group,cluster_b625d52d71ac,agglomerative,"{""distance_threshold"": 0.35, ""linkage"": ""average""}"
term_1788a1836bf6da9eb521,Youth employment rate (age group 20-29,cluster_b625d52d71ac,agglomerative,"{""distance_threshold"": 0.35, ""linkage"": ""average""}"
term_9672d50aacb8ed271606,Youth employment rate (age group 20-29),cluster_b625d52d71ac,agglomerative,"{""distance_threshold"": 0.35, ""linkage"": ""average""}"
term_de0534cba2f4b860d3e7,Youth unemployment,cluster_b625d52d71ac,agglomerative,"{""distance_threshold"": 0.35, ""linkage"": ""average""}"
term_dd80b78a08d53b8c1fc6,Youth unemployment rate - % of,cluster_b625d52d71ac,agglomerative,"{""distance_threshold"": 0.35, ""linkage"": ""average""}"
term_c75ed59a25c1fbb6692a,Youth unemployment rate - % of active,cluster_b625d52d71ac,agglomerative,"{""distance_threshold"": 0.35, ""linkage"": ""average""}"
term_1ebf3e3673f028d1f77a,Youth unemployment rate - % of active population,cluster_b625d52d71ac,agglomerative,"{""distance_threshold"": 0.35, ""linkage"": ""average""}"
term_b229a10664f7081082ac,Youth unemployment rate - % of active population aged,cluster_b625d52d71ac,agglomerative,"{""distance_threshold"": 0.35, ""linkage"": ""average""}"
term_6a159da8f44b32a6a971,Youth unemployment rate - % of active population aged 15-24,cluster_b625d52d71ac,agglomerative,"{""distance_threshold"": 0.35, ""linkage"": ""average""}"
term_be9f19c8932759409cfe,Youth unemployment rate by,cluster_b625d52d71ac,agglomerative,"{""distance_threshold"": 0.35, ""linkage"": ""average""}"
term_b729ad875ff9c728f329,Youth unemployment rate by sex,cluster_b625d52d71ac,agglomerative,"{""distance_threshold"": 0.35, ""linkage"": ""average""}"
term_c09524c9ece17de471b6,Youth unemployment ratio,cluster_b625d52d71ac,agglomerative,"{""distance_threshold"": 0.35, ""linkage"": ""average""}"
term_a320814b48b84711deb8,Youth unemployment ratio (age,cluster_b625d52d71ac,agglomerative,"{""distance_threshold"": 0.35, ""linkage"": ""average""}"
term_fe9452c1aa58c6e32074,Youth unemployment ratio (age group,cluster_b625d52d71ac,agglomerative,"{""distance_threshold"": 0.35, ""linkage"": ""average""}"
term_da7f493e0f351447322e,Youth unemployment ratio (age group 15-24,cluster_b625d52d71ac,agglomerative,"{""distance_threshold"": 0.35, ""linkage"": ""average""}"
term_37cf41b2716bfe4cd304,Youth unemployment ratio (age group 15-24),cluster_b625d52d71ac,agglomerative,"{""distance_threshold"": 0.35, ""linkage"": ""average""}"
