term_id,term,cluster_id,domain,membership_probability,is_representative,labeling_method,evidence
term_20d6b4a1cc5307075745,Accidents in waterway transport,unclustered,cross-domain or other,0.000000,false,noise_default,"{""classification_run_id"": ""run_75b90575bb9e48ce7918"", ""domain_scores"": {}, ""source"": ""hdbscan_pearl_small""}"
term_2c16cafab319d30eed0d,Accidents involving the transport of dangerous goods,unclustered,cross-domain or other,0.000000,false,noise_default,"{""classification_run_id"": ""run_75b90575bb9e48ce7918"", ""domain_scores"": {}, ""source"": ""hdbscan_pearl_small""}"
term_0f8f9cf7bf3053d8d92c,Accidents involving the transport of dangerous goods - annual data,unclustered,cross-domain or other,0.000000,false,noise_default,"{""classification_run_id"": ""run_75b90575bb9e48ce7918"", ""domain_scores"": {}, ""source"": ""hdbscan_pearl_small""}"
term_28537334be6786e5aad6,Adjusted gross disposable income of households per capita in PPS,cluster_84a10ec4eb87,cross-domain or other,0.999378,false,embedding_threshold_fallback,"{""classification_run_id"": ""run_75b90575bb9e48ce7918"", ""domain_scores"": {""economy and finance"": 0.7286435528360393, ""environment and energy"": 0.6519930377463107, ""health"": 0.6568422343562978, ""labour market"": 0.7009352358476473, ""population and demography"": 0.7137265756915805}, ""source"": ""hdbscan_pearl_small""}"
term_a8771db3c5fdeaea7553,Aggregate propensity to consume by income quintile,unclustered,cross-domain or other,0.000000,false,noise_default,"{""classification_run_id"": ""run_75b90575bb9e48ce7918"", ""domain_scores"": {}, ""source"": ""hdbscan_pearl_small""}"
term_dd253336ca9a867f3b27,Aggregate propensity to consume by income quintile - experimental statistics,unclustered,cross-domain or other,0.000000,false,noise_default,"{""classification_run_id"": ""run_75b90575bb9e48ce7918"", ""domain_scores"": {}, ""source"": ""hdbscan_pearl_small""}"
term_d159d1d70a676d86fe50,Agricultural holdings by age of holder,unclustered,cross-domain or other,0.000000,false,noise_default,"{""classification_run_id"": ""run_75b90575bb9e48ce7918"", ""domain_scores"": {}, ""source"": ""hdbscan_pearl_small""}"
term_0d7a0d04c0ce32966ea7,Agricultural holdings by agricultural area,unclustered,cross-domain or other,0.000000,false,noise_default,"{""classification_run_id"": ""run_75b90575bb9e48ce7918"", ""domain_scores"": {}, ""source"": ""hdbscan_pearl_small""}"
term_f2c0c07a0e4bc0b204b8,Agricultural holdings by economic size of the farm (Standard Output in Euro),unclustered,cross-domain or other,0.000000,false,noise_default,"{""classification_run_id"": ""run_75b90575bb9e48ce7918"", ""domain_scores"": {}, ""source"": ""hdbscan_pearl_small""}"
term_6cc6165729f5e7f40aea,Agricultural land prices by region,unclustered,cross-domain or other,0.000000,false,noise_default,"{""classification_run_id"": ""run_75b90575bb9e48ce7918"", ""domain_scores"": {}, ""source"": ""hdbscan_pearl_small""}"
term_0e0b3810707546d985d4,Agricultural land prices by region - historical data,unclustered,cross-domain or other,0.000000,false,noise_default,"{""classification_run_id"": ""run_75b90575bb9e48ce7918"", ""domain_scores"": {}, ""source"": ""hdbscan_pearl_small""}"
term_6f2b02206af9e587fed1,Agricultural land renting prices for one year by region,unclustered,cross-domain or other,0.000000,false,noise_default,"{""classification_run_id"": ""run_75b90575bb9e48ce7918"", ""domain_scores"": {}, ""source"": ""hdbscan_pearl_small""}"
term_e422348de0704bae21cd,Agricultural land renting prices for one year by region - historical data,unclustered,cross-domain or other,0.000000,false,noise_default,"{""classification_run_id"": ""run_75b90575bb9e48ce7918"", ""domain_scores"": {}, ""source"": ""hdbscan_pearl_small""}"
term_91ab15d8f699b278f32c,Agricultural real factor income per annual work unit (AWU),unclustered,cross-domain or other,0.000000,false,noise_default,"{""classification_run_id"": ""run_75b90575bb9e48ce7918"", ""domain_scores"": {}, ""source"": ""hdbscan_pearl_small""}"
term_0b214cfd73ab25abb7b2,Air passenger transport,cluster_310e64b58954,transport,0.930540,true,embedding_threshold,"{""classification_run_id"": ""run_75b90575bb9e48ce7918"", ""domain_scores"": {""agriculture, forestry, and fisheries"": 0.6568437781978611, ""economy and finance"": 0.6812492999573971, ""industry, trade, and services"": 0.6995698206879771, ""labour market"": 0.6614922186669936, ""transport"": 0.860033991344811}, ""source"": ""hdbscan_pearl_small""}"
term_d2e804e762d250d07c7c,Air passenger transport - ENP-South countries,cluster_310e64b58954,transport,0.948930,false,embedding_threshold,"{""classification_run_id"": ""run_75b90575bb9e48ce7918"", ""domain_scores"": {""agriculture, forestry, and fisheries"": 0.6568437781978611, ""economy and finance"": 0.6812492999573971, ""industry, trade, and services"": 0.6995698206879771, ""labour market"": 0.6614922186669936, ""transport"": 0.860033991344811}, ""source"": ""hdbscan_pearl_small""}"
term_7dcf76b37479e12f0002,Air transport equipment,unclustered,cross-domain or other,0.000000,false,noise_default,"{""classification_run_id"": ""run_75b90575bb9e48ce7918"", ""domain_scores"": {}, ""source"": ""hdbscan_pearl_small""}"
term_45c3f1dcec8bf74b3b4e,Air transport equipment: number of aircrafts,unclustered,cross-domain or other,0.000000,false,noise_default,"{""classification_run_id"": ""run_75b90575bb9e48ce7918"", ""domain_scores"": {}, ""source"": ""hdbscan_pearl_small""}"
term_34fd33d58a573e6288b3,Air transport infrastructure,unclustered,cross-domain or other,0.000000,false,noise_default,"{""classification_run_id"": ""run_75b90575bb9e48ce7918"", ""domain_scores"": {}, ""source"": ""hdbscan_pearl_small""}"
term_c9079f249b58f620e9c3,Air transport infrastructure: airports,unclustered,cross-domain or other,0.000000,false,noise_default,"{""classification_run_id"": ""run_75b90575bb9e48ce7918"", ""domain_scores"": {}, ""source"": ""hdbscan_pearl_small""}"
term_6a711696e7225f1e4d10,Air transport infrastructure: length of paved runways,unclustered,cross-domain or other,0.000000,false,noise_default,"{""classification_run_id"": ""run_75b90575bb9e48ce7918"", ""domain_scores"": {}, ""source"": ""hdbscan_pearl_small""}"
term_a0016567b77ecdefeda9,Air transport of freight by NUTS 2 region,unclustered,cross-domain or other,0.000000,false,noise_default,"{""classification_run_id"": ""run_75b90575bb9e48ce7918"", ""domain_scores"": {}, ""source"": ""hdbscan_pearl_small""}"
term_1051834513fa48bf6daa,Air transport of goods by country (yearly data),unclustered,cross-domain or other,0.000000,false,noise_default,"{""classification_run_id"": ""run_75b90575bb9e48ce7918"", ""domain_scores"": {}, ""source"": ""hdbscan_pearl_small""}"
term_b13910a22b73184ff80d,Air transport of passengers by NUTS 2 region,unclustered,cross-domain or other,0.000000,false,noise_default,"{""classification_run_id"": ""run_75b90575bb9e48ce7918"", ""domain_scores"": {}, ""source"": ""hdbscan_pearl_small""}"
term_b847033074daa0b60a7d,Air transport traffic,cluster_310e64b58954,transport,0.930540,false,embedding_threshold,"{""classification_run_id"": ""run_75b90575bb9e48ce7918"", ""domain_scores"": {""agriculture, forestry, and fisheries"": 0.6568437781978611, ""economy and finance"": 0.6812492999573971, ""industry, trade, and services"": 0.6995698206879771, ""labour market"": 0.6614922186669936, ""transport"": 0.860033991344811}, ""source"": ""hdbscan_pearl_small""}"
term_54d9b1f4afa97eb30220,Air transport traffic: freight and passengers,unclustered,cross-domain or other,0.000000,false,noise_default,"{""classification_run_id"": ""run_75b90575bb9e48ce7918"", ""domain_scores"": {}, ""source"": ""hdbscan_pearl_small""}"
term_50eb0e42cf2464964ee5,Air transport traffic: number of aircraft movements,unclustered,cross-domain or other,0.000000,false,noise_default,"{""classification_run_id"": ""run_75b90575bb9e48ce7918"", ""domain_scores"": {}, ""source"": ""hdbscan_pearl_small""}"
term_26408b77200929d0bb01,Animal output - basic and producer prices,cluster_b70da2ec1a1f,cross-domain or other,1.000000,true,embedding_threshold_fallback,"{""classification_run_id"": ""run_75b90575bb9e48ce7918"", ""domain_scores"": {""agriculture, forestry, and fisheries"": 0.7459805214624858, ""economy and finance"": 0.756125447477141, ""environment and energy"": 0.6721425872937218, ""industry, trade, and services"": 0.7073479058702036, ""labour market"": 0.7049494237753877}, ""source"": ""hdbscan_pearl_small""}"
term_558f4a8e9de234d081fa,Annual aquaculture production,cluster_0747a3157ffb,"agriculture, forestry, and fisheries",0.968711,false,embedding_threshold,"{""classification_run_id"": ""run_75b90575bb9e48ce7918"", ""domain_scores"": {""agriculture, forestry, and fisheries"": 0.7705115463051274, ""education"": 0.635955172237763, ""environment and energy"": 0.6922148252171598, ""industry, trade, and services"": 0.6596587474858008, ""labour market"": 0.6636619757451894}, ""source"": ""hdbscan_pearl_small""}"
term_de9b03884237b6ceb33d,Annual aquaculture production - live weight in tonnes,cluster_0747a3157ffb,"agriculture, forestry, and fisheries",0.968711,false,embedding_threshold,"{""classification_run_id"": ""run_75b90575bb9e48ce7918"", ""domain_scores"": {""agriculture, forestry, and fisheries"": 0.7705115463051274, ""education"": 0.635955172237763, ""environment and energy"": 0.6922148252171598, ""industry, trade, and services"": 0.6596587474858008, ""labour market"": 0.6636619757451894}, ""source"": ""hdbscan_pearl_small""}"
term_08daf5eebc86334e6fe1,"annual data, % of GDP",cluster_71139f449ed0,economy and finance,1.000000,true,embedding_threshold,"{""classification_run_id"": ""run_75b90575bb9e48ce7918"", ""domain_scores"": {""economy and finance"": 0.7268003334031932, ""health"": 0.6290264990649875, ""industry, trade, and services"": 0.6535122370515143, ""labour market"": 0.6599099628287749, ""population and demography"": 0.6348137138742423}, ""source"": ""hdbscan_pearl_small""}"
term_e327dc97a9636e3ea46d,Annual production and utilisation of milk on the farm,unclustered,cross-domain or other,0.000000,false,noise_default,"{""classification_run_id"": ""run_75b90575bb9e48ce7918"", ""domain_scores"": {}, ""source"": ""hdbscan_pearl_small""}"
term_c8cbf667c7ff9a10e81f,Aquaculture production by aquatic environment,cluster_0747a3157ffb,"agriculture, forestry, and fisheries",0.971237,false,embedding_threshold,"{""classification_run_id"": ""run_75b90575bb9e48ce7918"", ""domain_scores"": {""agriculture, forestry, and fisheries"": 0.7705115463051274, ""education"": 0.635955172237763, ""environment and energy"": 0.6922148252171598, ""industry, trade, and services"": 0.6596587474858008, ""labour market"": 0.6636619757451894}, ""source"": ""hdbscan_pearl_small""}"
term_99a7a01d09d96b6d97c9,Aquaculture production by aquatic environment - ENP-South countries,cluster_0747a3157ffb,"agriculture, forestry, and fisheries",0.982468,true,embedding_threshold,"{""classification_run_id"": ""run_75b90575bb9e48ce7918"", ""domain_scores"": {""agriculture, forestry, and fisheries"": 0.7705115463051274, ""education"": 0.635955172237763, ""environment and energy"": 0.6922148252171598, ""industry, trade, and services"": 0.6596587474858008, ""labour market"": 0.6636619757451894}, ""source"": ""hdbscan_pearl_small""}"
term_7789a973297e4d885e32,Aquaculture production in tonnes and value,cluster_0747a3157ffb,"agriculture, forestry, and fisheries",0.900527,false,embedding_threshold,"{""classification_run_id"": ""run_75b90575bb9e48ce7918"", ""domain_scores"": {""agriculture, forestry, and fisheries"": 0.7705115463051274, ""education"": 0.635955172237763, ""environment and energy"": 0.6922148252171598, ""industry, trade, and services"": 0.6596587474858008, ""labour market"": 0.6636619757451894}, ""source"": ""hdbscan_pearl_small""}"
term_1ea0302f0e6ecab11f29,Arrears on non-housing bills by income quintile,unclustered,cross-domain or other,0.000000,false,noise_default,"{""classification_run_id"": ""run_75b90575bb9e48ce7918"", ""domain_scores"": {}, ""source"": ""hdbscan_pearl_small""}"
term_f562209adf44b800cb23,as % of the population of the corresponding age,cluster_99cbd02aba19,education,0.661417,false,embedding_threshold,"{""classification_run_id"": ""run_75b90575bb9e48ce7918"", ""domain_scores"": {""education"": 0.7589218905617889, ""health"": 0.6434949786966618, ""population and demography"": 0.710072635302008, ""regional and urban statistics"": 0.6397274526131986, ""social conditions and equality"": 0.6712758401898061}, ""source"": ""hdbscan_pearl_small""}"
term_a66e5a24f4ba2094a4f6,as % of the population of the corresponding age group,unclustered,cross-domain or other,0.000000,false,noise_default,"{""classification_run_id"": ""run_75b90575bb9e48ce7918"", ""domain_scores"": {}, ""source"": ""hdbscan_pearl_small""}"
term_e1eb350cc06d0a62981f,as % of the total population of post-compulsory school age,unclustered,cross-domain or other,0.000000,false,noise_default,"{""classification_run_id"": ""run_75b90575bb9e48ce7918"", ""domain_scores"": {}, ""source"": ""hdbscan_pearl_small""}"
term_7c168de392caf7078752,as % of total active population,unclustered,cross-domain or other,0.000000,false,noise_default,"{""classification_run_id"": ""run_75b90575bb9e48ce7918"", ""domain_scores"": {}, ""source"": ""hdbscan_pearl_small""}"
term_e1602b3139cef5deb9f9,as % of total or current expenditure,cluster_9f5217e9767f,cross-domain or other,1.000000,false,embedding_threshold_fallback,"{""classification_run_id"": ""run_75b90575bb9e48ce7918"", ""domain_scores"": {""economy and finance"": 0.6891359844726656, ""education"": 0.7167730397231009, ""environment and energy"": 0.6187253234181086, ""government, justice, and public administration"": 0.666310655781945, ""population and demography"": 0.6156232734483393}, ""source"": ""hdbscan_pearl_small""}"
term_70fbc6c91624609e107f,as % of total public expenditure,cluster_9f5217e9767f,cross-domain or other,1.000000,true,embedding_threshold_fallback,"{""classification_run_id"": ""run_75b90575bb9e48ce7918"", ""domain_scores"": {""economy and finance"": 0.6891359844726656, ""education"": 0.7167730397231009, ""environment and energy"": 0.6187253234181086, ""government, justice, and public administration"": 0.666310655781945, ""population and demography"": 0.6156232734483393}, ""source"": ""hdbscan_pearl_small""}"
term_b24eebc0b3af6b6b4aa0,At risk-of-poverty rate for the population living in (quasi-)jobless households,unclustered,cross-domain or other,0.000000,false,noise_default,"{""classification_run_id"": ""run_75b90575bb9e48ce7918"", ""domain_scores"": {}, ""source"": ""hdbscan_pearl_small""}"
term_6344e0456def1c9ee015,At-risk-of poverty rate for children by citizenship of their parents (population aged 0 to 17),unclustered,cross-domain or other,0.000000,false,noise_default,"{""classification_run_id"": ""run_75b90575bb9e48ce7918"", ""domain_scores"": {}, ""source"": ""hdbscan_pearl_small""}"
term_213859f5d72fd3eaad3d,At-risk-of poverty rate for children by country of birth of their parents (population aged 0 to 17),unclustered,cross-domain or other,0.000000,false,noise_default,"{""classification_run_id"": ""run_75b90575bb9e48ce7918"", ""domain_scores"": {}, ""source"": ""hdbscan_pearl_small""}"
term_1d11dca31232a36ebf76,Average expenditure per night,unclustered,cross-domain or other,0.000000,false,noise_default,"{""classification_run_id"": ""run_75b90575bb9e48ce7918"", ""domain_scores"": {}, ""source"": ""hdbscan_pearl_small""}"
term_06fd140352484b25e43e,Average expenditure per trip,unclustered,cross-domain or other,0.000000,false,noise_default,"{""classification_run_id"": ""run_75b90575bb9e48ce7918"", ""domain_scores"": {}, ""source"": ""hdbscan_pearl_small""}"
term_335951c32d8d2116b9f0,Average population (mid-year),cluster_99358c580dcf,labour market,0.844187,false,embedding_threshold,"{""classification_run_id"": ""run_75b90575bb9e48ce7918"", ""domain_scores"": {""economy and finance"": 0.6830314331028731, ""labour market"": 0.789534856381208, ""population and demography"": 0.7264993057884989, ""regional and urban statistics"": 0.6766704497423219, ""social conditions and equality"": 0.7191189563238449}, ""source"": ""hdbscan_pearl_small""}"
term_424bd938c951afe537f5,Average population mid-year by sex and age group,cluster_99358c580dcf,labour market,0.844187,false,embedding_threshold,"{""classification_run_id"": ""run_75b90575bb9e48ce7918"", ""domain_scores"": {""economy and finance"": 0.6830314331028731, ""labour market"": 0.789534856381208, ""population and demography"": 0.7264993057884989, ""regional and urban statistics"": 0.6766704497423219, ""social conditions and equality"": 0.7191189563238449}, ""source"": ""hdbscan_pearl_small""}"
term_0f501f4a2588acc2b10d,Average population mid-year by sex and age group - ENP-South countries,cluster_99358c580dcf,labour market,0.844187,false,embedding_threshold,"{""classification_run_id"": ""run_75b90575bb9e48ce7918"", ""domain_scores"": {""economy and finance"": 0.6830314331028731, ""labour market"": 0.789534856381208, ""population and demography"": 0.7264993057884989, ""regional and urban statistics"": 0.6766704497423219, ""social conditions and equality"": 0.7191189563238449}, ""source"": ""hdbscan_pearl_small""}"
term_b82538563afbccd385b6,"Barley by area, production and humidity",cluster_9391f8d593af,"agriculture, forestry, and fisheries",1.000000,true,embedding_threshold,"{""classification_run_id"": ""run_75b90575bb9e48ce7918"", ""domain_scores"": {""agriculture, forestry, and fisheries"": 0.7215382746502316, ""environment and energy"": 0.6904157422959046, ""labour market"": 0.6448385178470997, ""population and demography"": 0.6238849919667521, ""regional and urban statistics"": 0.6660959028884115}, ""source"": ""hdbscan_pearl_small""}"
term_b90af556331316163672,basic and producer prices,cluster_b70da2ec1a1f,cross-domain or other,1.000000,false,embedding_threshold_fallback,"{""classification_run_id"": ""run_75b90575bb9e48ce7918"", ""domain_scores"": {""agriculture, forestry, and fisheries"": 0.7459805214624858, ""economy and finance"": 0.756125447477141, ""environment and energy"": 0.6721425872937218, ""industry, trade, and services"": 0.7073479058702036, ""labour market"": 0.7049494237753877}, ""source"": ""hdbscan_pearl_small""}"
term_2d69baedc15824c81811,Buses and coaches traffic performance registered in the by transport covarage,unclustered,cross-domain or other,0.000000,false,noise_default,"{""classification_run_id"": ""run_75b90575bb9e48ce7918"", ""domain_scores"": {}, ""source"": ""hdbscan_pearl_small""}"
term_318cf2b1f91f6cc6d9ec,Carrying capacity of the waterway transport enterprises vessels by number of vessels in enterprises,cluster_e22df4ed8343,transport,1.000000,true,embedding_threshold,"{""classification_run_id"": ""run_75b90575bb9e48ce7918"", ""domain_scores"": {""agriculture, forestry, and fisheries"": 0.6504098985479125, ""economy and finance"": 0.6577851122105566, ""industry, trade, and services"": 0.7326276302155783, ""labour market"": 0.694030383173282, ""transport"": 0.7837847022418346}, ""source"": ""hdbscan_pearl_small""}"
term_5f7e6cf5264e9854d4ea,Causes of death,cluster_08676e4a8f67,cross-domain or other,0.838727,false,embedding_threshold_fallback,"{""classification_run_id"": ""run_75b90575bb9e48ce7918"", ""domain_scores"": {""environment and energy"": 0.6265151244861141, ""health"": 0.7445838198500743, ""population and demography"": 0.7158470017582006, ""social conditions and equality"": 0.6993057268964641, ""transport"": 0.6316672361559459}, ""source"": ""hdbscan_pearl_small""}"
term_962076671ba1710ec9cd,Causes of death - potential years of life lost by country of residence,cluster_08676e4a8f67,cross-domain or other,0.706252,false,embedding_threshold_fallback,"{""classification_run_id"": ""run_75b90575bb9e48ce7918"", ""domain_scores"": {""environment and energy"": 0.6265151244861141, ""health"": 0.7445838198500743, ""population and demography"": 0.7158470017582006, ""social conditions and equality"": 0.6993057268964641, ""transport"": 0.6316672361559459}, ""source"": ""hdbscan_pearl_small""}"
term_3456ee1ef3a4b5d3e160,"Causes of death, by sex",cluster_08676e4a8f67,cross-domain or other,1.000000,true,embedding_threshold_fallback,"{""classification_run_id"": ""run_75b90575bb9e48ce7918"", ""domain_scores"": {""environment and energy"": 0.6265151244861141, ""health"": 0.7445838198500743, ""population and demography"": 0.7158470017582006, ""social conditions and equality"": 0.6993057268964641, ""transport"": 0.6316672361559459}, ""source"": ""hdbscan_pearl_small""}"
term_21acbc3991aad168be3f,"Cereals for the production of grain (including seed) by area, production and humidity",cluster_9391f8d593af,"agriculture, forestry, and fisheries",1.000000,true,embedding_threshold,"{""classification_run_id"": ""run_75b90575bb9e48ce7918"", ""domain_scores"": {""agriculture, forestry, and fisheries"": 0.7215382746502316, ""environment and energy"": 0.6904157422959046, ""labour market"": 0.6448385178470997, ""population and demography"": 0.6238849919667521, ""regional and urban statistics"": 0.6660959028884115}, ""source"": ""hdbscan_pearl_small""}"
term_bddb535218bdd2ecee0c,Children cared only by their parents by age group - % over the population of each age group,unclustered,cross-domain or other,0.000000,false,noise_default,"{""classification_run_id"": ""run_75b90575bb9e48ce7918"", ""domain_scores"": {}, ""source"": ""hdbscan_pearl_small""}"
term_8fa5a4c35cfb38394961,"Classroom teachers working full-time and part-time in primary, lower-secondary and upper-secondary education - as % of total active population",unclustered,cross-domain or other,0.000000,false,noise_default,"{""classification_run_id"": ""run_75b90575bb9e48ce7918"", ""domain_scores"": {}, ""source"": ""hdbscan_pearl_small""}"
term_1d490b3690f8a6d9f521,constant prices,unclustered,cross-domain or other,0.000000,false,noise_default,"{""classification_run_id"": ""run_75b90575bb9e48ce7918"", ""domain_scores"": {}, ""source"": ""hdbscan_pearl_small""}"
term_eacb2216fe4997adf92e,Consumer price index,cluster_b79ec27e90f4,cross-domain or other,0.775437,false,embedding_threshold_fallback,"{""classification_run_id"": ""run_75b90575bb9e48ce7918"", ""domain_scores"": {""economy and finance"": 0.698195168945704, ""industry, trade, and services"": 0.6135823503332326, ""labour market"": 0.6775073446974057, ""population and demography"": 0.6811998404817894, ""regional and urban statistics"": 0.6500206788020642}, ""source"": ""hdbscan_pearl_small""}"
term_5574a85a609e8966b428,Consumer price index - ENP-East countries,cluster_80edd39ddbff,economy and finance,0.841020,false,embedding_threshold,"{""classification_run_id"": ""run_75b90575bb9e48ce7918"", ""domain_scores"": {""agriculture, forestry, and fisheries"": 0.6417372564412809, ""economy and finance"": 0.7471593770046031, ""industry, trade, and services"": 0.6678429265998614, ""labour market"": 0.6986427909369246, ""population and demography"": 0.6455627472321667}, ""source"": ""hdbscan_pearl_small""}"
term_a1ec4c2cbf84309933ed,Consumer price index - ENP-South countries,cluster_80edd39ddbff,economy and finance,0.841020,false,embedding_threshold,"{""classification_run_id"": ""run_75b90575bb9e48ce7918"", ""domain_scores"": {""agriculture, forestry, and fisheries"": 0.6417372564412809, ""economy and finance"": 0.7471593770046031, ""industry, trade, and services"": 0.6678429265998614, ""labour market"": 0.6986427909369246, ""population and demography"": 0.6455627472321667}, ""source"": ""hdbscan_pearl_small""}"
term_6150cd2caa8f4a04c46e,Container transport by type of goods and coverage,unclustered,cross-domain or other,0.000000,false,noise_default,"{""classification_run_id"": ""run_75b90575bb9e48ce7918"", ""domain_scores"": {}, ""source"": ""hdbscan_pearl_small""}"
term_027275b4917a775d06d1,Country level - gross weight of goods transported to/from main ports,cluster_436a35bf5d70,transport,1.000000,false,embedding_threshold,"{""classification_run_id"": ""run_75b90575bb9e48ce7918"", ""domain_scores"": {""agriculture, forestry, and fisheries"": 0.6680911486169095, ""economy and finance"": 0.6993370570124587, ""environment and energy"": 0.6612407709431416, ""industry, trade, and services"": 0.6961852515140688, ""transport"": 0.7806940761400575}, ""source"": ""hdbscan_pearl_small""}"
term_ac49c8d4bf9ebe2ab58f,Crimes recorded by the police - homicide in cities,unclustered,cross-domain or other,0.000000,false,noise_default,"{""classification_run_id"": ""run_75b90575bb9e48ce7918"", ""domain_scores"": {}, ""source"": ""hdbscan_pearl_small""}"
term_112b7bcba889c2543790,Crop output - basic and producer prices,cluster_b70da2ec1a1f,cross-domain or other,1.000000,true,embedding_threshold_fallback,"{""classification_run_id"": ""run_75b90575bb9e48ce7918"", ""domain_scores"": {""agriculture, forestry, and fisheries"": 0.7459805214624858, ""economy and finance"": 0.756125447477141, ""environment and energy"": 0.6721425872937218, ""industry, trade, and services"": 0.7073479058702036, ""labour market"": 0.7049494237753877}, ""source"": ""hdbscan_pearl_small""}"
term_484236517c42f3ecd18f,Crop production - ENP-East countries,cluster_0747a3157ffb,"agriculture, forestry, and fisheries",1.000000,false,embedding_threshold,"{""classification_run_id"": ""run_75b90575bb9e48ce7918"", ""domain_scores"": {""agriculture, forestry, and fisheries"": 0.7705115463051274, ""education"": 0.635955172237763, ""environment and energy"": 0.6922148252171598, ""industry, trade, and services"": 0.6596587474858008, ""labour market"": 0.6636619757451894}, ""source"": ""hdbscan_pearl_small""}"
term_e9ef238b028627dd77c4,Crop production - ENP-South countries,cluster_0747a3157ffb,"agriculture, forestry, and fisheries",1.000000,false,embedding_threshold,"{""classification_run_id"": ""run_75b90575bb9e48ce7918"", ""domain_scores"": {""agriculture, forestry, and fisheries"": 0.7705115463051274, ""education"": 0.635955172237763, ""environment and energy"": 0.6922148252171598, ""industry, trade, and services"": 0.6596587474858008, ""labour market"": 0.6636619757451894}, ""source"": ""hdbscan_pearl_small""}"
term_99e1529e4e89f9c36b6e,"Crude rate of birth, of dead and of population change",unclustered,cross-domain or other,0.000000,false,noise_default,"{""classification_run_id"": ""run_75b90575bb9e48ce7918"", ""domain_scores"": {}, ""source"": ""hdbscan_pearl_small""}"
term_0aaad1fb739644538df7,"Crude rate of birth, of dead and of population change - ENP-South countries",unclustered,cross-domain or other,0.000000,false,noise_default,"{""classification_run_id"": ""run_75b90575bb9e48ce7918"", ""domain_scores"": {}, ""source"": ""hdbscan_pearl_small""}"
term_1e90b7c1d9857b0b43e2,Cultural employment by sex,unclustered,cross-domain or other,0.000000,false,noise_default,"{""classification_run_id"": ""run_75b90575bb9e48ce7918"", ""domain_scores"": {}, ""source"": ""hdbscan_pearl_small""}"
term_c46d3ef2aa9824c586e8,"Current account transactions - primary income: credits, debits and balance",unclustered,cross-domain or other,0.000000,false,noise_default,"{""classification_run_id"": ""run_75b90575bb9e48ce7918"", ""domain_scores"": {}, ""source"": ""hdbscan_pearl_small""}"
term_f216ac3c2bf81bef68a4,"Current account transactions - secondary income: credits, debits and balance",unclustered,cross-domain or other,0.000000,false,noise_default,"{""classification_run_id"": ""run_75b90575bb9e48ce7918"", ""domain_scores"": {}, ""source"": ""hdbscan_pearl_small""}"
term_06805613d2075f44c3ed,current prices,unclustered,cross-domain or other,0.000000,false,noise_default,"{""classification_run_id"": ""run_75b90575bb9e48ce7918"", ""domain_scores"": {}, ""source"": ""hdbscan_pearl_small""}"
term_101e60ee5f0f430737e5,"Death due to accidents, by sex",cluster_08676e4a8f67,cross-domain or other,1.000000,true,embedding_threshold_fallback,"{""classification_run_id"": ""run_75b90575bb9e48ce7918"", ""domain_scores"": {""environment and energy"": 0.6265151244861141, ""health"": 0.7445838198500743, ""population and demography"": 0.7158470017582006, ""social conditions and equality"": 0.6993057268964641, ""transport"": 0.6316672361559459}, ""source"": ""hdbscan_pearl_small""}"
term_956ee1e95cb224363643,"Death due to AIDS (HIV-disease), by sex",cluster_08676e4a8f67,cross-domain or other,0.978580,true,embedding_threshold_fallback,"{""classification_run_id"": ""run_75b90575bb9e48ce7918"", ""domain_scores"": {""environment and energy"": 0.6265151244861141, ""health"": 0.7445838198500743, ""population and demography"": 0.7158470017582006, ""social conditions and equality"": 0.6993057268964641, ""transport"": 0.6316672361559459}, ""source"": ""hdbscan_pearl_small""}"
term_76957f17efd94e0cea36,"Death due to alcoholic abuse, by sex",cluster_08676e4a8f67,cross-domain or other,0.987767,false,embedding_threshold_fallback,"{""classification_run_id"": ""run_75b90575bb9e48ce7918"", ""domain_scores"": {""environment and energy"": 0.6265151244861141, ""health"": 0.7445838198500743, ""population and demography"": 0.7158470017582006, ""social conditions and equality"": 0.6993057268964641, ""transport"": 0.6316672361559459}, ""source"": ""hdbscan_pearl_small""}"
term_94b6765642dac6f6949f,"Death due to cancer, by sex",cluster_08676e4a8f67,cross-domain or other,1.000000,true,embedding_threshold_fallback,"{""classification_run_id"": ""run_75b90575bb9e48ce7918"", ""domain_scores"": {""environment and energy"": 0.6265151244861141, ""health"": 0.7445838198500743, ""population and demography"": 0.7158470017582006, ""social conditions and equality"": 0.6993057268964641, ""transport"": 0.6316672361559459}, ""source"": ""hdbscan_pearl_small""}"
term_917e54b71e6c2b9e56cf,"Death due to chronic liver disease, by sex",cluster_08676e4a8f67,cross-domain or other,0.987169,false,embedding_threshold_fallback,"{""classification_run_id"": ""run_75b90575bb9e48ce7918"", ""domain_scores"": {""environment and energy"": 0.6265151244861141, ""health"": 0.7445838198500743, ""population and demography"": 0.7158470017582006, ""social conditions and equality"": 0.6993057268964641, ""transport"": 0.6316672361559459}, ""source"": ""hdbscan_pearl_small""}"
term_eeb6980f51c7d56fc3f4,"Death due to diabetes mellitus, by sex",cluster_08676e4a8f67,cross-domain or other,0.965439,false,embedding_threshold_fallback,"{""classification_run_id"": ""run_75b90575bb9e48ce7918"", ""domain_scores"": {""environment and energy"": 0.6265151244861141, ""health"": 0.7445838198500743, ""population and demography"": 0.7158470017582006, ""social conditions and equality"": 0.6993057268964641, ""transport"": 0.6316672361559459}, ""source"": ""hdbscan_pearl_small""}"
term_00b72c6e5deff8c38d7c,"Death due to diseases of the nervous system, by sex",cluster_08676e4a8f67,cross-domain or other,0.957923,false,embedding_threshold_fallback,"{""classification_run_id"": ""run_75b90575bb9e48ce7918"", ""domain_scores"": {""environment and energy"": 0.6265151244861141, ""health"": 0.7445838198500743, ""population and demography"": 0.7158470017582006, ""social conditions and equality"": 0.6993057268964641, ""transport"": 0.6316672361559459}, ""source"": ""hdbscan_pearl_small""}"
term_399d10eefab967a56ee1,"Death due to drugs dependence, by sex",cluster_08676e4a8f67,cross-domain or other,1.000000,false,embedding_threshold_fallback,"{""classification_run_id"": ""run_75b90575bb9e48ce7918"", ""domain_scores"": {""environment and energy"": 0.6265151244861141, ""health"": 0.7445838198500743, ""population and demography"": 0.7158470017582006, ""social conditions and equality"": 0.6993057268964641, ""transport"": 0.6316672361559459}, ""source"": ""hdbscan_pearl_small""}"
term_d2dca023ba00e51db540,"Death due to homicide, assault, by sex",cluster_08676e4a8f67,cross-domain or other,0.984189,false,embedding_threshold_fallback,"{""classification_run_id"": ""run_75b90575bb9e48ce7918"", ""domain_scores"": {""environment and energy"": 0.6265151244861141, ""health"": 0.7445838198500743, ""population and demography"": 0.7158470017582006, ""social conditions and equality"": 0.6993057268964641, ""transport"": 0.6316672361559459}, ""source"": ""hdbscan_pearl_small""}"
term_57d1f644eb4f567ee35e,"Death due to other ischaemic heart diseases, by sex",cluster_08676e4a8f67,cross-domain or other,0.944638,false,embedding_threshold_fallback,"{""classification_run_id"": ""run_75b90575bb9e48ce7918"", ""domain_scores"": {""environment and energy"": 0.6265151244861141, ""health"": 0.7445838198500743, ""population and demography"": 0.7158470017582006, ""social conditions and equality"": 0.6993057268964641, ""transport"": 0.6316672361559459}, ""source"": ""hdbscan_pearl_small""}"
term_16db44a8101ea3aaa4f2,"Death due to pneumonia, by sex",cluster_08676e4a8f67,cross-domain or other,0.978580,false,embedding_threshold_fallback,"{""classification_run_id"": ""run_75b90575bb9e48ce7918"", ""domain_scores"": {""environment and energy"": 0.6265151244861141, ""health"": 0.7445838198500743, ""population and demography"": 0.7158470017582006, ""social conditions and equality"": 0.6993057268964641, ""transport"": 0.6316672361559459}, ""source"": ""hdbscan_pearl_small""}"
term_a328ea1f4752a941f146,"Death due to suicide, by sex",cluster_08676e4a8f67,cross-domain or other,1.000000,true,embedding_threshold_fallback,"{""classification_run_id"": ""run_75b90575bb9e48ce7918"", ""domain_scores"": {""environment and energy"": 0.6265151244861141, ""health"": 0.7445838198500743, ""population and demography"": 0.7158470017582006, ""social conditions and equality"": 0.6993057268964641, ""transport"": 0.6316672361559459}, ""source"": ""hdbscan_pearl_small""}"
term_5849d9c0db41e7b9acb9,"Death due to transport accidents, by sex",cluster_08676e4a8f67,cross-domain or other,0.948723,false,embedding_threshold_fallback,"{""classification_run_id"": ""run_75b90575bb9e48ce7918"", ""domain_scores"": {""environment and energy"": 0.6265151244861141, ""health"": 0.7445838198500743, ""population and demography"": 0.7158470017582006, ""social conditions and equality"": 0.6993057268964641, ""transport"": 0.6316672361559459}, ""source"": ""hdbscan_pearl_small""}"
term_4ac219ee67cfb6b290fb,Deaths and crude death rate,unclustered,cross-domain or other,0.000000,false,noise_default,"{""classification_run_id"": ""run_75b90575bb9e48ce7918"", ""domain_scores"": {}, ""source"": ""hdbscan_pearl_small""}"
term_92edf6d2724d27c3b16d,Deaths by sex,cluster_08676e4a8f67,cross-domain or other,0.830117,false,embedding_threshold_fallback,"{""classification_run_id"": ""run_75b90575bb9e48ce7918"", ""domain_scores"": {""environment and energy"": 0.6265151244861141, ""health"": 0.7445838198500743, ""population and demography"": 0.7158470017582006, ""social conditions and equality"": 0.6993057268964641, ""transport"": 0.6316672361559459}, ""source"": ""hdbscan_pearl_small""}"
term_137e8305fffe057d3255,Deaths of residents related to dementias including Alzheimer,unclustered,cross-domain or other,0.000000,false,noise_default,"{""classification_run_id"": ""run_75b90575bb9e48ce7918"", ""domain_scores"": {}, ""source"": ""hdbscan_pearl_small""}"
term_6c28e669b8ae9b75d28b,"Direct investment liabilities (flows) - annual data, % of GDP",cluster_71139f449ed0,economy and finance,0.894792,false,embedding_threshold,"{""classification_run_id"": ""run_75b90575bb9e48ce7918"", ""domain_scores"": {""economy and finance"": 0.7268003334031932, ""health"": 0.6290264990649875, ""industry, trade, and services"": 0.6535122370515143, ""labour market"": 0.6599099628287749, ""population and demography"": 0.6348137138742423}, ""source"": ""hdbscan_pearl_small""}"
term_83264f46823288d5d1e9,"Direct investment liabilities (stocks) - annual data, % of GDP",cluster_71139f449ed0,economy and finance,0.885943,true,embedding_threshold,"{""classification_run_id"": ""run_75b90575bb9e48ce7918"", ""domain_scores"": {""economy and finance"": 0.7268003334031932, ""health"": 0.6290264990649875, ""industry, trade, and services"": 0.6535122370515143, ""labour market"": 0.6599099628287749, ""population and demography"": 0.6348137138742423}, ""source"": ""hdbscan_pearl_small""}"
term_80b5ab22dea335cf3afa,Disparities in adjusted gross disposable income of households per capita,cluster_84a10ec4eb87,cross-domain or other,0.999378,false,embedding_threshold_fallback,"{""classification_run_id"": ""run_75b90575bb9e48ce7918"", ""domain_scores"": {""economy and finance"": 0.7286435528360393, ""environment and energy"": 0.6519930377463107, ""health"": 0.6568422343562978, ""labour market"": 0.7009352358476473, ""population and demography"": 0.7137265756915805}, ""source"": ""hdbscan_pearl_small""}"
term_4c7e35d1efbd7315d86c,Distribution of digital platform workers (at least one hour in the last month) by price setting,unclustered,cross-domain or other,0.000000,false,noise_default,"{""classification_run_id"": ""run_75b90575bb9e48ce7918"", ""domain_scores"": {}, ""source"": ""hdbscan_pearl_small""}"
term_0a5f811862a59c07d79f,Distribution of digital platform workers (at least one hour in the last month) by price setting - experimental statistics,unclustered,cross-domain or other,0.000000,false,noise_default,"{""classification_run_id"": ""run_75b90575bb9e48ce7918"", ""domain_scores"": {}, ""source"": ""hdbscan_pearl_small""}"
term_d0cf9392077626f22315,Distribution of digital platform workers (at least one hour in the last month) by share of platform income in their earnings,unclustered,cross-domain or other,0.000000,false,noise_default,"{""classification_run_id"": ""run_75b90575bb9e48ce7918"", ""domain_scores"": {}, ""source"": ""hdbscan_pearl_small""}"
term_caa6309ffcec0ffa87e1,Distribution of digital platform workers (at least one hour in the last month) by share of platform income in their earnings - experimental statistics,unclustered,cross-domain or other,0.000000,false,noise_default,"{""classification_run_id"": ""run_75b90575bb9e48ce7918"", ""domain_scores"": {}, ""source"": ""hdbscan_pearl_small""}"
term_eab582259d286e7cd986,Distribution of population by household types,unclustered,cross-domain or other,0.000000,false,noise_default,"{""classification_run_id"": ""run_75b90575bb9e48ce7918"", ""domain_scores"": {}, ""source"": ""hdbscan_pearl_small""}"
term_892ca2920961f51b7d30,Distribution of population by household types - EU-SILC survey,cluster_e7d0c36b4e48,population and demography,0.827870,false,embedding_threshold,"{""classification_run_id"": ""run_75b90575bb9e48ce7918"", ""domain_scores"": {""health"": 0.6489362833762581, ""labour market"": 0.7028210916628311, ""population and demography"": 0.7487856750551453, ""regional and urban statistics"": 0.6552702354468821, ""social conditions and equality"": 0.7185160585524769}, ""source"": ""hdbscan_pearl_small""}"
term_51ed3941228748ad9c32,Domestic industrial production price index,cluster_de826995d586,economy and finance,0.828721,false,embedding_threshold,"{""classification_run_id"": ""run_75b90575bb9e48ce7918"", ""domain_scores"": {""agriculture, forestry, and fisheries"": 0.6311253024946143, ""economy and finance"": 0.7201847342423928, ""industry, trade, and services"": 0.6734553073392272, ""labour market"": 0.6693130808203591, ""transport"": 0.6485234077344392}, ""source"": ""hdbscan_pearl_small""}"
term_5717f6e639f4b12f4341,Domestic industrial production price index - ENP-East countries,cluster_80edd39ddbff,economy and finance,0.841020,false,embedding_threshold,"{""classification_run_id"": ""run_75b90575bb9e48ce7918"", ""domain_scores"": {""agriculture, forestry, and fisheries"": 0.6417372564412809, ""economy and finance"": 0.7471593770046031, ""industry, trade, and services"": 0.6678429265998614, ""labour market"": 0.6986427909369246, ""population and demography"": 0.6455627472321667}, ""source"": ""hdbscan_pearl_small""}"
term_1cffd66b8825402d8cd6,Domestic producer prices - capital goods,cluster_de826995d586,economy and finance,0.972569,true,embedding_threshold,"{""classification_run_id"": ""run_75b90575bb9e48ce7918"", ""domain_scores"": {""agriculture, forestry, and fisheries"": 0.6311253024946143, ""economy and finance"": 0.7201847342423928, ""industry, trade, and services"": 0.6734553073392272, ""labour market"": 0.6693130808203591, ""transport"": 0.6485234077344392}, ""source"": ""hdbscan_pearl_small""}"
term_c2d0179c7cd68ff9bdc4,Domestic producer prices - consumer durables,cluster_de826995d586,economy and finance,1.000000,true,embedding_threshold,"{""classification_run_id"": ""run_75b90575bb9e48ce7918"", ""domain_scores"": {""agriculture, forestry, and fisheries"": 0.6311253024946143, ""economy and finance"": 0.7201847342423928, ""industry, trade, and services"": 0.6734553073392272, ""labour market"": 0.6693130808203591, ""transport"": 0.6485234077344392}, ""source"": ""hdbscan_pearl_small""}"
term_d3259c0a506408ea96d9,Domestic producer prices - consumer non-durables,cluster_de826995d586,economy and finance,1.000000,true,embedding_threshold,"{""classification_run_id"": ""run_75b90575bb9e48ce7918"", ""domain_scores"": {""agriculture, forestry, and fisheries"": 0.6311253024946143, ""economy and finance"": 0.7201847342423928, ""industry, trade, and services"": 0.6734553073392272, ""labour market"": 0.6693130808203591, ""transport"": 0.6485234077344392}, ""source"": ""hdbscan_pearl_small""}"
term_ebb8bef4d41b8ff4cc33,Domestic producer prices - energy,cluster_de826995d586,economy and finance,1.000000,false,embedding_threshold,"{""classification_run_id"": ""run_75b90575bb9e48ce7918"", ""domain_scores"": {""agriculture, forestry, and fisheries"": 0.6311253024946143, ""economy and finance"": 0.7201847342423928, ""industry, trade, and services"": 0.6734553073392272, ""labour market"": 0.6693130808203591, ""transport"": 0.6485234077344392}, ""source"": ""hdbscan_pearl_small""}"
term_fe4e2ce249094bf3ed20,Domestic producer prices - intermediate goods,cluster_de826995d586,economy and finance,0.998991,true,embedding_threshold,"{""classification_run_id"": ""run_75b90575bb9e48ce7918"", ""domain_scores"": {""agriculture, forestry, and fisheries"": 0.6311253024946143, ""economy and finance"": 0.7201847342423928, ""industry, trade, and services"": 0.6734553073392272, ""labour market"": 0.6693130808203591, ""transport"": 0.6485234077344392}, ""source"": ""hdbscan_pearl_small""}"
term_9dbbcc4f8da2f29988f9,Domestic producer prices - manufacturing,cluster_de826995d586,economy and finance,1.000000,true,embedding_threshold,"{""classification_run_id"": ""run_75b90575bb9e48ce7918"", ""domain_scores"": {""agriculture, forestry, and fisheries"": 0.6311253024946143, ""economy and finance"": 0.7201847342423928, ""industry, trade, and services"": 0.6734553073392272, ""labour market"": 0.6693130808203591, ""transport"": 0.6485234077344392}, ""source"": ""hdbscan_pearl_small""}"
term_2a0305468dfa4b8a1343,Domestic producer prices - total industry (excluding construction),cluster_de826995d586,economy and finance,0.910750,false,embedding_threshold,"{""classification_run_id"": ""run_75b90575bb9e48ce7918"", ""domain_scores"": {""agriculture, forestry, and fisheries"": 0.6311253024946143, ""economy and finance"": 0.7201847342423928, ""industry, trade, and services"": 0.6734553073392272, ""labour market"": 0.6693130808203591, ""transport"": 0.6485234077344392}, ""source"": ""hdbscan_pearl_small""}"
term_7850094491fdcb8c4867,"Dry pulses and protein crops for the production of grain (including seed and mixtures of cereals and pulses) by area, production and humidity",cluster_9391f8d593af,"agriculture, forestry, and fisheries",0.912557,false,embedding_threshold,"{""classification_run_id"": ""run_75b90575bb9e48ce7918"", ""domain_scores"": {""agriculture, forestry, and fisheries"": 0.7215382746502316, ""environment and energy"": 0.6904157422959046, ""labour market"": 0.6448385178470997, ""population and demography"": 0.6238849919667521, ""regional and urban statistics"": 0.6660959028884115}, ""source"": ""hdbscan_pearl_small""}"
term_0bc9d7812026d642cd23,Effect of social transfers on income quintile share ratio S80/S20,cluster_506831c7dd56,cross-domain or other,1.000000,false,embedding_threshold_fallback,"{""classification_run_id"": ""run_75b90575bb9e48ce7918"", ""domain_scores"": {""agriculture, forestry, and fisheries"": 0.5752332373955832, ""economy and finance"": 0.6504245793993612, ""labour market"": 0.6107622653430957, ""population and demography"": 0.6030951822240441, ""social conditions and equality"": 0.6683868732167505}, ""source"": ""hdbscan_pearl_small""}"
term_a4a4b3edcc8d7cd6085f,Effect of taxes and social transfers on income quintile share ratio S80/S20,cluster_506831c7dd56,cross-domain or other,1.000000,true,embedding_threshold_fallback,"{""classification_run_id"": ""run_75b90575bb9e48ce7918"", ""domain_scores"": {""agriculture, forestry, and fisheries"": 0.5752332373955832, ""economy and finance"": 0.6504245793993612, ""labour market"": 0.6107622653430957, ""population and demography"": 0.6030951822240441, ""social conditions and equality"": 0.6683868732167505}, ""source"": ""hdbscan_pearl_small""}"
term_5a81cbeed5828801de9a,Effect of taxes on income quintile share ratio S80/S20,cluster_506831c7dd56,cross-domain or other,1.000000,true,embedding_threshold_fallback,"{""classification_run_id"": ""run_75b90575bb9e48ce7918"", ""domain_scores"": {""agriculture, forestry, and fisheries"": 0.5752332373955832, ""economy and finance"": 0.6504245793993612, ""labour market"": 0.6107622653430957, ""population and demography"": 0.6030951822240441, ""social conditions and equality"": 0.6683868732167505}, ""source"": ""hdbscan_pearl_small""}"
term_25afea5a7addd2535b88,"Employed persons exposed to employment-related physical, psychological or sexual violence in the last 12 months by sex and age",unclustered,cross-domain or other,0.000000,false,noise_default,"{""classification_run_id"": ""run_75b90575bb9e48ce7918"", ""domain_scores"": {}, ""source"": ""hdbscan_pearl_small""}"
term_ca743b9337ba4d9b8d54,Employment,unclustered,cross-domain or other,0.000000,false,noise_default,"{""classification_run_id"": ""run_75b90575bb9e48ce7918"", ""domain_scores"": {}, ""source"": ""hdbscan_pearl_small""}"
term_3975fde3be8673d043a1,Employment and economic activity branches,unclustered,cross-domain or other,0.000000,false,noise_default,"{""classification_run_id"": ""run_75b90575bb9e48ce7918"", ""domain_scores"": {}, ""source"": ""hdbscan_pearl_small""}"
term_6a33f33bcda42090451b,Employment and employment rates (aged 20-64) by sex,cluster_99358c580dcf,labour market,0.993414,false,embedding_threshold,"{""classification_run_id"": ""run_75b90575bb9e48ce7918"", ""domain_scores"": {""economy and finance"": 0.6830314331028731, ""labour market"": 0.789534856381208, ""population and demography"": 0.7264993057884989, ""regional and urban statistics"": 0.6766704497423219, ""social conditions and equality"": 0.7191189563238449}, ""source"": ""hdbscan_pearl_small""}"
term_795d9ad98feaa090e492,Employment and employment rates (aged 20-64) by sex - ENP-East countries,cluster_99358c580dcf,labour market,0.993414,false,embedding_threshold,"{""classification_run_id"": ""run_75b90575bb9e48ce7918"", ""domain_scores"": {""economy and finance"": 0.6830314331028731, ""labour market"": 0.789534856381208, ""population and demography"": 0.7264993057884989, ""regional and urban statistics"": 0.6766704497423219, ""social conditions and equality"": 0.7191189563238449}, ""source"": ""hdbscan_pearl_small""}"
term_ec9454af09d7d3861fda,Employment by professional status,unclustered,cross-domain or other,0.000000,false,noise_default,"{""classification_run_id"": ""run_75b90575bb9e48ce7918"", ""domain_scores"": {}, ""source"": ""hdbscan_pearl_small""}"
term_5992c9ed3e19ee9f1cca,Employment by professional status - ENP-South countries,unclustered,cross-domain or other,0.000000,false,noise_default,"{""classification_run_id"": ""run_75b90575bb9e48ce7918"", ""domain_scores"": {}, ""source"": ""hdbscan_pearl_small""}"
term_7222b4430267209c516b,Employment characteristics,unclustered,cross-domain or other,0.000000,false,noise_default,"{""classification_run_id"": ""run_75b90575bb9e48ce7918"", ""domain_scores"": {}, ""source"": ""hdbscan_pearl_small""}"
term_1216e5cffc0c3beaacd4,Employment expectations by sectors,unclustered,cross-domain or other,0.000000,false,noise_default,"{""classification_run_id"": ""run_75b90575bb9e48ce7918"", ""domain_scores"": {}, ""source"": ""hdbscan_pearl_small""}"
term_a5c9e443dfb7c240a1b6,Employment expectations indicator,unclustered,cross-domain or other,0.000000,false,noise_default,"{""classification_run_id"": ""run_75b90575bb9e48ce7918"", ""domain_scores"": {}, ""source"": ""hdbscan_pearl_small""}"
term_ed103e759eb80d6441c5,Employment growth (domestic concept),unclustered,cross-domain or other,0.000000,false,noise_default,"{""classification_run_id"": ""run_75b90575bb9e48ce7918"", ""domain_scores"": {}, ""source"": ""hdbscan_pearl_small""}"
term_65afc991fda4bfad6726,Employment growth (domestic concept) - ENP-East countries,unclustered,cross-domain or other,0.000000,false,noise_default,"{""classification_run_id"": ""run_75b90575bb9e48ce7918"", ""domain_scores"": {}, ""source"": ""hdbscan_pearl_small""}"
term_598b44b5a3281568bbc3,Employment in Foreign Affiliates of Domestic Enterprises,unclustered,cross-domain or other,0.000000,false,noise_default,"{""classification_run_id"": ""run_75b90575bb9e48ce7918"", ""domain_scores"": {}, ""source"": ""hdbscan_pearl_small""}"
term_249f821d698e17073d0f,Employment in Foreign Controlled Enterprises,unclustered,cross-domain or other,0.000000,false,noise_default,"{""classification_run_id"": ""run_75b90575bb9e48ce7918"", ""domain_scores"": {}, ""source"": ""hdbscan_pearl_small""}"
term_079ed5d6db4e3900293a,Employment in waterways transport enterprises by number of vessels in enterprises,cluster_e22df4ed8343,transport,1.000000,true,embedding_threshold,"{""classification_run_id"": ""run_75b90575bb9e48ce7918"", ""domain_scores"": {""agriculture, forestry, and fisheries"": 0.6504098985479125, ""economy and finance"": 0.6577851122105566, ""industry, trade, and services"": 0.7326276302155783, ""labour market"": 0.694030383173282, ""transport"": 0.7837847022418346}, ""source"": ""hdbscan_pearl_small""}"
term_289d3ad56aa1ffc52628,Employment in waterways transport enterprises by sex,cluster_e22df4ed8343,transport,1.000000,false,embedding_threshold,"{""classification_run_id"": ""run_75b90575bb9e48ce7918"", ""domain_scores"": {""agriculture, forestry, and fisheries"": 0.6504098985479125, ""economy and finance"": 0.6577851122105566, ""industry, trade, and services"": 0.7326276302155783, ""labour market"": 0.694030383173282, ""transport"": 0.7837847022418346}, ""source"": ""hdbscan_pearl_small""}"
term_98ccf44d2931bdcf2215,Employment rate,cluster_99358c580dcf,labour market,0.975290,false,embedding_threshold,"{""classification_run_id"": ""run_75b90575bb9e48ce7918"", ""domain_scores"": {""economy and finance"": 0.6830314331028731, ""labour market"": 0.789534856381208, ""population and demography"": 0.7264993057884989, ""regional and urban statistics"": 0.6766704497423219, ""social conditions and equality"": 0.7191189563238449}, ""source"": ""hdbscan_pearl_small""}"
term_6a05457df916fa51e4b7,Employment rate by citizenship,unclustered,cross-domain or other,0.000000,false,noise_default,"{""classification_run_id"": ""run_75b90575bb9e48ce7918"", ""domain_scores"": {}, ""source"": ""hdbscan_pearl_small""}"
term_11690bfa78e5b9ada064,Employment rate by sex,cluster_99358c580dcf,labour market,0.975290,false,embedding_threshold,"{""classification_run_id"": ""run_75b90575bb9e48ce7918"", ""domain_scores"": {""economy and finance"": 0.6830314331028731, ""labour market"": 0.789534856381208, ""population and demography"": 0.7264993057884989, ""regional and urban statistics"": 0.6766704497423219, ""social conditions and equality"": 0.7191189563238449}, ""source"": ""hdbscan_pearl_small""}"
term_a7ebeda4912ad87981e2,Employment rate of low skilled persons (age group 20-64),cluster_99358c580dcf,labour market,0.982993,false,embedding_threshold,"{""classification_run_id"": ""run_75b90575bb9e48ce7918"", ""domain_scores"": {""economy and finance"": 0.6830314331028731, ""labour market"": 0.789534856381208, ""population and demography"": 0.7264993057884989, ""regional and urban statistics"": 0.6766704497423219, ""social conditions and equality"": 0.7191189563238449}, ""source"": ""hdbscan_pearl_small""}"
term_a6ec76a4cb1ad6932069,Employment rate of non-EU nationals (age group 20-64),cluster_99358c580dcf,labour market,0.882514,false,embedding_threshold,"{""classification_run_id"": ""run_75b90575bb9e48ce7918"", ""domain_scores"": {""economy and finance"": 0.6830314331028731, ""labour market"": 0.789534856381208, ""population and demography"": 0.7264993057884989, ""regional and urban statistics"": 0.6766704497423219, ""social conditions and equality"": 0.7191189563238449}, ""source"": ""hdbscan_pearl_small""}"
term_cc6c389a3a5b9ede456e,"Employment rate of older workers, age group 55-64",unclustered,cross-domain or other,0.000000,false,noise_default,"{""classification_run_id"": ""run_75b90575bb9e48ce7918"", ""domain_scores"": {}, ""source"": ""hdbscan_pearl_small""}"
term_c9fa520584151533f5a2,Employment rates (aged 15-64) by sex,cluster_99358c580dcf,labour market,0.993414,false,embedding_threshold,"{""classification_run_id"": ""run_75b90575bb9e48ce7918"", ""domain_scores"": {""economy and finance"": 0.6830314331028731, ""labour market"": 0.789534856381208, ""population and demography"": 0.7264993057884989, ""regional and urban statistics"": 0.6766704497423219, ""social conditions and equality"": 0.7191189563238449}, ""source"": ""hdbscan_pearl_small""}"
term_27a95e3ef428412228a6,Employment rates (aged 15-64) by sex - ENP-South countries,cluster_99358c580dcf,labour market,0.993414,false,embedding_threshold,"{""classification_run_id"": ""run_75b90575bb9e48ce7918"", ""domain_scores"": {""economy and finance"": 0.6830314331028731, ""labour market"": 0.789534856381208, ""population and demography"": 0.7264993057884989, ""regional and urban statistics"": 0.6766704497423219, ""social conditions and equality"": 0.7191189563238449}, ""source"": ""hdbscan_pearl_small""}"
term_178890956c1e3c7acc0d,Employment rates of recent graduates,unclustered,cross-domain or other,0.000000,false,noise_default,"{""classification_run_id"": ""run_75b90575bb9e48ce7918"", ""domain_scores"": {}, ""source"": ""hdbscan_pearl_small""}"
term_27403ee3a08ef6612373,"Employment, domestic concept",unclustered,cross-domain or other,0.000000,false,noise_default,"{""classification_run_id"": ""run_75b90575bb9e48ce7918"", ""domain_scores"": {}, ""source"": ""hdbscan_pearl_small""}"
term_defff23a8f88d8548c58,"Employment, domestic concept - annual data",unclustered,cross-domain or other,0.000000,false,noise_default,"{""classification_run_id"": ""run_75b90575bb9e48ce7918"", ""domain_scores"": {}, ""source"": ""hdbscan_pearl_small""}"
term_e74b0b68daf6ab98bfae,"Employment, domestic concept - Total",unclustered,cross-domain or other,0.000000,false,noise_default,"{""classification_run_id"": ""run_75b90575bb9e48ce7918"", ""domain_scores"": {}, ""source"": ""hdbscan_pearl_small""}"
term_09e1aee2eae3f6f961d2,"Ever-partnered women who have experienced violence by an intimate partner, by country of birth",unclustered,cross-domain or other,0.000000,false,noise_default,"{""classification_run_id"": ""run_75b90575bb9e48ce7918"", ""domain_scores"": {}, ""source"": ""hdbscan_pearl_small""}"
term_9c16d79cea97b0714de5,Expenditure on education in constant prices,unclustered,cross-domain or other,0.000000,false,noise_default,"{""classification_run_id"": ""run_75b90575bb9e48ce7918"", ""domain_scores"": {}, ""source"": ""hdbscan_pearl_small""}"
term_b1fb19c84fd17e2fd413,Expenditure on public educational institutions,cluster_9f5217e9767f,cross-domain or other,1.000000,true,embedding_threshold_fallback,"{""classification_run_id"": ""run_75b90575bb9e48ce7918"", ""domain_scores"": {""economy and finance"": 0.6891359844726656, ""education"": 0.7167730397231009, ""environment and energy"": 0.6187253234181086, ""government, justice, and public administration"": 0.666310655781945, ""population and demography"": 0.6156232734483393}, ""source"": ""hdbscan_pearl_small""}"
term_bf772c90f95cd422ec1d,Expenditure on public educational institutions - as % of total or current expenditure,cluster_9f5217e9767f,cross-domain or other,1.000000,true,embedding_threshold_fallback,"{""classification_run_id"": ""run_75b90575bb9e48ce7918"", ""domain_scores"": {""economy and finance"": 0.6891359844726656, ""education"": 0.7167730397231009, ""environment and energy"": 0.6187253234181086, ""government, justice, and public administration"": 0.666310655781945, ""population and demography"": 0.6156232734483393}, ""source"": ""hdbscan_pearl_small""}"
term_27f5a1f9c59e1b87dc68,Expenditure on road transport vehicles and road infrastructure,unclustered,cross-domain or other,0.000000,false,noise_default,"{""classification_run_id"": ""run_75b90575bb9e48ce7918"", ""domain_scores"": {}, ""source"": ""hdbscan_pearl_small""}"
term_46da92b563b9ffdccb55,Expenditure on rolling stock and railway infrastructure,unclustered,cross-domain or other,0.000000,false,noise_default,"{""classification_run_id"": ""run_75b90575bb9e48ce7918"", ""domain_scores"": {}, ""source"": ""hdbscan_pearl_small""}"
term_6e80a6ca3ae0ebf52856,Expenditure on social protection by type,unclustered,cross-domain or other,0.000000,false,noise_default,"{""classification_run_id"": ""run_75b90575bb9e48ce7918"", ""domain_scores"": {}, ""source"": ""hdbscan_pearl_small""}"
term_a87ced2df78c51659769,Expenditure on social protection per inhabitant at constant prices,unclustered,cross-domain or other,0.000000,false,noise_default,"{""classification_run_id"": ""run_75b90575bb9e48ce7918"", ""domain_scores"": {}, ""source"": ""hdbscan_pearl_small""}"
term_30dd549a4d0eb8151b25,Expenditure on social protection per inhabitant in PPS,unclustered,cross-domain or other,0.000000,false,noise_default,"{""classification_run_id"": ""run_75b90575bb9e48ce7918"", ""domain_scores"": {}, ""source"": ""hdbscan_pearl_small""}"
term_0121d15f00fd5074d0bf,Expenditure on waterway transport infrastructure and freight vessels,unclustered,cross-domain or other,0.000000,false,noise_default,"{""classification_run_id"": ""run_75b90575bb9e48ce7918"", ""domain_scores"": {}, ""source"": ""hdbscan_pearl_small""}"
term_af395f1610bfa9afa413,Exports of goods - machinery and transport equipment,unclustered,cross-domain or other,0.000000,false,noise_default,"{""classification_run_id"": ""run_75b90575bb9e48ce7918"", ""domain_scores"": {}, ""source"": ""hdbscan_pearl_small""}"
term_233266d63f959636da6c,Exports of goods and services in % of GDP,unclustered,cross-domain or other,0.000000,false,noise_default,"{""classification_run_id"": ""run_75b90575bb9e48ce7918"", ""domain_scores"": {}, ""source"": ""hdbscan_pearl_small""}"
term_f98c68c67133ddf86700,"External balance of goods and services, current prices",unclustered,cross-domain or other,0.000000,false,noise_default,"{""classification_run_id"": ""run_75b90575bb9e48ce7918"", ""domain_scores"": {}, ""source"": ""hdbscan_pearl_small""}"
term_f1ad67c786a97690fa75,Final consumption expenditure of households and non-profit institutions serving households - annual data,unclustered,cross-domain or other,0.000000,false,noise_default,"{""classification_run_id"": ""run_75b90575bb9e48ce7918"", ""domain_scores"": {}, ""source"": ""hdbscan_pearl_small""}"
term_115d903267dadba6da0f,"Final consumption expenditure of households and NPISH, current prices",cluster_d0b90b2f986d,economy and finance,1.000000,true,embedding_threshold,"{""classification_run_id"": ""run_75b90575bb9e48ce7918"", ""domain_scores"": {""economy and finance"": 0.7258829529776223, ""environment and energy"": 0.6509914115519796, ""government, justice, and public administration"": 0.6327945515485126, ""labour market"": 0.6390762333497482, ""population and demography"": 0.6599194054449811}, ""source"": ""hdbscan_pearl_small""}"
term_5bd6cc28bc0c9ce94e30,"Final consumption expenditure of households and NPISH, volumes",cluster_d0b90b2f986d,economy and finance,1.000000,true,embedding_threshold,"{""classification_run_id"": ""run_75b90575bb9e48ce7918"", ""domain_scores"": {""economy and finance"": 0.7258829529776223, ""environment and energy"": 0.6509914115519796, ""government, justice, and public administration"": 0.6327945515485126, ""labour market"": 0.6390762333497482, ""population and demography"": 0.6599194054449811}, ""source"": ""hdbscan_pearl_small""}"
term_d1a57151199d56c5e07f,Financial aid to students by education level - as % of total public expenditure,cluster_9f5217e9767f,cross-domain or other,0.944128,true,embedding_threshold_fallback,"{""classification_run_id"": ""run_75b90575bb9e48ce7918"", ""domain_scores"": {""economy and finance"": 0.6891359844726656, ""education"": 0.7167730397231009, ""environment and energy"": 0.6187253234181086, ""government, justice, and public administration"": 0.666310655781945, ""population and demography"": 0.6156232734483393}, ""source"": ""hdbscan_pearl_small""}"
term_f3ae2a10579c3fbd217e,Foreign-born population,unclustered,cross-domain or other,0.000000,false,noise_default,"{""classification_run_id"": ""run_75b90575bb9e48ce7918"", ""domain_scores"": {}, ""source"": ""hdbscan_pearl_small""}"
term_39de1f14cd5fe4b343a1,Freight and mail air transport (including national transport),cluster_310e64b58954,transport,1.000000,true,embedding_threshold,"{""classification_run_id"": ""run_75b90575bb9e48ce7918"", ""domain_scores"": {""agriculture, forestry, and fisheries"": 0.6568437781978611, ""economy and finance"": 0.6812492999573971, ""industry, trade, and services"": 0.6995698206879771, ""labour market"": 0.6614922186669936, ""transport"": 0.860033991344811}, ""source"": ""hdbscan_pearl_small""}"
term_5e2d8a28ef31383d28d4,Freight and mail air transport (including national transport) - ENP-South countries,cluster_310e64b58954,transport,1.000000,true,embedding_threshold,"{""classification_run_id"": ""run_75b90575bb9e48ce7918"", ""domain_scores"": {""agriculture, forestry, and fisheries"": 0.6568437781978611, ""economy and finance"": 0.6812492999573971, ""industry, trade, and services"": 0.6995698206879771, ""labour market"": 0.6614922186669936, ""transport"": 0.860033991344811}, ""source"": ""hdbscan_pearl_small""}"
term_f354ea1081d17071b4ab,Freight and mail air transport over national territory (including territorial sea),cluster_310e64b58954,transport,1.000000,false,embedding_threshold,"{""classification_run_id"": ""run_75b90575bb9e48ce7918"", ""domain_scores"": {""agriculture, forestry, and fisheries"": 0.6568437781978611, ""economy and finance"": 0.6812492999573971, ""industry, trade, and services"": 0.6995698206879771, ""labour market"": 0.6614922186669936, ""transport"": 0.860033991344811}, ""source"": ""hdbscan_pearl_small""}"
term_366e31423c1da3f1342b,GDP deflator,unclustered,cross-domain or other,0.000000,false,noise_default,"{""classification_run_id"": ""run_75b90575bb9e48ce7918"", ""domain_scores"": {}, ""source"": ""hdbscan_pearl_small""}"
term_2c295ea215a5bc746b20,GDP per capita in PPS,cluster_84a10ec4eb87,cross-domain or other,1.000000,true,embedding_threshold_fallback,"{""classification_run_id"": ""run_75b90575bb9e48ce7918"", ""domain_scores"": {""economy and finance"": 0.7286435528360393, ""environment and energy"": 0.6519930377463107, ""health"": 0.6568422343562978, ""labour market"": 0.7009352358476473, ""population and demography"": 0.7137265756915805}, ""source"": ""hdbscan_pearl_small""}"
term_a7f8640f667814e9fbfc,GDP weights used in the calculation of the global specific indicator,unclustered,cross-domain or other,0.000000,false,noise_default,"{""classification_run_id"": ""run_75b90575bb9e48ce7918"", ""domain_scores"": {}, ""source"": ""hdbscan_pearl_small""}"
term_2e238609443153c1dccf,Gender differences in the relative income of elderly people (65+),cluster_55cd06be7ef5,cross-domain or other,1.000000,false,embedding_threshold_fallback,"{""classification_run_id"": ""run_75b90575bb9e48ce7918"", ""domain_scores"": {""economy and finance"": 0.6676096953224072, ""health"": 0.6400325914000694, ""labour market"": 0.6722840286997268, ""population and demography"": 0.6980887726643705, ""social conditions and equality"": 0.683880811919023}, ""source"": ""hdbscan_pearl_small""}"
term_99869cc8c80491bbbd12,Gender differences in the relative income of elderly people (65+) - EU-SILC survey,cluster_55cd06be7ef5,cross-domain or other,1.000000,true,embedding_threshold_fallback,"{""classification_run_id"": ""run_75b90575bb9e48ce7918"", ""domain_scores"": {""economy and finance"": 0.6676096953224072, ""health"": 0.6400325914000694, ""labour market"": 0.6722840286997268, ""population and demography"": 0.6980887726643705, ""social conditions and equality"": 0.683880811919023}, ""source"": ""hdbscan_pearl_small""}"
term_38c1e42ad3a781b8ce27,Gender differences in the relative income of older people,cluster_55cd06be7ef5,cross-domain or other,1.000000,false,embedding_threshold_fallback,"{""classification_run_id"": ""run_75b90575bb9e48ce7918"", ""domain_scores"": {""economy and finance"": 0.6676096953224072, ""health"": 0.6400325914000694, ""labour market"": 0.6722840286997268, ""population and demography"": 0.6980887726643705, ""social conditions and equality"": 0.683880811919023}, ""source"": ""hdbscan_pearl_small""}"
term_09a908de463198bdf18f,Gender differences in the relative income of older people - EU-SILC survey,cluster_55cd06be7ef5,cross-domain or other,1.000000,true,embedding_threshold_fallback,"{""classification_run_id"": ""run_75b90575bb9e48ce7918"", ""domain_scores"": {""economy and finance"": 0.6676096953224072, ""health"": 0.6400325914000694, ""labour market"": 0.6722840286997268, ""population and demography"": 0.6980887726643705, ""social conditions and equality"": 0.683880811919023}, ""source"": ""hdbscan_pearl_small""}"
term_922fd757dd8e2ece5c17,Gender employment gap,cluster_99358c580dcf,labour market,0.856531,false,embedding_threshold,"{""classification_run_id"": ""run_75b90575bb9e48ce7918"", ""domain_scores"": {""economy and finance"": 0.6830314331028731, ""labour market"": 0.789534856381208, ""population and demography"": 0.7264993057884989, ""regional and urban statistics"": 0.6766704497423219, ""social conditions and equality"": 0.7191189563238449}, ""source"": ""hdbscan_pearl_small""}"
term_523b5db9b2693145b25e,Gender employment gap by degree of urbanisation,cluster_99358c580dcf,labour market,0.855412,false,embedding_threshold,"{""classification_run_id"": ""run_75b90575bb9e48ce7918"", ""domain_scores"": {""economy and finance"": 0.6830314331028731, ""labour market"": 0.789534856381208, ""population and demography"": 0.7264993057884989, ""regional and urban statistics"": 0.6766704497423219, ""social conditions and equality"": 0.7191189563238449}, ""source"": ""hdbscan_pearl_small""}"
term_9718df264a1793a565c9,"Gender employment gap, by type of employment",cluster_99358c580dcf,labour market,0.856531,false,embedding_threshold,"{""classification_run_id"": ""run_75b90575bb9e48ce7918"", ""domain_scores"": {""economy and finance"": 0.6830314331028731, ""labour market"": 0.789534856381208, ""population and demography"": 0.7264993057884989, ""regional and urban statistics"": 0.6766704497423219, ""social conditions and equality"": 0.7191189563238449}, ""source"": ""hdbscan_pearl_small""}"
term_f36eb226e177a37eccaa,Gender gap in part-time employment,cluster_99358c580dcf,labour market,0.856531,false,embedding_threshold,"{""classification_run_id"": ""run_75b90575bb9e48ce7918"", ""domain_scores"": {""economy and finance"": 0.6830314331028731, ""labour market"": 0.789534856381208, ""population and demography"": 0.7264993057884989, ""regional and urban statistics"": 0.6766704497423219, ""social conditions and equality"": 0.7191189563238449}, ""source"": ""hdbscan_pearl_small""}"
term_d568e02e14bc35c58cb8,General government employment,unclustered,cross-domain or other,0.000000,false,noise_default,"{""classification_run_id"": ""run_75b90575bb9e48ce7918"", ""domain_scores"": {}, ""source"": ""hdbscan_pearl_small""}"
term_e7c0eb872bd0448f567a,General government expenditure by function,unclustered,cross-domain or other,0.000000,false,noise_default,"{""classification_run_id"": ""run_75b90575bb9e48ce7918"", ""domain_scores"": {}, ""source"": ""hdbscan_pearl_small""}"
term_537dee1205ecb32bbdaa,General government total expenditure on law courts,unclustered,cross-domain or other,0.000000,false,noise_default,"{""classification_run_id"": ""run_75b90575bb9e48ce7918"", ""domain_scores"": {}, ""source"": ""hdbscan_pearl_small""}"
term_3a96181f535cf675fed7,Generation of waste excluding major mineral wastes per GDP unit,unclustered,cross-domain or other,0.000000,false,noise_default,"{""classification_run_id"": ""run_75b90575bb9e48ce7918"", ""domain_scores"": {}, ""source"": ""hdbscan_pearl_small""}"
term_87a753574448dc6084bb,Gini coefficient of equivalised disposable income,unclustered,cross-domain or other,0.000000,false,noise_default,"{""classification_run_id"": ""run_75b90575bb9e48ce7918"", ""domain_scores"": {}, ""source"": ""hdbscan_pearl_small""}"
term_0e2307e31f6b17f4428d,Gini coefficient of equivalised disposable income before social transfers (pensions excluded from social transfers),unclustered,cross-domain or other,0.000000,false,noise_default,"{""classification_run_id"": ""run_75b90575bb9e48ce7918"", ""domain_scores"": {}, ""source"": ""hdbscan_pearl_small""}"
term_5b8a86d13344cbd5b242,Gini coefficient of equivalised disposable income before social transfers (pensions included in social transfers),unclustered,cross-domain or other,0.000000,false,noise_default,"{""classification_run_id"": ""run_75b90575bb9e48ce7918"", ""domain_scores"": {}, ""source"": ""hdbscan_pearl_small""}"
term_577b998e77e6ecacb649,Gini coefficient of equivalised disposable income by age,unclustered,cross-domain or other,0.000000,false,noise_default,"{""classification_run_id"": ""run_75b90575bb9e48ce7918"", ""domain_scores"": {}, ""source"": ""hdbscan_pearl_small""}"
term_fc07b47631d01b3c08c3,Gini coefficient on household population,unclustered,cross-domain or other,0.000000,false,noise_default,"{""classification_run_id"": ""run_75b90575bb9e48ce7918"", ""domain_scores"": {}, ""source"": ""hdbscan_pearl_small""}"
term_48f8ab7f344df9f62f58,Gini coefficient on household population - experimental statistics,unclustered,cross-domain or other,0.000000,false,noise_default,"{""classification_run_id"": ""run_75b90575bb9e48ce7918"", ""domain_scores"": {}, ""source"": ""hdbscan_pearl_small""}"
term_7c7d663e6be11fcca38d,Goods road transport enterprises by employment size classes,cluster_e22df4ed8343,transport,1.000000,false,embedding_threshold,"{""classification_run_id"": ""run_75b90575bb9e48ce7918"", ""domain_scores"": {""agriculture, forestry, and fisheries"": 0.6504098985479125, ""economy and finance"": 0.6577851122105566, ""industry, trade, and services"": 0.7326276302155783, ""labour market"": 0.694030383173282, ""transport"": 0.7837847022418346}, ""source"": ""hdbscan_pearl_small""}"
term_6f657ad56da603744e65,Goods road transport enterprises by number of vehicles,cluster_e22df4ed8343,transport,1.000000,true,embedding_threshold,"{""classification_run_id"": ""run_75b90575bb9e48ce7918"", ""domain_scores"": {""agriculture, forestry, and fisheries"": 0.6504098985479125, ""economy and finance"": 0.6577851122105566, ""industry, trade, and services"": 0.7326276302155783, ""labour market"": 0.694030383173282, ""transport"": 0.7837847022418346}, ""source"": ""hdbscan_pearl_small""}"
term_a8781b86da3b752f69bd,Goods transport by rail,cluster_94cf800a89a5,transport,1.000000,true,embedding_threshold,"{""classification_run_id"": ""run_75b90575bb9e48ce7918"", ""domain_scores"": {""agriculture, forestry, and fisheries"": 0.6236490316235157, ""economy and finance"": 0.6487593137603984, ""industry, trade, and services"": 0.7193340484556724, ""labour market"": 0.6136626147758395, ""transport"": 0.7981455413296625}, ""source"": ""hdbscan_pearl_small""}"
term_83f4130ed4f379e5ebf9,Goods transport by road,cluster_94cf800a89a5,transport,1.000000,true,embedding_threshold,"{""classification_run_id"": ""run_75b90575bb9e48ce7918"", ""domain_scores"": {""agriculture, forestry, and fisheries"": 0.6236490316235157, ""economy and finance"": 0.6487593137603984, ""industry, trade, and services"": 0.7193340484556724, ""labour market"": 0.6136626147758395, ""transport"": 0.7981455413296625}, ""source"": ""hdbscan_pearl_small""}"
term_454b60d6038aeaf7dfdf,Goods transport by waterways,cluster_94cf800a89a5,transport,0.981361,false,embedding_threshold,"{""classification_run_id"": ""run_75b90575bb9e48ce7918"", ""domain_scores"": {""agriculture, forestry, and fisheries"": 0.6236490316235157, ""economy and finance"": 0.6487593137603984, ""industry, trade, and services"": 0.7193340484556724, ""labour market"": 0.6136626147758395, ""transport"": 0.7981455413296625}, ""source"": ""hdbscan_pearl_small""}"
term_047c9239143df8136f91,Goods transported,cluster_94cf800a89a5,transport,1.000000,true,embedding_threshold,"{""classification_run_id"": ""run_75b90575bb9e48ce7918"", ""domain_scores"": {""agriculture, forestry, and fisheries"": 0.6236490316235157, ""economy and finance"": 0.6487593137603984, ""industry, trade, and services"": 0.7193340484556724, ""labour market"": 0.6136626147758395, ""transport"": 0.7981455413296625}, ""source"": ""hdbscan_pearl_small""}"
term_1575199f961fd6cde6d7,Goods transported (detailed reporting only ),unclustered,cross-domain or other,0.000000,false,noise_default,"{""classification_run_id"": ""run_75b90575bb9e48ce7918"", ""domain_scores"": {}, ""source"": ""hdbscan_pearl_small""}"
term_f68670e75aff7b03543b,Goods transported (detailed reporting only ) - quarterly data,unclustered,cross-domain or other,0.000000,false,noise_default,"{""classification_run_id"": ""run_75b90575bb9e48ce7918"", ""domain_scores"": {}, ""source"": ""hdbscan_pearl_small""}"
term_7abc3292942090afa980,Goods transported by rail,cluster_94cf800a89a5,transport,1.000000,true,embedding_threshold,"{""classification_run_id"": ""run_75b90575bb9e48ce7918"", ""domain_scores"": {""agriculture, forestry, and fisheries"": 0.6236490316235157, ""economy and finance"": 0.6487593137603984, ""industry, trade, and services"": 0.7193340484556724, ""labour market"": 0.6136626147758395, ""transport"": 0.7981455413296625}, ""source"": ""hdbscan_pearl_small""}"
term_57558496f0fd3ea26847,Goods transported by rail - ENP-East countries,cluster_94cf800a89a5,transport,1.000000,false,embedding_threshold,"{""classification_run_id"": ""run_75b90575bb9e48ce7918"", ""domain_scores"": {""agriculture, forestry, and fisheries"": 0.6236490316235157, ""economy and finance"": 0.6487593137603984, ""industry, trade, and services"": 0.7193340484556724, ""labour market"": 0.6136626147758395, ""transport"": 0.7981455413296625}, ""source"": ""hdbscan_pearl_small""}"
term_7b36a7699313ac1e7386,Goods transported by type of consignment,cluster_94cf800a89a5,transport,0.942625,true,embedding_threshold,"{""classification_run_id"": ""run_75b90575bb9e48ce7918"", ""domain_scores"": {""agriculture, forestry, and fisheries"": 0.6236490316235157, ""economy and finance"": 0.6487593137603984, ""industry, trade, and services"": 0.7193340484556724, ""labour market"": 0.6136626147758395, ""transport"": 0.7981455413296625}, ""source"": ""hdbscan_pearl_small""}"
term_3dfd8e54220a5a7f4b4c,"Government final consumption expenditure, current prices",cluster_d0b90b2f986d,economy and finance,1.000000,true,embedding_threshold,"{""classification_run_id"": ""run_75b90575bb9e48ce7918"", ""domain_scores"": {""economy and finance"": 0.7258829529776223, ""environment and energy"": 0.6509914115519796, ""government, justice, and public administration"": 0.6327945515485126, ""labour market"": 0.6390762333497482, ""population and demography"": 0.6599194054449811}, ""source"": ""hdbscan_pearl_small""}"
term_a3b5edd80874bf518515,"Government final consumption expenditure, volumes",cluster_d0b90b2f986d,economy and finance,1.000000,true,embedding_threshold,"{""classification_run_id"": ""run_75b90575bb9e48ce7918"", ""domain_scores"": {""economy and finance"": 0.7258829529776223, ""environment and energy"": 0.6509914115519796, ""government, justice, and public administration"": 0.6327945515485126, ""labour market"": 0.6390762333497482, ""population and demography"": 0.6599194054449811}, ""source"": ""hdbscan_pearl_small""}"
term_000d0c45492699547811,Government support to agricultural research and development,unclustered,cross-domain or other,0.000000,false,noise_default,"{""classification_run_id"": ""run_75b90575bb9e48ce7918"", ""domain_scores"": {}, ""source"": ""hdbscan_pearl_small""}"
term_c09913cf45bdb5830bad,Graduates at doctoral level by sex and age groups - per 1000 of population aged 25-34,cluster_0a4bab53e5fe,education,0.963347,false,embedding_threshold,"{""classification_run_id"": ""run_75b90575bb9e48ce7918"", ""domain_scores"": {""education"": 0.7547710077578337, ""labour market"": 0.6690019698253377, ""population and demography"": 0.7027442726146644, ""science, technology, and digital society"": 0.6534143714299199, ""social conditions and equality"": 0.6562125367314494}, ""source"": ""hdbscan_pearl_small""}"
term_75f99b8a1b5911e78516,"Graduates at doctoral level, in science, math., computing, engineering, manufacturing, construction, by sex - per 1000 of population aged 25-34",unclustered,cross-domain or other,0.000000,false,noise_default,"{""classification_run_id"": ""run_75b90575bb9e48ce7918"", ""domain_scores"": {}, ""source"": ""hdbscan_pearl_small""}"
term_b86ab4699fecadbd4c05,"Grain maize and corn-cob-mix by area, production and humidity",cluster_9391f8d593af,"agriculture, forestry, and fisheries",0.974975,false,embedding_threshold,"{""classification_run_id"": ""run_75b90575bb9e48ce7918"", ""domain_scores"": {""agriculture, forestry, and fisheries"": 0.7215382746502316, ""environment and energy"": 0.6904157422959046, ""labour market"": 0.6448385178470997, ""population and demography"": 0.6238849919667521, ""regional and urban statistics"": 0.6660959028884115}, ""source"": ""hdbscan_pearl_small""}"
term_a42f6f49f0d22fbc8143,Grapes by production,unclustered,cross-domain or other,0.000000,false,noise_default,"{""classification_run_id"": ""run_75b90575bb9e48ce7918"", ""domain_scores"": {}, ""source"": ""hdbscan_pearl_small""}"
term_9f5d8553695db4a24cad,"Green maize by area, production and humidity",cluster_9391f8d593af,"agriculture, forestry, and fisheries",0.964919,false,embedding_threshold,"{""classification_run_id"": ""run_75b90575bb9e48ce7918"", ""domain_scores"": {""agriculture, forestry, and fisheries"": 0.7215382746502316, ""environment and energy"": 0.6904157422959046, ""labour market"": 0.6448385178470997, ""population and demography"": 0.6238849919667521, ""regional and urban statistics"": 0.6660959028884115}, ""source"": ""hdbscan_pearl_small""}"
term_0e3fb5e8571efdb988ec,Greenhouse gases emissions from production activities,unclustered,cross-domain or other,0.000000,false,noise_default,"{""classification_run_id"": ""run_75b90575bb9e48ce7918"", ""domain_scores"": {}, ""source"": ""hdbscan_pearl_small""}"
term_ffaf9a30e0d7a69ee461,Gross debt-to-income ratio of households,cluster_84a10ec4eb87,cross-domain or other,0.947127,false,embedding_threshold_fallback,"{""classification_run_id"": ""run_75b90575bb9e48ce7918"", ""domain_scores"": {""economy and finance"": 0.7286435528360393, ""environment and energy"": 0.6519930377463107, ""health"": 0.6568422343562978, ""labour market"": 0.7009352358476473, ""population and demography"": 0.7137265756915805}, ""source"": ""hdbscan_pearl_small""}"
term_49db7acc54bc2943fa50,Gross disposable income,cluster_84a10ec4eb87,cross-domain or other,0.952985,false,embedding_threshold_fallback,"{""classification_run_id"": ""run_75b90575bb9e48ce7918"", ""domain_scores"": {""economy and finance"": 0.7286435528360393, ""environment and energy"": 0.6519930377463107, ""health"": 0.6568422343562978, ""labour market"": 0.7009352358476473, ""population and demography"": 0.7137265756915805}, ""source"": ""hdbscan_pearl_small""}"
term_03fbe91d9fb3780da7f3,Gross domestic expenditure on R&D (GERD),unclustered,cross-domain or other,0.000000,false,noise_default,"{""classification_run_id"": ""run_75b90575bb9e48ce7918"", ""domain_scores"": {}, ""source"": ""hdbscan_pearl_small""}"
term_e147987d892497288288,Gross domestic expenditure on R&D (GERD) - ENP-East countries,unclustered,cross-domain or other,0.000000,false,noise_default,"{""classification_run_id"": ""run_75b90575bb9e48ce7918"", ""domain_scores"": {}, ""source"": ""hdbscan_pearl_small""}"
term_157213bbb658b7604c19,Gross domestic expenditure on research and development (R&D),unclustered,cross-domain or other,0.000000,false,noise_default,"{""classification_run_id"": ""run_75b90575bb9e48ce7918"", ""domain_scores"": {}, ""source"": ""hdbscan_pearl_small""}"
term_9f55fe8d95776762c3e3,Gross domestic product at market prices - ENP-East countries,cluster_80edd39ddbff,economy and finance,1.000000,true,embedding_threshold,"{""classification_run_id"": ""run_75b90575bb9e48ce7918"", ""domain_scores"": {""agriculture, forestry, and fisheries"": 0.6417372564412809, ""economy and finance"": 0.7471593770046031, ""industry, trade, and services"": 0.6678429265998614, ""labour market"": 0.6986427909369246, ""population and demography"": 0.6455627472321667}, ""source"": ""hdbscan_pearl_small""}"
term_930c45421b51de6645cd,Gross domestic product at market prices - ENP-South countries,cluster_80edd39ddbff,economy and finance,1.000000,true,embedding_threshold,"{""classification_run_id"": ""run_75b90575bb9e48ce7918"", ""domain_scores"": {""agriculture, forestry, and fisheries"": 0.6417372564412809, ""economy and finance"": 0.7471593770046031, ""industry, trade, and services"": 0.6678429265998614, ""labour market"": 0.6986427909369246, ""population and demography"": 0.6455627472321667}, ""source"": ""hdbscan_pearl_small""}"
term_cec938ba052542d9d4b6,Gross domestic product at market prices by expenditure,cluster_80edd39ddbff,economy and finance,1.000000,true,embedding_threshold,"{""classification_run_id"": ""run_75b90575bb9e48ce7918"", ""domain_scores"": {""agriculture, forestry, and fisheries"": 0.6417372564412809, ""economy and finance"": 0.7471593770046031, ""industry, trade, and services"": 0.6678429265998614, ""labour market"": 0.6986427909369246, ""population and demography"": 0.6455627472321667}, ""source"": ""hdbscan_pearl_small""}"
term_3300b84d8d1e1cbc3fa4,Gross domestic product at market prices by expenditure - ENP-East countries,cluster_80edd39ddbff,economy and finance,1.000000,true,embedding_threshold,"{""classification_run_id"": ""run_75b90575bb9e48ce7918"", ""domain_scores"": {""agriculture, forestry, and fisheries"": 0.6417372564412809, ""economy and finance"": 0.7471593770046031, ""industry, trade, and services"": 0.6678429265998614, ""labour market"": 0.6986427909369246, ""population and demography"": 0.6455627472321667}, ""source"": ""hdbscan_pearl_small""}"
term_dc071a8bc9f2763851ec,Gross domestic product at market prices by expenditure - ENP-South countries,cluster_80edd39ddbff,economy and finance,1.000000,true,embedding_threshold,"{""classification_run_id"": ""run_75b90575bb9e48ce7918"", ""domain_scores"": {""agriculture, forestry, and fisheries"": 0.6417372564412809, ""economy and finance"": 0.7471593770046031, ""industry, trade, and services"": 0.6678429265998614, ""labour market"": 0.6986427909369246, ""population and demography"": 0.6455627472321667}, ""source"": ""hdbscan_pearl_small""}"
term_8c80a20920007a0c2a77,"Gross domestic product, current prices",cluster_d0b90b2f986d,economy and finance,1.000000,true,embedding_threshold,"{""classification_run_id"": ""run_75b90575bb9e48ce7918"", ""domain_scores"": {""economy and finance"": 0.7258829529776223, ""environment and energy"": 0.6509914115519796, ""government, justice, and public administration"": 0.6327945515485126, ""labour market"": 0.6390762333497482, ""population and demography"": 0.6599194054449811}, ""source"": ""hdbscan_pearl_small""}"
term_b28f611947fbb9543e41,"Gross domestic product, volumes",unclustered,cross-domain or other,0.000000,false,noise_default,"{""classification_run_id"": ""run_75b90575bb9e48ce7918"", ""domain_scores"": {}, ""source"": ""hdbscan_pearl_small""}"
term_b909730e54c564d77499,Gross fixed capital formation at current prices,unclustered,cross-domain or other,0.000000,false,noise_default,"{""classification_run_id"": ""run_75b90575bb9e48ce7918"", ""domain_scores"": {}, ""source"": ""hdbscan_pearl_small""}"
term_aa4e3596e1241a2aafa1,"Gross fixed capital formation, current prices",unclustered,cross-domain or other,0.000000,false,noise_default,"{""classification_run_id"": ""run_75b90575bb9e48ce7918"", ""domain_scores"": {}, ""source"": ""hdbscan_pearl_small""}"
term_54a3bcdbf8f08629560f,Gross national income,cluster_84a10ec4eb87,cross-domain or other,0.952985,true,embedding_threshold_fallback,"{""classification_run_id"": ""run_75b90575bb9e48ce7918"", ""domain_scores"": {""economy and finance"": 0.7286435528360393, ""environment and energy"": 0.6519930377463107, ""health"": 0.6568422343562978, ""labour market"": 0.7009352358476473, ""population and demography"": 0.7137265756915805}, ""source"": ""hdbscan_pearl_small""}"
term_dabaa8001f873ce3c478,Gross national income (GNI) per capita,cluster_84a10ec4eb87,cross-domain or other,0.922374,false,embedding_threshold_fallback,"{""classification_run_id"": ""run_75b90575bb9e48ce7918"", ""domain_scores"": {""economy and finance"": 0.7286435528360393, ""environment and energy"": 0.6519930377463107, ""health"": 0.6568422343562978, ""labour market"": 0.7009352358476473, ""population and demography"": 0.7137265756915805}, ""source"": ""hdbscan_pearl_small""}"
term_523720a52ca07c570e36,Gross value added - NACE Rev. 2: - current prices,cluster_b032d77c2fcd,economy and finance,1.000000,false,embedding_threshold,"{""classification_run_id"": ""run_75b90575bb9e48ce7918"", ""domain_scores"": {""economy and finance"": 0.6601640076853105, ""environment and energy"": 0.5717836409638553, ""health"": 0.5577902418055675, ""labour market"": 0.5709730518807873, ""population and demography"": 0.5500824962488233}, ""source"": ""hdbscan_pearl_small""}"
term_de1275695e85a9ad231b,Gross value added - NACE Rev. 2: - volumes,cluster_2cdcfe259942,economy and finance,1.000000,true,embedding_threshold,"{""classification_run_id"": ""run_75b90575bb9e48ce7918"", ""domain_scores"": {""agriculture, forestry, and fisheries"": 0.5409393883409287, ""economy and finance"": 0.6387020908991048, ""environment and energy"": 0.6025512658298104, ""health"": 0.5611891189188986, ""population and demography"": 0.5561772754228343}, ""source"": ""hdbscan_pearl_small""}"
term_1b36ae99c8e59f36e985,Gross value added - NACE Rev. 2: A - current prices,cluster_b032d77c2fcd,economy and finance,1.000000,true,embedding_threshold,"{""classification_run_id"": ""run_75b90575bb9e48ce7918"", ""domain_scores"": {""economy and finance"": 0.6601640076853105, ""environment and energy"": 0.5717836409638553, ""health"": 0.5577902418055675, ""labour market"": 0.5709730518807873, ""population and demography"": 0.5500824962488233}, ""source"": ""hdbscan_pearl_small""}"
term_284c77bb50fa6394ff34,Gross value added - NACE Rev. 2: A - volumes,cluster_2cdcfe259942,economy and finance,1.000000,true,embedding_threshold,"{""classification_run_id"": ""run_75b90575bb9e48ce7918"", ""domain_scores"": {""agriculture, forestry, and fisheries"": 0.5409393883409287, ""economy and finance"": 0.6387020908991048, ""environment and energy"": 0.6025512658298104, ""health"": 0.5611891189188986, ""population and demography"": 0.5561772754228343}, ""source"": ""hdbscan_pearl_small""}"
term_e627eb2b6cef0cf15347,Gross value added - NACE Rev. 2: B-E - current prices,cluster_b032d77c2fcd,economy and finance,0.956296,false,embedding_threshold,"{""classification_run_id"": ""run_75b90575bb9e48ce7918"", ""domain_scores"": {""economy and finance"": 0.6601640076853105, ""environment and energy"": 0.5717836409638553, ""health"": 0.5577902418055675, ""labour market"": 0.5709730518807873, ""population and demography"": 0.5500824962488233}, ""source"": ""hdbscan_pearl_small""}"
term_b02ae624a643197bb062,Gross value added - NACE Rev. 2: B-E - volumes,cluster_2cdcfe259942,economy and finance,0.927286,false,embedding_threshold,"{""classification_run_id"": ""run_75b90575bb9e48ce7918"", ""domain_scores"": {""agriculture, forestry, and fisheries"": 0.5409393883409287, ""economy and finance"": 0.6387020908991048, ""environment and energy"": 0.6025512658298104, ""health"": 0.5611891189188986, ""population and demography"": 0.5561772754228343}, ""source"": ""hdbscan_pearl_small""}"
term_8cddf207ccad91a60de9,Gross value added - NACE Rev. 2: C - current prices,cluster_b032d77c2fcd,economy and finance,1.000000,true,embedding_threshold,"{""classification_run_id"": ""run_75b90575bb9e48ce7918"", ""domain_scores"": {""economy and finance"": 0.6601640076853105, ""environment and energy"": 0.5717836409638553, ""health"": 0.5577902418055675, ""labour market"": 0.5709730518807873, ""population and demography"": 0.5500824962488233}, ""source"": ""hdbscan_pearl_small""}"
term_43b3e9a5541c91515e12,Gross value added - NACE Rev. 2: C - volumes,cluster_2cdcfe259942,economy and finance,1.000000,true,embedding_threshold,"{""classification_run_id"": ""run_75b90575bb9e48ce7918"", ""domain_scores"": {""agriculture, forestry, and fisheries"": 0.5409393883409287, ""economy and finance"": 0.6387020908991048, ""environment and energy"": 0.6025512658298104, ""health"": 0.5611891189188986, ""population and demography"": 0.5561772754228343}, ""source"": ""hdbscan_pearl_small""}"
term_aa9dcb3b1b5e3cb0f0d6,Gross value added - NACE Rev. 2: F - current prices,cluster_b032d77c2fcd,economy and finance,1.000000,true,embedding_threshold,"{""classification_run_id"": ""run_75b90575bb9e48ce7918"", ""domain_scores"": {""economy and finance"": 0.6601640076853105, ""environment and energy"": 0.5717836409638553, ""health"": 0.5577902418055675, ""labour market"": 0.5709730518807873, ""population and demography"": 0.5500824962488233}, ""source"": ""hdbscan_pearl_small""}"
term_bca0c3b7c19ae02f790f,Gross value added - NACE Rev. 2: F - volumes,cluster_2cdcfe259942,economy and finance,1.000000,false,embedding_threshold,"{""classification_run_id"": ""run_75b90575bb9e48ce7918"", ""domain_scores"": {""agriculture, forestry, and fisheries"": 0.5409393883409287, ""economy and finance"": 0.6387020908991048, ""environment and energy"": 0.6025512658298104, ""health"": 0.5611891189188986, ""population and demography"": 0.5561772754228343}, ""source"": ""hdbscan_pearl_small""}"
term_ce2cdc7f7b3486cc640f,Gross value added - NACE Rev. 2: G-I - current prices,cluster_b032d77c2fcd,economy and finance,0.798269,false,embedding_threshold,"{""classification_run_id"": ""run_75b90575bb9e48ce7918"", ""domain_scores"": {""economy and finance"": 0.6601640076853105, ""environment and energy"": 0.5717836409638553, ""health"": 0.5577902418055675, ""labour market"": 0.5709730518807873, ""population and demography"": 0.5500824962488233}, ""source"": ""hdbscan_pearl_small""}"
term_4a7ca24e09ef4e55de2f,Gross value added - NACE Rev. 2: G-I - volumes,cluster_2cdcfe259942,economy and finance,0.882872,false,embedding_threshold,"{""classification_run_id"": ""run_75b90575bb9e48ce7918"", ""domain_scores"": {""agriculture, forestry, and fisheries"": 0.5409393883409287, ""economy and finance"": 0.6387020908991048, ""environment and energy"": 0.6025512658298104, ""health"": 0.5611891189188986, ""population and demography"": 0.5561772754228343}, ""source"": ""hdbscan_pearl_small""}"
term_120e767f33d49114efb9,Gross value added - NACE Rev. 2: J - current prices,cluster_b032d77c2fcd,economy and finance,0.981353,false,embedding_threshold,"{""classification_run_id"": ""run_75b90575bb9e48ce7918"", ""domain_scores"": {""economy and finance"": 0.6601640076853105, ""environment and energy"": 0.5717836409638553, ""health"": 0.5577902418055675, ""labour market"": 0.5709730518807873, ""population and demography"": 0.5500824962488233}, ""source"": ""hdbscan_pearl_small""}"
term_f9712695721fec6734d3,Gross value added - NACE Rev. 2: J - volumes,cluster_2cdcfe259942,economy and finance,0.972825,true,embedding_threshold,"{""classification_run_id"": ""run_75b90575bb9e48ce7918"", ""domain_scores"": {""agriculture, forestry, and fisheries"": 0.5409393883409287, ""economy and finance"": 0.6387020908991048, ""environment and energy"": 0.6025512658298104, ""health"": 0.5611891189188986, ""population and demography"": 0.5561772754228343}, ""source"": ""hdbscan_pearl_small""}"
term_132a92984b672ddddfbe,Gross value added - NACE Rev. 2: K - current prices,cluster_b032d77c2fcd,economy and finance,0.779360,false,embedding_threshold,"{""classification_run_id"": ""run_75b90575bb9e48ce7918"", ""domain_scores"": {""economy and finance"": 0.6601640076853105, ""environment and energy"": 0.5717836409638553, ""health"": 0.5577902418055675, ""labour market"": 0.5709730518807873, ""population and demography"": 0.5500824962488233}, ""source"": ""hdbscan_pearl_small""}"
term_d9fb3aeefcbd7e2f796a,Gross value added - NACE Rev. 2: K - volumes,cluster_2cdcfe259942,economy and finance,0.837464,false,embedding_threshold,"{""classification_run_id"": ""run_75b90575bb9e48ce7918"", ""domain_scores"": {""agriculture, forestry, and fisheries"": 0.5409393883409287, ""economy and finance"": 0.6387020908991048, ""environment and energy"": 0.6025512658298104, ""health"": 0.5611891189188986, ""population and demography"": 0.5561772754228343}, ""source"": ""hdbscan_pearl_small""}"
term_7f231a9b7cbedf86f343,Gross value added - NACE Rev. 2: L - current prices,cluster_b032d77c2fcd,economy and finance,1.000000,true,embedding_threshold,"{""classification_run_id"": ""run_75b90575bb9e48ce7918"", ""domain_scores"": {""economy and finance"": 0.6601640076853105, ""environment and energy"": 0.5717836409638553, ""health"": 0.5577902418055675, ""labour market"": 0.5709730518807873, ""population and demography"": 0.5500824962488233}, ""source"": ""hdbscan_pearl_small""}"
term_8d79218e8970c663f49b,Gross value added - NACE Rev. 2: L - volumes,cluster_2cdcfe259942,economy and finance,0.952652,false,embedding_threshold,"{""classification_run_id"": ""run_75b90575bb9e48ce7918"", ""domain_scores"": {""agriculture, forestry, and fisheries"": 0.5409393883409287, ""economy and finance"": 0.6387020908991048, ""environment and energy"": 0.6025512658298104, ""health"": 0.5611891189188986, ""population and demography"": 0.5561772754228343}, ""source"": ""hdbscan_pearl_small""}"
term_6b43fbddf11cc0d86ec7,Gross value added - NACE Rev. 2: M_N - current prices,cluster_b032d77c2fcd,economy and finance,0.982554,true,embedding_threshold,"{""classification_run_id"": ""run_75b90575bb9e48ce7918"", ""domain_scores"": {""economy and finance"": 0.6601640076853105, ""environment and energy"": 0.5717836409638553, ""health"": 0.5577902418055675, ""labour market"": 0.5709730518807873, ""population and demography"": 0.5500824962488233}, ""source"": ""hdbscan_pearl_small""}"
term_6a4b2ac0d5193a131324,Gross value added - NACE Rev. 2: M_N - volumes,cluster_2cdcfe259942,economy and finance,1.000000,true,embedding_threshold,"{""classification_run_id"": ""run_75b90575bb9e48ce7918"", ""domain_scores"": {""agriculture, forestry, and fisheries"": 0.5409393883409287, ""economy and finance"": 0.6387020908991048, ""environment and energy"": 0.6025512658298104, ""health"": 0.5611891189188986, ""population and demography"": 0.5561772754228343}, ""source"": ""hdbscan_pearl_small""}"
term_45e5d4ea6d3cfabd1255,Gross value added - NACE Rev. 2: O-Q - current prices,cluster_b032d77c2fcd,economy and finance,0.880142,false,embedding_threshold,"{""classification_run_id"": ""run_75b90575bb9e48ce7918"", ""domain_scores"": {""economy and finance"": 0.6601640076853105, ""environment and energy"": 0.5717836409638553, ""health"": 0.5577902418055675, ""labour market"": 0.5709730518807873, ""population and demography"": 0.5500824962488233}, ""source"": ""hdbscan_pearl_small""}"
term_904fdc9e8e59b47185f3,Gross value added - NACE Rev. 2: O-Q - volumes,cluster_2cdcfe259942,economy and finance,0.918717,false,embedding_threshold,"{""classification_run_id"": ""run_75b90575bb9e48ce7918"", ""domain_scores"": {""agriculture, forestry, and fisheries"": 0.5409393883409287, ""economy and finance"": 0.6387020908991048, ""environment and energy"": 0.6025512658298104, ""health"": 0.5611891189188986, ""population and demography"": 0.5561772754228343}, ""source"": ""hdbscan_pearl_small""}"
term_2a7c2482523dd275c758,Gross value added - NACE Rev. 2: R-U - current prices,cluster_b032d77c2fcd,economy and finance,0.784731,false,embedding_threshold,"{""classification_run_id"": ""run_75b90575bb9e48ce7918"", ""domain_scores"": {""economy and finance"": 0.6601640076853105, ""environment and energy"": 0.5717836409638553, ""health"": 0.5577902418055675, ""labour market"": 0.5709730518807873, ""population and demography"": 0.5500824962488233}, ""source"": ""hdbscan_pearl_small""}"
term_05a5d4d4a9fe9df881fb,Gross value added - NACE Rev. 2: R-U - volumes,cluster_2cdcfe259942,economy and finance,0.820486,false,embedding_threshold,"{""classification_run_id"": ""run_75b90575bb9e48ce7918"", ""domain_scores"": {""agriculture, forestry, and fisheries"": 0.5409393883409287, ""economy and finance"": 0.6387020908991048, ""environment and energy"": 0.6025512658298104, ""health"": 0.5611891189188986, ""population and demography"": 0.5561772754228343}, ""source"": ""hdbscan_pearl_small""}"
term_7b14b367f153f0478857,Gross value added by industry,cluster_b70da2ec1a1f,cross-domain or other,0.949206,false,embedding_threshold_fallback,"{""classification_run_id"": ""run_75b90575bb9e48ce7918"", ""domain_scores"": {""agriculture, forestry, and fisheries"": 0.7459805214624858, ""economy and finance"": 0.756125447477141, ""environment and energy"": 0.6721425872937218, ""industry, trade, and services"": 0.7073479058702036, ""labour market"": 0.7049494237753877}, ""source"": ""hdbscan_pearl_small""}"
term_df1a5ad7a443268181aa,Gross value added by industry - ENP-East countries,cluster_b70da2ec1a1f,cross-domain or other,0.949206,false,embedding_threshold_fallback,"{""classification_run_id"": ""run_75b90575bb9e48ce7918"", ""domain_scores"": {""agriculture, forestry, and fisheries"": 0.7459805214624858, ""economy and finance"": 0.756125447477141, ""environment and energy"": 0.6721425872937218, ""industry, trade, and services"": 0.7073479058702036, ""labour market"": 0.7049494237753877}, ""source"": ""hdbscan_pearl_small""}"
term_9fbaa45e3349ea71692d,Gross value added by industry - ENP-South countries,cluster_b70da2ec1a1f,cross-domain or other,0.885716,false,embedding_threshold_fallback,"{""classification_run_id"": ""run_75b90575bb9e48ce7918"", ""domain_scores"": {""agriculture, forestry, and fisheries"": 0.7459805214624858, ""economy and finance"": 0.756125447477141, ""environment and energy"": 0.6721425872937218, ""industry, trade, and services"": 0.7073479058702036, ""labour market"": 0.7049494237753877}, ""source"": ""hdbscan_pearl_small""}"
term_07eb873c84a3b89ea386,Gross value added in environmental goods and services sector,unclustered,cross-domain or other,0.000000,false,noise_default,"{""classification_run_id"": ""run_75b90575bb9e48ce7918"", ""domain_scores"": {}, ""source"": ""hdbscan_pearl_small""}"
term_38c663b569ebe677c2d6,Gross value added of the agricultural industry,cluster_b70da2ec1a1f,cross-domain or other,0.949206,true,embedding_threshold_fallback,"{""classification_run_id"": ""run_75b90575bb9e48ce7918"", ""domain_scores"": {""agriculture, forestry, and fisheries"": 0.7459805214624858, ""economy and finance"": 0.756125447477141, ""environment and energy"": 0.6721425872937218, ""industry, trade, and services"": 0.7073479058702036, ""labour market"": 0.7049494237753877}, ""source"": ""hdbscan_pearl_small""}"
term_fb061a2388528d4de67d,Gross value added of the agricultural industry - basic and producer prices,cluster_b70da2ec1a1f,cross-domain or other,1.000000,true,embedding_threshold_fallback,"{""classification_run_id"": ""run_75b90575bb9e48ce7918"", ""domain_scores"": {""agriculture, forestry, and fisheries"": 0.7459805214624858, ""economy and finance"": 0.756125447477141, ""environment and energy"": 0.6721425872937218, ""industry, trade, and services"": 0.7073479058702036, ""labour market"": 0.7049494237753877}, ""source"": ""hdbscan_pearl_small""}"
term_77db762d503f8c2112f8,Gross weight of dry bulk goods transported in short sea shipping from/to the top 5 EU ports for dry bulk goods,cluster_436a35bf5d70,transport,0.911636,true,embedding_threshold,"{""classification_run_id"": ""run_75b90575bb9e48ce7918"", ""domain_scores"": {""agriculture, forestry, and fisheries"": 0.6680911486169095, ""economy and finance"": 0.6993370570124587, ""environment and energy"": 0.6612407709431416, ""industry, trade, and services"": 0.6961852515140688, ""transport"": 0.7806940761400575}, ""source"": ""hdbscan_pearl_small""}"
term_684770e20fcc03635ea1,Gross weight of goods in containers transported in short sea shipping from/to the top 5 EU ports for goods in containers,cluster_436a35bf5d70,transport,0.911636,true,embedding_threshold,"{""classification_run_id"": ""run_75b90575bb9e48ce7918"", ""domain_scores"": {""agriculture, forestry, and fisheries"": 0.6680911486169095, ""economy and finance"": 0.6993370570124587, ""environment and energy"": 0.6612407709431416, ""industry, trade, and services"": 0.6961852515140688, ""transport"": 0.7806940761400575}, ""source"": ""hdbscan_pearl_small""}"
term_9cedd100584c1a2e3c09,Gross weight of goods in Ro-ro units transported in short sea shipping from/to the top 5 EU ports for goods in Ro-ro units,cluster_436a35bf5d70,transport,0.911636,true,embedding_threshold,"{""classification_run_id"": ""run_75b90575bb9e48ce7918"", ""domain_scores"": {""agriculture, forestry, and fisheries"": 0.6680911486169095, ""economy and finance"": 0.6993370570124587, ""environment and energy"": 0.6612407709431416, ""industry, trade, and services"": 0.6961852515140688, ""transport"": 0.7806940761400575}, ""source"": ""hdbscan_pearl_small""}"
term_f05dc66b43a245fd67c2,gross weight of goods transported to/from main ports,cluster_436a35bf5d70,transport,1.000000,false,embedding_threshold,"{""classification_run_id"": ""run_75b90575bb9e48ce7918"", ""domain_scores"": {""agriculture, forestry, and fisheries"": 0.6680911486169095, ""economy and finance"": 0.6993370570124587, ""environment and energy"": 0.6612407709431416, ""industry, trade, and services"": 0.6961852515140688, ""transport"": 0.7806940761400575}, ""source"": ""hdbscan_pearl_small""}"
term_4888eefe70fe4ed02e10,"gross weight of goods transported to/from main ports, by direction",cluster_436a35bf5d70,transport,1.000000,false,embedding_threshold,"{""classification_run_id"": ""run_75b90575bb9e48ce7918"", ""domain_scores"": {""agriculture, forestry, and fisheries"": 0.6680911486169095, ""economy and finance"": 0.6993370570124587, ""environment and energy"": 0.6612407709431416, ""industry, trade, and services"": 0.6961852515140688, ""transport"": 0.7806940761400575}, ""source"": ""hdbscan_pearl_small""}"
term_eb450627122a1664dc13,"gross weight of goods transported to/from main ports, by type of cargo for each sea region of partner ports",cluster_436a35bf5d70,transport,1.000000,false,embedding_threshold,"{""classification_run_id"": ""run_75b90575bb9e48ce7918"", ""domain_scores"": {""agriculture, forestry, and fisheries"": 0.6680911486169095, ""economy and finance"": 0.6993370570124587, ""environment and energy"": 0.6612407709431416, ""industry, trade, and services"": 0.6961852515140688, ""transport"": 0.7806940761400575}, ""source"": ""hdbscan_pearl_small""}"
term_e6cd08c5e530a7d55c17,Gross weight of liquid bulk goods transported in short sea shipping from/to the top 5 EU ports for liquid bulk goods,cluster_436a35bf5d70,transport,0.911636,true,embedding_threshold,"{""classification_run_id"": ""run_75b90575bb9e48ce7918"", ""domain_scores"": {""agriculture, forestry, and fisheries"": 0.6680911486169095, ""economy and finance"": 0.6993370570124587, ""environment and energy"": 0.6612407709431416, ""industry, trade, and services"": 0.6961852515140688, ""transport"": 0.7806940761400575}, ""source"": ""hdbscan_pearl_small""}"
term_3dbc7e5444fb23d6d899,Harmonised risk indicator 1 for pesticides by categorisation of active substances,unclustered,cross-domain or other,0.000000,false,noise_default,"{""classification_run_id"": ""run_75b90575bb9e48ce7918"", ""domain_scores"": {}, ""source"": ""hdbscan_pearl_small""}"
term_b28741ef4ee8a1420a20,Health care expenditure,unclustered,cross-domain or other,0.000000,false,noise_default,"{""classification_run_id"": ""run_75b90575bb9e48ce7918"", ""domain_scores"": {}, ""source"": ""hdbscan_pearl_small""}"
term_7a46a9a0691b4a23f53b,Health care expenditure - % of GDP - ENP-East countries,unclustered,cross-domain or other,0.000000,false,noise_default,"{""classification_run_id"": ""run_75b90575bb9e48ce7918"", ""domain_scores"": {}, ""source"": ""hdbscan_pearl_small""}"
term_8c0da67ed1006687b002,Healthy life years at birth by sex,unclustered,cross-domain or other,0.000000,false,noise_default,"{""classification_run_id"": ""run_75b90575bb9e48ce7918"", ""domain_scores"": {}, ""source"": ""hdbscan_pearl_small""}"
term_9b83e3239cd2a5b6767f,HICP - transport,unclustered,cross-domain or other,0.000000,false,noise_default,"{""classification_run_id"": ""run_75b90575bb9e48ce7918"", ""domain_scores"": {}, ""source"": ""hdbscan_pearl_small""}"
term_889e83c0402a09059be4,Hours worked per week of full-time employment,unclustered,cross-domain or other,0.000000,false,noise_default,"{""classification_run_id"": ""run_75b90575bb9e48ce7918"", ""domain_scores"": {}, ""source"": ""hdbscan_pearl_small""}"
term_2ac0acffca0463ed9ded,House price index,cluster_b79ec27e90f4,cross-domain or other,0.952969,true,embedding_threshold_fallback,"{""classification_run_id"": ""run_75b90575bb9e48ce7918"", ""domain_scores"": {""economy and finance"": 0.698195168945704, ""industry, trade, and services"": 0.6135823503332326, ""labour market"": 0.6775073446974057, ""population and demography"": 0.6811998404817894, ""regional and urban statistics"": 0.6500206788020642}, ""source"": ""hdbscan_pearl_small""}"
term_53a4355232fa8ec64f34,House price index (= 100),unclustered,cross-domain or other,0.000000,false,noise_default,"{""classification_run_id"": ""run_75b90575bb9e48ce7918"", ""domain_scores"": {}, ""source"": ""hdbscan_pearl_small""}"
term_95b646dd7227ccce08b4,House price index (= 100) - quarterly data,cluster_b79ec27e90f4,cross-domain or other,1.000000,false,embedding_threshold_fallback,"{""classification_run_id"": ""run_75b90575bb9e48ce7918"", ""domain_scores"": {""economy and finance"": 0.698195168945704, ""industry, trade, and services"": 0.6135823503332326, ""labour market"": 0.6775073446974057, ""population and demography"": 0.6811998404817894, ""regional and urban statistics"": 0.6500206788020642}, ""source"": ""hdbscan_pearl_small""}"
term_b287058763b62e747ffb,House price index - Item weights,unclustered,cross-domain or other,0.000000,false,noise_default,"{""classification_run_id"": ""run_75b90575bb9e48ce7918"", ""domain_scores"": {}, ""source"": ""hdbscan_pearl_small""}"
term_7fd0142c8dd981cee687,House price index - quarterly data,cluster_b79ec27e90f4,cross-domain or other,1.000000,true,embedding_threshold_fallback,"{""classification_run_id"": ""run_75b90575bb9e48ce7918"", ""domain_scores"": {""economy and finance"": 0.698195168945704, ""industry, trade, and services"": 0.6135823503332326, ""labour market"": 0.6775073446974057, ""population and demography"": 0.6811998404817894, ""regional and urban statistics"": 0.6500206788020642}, ""source"": ""hdbscan_pearl_small""}"
term_20521c72e6cabba7e964,"House price index, deflated",cluster_b79ec27e90f4,cross-domain or other,0.969510,false,embedding_threshold_fallback,"{""classification_run_id"": ""run_75b90575bb9e48ce7918"", ""domain_scores"": {""economy and finance"": 0.698195168945704, ""industry, trade, and services"": 0.6135823503332326, ""labour market"": 0.6775073446974057, ""population and demography"": 0.6811998404817894, ""regional and urban statistics"": 0.6500206788020642}, ""source"": ""hdbscan_pearl_small""}"
term_4d5be5b88085385db32d,"House price index, deflated - annual data",cluster_b79ec27e90f4,cross-domain or other,1.000000,false,embedding_threshold_fallback,"{""classification_run_id"": ""run_75b90575bb9e48ce7918"", ""domain_scores"": {""economy and finance"": 0.698195168945704, ""industry, trade, and services"": 0.6135823503332326, ""labour market"": 0.6775073446974057, ""population and demography"": 0.6811998404817894, ""regional and urban statistics"": 0.6500206788020642}, ""source"": ""hdbscan_pearl_small""}"
term_cf8712dfc9d708cb8fa1,"House price index, deflated - quarterly data",cluster_b79ec27e90f4,cross-domain or other,1.000000,true,embedding_threshold_fallback,"{""classification_run_id"": ""run_75b90575bb9e48ce7918"", ""domain_scores"": {""economy and finance"": 0.698195168945704, ""industry, trade, and services"": 0.6135823503332326, ""labour market"": 0.6775073446974057, ""population and demography"": 0.6811998404817894, ""regional and urban statistics"": 0.6500206788020642}, ""source"": ""hdbscan_pearl_small""}"
term_14fbb936b6af82a1ad80,"House price index, nominal",cluster_b79ec27e90f4,cross-domain or other,1.000000,true,embedding_threshold_fallback,"{""classification_run_id"": ""run_75b90575bb9e48ce7918"", ""domain_scores"": {""economy and finance"": 0.698195168945704, ""industry, trade, and services"": 0.6135823503332326, ""labour market"": 0.6775073446974057, ""population and demography"": 0.6811998404817894, ""regional and urban statistics"": 0.6500206788020642}, ""source"": ""hdbscan_pearl_small""}"
term_3987c647edbf48762f80,"House price index, nominal - annual data",cluster_b79ec27e90f4,cross-domain or other,1.000000,true,embedding_threshold_fallback,"{""classification_run_id"": ""run_75b90575bb9e48ce7918"", ""domain_scores"": {""economy and finance"": 0.698195168945704, ""industry, trade, and services"": 0.6135823503332326, ""labour market"": 0.6775073446974057, ""population and demography"": 0.6811998404817894, ""regional and urban statistics"": 0.6500206788020642}, ""source"": ""hdbscan_pearl_small""}"
term_b42b72d1ef59e78b9232,House sales,unclustered,cross-domain or other,0.000000,false,noise_default,"{""classification_run_id"": ""run_75b90575bb9e48ce7918"", ""domain_scores"": {}, ""source"": ""hdbscan_pearl_small""}"
term_d47300ffaf337f995f13,"House sales - number and index (=100), annual data",unclustered,cross-domain or other,0.000000,false,noise_default,"{""classification_run_id"": ""run_75b90575bb9e48ce7918"", ""domain_scores"": {}, ""source"": ""hdbscan_pearl_small""}"
term_48fc1ea3059120d115be,"House sales - value and index (=100), annual data",unclustered,cross-domain or other,0.000000,false,noise_default,"{""classification_run_id"": ""run_75b90575bb9e48ce7918"", ""domain_scores"": {}, ""source"": ""hdbscan_pearl_small""}"
term_d3a86d6b1442368c3650,Housing cost overburden rate by income quintile - EU-SILC survey,cluster_e7d0c36b4e48,population and demography,0.812321,false,embedding_threshold,"{""classification_run_id"": ""run_75b90575bb9e48ce7918"", ""domain_scores"": {""health"": 0.6489362833762581, ""labour market"": 0.7028210916628311, ""population and demography"": 0.7487856750551453, ""regional and urban statistics"": 0.6552702354468821, ""social conditions and equality"": 0.7185160585524769}, ""source"": ""hdbscan_pearl_small""}"
term_b5b8d388f2ef30d9a63b,Import prices - capital goods,cluster_de826995d586,economy and finance,0.889328,false,embedding_threshold,"{""classification_run_id"": ""run_75b90575bb9e48ce7918"", ""domain_scores"": {""agriculture, forestry, and fisheries"": 0.6311253024946143, ""economy and finance"": 0.7201847342423928, ""industry, trade, and services"": 0.6734553073392272, ""labour market"": 0.6693130808203591, ""transport"": 0.6485234077344392}, ""source"": ""hdbscan_pearl_small""}"
term_fa079b5a5c445856b3d5,Import prices - consumer durables,cluster_de826995d586,economy and finance,0.903506,false,embedding_threshold,"{""classification_run_id"": ""run_75b90575bb9e48ce7918"", ""domain_scores"": {""agriculture, forestry, and fisheries"": 0.6311253024946143, ""economy and finance"": 0.7201847342423928, ""industry, trade, and services"": 0.6734553073392272, ""labour market"": 0.6693130808203591, ""transport"": 0.6485234077344392}, ""source"": ""hdbscan_pearl_small""}"
term_113fb5fe2b429e592b11,Import prices - consumer non-durables,cluster_de826995d586,economy and finance,1.000000,false,embedding_threshold,"{""classification_run_id"": ""run_75b90575bb9e48ce7918"", ""domain_scores"": {""agriculture, forestry, and fisheries"": 0.6311253024946143, ""economy and finance"": 0.7201847342423928, ""industry, trade, and services"": 0.6734553073392272, ""labour market"": 0.6693130808203591, ""transport"": 0.6485234077344392}, ""source"": ""hdbscan_pearl_small""}"
term_01e9da427b6abfa900c2,Import prices - intermediate goods,cluster_de826995d586,economy and finance,0.915864,false,embedding_threshold,"{""classification_run_id"": ""run_75b90575bb9e48ce7918"", ""domain_scores"": {""agriculture, forestry, and fisheries"": 0.6311253024946143, ""economy and finance"": 0.7201847342423928, ""industry, trade, and services"": 0.6734553073392272, ""labour market"": 0.6693130808203591, ""transport"": 0.6485234077344392}, ""source"": ""hdbscan_pearl_small""}"
term_1db7e88dc0bc19d4fa1a,Import prices - manufacturing,cluster_de826995d586,economy and finance,0.915864,false,embedding_threshold,"{""classification_run_id"": ""run_75b90575bb9e48ce7918"", ""domain_scores"": {""agriculture, forestry, and fisheries"": 0.6311253024946143, ""economy and finance"": 0.7201847342423928, ""industry, trade, and services"": 0.6734553073392272, ""labour market"": 0.6693130808203591, ""transport"": 0.6485234077344392}, ""source"": ""hdbscan_pearl_small""}"
term_22efcbdc7e86854e5717,Import prices - total industry,unclustered,cross-domain or other,0.000000,false,noise_default,"{""classification_run_id"": ""run_75b90575bb9e48ce7918"", ""domain_scores"": {}, ""source"": ""hdbscan_pearl_small""}"
term_c4e193b79f7c26d0cd98,Imports of goods - machinery and transport equipment,unclustered,cross-domain or other,0.000000,false,noise_default,"{""classification_run_id"": ""run_75b90575bb9e48ce7918"", ""domain_scores"": {}, ""source"": ""hdbscan_pearl_small""}"
term_6e013eaf01ca71a8b4dd,Imports of goods and services in % of GDP,unclustered,cross-domain or other,0.000000,false,noise_default,"{""classification_run_id"": ""run_75b90575bb9e48ce7918"", ""domain_scores"": {}, ""source"": ""hdbscan_pearl_small""}"
term_9ac263f40d0cdab6e19b,including health expenditure,unclustered,cross-domain or other,0.000000,false,noise_default,"{""classification_run_id"": ""run_75b90575bb9e48ce7918"", ""domain_scores"": {}, ""source"": ""hdbscan_pearl_small""}"
term_0388239da703c3da3a94,including national transport,unclustered,cross-domain or other,0.000000,false,noise_default,"{""classification_run_id"": ""run_75b90575bb9e48ce7918"", ""domain_scores"": {}, ""source"": ""hdbscan_pearl_small""}"
term_e419e19674142f6f64cc,Income from intellectual property rights for computer services,unclustered,cross-domain or other,0.000000,false,noise_default,"{""classification_run_id"": ""run_75b90575bb9e48ce7918"", ""domain_scores"": {}, ""source"": ""hdbscan_pearl_small""}"
term_28e6144223bf5a76d0ee,Income in real terms (SILC=100),unclustered,cross-domain or other,0.000000,false,noise_default,"{""classification_run_id"": ""run_75b90575bb9e48ce7918"", ""domain_scores"": {}, ""source"": ""hdbscan_pearl_small""}"
term_d1255f52cdca607165d0,Income inequality for older people,cluster_55cd06be7ef5,cross-domain or other,0.800565,false,embedding_threshold_fallback,"{""classification_run_id"": ""run_75b90575bb9e48ce7918"", ""domain_scores"": {""economy and finance"": 0.6676096953224072, ""health"": 0.6400325914000694, ""labour market"": 0.6722840286997268, ""population and demography"": 0.6980887726643705, ""social conditions and equality"": 0.683880811919023}, ""source"": ""hdbscan_pearl_small""}"
term_55eb5e8e6a2e6b24d8d3,Income inequality for older people - EU-SILC survey,cluster_55cd06be7ef5,cross-domain or other,1.000000,false,embedding_threshold_fallback,"{""classification_run_id"": ""run_75b90575bb9e48ce7918"", ""domain_scores"": {""economy and finance"": 0.6676096953224072, ""health"": 0.6400325914000694, ""labour market"": 0.6722840286997268, ""population and demography"": 0.6980887726643705, ""social conditions and equality"": 0.683880811919023}, ""source"": ""hdbscan_pearl_small""}"
term_dbffea080c0d5fdff163,Income quintile share ratio (S80/S20) by sex,cluster_506831c7dd56,cross-domain or other,1.000000,false,embedding_threshold_fallback,"{""classification_run_id"": ""run_75b90575bb9e48ce7918"", ""domain_scores"": {""agriculture, forestry, and fisheries"": 0.5752332373955832, ""economy and finance"": 0.6504245793993612, ""labour market"": 0.6107622653430957, ""population and demography"": 0.6030951822240441, ""social conditions and equality"": 0.6683868732167505}, ""source"": ""hdbscan_pearl_small""}"
term_9d5a4b6bdd9d740a605a,Income quintile share ratio - S80/S20 - ENP-East countries,cluster_506831c7dd56,cross-domain or other,1.000000,true,embedding_threshold_fallback,"{""classification_run_id"": ""run_75b90575bb9e48ce7918"", ""domain_scores"": {""agriculture, forestry, and fisheries"": 0.5752332373955832, ""economy and finance"": 0.6504245793993612, ""labour market"": 0.6107622653430957, ""population and demography"": 0.6030951822240441, ""social conditions and equality"": 0.6683868732167505}, ""source"": ""hdbscan_pearl_small""}"
term_6d86dd447f76de1a4400,Income quintile share ratio - S80/S20 - ENP-South countries,cluster_506831c7dd56,cross-domain or other,0.949991,true,embedding_threshold_fallback,"{""classification_run_id"": ""run_75b90575bb9e48ce7918"", ""domain_scores"": {""agriculture, forestry, and fisheries"": 0.5752332373955832, ""economy and finance"": 0.6504245793993612, ""labour market"": 0.6107622653430957, ""population and demography"": 0.6030951822240441, ""social conditions and equality"": 0.6683868732167505}, ""source"": ""hdbscan_pearl_small""}"
term_5714bc6f1087bc9fb5f0,Income quintile share ratio S80/S20 by NUTS 2 region,cluster_506831c7dd56,cross-domain or other,0.948478,false,embedding_threshold_fallback,"{""classification_run_id"": ""run_75b90575bb9e48ce7918"", ""domain_scores"": {""agriculture, forestry, and fisheries"": 0.5752332373955832, ""economy and finance"": 0.6504245793993612, ""labour market"": 0.6107622653430957, ""population and demography"": 0.6030951822240441, ""social conditions and equality"": 0.6683868732167505}, ""source"": ""hdbscan_pearl_small""}"
term_25037dcefaa4c67fcebb,Income share of the bottom 40 % of the population,unclustered,cross-domain or other,0.000000,false,noise_default,"{""classification_run_id"": ""run_75b90575bb9e48ce7918"", ""domain_scores"": {}, ""source"": ""hdbscan_pearl_small""}"
term_9ada14c39440e5583682,Indicator A of the income from agricultural activity,unclustered,cross-domain or other,0.000000,false,noise_default,"{""classification_run_id"": ""run_75b90575bb9e48ce7918"", ""domain_scores"": {}, ""source"": ""hdbscan_pearl_small""}"
term_86c6296d5245a05d0ec6,Industrial and construction production volume index,unclustered,cross-domain or other,0.000000,false,noise_default,"{""classification_run_id"": ""run_75b90575bb9e48ce7918"", ""domain_scores"": {}, ""source"": ""hdbscan_pearl_small""}"
term_324b9884a59c48c27271,Industrial and construction production volume index - calendar adjusted - ENP-East countries,unclustered,cross-domain or other,0.000000,false,noise_default,"{""classification_run_id"": ""run_75b90575bb9e48ce7918"", ""domain_scores"": {}, ""source"": ""hdbscan_pearl_small""}"
term_ac3a2131e4f6dda678a5,Inequality of income distribution,unclustered,cross-domain or other,0.000000,false,noise_default,"{""classification_run_id"": ""run_75b90575bb9e48ce7918"", ""domain_scores"": {}, ""source"": ""hdbscan_pearl_small""}"
term_6e3300b3b76ec6fc07b9,Inequality of income distribution S80/S20 income quintile share ratio,cluster_506831c7dd56,cross-domain or other,1.000000,true,embedding_threshold_fallback,"{""classification_run_id"": ""run_75b90575bb9e48ce7918"", ""domain_scores"": {""agriculture, forestry, and fisheries"": 0.5752332373955832, ""economy and finance"": 0.6504245793993612, ""labour market"": 0.6107622653430957, ""population and demography"": 0.6030951822240441, ""social conditions and equality"": 0.6683868732167505}, ""source"": ""hdbscan_pearl_small""}"
term_720ba7a9b58779717a67,Inequality of income distribution S80/S20 income quintile share ratio - EU-SILC and ECHP surveys,cluster_506831c7dd56,cross-domain or other,0.889357,false,embedding_threshold_fallback,"{""classification_run_id"": ""run_75b90575bb9e48ce7918"", ""domain_scores"": {""agriculture, forestry, and fisheries"": 0.5752332373955832, ""economy and finance"": 0.6504245793993612, ""labour market"": 0.6107622653430957, ""population and demography"": 0.6030951822240441, ""social conditions and equality"": 0.6683868732167505}, ""source"": ""hdbscan_pearl_small""}"
term_e9a99632a5e342b4b239,Interests receivable and similar income by product,unclustered,cross-domain or other,0.000000,false,noise_default,"{""classification_run_id"": ""run_75b90575bb9e48ce7918"", ""domain_scores"": {}, ""source"": ""hdbscan_pearl_small""}"
term_18e4be30cbe2563cec14,International trade as a share of GDP,unclustered,cross-domain or other,0.000000,false,noise_default,"{""classification_run_id"": ""run_75b90575bb9e48ce7918"", ""domain_scores"": {}, ""source"": ""hdbscan_pearl_small""}"
term_3ea65693dfee62b7d7d9,Intra-mural Business Enterprise R&D Expenditures in Foreign Controlled Enterprises,unclustered,cross-domain or other,0.000000,false,noise_default,"{""classification_run_id"": ""run_75b90575bb9e48ce7918"", ""domain_scores"": {}, ""source"": ""hdbscan_pearl_small""}"
term_71e8da9a79f9decbfde7,Investment share of GDP by institutional sectors,unclustered,cross-domain or other,0.000000,false,noise_default,"{""classification_run_id"": ""run_75b90575bb9e48ce7918"", ""domain_scores"": {}, ""source"": ""hdbscan_pearl_small""}"
term_07c88bf3aece412e87e2,Involuntary temporary employment,unclustered,cross-domain or other,0.000000,false,noise_default,"{""classification_run_id"": ""run_75b90575bb9e48ce7918"", ""domain_scores"": {}, ""source"": ""hdbscan_pearl_small""}"
term_5de95c935e54b28c5aa1,Inward FDI stocks in % of GDP,unclustered,cross-domain or other,0.000000,false,noise_default,"{""classification_run_id"": ""run_75b90575bb9e48ce7918"", ""domain_scores"": {}, ""source"": ""hdbscan_pearl_small""}"
term_ce67cd86ecfdda211083,Labour productivity in GDP (constant prices) per person employed,cluster_84a10ec4eb87,cross-domain or other,0.909785,false,embedding_threshold_fallback,"{""classification_run_id"": ""run_75b90575bb9e48ce7918"", ""domain_scores"": {""economy and finance"": 0.7286435528360393, ""environment and energy"": 0.6519930377463107, ""health"": 0.6568422343562978, ""labour market"": 0.7009352358476473, ""population and demography"": 0.7137265756915805}, ""source"": ""hdbscan_pearl_small""}"
term_f17f855c2456eeb7b95d,Labour productivity in GDP (constant prices) per person employed - ENP-East countries,unclustered,cross-domain or other,0.000000,false,noise_default,"{""classification_run_id"": ""run_75b90575bb9e48ce7918"", ""domain_scores"": {}, ""source"": ""hdbscan_pearl_small""}"
term_9aec9416f35680f516f6,Laying hens population,unclustered,cross-domain or other,0.000000,false,noise_default,"{""classification_run_id"": ""run_75b90575bb9e48ce7918"", ""domain_scores"": {}, ""source"": ""hdbscan_pearl_small""}"
term_d186ea2cd1615cb2621c,Laying hens population - annual data,unclustered,cross-domain or other,0.000000,false,noise_default,"{""classification_run_id"": ""run_75b90575bb9e48ce7918"", ""domain_scores"": {}, ""source"": ""hdbscan_pearl_small""}"
term_f6876eaedf46f3589cd0,Life expectancy at birth by sex - ENP-South countries,cluster_99358c580dcf,labour market,0.844187,false,embedding_threshold,"{""classification_run_id"": ""run_75b90575bb9e48ce7918"", ""domain_scores"": {""economy and finance"": 0.6830314331028731, ""labour market"": 0.789534856381208, ""population and demography"": 0.7264993057884989, ""regional and urban statistics"": 0.6766704497423219, ""social conditions and equality"": 0.7191189563238449}, ""source"": ""hdbscan_pearl_small""}"
term_812ad3ebcd48675b5282,Live births,unclustered,cross-domain or other,0.000000,false,noise_default,"{""classification_run_id"": ""run_75b90575bb9e48ce7918"", ""domain_scores"": {}, ""source"": ""hdbscan_pearl_small""}"
term_ae811119ae4287ceef98,Live births and crude birth rate,unclustered,cross-domain or other,0.000000,false,noise_default,"{""classification_run_id"": ""run_75b90575bb9e48ce7918"", ""domain_scores"": {}, ""source"": ""hdbscan_pearl_small""}"
term_47ead53796b0ad6f4802,Loans (excluding mortgages on purchase of main residence) by income quintile,unclustered,cross-domain or other,0.000000,false,noise_default,"{""classification_run_id"": ""run_75b90575bb9e48ce7918"", ""domain_scores"": {}, ""source"": ""hdbscan_pearl_small""}"
term_d3e9231fa5288ba36887,Long-term unemployment rate by sex,cluster_99358c580dcf,labour market,1.000000,false,embedding_threshold,"{""classification_run_id"": ""run_75b90575bb9e48ce7918"", ""domain_scores"": {""economy and finance"": 0.6830314331028731, ""labour market"": 0.789534856381208, ""population and demography"": 0.7264993057884989, ""regional and urban statistics"": 0.6766704497423219, ""social conditions and equality"": 0.7191189563238449}, ""source"": ""hdbscan_pearl_small""}"
term_8bb310c92f161e04aeb0,"Long-term unemployment rate, % of active population aged 15-74",unclustered,cross-domain or other,0.000000,false,noise_default,"{""classification_run_id"": ""run_75b90575bb9e48ce7918"", ""domain_scores"": {}, ""source"": ""hdbscan_pearl_small""}"
term_6273fd9149de8fb6704b,Long-term unemployment rates by sex,cluster_99358c580dcf,labour market,1.000000,false,embedding_threshold,"{""classification_run_id"": ""run_75b90575bb9e48ce7918"", ""domain_scores"": {""economy and finance"": 0.6830314331028731, ""labour market"": 0.789534856381208, ""population and demography"": 0.7264993057884989, ""regional and urban statistics"": 0.6766704497423219, ""social conditions and equality"": 0.7191189563238449}, ""source"": ""hdbscan_pearl_small""}"
term_06310cc3ee57698adc4b,Long-term unemployment rates by sex - ENP-East countries,cluster_99358c580dcf,labour market,1.000000,false,embedding_threshold,"{""classification_run_id"": ""run_75b90575bb9e48ce7918"", ""domain_scores"": {""economy and finance"": 0.6830314331028731, ""labour market"": 0.789534856381208, ""population and demography"": 0.7264993057884989, ""regional and urban statistics"": 0.6766704497423219, ""social conditions and equality"": 0.7191189563238449}, ""source"": ""hdbscan_pearl_small""}"
term_57896bda73fe719211f7,Low-wage earners as a proportion of all employees (excluding apprentices) by employment contract,unclustered,cross-domain or other,0.000000,false,noise_default,"{""classification_run_id"": ""run_75b90575bb9e48ce7918"", ""domain_scores"": {}, ""source"": ""hdbscan_pearl_small""}"
term_e157e5c7f05a0049cc46,Maritime goods transport performed in the Exclusive Economic Zone of the countries,unclustered,cross-domain or other,0.000000,false,noise_default,"{""classification_run_id"": ""run_75b90575bb9e48ce7918"", ""domain_scores"": {}, ""source"": ""hdbscan_pearl_small""}"
term_cf4d38e388c2bc56090a,Maritime passenger transport performed in the Exclusive Economic Zone of the countries,unclustered,cross-domain or other,0.000000,false,noise_default,"{""classification_run_id"": ""run_75b90575bb9e48ce7918"", ""domain_scores"": {}, ""source"": ""hdbscan_pearl_small""}"
term_eb0740949292b76319ec,Maritime transport infrastructure,unclustered,cross-domain or other,0.000000,false,noise_default,"{""classification_run_id"": ""run_75b90575bb9e48ce7918"", ""domain_scores"": {}, ""source"": ""hdbscan_pearl_small""}"
term_c6b8e720436e1d8a19f2,Maritime transport infrastructure: ports,unclustered,cross-domain or other,0.000000,false,noise_default,"{""classification_run_id"": ""run_75b90575bb9e48ce7918"", ""domain_scores"": {}, ""source"": ""hdbscan_pearl_small""}"
term_422013898bdc7aa0ad06,Maritime transport of freight by NUTS 2 region,unclustered,cross-domain or other,0.000000,false,noise_default,"{""classification_run_id"": ""run_75b90575bb9e48ce7918"", ""domain_scores"": {}, ""source"": ""hdbscan_pearl_small""}"
term_0ecae0b5473fbb8ae729,Maritime transport of passengers by NUTS 2 region,unclustered,cross-domain or other,0.000000,false,noise_default,"{""classification_run_id"": ""run_75b90575bb9e48ce7918"", ""domain_scores"": {}, ""source"": ""hdbscan_pearl_small""}"
term_5a62747e9b2bbc98b77e,Market production,unclustered,cross-domain or other,0.000000,false,noise_default,"{""classification_run_id"": ""run_75b90575bb9e48ce7918"", ""domain_scores"": {}, ""source"": ""hdbscan_pearl_small""}"
term_012b2e24a75dae7a8801,Market production - annual data,unclustered,cross-domain or other,0.000000,false,noise_default,"{""classification_run_id"": ""run_75b90575bb9e48ce7918"", ""domain_scores"": {}, ""source"": ""hdbscan_pearl_small""}"
term_078d046c57799f9a57b5,Mean age of women at childbirth and at birth of first child,unclustered,cross-domain or other,0.000000,false,noise_default,"{""classification_run_id"": ""run_75b90575bb9e48ce7918"", ""domain_scores"": {}, ""source"": ""hdbscan_pearl_small""}"
term_45b9a362994ac998a029,Mean consumption expenditure by number of active persons,unclustered,cross-domain or other,0.000000,false,noise_default,"{""classification_run_id"": ""run_75b90575bb9e48ce7918"", ""domain_scores"": {}, ""source"": ""hdbscan_pearl_small""}"
term_c14bca743ac5884f17e2,Mean consumption expenditure of private households on cultural goods and services by income quintile,unclustered,cross-domain or other,0.000000,false,noise_default,"{""classification_run_id"": ""run_75b90575bb9e48ce7918"", ""domain_scores"": {}, ""source"": ""hdbscan_pearl_small""}"
term_fcbaef808b290197842f,Mean consumption expenditure of private households on sporting goods and services by income quintile,unclustered,cross-domain or other,0.000000,false,noise_default,"{""classification_run_id"": ""run_75b90575bb9e48ce7918"", ""domain_scores"": {}, ""source"": ""hdbscan_pearl_small""}"
term_20ca9ef9e116900d5e88,Mean consumption expenditure per household and per adult equivalent,unclustered,cross-domain or other,0.000000,false,noise_default,"{""classification_run_id"": ""run_75b90575bb9e48ce7918"", ""domain_scores"": {}, ""source"": ""hdbscan_pearl_small""}"
term_e10167245fc767be14f4,Meat (total production),unclustered,cross-domain or other,0.000000,false,noise_default,"{""classification_run_id"": ""run_75b90575bb9e48ce7918"", ""domain_scores"": {}, ""source"": ""hdbscan_pearl_small""}"
term_aeaee419e62acf4048d5,Meat production,cluster_0747a3157ffb,"agriculture, forestry, and fisheries",1.000000,true,embedding_threshold,"{""classification_run_id"": ""run_75b90575bb9e48ce7918"", ""domain_scores"": {""agriculture, forestry, and fisheries"": 0.7705115463051274, ""education"": 0.635955172237763, ""environment and energy"": 0.6922148252171598, ""industry, trade, and services"": 0.6596587474858008, ""labour market"": 0.6636619757451894}, ""source"": ""hdbscan_pearl_small""}"
term_dda222aaf1cad0d16ff4,Meat production - ENP-East countries,cluster_0747a3157ffb,"agriculture, forestry, and fisheries",1.000000,true,embedding_threshold,"{""classification_run_id"": ""run_75b90575bb9e48ce7918"", ""domain_scores"": {""agriculture, forestry, and fisheries"": 0.7705115463051274, ""education"": 0.635955172237763, ""environment and energy"": 0.6922148252171598, ""industry, trade, and services"": 0.6596587474858008, ""labour market"": 0.6636619757451894}, ""source"": ""hdbscan_pearl_small""}"
term_08f3dd440b4f4e4ac60d,Meat production - ENP-South countries,cluster_0747a3157ffb,"agriculture, forestry, and fisheries",1.000000,true,embedding_threshold,"{""classification_run_id"": ""run_75b90575bb9e48ce7918"", ""domain_scores"": {""agriculture, forestry, and fisheries"": 0.7705115463051274, ""education"": 0.635955172237763, ""environment and energy"": 0.6922148252171598, ""industry, trade, and services"": 0.6596587474858008, ""labour market"": 0.6636619757451894}, ""source"": ""hdbscan_pearl_small""}"
term_f7373141e70e62bc181d,Median age of residents by sex and country of birth,unclustered,cross-domain or other,0.000000,false,noise_default,"{""classification_run_id"": ""run_75b90575bb9e48ce7918"", ""domain_scores"": {}, ""source"": ""hdbscan_pearl_small""}"
term_126f1c47aefcedb88cc8,Median relative income of elderly people,cluster_55cd06be7ef5,cross-domain or other,0.987337,false,embedding_threshold_fallback,"{""classification_run_id"": ""run_75b90575bb9e48ce7918"", ""domain_scores"": {""economy and finance"": 0.6676096953224072, ""health"": 0.6400325914000694, ""labour market"": 0.6722840286997268, ""population and demography"": 0.6980887726643705, ""social conditions and equality"": 0.683880811919023}, ""source"": ""hdbscan_pearl_small""}"
term_1847b10ff62e7ccf2fbb,Median relative income of elderly people (60+),cluster_55cd06be7ef5,cross-domain or other,0.987337,true,embedding_threshold_fallback,"{""classification_run_id"": ""run_75b90575bb9e48ce7918"", ""domain_scores"": {""economy and finance"": 0.6676096953224072, ""health"": 0.6400325914000694, ""labour market"": 0.6722840286997268, ""population and demography"": 0.6980887726643705, ""social conditions and equality"": 0.683880811919023}, ""source"": ""hdbscan_pearl_small""}"
term_074ac00adbe5f73a2af1,Median relative income of elderly people (60+) - EU-SILC survey,cluster_55cd06be7ef5,cross-domain or other,0.987337,true,embedding_threshold_fallback,"{""classification_run_id"": ""run_75b90575bb9e48ce7918"", ""domain_scores"": {""economy and finance"": 0.6676096953224072, ""health"": 0.6400325914000694, ""labour market"": 0.6722840286997268, ""population and demography"": 0.6980887726643705, ""social conditions and equality"": 0.683880811919023}, ""source"": ""hdbscan_pearl_small""}"
term_aae6ecbce1ea4c04530e,Median relative income of elderly people - EU-SILC survey,cluster_55cd06be7ef5,cross-domain or other,0.987337,true,embedding_threshold_fallback,"{""classification_run_id"": ""run_75b90575bb9e48ce7918"", ""domain_scores"": {""economy and finance"": 0.6676096953224072, ""health"": 0.6400325914000694, ""labour market"": 0.6722840286997268, ""population and demography"": 0.6980887726643705, ""social conditions and equality"": 0.683880811919023}, ""source"": ""hdbscan_pearl_small""}"
term_751662a2365b33aba273,Median saving rate by income quintile,unclustered,cross-domain or other,0.000000,false,noise_default,"{""classification_run_id"": ""run_75b90575bb9e48ce7918"", ""domain_scores"": {}, ""source"": ""hdbscan_pearl_small""}"
term_6d3a4e9e00dfe2d6b031,Median saving rate by income quintile - experimental statistics,unclustered,cross-domain or other,0.000000,false,noise_default,"{""classification_run_id"": ""run_75b90575bb9e48ce7918"", ""domain_scores"": {}, ""source"": ""hdbscan_pearl_small""}"
term_b61bf04e7a77cfdc39a0,"Modal split of air, sea and freight transport",unclustered,cross-domain or other,0.000000,false,noise_default,"{""classification_run_id"": ""run_75b90575bb9e48ce7918"", ""domain_scores"": {}, ""source"": ""hdbscan_pearl_small""}"
term_c3cd9054646b135d0b4e,"Modal split of air, sea and passenger transport",unclustered,cross-domain or other,0.000000,false,noise_default,"{""classification_run_id"": ""run_75b90575bb9e48ce7918"", ""domain_scores"": {}, ""source"": ""hdbscan_pearl_small""}"
term_c81d6ee622d33c0e63b4,Modal split of freight transport,unclustered,cross-domain or other,0.000000,false,noise_default,"{""classification_run_id"": ""run_75b90575bb9e48ce7918"", ""domain_scores"": {}, ""source"": ""hdbscan_pearl_small""}"
term_8c5599186ab207fa39cc,National expenditure on environmental protection,unclustered,cross-domain or other,0.000000,false,noise_default,"{""classification_run_id"": ""run_75b90575bb9e48ce7918"", ""domain_scores"": {}, ""source"": ""hdbscan_pearl_small""}"
term_f32b7749e3c9ff7974e4,National passenger road transport performance by type of vehicles registered in the,unclustered,cross-domain or other,0.000000,false,noise_default,"{""classification_run_id"": ""run_75b90575bb9e48ce7918"", ""domain_scores"": {}, ""source"": ""hdbscan_pearl_small""}"
term_5c1b156bf1e3cc20b804,"Net external debt - annual data, % of GDP",cluster_71139f449ed0,economy and finance,1.000000,true,embedding_threshold,"{""classification_run_id"": ""run_75b90575bb9e48ce7918"", ""domain_scores"": {""economy and finance"": 0.7268003334031932, ""health"": 0.6290264990649875, ""industry, trade, and services"": 0.6535122370515143, ""labour market"": 0.6599099628287749, ""population and demography"": 0.6348137138742423}, ""source"": ""hdbscan_pearl_small""}"
term_cd3886f7e671857294d0,"Net external debt - quarterly data, % of GDP",cluster_71139f449ed0,economy and finance,1.000000,true,embedding_threshold,"{""classification_run_id"": ""run_75b90575bb9e48ce7918"", ""domain_scores"": {""economy and finance"": 0.7268003334031932, ""health"": 0.6290264990649875, ""industry, trade, and services"": 0.6535122370515143, ""labour market"": 0.6599099628287749, ""population and demography"": 0.6348137138742423}, ""source"": ""hdbscan_pearl_small""}"
term_4b419433504b08218669,"Net international investment position - quarterly data, % of GDP",cluster_71139f449ed0,economy and finance,1.000000,false,embedding_threshold,"{""classification_run_id"": ""run_75b90575bb9e48ce7918"", ""domain_scores"": {""economy and finance"": 0.7268003334031932, ""health"": 0.6290264990649875, ""industry, trade, and services"": 0.6535122370515143, ""labour market"": 0.6599099628287749, ""population and demography"": 0.6348137138742423}, ""source"": ""hdbscan_pearl_small""}"
term_5aa8c2375b016a280a45,Net international investment position excluding non-defaultable instruments - % of GDP,unclustered,cross-domain or other,0.000000,false,noise_default,"{""classification_run_id"": ""run_75b90575bb9e48ce7918"", ""domain_scores"": {}, ""source"": ""hdbscan_pearl_small""}"
term_06536802769bc978a649,Net trade balance of energy products - % of GDP,unclustered,cross-domain or other,0.000000,false,noise_default,"{""classification_run_id"": ""run_75b90575bb9e48ce7918"", ""domain_scores"": {}, ""source"": ""hdbscan_pearl_small""}"
term_5cb1785dd3f1be3b9d22,"Non-financial corporations debt, consolidated - % of GDP",cluster_d1e893e7c222,economy and finance,0.681596,false,embedding_threshold,"{""classification_run_id"": ""run_75b90575bb9e48ce7918"", ""domain_scores"": {""agriculture, forestry, and fisheries"": 0.586052084392679, ""economy and finance"": 0.6845302232753591, ""health"": 0.5850746962342176, ""industry, trade, and services"": 0.6299778178863727, ""labour market"": 0.6051684713180636}, ""source"": ""hdbscan_pearl_small""}"
term_e5122b2bba66f017eaa9,number and load capacity of goods transport wagons,unclustered,cross-domain or other,0.000000,false,noise_default,"{""classification_run_id"": ""run_75b90575bb9e48ce7918"", ""domain_scores"": {}, ""source"": ""hdbscan_pearl_small""}"
term_975f92a4a6ba860bd35f,Number of accidents at work by NACE Rev. 1.1 activity and employment status,unclustered,cross-domain or other,0.000000,false,noise_default,"{""classification_run_id"": ""run_75b90575bb9e48ce7918"", ""domain_scores"": {}, ""source"": ""hdbscan_pearl_small""}"
term_44182a54b9802a05ffb2,Number of enterprises carrying out cross trade by employment size class,unclustered,cross-domain or other,0.000000,false,noise_default,"{""classification_run_id"": ""run_75b90575bb9e48ce7918"", ""domain_scores"": {}, ""source"": ""hdbscan_pearl_small""}"
term_9560cd093859db0ca542,Number of enterprises carrying out cross trade by reasons for cross trade and employment size class,unclustered,cross-domain or other,0.000000,false,noise_default,"{""classification_run_id"": ""run_75b90575bb9e48ce7918"", ""domain_scores"": {}, ""source"": ""hdbscan_pearl_small""}"
term_abd74cab62a22713b235,Number of enterprises carrying out cross trade by type of cross trade and employment size class,unclustered,cross-domain or other,0.000000,false,noise_default,"{""classification_run_id"": ""run_75b90575bb9e48ce7918"", ""domain_scores"": {}, ""source"": ""hdbscan_pearl_small""}"
term_41e0d6bfe368e5f58f50,"Oats and spring cereal mixtures by area, production and humidity",cluster_9391f8d593af,"agriculture, forestry, and fisheries",1.000000,true,embedding_threshold,"{""classification_run_id"": ""run_75b90575bb9e48ce7918"", ""domain_scores"": {""agriculture, forestry, and fisheries"": 0.7215382746502316, ""environment and energy"": 0.6904157422959046, ""labour market"": 0.6448385178470997, ""population and demography"": 0.6238849919667521, ""regional and urban statistics"": 0.6660959028884115}, ""source"": ""hdbscan_pearl_small""}"
term_95b23a0abc0cf6816c43,Official development assistance as share of gross national income,unclustered,cross-domain or other,0.000000,false,noise_default,"{""classification_run_id"": ""run_75b90575bb9e48ce7918"", ""domain_scores"": {}, ""source"": ""hdbscan_pearl_small""}"
term_e8a486be8d619db8be64,Olives by production,unclustered,cross-domain or other,0.000000,false,noise_default,"{""classification_run_id"": ""run_75b90575bb9e48ce7918"", ""domain_scores"": {}, ""source"": ""hdbscan_pearl_small""}"
term_ebddfd2ef3407d39c4e4,Organic production of animal products,unclustered,cross-domain or other,0.000000,false,noise_default,"{""classification_run_id"": ""run_75b90575bb9e48ce7918"", ""domain_scores"": {}, ""source"": ""hdbscan_pearl_small""}"
term_2254084cb5bd693de12c,Organic production of aquaculture products,cluster_0747a3157ffb,"agriculture, forestry, and fisheries",0.971237,false,embedding_threshold,"{""classification_run_id"": ""run_75b90575bb9e48ce7918"", ""domain_scores"": {""agriculture, forestry, and fisheries"": 0.7705115463051274, ""education"": 0.635955172237763, ""environment and energy"": 0.6922148252171598, ""industry, trade, and services"": 0.6596587474858008, ""labour market"": 0.6636619757451894}, ""source"": ""hdbscan_pearl_small""}"
term_4b1fd1a7f6908d2872c0,Out-of-pocket expenditure on healthcare,unclustered,cross-domain or other,0.000000,false,noise_default,"{""classification_run_id"": ""run_75b90575bb9e48ce7918"", ""domain_scores"": {}, ""source"": ""hdbscan_pearl_small""}"
term_0fcf4e988e3ce59aa8b1,Out-of-school rate by sex and age - as % of the population of the corresponding age,cluster_99cbd02aba19,education,0.661417,false,embedding_threshold,"{""classification_run_id"": ""run_75b90575bb9e48ce7918"", ""domain_scores"": {""education"": 0.7589218905617889, ""health"": 0.6434949786966618, ""population and demography"": 0.710072635302008, ""regional and urban statistics"": 0.6397274526131986, ""social conditions and equality"": 0.6712758401898061}, ""source"": ""hdbscan_pearl_small""}"
term_d877db962664d4857680,"Out-of-school rate in population of lower secondary school age, by sex",cluster_99cbd02aba19,education,0.661417,false,embedding_threshold,"{""classification_run_id"": ""run_75b90575bb9e48ce7918"", ""domain_scores"": {""education"": 0.7589218905617889, ""health"": 0.6434949786966618, ""population and demography"": 0.710072635302008, ""regional and urban statistics"": 0.6397274526131986, ""social conditions and equality"": 0.6712758401898061}, ""source"": ""hdbscan_pearl_small""}"
term_769a96867babeedc522b,"Out-of-school rate in population of upper secondary school age, by sex",cluster_99cbd02aba19,education,0.661417,false,embedding_threshold,"{""classification_run_id"": ""run_75b90575bb9e48ce7918"", ""domain_scores"": {""education"": 0.7589218905617889, ""health"": 0.6434949786966618, ""population and demography"": 0.710072635302008, ""regional and urban statistics"": 0.6397274526131986, ""social conditions and equality"": 0.6712758401898061}, ""source"": ""hdbscan_pearl_small""}"
term_84c96995e5ca8437bcca,Output of the agricultural industry,unclustered,cross-domain or other,0.000000,false,noise_default,"{""classification_run_id"": ""run_75b90575bb9e48ce7918"", ""domain_scores"": {}, ""source"": ""hdbscan_pearl_small""}"
term_a1ccdeee056213c3adca,Output of the agricultural industry - basic and producer prices,cluster_b70da2ec1a1f,cross-domain or other,1.000000,true,embedding_threshold_fallback,"{""classification_run_id"": ""run_75b90575bb9e48ce7918"", ""domain_scores"": {""agriculture, forestry, and fisheries"": 0.7459805214624858, ""economy and finance"": 0.756125447477141, ""environment and energy"": 0.6721425872937218, ""industry, trade, and services"": 0.7073479058702036, ""labour market"": 0.7049494237753877}, ""source"": ""hdbscan_pearl_small""}"
term_3992b935b7626c5f87e1,Outward FDI stocks in % of GDP,unclustered,cross-domain or other,0.000000,false,noise_default,"{""classification_run_id"": ""run_75b90575bb9e48ce7918"", ""domain_scores"": {}, ""source"": ""hdbscan_pearl_small""}"
term_34bb2d7daaad6b23269d,Overall employment growth,unclustered,cross-domain or other,0.000000,false,noise_default,"{""classification_run_id"": ""run_75b90575bb9e48ce7918"", ""domain_scores"": {}, ""source"": ""hdbscan_pearl_small""}"
term_462c1513203af7c8e5e2,Overcrowding rate by age group - population without single-person households - EU-SILC survey,cluster_e7d0c36b4e48,population and demography,0.857308,false,embedding_threshold,"{""classification_run_id"": ""run_75b90575bb9e48ce7918"", ""domain_scores"": {""health"": 0.6489362833762581, ""labour market"": 0.7028210916628311, ""population and demography"": 0.7487856750551453, ""regional and urban statistics"": 0.6552702354468821, ""social conditions and equality"": 0.7185160585524769}, ""source"": ""hdbscan_pearl_small""}"
term_63e72f5b64212ddf7e4f,Overcrowding rate by degree of urbanisation - total population,cluster_e7d0c36b4e48,population and demography,0.770493,false,embedding_threshold,"{""classification_run_id"": ""run_75b90575bb9e48ce7918"", ""domain_scores"": {""health"": 0.6489362833762581, ""labour market"": 0.7028210916628311, ""population and demography"": 0.7487856750551453, ""regional and urban statistics"": 0.6552702354468821, ""social conditions and equality"": 0.7185160585524769}, ""source"": ""hdbscan_pearl_small""}"
term_65b7a817742d84dc8b39,Overcrowding rate by poverty status - population without single-person households - EU-SILC survey,cluster_e7d0c36b4e48,population and demography,0.857308,true,embedding_threshold,"{""classification_run_id"": ""run_75b90575bb9e48ce7918"", ""domain_scores"": {""health"": 0.6489362833762581, ""labour market"": 0.7028210916628311, ""population and demography"": 0.7487856750551453, ""regional and urban statistics"": 0.6552702354468821, ""social conditions and equality"": 0.7185160585524769}, ""source"": ""hdbscan_pearl_small""}"
term_a26d81c3f985547c93b7,Overcrowding rate by sex - population without single-person households - EU-SILC survey,cluster_e7d0c36b4e48,population and demography,0.857308,false,embedding_threshold,"{""classification_run_id"": ""run_75b90575bb9e48ce7918"", ""domain_scores"": {""health"": 0.6489362833762581, ""labour market"": 0.7028210916628311, ""population and demography"": 0.7487856750551453, ""regional and urban statistics"": 0.6552702354468821, ""social conditions and equality"": 0.7185160585524769}, ""source"": ""hdbscan_pearl_small""}"
term_26490cbba0bceff791ef,Overcrowding rate by tenure status - total population,cluster_e7d0c36b4e48,population and demography,0.770493,false,embedding_threshold,"{""classification_run_id"": ""run_75b90575bb9e48ce7918"", ""domain_scores"": {""health"": 0.6489362833762581, ""labour market"": 0.7028210916628311, ""population and demography"": 0.7487856750551453, ""regional and urban statistics"": 0.6552702354468821, ""social conditions and equality"": 0.7185160585524769}, ""source"": ""hdbscan_pearl_small""}"
term_c959179fd99717013cd0,Part-time employment rate,cluster_99358c580dcf,labour market,0.856531,false,embedding_threshold,"{""classification_run_id"": ""run_75b90575bb9e48ce7918"", ""domain_scores"": {""economy and finance"": 0.6830314331028731, ""labour market"": 0.789534856381208, ""population and demography"": 0.7264993057884989, ""regional and urban statistics"": 0.6766704497423219, ""social conditions and equality"": 0.7191189563238449}, ""source"": ""hdbscan_pearl_small""}"
term_47b9219432ba9fa33c1f,Participation in tourism for personal purposes - % of total population,unclustered,cross-domain or other,0.000000,false,noise_default,"{""classification_run_id"": ""run_75b90575bb9e48ce7918"", ""domain_scores"": {}, ""source"": ""hdbscan_pearl_small""}"
term_cbe3f0c0c63df0d8189e,Passenger air transport over national territory (including territorial sea),cluster_310e64b58954,transport,1.000000,false,embedding_threshold,"{""classification_run_id"": ""run_75b90575bb9e48ce7918"", ""domain_scores"": {""agriculture, forestry, and fisheries"": 0.6568437781978611, ""economy and finance"": 0.6812492999573971, ""industry, trade, and services"": 0.6995698206879771, ""labour market"": 0.6614922186669936, ""transport"": 0.860033991344811}, ""source"": ""hdbscan_pearl_small""}"
term_9680b4f19d0a8245842f,Passenger air transport over national territory (including territorial sea) - million passenger-km,cluster_310e64b58954,transport,1.000000,false,embedding_threshold,"{""classification_run_id"": ""run_75b90575bb9e48ce7918"", ""domain_scores"": {""agriculture, forestry, and fisheries"": 0.6568437781978611, ""economy and finance"": 0.6812492999573971, ""industry, trade, and services"": 0.6995698206879771, ""labour market"": 0.6614922186669936, ""transport"": 0.860033991344811}, ""source"": ""hdbscan_pearl_small""}"
term_ded4bcecdf6431047f86,"Passenger cars in accompanied passenger car railway transport, by type of transport",unclustered,cross-domain or other,0.000000,false,noise_default,"{""classification_run_id"": ""run_75b90575bb9e48ce7918"", ""domain_scores"": {}, ""source"": ""hdbscan_pearl_small""}"
term_d4ee21213e40c0f9e7c5,Passenger road transport,cluster_310e64b58954,transport,0.930540,false,embedding_threshold,"{""classification_run_id"": ""run_75b90575bb9e48ce7918"", ""domain_scores"": {""agriculture, forestry, and fisheries"": 0.6568437781978611, ""economy and finance"": 0.6812492999573971, ""industry, trade, and services"": 0.6995698206879771, ""labour market"": 0.6614922186669936, ""transport"": 0.860033991344811}, ""source"": ""hdbscan_pearl_small""}"
term_9c01f58c839e886cff89,Passenger road transport - ENP-East countries,cluster_310e64b58954,transport,0.946038,true,embedding_threshold,"{""classification_run_id"": ""run_75b90575bb9e48ce7918"", ""domain_scores"": {""agriculture, forestry, and fisheries"": 0.6568437781978611, ""economy and finance"": 0.6812492999573971, ""industry, trade, and services"": 0.6995698206879771, ""labour market"": 0.6614922186669936, ""transport"": 0.860033991344811}, ""source"": ""hdbscan_pearl_small""}"
term_3016d8f4c9d8fbfa2d3f,Passengers (excluding cruise passengers) transported from/to the main ports,unclustered,cross-domain or other,0.000000,false,noise_default,"{""classification_run_id"": ""run_75b90575bb9e48ce7918"", ""domain_scores"": {}, ""source"": ""hdbscan_pearl_small""}"
term_8287815d3953999fafc9,Passengers (excluding cruise passengers) transported from/to the main ports quarterly data,unclustered,cross-domain or other,0.000000,false,noise_default,"{""classification_run_id"": ""run_75b90575bb9e48ce7918"", ""domain_scores"": {}, ""source"": ""hdbscan_pearl_small""}"
term_54ab3a65984d82df4910,"Passengers in accompanied passenger car railway transport, by type of transport",unclustered,cross-domain or other,0.000000,false,noise_default,"{""classification_run_id"": ""run_75b90575bb9e48ce7918"", ""domain_scores"": {}, ""source"": ""hdbscan_pearl_small""}"
term_298c39b5e6c3879b2034,Passengers transported,unclustered,cross-domain or other,0.000000,false,noise_default,"{""classification_run_id"": ""run_75b90575bb9e48ce7918"", ""domain_scores"": {}, ""source"": ""hdbscan_pearl_small""}"
term_60ede498db7097a1bd4c,Passengers transported by type of train speed,unclustered,cross-domain or other,0.000000,false,noise_default,"{""classification_run_id"": ""run_75b90575bb9e48ce7918"", ""domain_scores"": {}, ""source"": ""hdbscan_pearl_small""}"
term_2c38fafe65ca58d949f0,per 1000 of corresponding age population,unclustered,cross-domain or other,0.000000,false,noise_default,"{""classification_run_id"": ""run_75b90575bb9e48ce7918"", ""domain_scores"": {}, ""source"": ""hdbscan_pearl_small""}"
term_6c398553c4d684b6aba1,per 1000 of population aged 25-34,unclustered,cross-domain or other,0.000000,false,noise_default,"{""classification_run_id"": ""run_75b90575bb9e48ce7918"", ""domain_scores"": {}, ""source"": ""hdbscan_pearl_small""}"
term_a3677d8c6276e767b3fe,Persons employed in goods road transport enterprises by employment size classes,cluster_e22df4ed8343,transport,0.980139,true,embedding_threshold,"{""classification_run_id"": ""run_75b90575bb9e48ce7918"", ""domain_scores"": {""agriculture, forestry, and fisheries"": 0.6504098985479125, ""economy and finance"": 0.6577851122105566, ""industry, trade, and services"": 0.7326276302155783, ""labour market"": 0.694030383173282, ""transport"": 0.7837847022418346}, ""source"": ""hdbscan_pearl_small""}"
term_83071806be9a1b00d7c3,Persons employed in goods road transport enterprises by sex,cluster_e22df4ed8343,transport,0.980139,false,embedding_threshold,"{""classification_run_id"": ""run_75b90575bb9e48ce7918"", ""domain_scores"": {""agriculture, forestry, and fisheries"": 0.6504098985479125, ""economy and finance"": 0.6577851122105566, ""industry, trade, and services"": 0.7326276302155783, ""labour market"": 0.694030383173282, ""transport"": 0.7837847022418346}, ""source"": ""hdbscan_pearl_small""}"
term_d231c73501a8c2085599,Persons having experienced housing difficulties in their lifetime by sex and group of country of birth,unclustered,cross-domain or other,0.000000,false,noise_default,"{""classification_run_id"": ""run_75b90575bb9e48ce7918"", ""domain_scores"": {}, ""source"": ""hdbscan_pearl_small""}"
term_155f68a9d0bb78c1747e,Persons outside the labour force who receive a pension who would have wished to stay longer in employment,unclustered,cross-domain or other,0.000000,false,noise_default,"{""classification_run_id"": ""run_75b90575bb9e48ce7918"", ""domain_scores"": {}, ""source"": ""hdbscan_pearl_small""}"
term_109c7527c2782f5e5b6d,Persons owning real estate other than main residence by income quantile,unclustered,cross-domain or other,0.000000,false,noise_default,"{""classification_run_id"": ""run_75b90575bb9e48ce7918"", ""domain_scores"": {}, ""source"": ""hdbscan_pearl_small""}"
term_d2f14aff04e6b38ff1b0,Persons receiving benefits (other than old age benefits) by risk of poverty and work intensity of the household (population aged 18 to 64),unclustered,cross-domain or other,0.000000,false,noise_default,"{""classification_run_id"": ""run_75b90575bb9e48ce7918"", ""domain_scores"": {}, ""source"": ""hdbscan_pearl_small""}"
term_3fb4d8aaa9743e4baabd,"Persons with loans for purposes other than property, transport, education and daily living expenses by risk of poverty threshold",unclustered,cross-domain or other,0.000000,false,noise_default,"{""classification_run_id"": ""run_75b90575bb9e48ce7918"", ""domain_scores"": {}, ""source"": ""hdbscan_pearl_small""}"
term_782651427b7030ca5928,Persons with loans for transport purposes by risk of poverty threshold,unclustered,cross-domain or other,0.000000,false,noise_default,"{""classification_run_id"": ""run_75b90575bb9e48ce7918"", ""domain_scores"": {}, ""source"": ""hdbscan_pearl_small""}"
term_ee85c78292b759908a3d,Pesticide sales by categorisation of active substances,unclustered,cross-domain or other,0.000000,false,noise_default,"{""classification_run_id"": ""run_75b90575bb9e48ce7918"", ""domain_scores"": {}, ""source"": ""hdbscan_pearl_small""}"
term_3c74886439e5cd2fb286,Population (aged 20-24) who completed at least an upper secondary educational attainment level (ISCED level 3) by sex,cluster_0a4bab53e5fe,education,1.000000,true,embedding_threshold,"{""classification_run_id"": ""run_75b90575bb9e48ce7918"", ""domain_scores"": {""education"": 0.7547710077578337, ""labour market"": 0.6690019698253377, ""population and demography"": 0.7027442726146644, ""science, technology, and digital society"": 0.6534143714299199, ""social conditions and equality"": 0.6562125367314494}, ""source"": ""hdbscan_pearl_small""}"
term_3499e3c7d17ee0abdf55,Population (aged 20-24) who completed at least an upper secondary educational attainment level (ISCED level 3) by sex - ENP-South countries,cluster_0a4bab53e5fe,education,1.000000,true,embedding_threshold,"{""classification_run_id"": ""run_75b90575bb9e48ce7918"", ""domain_scores"": {""education"": 0.7547710077578337, ""labour market"": 0.6690019698253377, ""population and demography"": 0.7027442726146644, ""science, technology, and digital society"": 0.6534143714299199, ""social conditions and equality"": 0.6562125367314494}, ""source"": ""hdbscan_pearl_small""}"
term_99b168fc5730e52ce37d,Population (aged 25 and over) by sex and educational attainment level,cluster_0a4bab53e5fe,education,1.000000,true,embedding_threshold,"{""classification_run_id"": ""run_75b90575bb9e48ce7918"", ""domain_scores"": {""education"": 0.7547710077578337, ""labour market"": 0.6690019698253377, ""population and demography"": 0.7027442726146644, ""science, technology, and digital society"": 0.6534143714299199, ""social conditions and equality"": 0.6562125367314494}, ""source"": ""hdbscan_pearl_small""}"
term_752a4d2a5b755187bcc4,Population (aged 25 and over) by sex and educational attainment level - ENP-South countries,cluster_0a4bab53e5fe,education,1.000000,true,embedding_threshold,"{""classification_run_id"": ""run_75b90575bb9e48ce7918"", ""domain_scores"": {""education"": 0.7547710077578337, ""labour market"": 0.6690019698253377, ""population and demography"": 0.7027442726146644, ""science, technology, and digital society"": 0.6534143714299199, ""social conditions and equality"": 0.6562125367314494}, ""source"": ""hdbscan_pearl_small""}"
term_2c8c0c8c6ab4970569ba,Population (aged 30-34) who completed tertiary or equivalent education,cluster_0a4bab53e5fe,education,1.000000,false,embedding_threshold,"{""classification_run_id"": ""run_75b90575bb9e48ce7918"", ""domain_scores"": {""education"": 0.7547710077578337, ""labour market"": 0.6690019698253377, ""population and demography"": 0.7027442726146644, ""science, technology, and digital society"": 0.6534143714299199, ""social conditions and equality"": 0.6562125367314494}, ""source"": ""hdbscan_pearl_small""}"
term_2bc18f78c89d4d2ce3fe,Population (aged 30-34) who completed tertiary or equivalent education - ENP-East countries,cluster_0a4bab53e5fe,education,1.000000,false,embedding_threshold,"{""classification_run_id"": ""run_75b90575bb9e48ce7918"", ""domain_scores"": {""education"": 0.7547710077578337, ""labour market"": 0.6690019698253377, ""population and demography"": 0.7027442726146644, ""science, technology, and digital society"": 0.6534143714299199, ""social conditions and equality"": 0.6562125367314494}, ""source"": ""hdbscan_pearl_small""}"
term_c287e0ca5232e6163718,Population (aged 30-34) with tertiary educational attainment level by sex,cluster_0a4bab53e5fe,education,1.000000,true,embedding_threshold,"{""classification_run_id"": ""run_75b90575bb9e48ce7918"", ""domain_scores"": {""education"": 0.7547710077578337, ""labour market"": 0.6690019698253377, ""population and demography"": 0.7027442726146644, ""science, technology, and digital society"": 0.6534143714299199, ""social conditions and equality"": 0.6562125367314494}, ""source"": ""hdbscan_pearl_small""}"
term_de2c10dc4ca88dbd36ca,Population aged 15-74 in private households,unclustered,cross-domain or other,0.000000,false,noise_default,"{""classification_run_id"": ""run_75b90575bb9e48ce7918"", ""domain_scores"": {}, ""source"": ""hdbscan_pearl_small""}"
term_00794e6316ee6533eb31,Population aged 15-74 in private households - LFS,unclustered,cross-domain or other,0.000000,false,noise_default,"{""classification_run_id"": ""run_75b90575bb9e48ce7918"", ""domain_scores"": {}, ""source"": ""hdbscan_pearl_small""}"
term_5e969fc9f5e1ef6cef7f,Population change,unclustered,cross-domain or other,0.000000,false,noise_default,"{""classification_run_id"": ""run_75b90575bb9e48ce7918"", ""domain_scores"": {}, ""source"": ""hdbscan_pearl_small""}"
term_1235dd822d5ad1200534,"Population change - crude rates of total change, natural change and net migration plus adjustment",unclustered,cross-domain or other,0.000000,false,noise_default,"{""classification_run_id"": ""run_75b90575bb9e48ce7918"", ""domain_scores"": {}, ""source"": ""hdbscan_pearl_small""}"
term_66a7a8627044b4d0fc6a,Population connected to at least secondary wastewater treatment,cluster_0759ac914a9e,cross-domain or other,1.000000,true,embedding_threshold_fallback,"{""classification_run_id"": ""run_75b90575bb9e48ce7918"", ""domain_scores"": {""agriculture, forestry, and fisheries"": 0.6091112315766672, ""environment and energy"": 0.6596042485244371, ""population and demography"": 0.6740293535552201, ""regional and urban statistics"": 0.6145930450745601, ""social conditions and equality"": 0.6149219887025427}, ""source"": ""hdbscan_pearl_small""}"
term_cb772a85556d4c34b572,Population connected to public water supply - ENP-South countries,cluster_0759ac914a9e,cross-domain or other,1.000000,true,embedding_threshold_fallback,"{""classification_run_id"": ""run_75b90575bb9e48ce7918"", ""domain_scores"": {""agriculture, forestry, and fisheries"": 0.6091112315766672, ""environment and energy"": 0.6596042485244371, ""population and demography"": 0.6740293535552201, ""regional and urban statistics"": 0.6145930450745601, ""social conditions and equality"": 0.6149219887025427}, ""source"": ""hdbscan_pearl_small""}"
term_fc4c296a653c39b9033c,Population connected to wastewater collection and treatment systems,cluster_0759ac914a9e,cross-domain or other,1.000000,true,embedding_threshold_fallback,"{""classification_run_id"": ""run_75b90575bb9e48ce7918"", ""domain_scores"": {""agriculture, forestry, and fisheries"": 0.6091112315766672, ""environment and energy"": 0.6596042485244371, ""population and demography"": 0.6740293535552201, ""regional and urban statistics"": 0.6145930450745601, ""social conditions and equality"": 0.6149219887025427}, ""source"": ""hdbscan_pearl_small""}"
term_6918aaed3bab18229b10,Population connected to wastewater collection and treatment systems - ENP-South countries,cluster_0759ac914a9e,cross-domain or other,1.000000,true,embedding_threshold_fallback,"{""classification_run_id"": ""run_75b90575bb9e48ce7918"", ""domain_scores"": {""agriculture, forestry, and fisheries"": 0.6091112315766672, ""environment and energy"": 0.6596042485244371, ""population and demography"": 0.6740293535552201, ""regional and urban statistics"": 0.6145930450745601, ""social conditions and equality"": 0.6149219887025427}, ""source"": ""hdbscan_pearl_small""}"
term_1f0f520b54430bc6abe1,Population connected to Wastewater Treatment,cluster_0759ac914a9e,cross-domain or other,1.000000,true,embedding_threshold_fallback,"{""classification_run_id"": ""run_75b90575bb9e48ce7918"", ""domain_scores"": {""agriculture, forestry, and fisheries"": 0.6091112315766672, ""environment and energy"": 0.6596042485244371, ""population and demography"": 0.6740293535552201, ""regional and urban statistics"": 0.6145930450745601, ""social conditions and equality"": 0.6149219887025427}, ""source"": ""hdbscan_pearl_small""}"
term_3e0305cd108e456f71c5,Population density - ENP-South countries,unclustered,cross-domain or other,0.000000,false,noise_default,"{""classification_run_id"": ""run_75b90575bb9e48ce7918"", ""domain_scores"": {}, ""source"": ""hdbscan_pearl_small""}"
term_02c811e71846f8f59a4b,Population density by metropolitan region,unclustered,cross-domain or other,0.000000,false,noise_default,"{""classification_run_id"": ""run_75b90575bb9e48ce7918"", ""domain_scores"": {}, ""source"": ""hdbscan_pearl_small""}"
term_9a39fc3791a919f5cdb9,"Population having neither a bath, nor a shower, nor indoor flushing toilet in their household by poverty status",cluster_e7d0c36b4e48,population and demography,1.000000,false,embedding_threshold,"{""classification_run_id"": ""run_75b90575bb9e48ce7918"", ""domain_scores"": {""health"": 0.6489362833762581, ""labour market"": 0.7028210916628311, ""population and demography"": 0.7487856750551453, ""regional and urban statistics"": 0.6552702354468821, ""social conditions and equality"": 0.7185160585524769}, ""source"": ""hdbscan_pearl_small""}"
term_23202d38f263756ed950,Population in jobless private households,cluster_e7d0c36b4e48,population and demography,0.783716,false,embedding_threshold,"{""classification_run_id"": ""run_75b90575bb9e48ce7918"", ""domain_scores"": {""health"": 0.6489362833762581, ""labour market"": 0.7028210916628311, ""population and demography"": 0.7487856750551453, ""regional and urban statistics"": 0.6552702354468821, ""social conditions and equality"": 0.7185160585524769}, ""source"": ""hdbscan_pearl_small""}"
term_883b1192f0226fbe8107,Population in jobless private households - % of persons living in private households where no-one is employed,cluster_e7d0c36b4e48,population and demography,0.778706,false,embedding_threshold,"{""classification_run_id"": ""run_75b90575bb9e48ce7918"", ""domain_scores"": {""health"": 0.6489362833762581, ""labour market"": 0.7028210916628311, ""population and demography"": 0.7487856750551453, ""regional and urban statistics"": 0.6552702354468821, ""social conditions and equality"": 0.7185160585524769}, ""source"": ""hdbscan_pearl_small""}"
term_661ea0454236ae7c181b,"Population living in households considering that they suffer from noise, by poverty status",cluster_e7d0c36b4e48,population and demography,0.816607,false,embedding_threshold,"{""classification_run_id"": ""run_75b90575bb9e48ce7918"", ""domain_scores"": {""health"": 0.6489362833762581, ""labour market"": 0.7028210916628311, ""population and demography"": 0.7487856750551453, ""regional and urban statistics"": 0.6552702354468821, ""social conditions and equality"": 0.7185160585524769}, ""source"": ""hdbscan_pearl_small""}"
term_cbcda8ee4c84bb52bb07,Population on 1 January,unclustered,cross-domain or other,0.000000,false,noise_default,"{""classification_run_id"": ""run_75b90575bb9e48ce7918"", ""domain_scores"": {}, ""source"": ""hdbscan_pearl_small""}"
term_3a6aa3a21850433042bb,Population on 1 January by sex and by age group,unclustered,cross-domain or other,0.000000,false,noise_default,"{""classification_run_id"": ""run_75b90575bb9e48ce7918"", ""domain_scores"": {}, ""source"": ""hdbscan_pearl_small""}"
term_9dcd6774cc4d7d3e8b99,"Population reporting occurrence of crime, violence or vandalism in their area by poverty status",unclustered,cross-domain or other,0.000000,false,noise_default,"{""classification_run_id"": ""run_75b90575bb9e48ce7918"", ""domain_scores"": {}, ""source"": ""hdbscan_pearl_small""}"
term_1fd8ee608312159f93ce,Population served by municipal waste,unclustered,cross-domain or other,0.000000,false,noise_default,"{""classification_run_id"": ""run_75b90575bb9e48ce7918"", ""domain_scores"": {}, ""source"": ""hdbscan_pearl_small""}"
term_5e416bfcffb96e0462a3,Population served by municipal waste - ENP-South countries,cluster_0759ac914a9e,cross-domain or other,1.000000,false,embedding_threshold_fallback,"{""classification_run_id"": ""run_75b90575bb9e48ce7918"", ""domain_scores"": {""agriculture, forestry, and fisheries"": 0.6091112315766672, ""environment and energy"": 0.6596042485244371, ""population and demography"": 0.6740293535552201, ""regional and urban statistics"": 0.6145930450745601, ""social conditions and equality"": 0.6149219887025427}, ""source"": ""hdbscan_pearl_small""}"
term_85f46a94adae83c65aa0,Population structure by detailed age group,unclustered,cross-domain or other,0.000000,false,noise_default,"{""classification_run_id"": ""run_75b90575bb9e48ce7918"", ""domain_scores"": {}, ""source"": ""hdbscan_pearl_small""}"
term_b792bbff52c871715296,Population structure by sex,unclustered,cross-domain or other,0.000000,false,noise_default,"{""classification_run_id"": ""run_75b90575bb9e48ce7918"", ""domain_scores"": {}, ""source"": ""hdbscan_pearl_small""}"
term_f34098c34128bcc75f40,Population unable to keep home adequately warm by poverty status,cluster_e7d0c36b4e48,population and demography,0.816607,false,embedding_threshold,"{""classification_run_id"": ""run_75b90575bb9e48ce7918"", ""domain_scores"": {""health"": 0.6489362833762581, ""labour market"": 0.7028210916628311, ""population and demography"": 0.7487856750551453, ""regional and urban statistics"": 0.6552702354468821, ""social conditions and equality"": 0.7185160585524769}, ""source"": ""hdbscan_pearl_small""}"
term_4fca53cde49e472d8d3b,population without single-person households,cluster_e7d0c36b4e48,population and demography,0.783716,false,embedding_threshold,"{""classification_run_id"": ""run_75b90575bb9e48ce7918"", ""domain_scores"": {""health"": 0.6489362833762581, ""labour market"": 0.7028210916628311, ""population and demography"": 0.7487856750551453, ""regional and urban statistics"": 0.6552702354468821, ""social conditions and equality"": 0.7185160585524769}, ""source"": ""hdbscan_pearl_small""}"
term_7657a3997e431eff5e36,Population without the citizenship of the,unclustered,cross-domain or other,0.000000,false,noise_default,"{""classification_run_id"": ""run_75b90575bb9e48ce7918"", ""domain_scores"": {}, ""source"": ""hdbscan_pearl_small""}"
term_d2e8926e165b563b2364,Premature deaths due to exposure to fine particulate matter (PM2.5),unclustered,cross-domain or other,0.000000,false,noise_default,"{""classification_run_id"": ""run_75b90575bb9e48ce7918"", ""domain_scores"": {}, ""source"": ""hdbscan_pearl_small""}"
term_f3cf73148dd08f19dbab,Price and volume convergence between EU Member States,unclustered,cross-domain or other,0.000000,false,noise_default,"{""classification_run_id"": ""run_75b90575bb9e48ce7918"", ""domain_scores"": {}, ""source"": ""hdbscan_pearl_small""}"
term_d2ef954d82d5a2aa301b,Price indices of agricultural input/output at nominal value (= 100),unclustered,cross-domain or other,0.000000,false,noise_default,"{""classification_run_id"": ""run_75b90575bb9e48ce7918"", ""domain_scores"": {}, ""source"": ""hdbscan_pearl_small""}"
term_40b19f5a21b3b4e61deb,Price level indices,unclustered,cross-domain or other,0.000000,false,noise_default,"{""classification_run_id"": ""run_75b90575bb9e48ce7918"", ""domain_scores"": {}, ""source"": ""hdbscan_pearl_small""}"
term_0dd5c6463b1a707e0a9f,Prices (annual series),unclustered,cross-domain or other,0.000000,false,noise_default,"{""classification_run_id"": ""run_75b90575bb9e48ce7918"", ""domain_scores"": {}, ""source"": ""hdbscan_pearl_small""}"
term_a4b4dfa6de5345c78a4d,Primary energy production,unclustered,cross-domain or other,0.000000,false,noise_default,"{""classification_run_id"": ""run_75b90575bb9e48ce7918"", ""domain_scores"": {}, ""source"": ""hdbscan_pearl_small""}"
term_b4a2b5282e4bc860b99b,Prison population,unclustered,cross-domain or other,0.000000,false,noise_default,"{""classification_run_id"": ""run_75b90575bb9e48ce7918"", ""domain_scores"": {}, ""source"": ""hdbscan_pearl_small""}"
term_4b9ed4e5dbc24137e6e3,"Private sector credit flow, consolidated - % GDP",cluster_d1e893e7c222,economy and finance,0.944723,false,embedding_threshold,"{""classification_run_id"": ""run_75b90575bb9e48ce7918"", ""domain_scores"": {""agriculture, forestry, and fisheries"": 0.586052084392679, ""economy and finance"": 0.6845302232753591, ""health"": 0.5850746962342176, ""industry, trade, and services"": 0.6299778178863727, ""labour market"": 0.6051684713180636}, ""source"": ""hdbscan_pearl_small""}"
term_20f0568d3084e3c66191,"Private sector credit flow: debt securities by sectors, consolidated - % of GDP",cluster_d1e893e7c222,economy and finance,1.000000,true,embedding_threshold,"{""classification_run_id"": ""run_75b90575bb9e48ce7918"", ""domain_scores"": {""agriculture, forestry, and fisheries"": 0.586052084392679, ""economy and finance"": 0.6845302232753591, ""health"": 0.5850746962342176, ""industry, trade, and services"": 0.6299778178863727, ""labour market"": 0.6051684713180636}, ""source"": ""hdbscan_pearl_small""}"
term_9987e242ef89d7650d4c,"Private sector credit flow: debt securities by sectors, non-consolidated - % of GDP",cluster_d1e893e7c222,economy and finance,1.000000,true,embedding_threshold,"{""classification_run_id"": ""run_75b90575bb9e48ce7918"", ""domain_scores"": {""agriculture, forestry, and fisheries"": 0.586052084392679, ""economy and finance"": 0.6845302232753591, ""health"": 0.5850746962342176, ""industry, trade, and services"": 0.6299778178863727, ""labour market"": 0.6051684713180636}, ""source"": ""hdbscan_pearl_small""}"
term_cd7a39a0bc9ab7d16394,"Private sector credit flow: loans by sectors, consolidated - % of GDP",cluster_d1e893e7c222,economy and finance,1.000000,false,embedding_threshold,"{""classification_run_id"": ""run_75b90575bb9e48ce7918"", ""domain_scores"": {""agriculture, forestry, and fisheries"": 0.586052084392679, ""economy and finance"": 0.6845302232753591, ""health"": 0.5850746962342176, ""industry, trade, and services"": 0.6299778178863727, ""labour market"": 0.6051684713180636}, ""source"": ""hdbscan_pearl_small""}"
term_2e754403a3df9923c2b5,"Private sector credit flow: loans by sectors, non-consolidated - % of GDP",cluster_d1e893e7c222,economy and finance,1.000000,false,embedding_threshold,"{""classification_run_id"": ""run_75b90575bb9e48ce7918"", ""domain_scores"": {""agriculture, forestry, and fisheries"": 0.586052084392679, ""economy and finance"": 0.6845302232753591, ""health"": 0.5850746962342176, ""industry, trade, and services"": 0.6299778178863727, ""labour market"": 0.6051684713180636}, ""source"": ""hdbscan_pearl_small""}"
term_5842369333bd62a04195,"Private sector debt, consolidated - % of GDP",cluster_d1e893e7c222,economy and finance,0.930483,false,embedding_threshold,"{""classification_run_id"": ""run_75b90575bb9e48ce7918"", ""domain_scores"": {""agriculture, forestry, and fisheries"": 0.586052084392679, ""economy and finance"": 0.6845302232753591, ""health"": 0.5850746962342176, ""industry, trade, and services"": 0.6299778178863727, ""labour market"": 0.6051684713180636}, ""source"": ""hdbscan_pearl_small""}"
term_ad9dc9a5708b94af4fb0,"Private sector debt: debt securities by sectors, non-consolidated - % of GDP",cluster_d1e893e7c222,economy and finance,1.000000,false,embedding_threshold,"{""classification_run_id"": ""run_75b90575bb9e48ce7918"", ""domain_scores"": {""agriculture, forestry, and fisheries"": 0.586052084392679, ""economy and finance"": 0.6845302232753591, ""health"": 0.5850746962342176, ""industry, trade, and services"": 0.6299778178863727, ""labour market"": 0.6051684713180636}, ""source"": ""hdbscan_pearl_small""}"
term_d43e9eb1d7802e118e16,"Private sector debt: debt securities, by sectors, consolidated - % of GDP",cluster_d1e893e7c222,economy and finance,1.000000,true,embedding_threshold,"{""classification_run_id"": ""run_75b90575bb9e48ce7918"", ""domain_scores"": {""agriculture, forestry, and fisheries"": 0.586052084392679, ""economy and finance"": 0.6845302232753591, ""health"": 0.5850746962342176, ""industry, trade, and services"": 0.6299778178863727, ""labour market"": 0.6051684713180636}, ""source"": ""hdbscan_pearl_small""}"
term_e3cfbb83163ba40271ed,"Private sector debt: loans, by sectors, consolidated - % of GDP",cluster_d1e893e7c222,economy and finance,1.000000,true,embedding_threshold,"{""classification_run_id"": ""run_75b90575bb9e48ce7918"", ""domain_scores"": {""agriculture, forestry, and fisheries"": 0.586052084392679, ""economy and finance"": 0.6845302232753591, ""health"": 0.5850746962342176, ""industry, trade, and services"": 0.6299778178863727, ""labour market"": 0.6051684713180636}, ""source"": ""hdbscan_pearl_small""}"
term_1718a2844b38ef2cb8e6,"Private sector debt: loans, by sectors, non-consolidated - % of GDP",cluster_d1e893e7c222,economy and finance,1.000000,true,embedding_threshold,"{""classification_run_id"": ""run_75b90575bb9e48ce7918"", ""domain_scores"": {""agriculture, forestry, and fisheries"": 0.586052084392679, ""economy and finance"": 0.6845302232753591, ""health"": 0.5850746962342176, ""industry, trade, and services"": 0.6299778178863727, ""labour market"": 0.6051684713180636}, ""source"": ""hdbscan_pearl_small""}"
term_8dcaba990735ba9a2b8d,"Producer price indices, animals and animal products",cluster_b70da2ec1a1f,cross-domain or other,0.818136,false,embedding_threshold_fallback,"{""classification_run_id"": ""run_75b90575bb9e48ce7918"", ""domain_scores"": {""agriculture, forestry, and fisheries"": 0.7459805214624858, ""economy and finance"": 0.756125447477141, ""environment and energy"": 0.6721425872937218, ""industry, trade, and services"": 0.7073479058702036, ""labour market"": 0.7049494237753877}, ""source"": ""hdbscan_pearl_small""}"
term_f28e10cdf7f618065874,"Producer price indices, crop products",cluster_b70da2ec1a1f,cross-domain or other,0.818136,false,embedding_threshold_fallback,"{""classification_run_id"": ""run_75b90575bb9e48ce7918"", ""domain_scores"": {""agriculture, forestry, and fisheries"": 0.7459805214624858, ""economy and finance"": 0.756125447477141, ""environment and energy"": 0.6721425872937218, ""industry, trade, and services"": 0.7073479058702036, ""labour market"": 0.7049494237753877}, ""source"": ""hdbscan_pearl_small""}"
term_9bcd4b391a70ebb8d94e,"Producer price indices, total agricultural production",cluster_b70da2ec1a1f,cross-domain or other,0.818136,false,embedding_threshold_fallback,"{""classification_run_id"": ""run_75b90575bb9e48ce7918"", ""domain_scores"": {""agriculture, forestry, and fisheries"": 0.7459805214624858, ""economy and finance"": 0.756125447477141, ""environment and energy"": 0.6721425872937218, ""industry, trade, and services"": 0.7073479058702036, ""labour market"": 0.7049494237753877}, ""source"": ""hdbscan_pearl_small""}"
term_bc836f9457aaa2352e2c,Production and consumption of chemicals by hazard class,unclustered,cross-domain or other,0.000000,false,noise_default,"{""classification_run_id"": ""run_75b90575bb9e48ce7918"", ""domain_scores"": {}, ""source"": ""hdbscan_pearl_small""}"
term_8e72fee385baec40ba64,Production forecasts for pigs,unclustered,cross-domain or other,0.000000,false,noise_default,"{""classification_run_id"": ""run_75b90575bb9e48ce7918"", ""domain_scores"": {}, ""source"": ""hdbscan_pearl_small""}"
term_1f425fe6b2c44195e8c6,Production forecasts for pigs - quarterly data,unclustered,cross-domain or other,0.000000,false,noise_default,"{""classification_run_id"": ""run_75b90575bb9e48ce7918"", ""domain_scores"": {}, ""source"": ""hdbscan_pearl_small""}"
term_f25b3958d6da1017e631,Production in construction,cluster_fbcb7007a26d,"industry, trade, and services",0.874202,false,embedding_threshold,"{""classification_run_id"": ""run_75b90575bb9e48ce7918"", ""domain_scores"": {""agriculture, forestry, and fisheries"": 0.6745885265140552, ""economy and finance"": 0.654139043998207, ""environment and energy"": 0.6609132308464172, ""industry, trade, and services"": 0.7571427668267815, ""labour market"": 0.6985449756794706}, ""source"": ""hdbscan_pearl_small""}"
term_6065d4f8545e2fd54fdf,Production in industry,cluster_fbcb7007a26d,"industry, trade, and services",1.000000,true,embedding_threshold,"{""classification_run_id"": ""run_75b90575bb9e48ce7918"", ""domain_scores"": {""agriculture, forestry, and fisheries"": 0.6745885265140552, ""economy and finance"": 0.654139043998207, ""environment and energy"": 0.6609132308464172, ""industry, trade, and services"": 0.7571427668267815, ""labour market"": 0.6985449756794706}, ""source"": ""hdbscan_pearl_small""}"
term_36a72c577c29ed8a435e,Production in industry - capital goods,cluster_fbcb7007a26d,"industry, trade, and services",1.000000,true,embedding_threshold,"{""classification_run_id"": ""run_75b90575bb9e48ce7918"", ""domain_scores"": {""agriculture, forestry, and fisheries"": 0.6745885265140552, ""economy and finance"": 0.654139043998207, ""environment and energy"": 0.6609132308464172, ""industry, trade, and services"": 0.7571427668267815, ""labour market"": 0.6985449756794706}, ""source"": ""hdbscan_pearl_small""}"
term_b7a69d80e0c95946c178,Production in industry - consumer durables,cluster_fbcb7007a26d,"industry, trade, and services",0.963104,false,embedding_threshold,"{""classification_run_id"": ""run_75b90575bb9e48ce7918"", ""domain_scores"": {""agriculture, forestry, and fisheries"": 0.6745885265140552, ""economy and finance"": 0.654139043998207, ""environment and energy"": 0.6609132308464172, ""industry, trade, and services"": 0.7571427668267815, ""labour market"": 0.6985449756794706}, ""source"": ""hdbscan_pearl_small""}"
term_57dbe832a6b7457178ca,Production in industry - consumer non-durables,cluster_fbcb7007a26d,"industry, trade, and services",0.934311,false,embedding_threshold,"{""classification_run_id"": ""run_75b90575bb9e48ce7918"", ""domain_scores"": {""agriculture, forestry, and fisheries"": 0.6745885265140552, ""economy and finance"": 0.654139043998207, ""environment and energy"": 0.6609132308464172, ""industry, trade, and services"": 0.7571427668267815, ""labour market"": 0.6985449756794706}, ""source"": ""hdbscan_pearl_small""}"
term_04279f6a3fcd4e3a01d3,Production in industry - energy,cluster_fbcb7007a26d,"industry, trade, and services",1.000000,true,embedding_threshold,"{""classification_run_id"": ""run_75b90575bb9e48ce7918"", ""domain_scores"": {""agriculture, forestry, and fisheries"": 0.6745885265140552, ""economy and finance"": 0.654139043998207, ""environment and energy"": 0.6609132308464172, ""industry, trade, and services"": 0.7571427668267815, ""labour market"": 0.6985449756794706}, ""source"": ""hdbscan_pearl_small""}"
term_e454da1bd3a645c5546e,Production in industry - intermediate goods,cluster_fbcb7007a26d,"industry, trade, and services",1.000000,true,embedding_threshold,"{""classification_run_id"": ""run_75b90575bb9e48ce7918"", ""domain_scores"": {""agriculture, forestry, and fisheries"": 0.6745885265140552, ""economy and finance"": 0.654139043998207, ""environment and energy"": 0.6609132308464172, ""industry, trade, and services"": 0.7571427668267815, ""labour market"": 0.6985449756794706}, ""source"": ""hdbscan_pearl_small""}"
term_675346f52e1bfda71a21,Production in industry - manufacturing,cluster_fbcb7007a26d,"industry, trade, and services",1.000000,true,embedding_threshold,"{""classification_run_id"": ""run_75b90575bb9e48ce7918"", ""domain_scores"": {""agriculture, forestry, and fisheries"": 0.6745885265140552, ""economy and finance"": 0.654139043998207, ""environment and energy"": 0.6609132308464172, ""industry, trade, and services"": 0.7571427668267815, ""labour market"": 0.6985449756794706}, ""source"": ""hdbscan_pearl_small""}"
term_84eeb94c45bbd41c0060,Production in industry - total (excluding construction),cluster_fbcb7007a26d,"industry, trade, and services",0.835422,false,embedding_threshold,"{""classification_run_id"": ""run_75b90575bb9e48ce7918"", ""domain_scores"": {""agriculture, forestry, and fisheries"": 0.6745885265140552, ""economy and finance"": 0.654139043998207, ""environment and energy"": 0.6609132308464172, ""industry, trade, and services"": 0.7571427668267815, ""labour market"": 0.6985449756794706}, ""source"": ""hdbscan_pearl_small""}"
term_132fa562e61d24fc668c,Production of bovine meat in slaughterhouses,cluster_0747a3157ffb,"agriculture, forestry, and fisheries",0.993399,false,embedding_threshold,"{""classification_run_id"": ""run_75b90575bb9e48ce7918"", ""domain_scores"": {""agriculture, forestry, and fisheries"": 0.7705115463051274, ""education"": 0.635955172237763, ""environment and energy"": 0.6922148252171598, ""industry, trade, and services"": 0.6596587474858008, ""labour market"": 0.6636619757451894}, ""source"": ""hdbscan_pearl_small""}"
term_ce41243bf53e1fe41ce1,Production of butter,unclustered,cross-domain or other,0.000000,false,noise_default,"{""classification_run_id"": ""run_75b90575bb9e48ce7918"", ""domain_scores"": {}, ""source"": ""hdbscan_pearl_small""}"
term_d97417c7bb4f4f99740f,Production of cheese,unclustered,cross-domain or other,0.000000,false,noise_default,"{""classification_run_id"": ""run_75b90575bb9e48ce7918"", ""domain_scores"": {}, ""source"": ""hdbscan_pearl_small""}"
term_b90c6d0271ff608c3091,Production of eggs for consumption and number of laying hens,unclustered,cross-domain or other,0.000000,false,noise_default,"{""classification_run_id"": ""run_75b90575bb9e48ce7918"", ""domain_scores"": {}, ""source"": ""hdbscan_pearl_small""}"
term_4eb46767e3553546663a,Production of milk on farms,unclustered,cross-domain or other,0.000000,false,noise_default,"{""classification_run_id"": ""run_75b90575bb9e48ce7918"", ""domain_scores"": {}, ""source"": ""hdbscan_pearl_small""}"
term_db8a280dd7686a2ac1f5,Production of milk powder,unclustered,cross-domain or other,0.000000,false,noise_default,"{""classification_run_id"": ""run_75b90575bb9e48ce7918"", ""domain_scores"": {}, ""source"": ""hdbscan_pearl_small""}"
term_9454b887f1867f090bca,Production of pigmeat in slaughterhouses,cluster_0747a3157ffb,"agriculture, forestry, and fisheries",0.993399,false,embedding_threshold,"{""classification_run_id"": ""run_75b90575bb9e48ce7918"", ""domain_scores"": {""agriculture, forestry, and fisheries"": 0.7705115463051274, ""education"": 0.635955172237763, ""environment and energy"": 0.6922148252171598, ""industry, trade, and services"": 0.6596587474858008, ""labour market"": 0.6636619757451894}, ""source"": ""hdbscan_pearl_small""}"
term_3a115ac194876f2b07de,Production of poultry meat in slaughterhouses,cluster_0747a3157ffb,"agriculture, forestry, and fisheries",0.993399,true,embedding_threshold,"{""classification_run_id"": ""run_75b90575bb9e48ce7918"", ""domain_scores"": {""agriculture, forestry, and fisheries"": 0.7705115463051274, ""education"": 0.635955172237763, ""environment and energy"": 0.6922148252171598, ""industry, trade, and services"": 0.6596587474858008, ""labour market"": 0.6636619757451894}, ""source"": ""hdbscan_pearl_small""}"
term_226172b7f9c30b7a429a,Production of sheepmeat and goat meat in slaughterhouses,cluster_0747a3157ffb,"agriculture, forestry, and fisheries",0.993399,false,embedding_threshold,"{""classification_run_id"": ""run_75b90575bb9e48ce7918"", ""domain_scores"": {""agriculture, forestry, and fisheries"": 0.7705115463051274, ""education"": 0.635955172237763, ""environment and energy"": 0.6922148252171598, ""industry, trade, and services"": 0.6596587474858008, ""labour market"": 0.6636619757451894}, ""source"": ""hdbscan_pearl_small""}"
term_30044f68d1cf70550729,"Production, value added and employment by industry groups in the environmental goods and services sector",unclustered,cross-domain or other,0.000000,false,noise_default,"{""classification_run_id"": ""run_75b90575bb9e48ce7918"", ""domain_scores"": {}, ""source"": ""hdbscan_pearl_small""}"
term_5022e34de5091385c309,Proportion of population aged 65 and over,unclustered,cross-domain or other,0.000000,false,noise_default,"{""classification_run_id"": ""run_75b90575bb9e48ce7918"", ""domain_scores"": {}, ""source"": ""hdbscan_pearl_small""}"
term_90d064a0e3555d070ed8,Public expenditure on education - ENP-East countries,cluster_9f5217e9767f,cross-domain or other,1.000000,true,embedding_threshold_fallback,"{""classification_run_id"": ""run_75b90575bb9e48ce7918"", ""domain_scores"": {""economy and finance"": 0.6891359844726656, ""education"": 0.7167730397231009, ""environment and energy"": 0.6187253234181086, ""government, justice, and public administration"": 0.666310655781945, ""population and demography"": 0.6156232734483393}, ""source"": ""hdbscan_pearl_small""}"
term_136f56a98d371355cdb3,Public expenditure on education - ENP-South countries,cluster_9f5217e9767f,cross-domain or other,0.975506,false,embedding_threshold_fallback,"{""classification_run_id"": ""run_75b90575bb9e48ce7918"", ""domain_scores"": {""economy and finance"": 0.6891359844726656, ""education"": 0.7167730397231009, ""environment and energy"": 0.6187253234181086, ""government, justice, and public administration"": 0.666310655781945, ""population and demography"": 0.6156232734483393}, ""source"": ""hdbscan_pearl_small""}"
term_9a6b6617fb90a759d2c1,"Pupils aged 3 years old, by sex - as % of the population of the corresponding age group",cluster_99cbd02aba19,education,0.899929,false,embedding_threshold,"{""classification_run_id"": ""run_75b90575bb9e48ce7918"", ""domain_scores"": {""education"": 0.7589218905617889, ""health"": 0.6434949786966618, ""population and demography"": 0.710072635302008, ""regional and urban statistics"": 0.6397274526131986, ""social conditions and equality"": 0.6712758401898061}, ""source"": ""hdbscan_pearl_small""}"
term_b35b80b9bb3da89a8d77,"Pupils aged 4 years old, by sex - as % of the population of the corresponding age group",cluster_99cbd02aba19,education,0.824753,false,embedding_threshold,"{""classification_run_id"": ""run_75b90575bb9e48ce7918"", ""domain_scores"": {""education"": 0.7589218905617889, ""health"": 0.6434949786966618, ""population and demography"": 0.710072635302008, ""regional and urban statistics"": 0.6397274526131986, ""social conditions and equality"": 0.6712758401898061}, ""source"": ""hdbscan_pearl_small""}"
term_c87cc3e6907e2d7127e0,Pupils and students in education aged 30 and over - per 1000 of corresponding age population,unclustered,cross-domain or other,0.000000,false,noise_default,"{""classification_run_id"": ""run_75b90575bb9e48ce7918"", ""domain_scores"": {}, ""source"": ""hdbscan_pearl_small""}"
term_c32b9badb0ba4710ff3e,Pupils from age 0 to the starting age of compulsory education at primary level by sex - % of the population of the corresponding age,cluster_99cbd02aba19,education,1.000000,true,embedding_threshold,"{""classification_run_id"": ""run_75b90575bb9e48ce7918"", ""domain_scores"": {""education"": 0.7589218905617889, ""health"": 0.6434949786966618, ""population and demography"": 0.710072635302008, ""regional and urban statistics"": 0.6397274526131986, ""social conditions and equality"": 0.6712758401898061}, ""source"": ""hdbscan_pearl_small""}"
term_a59522b13eee62d49daf,Pupils from age 3 to the starting age of compulsory education at primary level by NUTS 2 region - % of the population of the corresponding age,cluster_99cbd02aba19,education,1.000000,false,embedding_threshold,"{""classification_run_id"": ""run_75b90575bb9e48ce7918"", ""domain_scores"": {""education"": 0.7589218905617889, ""health"": 0.6434949786966618, ""population and demography"": 0.710072635302008, ""regional and urban statistics"": 0.6397274526131986, ""social conditions and equality"": 0.6712758401898061}, ""source"": ""hdbscan_pearl_small""}"
term_00f0c8f9cf02f648a6af,Pupils from age 3 to the starting age of compulsory education at primary level by sex - % of the population of the corresponding age,cluster_99cbd02aba19,education,1.000000,true,embedding_threshold,"{""classification_run_id"": ""run_75b90575bb9e48ce7918"", ""domain_scores"": {""education"": 0.7589218905617889, ""health"": 0.6434949786966618, ""population and demography"": 0.710072635302008, ""regional and urban statistics"": 0.6397274526131986, ""social conditions and equality"": 0.6712758401898061}, ""source"": ""hdbscan_pearl_small""}"
term_f9d50b4dda831c318c4f,Pupils from age 4 to the starting age of compulsory education at primary level by NUTS 2 region - % of the population of the corresponding age,cluster_99cbd02aba19,education,1.000000,false,embedding_threshold,"{""classification_run_id"": ""run_75b90575bb9e48ce7918"", ""domain_scores"": {""education"": 0.7589218905617889, ""health"": 0.6434949786966618, ""population and demography"": 0.710072635302008, ""regional and urban statistics"": 0.6397274526131986, ""social conditions and equality"": 0.6712758401898061}, ""source"": ""hdbscan_pearl_small""}"
term_0972dcd431ad96904bc3,"Pupils from age 4 to the starting age of compulsory education at primary level, by sex - as % of the population of the corresponding age group",cluster_99cbd02aba19,education,1.000000,true,embedding_threshold,"{""classification_run_id"": ""run_75b90575bb9e48ce7918"", ""domain_scores"": {""education"": 0.7589218905617889, ""health"": 0.6434949786966618, ""population and demography"": 0.710072635302008, ""regional and urban statistics"": 0.6397274526131986, ""social conditions and equality"": 0.6712758401898061}, ""source"": ""hdbscan_pearl_small""}"
term_56b4c088a0be47482038,Pupils from age 5 to the starting age of compulsory education at primary level by sex - % of the population of the corresponding age,cluster_99cbd02aba19,education,1.000000,true,embedding_threshold,"{""classification_run_id"": ""run_75b90575bb9e48ce7918"", ""domain_scores"": {""education"": 0.7589218905617889, ""health"": 0.6434949786966618, ""population and demography"": 0.710072635302008, ""regional and urban statistics"": 0.6397274526131986, ""social conditions and equality"": 0.6712758401898061}, ""source"": ""hdbscan_pearl_small""}"
term_15bfeaad968154afb48f,Pupils under the age of 3 by sex - as % of the population of the corresponding age,cluster_99cbd02aba19,education,0.915941,true,embedding_threshold,"{""classification_run_id"": ""run_75b90575bb9e48ce7918"", ""domain_scores"": {""education"": 0.7589218905617889, ""health"": 0.6434949786966618, ""population and demography"": 0.710072635302008, ""regional and urban statistics"": 0.6397274526131986, ""social conditions and equality"": 0.6712758401898061}, ""source"": ""hdbscan_pearl_small""}"
term_962f61904b6619372cea,"Purchase price indices, total means of agricultural production",cluster_c8d379cc59d5,cross-domain or other,1.000000,true,embedding_threshold_fallback,"{""classification_run_id"": ""run_75b90575bb9e48ce7918"", ""domain_scores"": {""agriculture, forestry, and fisheries"": 0.700134029955008, ""economy and finance"": 0.6985875437440269, ""industry, trade, and services"": 0.6312062459971488, ""labour market"": 0.6354310085898719, ""transport"": 0.5958353894895129}, ""source"": ""hdbscan_pearl_small""}"
term_0d4c9ed65da1702cede8,Purchasing power adjusted GDP per capita,cluster_84a10ec4eb87,cross-domain or other,1.000000,true,embedding_threshold_fallback,"{""classification_run_id"": ""run_75b90575bb9e48ce7918"", ""domain_scores"": {""economy and finance"": 0.7286435528360393, ""environment and energy"": 0.6519930377463107, ""health"": 0.6568422343562978, ""labour market"": 0.7009352358476473, ""population and demography"": 0.7137265756915805}, ""source"": ""hdbscan_pearl_small""}"
term_957fdeb7beb70d12bd2e,"quarterly data, % of GDP",cluster_71139f449ed0,economy and finance,1.000000,true,embedding_threshold,"{""classification_run_id"": ""run_75b90575bb9e48ce7918"", ""domain_scores"": {""economy and finance"": 0.7268003334031932, ""health"": 0.6290264990649875, ""industry, trade, and services"": 0.6535122370515143, ""labour market"": 0.6599099628287749, ""population and demography"": 0.6348137138742423}, ""source"": ""hdbscan_pearl_small""}"
term_46734978017f544624fb,Rail accidents involving the transport of dangerous goods,unclustered,cross-domain or other,0.000000,false,noise_default,"{""classification_run_id"": ""run_75b90575bb9e48ce7918"", ""domain_scores"": {}, ""source"": ""hdbscan_pearl_small""}"
term_e97dc4d33c64b5e32ec4,Rail equipment: number and load capacity of goods transport wagons,unclustered,cross-domain or other,0.000000,false,noise_default,"{""classification_run_id"": ""run_75b90575bb9e48ce7918"", ""domain_scores"": {}, ""source"": ""hdbscan_pearl_small""}"
term_d2e98712668aabb3a0dd,Rail transport of passengers,unclustered,cross-domain or other,0.000000,false,noise_default,"{""classification_run_id"": ""run_75b90575bb9e48ce7918"", ""domain_scores"": {}, ""source"": ""hdbscan_pearl_small""}"
term_d6d506c422eb73f7712b,Railway transport vans,unclustered,cross-domain or other,0.000000,false,noise_default,"{""classification_run_id"": ""run_75b90575bb9e48ce7918"", ""domain_scores"": {}, ""source"": ""hdbscan_pearl_small""}"
term_3767f7ef54c6688a174c,"Ratio of annual expenditure per student at the tertiary level and primary level of education, in public educational institutions",unclustered,cross-domain or other,0.000000,false,noise_default,"{""classification_run_id"": ""run_75b90575bb9e48ce7918"", ""domain_scores"": {}, ""source"": ""hdbscan_pearl_small""}"
term_438ebeb43c6e54618660,Ratio of the proportion of tertiary students over the proportion of the population by NUTS 1 and NUTS 2 region,unclustered,cross-domain or other,0.000000,false,noise_default,"{""classification_run_id"": ""run_75b90575bb9e48ce7918"", ""domain_scores"": {}, ""source"": ""hdbscan_pearl_small""}"
term_524f26c23c149007b7c1,Real GDP growth rate,cluster_84a10ec4eb87,cross-domain or other,1.000000,false,embedding_threshold_fallback,"{""classification_run_id"": ""run_75b90575bb9e48ce7918"", ""domain_scores"": {""economy and finance"": 0.7286435528360393, ""environment and energy"": 0.6519930377463107, ""health"": 0.6568422343562978, ""labour market"": 0.7009352358476473, ""population and demography"": 0.7137265756915805}, ""source"": ""hdbscan_pearl_small""}"
term_680d8add75684ad731c8,Real GDP growth rate - volume,cluster_84a10ec4eb87,cross-domain or other,1.000000,false,embedding_threshold_fallback,"{""classification_run_id"": ""run_75b90575bb9e48ce7918"", ""domain_scores"": {""economy and finance"": 0.7286435528360393, ""environment and energy"": 0.6519930377463107, ""health"": 0.6568422343562978, ""labour market"": 0.7009352358476473, ""population and demography"": 0.7137265756915805}, ""source"": ""hdbscan_pearl_small""}"
term_21415cb11e781cdfeb3d,Real GDP per capita,cluster_84a10ec4eb87,cross-domain or other,1.000000,true,embedding_threshold_fallback,"{""classification_run_id"": ""run_75b90575bb9e48ce7918"", ""domain_scores"": {""economy and finance"": 0.7286435528360393, ""environment and energy"": 0.6519930377463107, ""health"": 0.6568422343562978, ""labour market"": 0.7009352358476473, ""population and demography"": 0.7137265756915805}, ""source"": ""hdbscan_pearl_small""}"
term_34ee60daa9822653ce56,Regional disparities in gender employment gap (NUTS level 2),cluster_b93f4637d15d,labour market,1.000000,false,embedding_threshold,"{""classification_run_id"": ""run_75b90575bb9e48ce7918"", ""domain_scores"": {""education"": 0.6861241715189699, ""labour market"": 0.7469427251817947, ""population and demography"": 0.6891891691131355, ""regional and urban statistics"": 0.6758536449997223, ""social conditions and equality"": 0.7051767501378557}, ""source"": ""hdbscan_pearl_small""}"
term_6292bbab930d004a75ac,Regional disparities in long-term unemployment rates (NUTS level 2),cluster_b93f4637d15d,labour market,1.000000,false,embedding_threshold,"{""classification_run_id"": ""run_75b90575bb9e48ce7918"", ""domain_scores"": {""education"": 0.6861241715189699, ""labour market"": 0.7469427251817947, ""population and demography"": 0.6891891691131355, ""regional and urban statistics"": 0.6758536449997223, ""social conditions and equality"": 0.7051767501378557}, ""source"": ""hdbscan_pearl_small""}"
term_d72c23437b51f7d6c80e,Regional disparities in the rate of young people neither in employment nor in education and training (NEET) (NUTS level 2),cluster_b93f4637d15d,labour market,1.000000,true,embedding_threshold,"{""classification_run_id"": ""run_75b90575bb9e48ce7918"", ""domain_scores"": {""education"": 0.6861241715189699, ""labour market"": 0.7469427251817947, ""population and demography"": 0.6891891691131355, ""regional and urban statistics"": 0.6758536449997223, ""social conditions and equality"": 0.7051767501378557}, ""source"": ""hdbscan_pearl_small""}"
term_f177d5318f6bbdc99d9b,Relative median income ratio (60+),cluster_55cd06be7ef5,cross-domain or other,0.980236,false,embedding_threshold_fallback,"{""classification_run_id"": ""run_75b90575bb9e48ce7918"", ""domain_scores"": {""economy and finance"": 0.6676096953224072, ""health"": 0.6400325914000694, ""labour market"": 0.6722840286997268, ""population and demography"": 0.6980887726643705, ""social conditions and equality"": 0.683880811919023}, ""source"": ""hdbscan_pearl_small""}"
term_3de4fab0404f410eda9e,Relative median income ratio (65+),cluster_55cd06be7ef5,cross-domain or other,0.980236,false,embedding_threshold_fallback,"{""classification_run_id"": ""run_75b90575bb9e48ce7918"", ""domain_scores"": {""economy and finance"": 0.6676096953224072, ""health"": 0.6400325914000694, ""labour market"": 0.6722840286997268, ""population and demography"": 0.6980887726643705, ""social conditions and equality"": 0.683880811919023}, ""source"": ""hdbscan_pearl_small""}"
term_22efd91c36cb3cff4359,Relative median income ratio (65+) - EU-SILC and ECHP surveys,cluster_55cd06be7ef5,cross-domain or other,0.873911,false,embedding_threshold_fallback,"{""classification_run_id"": ""run_75b90575bb9e48ce7918"", ""domain_scores"": {""economy and finance"": 0.6676096953224072, ""health"": 0.6400325914000694, ""labour market"": 0.6722840286997268, ""population and demography"": 0.6980887726643705, ""social conditions and equality"": 0.683880811919023}, ""source"": ""hdbscan_pearl_small""}"
term_c13633b1f5d1178e4b09,Relative poverty gap by risk of poverty and work intensity of the households with income from benefits,unclustered,cross-domain or other,0.000000,false,noise_default,"{""classification_run_id"": ""run_75b90575bb9e48ce7918"", ""domain_scores"": {}, ""source"": ""hdbscan_pearl_small""}"
term_849e62807acaa4f25c07,"Relative poverty threshold after social transfers, income per month",unclustered,cross-domain or other,0.000000,false,noise_default,"{""classification_run_id"": ""run_75b90575bb9e48ce7918"", ""domain_scores"": {}, ""source"": ""hdbscan_pearl_small""}"
term_76c2945b074128c6464f,"Relative poverty threshold after social transfers, income per month - ENP-East countries",unclustered,cross-domain or other,0.000000,false,noise_default,"{""classification_run_id"": ""run_75b90575bb9e48ce7918"", ""domain_scores"": {}, ""source"": ""hdbscan_pearl_small""}"
term_fb2242632dabfe71b151,Research and development expenditure by sector of performance,unclustered,cross-domain or other,0.000000,false,noise_default,"{""classification_run_id"": ""run_75b90575bb9e48ce7918"", ""domain_scores"": {}, ""source"": ""hdbscan_pearl_small""}"
term_18ca3b5c7d836a170234,"Residential construction - annual data, % of GDP",unclustered,cross-domain or other,0.000000,false,noise_default,"{""classification_run_id"": ""run_75b90575bb9e48ce7918"", ""domain_scores"": {}, ""source"": ""hdbscan_pearl_small""}"
term_e05002e50ec575d45b7d,Retail trade volume of sales,cluster_72b5baeeb545,"industry, trade, and services",1.000000,true,embedding_threshold,"{""classification_run_id"": ""run_75b90575bb9e48ce7918"", ""domain_scores"": {""agriculture, forestry, and fisheries"": 0.6291973431728247, ""economy and finance"": 0.6678218492513063, ""industry, trade, and services"": 0.7232525392381038, ""labour market"": 0.6833058409126617, ""transport"": 0.6615051420078425}, ""source"": ""hdbscan_pearl_small""}"
term_ba47358bfc54de8095aa,Retail trade volume of sales - automotive fuel,cluster_72b5baeeb545,"industry, trade, and services",1.000000,true,embedding_threshold,"{""classification_run_id"": ""run_75b90575bb9e48ce7918"", ""domain_scores"": {""agriculture, forestry, and fisheries"": 0.6291973431728247, ""economy and finance"": 0.6678218492513063, ""industry, trade, and services"": 0.7232525392381038, ""labour market"": 0.6833058409126617, ""transport"": 0.6615051420078425}, ""source"": ""hdbscan_pearl_small""}"
term_d89120ce008c2ccbdc95,"Retail trade volume of sales - food, beverages and tobacco",cluster_72b5baeeb545,"industry, trade, and services",1.000000,true,embedding_threshold,"{""classification_run_id"": ""run_75b90575bb9e48ce7918"", ""domain_scores"": {""agriculture, forestry, and fisheries"": 0.6291973431728247, ""economy and finance"": 0.6678218492513063, ""industry, trade, and services"": 0.7232525392381038, ""labour market"": 0.6833058409126617, ""transport"": 0.6615051420078425}, ""source"": ""hdbscan_pearl_small""}"
term_4c5308d0a19b91efd0ab,Retail trade volume of sales - non food,cluster_72b5baeeb545,"industry, trade, and services",1.000000,false,embedding_threshold,"{""classification_run_id"": ""run_75b90575bb9e48ce7918"", ""domain_scores"": {""agriculture, forestry, and fisheries"": 0.6291973431728247, ""economy and finance"": 0.6678218492513063, ""industry, trade, and services"": 0.7232525392381038, ""labour market"": 0.6833058409126617, ""transport"": 0.6615051420078425}, ""source"": ""hdbscan_pearl_small""}"
term_3b7f7fbc9919a7ca04c3,Retail trade volume of sales - total,cluster_72b5baeeb545,"industry, trade, and services",1.000000,true,embedding_threshold,"{""classification_run_id"": ""run_75b90575bb9e48ce7918"", ""domain_scores"": {""agriculture, forestry, and fisheries"": 0.6291973431728247, ""economy and finance"": 0.6678218492513063, ""industry, trade, and services"": 0.7232525392381038, ""labour market"": 0.6833058409126617, ""transport"": 0.6615051420078425}, ""source"": ""hdbscan_pearl_small""}"
term_4aac2f9ebd7575071967,Retail trade volume of sales index (deflated turnover),cluster_72b5baeeb545,"industry, trade, and services",0.953247,true,embedding_threshold,"{""classification_run_id"": ""run_75b90575bb9e48ce7918"", ""domain_scores"": {""agriculture, forestry, and fisheries"": 0.6291973431728247, ""economy and finance"": 0.6678218492513063, ""industry, trade, and services"": 0.7232525392381038, ""labour market"": 0.6833058409126617, ""transport"": 0.6615051420078425}, ""source"": ""hdbscan_pearl_small""}"
term_d6f5bc46e400e8956380,Retail trade volume of sales index (deflated turnover) - ENP-East countries,cluster_72b5baeeb545,"industry, trade, and services",0.876323,false,embedding_threshold,"{""classification_run_id"": ""run_75b90575bb9e48ce7918"", ""domain_scores"": {""agriculture, forestry, and fisheries"": 0.6291973431728247, ""economy and finance"": 0.6678218492513063, ""industry, trade, and services"": 0.7232525392381038, ""labour market"": 0.6833058409126617, ""transport"": 0.6615051420078425}, ""source"": ""hdbscan_pearl_small""}"
term_4ea94854b36b7164e6fb,"Road cabotage transport by country in which cabotage takes place (t, tkm)",unclustered,cross-domain or other,0.000000,false,noise_default,"{""classification_run_id"": ""run_75b90575bb9e48ce7918"", ""domain_scores"": {}, ""source"": ""hdbscan_pearl_small""}"
term_0da9b68f84efad225392,"Road cabotage transport by country in which cabotage takes place (t, tkm) - (from onwards)",unclustered,cross-domain or other,0.000000,false,noise_default,"{""classification_run_id"": ""run_75b90575bb9e48ce7918"", ""domain_scores"": {}, ""source"": ""hdbscan_pearl_small""}"
term_05c0b6ba67174ffe73ae,Road cabotage transport by country in which cabotage takes place (tkm),unclustered,cross-domain or other,0.000000,false,noise_default,"{""classification_run_id"": ""run_75b90575bb9e48ce7918"", ""domain_scores"": {}, ""source"": ""hdbscan_pearl_small""}"
term_c5b812f5d9a40c40c48e,Road cabotage transport performed by each (tkm),unclustered,cross-domain or other,0.000000,false,noise_default,"{""classification_run_id"": ""run_75b90575bb9e48ce7918"", ""domain_scores"": {}, ""source"": ""hdbscan_pearl_small""}"
term_bac0c3c9920f444b2b53,Road freight transport,cluster_310e64b58954,transport,0.939884,false,embedding_threshold,"{""classification_run_id"": ""run_75b90575bb9e48ce7918"", ""domain_scores"": {""agriculture, forestry, and fisheries"": 0.6568437781978611, ""economy and finance"": 0.6812492999573971, ""industry, trade, and services"": 0.6995698206879771, ""labour market"": 0.6614922186669936, ""transport"": 0.860033991344811}, ""source"": ""hdbscan_pearl_small""}"
term_00f3ee6bf94038cfb789,Road freight transport - ENP-East countries,cluster_310e64b58954,transport,1.000000,false,embedding_threshold,"{""classification_run_id"": ""run_75b90575bb9e48ce7918"", ""domain_scores"": {""agriculture, forestry, and fisheries"": 0.6568437781978611, ""economy and finance"": 0.6812492999573971, ""industry, trade, and services"": 0.6995698206879771, ""labour market"": 0.6614922186669936, ""transport"": 0.860033991344811}, ""source"": ""hdbscan_pearl_small""}"
term_5e4df62ef683da8502b4,Road freight transport - ENP-South countries,cluster_310e64b58954,transport,1.000000,true,embedding_threshold,"{""classification_run_id"": ""run_75b90575bb9e48ce7918"", ""domain_scores"": {""agriculture, forestry, and fisheries"": 0.6568437781978611, ""economy and finance"": 0.6812492999573971, ""industry, trade, and services"": 0.6995698206879771, ""labour market"": 0.6614922186669936, ""transport"": 0.860033991344811}, ""source"": ""hdbscan_pearl_small""}"
term_bd16ed3b50396db5bfb6,road freight transport in volume,cluster_310e64b58954,transport,0.939884,false,embedding_threshold,"{""classification_run_id"": ""run_75b90575bb9e48ce7918"", ""domain_scores"": {""agriculture, forestry, and fisheries"": 0.6568437781978611, ""economy and finance"": 0.6812492999573971, ""industry, trade, and services"": 0.6995698206879771, ""labour market"": 0.6614922186669936, ""transport"": 0.860033991344811}, ""source"": ""hdbscan_pearl_small""}"
term_35f091028bedc80f3304,Road traffic: road freight transport in volume,unclustered,cross-domain or other,0.000000,false,noise_default,"{""classification_run_id"": ""run_75b90575bb9e48ce7918"", ""domain_scores"": {}, ""source"": ""hdbscan_pearl_small""}"
term_793c46c555df1c2cc3be,"Rye and winter cereal mixtures by area, production and humidity",cluster_9391f8d593af,"agriculture, forestry, and fisheries",1.000000,true,embedding_threshold,"{""classification_run_id"": ""run_75b90575bb9e48ce7918"", ""domain_scores"": {""agriculture, forestry, and fisheries"": 0.7215382746502316, ""environment and energy"": 0.6904157422959046, ""labour market"": 0.6448385178470997, ""population and demography"": 0.6238849919667521, ""regional and urban statistics"": 0.6660959028884115}, ""source"": ""hdbscan_pearl_small""}"
term_acd69213722fdbfd0960,Sales and collection of portable batteries and accumulators,unclustered,cross-domain or other,0.000000,false,noise_default,"{""classification_run_id"": ""run_75b90575bb9e48ce7918"", ""domain_scores"": {}, ""source"": ""hdbscan_pearl_small""}"
term_c943668852a9a733cf2d,Sea transport of goods,unclustered,cross-domain or other,0.000000,false,noise_default,"{""classification_run_id"": ""run_75b90575bb9e48ce7918"", ""domain_scores"": {}, ""source"": ""hdbscan_pearl_small""}"
term_8030a23a4a2dc7be617b,Secondary energy production (transformation),unclustered,cross-domain or other,0.000000,false,noise_default,"{""classification_run_id"": ""run_75b90575bb9e48ce7918"", ""domain_scores"": {}, ""source"": ""hdbscan_pearl_small""}"
term_65f931a9d4bebf6fc3e4,"Secondary wood products, production",unclustered,cross-domain or other,0.000000,false,noise_default,"{""classification_run_id"": ""run_75b90575bb9e48ce7918"", ""domain_scores"": {}, ""source"": ""hdbscan_pearl_small""}"
term_3c6db2dfbfb5d56d21f8,Selling prices of barley,cluster_f49b94d07c25,cross-domain or other,0.920045,true,embedding_threshold_fallback,"{""classification_run_id"": ""run_75b90575bb9e48ce7918"", ""domain_scores"": {""agriculture, forestry, and fisheries"": 0.6286479704391296, ""economy and finance"": 0.6610828723423371, ""industry, trade, and services"": 0.6109993208168183, ""labour market"": 0.649603712173702, ""population and demography"": 0.5686531013993591}, ""source"": ""hdbscan_pearl_small""}"
term_8ae9febccaa808aa61b1,Selling prices of calves,cluster_f49b94d07c25,cross-domain or other,1.000000,true,embedding_threshold_fallback,"{""classification_run_id"": ""run_75b90575bb9e48ce7918"", ""domain_scores"": {""agriculture, forestry, and fisheries"": 0.6286479704391296, ""economy and finance"": 0.6610828723423371, ""industry, trade, and services"": 0.6109993208168183, ""labour market"": 0.649603712173702, ""population and demography"": 0.5686531013993591}, ""source"": ""hdbscan_pearl_small""}"
term_7e6b66c9d3d0e5d8a5de,Selling prices of chickens (live 1st choice),cluster_f49b94d07c25,cross-domain or other,0.904691,false,embedding_threshold_fallback,"{""classification_run_id"": ""run_75b90575bb9e48ce7918"", ""domain_scores"": {""agriculture, forestry, and fisheries"": 0.6286479704391296, ""economy and finance"": 0.6610828723423371, ""industry, trade, and services"": 0.6109993208168183, ""labour market"": 0.649603712173702, ""population and demography"": 0.5686531013993591}, ""source"": ""hdbscan_pearl_small""}"
term_1b5c2b9c0bccd1eda4f0,Selling prices of fresh eggs,cluster_f49b94d07c25,cross-domain or other,0.957065,false,embedding_threshold_fallback,"{""classification_run_id"": ""run_75b90575bb9e48ce7918"", ""domain_scores"": {""agriculture, forestry, and fisheries"": 0.6286479704391296, ""economy and finance"": 0.6610828723423371, ""industry, trade, and services"": 0.6109993208168183, ""labour market"": 0.649603712173702, ""population and demography"": 0.5686531013993591}, ""source"": ""hdbscan_pearl_small""}"
term_47ac29381f85fbf42700,Selling prices of main crop potatoes,cluster_f49b94d07c25,cross-domain or other,0.912917,false,embedding_threshold_fallback,"{""classification_run_id"": ""run_75b90575bb9e48ce7918"", ""domain_scores"": {""agriculture, forestry, and fisheries"": 0.6286479704391296, ""economy and finance"": 0.6610828723423371, ""industry, trade, and services"": 0.6109993208168183, ""labour market"": 0.649603712173702, ""population and demography"": 0.5686531013993591}, ""source"": ""hdbscan_pearl_small""}"
term_e8bb5187b5795bdb8efb,Selling prices of maize,cluster_f49b94d07c25,cross-domain or other,0.920045,true,embedding_threshold_fallback,"{""classification_run_id"": ""run_75b90575bb9e48ce7918"", ""domain_scores"": {""agriculture, forestry, and fisheries"": 0.6286479704391296, ""economy and finance"": 0.6610828723423371, ""industry, trade, and services"": 0.6109993208168183, ""labour market"": 0.649603712173702, ""population and demography"": 0.5686531013993591}, ""source"": ""hdbscan_pearl_small""}"
term_2c07bd94b4e43d46432e,Selling prices of oats,cluster_f49b94d07c25,cross-domain or other,0.920045,false,embedding_threshold_fallback,"{""classification_run_id"": ""run_75b90575bb9e48ce7918"", ""domain_scores"": {""agriculture, forestry, and fisheries"": 0.6286479704391296, ""economy and finance"": 0.6610828723423371, ""industry, trade, and services"": 0.6109993208168183, ""labour market"": 0.649603712173702, ""population and demography"": 0.5686531013993591}, ""source"": ""hdbscan_pearl_small""}"
term_e1ed281f7f0b76371214,Selling prices of piglets,cluster_f49b94d07c25,cross-domain or other,1.000000,true,embedding_threshold_fallback,"{""classification_run_id"": ""run_75b90575bb9e48ce7918"", ""domain_scores"": {""agriculture, forestry, and fisheries"": 0.6286479704391296, ""economy and finance"": 0.6610828723423371, ""industry, trade, and services"": 0.6109993208168183, ""labour market"": 0.649603712173702, ""population and demography"": 0.5686531013993591}, ""source"": ""hdbscan_pearl_small""}"
term_6e08e94ef6da9bc1d1a2,Selling prices of pigs (light),cluster_f49b94d07c25,cross-domain or other,1.000000,false,embedding_threshold_fallback,"{""classification_run_id"": ""run_75b90575bb9e48ce7918"", ""domain_scores"": {""agriculture, forestry, and fisheries"": 0.6286479704391296, ""economy and finance"": 0.6610828723423371, ""industry, trade, and services"": 0.6109993208168183, ""labour market"": 0.649603712173702, ""population and demography"": 0.5686531013993591}, ""source"": ""hdbscan_pearl_small""}"
term_ecdcf7eb31b6f39bf823,Selling prices of raw cow's milk,cluster_f49b94d07c25,cross-domain or other,1.000000,false,embedding_threshold_fallback,"{""classification_run_id"": ""run_75b90575bb9e48ce7918"", ""domain_scores"": {""agriculture, forestry, and fisheries"": 0.6286479704391296, ""economy and finance"": 0.6610828723423371, ""industry, trade, and services"": 0.6109993208168183, ""labour market"": 0.649603712173702, ""population and demography"": 0.5686531013993591}, ""source"": ""hdbscan_pearl_small""}"
term_ade4d4857a14058b599e,Selling prices of sheep,cluster_f49b94d07c25,cross-domain or other,1.000000,true,embedding_threshold_fallback,"{""classification_run_id"": ""run_75b90575bb9e48ce7918"", ""domain_scores"": {""agriculture, forestry, and fisheries"": 0.6286479704391296, ""economy and finance"": 0.6610828723423371, ""industry, trade, and services"": 0.6109993208168183, ""labour market"": 0.649603712173702, ""population and demography"": 0.5686531013993591}, ""source"": ""hdbscan_pearl_small""}"
term_95e7e6f2848eac909c03,Selling prices of soft wheat,cluster_f49b94d07c25,cross-domain or other,0.920045,false,embedding_threshold_fallback,"{""classification_run_id"": ""run_75b90575bb9e48ce7918"", ""domain_scores"": {""agriculture, forestry, and fisheries"": 0.6286479704391296, ""economy and finance"": 0.6610828723423371, ""industry, trade, and services"": 0.6109993208168183, ""labour market"": 0.649603712173702, ""population and demography"": 0.5686531013993591}, ""source"": ""hdbscan_pearl_small""}"
term_a98332e2942b3c18dca1,Selling prices of sugar beet (unit value),cluster_f49b94d07c25,cross-domain or other,0.880777,false,embedding_threshold_fallback,"{""classification_run_id"": ""run_75b90575bb9e48ce7918"", ""domain_scores"": {""agriculture, forestry, and fisheries"": 0.6286479704391296, ""economy and finance"": 0.6610828723423371, ""industry, trade, and services"": 0.6109993208168183, ""labour market"": 0.649603712173702, ""population and demography"": 0.5686531013993591}, ""source"": ""hdbscan_pearl_small""}"
term_ffd9b4c7b420884fbe19,Severe housing deprivation rate by income quintile,unclustered,cross-domain or other,0.000000,false,noise_default,"{""classification_run_id"": ""run_75b90575bb9e48ce7918"", ""domain_scores"": {}, ""source"": ""hdbscan_pearl_small""}"
term_807855b35101cb82e6e2,Sewage sludge production and disposal from urban wastewater (in dry substance (d.s)),unclustered,cross-domain or other,0.000000,false,noise_default,"{""classification_run_id"": ""run_75b90575bb9e48ce7918"", ""domain_scores"": {}, ""source"": ""hdbscan_pearl_small""}"
term_1b743ced7fa697781fea,Share of buses and trains in passenger transport,unclustered,cross-domain or other,0.000000,false,noise_default,"{""classification_run_id"": ""run_75b90575bb9e48ce7918"", ""domain_scores"": {}, ""source"": ""hdbscan_pearl_small""}"
term_d9dc4d60cef3d7a1efdf,Share of GBARD in total general government expenditure,unclustered,cross-domain or other,0.000000,false,noise_default,"{""classification_run_id"": ""run_75b90575bb9e48ce7918"", ""domain_scores"": {}, ""source"": ""hdbscan_pearl_small""}"
term_afe7759e5baca150ea21,Share of organic crop area out of the total utilised agricultural area (UAA),unclustered,cross-domain or other,0.000000,false,noise_default,"{""classification_run_id"": ""run_75b90575bb9e48ce7918"", ""domain_scores"": {}, ""source"": ""hdbscan_pearl_small""}"
term_f2f7044cf051e6ac588e,Share of people living in under-occupied dwellings by degree of urbanisation - total population,cluster_e7d0c36b4e48,population and demography,0.770493,false,embedding_threshold,"{""classification_run_id"": ""run_75b90575bb9e48ce7918"", ""domain_scores"": {""health"": 0.6489362833762581, ""labour market"": 0.7028210916628311, ""population and demography"": 0.7487856750551453, ""regional and urban statistics"": 0.6552702354468821, ""social conditions and equality"": 0.7185160585524769}, ""source"": ""hdbscan_pearl_small""}"
term_3af505742b8264ff30b3,Share of people living in under-occupied dwellings by tenure status - total population,cluster_e7d0c36b4e48,population and demography,0.770493,false,embedding_threshold,"{""classification_run_id"": ""run_75b90575bb9e48ce7918"", ""domain_scores"": {""health"": 0.6489362833762581, ""labour market"": 0.7028210916628311, ""population and demography"": 0.7487856750551453, ""regional and urban statistics"": 0.6552702354468821, ""social conditions and equality"": 0.7185160585524769}, ""source"": ""hdbscan_pearl_small""}"
term_823f0fdf459aef1fe7d0,Share of rail and waterways in freight transport,unclustered,cross-domain or other,0.000000,false,noise_default,"{""classification_run_id"": ""run_75b90575bb9e48ce7918"", ""domain_scores"": {}, ""source"": ""hdbscan_pearl_small""}"
term_e2b8352ea0bd6d24d2a8,Share of total population considering their dwelling as too dark,cluster_e7d0c36b4e48,population and demography,0.817818,false,embedding_threshold,"{""classification_run_id"": ""run_75b90575bb9e48ce7918"", ""domain_scores"": {""health"": 0.6489362833762581, ""labour market"": 0.7028210916628311, ""population and demography"": 0.7487856750551453, ""regional and urban statistics"": 0.6552702354468821, ""social conditions and equality"": 0.7185160585524769}, ""source"": ""hdbscan_pearl_small""}"
term_d6eb62d83d043213445a,Share of total population considering their dwelling as too dark - EU-SILC survey,cluster_e7d0c36b4e48,population and demography,0.894707,true,embedding_threshold,"{""classification_run_id"": ""run_75b90575bb9e48ce7918"", ""domain_scores"": {""health"": 0.6489362833762581, ""labour market"": 0.7028210916628311, ""population and demography"": 0.7487856750551453, ""regional and urban statistics"": 0.6552702354468821, ""social conditions and equality"": 0.7185160585524769}, ""source"": ""hdbscan_pearl_small""}"
term_e240bb227d56e6e7f6a3,"Share of total population having neither a bath, nor a shower in their dwelling",cluster_e7d0c36b4e48,population and demography,1.000000,false,embedding_threshold,"{""classification_run_id"": ""run_75b90575bb9e48ce7918"", ""domain_scores"": {""health"": 0.6489362833762581, ""labour market"": 0.7028210916628311, ""population and demography"": 0.7487856750551453, ""regional and urban statistics"": 0.6552702354468821, ""social conditions and equality"": 0.7185160585524769}, ""source"": ""hdbscan_pearl_small""}"
term_658d47fb6d3c1b8c88df,"Share of total population having neither a bath, nor a shower in their dwelling - EU-SILC survey",cluster_e7d0c36b4e48,population and demography,1.000000,true,embedding_threshold,"{""classification_run_id"": ""run_75b90575bb9e48ce7918"", ""domain_scores"": {""health"": 0.6489362833762581, ""labour market"": 0.7028210916628311, ""population and demography"": 0.7487856750551453, ""regional and urban statistics"": 0.6552702354468821, ""social conditions and equality"": 0.7185160585524769}, ""source"": ""hdbscan_pearl_small""}"
term_0b83f07eaa7dd6ad6447,"Share of total population living in a dwelling with a leaking roof, damp walls, floors or foundation, or rot in window frames of floor",cluster_e7d0c36b4e48,population and demography,0.839701,false,embedding_threshold,"{""classification_run_id"": ""run_75b90575bb9e48ce7918"", ""domain_scores"": {""health"": 0.6489362833762581, ""labour market"": 0.7028210916628311, ""population and demography"": 0.7487856750551453, ""regional and urban statistics"": 0.6552702354468821, ""social conditions and equality"": 0.7185160585524769}, ""source"": ""hdbscan_pearl_small""}"
term_7218e473cbfc459e7f00,"Share of total population living in a dwelling with a leaking roof, damp walls, floors or foundation, or rot in window frames of floor - EU-SILC survey",cluster_e7d0c36b4e48,population and demography,0.850763,false,embedding_threshold,"{""classification_run_id"": ""run_75b90575bb9e48ce7918"", ""domain_scores"": {""health"": 0.6489362833762581, ""labour market"": 0.7028210916628311, ""population and demography"": 0.7487856750551453, ""regional and urban statistics"": 0.6552702354468821, ""social conditions and equality"": 0.7185160585524769}, ""source"": ""hdbscan_pearl_small""}"
term_5cdcf9cf1a2d52d3887b,Share of total population not having indoor flushing toilet for the sole use of their household,cluster_e7d0c36b4e48,population and demography,1.000000,true,embedding_threshold,"{""classification_run_id"": ""run_75b90575bb9e48ce7918"", ""domain_scores"": {""health"": 0.6489362833762581, ""labour market"": 0.7028210916628311, ""population and demography"": 0.7487856750551453, ""regional and urban statistics"": 0.6552702354468821, ""social conditions and equality"": 0.7185160585524769}, ""source"": ""hdbscan_pearl_small""}"
term_452027397b2cdcf36d77,Share of total population not having indoor flushing toilet for the sole use of their household - EU-SILC survey,cluster_e7d0c36b4e48,population and demography,1.000000,true,embedding_threshold,"{""classification_run_id"": ""run_75b90575bb9e48ce7918"", ""domain_scores"": {""health"": 0.6489362833762581, ""labour market"": 0.7028210916628311, ""population and demography"": 0.7487856750551453, ""regional and urban statistics"": 0.6552702354468821, ""social conditions and equality"": 0.7185160585524769}, ""source"": ""hdbscan_pearl_small""}"
term_a03bdea9a2c1ac178e82,"Short sea shipping - country level - gross weight of goods transported to/from main ports, by direction",cluster_436a35bf5d70,transport,1.000000,true,embedding_threshold,"{""classification_run_id"": ""run_75b90575bb9e48ce7918"", ""domain_scores"": {""agriculture, forestry, and fisheries"": 0.6680911486169095, ""economy and finance"": 0.6993370570124587, ""environment and energy"": 0.6612407709431416, ""industry, trade, and services"": 0.6961852515140688, ""transport"": 0.7806940761400575}, ""source"": ""hdbscan_pearl_small""}"
term_9a3dacd0972009bf63b3,"Short sea shipping - country level - volume (in TEUs) of containers transported to/from main ports, by loading status",cluster_436a35bf5d70,transport,1.000000,false,embedding_threshold,"{""classification_run_id"": ""run_75b90575bb9e48ce7918"", ""domain_scores"": {""agriculture, forestry, and fisheries"": 0.6680911486169095, ""economy and finance"": 0.6993370570124587, ""environment and energy"": 0.6612407709431416, ""industry, trade, and services"": 0.6961852515140688, ""transport"": 0.7806940761400575}, ""source"": ""hdbscan_pearl_small""}"
term_c179b5f3ca305b4b45df,"Short sea shipping - EU level - gross weight of goods transported to/from main ports, by type of cargo for each sea region of partner ports",cluster_436a35bf5d70,transport,1.000000,false,embedding_threshold,"{""classification_run_id"": ""run_75b90575bb9e48ce7918"", ""domain_scores"": {""agriculture, forestry, and fisheries"": 0.6680911486169095, ""economy and finance"": 0.6993370570124587, ""environment and energy"": 0.6612407709431416, ""industry, trade, and services"": 0.6961852515140688, ""transport"": 0.7806940761400575}, ""source"": ""hdbscan_pearl_small""}"
term_3bdd979f3dc7ba4e0a66,Social protection expenditure excluding administrative costs (including health expenditure),unclustered,cross-domain or other,0.000000,false,noise_default,"{""classification_run_id"": ""run_75b90575bb9e48ce7918"", ""domain_scores"": {}, ""source"": ""hdbscan_pearl_small""}"
term_d5170af9bd18d3defe26,Social protection expenditure excluding administrative costs (including health expenditure) - % of GDP - ENP-East countries,unclustered,cross-domain or other,0.000000,false,noise_default,"{""classification_run_id"": ""run_75b90575bb9e48ce7918"", ""domain_scores"": {}, ""source"": ""hdbscan_pearl_small""}"
term_908f14554d236f99c580,Standardised death rate due to homicide by sex,cluster_08676e4a8f67,cross-domain or other,0.808298,false,embedding_threshold_fallback,"{""classification_run_id"": ""run_75b90575bb9e48ce7918"", ""domain_scores"": {""environment and energy"": 0.6265151244861141, ""health"": 0.7445838198500743, ""population and demography"": 0.7158470017582006, ""social conditions and equality"": 0.6993057268964641, ""transport"": 0.6316672361559459}, ""source"": ""hdbscan_pearl_small""}"
term_2f610bfeb326156a6008,"Standardised death rate due to tuberculosis, HIV and hepatitis by type of disease",cluster_08676e4a8f67,cross-domain or other,0.719123,false,embedding_threshold_fallback,"{""classification_run_id"": ""run_75b90575bb9e48ce7918"", ""domain_scores"": {""environment and energy"": 0.6265151244861141, ""health"": 0.7445838198500743, ""population and demography"": 0.7158470017582006, ""social conditions and equality"": 0.6993057268964641, ""transport"": 0.6316672361559459}, ""source"": ""hdbscan_pearl_small""}"
term_2628c6a89a9f36655b7d,Standardised incidence rate of accidents at work by NACE Rev. 1.1 activity and employment status,unclustered,cross-domain or other,0.000000,false,noise_default,"{""classification_run_id"": ""run_75b90575bb9e48ce7918"", ""domain_scores"": {}, ""source"": ""hdbscan_pearl_small""}"
term_81d71c36ce39beb87a6b,Students in post-compulsory education - as % of the total population of post-compulsory school age,unclustered,cross-domain or other,0.000000,false,noise_default,"{""classification_run_id"": ""run_75b90575bb9e48ce7918"", ""domain_scores"": {}, ""source"": ""hdbscan_pearl_small""}"
term_1525307af6e8b30b1efb,Subjective poverty by educational attainment level (population aged 18 and over),unclustered,cross-domain or other,0.000000,false,noise_default,"{""classification_run_id"": ""run_75b90575bb9e48ce7918"", ""domain_scores"": {}, ""source"": ""hdbscan_pearl_small""}"
term_127015b9847860423017,Suicide death rate by age group,unclustered,cross-domain or other,0.000000,false,noise_default,"{""classification_run_id"": ""run_75b90575bb9e48ce7918"", ""domain_scores"": {}, ""source"": ""hdbscan_pearl_small""}"
term_a9c7f2dcbb2456b21fef,Tax rate on low wage earners - Unemployment trap,unclustered,cross-domain or other,0.000000,false,noise_default,"{""classification_run_id"": ""run_75b90575bb9e48ce7918"", ""domain_scores"": {}, ""source"": ""hdbscan_pearl_small""}"
term_0861fc84eecc384d6adc,"Territorialised road freight transport, by transport coverage",unclustered,cross-domain or other,0.000000,false,noise_default,"{""classification_run_id"": ""run_75b90575bb9e48ce7918"", ""domain_scores"": {}, ""source"": ""hdbscan_pearl_small""}"
term_71d5be4aff0fb69bb056,"Territorialised road freight transport, by transport coverage - annual data",unclustered,cross-domain or other,0.000000,false,noise_default,"{""classification_run_id"": ""run_75b90575bb9e48ce7918"", ""domain_scores"": {}, ""source"": ""hdbscan_pearl_small""}"
term_66732f938ee1a81097cf,The real gross disposable income of households per capita (index =),cluster_84a10ec4eb87,cross-domain or other,0.999378,true,embedding_threshold_fallback,"{""classification_run_id"": ""run_75b90575bb9e48ce7918"", ""domain_scores"": {""economy and finance"": 0.7286435528360393, ""environment and energy"": 0.6519930377463107, ""health"": 0.6568422343562978, ""labour market"": 0.7009352358476473, ""population and demography"": 0.7137265756915805}, ""source"": ""hdbscan_pearl_small""}"
term_0909d04619556ce772ab,Time spent on travelling by mode of transport (and),unclustered,cross-domain or other,0.000000,false,noise_default,"{""classification_run_id"": ""run_75b90575bb9e48ce7918"", ""domain_scores"": {}, ""source"": ""hdbscan_pearl_small""}"
term_2277dced936ebe7e514b,Total employment by age group,unclustered,cross-domain or other,0.000000,false,noise_default,"{""classification_run_id"": ""run_75b90575bb9e48ce7918"", ""domain_scores"": {}, ""source"": ""hdbscan_pearl_small""}"
term_aa68604b0a18d14e8f75,Total employment by age group - ENP-South countries,cluster_99358c580dcf,labour market,0.923049,false,embedding_threshold,"{""classification_run_id"": ""run_75b90575bb9e48ce7918"", ""domain_scores"": {""economy and finance"": 0.6830314331028731, ""labour market"": 0.789534856381208, ""population and demography"": 0.7264993057884989, ""regional and urban statistics"": 0.6766704497423219, ""social conditions and equality"": 0.7191189563238449}, ""source"": ""hdbscan_pearl_small""}"
term_cb729a0a0923670b9a0c,total population,unclustered,cross-domain or other,0.000000,false,noise_default,"{""classification_run_id"": ""run_75b90575bb9e48ce7918"", ""domain_scores"": {}, ""source"": ""hdbscan_pearl_small""}"
term_a32ba4e10b1eca08f244,Turnover by client specialisation and employment size class,unclustered,cross-domain or other,0.000000,false,noise_default,"{""classification_run_id"": ""run_75b90575bb9e48ce7918"", ""domain_scores"": {}, ""source"": ""hdbscan_pearl_small""}"
term_dcec609979d5cb0e0dbb,Turnover by nationality of client and employment size class,unclustered,cross-domain or other,0.000000,false,noise_default,"{""classification_run_id"": ""run_75b90575bb9e48ce7918"", ""domain_scores"": {}, ""source"": ""hdbscan_pearl_small""}"
term_0fc1db91c993288de631,Turnover by product specialisation and employment size class for group 72.2,unclustered,cross-domain or other,0.000000,false,noise_default,"{""classification_run_id"": ""run_75b90575bb9e48ce7918"", ""domain_scores"": {}, ""source"": ""hdbscan_pearl_small""}"
term_d586e925d2063811eb99,Turnover by type of client and employment size class,unclustered,cross-domain or other,0.000000,false,noise_default,"{""classification_run_id"": ""run_75b90575bb9e48ce7918"", ""domain_scores"": {}, ""source"": ""hdbscan_pearl_small""}"
term_1529764711dbbdad5438,Unemployment by sex - age group 15-24,cluster_99358c580dcf,labour market,1.000000,false,embedding_threshold,"{""classification_run_id"": ""run_75b90575bb9e48ce7918"", ""domain_scores"": {""economy and finance"": 0.6830314331028731, ""labour market"": 0.789534856381208, ""population and demography"": 0.7264993057884989, ""regional and urban statistics"": 0.6766704497423219, ""social conditions and equality"": 0.7191189563238449}, ""source"": ""hdbscan_pearl_small""}"
term_93fc17aa9b69df511486,Unemployment by sex - age group 25-74,cluster_99358c580dcf,labour market,1.000000,false,embedding_threshold,"{""classification_run_id"": ""run_75b90575bb9e48ce7918"", ""domain_scores"": {""economy and finance"": 0.6830314331028731, ""labour market"": 0.789534856381208, ""population and demography"": 0.7264993057884989, ""regional and urban statistics"": 0.6766704497423219, ""social conditions and equality"": 0.7191189563238449}, ""source"": ""hdbscan_pearl_small""}"
term_79bdfae6a83ca066ae99,Unemployment rate - 3 year average,unclustered,cross-domain or other,0.000000,false,noise_default,"{""classification_run_id"": ""run_75b90575bb9e48ce7918"", ""domain_scores"": {}, ""source"": ""hdbscan_pearl_small""}"
term_e41a8a27162e454712ee,Unemployment rate - annual data,cluster_99358c580dcf,labour market,0.841117,false,embedding_threshold,"{""classification_run_id"": ""run_75b90575bb9e48ce7918"", ""domain_scores"": {""economy and finance"": 0.6830314331028731, ""labour market"": 0.789534856381208, ""population and demography"": 0.7264993057884989, ""regional and urban statistics"": 0.6766704497423219, ""social conditions and equality"": 0.7191189563238449}, ""source"": ""hdbscan_pearl_small""}"
term_1af71f3547cf8a591b56,"Unemployment rate - quarterly data, seasonally adjusted",unclustered,cross-domain or other,0.000000,false,noise_default,"{""classification_run_id"": ""run_75b90575bb9e48ce7918"", ""domain_scores"": {}, ""source"": ""hdbscan_pearl_small""}"
term_6a7ea42520f4578ca635,Unemployment rate by education level,unclustered,cross-domain or other,0.000000,false,noise_default,"{""classification_run_id"": ""run_75b90575bb9e48ce7918"", ""domain_scores"": {}, ""source"": ""hdbscan_pearl_small""}"
term_a37e7a638feff73a0a92,Unemployment rate by sex - age group 15-24,cluster_99358c580dcf,labour market,1.000000,true,embedding_threshold,"{""classification_run_id"": ""run_75b90575bb9e48ce7918"", ""domain_scores"": {""economy and finance"": 0.6830314331028731, ""labour market"": 0.789534856381208, ""population and demography"": 0.7264993057884989, ""regional and urban statistics"": 0.6766704497423219, ""social conditions and equality"": 0.7191189563238449}, ""source"": ""hdbscan_pearl_small""}"
term_a8ad46b0a7ab4a8761a8,Unemployment rate by sex - age group 25-74,cluster_99358c580dcf,labour market,1.000000,false,embedding_threshold,"{""classification_run_id"": ""run_75b90575bb9e48ce7918"", ""domain_scores"": {""economy and finance"": 0.6830314331028731, ""labour market"": 0.789534856381208, ""population and demography"": 0.7264993057884989, ""regional and urban statistics"": 0.6766704497423219, ""social conditions and equality"": 0.7191189563238449}, ""source"": ""hdbscan_pearl_small""}"
term_7a27f1dacce2f021d0c4,Unemployment rates (persons aged 25-64) by educational attainment level,cluster_0a4bab53e5fe,education,0.929236,false,embedding_threshold,"{""classification_run_id"": ""run_75b90575bb9e48ce7918"", ""domain_scores"": {""education"": 0.7547710077578337, ""labour market"": 0.6690019698253377, ""population and demography"": 0.7027442726146644, ""science, technology, and digital society"": 0.6534143714299199, ""social conditions and equality"": 0.6562125367314494}, ""source"": ""hdbscan_pearl_small""}"
term_6740e82c105d11b93340,Unemployment rates by sex and age,cluster_99358c580dcf,labour market,1.000000,true,embedding_threshold,"{""classification_run_id"": ""run_75b90575bb9e48ce7918"", ""domain_scores"": {""economy and finance"": 0.6830314331028731, ""labour market"": 0.789534856381208, ""population and demography"": 0.7264993057884989, ""regional and urban statistics"": 0.6766704497423219, ""social conditions and equality"": 0.7191189563238449}, ""source"": ""hdbscan_pearl_small""}"
term_c396f89acaee68a2c8bf,Unemployment rates by sex and age - ENP-East countries,cluster_99358c580dcf,labour market,1.000000,true,embedding_threshold,"{""classification_run_id"": ""run_75b90575bb9e48ce7918"", ""domain_scores"": {""economy and finance"": 0.6830314331028731, ""labour market"": 0.789534856381208, ""population and demography"": 0.7264993057884989, ""regional and urban statistics"": 0.6766704497423219, ""social conditions and equality"": 0.7191189563238449}, ""source"": ""hdbscan_pearl_small""}"
term_3e78a36a740b5f059ecd,Unemployment rates by sex and age - ENP-South countries,cluster_99358c580dcf,labour market,1.000000,true,embedding_threshold,"{""classification_run_id"": ""run_75b90575bb9e48ce7918"", ""domain_scores"": {""economy and finance"": 0.6830314331028731, ""labour market"": 0.789534856381208, ""population and demography"": 0.7264993057884989, ""regional and urban statistics"": 0.6766704497423219, ""social conditions and equality"": 0.7191189563238449}, ""source"": ""hdbscan_pearl_small""}"
term_608d058dd9f4afca7ce3,Unemployment trap,unclustered,cross-domain or other,0.000000,false,noise_default,"{""classification_run_id"": ""run_75b90575bb9e48ce7918"", ""domain_scores"": {}, ""source"": ""hdbscan_pearl_small""}"
term_fa38f209e4b8c386f58c,Unitisation in maritime freight transport,cluster_aedee37960c7,transport,1.000000,true,embedding_threshold,"{""classification_run_id"": ""run_75b90575bb9e48ce7918"", ""domain_scores"": {""environment and energy"": 0.6018728616562377, ""industry, trade, and services"": 0.6481258237643935, ""labour market"": 0.5994702407210152, ""regional and urban statistics"": 0.6187017492686216, ""transport"": 0.7697153116566657}, ""source"": ""hdbscan_pearl_small""}"
term_8cd6e2e0f19af59b9a69,Unitisation in maritime freight transport - tonnes for gross weight of goods,cluster_aedee37960c7,transport,1.000000,true,embedding_threshold,"{""classification_run_id"": ""run_75b90575bb9e48ce7918"", ""domain_scores"": {""environment and energy"": 0.6018728616562377, ""industry, trade, and services"": 0.6481258237643935, ""labour market"": 0.5994702407210152, ""regional and urban statistics"": 0.6187017492686216, ""transport"": 0.7697153116566657}, ""source"": ""hdbscan_pearl_small""}"
term_3b2614c8b53e660d154a,Unitisation in rail freight transport- tonne-kilometre for gross-gross weight of goods,cluster_aedee37960c7,transport,1.000000,true,embedding_threshold,"{""classification_run_id"": ""run_75b90575bb9e48ce7918"", ""domain_scores"": {""environment and energy"": 0.6018728616562377, ""industry, trade, and services"": 0.6481258237643935, ""labour market"": 0.5994702407210152, ""regional and urban statistics"": 0.6187017492686216, ""transport"": 0.7697153116566657}, ""source"": ""hdbscan_pearl_small""}"
term_1eda2413fab212d2b53a,Unitisation in road freight transport,cluster_aedee37960c7,transport,0.940633,false,embedding_threshold,"{""classification_run_id"": ""run_75b90575bb9e48ce7918"", ""domain_scores"": {""environment and energy"": 0.6018728616562377, ""industry, trade, and services"": 0.6481258237643935, ""labour market"": 0.5994702407210152, ""regional and urban statistics"": 0.6187017492686216, ""transport"": 0.7697153116566657}, ""source"": ""hdbscan_pearl_small""}"
term_735f5b874e0e33937a24,Unitisation in road freight transport - tonne-kilometre for gross weight of goods,cluster_aedee37960c7,transport,1.000000,true,embedding_threshold,"{""classification_run_id"": ""run_75b90575bb9e48ce7918"", ""domain_scores"": {""environment and energy"": 0.6018728616562377, ""industry, trade, and services"": 0.6481258237643935, ""labour market"": 0.5994702407210152, ""regional and urban statistics"": 0.6187017492686216, ""transport"": 0.7697153116566657}, ""source"": ""hdbscan_pearl_small""}"
term_c7b4b6d9a065c9bf8846,Unitisation in the different modes of transport,cluster_aedee37960c7,transport,0.787423,false,embedding_threshold,"{""classification_run_id"": ""run_75b90575bb9e48ce7918"", ""domain_scores"": {""environment and energy"": 0.6018728616562377, ""industry, trade, and services"": 0.6481258237643935, ""labour market"": 0.5994702407210152, ""regional and urban statistics"": 0.6187017492686216, ""transport"": 0.7697153116566657}, ""source"": ""hdbscan_pearl_small""}"
term_0cfd941ee23def242bc0,Unitisation in the different modes of transport - tonne-kilometre for gross weight of goods,cluster_aedee37960c7,transport,0.968465,false,embedding_threshold,"{""classification_run_id"": ""run_75b90575bb9e48ce7918"", ""domain_scores"": {""environment and energy"": 0.6018728616562377, ""industry, trade, and services"": 0.6481258237643935, ""labour market"": 0.5994702407210152, ""regional and urban statistics"": 0.6187017492686216, ""transport"": 0.7697153116566657}, ""source"": ""hdbscan_pearl_small""}"
term_ada6f8ab141a96788083,Unitisation in waterways freight transport,cluster_aedee37960c7,transport,0.940185,false,embedding_threshold,"{""classification_run_id"": ""run_75b90575bb9e48ce7918"", ""domain_scores"": {""environment and energy"": 0.6018728616562377, ""industry, trade, and services"": 0.6481258237643935, ""labour market"": 0.5994702407210152, ""regional and urban statistics"": 0.6187017492686216, ""transport"": 0.7697153116566657}, ""source"": ""hdbscan_pearl_small""}"
term_c920190059a666a1895b,Unitisation in waterways freight transport - tonne-kilometre for gross-gross weight of goods,cluster_aedee37960c7,transport,1.000000,true,embedding_threshold,"{""classification_run_id"": ""run_75b90575bb9e48ce7918"", ""domain_scores"": {""environment and energy"": 0.6018728616562377, ""industry, trade, and services"": 0.6481258237643935, ""labour market"": 0.5994702407210152, ""regional and urban statistics"": 0.6187017492686216, ""transport"": 0.7697153116566657}, ""source"": ""hdbscan_pearl_small""}"
term_aaf50cda1682e2356755,Use and risk of chemical pesticides,unclustered,cross-domain or other,0.000000,false,noise_default,"{""classification_run_id"": ""run_75b90575bb9e48ce7918"", ""domain_scores"": {}, ""source"": ""hdbscan_pearl_small""}"
term_0b3b81a0f6a2a4f0bc27,Usually resident population on 1 January,unclustered,cross-domain or other,0.000000,false,noise_default,"{""classification_run_id"": ""run_75b90575bb9e48ce7918"", ""domain_scores"": {}, ""source"": ""hdbscan_pearl_small""}"
term_2e8cbd82183180402590,Vaccination against influenza of population aged 65 and over,unclustered,cross-domain or other,0.000000,false,noise_default,"{""classification_run_id"": ""run_75b90575bb9e48ce7918"", ""domain_scores"": {}, ""source"": ""hdbscan_pearl_small""}"
term_dcdfd7d57ed36874c698,Value Added in Foreign Controlled Enterprises,unclustered,cross-domain or other,0.000000,false,noise_default,"{""classification_run_id"": ""run_75b90575bb9e48ce7918"", ""domain_scores"": {}, ""source"": ""hdbscan_pearl_small""}"
term_783f110b27cf7b2988d8,"volume (in TEUs) of containers transported to/from main ports, by loading status",cluster_436a35bf5d70,transport,0.856456,false,embedding_threshold,"{""classification_run_id"": ""run_75b90575bb9e48ce7918"", ""domain_scores"": {""agriculture, forestry, and fisheries"": 0.6680911486169095, ""economy and finance"": 0.6993370570124587, ""environment and energy"": 0.6612407709431416, ""industry, trade, and services"": 0.6961852515140688, ""transport"": 0.7806940761400575}, ""source"": ""hdbscan_pearl_small""}"
term_e31f733dac43272facbc,Volume of freight transport relative to GDP,unclustered,cross-domain or other,0.000000,false,noise_default,"{""classification_run_id"": ""run_75b90575bb9e48ce7918"", ""domain_scores"": {}, ""source"": ""hdbscan_pearl_small""}"
term_5e60d2f1d1859714617a,Volume of passenger transport relative to GDP,unclustered,cross-domain or other,0.000000,false,noise_default,"{""classification_run_id"": ""run_75b90575bb9e48ce7918"", ""domain_scores"": {}, ""source"": ""hdbscan_pearl_small""}"
term_7beb7e648657fdf85a26,waterway transport enterprises by number of vessels,cluster_e22df4ed8343,transport,1.000000,true,embedding_threshold,"{""classification_run_id"": ""run_75b90575bb9e48ce7918"", ""domain_scores"": {""agriculture, forestry, and fisheries"": 0.6504098985479125, ""economy and finance"": 0.6577851122105566, ""industry, trade, and services"": 0.7326276302155783, ""labour market"": 0.694030383173282, ""transport"": 0.7837847022418346}, ""source"": ""hdbscan_pearl_small""}"
term_46c5d867f1991ca07183,Weights of producer prices of agricultural products,cluster_c8d379cc59d5,cross-domain or other,1.000000,true,embedding_threshold_fallback,"{""classification_run_id"": ""run_75b90575bb9e48ce7918"", ""domain_scores"": {""agriculture, forestry, and fisheries"": 0.700134029955008, ""economy and finance"": 0.6985875437440269, ""industry, trade, and services"": 0.6312062459971488, ""labour market"": 0.6354310085898719, ""transport"": 0.5958353894895129}, ""source"": ""hdbscan_pearl_small""}"
term_5f2113363aa4f765d57e,Weights of producer prices of agricultural products - survey,cluster_c8d379cc59d5,cross-domain or other,1.000000,true,embedding_threshold_fallback,"{""classification_run_id"": ""run_75b90575bb9e48ce7918"", ""domain_scores"": {""agriculture, forestry, and fisheries"": 0.700134029955008, ""economy and finance"": 0.6985875437440269, ""industry, trade, and services"": 0.6312062459971488, ""labour market"": 0.6354310085898719, ""transport"": 0.5958353894895129}, ""source"": ""hdbscan_pearl_small""}"
term_d6d6bbf88f45ac0fed3e,Weights of purchase prices of the means of agricultural production,cluster_c8d379cc59d5,cross-domain or other,1.000000,true,embedding_threshold_fallback,"{""classification_run_id"": ""run_75b90575bb9e48ce7918"", ""domain_scores"": {""agriculture, forestry, and fisheries"": 0.700134029955008, ""economy and finance"": 0.6985875437440269, ""industry, trade, and services"": 0.6312062459971488, ""labour market"": 0.6354310085898719, ""transport"": 0.5958353894895129}, ""source"": ""hdbscan_pearl_small""}"
term_0a75239384408607d20b,Weights of purchase prices of the means of agricultural production - survey,cluster_c8d379cc59d5,cross-domain or other,1.000000,true,embedding_threshold_fallback,"{""classification_run_id"": ""run_75b90575bb9e48ce7918"", ""domain_scores"": {""agriculture, forestry, and fisheries"": 0.700134029955008, ""economy and finance"": 0.6985875437440269, ""industry, trade, and services"": 0.6312062459971488, ""labour market"": 0.6354310085898719, ""transport"": 0.5958353894895129}, ""source"": ""hdbscan_pearl_small""}"
term_084a82356f88b7f13c12,"Wheat and spelt by area, production and humidity",cluster_9391f8d593af,"agriculture, forestry, and fisheries",1.000000,true,embedding_threshold,"{""classification_run_id"": ""run_75b90575bb9e48ce7918"", ""domain_scores"": {""agriculture, forestry, and fisheries"": 0.7215382746502316, ""environment and energy"": 0.6904157422959046, ""labour market"": 0.6448385178470997, ""population and demography"": 0.6238849919667521, ""regional and urban statistics"": 0.6660959028884115}, ""source"": ""hdbscan_pearl_small""}"
term_1e5fd1a337fed64610ed,"Women who have experienced violence by a domestic perpetrator, by country of birth",unclustered,cross-domain or other,0.000000,false,noise_default,"{""classification_run_id"": ""run_75b90575bb9e48ce7918"", ""domain_scores"": {}, ""source"": ""hdbscan_pearl_small""}"
term_c8283b83f20914d744b0,"Women who have experienced violence by a non-partner, by country of birth",unclustered,cross-domain or other,0.000000,false,noise_default,"{""classification_run_id"": ""run_75b90575bb9e48ce7918"", ""domain_scores"": {}, ""source"": ""hdbscan_pearl_small""}"
term_ab56bb9eb34a3bbd6d39,"Women who have experienced violence by any perpetrator, by country of birth",unclustered,cross-domain or other,0.000000,false,noise_default,"{""classification_run_id"": ""run_75b90575bb9e48ce7918"", ""domain_scores"": {}, ""source"": ""hdbscan_pearl_small""}"
term_055bfac06b09b11dc896,Young persons (aged 15-24) neither in employment nor in education and training,cluster_b93f4637d15d,labour market,1.000000,true,embedding_threshold,"{""classification_run_id"": ""run_75b90575bb9e48ce7918"", ""domain_scores"": {""education"": 0.6861241715189699, ""labour market"": 0.7469427251817947, ""population and demography"": 0.6891891691131355, ""regional and urban statistics"": 0.6758536449997223, ""social conditions and equality"": 0.7051767501378557}, ""source"": ""hdbscan_pearl_small""}"
term_2e9ce14b15b7a574fa90,Young persons (aged 15-24) neither in employment nor in education and training - % of total population in private households in the same age group,cluster_b93f4637d15d,labour market,1.000000,true,embedding_threshold,"{""classification_run_id"": ""run_75b90575bb9e48ce7918"", ""domain_scores"": {""education"": 0.6861241715189699, ""labour market"": 0.7469427251817947, ""population and demography"": 0.6891891691131355, ""regional and urban statistics"": 0.6758536449997223, ""social conditions and equality"": 0.7051767501378557}, ""source"": ""hdbscan_pearl_small""}"
term_2c531a8a827df2e14928,Young persons neither in employment nor in education and training (NEET) by citizenship,cluster_b93f4637d15d,labour market,1.000000,true,embedding_threshold,"{""classification_run_id"": ""run_75b90575bb9e48ce7918"", ""domain_scores"": {""education"": 0.6861241715189699, ""labour market"": 0.7469427251817947, ""population and demography"": 0.6891891691131355, ""regional and urban statistics"": 0.6758536449997223, ""social conditions and equality"": 0.7051767501378557}, ""source"": ""hdbscan_pearl_small""}"
term_cc3e04edd8ae8955e635,Young persons neither in employment nor in education and training (NEET) by sex,cluster_b93f4637d15d,labour market,1.000000,true,embedding_threshold,"{""classification_run_id"": ""run_75b90575bb9e48ce7918"", ""domain_scores"": {""education"": 0.6861241715189699, ""labour market"": 0.7469427251817947, ""population and demography"": 0.6891891691131355, ""regional and urban statistics"": 0.6758536449997223, ""social conditions and equality"": 0.7051767501378557}, ""source"": ""hdbscan_pearl_small""}"
term_9672d50aacb8ed271606,Youth employment rate (age group 20-29),unclustered,cross-domain or other,0.000000,false,noise_default,"{""classification_run_id"": ""run_75b90575bb9e48ce7918"", ""domain_scores"": {}, ""source"": ""hdbscan_pearl_small""}"
term_9d019695e06bee470d9e,Youth unemployment rate,cluster_99358c580dcf,labour market,1.000000,false,embedding_threshold,"{""classification_run_id"": ""run_75b90575bb9e48ce7918"", ""domain_scores"": {""economy and finance"": 0.6830314331028731, ""labour market"": 0.789534856381208, ""population and demography"": 0.7264993057884989, ""regional and urban statistics"": 0.6766704497423219, ""social conditions and equality"": 0.7191189563238449}, ""source"": ""hdbscan_pearl_small""}"
term_6a159da8f44b32a6a971,Youth unemployment rate - % of active population aged 15-24,cluster_99358c580dcf,labour market,0.998587,false,embedding_threshold,"{""classification_run_id"": ""run_75b90575bb9e48ce7918"", ""domain_scores"": {""economy and finance"": 0.6830314331028731, ""labour market"": 0.789534856381208, ""population and demography"": 0.7264993057884989, ""regional and urban statistics"": 0.6766704497423219, ""social conditions and equality"": 0.7191189563238449}, ""source"": ""hdbscan_pearl_small""}"
term_b729ad875ff9c728f329,Youth unemployment rate by sex,cluster_99358c580dcf,labour market,1.000000,true,embedding_threshold,"{""classification_run_id"": ""run_75b90575bb9e48ce7918"", ""domain_scores"": {""economy and finance"": 0.6830314331028731, ""labour market"": 0.789534856381208, ""population and demography"": 0.7264993057884989, ""regional and urban statistics"": 0.6766704497423219, ""social conditions and equality"": 0.7191189563238449}, ""source"": ""hdbscan_pearl_small""}"
term_37cf41b2716bfe4cd304,Youth unemployment ratio (age group 15-24),cluster_99358c580dcf,labour market,1.000000,false,embedding_threshold,"{""classification_run_id"": ""run_75b90575bb9e48ce7918"", ""domain_scores"": {""economy and finance"": 0.6830314331028731, ""labour market"": 0.789534856381208, ""population and demography"": 0.7264993057884989, ""regional and urban statistics"": 0.6766704497423219, ""social conditions and equality"": 0.7191189563238449}, ""source"": ""hdbscan_pearl_small""}"
