term_id,term,baseline_cluster_id,method,evidence
term_87d243722416b23f4ead,(from onwards),cluster_f2d7baeb95d9,agglomerative,"{""distance_threshold"": 0.35, ""linkage"": ""average""}"
term_795d25e8b6c54379ddd5,", former methodology and source",cluster_df1661ca709c,agglomerative,"{""distance_threshold"": 0.35, ""linkage"": ""average""}"
term_ab3c37b577fa08ced3bc,1 year % change,cluster_9fdb5dcc7e2d,agglomerative,"{""distance_threshold"": 0.35, ""linkage"": ""average""}"
term_1ed2f162bdb963ce207c,10 years' maturity,cluster_9fdb5dcc7e2d,agglomerative,"{""distance_threshold"": 0.35, ""linkage"": ""average""}"
term_b3a442d30ab2641f8068,3 years % change,cluster_9fdb5dcc7e2d,agglomerative,"{""distance_threshold"": 0.35, ""linkage"": ""average""}"
term_a4a393bb61b7f0f6fddd,3-month rates for euro area countries - annual data,cluster_9fa9784197d1,agglomerative,"{""distance_threshold"": 0.35, ""linkage"": ""average""}"
term_2808cfa62187fc77b830,3-month rates for euro area countries - quarterly data,cluster_9fa9784197d1,agglomerative,"{""distance_threshold"": 0.35, ""linkage"": ""average""}"
term_5b4a11bda5ff152083c1,3-month-interest rate,cluster_9fa9784197d1,agglomerative,"{""distance_threshold"": 0.35, ""linkage"": ""average""}"
term_f8c505b3f6f0c83553c4,5 years % change,cluster_9fdb5dcc7e2d,agglomerative,"{""distance_threshold"": 0.35, ""linkage"": ""average""}"
term_868bc16ff6f147794967,60+,cluster_3bf57291b2a2,agglomerative,"{""distance_threshold"": 0.35, ""linkage"": ""average""}"
term_7cc56cdd57e2059af64f,= 1,cluster_1292cb5800c6,agglomerative,"{""distance_threshold"": 0.35, ""linkage"": ""average""}"
term_c6b62adcbff51d6e3318,Abortion indicators,cluster_f5e40cb5cbdd,agglomerative,"{""distance_threshold"": 0.35, ""linkage"": ""average""}"
term_83bd4b19bfdc9cabd920,Access to basic services and housing,cluster_4fcc5c4383e9,agglomerative,"{""distance_threshold"": 0.35, ""linkage"": ""average""}"
term_12d00fdb10c7d1e9aac5,"Accidental injuries at work in, by sex",cluster_f1f6ee7bbbfa,agglomerative,"{""distance_threshold"": 0.35, ""linkage"": ""average""}"
term_20d6b4a1cc5307075745,Accidents in waterway transport,cluster_6361a6c18e80,agglomerative,"{""distance_threshold"": 0.35, ""linkage"": ""average""}"
term_2c16cafab319d30eed0d,Accidents involving the transport of dangerous goods,cluster_6361a6c18e80,agglomerative,"{""distance_threshold"": 0.35, ""linkage"": ""average""}"
term_0f8f9cf7bf3053d8d92c,Accidents involving the transport of dangerous goods - annual data,cluster_6361a6c18e80,agglomerative,"{""distance_threshold"": 0.35, ""linkage"": ""average""}"
term_187ed41fa5539b31e8a0,Accommodation establishments,cluster_33e2ad4f485a,agglomerative,"{""distance_threshold"": 0.35, ""linkage"": ""average""}"
term_7495099c6cc5f1bd9f7e,Acquisition of citizenship,cluster_2aeba3fc16ae,agglomerative,"{""distance_threshold"": 0.35, ""linkage"": ""average""}"
term_d6c7c89a6a8c6a833f4e,Activity rate by sex,cluster_b9a3b7632ab8,agglomerative,"{""distance_threshold"": 0.35, ""linkage"": ""average""}"
term_3787d825baa06f85e93b,Activity rates (aged 15-64) by sex,cluster_b9a3b7632ab8,agglomerative,"{""distance_threshold"": 0.35, ""linkage"": ""average""}"
term_5cdd46954bb17460a674,Activity rates (aged 15-64) by sex - ENP-South countries,cluster_b9a3b7632ab8,agglomerative,"{""distance_threshold"": 0.35, ""linkage"": ""average""}"
term_1b53d5d34fb4a47b7fbf,Activity rates by sex and age,cluster_b9a3b7632ab8,agglomerative,"{""distance_threshold"": 0.35, ""linkage"": ""average""}"
term_88ed5c725bfb8e77ac73,Activity rates by sex and age - ENP-East countries,cluster_b9a3b7632ab8,agglomerative,"{""distance_threshold"": 0.35, ""linkage"": ""average""}"
term_766fd9b0b8551f7a0059,Additional indicators,cluster_f5e40cb5cbdd,agglomerative,"{""distance_threshold"": 0.35, ""linkage"": ""average""}"
term_28537334be6786e5aad6,Adjusted gross disposable income of households per capita in PPS,cluster_64461295bff6,agglomerative,"{""distance_threshold"": 0.35, ""linkage"": ""average""}"
term_fecd3f8e4c2245ae4fd6,Adult participation in learning by sex,cluster_e7477d78f08b,agglomerative,"{""distance_threshold"": 0.35, ""linkage"": ""average""}"
term_a9de94cae9218e50d61e,Age at which the person first received an old-age pension,cluster_c33cec3614f9,agglomerative,"{""distance_threshold"": 0.35, ""linkage"": ""average""}"
term_2ca597d6e0a8b3ffc00e,aged 15-24,cluster_dafe152a1479,agglomerative,"{""distance_threshold"": 0.35, ""linkage"": ""average""}"
term_34d9b8f6d377416f1704,aged 16-74,cluster_29f104edcb7b,agglomerative,"{""distance_threshold"": 0.35, ""linkage"": ""average""}"
term_582f24c1faf1a41fa181,aged 18-24,cluster_dafe152a1479,agglomerative,"{""distance_threshold"": 0.35, ""linkage"": ""average""}"
term_02871a4901c6034352a8,aged 20-24,cluster_dafe152a1479,agglomerative,"{""distance_threshold"": 0.35, ""linkage"": ""average""}"
term_e42f354dfbda797ba8e3,aged 20-64,cluster_dafe152a1479,agglomerative,"{""distance_threshold"": 0.35, ""linkage"": ""average""}"
term_10d59761023be38b8850,aged 25 and over,cluster_dafe152a1479,agglomerative,"{""distance_threshold"": 0.35, ""linkage"": ""average""}"
term_e31633cd3a720ad25cb6,aged 30-34,cluster_f7e741558ca2,agglomerative,"{""distance_threshold"": 0.35, ""linkage"": ""average""}"
term_3b8e500f20f36afa9c7a,Aggregate propensity to consume by activity status of the reference person,cluster_32528f9d8077,agglomerative,"{""distance_threshold"": 0.35, ""linkage"": ""average""}"
term_3e69ae651db583624d1b,Aggregate propensity to consume by activity status of the reference person - experimental statistics,cluster_32528f9d8077,agglomerative,"{""distance_threshold"": 0.35, ""linkage"": ""average""}"
term_6e6df122f6e934424fbb,Aggregate propensity to consume by degree of urbanisation,cluster_32528f9d8077,agglomerative,"{""distance_threshold"": 0.35, ""linkage"": ""average""}"
term_c5b6d6213a3f115d6a9f,Aggregate propensity to consume by degree of urbanisation - experimental statistics,cluster_32528f9d8077,agglomerative,"{""distance_threshold"": 0.35, ""linkage"": ""average""}"
term_4ee1b5aed0491a1293ae,Aggregate propensity to consume by household type,cluster_32528f9d8077,agglomerative,"{""distance_threshold"": 0.35, ""linkage"": ""average""}"
term_1b8a9e7e2d011c43ca72,Aggregate propensity to consume by household type - experimental statistics,cluster_32528f9d8077,agglomerative,"{""distance_threshold"": 0.35, ""linkage"": ""average""}"
term_a8771db3c5fdeaea7553,Aggregate propensity to consume by income quintile,cluster_32528f9d8077,agglomerative,"{""distance_threshold"": 0.35, ""linkage"": ""average""}"
term_dd253336ca9a867f3b27,Aggregate propensity to consume by income quintile - experimental statistics,cluster_32528f9d8077,agglomerative,"{""distance_threshold"": 0.35, ""linkage"": ""average""}"
term_49b35e242f34c712bca5,Aggregate replacement ratio,cluster_509edf112b87,agglomerative,"{""distance_threshold"": 0.35, ""linkage"": ""average""}"
term_d159d1d70a676d86fe50,Agricultural holdings by age of holder,cluster_03e30cdafd58,agglomerative,"{""distance_threshold"": 0.35, ""linkage"": ""average""}"
term_0d7a0d04c0ce32966ea7,Agricultural holdings by agricultural area,cluster_03e30cdafd58,agglomerative,"{""distance_threshold"": 0.35, ""linkage"": ""average""}"
term_f2c0c07a0e4bc0b204b8,Agricultural holdings by economic size of the farm (Standard Output in Euro),cluster_03e30cdafd58,agglomerative,"{""distance_threshold"": 0.35, ""linkage"": ""average""}"
term_6cc6165729f5e7f40aea,Agricultural land prices by region,cluster_03e30cdafd58,agglomerative,"{""distance_threshold"": 0.35, ""linkage"": ""average""}"
term_0e0b3810707546d985d4,Agricultural land prices by region - historical data,cluster_03e30cdafd58,agglomerative,"{""distance_threshold"": 0.35, ""linkage"": ""average""}"
term_6f2b02206af9e587fed1,Agricultural land renting prices for one year by region,cluster_03e30cdafd58,agglomerative,"{""distance_threshold"": 0.35, ""linkage"": ""average""}"
term_e422348de0704bae21cd,Agricultural land renting prices for one year by region - historical data,cluster_03e30cdafd58,agglomerative,"{""distance_threshold"": 0.35, ""linkage"": ""average""}"
term_91ab15d8f699b278f32c,Agricultural real factor income per annual work unit (AWU),cluster_03e30cdafd58,agglomerative,"{""distance_threshold"": 0.35, ""linkage"": ""average""}"
term_fabbf309b5c9703c961b,Air emissions intensity of manufacturing,cluster_d2763383b5ab,agglomerative,"{""distance_threshold"": 0.35, ""linkage"": ""average""}"
term_0b8b296439cb337c826f,Air emissions per sector and per gas,cluster_d2763383b5ab,agglomerative,"{""distance_threshold"": 0.35, ""linkage"": ""average""}"
term_0b214cfd73ab25abb7b2,Air passenger transport,cluster_586194a4eb3a,agglomerative,"{""distance_threshold"": 0.35, ""linkage"": ""average""}"
term_d2e804e762d250d07c7c,Air passenger transport - ENP-South countries,cluster_e589a82e3795,agglomerative,"{""distance_threshold"": 0.35, ""linkage"": ""average""}"
term_01ceb5bfb9f76fe220a1,Air pollutants,cluster_d2763383b5ab,agglomerative,"{""distance_threshold"": 0.35, ""linkage"": ""average""}"
term_42177d50c64f623cdb2e,Air pollutants - ENP-South countries,cluster_e589a82e3795,agglomerative,"{""distance_threshold"": 0.35, ""linkage"": ""average""}"
term_7dcf76b37479e12f0002,Air transport equipment,cluster_586194a4eb3a,agglomerative,"{""distance_threshold"": 0.35, ""linkage"": ""average""}"
term_45c3f1dcec8bf74b3b4e,Air transport equipment: number of aircrafts,cluster_50c5fad23ebe,agglomerative,"{""distance_threshold"": 0.35, ""linkage"": ""average""}"
term_34fd33d58a573e6288b3,Air transport infrastructure,cluster_586194a4eb3a,agglomerative,"{""distance_threshold"": 0.35, ""linkage"": ""average""}"
term_c9079f249b58f620e9c3,Air transport infrastructure: airports,cluster_586194a4eb3a,agglomerative,"{""distance_threshold"": 0.35, ""linkage"": ""average""}"
term_6a711696e7225f1e4d10,Air transport infrastructure: length of paved runways,cluster_15c8a09ae6f9,agglomerative,"{""distance_threshold"": 0.35, ""linkage"": ""average""}"
term_a0016567b77ecdefeda9,Air transport of freight by NUTS 2 region,cluster_4b3de1fb46bb,agglomerative,"{""distance_threshold"": 0.35, ""linkage"": ""average""}"
term_1051834513fa48bf6daa,Air transport of goods by country (yearly data),cluster_586194a4eb3a,agglomerative,"{""distance_threshold"": 0.35, ""linkage"": ""average""}"
term_b13910a22b73184ff80d,Air transport of passengers by NUTS 2 region,cluster_4b3de1fb46bb,agglomerative,"{""distance_threshold"": 0.35, ""linkage"": ""average""}"
term_b847033074daa0b60a7d,Air transport traffic,cluster_586194a4eb3a,agglomerative,"{""distance_threshold"": 0.35, ""linkage"": ""average""}"
term_54d9b1f4afa97eb30220,Air transport traffic: freight and passengers,cluster_586194a4eb3a,agglomerative,"{""distance_threshold"": 0.35, ""linkage"": ""average""}"
term_50eb0e42cf2464964ee5,Air transport traffic: number of aircraft movements,cluster_50c5fad23ebe,agglomerative,"{""distance_threshold"": 0.35, ""linkage"": ""average""}"
term_a52cc10a56ea0e78039e,alcohol and tobacco,cluster_291a8ffad33e,agglomerative,"{""distance_threshold"": 0.35, ""linkage"": ""average""}"
term_3803c95b9947ba6223e1,all items excluding energy,cluster_8cbdd0602d88,agglomerative,"{""distance_threshold"": 0.35, ""linkage"": ""average""}"
term_5698354106cbe74e4d8e,all items excluding energy and seasonal food,cluster_8cbdd0602d88,agglomerative,"{""distance_threshold"": 0.35, ""linkage"": ""average""}"
term_560f12dfd8e3ad534a31,all items excluding energy and unprocessed food,cluster_8cbdd0602d88,agglomerative,"{""distance_threshold"": 0.35, ""linkage"": ""average""}"
term_919161fc0ea6f7d167cf,"all items excluding energy, food, alcohol and tobacco",cluster_8cbdd0602d88,agglomerative,"{""distance_threshold"": 0.35, ""linkage"": ""average""}"
term_3afa3e33bc2cf13f6983,all items excluding tobacco,cluster_8cbdd0602d88,agglomerative,"{""distance_threshold"": 0.35, ""linkage"": ""average""}"
term_e7a61b07373085649f64,All valid permits by reason on 31 December of each year,cluster_fd27aed274d2,agglomerative,"{""distance_threshold"": 0.35, ""linkage"": ""average""}"
term_a1d39b0f58f58885ef03,Ammonia emissions from agriculture - % of total emissions,cluster_d2763383b5ab,agglomerative,"{""distance_threshold"": 0.35, ""linkage"": ""average""}"
term_feeae59fed81b26edebb,Animal output,cluster_f1d5bb969e5f,agglomerative,"{""distance_threshold"": 0.35, ""linkage"": ""average""}"
term_26408b77200929d0bb01,Animal output - basic and producer prices,cluster_021a934ea779,agglomerative,"{""distance_threshold"": 0.35, ""linkage"": ""average""}"
term_558f4a8e9de234d081fa,Annual aquaculture production,cluster_f1d5bb969e5f,agglomerative,"{""distance_threshold"": 0.35, ""linkage"": ""average""}"
term_de9b03884237b6ceb33d,Annual aquaculture production - live weight in tonnes,cluster_f1d5bb969e5f,agglomerative,"{""distance_threshold"": 0.35, ""linkage"": ""average""}"
term_bb7a0f845ad17bd3215c,annual average indices,cluster_4ad4cace8f43,agglomerative,"{""distance_threshold"": 0.35, ""linkage"": ""average""}"
term_341a9ebda75b91944a33,annual averages,cluster_4ad4cace8f43,agglomerative,"{""distance_threshold"": 0.35, ""linkage"": ""average""}"
term_2b56b911965ec45abd9f,Annual captures of fish,cluster_9ad8e70f0958,agglomerative,"{""distance_threshold"": 0.35, ""linkage"": ""average""}"
term_29f19de7cd079bdd4bd8,Annual captures of fish - live weight in tonnes - by fishing areas,cluster_9ad8e70f0958,agglomerative,"{""distance_threshold"": 0.35, ""linkage"": ""average""}"
term_08daf5eebc86334e6fe1,"annual data, % of GDP",cluster_4ad4cace8f43,agglomerative,"{""distance_threshold"": 0.35, ""linkage"": ""average""}"
term_e012724b204aae25aa07,"Annual earnings by economic control (enterprises with 10 employed persons or more) - NACE Rev. 1.1, C-O excluding L",cluster_9f754bbcabe2,agglomerative,"{""distance_threshold"": 0.35, ""linkage"": ""average""}"
term_ee434dbf13471413f354,"Annual earnings by quantiles and contractual working time (enterprises with 10 employed persons or more) - NACE Rev. 1.1, C-O excluding L",cluster_9f754bbcabe2,agglomerative,"{""distance_threshold"": 0.35, ""linkage"": ""average""}"
term_829f1b3991a76eed59c6,Annual freshwater abstraction by source,cluster_c7c1d69c4acd,agglomerative,"{""distance_threshold"": 0.35, ""linkage"": ""average""}"
term_6e1776b5ebfea29c4600,Annual freshwater abstraction by source - ENP-South countries,cluster_c7c1d69c4acd,agglomerative,"{""distance_threshold"": 0.35, ""linkage"": ""average""}"
term_fbbc91e806db4f982f57,Annual net earnings of a full-time single worker without children earning an average wage,cluster_9f754bbcabe2,agglomerative,"{""distance_threshold"": 0.35, ""linkage"": ""average""}"
term_e327dc97a9636e3ea46d,Annual production and utilisation of milk on the farm,cluster_f1d5bb969e5f,agglomerative,"{""distance_threshold"": 0.35, ""linkage"": ""average""}"
term_2bd205f355d558cc6a00,Annual work units in forestry and logging,cluster_517108bf50cc,agglomerative,"{""distance_threshold"": 0.35, ""linkage"": ""average""}"
term_d3da241238cf6237aaf4,Apparent cost of general government gross debt,cluster_a2e4cd40e034,agglomerative,"{""distance_threshold"": 0.35, ""linkage"": ""average""}"
term_7d36ed3d9e01a5740fff,Applicants having benefited from material reception conditions at the end of the reference year,cluster_198632746c10,agglomerative,"{""distance_threshold"": 0.35, ""linkage"": ""average""}"
term_df1e5c7ae546edb87aaf,Applicants having benefited from material reception conditions at the end of the reference year - annual data,cluster_198632746c10,agglomerative,"{""distance_threshold"": 0.35, ""linkage"": ""average""}"
term_c8cbf667c7ff9a10e81f,Aquaculture production by aquatic environment,cluster_f1d5bb969e5f,agglomerative,"{""distance_threshold"": 0.35, ""linkage"": ""average""}"
term_99a7a01d09d96b6d97c9,Aquaculture production by aquatic environment - ENP-South countries,cluster_f1d5bb969e5f,agglomerative,"{""distance_threshold"": 0.35, ""linkage"": ""average""}"
term_7789a973297e4d885e32,Aquaculture production in tonnes and value,cluster_f1d5bb969e5f,agglomerative,"{""distance_threshold"": 0.35, ""linkage"": ""average""}"
term_0bd132f1a552c79780a1,Area at risk of severe soil erosion by water,cluster_b1e84f16286c,agglomerative,"{""distance_threshold"": 0.35, ""linkage"": ""average""}"
term_8c3f2d025d1c81cd781b,Area by age classes (area in ha),cluster_3f17b5ffbcea,agglomerative,"{""distance_threshold"": 0.35, ""linkage"": ""average""}"
term_1bf86aac38139b1fff4d,Area by density classes (area in ha),cluster_3f17b5ffbcea,agglomerative,"{""distance_threshold"": 0.35, ""linkage"": ""average""}"
term_297886af3b8d4a165080,Area of wooded land,cluster_52d12036582f,agglomerative,"{""distance_threshold"": 0.35, ""linkage"": ""average""}"
term_bafca4ee190a284e3411,Area under organic farming,cluster_100401722785,agglomerative,"{""distance_threshold"": 0.35, ""linkage"": ""average""}"
term_09cbb13a2a4c4e51bbf2,"Arrears (mortgage or rent, utility bills or hire purchase) by NUTS 2 region",cluster_4b3de1fb46bb,agglomerative,"{""distance_threshold"": 0.35, ""linkage"": ""average""}"
term_1ea0302f0e6ecab11f29,Arrears on non-housing bills by income quintile,cluster_34cd09890693,agglomerative,"{""distance_threshold"": 0.35, ""linkage"": ""average""}"
term_db123d9d31fbd491b9d0,Arrears on non-housing bills by risk of poverty threshold,cluster_34cd09890693,agglomerative,"{""distance_threshold"": 0.35, ""linkage"": ""average""}"
term_6c84974c395222350650,Arrivals at tourism accommodation establishments by type of accommodation,cluster_999025c3d872,agglomerative,"{""distance_threshold"": 0.35, ""linkage"": ""average""}"
term_cfd478b4142d6a8e2b26,Arrivals at tourism accommodation establishments by type of accommodation - ENP-South countries,cluster_999025c3d872,agglomerative,"{""distance_threshold"": 0.35, ""linkage"": ""average""}"
term_d47af68e6b8422723bb9,Arrivals by type of accommodation,cluster_999025c3d872,agglomerative,"{""distance_threshold"": 0.35, ""linkage"": ""average""}"
term_3b4e71eea5c58502129e,Arrivals of non-residents at hotels and similar accomodation establishments,cluster_999025c3d872,agglomerative,"{""distance_threshold"": 0.35, ""linkage"": ""average""}"
term_27b3e473bd2e9a3eabf2,Arrivals of non-residents at hotels and similar accomodation establishments - ENP-East countries,cluster_999025c3d872,agglomerative,"{""distance_threshold"": 0.35, ""linkage"": ""average""}"
term_ed051ad1a3372480a74e,Arrivals of tourists at the,cluster_999025c3d872,agglomerative,"{""distance_threshold"": 0.35, ""linkage"": ""average""}"
term_7c95e5795019af594af4,Arrivals of tourists at the - ENP-South countries,cluster_999025c3d872,agglomerative,"{""distance_threshold"": 0.35, ""linkage"": ""average""}"
term_a27b51175fd033b8cca4,"as % of all teachers, by education level",cluster_23acc643074a,agglomerative,"{""distance_threshold"": 0.35, ""linkage"": ""average""}"
term_f562209adf44b800cb23,as % of the population of the corresponding age,cluster_33ddf438eacf,agglomerative,"{""distance_threshold"": 0.35, ""linkage"": ""average""}"
term_a66e5a24f4ba2094a4f6,as % of the population of the corresponding age group,cluster_33ddf438eacf,agglomerative,"{""distance_threshold"": 0.35, ""linkage"": ""average""}"
term_e1eb350cc06d0a62981f,as % of the total population of post-compulsory school age,cluster_f7e741558ca2,agglomerative,"{""distance_threshold"": 0.35, ""linkage"": ""average""}"
term_7c168de392caf7078752,as % of total active population,cluster_33ddf438eacf,agglomerative,"{""distance_threshold"": 0.35, ""linkage"": ""average""}"
term_e1602b3139cef5deb9f9,as % of total or current expenditure,cluster_33ddf438eacf,agglomerative,"{""distance_threshold"": 0.35, ""linkage"": ""average""}"
term_70fbc6c91624609e107f,as % of total public expenditure,cluster_33ddf438eacf,agglomerative,"{""distance_threshold"": 0.35, ""linkage"": ""average""}"
term_a5a39d876465c740f88f,"as % of total school-management personnel, by education level",cluster_23acc643074a,agglomerative,"{""distance_threshold"": 0.35, ""linkage"": ""average""}"
term_ee1aa97e38c76a2b7cd6,Asylum applicants by type - annual aggregated data,cluster_41c8cbcb6fe5,agglomerative,"{""distance_threshold"": 0.35, ""linkage"": ""average""}"
term_913d9caf39bde1df5232,Asylum applicants by type - monthly data,cluster_41c8cbcb6fe5,agglomerative,"{""distance_threshold"": 0.35, ""linkage"": ""average""}"
term_fca29aff682e9c82f3e6,Asylum applicants considered to be unaccompanied minors,cluster_41c8cbcb6fe5,agglomerative,"{""distance_threshold"": 0.35, ""linkage"": ""average""}"
term_2fcc6f26a7c9749e4c2f,Asylum applicants considered to be unaccompanied minors - annual data,cluster_41c8cbcb6fe5,agglomerative,"{""distance_threshold"": 0.35, ""linkage"": ""average""}"
term_4bed0d9443f2816d80e0,Asylum applications by state of procedure,cluster_41c8cbcb6fe5,agglomerative,"{""distance_threshold"": 0.35, ""linkage"": ""average""}"
term_9c37491fe4a9bdc6cd6e,Asylum decisions at final instance by type of decision,cluster_41c8cbcb6fe5,agglomerative,"{""distance_threshold"": 0.35, ""linkage"": ""average""}"
term_d23eba434a56a031f8f4,Asylum decisions at final instance by type of decision - % of total decisions at final instance,cluster_41c8cbcb6fe5,agglomerative,"{""distance_threshold"": 0.35, ""linkage"": ""average""}"
term_6a0a8d2bb96a8a131c33,Asylum decisions at first instance by type of decision,cluster_41c8cbcb6fe5,agglomerative,"{""distance_threshold"": 0.35, ""linkage"": ""average""}"
term_a7ffcf69245a0eca1edb,Asylum decisions at first instance by type of decision - % of total decisions at first instance - annual data,cluster_41c8cbcb6fe5,agglomerative,"{""distance_threshold"": 0.35, ""linkage"": ""average""}"
term_0f7db16fa7f187667b1c,at least 1%,cluster_0b86931b6154,agglomerative,"{""distance_threshold"": 0.35, ""linkage"": ""average""}"
term_befdc3089f1c0821b43b,At risk of poverty or social exclusion rate for elderly (65+),cluster_34cd09890693,agglomerative,"{""distance_threshold"": 0.35, ""linkage"": ""average""}"
term_b24eebc0b3af6b6b4aa0,At risk-of-poverty rate for the population living in (quasi-)jobless households,cluster_34cd09890693,agglomerative,"{""distance_threshold"": 0.35, ""linkage"": ""average""}"
term_f65f33a6c63ce4b5772f,At-risk of poverty rate of unemployed persons,cluster_34cd09890693,agglomerative,"{""distance_threshold"": 0.35, ""linkage"": ""average""}"
term_5df1b1944da61d2a51da,At-risk-of poverty rate,cluster_34cd09890693,agglomerative,"{""distance_threshold"": 0.35, ""linkage"": ""average""}"
term_aecb492ff206f32a2040,At-risk-of poverty rate by household type,cluster_34cd09890693,agglomerative,"{""distance_threshold"": 0.35, ""linkage"": ""average""}"
term_12db862d259b160b6976,At-risk-of poverty rate by household type - EU-SILC survey,cluster_34cd09890693,agglomerative,"{""distance_threshold"": 0.35, ""linkage"": ""average""}"
term_730b9727a8f23b05608e,At-risk-of poverty rate by tenure status,cluster_34cd09890693,agglomerative,"{""distance_threshold"": 0.35, ""linkage"": ""average""}"
term_1e72b960b7913a0af9d7,At-risk-of poverty rate by tenure status - EU-SILC survey,cluster_34cd09890693,agglomerative,"{""distance_threshold"": 0.35, ""linkage"": ""average""}"
term_d9b92fb86bc9f650bd91,At-risk-of poverty rate for children (aged less than 18) by sex,cluster_b9a3b7632ab8,agglomerative,"{""distance_threshold"": 0.35, ""linkage"": ""average""}"
term_6344e0456def1c9ee015,At-risk-of poverty rate for children by citizenship of their parents (population aged 0 to 17),cluster_b9a3b7632ab8,agglomerative,"{""distance_threshold"": 0.35, ""linkage"": ""average""}"
term_213859f5d72fd3eaad3d,At-risk-of poverty rate for children by country of birth of their parents (population aged 0 to 17),cluster_b9a3b7632ab8,agglomerative,"{""distance_threshold"": 0.35, ""linkage"": ""average""}"
term_3d860172f7dc48c5a7fa,At-risk-of-poverty rate after deducting housing costs by degree of urbanisation,cluster_34cd09890693,agglomerative,"{""distance_threshold"": 0.35, ""linkage"": ""average""}"
term_7394e560166373a16f39,At-risk-of-poverty rate after social transfers by sex,cluster_34cd09890693,agglomerative,"{""distance_threshold"": 0.35, ""linkage"": ""average""}"
term_6bf78736e71063df83f0,At-risk-of-poverty rate anchored at a fixed moment in time by age group,cluster_34cd09890693,agglomerative,"{""distance_threshold"": 0.35, ""linkage"": ""average""}"
term_f92272391ebef0b80d3f,At-risk-of-poverty rate anchored at a fixed moment in time by age group - EU-SILC survey,cluster_34cd09890693,agglomerative,"{""distance_threshold"": 0.35, ""linkage"": ""average""}"
term_2d6e5f987c567b60a2f0,At-risk-of-poverty rate anchored at a fixed moment in time by sex,cluster_34cd09890693,agglomerative,"{""distance_threshold"": 0.35, ""linkage"": ""average""}"
term_14263a6606440a5870c9,At-risk-of-poverty rate anchored at a fixed moment in time by sex - EU-SILC survey,cluster_34cd09890693,agglomerative,"{""distance_threshold"": 0.35, ""linkage"": ""average""}"
term_2ed9558f06d9665c6993,At-risk-of-poverty rate before social transfers by sex,cluster_34cd09890693,agglomerative,"{""distance_threshold"": 0.35, ""linkage"": ""average""}"
term_c3edc8c63bc12024e2d2,At-risk-of-poverty rate before social transfers by sex - EU-SILC survey,cluster_34cd09890693,agglomerative,"{""distance_threshold"": 0.35, ""linkage"": ""average""}"
term_9e71548747ea51c667ab,At-risk-of-poverty rate by sex,cluster_34cd09890693,agglomerative,"{""distance_threshold"": 0.35, ""linkage"": ""average""}"
term_2d59752c518dd05c59bc,At-risk-of-poverty rate for pensioners,cluster_34cd09890693,agglomerative,"{""distance_threshold"": 0.35, ""linkage"": ""average""}"
term_cd512e853fe50d52b0e9,At-risk-of-poverty rate for pensioners - EU-SILC survey,cluster_34cd09890693,agglomerative,"{""distance_threshold"": 0.35, ""linkage"": ""average""}"
term_c58ed4b98d2960a0ce21,At-risk-of-poverty rate of elderly people by tenure status,cluster_34cd09890693,agglomerative,"{""distance_threshold"": 0.35, ""linkage"": ""average""}"
term_5d15f86820abe8101fbe,At-risk-of-poverty rate of elderly people by tenure status - EU-SILC survey,cluster_34cd09890693,agglomerative,"{""distance_threshold"": 0.35, ""linkage"": ""average""}"
term_e8fdc8bab4dad9b7651a,At-risk-of-poverty rate of older people by sex,cluster_34cd09890693,agglomerative,"{""distance_threshold"": 0.35, ""linkage"": ""average""}"
term_941c1a5e68777f1c1920,At-risk-of-poverty rate of older people by sex - EU-SILC survey,cluster_34cd09890693,agglomerative,"{""distance_threshold"": 0.35, ""linkage"": ""average""}"
term_98767a43e183820a3ee9,At-risk-of-poverty threshold,cluster_34cd09890693,agglomerative,"{""distance_threshold"": 0.35, ""linkage"": ""average""}"
term_b11636e4d0b2ced9591a,At-risk-of-poverty threshold - EU-SILC survey,cluster_34cd09890693,agglomerative,"{""distance_threshold"": 0.35, ""linkage"": ""average""}"
term_62e6a5eabc4bb535a7bd,At-risk-of-poverty threshold for a single household,cluster_34cd09890693,agglomerative,"{""distance_threshold"": 0.35, ""linkage"": ""average""}"
term_434d445881139e9d2acc,Autonomous pension funds - number of enterprises by size class of investments,cluster_db861fb1a59f,agglomerative,"{""distance_threshold"": 0.35, ""linkage"": ""average""}"
term_9f3450173e9d50c2f532,Autonomous pension funds - number of enterprises by size class of members,cluster_db861fb1a59f,agglomerative,"{""distance_threshold"": 0.35, ""linkage"": ""average""}"
term_17c15ec44880024d2e18,Autonomous pension funds - total investments by currencies,cluster_db861fb1a59f,agglomerative,"{""distance_threshold"": 0.35, ""linkage"": ""average""}"
term_a342aeca02ad51c56be9,Available beds in hospitals by NUTS 2 region,cluster_4b3de1fb46bb,agglomerative,"{""distance_threshold"": 0.35, ""linkage"": ""average""}"
term_dda950a48550a2140b49,Average age at which employed persons started receiving a retirement pension,cluster_c33cec3614f9,agglomerative,"{""distance_threshold"": 0.35, ""linkage"": ""average""}"
term_365fd19d93c9fed927cc,Average age at which employed persons started receiving a retirement pension - by sex and main financial incentive to stay at work,cluster_c33cec3614f9,agglomerative,"{""distance_threshold"": 0.35, ""linkage"": ""average""}"
term_6ad01021db986f48e233,Average CO2 emissions per km from new passenger cars,cluster_d2763383b5ab,agglomerative,"{""distance_threshold"": 0.35, ""linkage"": ""average""}"
term_1d11dca31232a36ebf76,Average expenditure per night,cluster_08c3029890ca,agglomerative,"{""distance_threshold"": 0.35, ""linkage"": ""average""}"
term_06fd140352484b25e43e,Average expenditure per trip,cluster_08c3029890ca,agglomerative,"{""distance_threshold"": 0.35, ""linkage"": ""average""}"
term_b1d54f667ab8e8d86c98,Average full time adjusted salary per employee,cluster_4c9b1b408341,agglomerative,"{""distance_threshold"": 0.35, ""linkage"": ""average""}"
term_583861a30c2e1c2cf03f,Average gender pension gap by age group,cluster_c33cec3614f9,agglomerative,"{""distance_threshold"": 0.35, ""linkage"": ""average""}"
term_348b378d7010508071d6,Average household size,cluster_30a5e78c1bee,agglomerative,"{""distance_threshold"": 0.35, ""linkage"": ""average""}"
term_d1ef3786445358002d29,Average nominal monthly wages and salaries,cluster_9f754bbcabe2,agglomerative,"{""distance_threshold"": 0.35, ""linkage"": ""average""}"
term_ed9c7f4c6702de662403,Average nominal monthly wages and salaries - ENP-East countries,cluster_9f754bbcabe2,agglomerative,"{""distance_threshold"": 0.35, ""linkage"": ""average""}"
term_cb4b489ea31669a34e01,Average number of foreign languages studied per pupil by education level,cluster_f7e741558ca2,agglomerative,"{""distance_threshold"": 0.35, ""linkage"": ""average""}"
term_fb121a189865aa3fb421,Average number of rooms per person by degree of urbanization,cluster_30a5e78c1bee,agglomerative,"{""distance_threshold"": 0.35, ""linkage"": ""average""}"
term_8b410f1d6d5cadabf420,Average number of rooms per person by NUTS 2 region,cluster_4b3de1fb46bb,agglomerative,"{""distance_threshold"": 0.35, ""linkage"": ""average""}"
term_de08510972cffdee625a,Average number of rooms per person by tenure status and dwelling type,cluster_30a5e78c1bee,agglomerative,"{""distance_threshold"": 0.35, ""linkage"": ""average""}"
term_835ff22574abe600d47f,Average number of weekly hours of formal care by age group - children with at least 1 hour of formal care,cluster_a03fe115e208,agglomerative,"{""distance_threshold"": 0.35, ""linkage"": ""average""}"
term_fc2f8d2d5515dc34a85a,Average number of weekly hours of formal care by age group - children with or without formal care,cluster_a03fe115e208,agglomerative,"{""distance_threshold"": 0.35, ""linkage"": ""average""}"
term_70d6fd9a3c8eb597f38d,Average number of weekly hours of other types of care by age group - children with at least one hour of other types of care,cluster_a03fe115e208,agglomerative,"{""distance_threshold"": 0.35, ""linkage"": ""average""}"
term_aab5326d5aa5749ccf06,Average number of weekly hours of other types of care by age group - children with or without other types of care,cluster_a03fe115e208,agglomerative,"{""distance_threshold"": 0.35, ""linkage"": ""average""}"
term_335951c32d8d2116b9f0,Average population (mid-year),cluster_b9a3b7632ab8,agglomerative,"{""distance_threshold"": 0.35, ""linkage"": ""average""}"
term_424bd938c951afe537f5,Average population mid-year by sex and age group,cluster_b9a3b7632ab8,agglomerative,"{""distance_threshold"": 0.35, ""linkage"": ""average""}"
term_0f501f4a2588acc2b10d,Average population mid-year by sex and age group - ENP-South countries,cluster_b9a3b7632ab8,agglomerative,"{""distance_threshold"": 0.35, ""linkage"": ""average""}"
term_b973e1da3eb5f9da6612,Average remuneration of national civil servants in central public administration,cluster_171b8acc7717,agglomerative,"{""distance_threshold"": 0.35, ""linkage"": ""average""}"
term_8c21ac98eb2cdd70c316,Aviation and airport enterprises,cluster_50c5fad23ebe,agglomerative,"{""distance_threshold"": 0.35, ""linkage"": ""average""}"
term_6614255fdc73a173438f,Balance of payments,cluster_be31239b58e7,agglomerative,"{""distance_threshold"": 0.35, ""linkage"": ""average""}"
term_9979cb6087827dcf461b,Balance of payments - ENP-East countries,cluster_44a8445e2d6e,agglomerative,"{""distance_threshold"": 0.35, ""linkage"": ""average""}"
term_95525ae7bd699e4792f6,"Balance of payments, capital account, monthly data",cluster_be31239b58e7,agglomerative,"{""distance_threshold"": 0.35, ""linkage"": ""average""}"
term_c5420bd455a9ec1d7f49,"Balance of payments, capital account, quarterly data",cluster_be31239b58e7,agglomerative,"{""distance_threshold"": 0.35, ""linkage"": ""average""}"
term_04ba11c43928796d3064,"Balance of payments, current account, monthly data",cluster_be31239b58e7,agglomerative,"{""distance_threshold"": 0.35, ""linkage"": ""average""}"
term_e190b4df2d02ce72aeb0,"Balance of payments, current and capital account, monthly data",cluster_be31239b58e7,agglomerative,"{""distance_threshold"": 0.35, ""linkage"": ""average""}"
term_22041ec3d68c8e354400,"Balance of payments, current and capital account, quarterly data",cluster_be31239b58e7,agglomerative,"{""distance_threshold"": 0.35, ""linkage"": ""average""}"
term_4d0cbf2d6242fb139a20,Balance of trade - EU and euro area aggregates,cluster_f7c5001b3c2d,agglomerative,"{""distance_threshold"": 0.35, ""linkage"": ""average""}"
term_9684861e5a8ff850415e,Balancing items,cluster_be31239b58e7,agglomerative,"{""distance_threshold"": 0.35, ""linkage"": ""average""}"
term_b82538563afbccd385b6,"Barley by area, production and humidity",cluster_100401722785,agglomerative,"{""distance_threshold"": 0.35, ""linkage"": ""average""}"
term_b90af556331316163672,basic and producer prices,cluster_021a934ea779,agglomerative,"{""distance_threshold"": 0.35, ""linkage"": ""average""}"
term_799b0d50a4121f00c785,Bathing waters with excellent quality by location,cluster_c7c1d69c4acd,agglomerative,"{""distance_threshold"": 0.35, ""linkage"": ""average""}"
term_41b019a493a4989da6db,Bed places in hotels and similar accommodation,cluster_33e2ad4f485a,agglomerative,"{""distance_threshold"": 0.35, ""linkage"": ""average""}"
term_6e742d9b8fb147d4a276,Bed places in hotels and similar accommodation - ENP-South countries,cluster_33e2ad4f485a,agglomerative,"{""distance_threshold"": 0.35, ""linkage"": ""average""}"
term_f8437296a46912415d34,Beds in nursing and other residential long-term care facilities,cluster_33e2ad4f485a,agglomerative,"{""distance_threshold"": 0.35, ""linkage"": ""average""}"
term_a46b992f9884bc965bf7,Beneficiaries of disability pensions by pension type,cluster_c33cec3614f9,agglomerative,"{""distance_threshold"": 0.35, ""linkage"": ""average""}"
term_869b3060e92ca0c7831a,Beneficiaries of disability pensions by sex,cluster_c33cec3614f9,agglomerative,"{""distance_threshold"": 0.35, ""linkage"": ""average""}"
term_23718844c710be51cc7e,Beneficiaries of temporary protection by citizenship,cluster_2aeba3fc16ae,agglomerative,"{""distance_threshold"": 0.35, ""linkage"": ""average""}"
term_41d4482b89dc52ab24f1,BERD by concentration of personnel (ranking),cluster_a5cfad0cd27c,agglomerative,"{""distance_threshold"": 0.35, ""linkage"": ""average""}"
term_15f2b55e475c14229235,Biochemical oxygen demand in rivers,cluster_c7c1d69c4acd,agglomerative,"{""distance_threshold"": 0.35, ""linkage"": ""average""}"
term_3d5d5b574d8c63ed7bb2,Breast cancer and cervical cancer screenings,cluster_0e1064bc1457,agglomerative,"{""distance_threshold"": 0.35, ""linkage"": ""average""}"
term_18363a8f4a7864fc88a9,Breast cancer and cervical cancer screenings - historical data,cluster_0e1064bc1457,agglomerative,"{""distance_threshold"": 0.35, ""linkage"": ""average""}"
term_4f0255e5623f9263dbe4,Bribery by legal status and sex of the person involved,cluster_2aeba3fc16ae,agglomerative,"{""distance_threshold"": 0.35, ""linkage"": ""average""}"
term_a058bd378bfada7f3087,Broadband internet coverage by speed,cluster_35d475516947,agglomerative,"{""distance_threshold"": 0.35, ""linkage"": ""average""}"
term_10f7f7ec606e2033a8b6,Brussels = 1,cluster_1292cb5800c6,agglomerative,"{""distance_threshold"": 0.35, ""linkage"": ""average""}"
term_1095d23c2cb4ba5792ba,Building permits,cluster_fd27aed274d2,agglomerative,"{""distance_threshold"": 0.35, ""linkage"": ""average""}"
term_893b82284a14c79baad9,Building permits - monthly data,cluster_fd27aed274d2,agglomerative,"{""distance_threshold"": 0.35, ""linkage"": ""average""}"
term_2d69baedc15824c81811,Buses and coaches traffic performance registered in the by transport covarage,cluster_58c47e3d47ef,agglomerative,"{""distance_threshold"": 0.35, ""linkage"": ""average""}"
term_ec3854936cdf4e1324e0,Business written in non-EEA countries,cluster_db861fb1a59f,agglomerative,"{""distance_threshold"": 0.35, ""linkage"": ""average""}"
term_aaa2e3616d9018cbb8c6,by fishing areas,cluster_9ad8e70f0958,agglomerative,"{""distance_threshold"": 0.35, ""linkage"": ""average""}"
term_bfb0081668951f49ec05,by sex and main financial incentive to stay at work,cluster_0958acf3e7dc,agglomerative,"{""distance_threshold"": 0.35, ""linkage"": ""average""}"
term_2e6d40f2526418c36b9e,Capital account - annual data,cluster_4ad4cace8f43,agglomerative,"{""distance_threshold"": 0.35, ""linkage"": ""average""}"
term_419e3bdd9a1ef9cc197e,Carrying capacity of merchant ships of 1000 GT and over by vessel type,cluster_c68094abfc93,agglomerative,"{""distance_threshold"": 0.35, ""linkage"": ""average""}"
term_1b3a9df7ba82a3e69bc8,Carrying capacity of merchant ships of 1000 GT and over by vessel type - ENP-South countries,cluster_c68094abfc93,agglomerative,"{""distance_threshold"": 0.35, ""linkage"": ""average""}"
term_19825330fb8eda82f834,Carrying capacity of pipelines operated,cluster_650f5d5bdee4,agglomerative,"{""distance_threshold"": 0.35, ""linkage"": ""average""}"
term_b7c742a8ca8ecc4d6861,carrying capacity of ships of 1 000 grt and over,cluster_c68094abfc93,agglomerative,"{""distance_threshold"": 0.35, ""linkage"": ""average""}"
term_63343496146f5d1ec01b,carrying capacity of ships of 300 grt and over,cluster_c68094abfc93,agglomerative,"{""distance_threshold"": 0.35, ""linkage"": ""average""}"
term_318cf2b1f91f6cc6d9ec,Carrying capacity of the waterway transport enterprises vessels by number of vessels in enterprises,cluster_dddfcfe3c7b4,agglomerative,"{""distance_threshold"": 0.35, ""linkage"": ""average""}"
term_6ec8da416f4bb62844e0,Catches - north-west Pacific,cluster_aea832dd6925,agglomerative,"{""distance_threshold"": 0.35, ""linkage"": ""average""}"
term_7851911ebe4ef5dc5722,Catches - west-central Pacific,cluster_aea832dd6925,agglomerative,"{""distance_threshold"": 0.35, ""linkage"": ""average""}"
term_fc88d9480cc98ebe4e34,Catches in all fishing region,cluster_9ad8e70f0958,agglomerative,"{""distance_threshold"": 0.35, ""linkage"": ""average""}"
term_5f7e6cf5264e9854d4ea,Causes of death,cluster_f1f6ee7bbbfa,agglomerative,"{""distance_threshold"": 0.35, ""linkage"": ""average""}"
term_962076671ba1710ec9cd,Causes of death - potential years of life lost by country of residence,cluster_f1f6ee7bbbfa,agglomerative,"{""distance_threshold"": 0.35, ""linkage"": ""average""}"
term_3456ee1ef3a4b5d3e160,"Causes of death, by sex",cluster_f1f6ee7bbbfa,agglomerative,"{""distance_threshold"": 0.35, ""linkage"": ""average""}"
term_022c701d77b0ede24b8c,Central government bond yields - annual data,cluster_a2e4cd40e034,agglomerative,"{""distance_threshold"": 0.35, ""linkage"": ""average""}"
term_ff6c04ce59ed3e7d2ea4,Central government bond yields - monthly data,cluster_a2e4cd40e034,agglomerative,"{""distance_threshold"": 0.35, ""linkage"": ""average""}"
term_29d43f25e51dd9b0e779,Central government bond yields - quarterly data,cluster_a2e4cd40e034,agglomerative,"{""distance_threshold"": 0.35, ""linkage"": ""average""}"
term_21acbc3991aad168be3f,"Cereals for the production of grain (including seed) by area, production and humidity",cluster_100401722785,agglomerative,"{""distance_threshold"": 0.35, ""linkage"": ""average""}"
term_45a384ac475351b40c2c,changes in stocks,cluster_79d0cc35227a,agglomerative,"{""distance_threshold"": 0.35, ""linkage"": ""average""}"
term_2480d8b7eaa0ddad14c7,Child specific material deprivation rate by age (children aged less than 16 years),cluster_b9a3b7632ab8,agglomerative,"{""distance_threshold"": 0.35, ""linkage"": ""average""}"
term_273825ad7eb815ac6680,Child specific material deprivation rate by educational attainment level of their parents (children aged less than 16 years),cluster_b9a3b7632ab8,agglomerative,"{""distance_threshold"": 0.35, ""linkage"": ""average""}"
term_b6888e7fe576a0bf1c64,Child specific material deprivation rate by household composition (children aged less than 16 years),cluster_b9a3b7632ab8,agglomerative,"{""distance_threshold"": 0.35, ""linkage"": ""average""}"
term_8ad047ae003fc533c667,children,cluster_f1dac78dda11,agglomerative,"{""distance_threshold"": 0.35, ""linkage"": ""average""}"
term_4f85b6b61376563016eb,"Children (aged 0 to 17) having neither a bath, nor a shower in their dwelling",cluster_30a5e78c1bee,agglomerative,"{""distance_threshold"": 0.35, ""linkage"": ""average""}"
term_a1b1435abb28377faca1,Children (aged 0 to 17) not having indoor flushing toilet for the sole use of their household,cluster_30a5e78c1bee,agglomerative,"{""distance_threshold"": 0.35, ""linkage"": ""average""}"
term_c5ca4acedf0ecf1af8f3,Children (aged less than 18) at risk of poverty or social exclusion,cluster_34cd09890693,agglomerative,"{""distance_threshold"": 0.35, ""linkage"": ""average""}"
term_25dfc9a775b5e4f96d8e,Children (aged less than 18) living in households with very low work intensity by sex,cluster_b9a3b7632ab8,agglomerative,"{""distance_threshold"": 0.35, ""linkage"": ""average""}"
term_bb7531dbde401d6e7267,Children aged less than 3 years in formal childcare,cluster_a03fe115e208,agglomerative,"{""distance_threshold"": 0.35, ""linkage"": ""average""}"
term_c2dd21be00393f319fc9,Children at risk of poverty or social exclusion,cluster_34cd09890693,agglomerative,"{""distance_threshold"": 0.35, ""linkage"": ""average""}"
term_99163193949f1a4437c5,Children cared only by their parents by age group,cluster_a03fe115e208,agglomerative,"{""distance_threshold"": 0.35, ""linkage"": ""average""}"
term_bddb535218bdd2ecee0c,Children cared only by their parents by age group - % over the population of each age group,cluster_a03fe115e208,agglomerative,"{""distance_threshold"": 0.35, ""linkage"": ""average""}"
term_96382481afeee72deef0,Children having one of their parents living outside the household,cluster_fceddaef81c2,agglomerative,"{""distance_threshold"": 0.35, ""linkage"": ""average""}"
term_afc1fff600d442fcdb69,children with or without formal care,cluster_a03fe115e208,agglomerative,"{""distance_threshold"": 0.35, ""linkage"": ""average""}"
term_593036c2fc2ad3dab93c,children with or without other types of care,cluster_a03fe115e208,agglomerative,"{""distance_threshold"": 0.35, ""linkage"": ""average""}"
term_ede2f1c8d39d69557aa5,Children with unmet needs for medical examination or treatment by specific reason,cluster_a03fe115e208,agglomerative,"{""distance_threshold"": 0.35, ""linkage"": ""average""}"
term_deef7629ed648896bf62,Circular material use rate,cluster_96d147543e4d,agglomerative,"{""distance_threshold"": 0.35, ""linkage"": ""average""}"
term_bc19ff49218f64d6a5a5,Circular material use rate by material type,cluster_96d147543e4d,agglomerative,"{""distance_threshold"": 0.35, ""linkage"": ""average""}"
term_e0e05da5e93e3480beae,"Classroom teachers working full-time and part-time in primary, lower-secondary and upper-secondary education",cluster_23acc643074a,agglomerative,"{""distance_threshold"": 0.35, ""linkage"": ""average""}"
term_8fa5a4c35cfb38394961,"Classroom teachers working full-time and part-time in primary, lower-secondary and upper-secondary education - as % of total active population",cluster_23acc643074a,agglomerative,"{""distance_threshold"": 0.35, ""linkage"": ""average""}"
term_73bc5714d8a2e788dfa1,clothing,cluster_0674416997b6,agglomerative,"{""distance_threshold"": 0.35, ""linkage"": ""average""}"
term_33f5c33aed2758da24ce,Collection of cow's milk,cluster_a4e32d5cd14f,agglomerative,"{""distance_threshold"": 0.35, ""linkage"": ""average""}"
term_88a11807965b1c70b165,collection round,cluster_4ba888595f32,agglomerative,"{""distance_threshold"": 0.35, ""linkage"": ""average""}"
term_317e2a855d394df73210,Commercial aircraft fleet by age of aircraft and country of operator,cluster_50c5fad23ebe,agglomerative,"{""distance_threshold"": 0.35, ""linkage"": ""average""}"
term_48472a7a014a1cc35e96,Commercial aircraft fleet by age of aircraft and country of registration,cluster_50c5fad23ebe,agglomerative,"{""distance_threshold"": 0.35, ""linkage"": ""average""}"
term_55550457e8cc10df0cd5,Commercial aircraft fleet by type of aircraft,cluster_50c5fad23ebe,agglomerative,"{""distance_threshold"": 0.35, ""linkage"": ""average""}"
term_c4410385432d9ecb3c92,Commercial aircraft fleet by type of aircraft - ENP-South countries,cluster_50c5fad23ebe,agglomerative,"{""distance_threshold"": 0.35, ""linkage"": ""average""}"
term_bf6245bcd701c5b54d1d,Commercial airports by type,cluster_50c5fad23ebe,agglomerative,"{""distance_threshold"": 0.35, ""linkage"": ""average""}"
term_718bdcd48616cbf1a944,Commissions payable by product,cluster_dbc31c45707c,agglomerative,"{""distance_threshold"": 0.35, ""linkage"": ""average""}"
term_e7767acece153a690e07,Commissions receivable by product,cluster_dbc31c45707c,agglomerative,"{""distance_threshold"": 0.35, ""linkage"": ""average""}"
term_6fe55058049d803a43d8,Common bird index by type of species,cluster_571a4468e327,agglomerative,"{""distance_threshold"": 0.35, ""linkage"": ""average""}"
term_af256c1aad4ed67c73cb,Common bird index by type of species - EU aggregate,cluster_571a4468e327,agglomerative,"{""distance_threshold"": 0.35, ""linkage"": ""average""}"
term_94ef17326b81effe94d7,Common bird indices by type of estimate,cluster_571a4468e327,agglomerative,"{""distance_threshold"": 0.35, ""linkage"": ""average""}"
term_e0fc85c5fb475992ff8d,Common farmland bird index,cluster_571a4468e327,agglomerative,"{""distance_threshold"": 0.35, ""linkage"": ""average""}"
term_4c01812f7bbc1d096a56,Communication,cluster_55971e828377,agglomerative,"{""distance_threshold"": 0.35, ""linkage"": ""average""}"
term_c77d978151d60b6fcc8e,compared to corresponding period of the previous year,cluster_bd98a5c18e63,agglomerative,"{""distance_threshold"": 0.35, ""linkage"": ""average""}"
term_093bae202607c49991aa,"Compensation of employees - annual data, million units of national currency",cluster_7c9e9c0adc73,agglomerative,"{""distance_threshold"": 0.35, ""linkage"": ""average""}"
term_ace3cc8f02505621e0ce,Composition of municipal waste,cluster_ad295f715ee2,agglomerative,"{""distance_threshold"": 0.35, ""linkage"": ""average""}"
term_68e6454321e6a6c7cc1d,Concentration of multinational enterprise groups by NACE Rev. 2 activity,cluster_fc59ce925147,agglomerative,"{""distance_threshold"": 0.35, ""linkage"": ""average""}"
term_6cff7b93ed15e2a4bea7,Concentration of multinational enterprise groups by NACE Rev. 2 activity - experimental statistics,cluster_fc59ce925147,agglomerative,"{""distance_threshold"": 0.35, ""linkage"": ""average""}"
term_d072cb4727b6a713edcb,Confidence indicators by sector,cluster_f5e40cb5cbdd,agglomerative,"{""distance_threshold"": 0.35, ""linkage"": ""average""}"
term_1d490b3690f8a6d9f521,constant prices,cluster_021a934ea779,agglomerative,"{""distance_threshold"": 0.35, ""linkage"": ""average""}"
term_fc793457dd913d38f95a,Consultation of a dentist per inhabitant,cluster_f857cac0387c,agglomerative,"{""distance_threshold"": 0.35, ""linkage"": ""average""}"
term_42aae3aa6720b6c8fca8,Consultation of a medical doctor (in private practice or as outpatient) per inhabitant,cluster_f857cac0387c,agglomerative,"{""distance_threshold"": 0.35, ""linkage"": ""average""}"
term_a8e5da3f1886cdf8f428,Consultation of a medical doctor (in private practice or as outpatient) per inhabitant - historical data,cluster_f857cac0387c,agglomerative,"{""distance_threshold"": 0.35, ""linkage"": ""average""}"
term_b1e5cae197977a17ff16,Consultation of a medical doctor per inhabitant and by type of consultation,cluster_f857cac0387c,agglomerative,"{""distance_threshold"": 0.35, ""linkage"": ""average""}"
term_eacb2216fe4997adf92e,Consumer price index,cluster_021a934ea779,agglomerative,"{""distance_threshold"": 0.35, ""linkage"": ""average""}"
term_5574a85a609e8966b428,Consumer price index - ENP-East countries,cluster_021a934ea779,agglomerative,"{""distance_threshold"": 0.35, ""linkage"": ""average""}"
term_a1ec4c2cbf84309933ed,Consumer price index - ENP-South countries,cluster_021a934ea779,agglomerative,"{""distance_threshold"": 0.35, ""linkage"": ""average""}"
term_be7e65c9209c8c5c85b1,Consumption footprint - single weighted score,cluster_d28107cc73da,agglomerative,"{""distance_threshold"": 0.35, ""linkage"": ""average""}"
term_479aabe58de191d99f16,Consumption of antibiotics in the community and hospital sectors,cluster_de753985025b,agglomerative,"{""distance_threshold"": 0.35, ""linkage"": ""average""}"
term_541bed0342984cb8cad3,Consumption of antibiotics in the community and hospital sectors - defined daily doses (DDD) per day,cluster_a6e778abce2e,agglomerative,"{""distance_threshold"": 0.35, ""linkage"": ""average""}"
term_aef93d1a3d3e0e011769,Consumption of chemicals by hazardousness,cluster_0e3e19fd0dd0,agglomerative,"{""distance_threshold"": 0.35, ""linkage"": ""average""}"
term_972ffa9f506d762f59b0,Consumption of chemicals by hazardousness - EU aggregate,cluster_0e3e19fd0dd0,agglomerative,"{""distance_threshold"": 0.35, ""linkage"": ""average""}"
term_4a0b669ccf7ca7ca2794,Consumption of lightweight plastic carrier bags by their wall thickness,cluster_3e93fff68bf4,agglomerative,"{""distance_threshold"": 0.35, ""linkage"": ""average""}"
term_6150cd2caa8f4a04c46e,Container transport by type of goods and coverage,cluster_586194a4eb3a,agglomerative,"{""distance_threshold"": 0.35, ""linkage"": ""average""}"
term_0598f14913cb0db81a4f,Contribution of recycled materials to raw materials demand,cluster_ad295f715ee2,agglomerative,"{""distance_threshold"": 0.35, ""linkage"": ""average""}"
term_a0e8c0ddd179e3a19198,Contribution of recycled materials to raw materials demand - end-of-life recycling input rates (EOL-RIR),cluster_ad295f715ee2,agglomerative,"{""distance_threshold"": 0.35, ""linkage"": ""average""}"
term_f9ba2eee056d22e1e0e8,Contribution to the international 100bn USD commitment on climate related expending,cluster_50fcb6e7a7e8,agglomerative,"{""distance_threshold"": 0.35, ""linkage"": ""average""}"
term_12b40533e32d7a6f52b4,Convergence indicators,cluster_f5e40cb5cbdd,agglomerative,"{""distance_threshold"": 0.35, ""linkage"": ""average""}"
term_ee59200637a732128219,Conversion factors for euro fixed series into euro/ECU,cluster_f7c5001b3c2d,agglomerative,"{""distance_threshold"": 0.35, ""linkage"": ""average""}"
term_1ec0217a61f09c7dfa21,Conversion factors for euro fixed series into euro/ECU - annual data,cluster_f7c5001b3c2d,agglomerative,"{""distance_threshold"": 0.35, ""linkage"": ""average""}"
term_61a1bb589e9bb657db54,Cooling and heating degree days by country,cluster_dd443865de15,agglomerative,"{""distance_threshold"": 0.35, ""linkage"": ""average""}"
term_87a9add98115ffb1e4fd,Cooling and heating degree days by country - annual data,cluster_dd443865de15,agglomerative,"{""distance_threshold"": 0.35, ""linkage"": ""average""}"
term_ec45e4873e78f8a16eaa,Correction coefficients in the European Union (Countries),cluster_f7c5001b3c2d,agglomerative,"{""distance_threshold"": 0.35, ""linkage"": ""average""}"
term_c6657a4a11009e5e79bb,Correction coefficients in the European Union (Countries) - index (= 100),cluster_f7c5001b3c2d,agglomerative,"{""distance_threshold"": 0.35, ""linkage"": ""average""}"
term_b6f8218fad51cd6a79cf,Correction coefficients in the European Union (Duty stations),cluster_f7c5001b3c2d,agglomerative,"{""distance_threshold"": 0.35, ""linkage"": ""average""}"
term_49d605a634478791fba3,Correction coefficients in the European Union (Duty stations) - index (Brussels = 100),cluster_f7c5001b3c2d,agglomerative,"{""distance_threshold"": 0.35, ""linkage"": ""average""}"
term_94d830dd2f96160ae9f5,Correction coefficients outside the European Union (Duty stations),cluster_f7c5001b3c2d,agglomerative,"{""distance_threshold"": 0.35, ""linkage"": ""average""}"
term_ec270f0bf803b6b2ea3c,Correction coefficients outside the European Union (Duty stations) - index (Brussels = 100),cluster_f7c5001b3c2d,agglomerative,"{""distance_threshold"": 0.35, ""linkage"": ""average""}"
term_48fdfa308fb5fb182b6f,Corruption Perceptions Index,cluster_93d52bc87457,agglomerative,"{""distance_threshold"": 0.35, ""linkage"": ""average""}"
term_267c270a46e8911fbb8b,Country level - gross weight of goods handled in all ports,cluster_b2b3f012d4f5,agglomerative,"{""distance_threshold"": 0.35, ""linkage"": ""average""}"
term_eeb74df36ec781cf531c,Country level - gross weight of goods handled in main ports,cluster_b2b3f012d4f5,agglomerative,"{""distance_threshold"": 0.35, ""linkage"": ""average""}"
term_027275b4917a775d06d1,Country level - gross weight of goods transported to/from main ports,cluster_b2b3f012d4f5,agglomerative,"{""distance_threshold"": 0.35, ""linkage"": ""average""}"
term_1e44a9cf2afda0f39366,Country level - passengers embarked and disembarked in all ports,cluster_b606967bfaf1,agglomerative,"{""distance_threshold"": 0.35, ""linkage"": ""average""}"
term_d315172e3c651816ba37,"Country level - volume (in TEUs) of containers handled in main ports, by loading status",cluster_b2b3f012d4f5,agglomerative,"{""distance_threshold"": 0.35, ""linkage"": ""average""}"
term_69d05ad442154c828ac3,cow's milk,cluster_a4e32d5cd14f,agglomerative,"{""distance_threshold"": 0.35, ""linkage"": ""average""}"
term_ac49c8d4bf9ebe2ab58f,Crimes recorded by the police - homicide in cities,cluster_3784f65f14dd,agglomerative,"{""distance_threshold"": 0.35, ""linkage"": ""average""}"
term_6e2e4c4d0b41309019a9,Crop output,cluster_f1d5bb969e5f,agglomerative,"{""distance_threshold"": 0.35, ""linkage"": ""average""}"
term_112b7bcba889c2543790,Crop output - basic and producer prices,cluster_021a934ea779,agglomerative,"{""distance_threshold"": 0.35, ""linkage"": ""average""}"
term_484236517c42f3ecd18f,Crop production - ENP-East countries,cluster_e589a82e3795,agglomerative,"{""distance_threshold"": 0.35, ""linkage"": ""average""}"
term_e9ef238b028627dd77c4,Crop production - ENP-South countries,cluster_e589a82e3795,agglomerative,"{""distance_threshold"": 0.35, ""linkage"": ""average""}"
term_99e1529e4e89f9c36b6e,"Crude rate of birth, of dead and of population change",cluster_75d91075175e,agglomerative,"{""distance_threshold"": 0.35, ""linkage"": ""average""}"
term_0aaad1fb739644538df7,"Crude rate of birth, of dead and of population change - ENP-South countries",cluster_75d91075175e,agglomerative,"{""distance_threshold"": 0.35, ""linkage"": ""average""}"
term_5b656d79774bfea6beda,"crude rates of total change, natural change and net migration plus adjustment",cluster_75d91075175e,agglomerative,"{""distance_threshold"": 0.35, ""linkage"": ""average""}"
term_1e90b7c1d9857b0b43e2,Cultural employment by sex,cluster_0958acf3e7dc,agglomerative,"{""distance_threshold"": 0.35, ""linkage"": ""average""}"
term_b3c63a2649507ac669f8,Current account balance - 3 year average,cluster_be31239b58e7,agglomerative,"{""distance_threshold"": 0.35, ""linkage"": ""average""}"
term_b7d58596885dbf86ac1b,Current account balance - annual data,cluster_be31239b58e7,agglomerative,"{""distance_threshold"": 0.35, ""linkage"": ""average""}"
term_08b5c5530412b562c45b,"Current account transactions - credits, debits and balance",cluster_be31239b58e7,agglomerative,"{""distance_threshold"": 0.35, ""linkage"": ""average""}"
term_f0483572e368fe34efe5,"Current account transactions - goods: credits, debits and balance",cluster_be31239b58e7,agglomerative,"{""distance_threshold"": 0.35, ""linkage"": ""average""}"
term_c46d3ef2aa9824c586e8,"Current account transactions - primary income: credits, debits and balance",cluster_be31239b58e7,agglomerative,"{""distance_threshold"": 0.35, ""linkage"": ""average""}"
term_f216ac3c2bf81bef68a4,"Current account transactions - secondary income: credits, debits and balance",cluster_be31239b58e7,agglomerative,"{""distance_threshold"": 0.35, ""linkage"": ""average""}"
term_de84e6e45b0a6cab3d3c,"Current account transactions - services: credits, debits and balance",cluster_be31239b58e7,agglomerative,"{""distance_threshold"": 0.35, ""linkage"": ""average""}"
term_90505e09ab31ef62c84b,current and capital account,cluster_be31239b58e7,agglomerative,"{""distance_threshold"": 0.35, ""linkage"": ""average""}"
term_9b4a320bb3cb41de9d54,Current level of capacity utilization in manufacturing industry,cluster_3d19854cb005,agglomerative,"{""distance_threshold"": 0.35, ""linkage"": ""average""}"
term_06805613d2075f44c3ed,current prices,cluster_021a934ea779,agglomerative,"{""distance_threshold"": 0.35, ""linkage"": ""average""}"
term_dd6b8afb8b6d002c5b84,Customers by type of district network and efficiency of network,cluster_2e6bcbd2a80b,agglomerative,"{""distance_threshold"": 0.35, ""linkage"": ""average""}"
term_2c8ccd81be91737ed0c3,Czech Republic,cluster_eb59c96918a7,agglomerative,"{""distance_threshold"": 0.35, ""linkage"": ""average""}"
term_23759d58cbb76569cc87,Day-to-day money market interest rates,cluster_f7c5001b3c2d,agglomerative,"{""distance_threshold"": 0.35, ""linkage"": ""average""}"
term_4f8500707112a06de1ef,Day-to-day rates for euro area countries - annual data,cluster_f7c5001b3c2d,agglomerative,"{""distance_threshold"": 0.35, ""linkage"": ""average""}"
term_ff44a431ef112b48013d,Day-to-day rates for euro area countries - quarterly data,cluster_f7c5001b3c2d,agglomerative,"{""distance_threshold"": 0.35, ""linkage"": ""average""}"
term_ee0af25bc9926a37804a,DDD,cluster_a6e778abce2e,agglomerative,"{""distance_threshold"": 0.35, ""linkage"": ""average""}"
term_101e60ee5f0f430737e5,"Death due to accidents, by sex",cluster_f1f6ee7bbbfa,agglomerative,"{""distance_threshold"": 0.35, ""linkage"": ""average""}"
term_956ee1e95cb224363643,"Death due to AIDS (HIV-disease), by sex",cluster_f1f6ee7bbbfa,agglomerative,"{""distance_threshold"": 0.35, ""linkage"": ""average""}"
term_76957f17efd94e0cea36,"Death due to alcoholic abuse, by sex",cluster_f1f6ee7bbbfa,agglomerative,"{""distance_threshold"": 0.35, ""linkage"": ""average""}"
term_94b6765642dac6f6949f,"Death due to cancer, by sex",cluster_f1f6ee7bbbfa,agglomerative,"{""distance_threshold"": 0.35, ""linkage"": ""average""}"
term_917e54b71e6c2b9e56cf,"Death due to chronic liver disease, by sex",cluster_f1f6ee7bbbfa,agglomerative,"{""distance_threshold"": 0.35, ""linkage"": ""average""}"
term_eeb6980f51c7d56fc3f4,"Death due to diabetes mellitus, by sex",cluster_f1f6ee7bbbfa,agglomerative,"{""distance_threshold"": 0.35, ""linkage"": ""average""}"
term_00b72c6e5deff8c38d7c,"Death due to diseases of the nervous system, by sex",cluster_f1f6ee7bbbfa,agglomerative,"{""distance_threshold"": 0.35, ""linkage"": ""average""}"
term_399d10eefab967a56ee1,"Death due to drugs dependence, by sex",cluster_f1f6ee7bbbfa,agglomerative,"{""distance_threshold"": 0.35, ""linkage"": ""average""}"
term_d2dca023ba00e51db540,"Death due to homicide, assault, by sex",cluster_f1f6ee7bbbfa,agglomerative,"{""distance_threshold"": 0.35, ""linkage"": ""average""}"
term_57d1f644eb4f567ee35e,"Death due to other ischaemic heart diseases, by sex",cluster_f1f6ee7bbbfa,agglomerative,"{""distance_threshold"": 0.35, ""linkage"": ""average""}"
term_16db44a8101ea3aaa4f2,"Death due to pneumonia, by sex",cluster_f1f6ee7bbbfa,agglomerative,"{""distance_threshold"": 0.35, ""linkage"": ""average""}"
term_a328ea1f4752a941f146,"Death due to suicide, by sex",cluster_f1f6ee7bbbfa,agglomerative,"{""distance_threshold"": 0.35, ""linkage"": ""average""}"
term_5849d9c0db41e7b9acb9,"Death due to transport accidents, by sex",cluster_f1f6ee7bbbfa,agglomerative,"{""distance_threshold"": 0.35, ""linkage"": ""average""}"
term_4ac219ee67cfb6b290fb,Deaths and crude death rate,cluster_f1f6ee7bbbfa,agglomerative,"{""distance_threshold"": 0.35, ""linkage"": ""average""}"
term_92edf6d2724d27c3b16d,Deaths by sex,cluster_f1f6ee7bbbfa,agglomerative,"{""distance_threshold"": 0.35, ""linkage"": ""average""}"
term_137e8305fffe057d3255,Deaths of residents related to dementias including Alzheimer,cluster_f1f6ee7bbbfa,agglomerative,"{""distance_threshold"": 0.35, ""linkage"": ""average""}"
term_2fe7cddaf6b900bf1703,Debt of the EU institutions,cluster_f7c5001b3c2d,agglomerative,"{""distance_threshold"": 0.35, ""linkage"": ""average""}"
term_0bff3065c8d1a3c64529,Debts,cluster_be31239b58e7,agglomerative,"{""distance_threshold"": 0.35, ""linkage"": ""average""}"
term_f335ca95eddccdc8403f,Decisions granting temporary protection by citizenship,cluster_2aeba3fc16ae,agglomerative,"{""distance_threshold"": 0.35, ""linkage"": ""average""}"
term_f41900e17664dcd50447,dedicated data collection,cluster_4ba888595f32,agglomerative,"{""distance_threshold"": 0.35, ""linkage"": ""average""}"
term_2cc90d996a949a792cf9,defined daily doses (DDD) per day,cluster_a6e778abce2e,agglomerative,"{""distance_threshold"": 0.35, ""linkage"": ""average""}"
term_d67310d530f06cf4ff67,deflated turnover,cluster_95b364be9c9d,agglomerative,"{""distance_threshold"": 0.35, ""linkage"": ""average""}"
term_fcfcdda77bcc15f82b76,Demographic indicators,cluster_f5e40cb5cbdd,agglomerative,"{""distance_threshold"": 0.35, ""linkage"": ""average""}"
term_f9ddf099c28bbeb166c1,Departures of residents going abroad for all holidays and business - ENP-East countries,cluster_999025c3d872,agglomerative,"{""distance_threshold"": 0.35, ""linkage"": ""average""}"
term_bffa3262aa1720814b47,Departures of residents going abroad for all holidays and business - ENP-South countries,cluster_999025c3d872,agglomerative,"{""distance_threshold"": 0.35, ""linkage"": ""average""}"
term_dda5e40b651bbccf6933,Depth of material deprivation,cluster_34cd09890693,agglomerative,"{""distance_threshold"": 0.35, ""linkage"": ""average""}"
term_6c50c8f06cce6a349241,Depth of material deprivation - EU-SILC survey,cluster_34cd09890693,agglomerative,"{""distance_threshold"": 0.35, ""linkage"": ""average""}"
term_c243e08167212380b020,detailed reporting only,cluster_8cbdd0602d88,agglomerative,"{""distance_threshold"": 0.35, ""linkage"": ""average""}"
term_d2d3af7f0ef9a3518fdb,Direct investment,cluster_7c9e9c0adc73,agglomerative,"{""distance_threshold"": 0.35, ""linkage"": ""average""}"
term_6ed05af438e18e343343,"Direct investment - annual data, million units of national currency",cluster_7c9e9c0adc73,agglomerative,"{""distance_threshold"": 0.35, ""linkage"": ""average""}"
term_bb1b60458c7200341d6b,"Direct investment abroad, main components",cluster_7c9e9c0adc73,agglomerative,"{""distance_threshold"": 0.35, ""linkage"": ""average""}"
term_a0eb7c31ab198509a8e6,"Direct investment abroad, main components - annual data, million units of national currency",cluster_7c9e9c0adc73,agglomerative,"{""distance_threshold"": 0.35, ""linkage"": ""average""}"
term_10d84d61e63c4c25a8ea,Direct investment liabilities (flows),cluster_7c9e9c0adc73,agglomerative,"{""distance_threshold"": 0.35, ""linkage"": ""average""}"
term_6c28e669b8ae9b75d28b,"Direct investment liabilities (flows) - annual data, % of GDP",cluster_7c9e9c0adc73,agglomerative,"{""distance_threshold"": 0.35, ""linkage"": ""average""}"
term_bb66a4e6a73ba363b8b1,Direct investment liabilities (stocks),cluster_7c9e9c0adc73,agglomerative,"{""distance_threshold"": 0.35, ""linkage"": ""average""}"
term_83264f46823288d5d1e9,"Direct investment liabilities (stocks) - annual data, % of GDP",cluster_7c9e9c0adc73,agglomerative,"{""distance_threshold"": 0.35, ""linkage"": ""average""}"
term_83d34ba5d81be5a0203c,Disaggregated final energy consumption in services,cluster_32528f9d8077,agglomerative,"{""distance_threshold"": 0.35, ""linkage"": ""average""}"
term_cbede49ad2cdb0d46a62,Disaggregated final energy consumption in services - calorific values,cluster_32528f9d8077,agglomerative,"{""distance_threshold"": 0.35, ""linkage"": ""average""}"
term_5f687e0515cf65d7e74a,Discharges from hospitals,cluster_c3d83118a687,agglomerative,"{""distance_threshold"": 0.35, ""linkage"": ""average""}"
term_80b5ab22dea335cf3afa,Disparities in adjusted gross disposable income of households per capita,cluster_64461295bff6,agglomerative,"{""distance_threshold"": 0.35, ""linkage"": ""average""}"
term_b292535aa5c5b7307f1a,Dispersion around the at-risk-of-poverty threshold,cluster_34cd09890693,agglomerative,"{""distance_threshold"": 0.35, ""linkage"": ""average""}"
term_d6fb51cbc0ba0a9deec6,Dispersion around the at-risk-of-poverty threshold - EU-SILC survey,cluster_34cd09890693,agglomerative,"{""distance_threshold"": 0.35, ""linkage"": ""average""}"
term_c00e3cbf486f8e4d5397,Dispersion around the at-risk-of-poverty threshold for elderly people,cluster_34cd09890693,agglomerative,"{""distance_threshold"": 0.35, ""linkage"": ""average""}"
term_e9f7abceaea25bc02422,Dispersion around the at-risk-of-poverty threshold for elderly people - EU-SILC survey,cluster_34cd09890693,agglomerative,"{""distance_threshold"": 0.35, ""linkage"": ""average""}"
term_95b8178020896fefdfb0,Distribution by occupation (ISCO-08) of the labour market demand for ICT specialists in online job advertisements,cluster_347eadf91dc2,agglomerative,"{""distance_threshold"": 0.35, ""linkage"": ""average""}"
term_7461bb9f764b8499648f,Distribution by occupation (ISCO-08) of the labour market demand for ICT specialists in online job advertisements - experimental statistics,cluster_347eadf91dc2,agglomerative,"{""distance_threshold"": 0.35, ""linkage"": ""average""}"
term_0a6bea2a030249ecf0aa,Distribution of digital platform workers (at least one hour in the last month) by consequences of rejecting the task or service,cluster_347eadf91dc2,agglomerative,"{""distance_threshold"": 0.35, ""linkage"": ""average""}"
term_9792932f28b505c2caf9,Distribution of digital platform workers (at least one hour in the last month) by consequences of rejecting the task or service - experimental statistics,cluster_347eadf91dc2,agglomerative,"{""distance_threshold"": 0.35, ""linkage"": ""average""}"
term_450ba1c87b2efba39f1a,Distribution of digital platform workers (at least one hour in the last month) by educational attainment level,cluster_347eadf91dc2,agglomerative,"{""distance_threshold"": 0.35, ""linkage"": ""average""}"
term_4dfbc4257bdf3c725597,Distribution of digital platform workers (at least one hour in the last month) by educational attainment level - experimental statistics,cluster_347eadf91dc2,agglomerative,"{""distance_threshold"": 0.35, ""linkage"": ""average""}"
term_7eb0d4a5192079b09254,Distribution of digital platform workers (at least one hour in the last month) by labour status,cluster_347eadf91dc2,agglomerative,"{""distance_threshold"": 0.35, ""linkage"": ""average""}"
term_44484074f2e7306a8637,Distribution of digital platform workers (at least one hour in the last month) by labour status - experimental statistics,cluster_347eadf91dc2,agglomerative,"{""distance_threshold"": 0.35, ""linkage"": ""average""}"
term_4c7e35d1efbd7315d86c,Distribution of digital platform workers (at least one hour in the last month) by price setting,cluster_347eadf91dc2,agglomerative,"{""distance_threshold"": 0.35, ""linkage"": ""average""}"
term_0a5f811862a59c07d79f,Distribution of digital platform workers (at least one hour in the last month) by price setting - experimental statistics,cluster_347eadf91dc2,agglomerative,"{""distance_threshold"": 0.35, ""linkage"": ""average""}"
term_d0cf9392077626f22315,Distribution of digital platform workers (at least one hour in the last month) by share of platform income in their earnings,cluster_347eadf91dc2,agglomerative,"{""distance_threshold"": 0.35, ""linkage"": ""average""}"
term_caa6309ffcec0ffa87e1,Distribution of digital platform workers (at least one hour in the last month) by share of platform income in their earnings - experimental statistics,cluster_347eadf91dc2,agglomerative,"{""distance_threshold"": 0.35, ""linkage"": ""average""}"
term_59072560a2bffa4ade78,Distribution of digital platform workers (at least one hour in the last month) by social insurance coverage and risk,cluster_347eadf91dc2,agglomerative,"{""distance_threshold"": 0.35, ""linkage"": ""average""}"
term_b2c1e1d084acef852366,Distribution of digital platform workers (at least one hour in the last month) by social insurance coverage and risk - experimental statistics,cluster_347eadf91dc2,agglomerative,"{""distance_threshold"": 0.35, ""linkage"": ""average""}"
term_60ed632bddc4b4e5677c,Distribution of digital platform workers (at least one hour in the last month) by type of work assignment,cluster_347eadf91dc2,agglomerative,"{""distance_threshold"": 0.35, ""linkage"": ""average""}"
term_436ded31f30e2c350917,Distribution of digital platform workers (at least one hour in the last month) by type of work assignment - experimental statistics,cluster_347eadf91dc2,agglomerative,"{""distance_threshold"": 0.35, ""linkage"": ""average""}"
term_de3ecf1e1eff6386f48c,Distribution of digital platform workers (at least one hour in the last month) by working hours setting,cluster_347eadf91dc2,agglomerative,"{""distance_threshold"": 0.35, ""linkage"": ""average""}"
term_20e2445bd283d82fbf2f,Distribution of digital platform workers (at least one hour in the last month) by working hours setting - experimental statistics,cluster_347eadf91dc2,agglomerative,"{""distance_threshold"": 0.35, ""linkage"": ""average""}"
term_aee7b50f267459bb7e5b,Distribution of digital platform workers (in the last 12 months) by number of hours worked in the last month,cluster_347eadf91dc2,agglomerative,"{""distance_threshold"": 0.35, ""linkage"": ""average""}"
term_70f55e2122f079d01ebb,Distribution of digital platform workers (in the last 12 months) by number of hours worked in the last month - experimental statistics,cluster_347eadf91dc2,agglomerative,"{""distance_threshold"": 0.35, ""linkage"": ""average""}"
term_6b198dfa571f0167b15f,Distribution of households by activity status of the reference person,cluster_30a5e78c1bee,agglomerative,"{""distance_threshold"": 0.35, ""linkage"": ""average""}"
term_754afe6bac35caf6bc0a,Distribution of households by activity status of the reference person - experimental statistics,cluster_30a5e78c1bee,agglomerative,"{""distance_threshold"": 0.35, ""linkage"": ""average""}"
term_86d6b8ee1a219c1fca87,Distribution of households by age of the reference person,cluster_30a5e78c1bee,agglomerative,"{""distance_threshold"": 0.35, ""linkage"": ""average""}"
term_bebe5df5f9aeb1139dd0,Distribution of households by age of the reference person - experimental statistics,cluster_30a5e78c1bee,agglomerative,"{""distance_threshold"": 0.35, ""linkage"": ""average""}"
term_50bf4f4316d68c1c332f,Distribution of households by household size,cluster_30a5e78c1bee,agglomerative,"{""distance_threshold"": 0.35, ""linkage"": ""average""}"
term_40145d7332bc1dee9fec,Distribution of households by household type - experimental statistics,cluster_30a5e78c1bee,agglomerative,"{""distance_threshold"": 0.35, ""linkage"": ""average""}"
term_efd064db52dc2543bc3b,Distribution of households with children by number of children,cluster_30a5e78c1bee,agglomerative,"{""distance_threshold"": 0.35, ""linkage"": ""average""}"
term_eab582259d286e7cd986,Distribution of population by household types,cluster_30a5e78c1bee,agglomerative,"{""distance_threshold"": 0.35, ""linkage"": ""average""}"
term_892ca2920961f51b7d30,Distribution of population by household types - EU-SILC survey,cluster_30a5e78c1bee,agglomerative,"{""distance_threshold"": 0.35, ""linkage"": ""average""}"
term_559e67b0df2257c44863,Diversity index of energy supply,cluster_a96318ad87bd,agglomerative,"{""distance_threshold"": 0.35, ""linkage"": ""average""}"
term_60c8d65bd3934c60c5b0,domestic concept,cluster_6bf71cfe17d9,agglomerative,"{""distance_threshold"": 0.35, ""linkage"": ""average""}"
term_51ed3941228748ad9c32,Domestic industrial production price index,cluster_021a934ea779,agglomerative,"{""distance_threshold"": 0.35, ""linkage"": ""average""}"
term_5717f6e639f4b12f4341,Domestic industrial production price index - ENP-East countries,cluster_021a934ea779,agglomerative,"{""distance_threshold"": 0.35, ""linkage"": ""average""}"
term_7e46a5de0c25cc08b096,Domestic material consumption per capita,cluster_64461295bff6,agglomerative,"{""distance_threshold"": 0.35, ""linkage"": ""average""}"
term_1cffd66b8825402d8cd6,Domestic producer prices - capital goods,cluster_021a934ea779,agglomerative,"{""distance_threshold"": 0.35, ""linkage"": ""average""}"
term_c2d0179c7cd68ff9bdc4,Domestic producer prices - consumer durables,cluster_021a934ea779,agglomerative,"{""distance_threshold"": 0.35, ""linkage"": ""average""}"
term_d3259c0a506408ea96d9,Domestic producer prices - consumer non-durables,cluster_021a934ea779,agglomerative,"{""distance_threshold"": 0.35, ""linkage"": ""average""}"
term_ebb8bef4d41b8ff4cc33,Domestic producer prices - energy,cluster_021a934ea779,agglomerative,"{""distance_threshold"": 0.35, ""linkage"": ""average""}"
term_fe4e2ce249094bf3ed20,Domestic producer prices - intermediate goods,cluster_021a934ea779,agglomerative,"{""distance_threshold"": 0.35, ""linkage"": ""average""}"
term_9dbbcc4f8da2f29988f9,Domestic producer prices - manufacturing,cluster_021a934ea779,agglomerative,"{""distance_threshold"": 0.35, ""linkage"": ""average""}"
term_2a0305468dfa4b8a1343,Domestic producer prices - total industry (excluding construction),cluster_021a934ea779,agglomerative,"{""distance_threshold"": 0.35, ""linkage"": ""average""}"
term_b8148679f8267089578d,Drought impact area on ecosystems,cluster_b1e84f16286c,agglomerative,"{""distance_threshold"": 0.35, ""linkage"": ""average""}"
term_7850094491fdcb8c4867,"Dry pulses and protein crops for the production of grain (including seed and mixtures of cereals and pulses) by area, production and humidity",cluster_100401722785,agglomerative,"{""distance_threshold"": 0.35, ""linkage"": ""average""}"
term_bb730d9af0ef753d3ef7,Duration of working life,cluster_5905555b7ace,agglomerative,"{""distance_threshold"": 0.35, ""linkage"": ""average""}"
term_6da700134830ffec559c,"Dwellings by type of ownership, type of building and occupancy status",cluster_30a5e78c1bee,agglomerative,"{""distance_threshold"": 0.35, ""linkage"": ""average""}"
term_b795e878250c8b2362f6,Early leavers from education and training (age group 18-24),cluster_b9a3b7632ab8,agglomerative,"{""distance_threshold"": 0.35, ""linkage"": ""average""}"
term_dbcd91d714b06ca3bc2e,Early leavers from education and training (aged 18-24) by sex,cluster_b9a3b7632ab8,agglomerative,"{""distance_threshold"": 0.35, ""linkage"": ""average""}"
term_3118138c46f9a20abc62,Early leavers from education and training (aged 18-24) by sex - ENP-East countries,cluster_b9a3b7632ab8,agglomerative,"{""distance_threshold"": 0.35, ""linkage"": ""average""}"
term_450cef0268255c662f94,Early leavers from education and training by citizenship,cluster_b9a3b7632ab8,agglomerative,"{""distance_threshold"": 0.35, ""linkage"": ""average""}"
term_4c18e6956b4fe5d5d3df,Early leavers from education and training by sex,cluster_b9a3b7632ab8,agglomerative,"{""distance_threshold"": 0.35, ""linkage"": ""average""}"
term_abb2694be71a2077fa44,Early retirement among persons who receive an old-age pension,cluster_c33cec3614f9,agglomerative,"{""distance_threshold"": 0.35, ""linkage"": ""average""}"
term_87a18ba204311287fa85,Economic accounts for agriculture (EAA),cluster_03e30cdafd58,agglomerative,"{""distance_threshold"": 0.35, ""linkage"": ""average""}"
term_bebb63b6255212559930,Economic activity,cluster_19e992e360f9,agglomerative,"{""distance_threshold"": 0.35, ""linkage"": ""average""}"
term_8d27fdc63100bcd5faca,Economic losses from weather- and climate-related extremes,cluster_50fcb6e7a7e8,agglomerative,"{""distance_threshold"": 0.35, ""linkage"": ""average""}"
term_0571a3291c58a9b311fe,ECU/ exchange rates versus national currencies,cluster_f7c5001b3c2d,agglomerative,"{""distance_threshold"": 0.35, ""linkage"": ""average""}"
term_f861d05d4a4f18494171,EDP concept,cluster_7902889a64be,agglomerative,"{""distance_threshold"": 0.35, ""linkage"": ""average""}"
term_0bc9d7812026d642cd23,Effect of social transfers on income quintile share ratio S80/S20,cluster_e49bc44f26c0,agglomerative,"{""distance_threshold"": 0.35, ""linkage"": ""average""}"
term_a4a4b3edcc8d7cd6085f,Effect of taxes and social transfers on income quintile share ratio S80/S20,cluster_e49bc44f26c0,agglomerative,"{""distance_threshold"": 0.35, ""linkage"": ""average""}"
term_5a81cbeed5828801de9a,Effect of taxes on income quintile share ratio S80/S20,cluster_e49bc44f26c0,agglomerative,"{""distance_threshold"": 0.35, ""linkage"": ""average""}"
term_e8408c0c39a2ee76b5e1,Effect of the search for information on learning possibilities,cluster_b625d52d71ac,agglomerative,"{""distance_threshold"": 0.35, ""linkage"": ""average""}"
term_03f37ddd7760c05f14e6,Emigration,cluster_73d9fb10a4e3,agglomerative,"{""distance_threshold"": 0.35, ""linkage"": ""average""}"
term_9103eea57cdcf46024dc,Emigration by group of country of next usual residence,cluster_73d9fb10a4e3,agglomerative,"{""distance_threshold"": 0.35, ""linkage"": ""average""}"
term_1f8f0fae41b681f7c586,Employed in service sector and occupational status of recent school-leavers,cluster_d0ab5eef6d47,agglomerative,"{""distance_threshold"": 0.35, ""linkage"": ""average""}"
term_da3a141808972bc04c74,Employed information and communications technology (ICT) specialists,cluster_0958acf3e7dc,agglomerative,"{""distance_threshold"": 0.35, ""linkage"": ""average""}"
term_c4200002a7338c7b6687,Employed information and communications technology (ICT) specialists by age,cluster_0958acf3e7dc,agglomerative,"{""distance_threshold"": 0.35, ""linkage"": ""average""}"
term_3e3111335e58d17cdccc,Employed information and communications technology (ICT) specialists by sex,cluster_0958acf3e7dc,agglomerative,"{""distance_threshold"": 0.35, ""linkage"": ""average""}"
term_67f5c83397e51923fcc4,Employed persons being able to choose their methods of work or to influence their pace of work by sex and age,cluster_0958acf3e7dc,agglomerative,"{""distance_threshold"": 0.35, ""linkage"": ""average""}"
term_38a4dd1719d721f6707f,Employed persons being able to influence decisions that affect their work by sex and age,cluster_0958acf3e7dc,agglomerative,"{""distance_threshold"": 0.35, ""linkage"": ""average""}"
term_6811242889b15f0f2c53,Employed persons being self-employed without employees by sex,cluster_0958acf3e7dc,agglomerative,"{""distance_threshold"": 0.35, ""linkage"": ""average""}"
term_9a8ebfd08c41183b90a2,Employed persons discriminated at work during the last 12 months by sex and age,cluster_0958acf3e7dc,agglomerative,"{""distance_threshold"": 0.35, ""linkage"": ""average""}"
term_a87beaaa85561f1d9ec4,Employed persons expecting a possible loss of their job in the next 6 months by sex and age,cluster_0958acf3e7dc,agglomerative,"{""distance_threshold"": 0.35, ""linkage"": ""average""}"
term_25afea5a7addd2535b88,"Employed persons exposed to employment-related physical, psychological or sexual violence in the last 12 months by sex and age",cluster_0958acf3e7dc,agglomerative,"{""distance_threshold"": 0.35, ""linkage"": ""average""}"
term_27242e433d1be93f0a54,Employed persons having a good relationship with their colleagues by sex and age,cluster_0958acf3e7dc,agglomerative,"{""distance_threshold"": 0.35, ""linkage"": ""average""}"
term_817b7e03ecaf77871a16,Employed persons having more than one job by sex,cluster_0958acf3e7dc,agglomerative,"{""distance_threshold"": 0.35, ""linkage"": ""average""}"
term_c38600f740d42b451cc7,Employed persons having the opportunity to use their knowledge and skills in their current job by sex and age,cluster_0958acf3e7dc,agglomerative,"{""distance_threshold"": 0.35, ""linkage"": ""average""}"
term_449702facc8165f6c065,Employed persons having to work at very high speed or to tight deadlines by sex and age,cluster_0958acf3e7dc,agglomerative,"{""distance_threshold"": 0.35, ""linkage"": ""average""}"
term_aaf0c5793614402fcd57,Employed persons in high and medium-high technology manufacturing sectors and knowledge-intensive service sectors,cluster_a5cfad0cd27c,agglomerative,"{""distance_threshold"": 0.35, ""linkage"": ""average""}"
term_11d608dc3e71d6c4e3fd,Employed persons in sport by age,cluster_0958acf3e7dc,agglomerative,"{""distance_threshold"": 0.35, ""linkage"": ""average""}"
term_1c32aa1993dd7a26f1bb,Employed persons in sport by sex,cluster_0958acf3e7dc,agglomerative,"{""distance_threshold"": 0.35, ""linkage"": ""average""}"
term_0c34b3dc4838d861a368,Employed persons participating in job-related non-formal education and training in the past 12 months by sex and age,cluster_0958acf3e7dc,agglomerative,"{""distance_threshold"": 0.35, ""linkage"": ""average""}"
term_b5ef74d3887658a1dfa4,Employed persons perceiving that their job-related non-formal education and training helped to improve the way they work by sex and age,cluster_0958acf3e7dc,agglomerative,"{""distance_threshold"": 0.35, ""linkage"": ""average""}"
term_a653b2ed389f5293e773,Employed persons thinking that they do useful work by sex and age,cluster_0958acf3e7dc,agglomerative,"{""distance_threshold"": 0.35, ""linkage"": ""average""}"
term_ef412dc8581aa451b011,Employed persons whose job involves improving their skills by sex and age,cluster_0958acf3e7dc,agglomerative,"{""distance_threshold"": 0.35, ""linkage"": ""average""}"
term_1acfc2ff79aa8cd4608b,Employed persons whose work experience and job skills would be helpful to find another job by sex and age,cluster_0958acf3e7dc,agglomerative,"{""distance_threshold"": 0.35, ""linkage"": ""average""}"
term_34fc1133332fa3eefb76,Employed persons with information and communications technology (ICT) education by sex,cluster_0958acf3e7dc,agglomerative,"{""distance_threshold"": 0.35, ""linkage"": ""average""}"
term_dccb66bcbe9859e7cb38,Employed persons working part-time - annual data,cluster_4ad4cace8f43,agglomerative,"{""distance_threshold"": 0.35, ""linkage"": ""average""}"
term_2f9d354d354803958c0a,Employees having a good relationship with their supervisor by sex and age,cluster_0958acf3e7dc,agglomerative,"{""distance_threshold"": 0.35, ""linkage"": ""average""}"
term_325882212620c69f68c2,Employees receiving regular feedback from their supervisor by sex and age,cluster_0958acf3e7dc,agglomerative,"{""distance_threshold"": 0.35, ""linkage"": ""average""}"
term_dc40e24f4d69ed03cb88,Employees with a flexible work schedule by sex,cluster_0958acf3e7dc,agglomerative,"{""distance_threshold"": 0.35, ""linkage"": ""average""}"
term_c9831f6496bcfc3288c0,Employees with temporary contracts,cluster_0026a7097726,agglomerative,"{""distance_threshold"": 0.35, ""linkage"": ""average""}"
term_03409264fe7229fc7948,Employees with temporary contracts - annual data,cluster_0026a7097726,agglomerative,"{""distance_threshold"": 0.35, ""linkage"": ""average""}"
term_f1a2d6019fafb3ba82b6,"Employees, domestic concept",cluster_6bf71cfe17d9,agglomerative,"{""distance_threshold"": 0.35, ""linkage"": ""average""}"
term_b701edb0b46052c894a7,"Employees, domestic concept - annual data",cluster_6bf71cfe17d9,agglomerative,"{""distance_threshold"": 0.35, ""linkage"": ""average""}"
term_ca743b9337ba4d9b8d54,Employment,cluster_4c9b1b408341,agglomerative,"{""distance_threshold"": 0.35, ""linkage"": ""average""}"
term_3975fde3be8673d043a1,Employment and economic activity branches,cluster_19e992e360f9,agglomerative,"{""distance_threshold"": 0.35, ""linkage"": ""average""}"
term_6a33f33bcda42090451b,Employment and employment rates (aged 20-64) by sex,cluster_b9a3b7632ab8,agglomerative,"{""distance_threshold"": 0.35, ""linkage"": ""average""}"
term_795d9ad98feaa090e492,Employment and employment rates (aged 20-64) by sex - ENP-East countries,cluster_b9a3b7632ab8,agglomerative,"{""distance_threshold"": 0.35, ""linkage"": ""average""}"
term_ec9454af09d7d3861fda,Employment by professional status,cluster_4c9b1b408341,agglomerative,"{""distance_threshold"": 0.35, ""linkage"": ""average""}"
term_5992c9ed3e19ee9f1cca,Employment by professional status - ENP-South countries,cluster_4c9b1b408341,agglomerative,"{""distance_threshold"": 0.35, ""linkage"": ""average""}"
term_7222b4430267209c516b,Employment characteristics,cluster_4c9b1b408341,agglomerative,"{""distance_threshold"": 0.35, ""linkage"": ""average""}"
term_1216e5cffc0c3beaacd4,Employment expectations by sectors,cluster_f5e40cb5cbdd,agglomerative,"{""distance_threshold"": 0.35, ""linkage"": ""average""}"
term_a5c9e443dfb7c240a1b6,Employment expectations indicator,cluster_f5e40cb5cbdd,agglomerative,"{""distance_threshold"": 0.35, ""linkage"": ""average""}"
term_ed103e759eb80d6441c5,Employment growth (domestic concept),cluster_6bf71cfe17d9,agglomerative,"{""distance_threshold"": 0.35, ""linkage"": ""average""}"
term_65afc991fda4bfad6726,Employment growth (domestic concept) - ENP-East countries,cluster_6bf71cfe17d9,agglomerative,"{""distance_threshold"": 0.35, ""linkage"": ""average""}"
term_598b44b5a3281568bbc3,Employment in Foreign Affiliates of Domestic Enterprises,cluster_dddfcfe3c7b4,agglomerative,"{""distance_threshold"": 0.35, ""linkage"": ""average""}"
term_249f821d698e17073d0f,Employment in Foreign Controlled Enterprises,cluster_dddfcfe3c7b4,agglomerative,"{""distance_threshold"": 0.35, ""linkage"": ""average""}"
term_079ed5d6db4e3900293a,Employment in waterways transport enterprises by number of vessels in enterprises,cluster_dddfcfe3c7b4,agglomerative,"{""distance_threshold"": 0.35, ""linkage"": ""average""}"
term_289d3ad56aa1ffc52628,Employment in waterways transport enterprises by sex,cluster_0958acf3e7dc,agglomerative,"{""distance_threshold"": 0.35, ""linkage"": ""average""}"
term_98ccf44d2931bdcf2215,Employment rate,cluster_4c9b1b408341,agglomerative,"{""distance_threshold"": 0.35, ""linkage"": ""average""}"
term_6a05457df916fa51e4b7,Employment rate by citizenship,cluster_4c9b1b408341,agglomerative,"{""distance_threshold"": 0.35, ""linkage"": ""average""}"
term_11690bfa78e5b9ada064,Employment rate by sex,cluster_b9a3b7632ab8,agglomerative,"{""distance_threshold"": 0.35, ""linkage"": ""average""}"
term_a7ebeda4912ad87981e2,Employment rate of low skilled persons (age group 20-64),cluster_b9a3b7632ab8,agglomerative,"{""distance_threshold"": 0.35, ""linkage"": ""average""}"
term_a6ec76a4cb1ad6932069,Employment rate of non-EU nationals (age group 20-64),cluster_b9a3b7632ab8,agglomerative,"{""distance_threshold"": 0.35, ""linkage"": ""average""}"
term_cc6c389a3a5b9ede456e,"Employment rate of older workers, age group 55-64",cluster_b9a3b7632ab8,agglomerative,"{""distance_threshold"": 0.35, ""linkage"": ""average""}"
term_c9fa520584151533f5a2,Employment rates (aged 15-64) by sex,cluster_b9a3b7632ab8,agglomerative,"{""distance_threshold"": 0.35, ""linkage"": ""average""}"
term_27a95e3ef428412228a6,Employment rates (aged 15-64) by sex - ENP-South countries,cluster_b9a3b7632ab8,agglomerative,"{""distance_threshold"": 0.35, ""linkage"": ""average""}"
term_178890956c1e3c7acc0d,Employment rates of recent graduates,cluster_d0ab5eef6d47,agglomerative,"{""distance_threshold"": 0.35, ""linkage"": ""average""}"
term_27403ee3a08ef6612373,"Employment, domestic concept",cluster_6bf71cfe17d9,agglomerative,"{""distance_threshold"": 0.35, ""linkage"": ""average""}"
term_defff23a8f88d8548c58,"Employment, domestic concept - annual data",cluster_6bf71cfe17d9,agglomerative,"{""distance_threshold"": 0.35, ""linkage"": ""average""}"
term_e74b0b68daf6ab98bfae,"Employment, domestic concept - Total",cluster_6bf71cfe17d9,agglomerative,"{""distance_threshold"": 0.35, ""linkage"": ""average""}"
term_2baf601beea59aa08470,EMU convergence criterion series - quarterly data,cluster_4ad4cace8f43,agglomerative,"{""distance_threshold"": 0.35, ""linkage"": ""average""}"
term_d436732bf0a63018f520,end-of-life recycling input rates (EOL-RIR),cluster_ad295f715ee2,agglomerative,"{""distance_threshold"": 0.35, ""linkage"": ""average""}"
term_cc73680d0c9fca75b41c,End-stage renal failure (ESRF) patients,cluster_85e329f68c2c,agglomerative,"{""distance_threshold"": 0.35, ""linkage"": ""average""}"
term_605cfd076ad582cb9c6b,End-stage renal failure (ESRF) patients - historical data,cluster_85e329f68c2c,agglomerative,"{""distance_threshold"": 0.35, ""linkage"": ""average""}"
term_909afbbb67189e661666,"Energy - historical data (, former methodology and source)",cluster_df1661ca709c,agglomerative,"{""distance_threshold"": 0.35, ""linkage"": ""average""}"
term_45a5818d0dfe5d175b39,Energy balance - ENP-South countries,cluster_e589a82e3795,agglomerative,"{""distance_threshold"": 0.35, ""linkage"": ""average""}"
term_5196f3fa86a09d49206a,Energy import dependency by products,cluster_c574624eef1e,agglomerative,"{""distance_threshold"": 0.35, ""linkage"": ""average""}"
term_d797ab8f290b07498941,"Energy removed from district networks by customers, type of networks and efficiency of network",cluster_2e6bcbd2a80b,agglomerative,"{""distance_threshold"": 0.35, ""linkage"": ""average""}"
term_27672477692d144f2ead,Energy self-reliance,cluster_32528f9d8077,agglomerative,"{""distance_threshold"": 0.35, ""linkage"": ""average""}"
term_a4868ee078ab1cc3cb58,Enterprises by impact of COVID-19 on turnover and NACE rev.2 activity aggregate,cluster_fc59ce925147,agglomerative,"{""distance_threshold"": 0.35, ""linkage"": ""average""}"
term_68d2a3fd6749c2bc2976,Enterprises by impact of COVID-19 on turnover and NACE rev.2 activity aggregate - experimental statistics,cluster_fc59ce925147,agglomerative,"{""distance_threshold"": 0.35, ""linkage"": ""average""}"
term_3e7197bf2edeb54d3737,Enterprises by international sourcing status prior to the reference period and NACE Rev.2 activity aggregate,cluster_fc59ce925147,agglomerative,"{""distance_threshold"": 0.35, ""linkage"": ""average""}"
term_30964e0e364874c57680,Enterprises by international sourcing status prior to the reference period and NACE Rev.2 activity aggregate - experimental statistics,cluster_fc59ce925147,agglomerative,"{""distance_threshold"": 0.35, ""linkage"": ""average""}"
term_57eec8e766a90a7d7817,Enterprises by means of services supply and NACE rev.2 activity aggregate,cluster_fc59ce925147,agglomerative,"{""distance_threshold"": 0.35, ""linkage"": ""average""}"
term_fdb72b29c0a30b0bf764,Enterprises by means of services supply and NACE rev.2 activity aggregate - experimental statistics,cluster_fc59ce925147,agglomerative,"{""distance_threshold"": 0.35, ""linkage"": ""average""}"
term_3f87b24c9dae4e438d86,Enterprises by movement of business functions from abroad and by NACE Rev.2 activity,cluster_fc59ce925147,agglomerative,"{""distance_threshold"": 0.35, ""linkage"": ""average""}"
term_8b82ef20d699e60fc628,Enterprises by movement of business functions from abroad and by NACE Rev.2 activity - experimental statistics,cluster_fc59ce925147,agglomerative,"{""distance_threshold"": 0.35, ""linkage"": ""average""}"
term_da349106ed02d9e18d0b,Enterprises by sourcing status and enterprise group identification,cluster_dddfcfe3c7b4,agglomerative,"{""distance_threshold"": 0.35, ""linkage"": ""average""}"
term_84599ca00a7c7716f705,Enterprises by sourcing status and enterprise group identification - collection round - experimental statistics,cluster_dddfcfe3c7b4,agglomerative,"{""distance_threshold"": 0.35, ""linkage"": ""average""}"
term_4d739e6dd06d3df8447e,"Enterprises by status of movement of business functions from abroad, business function and NACE Rev.2 activity",cluster_fc59ce925147,agglomerative,"{""distance_threshold"": 0.35, ""linkage"": ""average""}"
term_7e3eac6e4c52d95e2c7d,"Enterprises by status of movement of business functions from abroad, business function and NACE Rev.2 activity - experimental statistics",cluster_fc59ce925147,agglomerative,"{""distance_threshold"": 0.35, ""linkage"": ""average""}"
term_58f896809b1e8894756b,Enterprises by type of buyer power asymmetry in the global value chain and NACE rev.2 activity aggregate,cluster_fc59ce925147,agglomerative,"{""distance_threshold"": 0.35, ""linkage"": ""average""}"
term_1bb5ca4dd43a6ed62812,Enterprises by type of buyer power asymmetry in the global value chain and NACE rev.2 activity aggregate - experimental statistics,cluster_fc59ce925147,agglomerative,"{""distance_threshold"": 0.35, ""linkage"": ""average""}"
term_6a07f9d49d8aedaf7f1c,Enterprises by type of movement of business functions from abroad and by NACE Rev.2 activity,cluster_fc59ce925147,agglomerative,"{""distance_threshold"": 0.35, ""linkage"": ""average""}"
term_d9cc597214e70058633f,Enterprises by type of movement of business functions from abroad and by NACE Rev.2 activity - experimental statistics,cluster_fc59ce925147,agglomerative,"{""distance_threshold"": 0.35, ""linkage"": ""average""}"
term_ff5d6a033acd82a0ce43,Enterprises by type of supplier power asymmetry in the global value chain and NACE rev.2 activity aggregate,cluster_fc59ce925147,agglomerative,"{""distance_threshold"": 0.35, ""linkage"": ""average""}"
term_2b742b4e54bc9faa3b39,Enterprises by type of supplier power asymmetry in the global value chain and NACE rev.2 activity aggregate - experimental statistics,cluster_fc59ce925147,agglomerative,"{""distance_threshold"": 0.35, ""linkage"": ""average""}"
term_f3c81f97b1bfc465084d,Enterprises employing IVT participants by NACE Rev. 1.1 activity,cluster_fc59ce925147,agglomerative,"{""distance_threshold"": 0.35, ""linkage"": ""average""}"
term_4a16c07d75b2b82d76e4,Enterprises employing IVT participants by NACE Rev. 1.1 activity - % of all enterprises,cluster_fc59ce925147,agglomerative,"{""distance_threshold"": 0.35, ""linkage"": ""average""}"
term_bf14b7ba8ae886874d7a,Enterprises employing IVT participants by NACE Rev. 2 activity,cluster_fc59ce925147,agglomerative,"{""distance_threshold"": 0.35, ""linkage"": ""average""}"
term_1c2a1d249c257dc39eef,Enterprises employing IVT participants by NACE Rev. 2 activity - % of all enterprises,cluster_fc59ce925147,agglomerative,"{""distance_threshold"": 0.35, ""linkage"": ""average""}"
term_a7dc8cac0fc93496f776,Enterprises employing IVT participants by size class,cluster_fc59ce925147,agglomerative,"{""distance_threshold"": 0.35, ""linkage"": ""average""}"
term_4fd381458241000afc80,Enterprises employing IVT participants by size class - % of all enterprises,cluster_fc59ce925147,agglomerative,"{""distance_threshold"": 0.35, ""linkage"": ""average""}"
term_067918968cdcc593f677,Enterprises having received orders online (at least 1%),cluster_dddfcfe3c7b4,agglomerative,"{""distance_threshold"": 0.35, ""linkage"": ""average""}"
term_fb46bca043bcb722fea6,Enterprises having received orders online (at least 1%) - % of enterprises,cluster_dddfcfe3c7b4,agglomerative,"{""distance_threshold"": 0.35, ""linkage"": ""average""}"
term_bee9b93fd93f24f8db47,"Enterprises in wholesale trade, repair of vehicles and motorcycles (NACE Rev.2, G)",cluster_fc59ce925147,agglomerative,"{""distance_threshold"": 0.35, ""linkage"": ""average""}"
term_55fb7cc1d878464e0004,"Enterprises in wholesale trade, repair of vehicles and motorcycles (NACE Rev.2, G) - changes in stocks",cluster_fc59ce925147,agglomerative,"{""distance_threshold"": 0.35, ""linkage"": ""average""}"
term_1d2f2af55616518d6bb8,Enterprises sourcing abroad,cluster_dddfcfe3c7b4,agglomerative,"{""distance_threshold"": 0.35, ""linkage"": ""average""}"
term_0528bcc5f59582749e56,Enterprises with members in other countries,cluster_dddfcfe3c7b4,agglomerative,"{""distance_threshold"": 0.35, ""linkage"": ""average""}"
term_a146bfc278cbd135f7f6,Environmental tax revenues as share of total taxes,cluster_aebec1c240d1,agglomerative,"{""distance_threshold"": 0.35, ""linkage"": ""average""}"
term_b1535a0aafe67779ced3,EOL-RIR,cluster_c319eca3855a,agglomerative,"{""distance_threshold"": 0.35, ""linkage"": ""average""}"
term_2fedc8c1e791b8379318,Equidae,cluster_9d1e5422150a,agglomerative,"{""distance_threshold"": 0.35, ""linkage"": ""average""}"
term_30ca8310bd2afd41d59b,Erosion,cluster_b1e84f16286c,agglomerative,"{""distance_threshold"": 0.35, ""linkage"": ""average""}"
term_41673f8dad2f41cff734,ESRF,cluster_85e329f68c2c,agglomerative,"{""distance_threshold"": 0.35, ""linkage"": ""average""}"
term_dbe95b70026be0587497,Estimated average age of young persons leaving the parental household,cluster_a03fe115e208,agglomerative,"{""distance_threshold"": 0.35, ""linkage"": ""average""}"
term_f60589cd705ad334465d,Estimated soil loss by water erosion by land cover type,cluster_b1e84f16286c,agglomerative,"{""distance_threshold"": 0.35, ""linkage"": ""average""}"
term_d26c0402843971cb5cca,"Estimated trends in fish stock biomass, by fishing areas",cluster_9ad8e70f0958,agglomerative,"{""distance_threshold"": 0.35, ""linkage"": ""average""}"
term_9ce9d829b4d5d2e04ef2,"Estimated trends in fishing pressure, by fishing area",cluster_9ad8e70f0958,agglomerative,"{""distance_threshold"": 0.35, ""linkage"": ""average""}"
term_99ff0a696e1e5aad2b4b,estimates,cluster_f5e40cb5cbdd,agglomerative,"{""distance_threshold"": 0.35, ""linkage"": ""average""}"
term_54248950df61dd90fd0f,EU and euro area aggregates,cluster_f7c5001b3c2d,agglomerative,"{""distance_threshold"": 0.35, ""linkage"": ""average""}"
term_4661fc03dc02d76484bb,EU financing to developing countries by financing source,cluster_f7c5001b3c2d,agglomerative,"{""distance_threshold"": 0.35, ""linkage"": ""average""}"
term_6acccd46b2bf96dad600,EU index of occupational diseases (=100),cluster_a18b2ece4768,agglomerative,"{""distance_threshold"": 0.35, ""linkage"": ""average""}"
term_a93ce984b251e729a7f9,EU index of occupational diseases (=100) - experimental statistics,cluster_a18b2ece4768,agglomerative,"{""distance_threshold"": 0.35, ""linkage"": ""average""}"
term_08d22779a01a142754b3,"EU level - gross weight of goods handled in main ports, by direction",cluster_b2b3f012d4f5,agglomerative,"{""distance_threshold"": 0.35, ""linkage"": ""average""}"
term_d14db3a2c2f3c525b0c3,"EU level - gross weight of goods handled in main ports, by type of cargo",cluster_b2b3f012d4f5,agglomerative,"{""distance_threshold"": 0.35, ""linkage"": ""average""}"
term_41375c15576ec88627a5,"EU level - gross weight of goods handled in main ports, by type of traffic",cluster_b2b3f012d4f5,agglomerative,"{""distance_threshold"": 0.35, ""linkage"": ""average""}"
term_e58b879791ef6cce62d1,"EU level - gross weight of goods handled in main ports, by various types of partner geographical areas",cluster_b2b3f012d4f5,agglomerative,"{""distance_threshold"": 0.35, ""linkage"": ""average""}"
term_171d4fc7f2aa33d4ff35,EU self-sufficiency for raw materials,cluster_f7c5001b3c2d,agglomerative,"{""distance_threshold"": 0.35, ""linkage"": ""average""}"
term_e25cab2198754b5a25c9,EU2030 target,cluster_d80ae2c2c145,agglomerative,"{""distance_threshold"": 0.35, ""linkage"": ""average""}"
term_97d26f2927391b8f68d9,EU27 (from),cluster_d80ae2c2c145,agglomerative,"{""distance_threshold"": 0.35, ""linkage"": ""average""}"
term_20ce7d11c82735bfa711,Euro area business climate indicator,cluster_f7c5001b3c2d,agglomerative,"{""distance_threshold"": 0.35, ""linkage"": ""average""}"
term_70f85e0eeb654073863f,Euro area business climate indicator - monthly data,cluster_f7c5001b3c2d,agglomerative,"{""distance_threshold"": 0.35, ""linkage"": ""average""}"
term_efddb77e7bad9e23deb0,"Euro yield curve by maturity (1, 5 and 10 years)",cluster_a2e4cd40e034,agglomerative,"{""distance_threshold"": 0.35, ""linkage"": ""average""}"
term_0259ded43f040d6f181f,Euro yield curves,cluster_a2e4cd40e034,agglomerative,"{""distance_threshold"": 0.35, ""linkage"": ""average""}"
term_8cedd9d81b6f75b785c8,Euro yield curves - annual data,cluster_a2e4cd40e034,agglomerative,"{""distance_threshold"": 0.35, ""linkage"": ""average""}"
term_aea496cf6c168704c7c1,Euro/national currency exchange rates,cluster_f7c5001b3c2d,agglomerative,"{""distance_threshold"": 0.35, ""linkage"": ""average""}"
term_577773e63569009ae3c1,Ever-partnered women who have experienced violence by an intimate partner and consequences of violence,cluster_5415bed44bb1,agglomerative,"{""distance_threshold"": 0.35, ""linkage"": ""average""}"
term_5b39c6a9f8dfb54cf993,"Ever-partnered women who have experienced violence by an intimate partner, by age group",cluster_5415bed44bb1,agglomerative,"{""distance_threshold"": 0.35, ""linkage"": ""average""}"
term_09e1aee2eae3f6f961d2,"Ever-partnered women who have experienced violence by an intimate partner, by country of birth",cluster_5415bed44bb1,agglomerative,"{""distance_threshold"": 0.35, ""linkage"": ""average""}"
term_20384dca48db1565ec5b,"Ever-partnered women who have experienced violence by an intimate partner, by degree of urbanisation",cluster_5415bed44bb1,agglomerative,"{""distance_threshold"": 0.35, ""linkage"": ""average""}"
term_1cb88e567ec7d81debfa,"Ever-partnered women who have experienced violence by an intimate partner, by level of disability (activity limitation)",cluster_5415bed44bb1,agglomerative,"{""distance_threshold"": 0.35, ""linkage"": ""average""}"
term_663ded70dfb903a65360,"Ever-partnered women who have experienced violence by an intimate partner, by level of education",cluster_5415bed44bb1,agglomerative,"{""distance_threshold"": 0.35, ""linkage"": ""average""}"
term_15bd913e2378f556426c,"Ever-partnered women who have experienced violence by an intimate partner, by occurrence of the last episode",cluster_5415bed44bb1,agglomerative,"{""distance_threshold"": 0.35, ""linkage"": ""average""}"
term_dcb7ab7467d8e379ecd6,"Ever-partnered women who have experienced violence by an intimate partner, by person/support service to whom violence was reported",cluster_5415bed44bb1,agglomerative,"{""distance_threshold"": 0.35, ""linkage"": ""average""}"
term_2f3f8461727aae36f222,"Ever-partnered women who have experienced violence by an intimate partner, by type and frequency of violence",cluster_5415bed44bb1,agglomerative,"{""distance_threshold"": 0.35, ""linkage"": ""average""}"
term_929499be90930e48c639,"Ever-partnered women who have experienced violence by an intimate partner, by type of violence",cluster_5415bed44bb1,agglomerative,"{""distance_threshold"": 0.35, ""linkage"": ""average""}"
term_dd2a77cf005d0fa7a876,"Ever-working women who have experienced sexual harassment at work, by age group",cluster_5415bed44bb1,agglomerative,"{""distance_threshold"": 0.35, ""linkage"": ""average""}"
term_45ff40083bc2f9e4b0aa,"Ever-working women who have experienced sexual harassment at work, by frequency",cluster_5415bed44bb1,agglomerative,"{""distance_threshold"": 0.35, ""linkage"": ""average""}"
term_afbbf45537dcbf2ce162,"Ever-working women who have experienced sexual harassment at work, by occurrence of the last episode",cluster_5415bed44bb1,agglomerative,"{""distance_threshold"": 0.35, ""linkage"": ""average""}"
term_9ad401d4f5cd17647d43,"Ever-working women who have experienced sexual harassment at work, by person/support service to whom violence was reported during last year",cluster_5415bed44bb1,agglomerative,"{""distance_threshold"": 0.35, ""linkage"": ""average""}"
term_dbd9b9a9d505b8a9256d,"Ever-working women who have experienced sexual harassment at work, by type of male perpetrator",cluster_5415bed44bb1,agglomerative,"{""distance_threshold"": 0.35, ""linkage"": ""average""}"
term_b88db311b8cabc5a552e,Excess mortality by month,cluster_f1f6ee7bbbfa,agglomerative,"{""distance_threshold"": 0.35, ""linkage"": ""average""}"
term_cbcfe9621a875de86548,Exchange rates,cluster_f7c5001b3c2d,agglomerative,"{""distance_threshold"": 0.35, ""linkage"": ""average""}"
term_dee113a071f8854cacb9,excluding cruises,cluster_8cbdd0602d88,agglomerative,"{""distance_threshold"": 0.35, ""linkage"": ""average""}"
term_f3cb84d375bcc581e819,excluding other social benefits,cluster_8cbdd0602d88,agglomerative,"{""distance_threshold"": 0.35, ""linkage"": ""average""}"
term_8dc2f79309b7cf751c98,Expected school years of pupils and students by education level,cluster_f7e741558ca2,agglomerative,"{""distance_threshold"": 0.35, ""linkage"": ""average""}"
term_9c16d79cea97b0714de5,Expenditure on education in constant prices,cluster_b340518385d2,agglomerative,"{""distance_threshold"": 0.35, ""linkage"": ""average""}"
term_b1fb19c84fd17e2fd413,Expenditure on public educational institutions,cluster_b340518385d2,agglomerative,"{""distance_threshold"": 0.35, ""linkage"": ""average""}"
term_bf772c90f95cd422ec1d,Expenditure on public educational institutions - as % of total or current expenditure,cluster_b340518385d2,agglomerative,"{""distance_threshold"": 0.35, ""linkage"": ""average""}"
term_27f5a1f9c59e1b87dc68,Expenditure on road transport vehicles and road infrastructure,cluster_586194a4eb3a,agglomerative,"{""distance_threshold"": 0.35, ""linkage"": ""average""}"
term_46da92b563b9ffdccb55,Expenditure on rolling stock and railway infrastructure,cluster_586194a4eb3a,agglomerative,"{""distance_threshold"": 0.35, ""linkage"": ""average""}"
term_6e80a6ca3ae0ebf52856,Expenditure on social protection by type,cluster_08c3029890ca,agglomerative,"{""distance_threshold"": 0.35, ""linkage"": ""average""}"
term_a87ced2df78c51659769,Expenditure on social protection per inhabitant at constant prices,cluster_08c3029890ca,agglomerative,"{""distance_threshold"": 0.35, ""linkage"": ""average""}"
term_30dd549a4d0eb8151b25,Expenditure on social protection per inhabitant in PPS,cluster_08c3029890ca,agglomerative,"{""distance_threshold"": 0.35, ""linkage"": ""average""}"
term_0121d15f00fd5074d0bf,Expenditure on waterway transport infrastructure and freight vessels,cluster_586194a4eb3a,agglomerative,"{""distance_threshold"": 0.35, ""linkage"": ""average""}"
term_32e825912e81629cb80a,Export market shares,cluster_c574624eef1e,agglomerative,"{""distance_threshold"": 0.35, ""linkage"": ""average""}"
term_af5ebaf62e30c3d40ae6,Export market shares - 3 years % change,cluster_c574624eef1e,agglomerative,"{""distance_threshold"": 0.35, ""linkage"": ""average""}"
term_dd3a04d0f30df7d40dc3,Export market shares by items - % of world total,cluster_c574624eef1e,agglomerative,"{""distance_threshold"": 0.35, ""linkage"": ""average""}"
term_0a3c3a7ea43e76fbcad4,Export market shares by items - 1 year % change,cluster_c574624eef1e,agglomerative,"{""distance_threshold"": 0.35, ""linkage"": ""average""}"
term_0e94af3dd70bbfc5fd9e,Export market shares in volume,cluster_c574624eef1e,agglomerative,"{""distance_threshold"": 0.35, ""linkage"": ""average""}"
term_9780865bfc7b9eafac5b,Export market shares in volume - HIDDEN DAT,cluster_c574624eef1e,agglomerative,"{""distance_threshold"": 0.35, ""linkage"": ""average""}"
term_069613e0c66a7729abbd,Export to import ratio,cluster_c574624eef1e,agglomerative,"{""distance_threshold"": 0.35, ""linkage"": ""average""}"
term_ba93f11393d1564c6442,Exports of goods - chemicals and related products,cluster_c574624eef1e,agglomerative,"{""distance_threshold"": 0.35, ""linkage"": ""average""}"
term_a01a0cf49b9ca6957980,"Exports of goods - food, drinks and tobacco",cluster_c574624eef1e,agglomerative,"{""distance_threshold"": 0.35, ""linkage"": ""average""}"
term_af395f1610bfa9afa413,Exports of goods - machinery and transport equipment,cluster_c574624eef1e,agglomerative,"{""distance_threshold"": 0.35, ""linkage"": ""average""}"
term_2d343edae94071bef3d4,"Exports of goods - mineral fuels, lubricants and related materials",cluster_c574624eef1e,agglomerative,"{""distance_threshold"": 0.35, ""linkage"": ""average""}"
term_5dcf9c4b56526f1ffe96,Exports of goods - other manufactured products,cluster_c574624eef1e,agglomerative,"{""distance_threshold"": 0.35, ""linkage"": ""average""}"
term_67576ea86f20f60a9097,Exports of goods - raw materials,cluster_c574624eef1e,agglomerative,"{""distance_threshold"": 0.35, ""linkage"": ""average""}"
term_57891e3537b4fdb3b481,Exports of goods - total,cluster_c574624eef1e,agglomerative,"{""distance_threshold"": 0.35, ""linkage"": ""average""}"
term_233266d63f959636da6c,Exports of goods and services in % of GDP,cluster_c574624eef1e,agglomerative,"{""distance_threshold"": 0.35, ""linkage"": ""average""}"
term_42b846a720bbfb4c74b3,"Exports of high technology products as a share of total exports (from, SITC Rev. 4)",cluster_c574624eef1e,agglomerative,"{""distance_threshold"": 0.35, ""linkage"": ""average""}"
term_aa4fea535884833418db,"Exports of high technology products as a share of total exports, SITC Rev. 4",cluster_c574624eef1e,agglomerative,"{""distance_threshold"": 0.35, ""linkage"": ""average""}"
term_7c9321b7c0768279ad98,"Exports of high technology products as a share of total exports, SITC Rev. 4 - %",cluster_c574624eef1e,agglomerative,"{""distance_threshold"": 0.35, ""linkage"": ""average""}"
term_1f25a63997bb6cfec3ea,Exposure of VET graduates to work-based learning,cluster_e7477d78f08b,agglomerative,"{""distance_threshold"": 0.35, ""linkage"": ""average""}"
term_f98c68c67133ddf86700,"External balance of goods and services, current prices",cluster_021a934ea779,agglomerative,"{""distance_threshold"": 0.35, ""linkage"": ""average""}"
term_28782b7e700259236516,"Extra-EU27 (from) trade, by Member State, total product",cluster_d80ae2c2c145,agglomerative,"{""distance_threshold"": 0.35, ""linkage"": ""average""}"
term_e92deda679ad6385c6a8,"Extra-EU27 (from) trade, by product group",cluster_d80ae2c2c145,agglomerative,"{""distance_threshold"": 0.35, ""linkage"": ""average""}"
term_14386b3ddec025af28c1,Family nuclei by number of children,cluster_7cb8d66f9985,agglomerative,"{""distance_threshold"": 0.35, ""linkage"": ""average""}"
term_40ec8e05d104aeb12074,Farm labour force,cluster_4c9b1b408341,agglomerative,"{""distance_threshold"": 0.35, ""linkage"": ""average""}"
term_11ffd6117dbaf664819a,Farm land use,cluster_e589a82e3795,agglomerative,"{""distance_threshold"": 0.35, ""linkage"": ""average""}"
term_b2655b9ea33c07fcf968,Fat contents and protein contents (cow's milk),cluster_a4e32d5cd14f,agglomerative,"{""distance_threshold"": 0.35, ""linkage"": ""average""}"
term_9019e932b45d36527032,Fat contents and protein contents (cow's milk) - annual data,cluster_a4e32d5cd14f,agglomerative,"{""distance_threshold"": 0.35, ""linkage"": ""average""}"
term_830c6e5501248c7daf5c,"Fatal accidents at work per 100 000 workers, by sex",cluster_f1f6ee7bbbfa,agglomerative,"{""distance_threshold"": 0.35, ""linkage"": ""average""}"
term_5765165ffb9276b5da9a,"FDI flows intensity, market integration",cluster_717245bdba31,agglomerative,"{""distance_threshold"": 0.35, ""linkage"": ""average""}"
term_a29ce7fbf90037cb780c,Female school-management personnel,cluster_23acc643074a,agglomerative,"{""distance_threshold"": 0.35, ""linkage"": ""average""}"
term_7835785684eb33a24d30,"Female school-management personnel - as % of total school-management personnel, by education level",cluster_23acc643074a,agglomerative,"{""distance_threshold"": 0.35, ""linkage"": ""average""}"
term_3fcd837857ce7b50cc24,Female tertiary education graduates in STEM education fields,cluster_f7e741558ca2,agglomerative,"{""distance_threshold"": 0.35, ""linkage"": ""average""}"
term_1e754e073eab94c29fcd,Female tertiary education graduates in STEM education fields - % of all tertiary education graduates in STEM education fields,cluster_f7e741558ca2,agglomerative,"{""distance_threshold"": 0.35, ""linkage"": ""average""}"
term_d532ba6c835e21017b53,Fertility rate,cluster_7df88f041311,agglomerative,"{""distance_threshold"": 0.35, ""linkage"": ""average""}"
term_070ba6ed869a373a4bc1,Fertility rate - ENP-South countries,cluster_e589a82e3795,agglomerative,"{""distance_threshold"": 0.35, ""linkage"": ""average""}"
term_fcaacdc4d59709332e62,"Fetal, peri- and neonatal mortality rates by country of occurrence",cluster_b9a3b7632ab8,agglomerative,"{""distance_threshold"": 0.35, ""linkage"": ""average""}"
term_f1ad67c786a97690fa75,Final consumption expenditure of households and non-profit institutions serving households - annual data,cluster_32528f9d8077,agglomerative,"{""distance_threshold"": 0.35, ""linkage"": ""average""}"
term_115d903267dadba6da0f,"Final consumption expenditure of households and NPISH, current prices",cluster_32528f9d8077,agglomerative,"{""distance_threshold"": 0.35, ""linkage"": ""average""}"
term_5bd6cc28bc0c9ce94e30,"Final consumption expenditure of households and NPISH, volumes",cluster_32528f9d8077,agglomerative,"{""distance_threshold"": 0.35, ""linkage"": ""average""}"
term_6460bc7536f11e160f1f,Final decisions on asylum applications by type of decision,cluster_41c8cbcb6fe5,agglomerative,"{""distance_threshold"": 0.35, ""linkage"": ""average""}"
term_8b60784b2a3fa6c03b95,Final decisions on asylum applications by type of decision - annual data,cluster_41c8cbcb6fe5,agglomerative,"{""distance_threshold"": 0.35, ""linkage"": ""average""}"
term_7a0a2262dee9261aad61,Final energy consumption,cluster_32528f9d8077,agglomerative,"{""distance_threshold"": 0.35, ""linkage"": ""average""}"
term_51b6aaaec47f6dd4ede6,Final energy consumption by agriculture and forestry sector – tonne of oil equivalent per hectare of UAA,cluster_32528f9d8077,agglomerative,"{""distance_threshold"": 0.35, ""linkage"": ""average""}"
term_d3109d94fd4d7783795d,Final energy consumption by sector,cluster_32528f9d8077,agglomerative,"{""distance_threshold"": 0.35, ""linkage"": ""average""}"
term_d43ad409983010b09e28,Final energy consumption by sector - ENP-South countries,cluster_e589a82e3795,agglomerative,"{""distance_threshold"": 0.35, ""linkage"": ""average""}"
term_d1a4526bc314fb5316ee,Final energy consumption in households per capita,cluster_32528f9d8077,agglomerative,"{""distance_threshold"": 0.35, ""linkage"": ""average""}"
term_da47405a6a7d3f912301,Financial account - annual data,cluster_4ad4cace8f43,agglomerative,"{""distance_threshold"": 0.35, ""linkage"": ""average""}"
term_0043ff0570d1d65ffca2,Financial accounts for EU institutions,cluster_f7c5001b3c2d,agglomerative,"{""distance_threshold"": 0.35, ""linkage"": ""average""}"
term_fc963c0873f6e25c1ed6,Financial aid to students,cluster_b340518385d2,agglomerative,"{""distance_threshold"": 0.35, ""linkage"": ""average""}"
term_a514be214723e7b7c2c1,Financial aid to students by education level,cluster_b340518385d2,agglomerative,"{""distance_threshold"": 0.35, ""linkage"": ""average""}"
term_d1a57151199d56c5e07f,Financial aid to students by education level - as % of total public expenditure,cluster_b340518385d2,agglomerative,"{""distance_threshold"": 0.35, ""linkage"": ""average""}"
term_45cff6bf89ed3f2f6fc7,"Financial derivatives and employee stock options - annual data, million units of national currency",cluster_7c9e9c0adc73,agglomerative,"{""distance_threshold"": 0.35, ""linkage"": ""average""}"
term_b1125f8545359c90d1a5,"Financial sector leverage, debt to equity, non-consolidated",cluster_fe8bf0004b8f,agglomerative,"{""distance_threshold"": 0.35, ""linkage"": ""average""}"
term_9b2ea962ec0ca6ffa2f1,"Financial sector leverage, debt to equity, non-consolidated - %",cluster_fe8bf0004b8f,agglomerative,"{""distance_threshold"": 0.35, ""linkage"": ""average""}"
term_cad12f4893ea631c309c,First instance decisions on asylum applications by type of decision,cluster_41c8cbcb6fe5,agglomerative,"{""distance_threshold"": 0.35, ""linkage"": ""average""}"
term_994edf8acc8b0cb8db14,First instance decisions on asylum applications by type of decision - annual aggregated data,cluster_41c8cbcb6fe5,agglomerative,"{""distance_threshold"": 0.35, ""linkage"": ""average""}"
term_665ee8cd3dd6f54dfa3e,First permits by reason,cluster_fd27aed274d2,agglomerative,"{""distance_threshold"": 0.35, ""linkage"": ""average""}"
term_a159b58ea36d09ed411b,First residence permits,cluster_fd27aed274d2,agglomerative,"{""distance_threshold"": 0.35, ""linkage"": ""average""}"
term_8546072d84501fcaf115,First residence permits by reasons,cluster_fd27aed274d2,agglomerative,"{""distance_threshold"": 0.35, ""linkage"": ""average""}"
term_61e2f93a71515a524ee7,First residence permits by reasons - % of total first residence permits,cluster_fd27aed274d2,agglomerative,"{""distance_threshold"": 0.35, ""linkage"": ""average""}"
term_92dba264dad70df67ae3,First-time asylum applicants - % of total asylum applicants,cluster_41c8cbcb6fe5,agglomerative,"{""distance_threshold"": 0.35, ""linkage"": ""average""}"
term_e546f2babc680b7a2db1,First-time asylum applications of unaccompanied minors,cluster_41c8cbcb6fe5,agglomerative,"{""distance_threshold"": 0.35, ""linkage"": ""average""}"
term_030995935acea6415d53,First-time asylum applications of unaccompanied minors - % of total first-time asylum applications of minors,cluster_41c8cbcb6fe5,agglomerative,"{""distance_threshold"": 0.35, ""linkage"": ""average""}"
term_f87cb89fb88a52ac5d2b,Fish catches,cluster_9ad8e70f0958,agglomerative,"{""distance_threshold"": 0.35, ""linkage"": ""average""}"
term_17b9fca22b76da3e2355,Fish catches - ENP-East countries,cluster_9ad8e70f0958,agglomerative,"{""distance_threshold"": 0.35, ""linkage"": ""average""}"
term_1e9090c9f485874eea09,Fish catches by fishing areas,cluster_9ad8e70f0958,agglomerative,"{""distance_threshold"": 0.35, ""linkage"": ""average""}"
term_7a1c2cfd609879a2e9a2,Fish catches by fishing areas - ENP-South countries,cluster_9ad8e70f0958,agglomerative,"{""distance_threshold"": 0.35, ""linkage"": ""average""}"
term_3a689cec8ff42fdd217d,"Fishing Fleet, Number of Vessels",cluster_c68094abfc93,agglomerative,"{""distance_threshold"": 0.35, ""linkage"": ""average""}"
term_6dd16c6d167af3dd3498,"Fishing fleet, total tonnage",cluster_c68094abfc93,agglomerative,"{""distance_threshold"": 0.35, ""linkage"": ""average""}"
term_fc7b6c07929b674c373a,flows,cluster_90371e80b42e,agglomerative,"{""distance_threshold"": 0.35, ""linkage"": ""average""}"
term_720e8f31d031c714f160,food,cluster_b310138cc685,agglomerative,"{""distance_threshold"": 0.35, ""linkage"": ""average""}"
term_5ccc4ef4f94a02799e25,Food waste,cluster_b310138cc685,agglomerative,"{""distance_threshold"": 0.35, ""linkage"": ""average""}"
term_10e50ebd3bfff9e642fe,"food, alcohol and tobacco",cluster_291a8ffad33e,agglomerative,"{""distance_threshold"": 0.35, ""linkage"": ""average""}"
term_f3ae2a10579c3fbd217e,Foreign-born population,cluster_73d9fb10a4e3,agglomerative,"{""distance_threshold"": 0.35, ""linkage"": ""average""}"
term_90bbd8af95a614d78d23,Forest and irrigated land,cluster_517108bf50cc,agglomerative,"{""distance_threshold"": 0.35, ""linkage"": ""average""}"
term_de48ee25d742f617ea1d,Formal child care by duration and age group,cluster_a03fe115e208,agglomerative,"{""distance_threshold"": 0.35, ""linkage"": ""average""}"
term_c0c778b6583bfdbb8b20,Former euro area national currencies vs. euro/ECU,cluster_f7c5001b3c2d,agglomerative,"{""distance_threshold"": 0.35, ""linkage"": ""average""}"
term_ca81a34ced7a0e315ff7,Former euro area national currencies vs. euro/ECU - annual data,cluster_f7c5001b3c2d,agglomerative,"{""distance_threshold"": 0.35, ""linkage"": ""average""}"
term_39de1f14cd5fe4b343a1,Freight and mail air transport (including national transport),cluster_586194a4eb3a,agglomerative,"{""distance_threshold"": 0.35, ""linkage"": ""average""}"
term_5e2d8a28ef31383d28d4,Freight and mail air transport (including national transport) - ENP-South countries,cluster_e589a82e3795,agglomerative,"{""distance_threshold"": 0.35, ""linkage"": ""average""}"
term_f354ea1081d17071b4ab,Freight and mail air transport over national territory (including territorial sea),cluster_586194a4eb3a,agglomerative,"{""distance_threshold"": 0.35, ""linkage"": ""average""}"
term_8480764cf559c214bf16,freight and passengers,cluster_586194a4eb3a,agglomerative,"{""distance_threshold"": 0.35, ""linkage"": ""average""}"
term_e1e2ce8193b048a77909,Frequency of internet use by individuals (aged 16-74),cluster_29f104edcb7b,agglomerative,"{""distance_threshold"": 0.35, ""linkage"": ""average""}"
term_a3818ea258adaa517f39,Frequency of internet use by individuals (aged 16-74) - ENP-East countries,cluster_29f104edcb7b,agglomerative,"{""distance_threshold"": 0.35, ""linkage"": ""average""}"
term_cb545d2d1e92295e7f38,Fresh vegetables and strawberries by area,cluster_100401722785,agglomerative,"{""distance_threshold"": 0.35, ""linkage"": ""average""}"
term_5530229cd5d75b00116b,Fresh water abstraction by source per capita,cluster_c7c1d69c4acd,agglomerative,"{""distance_threshold"": 0.35, ""linkage"": ""average""}"
term_843d95785575a9b84808,Fresh water abstraction by source per capita - m3 per capita,cluster_c7c1d69c4acd,agglomerative,"{""distance_threshold"": 0.35, ""linkage"": ""average""}"
term_d69f03a692a73a0570a1,Freshwater abstraction,cluster_c7c1d69c4acd,agglomerative,"{""distance_threshold"": 0.35, ""linkage"": ""average""}"
term_f6c4cbb734d5e15c15f9,from,cluster_f2d7baeb95d9,agglomerative,"{""distance_threshold"": 0.35, ""linkage"": ""average""}"
term_cab953064dc0dbb6f6d0,"from, SITC Rev. 4",cluster_f2d7baeb95d9,agglomerative,"{""distance_threshold"": 0.35, ""linkage"": ""average""}"
term_366e31423c1da3f1342b,GDP deflator,cluster_64461295bff6,agglomerative,"{""distance_threshold"": 0.35, ""linkage"": ""average""}"
term_2c295ea215a5bc746b20,GDP per capita in PPS,cluster_64461295bff6,agglomerative,"{""distance_threshold"": 0.35, ""linkage"": ""average""}"
term_a7f8640f667814e9fbfc,GDP weights used in the calculation of the global specific indicator,cluster_95df7df16168,agglomerative,"{""distance_threshold"": 0.35, ""linkage"": ""average""}"
term_218e785cd342580ab930,Gender coverage rate in pension by age group,cluster_c33cec3614f9,agglomerative,"{""distance_threshold"": 0.35, ""linkage"": ""average""}"
term_c897546a5e6549a9e418,Gender differences in the aggregate replacement ratio for pensions (excluding other social benefits) - EU-SILC survey,cluster_c33cec3614f9,agglomerative,"{""distance_threshold"": 0.35, ""linkage"": ""average""}"
term_5479800523a2f98e9675,Gender differences in the at-risk-of-poverty rate by age - EU-SILC survey,cluster_34cd09890693,agglomerative,"{""distance_threshold"": 0.35, ""linkage"": ""average""}"
term_2e238609443153c1dccf,Gender differences in the relative income of elderly people (65+),cluster_e49bc44f26c0,agglomerative,"{""distance_threshold"": 0.35, ""linkage"": ""average""}"
term_99869cc8c80491bbbd12,Gender differences in the relative income of elderly people (65+) - EU-SILC survey,cluster_e49bc44f26c0,agglomerative,"{""distance_threshold"": 0.35, ""linkage"": ""average""}"
term_38c1e42ad3a781b8ce27,Gender differences in the relative income of older people,cluster_e49bc44f26c0,agglomerative,"{""distance_threshold"": 0.35, ""linkage"": ""average""}"
term_09a908de463198bdf18f,Gender differences in the relative income of older people - EU-SILC survey,cluster_e49bc44f26c0,agglomerative,"{""distance_threshold"": 0.35, ""linkage"": ""average""}"
term_922fd757dd8e2ece5c17,Gender employment gap,cluster_0958acf3e7dc,agglomerative,"{""distance_threshold"": 0.35, ""linkage"": ""average""}"
term_523b5db9b2693145b25e,Gender employment gap by degree of urbanisation,cluster_0958acf3e7dc,agglomerative,"{""distance_threshold"": 0.35, ""linkage"": ""average""}"
term_9718df264a1793a565c9,"Gender employment gap, by type of employment",cluster_0958acf3e7dc,agglomerative,"{""distance_threshold"": 0.35, ""linkage"": ""average""}"
term_f36eb226e177a37eccaa,Gender gap in part-time employment,cluster_0958acf3e7dc,agglomerative,"{""distance_threshold"": 0.35, ""linkage"": ""average""}"
term_5870b15b468e197d3cf4,Gender overall earnings gap,cluster_0958acf3e7dc,agglomerative,"{""distance_threshold"": 0.35, ""linkage"": ""average""}"
term_a17ef4c5c1391f3488cf,Gender parity index by education level,cluster_f7e741558ca2,agglomerative,"{""distance_threshold"": 0.35, ""linkage"": ""average""}"
term_43aef1ba281d6ea6a5c2,Gender parity index by education level - ENP-South countries,cluster_f7e741558ca2,agglomerative,"{""distance_threshold"": 0.35, ""linkage"": ""average""}"
term_8d1eed4bf9192cca8176,Gender pay gap in unadjusted form by age and NACE Rev. 2 activity (B-S except O),cluster_0958acf3e7dc,agglomerative,"{""distance_threshold"": 0.35, ""linkage"": ""average""}"
term_ff8f716f6efc64ba6764,Gender pay gap in unadjusted form by age and NACE Rev. 2 activity (B-S except O) - structure of earnings survey methodology,cluster_0958acf3e7dc,agglomerative,"{""distance_threshold"": 0.35, ""linkage"": ""average""}"
term_24283d88c622e3ec1f99,Gender pay gap in unadjusted form by type of ownership and NACE Rev. 2 activity (B-S except O),cluster_0958acf3e7dc,agglomerative,"{""distance_threshold"": 0.35, ""linkage"": ""average""}"
term_2d6f90142a566ea7abe4,Gender pay gap in unadjusted form by type of ownership and NACE Rev. 2 activity (B-S except O) - structure of earnings survey methodology,cluster_0958acf3e7dc,agglomerative,"{""distance_threshold"": 0.35, ""linkage"": ""average""}"
term_02374882eb822f6ea795,Gender pay gap in unadjusted form by working time and NACE Rev. 2 activity (B-S except O),cluster_0958acf3e7dc,agglomerative,"{""distance_threshold"": 0.35, ""linkage"": ""average""}"
term_5b3fb0e02c6db69abd0c,Gender pay gap in unadjusted form by working time and NACE Rev. 2 activity (B-S except O) - structure of earnings survey methodology,cluster_0958acf3e7dc,agglomerative,"{""distance_threshold"": 0.35, ""linkage"": ""average""}"
term_8e241fd2f2daca8bce02,General education,cluster_05dbb63e968d,agglomerative,"{""distance_threshold"": 0.35, ""linkage"": ""average""}"
term_7a6fd71f55032e1ecddb,General government deficit (-) and surplus (+) - annual data,cluster_a2e4cd40e034,agglomerative,"{""distance_threshold"": 0.35, ""linkage"": ""average""}"
term_7f2a053fa33b8561fda4,General government deficit (-) and surplus (+) - quarterly data,cluster_a2e4cd40e034,agglomerative,"{""distance_threshold"": 0.35, ""linkage"": ""average""}"
term_5053ec330bce90502209,General government deficit/surplus,cluster_a2e4cd40e034,agglomerative,"{""distance_threshold"": 0.35, ""linkage"": ""average""}"
term_d568e02e14bc35c58cb8,General government employment,cluster_a2e4cd40e034,agglomerative,"{""distance_threshold"": 0.35, ""linkage"": ""average""}"
term_e7c0eb872bd0448f567a,General government expenditure by function,cluster_a2e4cd40e034,agglomerative,"{""distance_threshold"": 0.35, ""linkage"": ""average""}"
term_44f79c6c416b8855d6e1,"General government gross debt (EDP concept), consolidated",cluster_a2e4cd40e034,agglomerative,"{""distance_threshold"": 0.35, ""linkage"": ""average""}"
term_9f43ea56dd93679d1dd9,"General government gross debt (EDP concept), consolidated - annual data",cluster_a2e4cd40e034,agglomerative,"{""distance_threshold"": 0.35, ""linkage"": ""average""}"
term_6c1d352d8a52937a1ba2,General government gross debt - annual data,cluster_a2e4cd40e034,agglomerative,"{""distance_threshold"": 0.35, ""linkage"": ""average""}"
term_0cf259f3c91fe4f1dc28,General government gross debt - quarterly data,cluster_a2e4cd40e034,agglomerative,"{""distance_threshold"": 0.35, ""linkage"": ""average""}"
term_ccaa467fc2701d1fba5c,General government gross fixed capital formation,cluster_9b40d7be4c03,agglomerative,"{""distance_threshold"": 0.35, ""linkage"": ""average""}"
term_e438de3225c9725c995d,General government gross fixed capital formation - annual data,cluster_9b40d7be4c03,agglomerative,"{""distance_threshold"": 0.35, ""linkage"": ""average""}"
term_537dee1205ecb32bbdaa,General government total expenditure on law courts,cluster_a2e4cd40e034,agglomerative,"{""distance_threshold"": 0.35, ""linkage"": ""average""}"
term_52b24368cca22aa4d42d,General indicators,cluster_f5e40cb5cbdd,agglomerative,"{""distance_threshold"": 0.35, ""linkage"": ""average""}"
term_b3977ea577f36c387e3f,Generation of municipal waste per capita,cluster_ad295f715ee2,agglomerative,"{""distance_threshold"": 0.35, ""linkage"": ""average""}"
term_ba97aec68c7eead08fb8,Generation of packaging waste per capita,cluster_ad295f715ee2,agglomerative,"{""distance_threshold"": 0.35, ""linkage"": ""average""}"
term_d6dabc8373363678baec,Generation of plastic packaging waste per capita,cluster_ad295f715ee2,agglomerative,"{""distance_threshold"": 0.35, ""linkage"": ""average""}"
term_2331eaa212d7600b9d80,Generation of waste by hazardousness,cluster_ad295f715ee2,agglomerative,"{""distance_threshold"": 0.35, ""linkage"": ""average""}"
term_2c831a04c88e8121f98b,Generation of waste by households,cluster_ad295f715ee2,agglomerative,"{""distance_threshold"": 0.35, ""linkage"": ""average""}"
term_2a0f787fbd72a2d7c3e7,Generation of waste by households - ENP-South countries,cluster_ad295f715ee2,agglomerative,"{""distance_threshold"": 0.35, ""linkage"": ""average""}"
term_29218fee0d65edf3b177,Generation of waste by sector,cluster_ad295f715ee2,agglomerative,"{""distance_threshold"": 0.35, ""linkage"": ""average""}"
term_3a96181f535cf675fed7,Generation of waste excluding major mineral wastes per GDP unit,cluster_ad295f715ee2,agglomerative,"{""distance_threshold"": 0.35, ""linkage"": ""average""}"
term_dce09ee6aea3baa3c08d,GERD,cluster_c319eca3855a,agglomerative,"{""distance_threshold"": 0.35, ""linkage"": ""average""}"
term_713204dc2ee4ab1bd2ec,GHG (Green House Gases) emissions,cluster_d2763383b5ab,agglomerative,"{""distance_threshold"": 0.35, ""linkage"": ""average""}"
term_87a753574448dc6084bb,Gini coefficient of equivalised disposable income,cluster_e49bc44f26c0,agglomerative,"{""distance_threshold"": 0.35, ""linkage"": ""average""}"
term_0e2307e31f6b17f4428d,Gini coefficient of equivalised disposable income before social transfers (pensions excluded from social transfers),cluster_e49bc44f26c0,agglomerative,"{""distance_threshold"": 0.35, ""linkage"": ""average""}"
term_5b8a86d13344cbd5b242,Gini coefficient of equivalised disposable income before social transfers (pensions included in social transfers),cluster_e49bc44f26c0,agglomerative,"{""distance_threshold"": 0.35, ""linkage"": ""average""}"
term_577b998e77e6ecacb649,Gini coefficient of equivalised disposable income by age,cluster_e49bc44f26c0,agglomerative,"{""distance_threshold"": 0.35, ""linkage"": ""average""}"
term_fc07b47631d01b3c08c3,Gini coefficient on household population,cluster_e49bc44f26c0,agglomerative,"{""distance_threshold"": 0.35, ""linkage"": ""average""}"
term_48f8ab7f344df9f62f58,Gini coefficient on household population - experimental statistics,cluster_e49bc44f26c0,agglomerative,"{""distance_threshold"": 0.35, ""linkage"": ""average""}"
term_edff8f8bfb38b7801aef,Goods and passenger train traffic performance,cluster_58c47e3d47ef,agglomerative,"{""distance_threshold"": 0.35, ""linkage"": ""average""}"
term_a074fd9dd2e53d1c1d28,"Goods and services, imports and exports",cluster_c574624eef1e,agglomerative,"{""distance_threshold"": 0.35, ""linkage"": ""average""}"
term_7c7d663e6be11fcca38d,Goods road transport enterprises by employment size classes,cluster_dddfcfe3c7b4,agglomerative,"{""distance_threshold"": 0.35, ""linkage"": ""average""}"
term_6f657ad56da603744e65,Goods road transport enterprises by number of vehicles,cluster_dddfcfe3c7b4,agglomerative,"{""distance_threshold"": 0.35, ""linkage"": ""average""}"
term_a8781b86da3b752f69bd,Goods transport by rail,cluster_586194a4eb3a,agglomerative,"{""distance_threshold"": 0.35, ""linkage"": ""average""}"
term_83f4130ed4f379e5ebf9,Goods transport by road,cluster_586194a4eb3a,agglomerative,"{""distance_threshold"": 0.35, ""linkage"": ""average""}"
term_454b60d6038aeaf7dfdf,Goods transport by waterways,cluster_586194a4eb3a,agglomerative,"{""distance_threshold"": 0.35, ""linkage"": ""average""}"
term_047c9239143df8136f91,Goods transported,cluster_586194a4eb3a,agglomerative,"{""distance_threshold"": 0.35, ""linkage"": ""average""}"
term_1575199f961fd6cde6d7,Goods transported (detailed reporting only ),cluster_8cbdd0602d88,agglomerative,"{""distance_threshold"": 0.35, ""linkage"": ""average""}"
term_f68670e75aff7b03543b,Goods transported (detailed reporting only ) - quarterly data,cluster_8cbdd0602d88,agglomerative,"{""distance_threshold"": 0.35, ""linkage"": ""average""}"
term_7abc3292942090afa980,Goods transported by rail,cluster_586194a4eb3a,agglomerative,"{""distance_threshold"": 0.35, ""linkage"": ""average""}"
term_57558496f0fd3ea26847,Goods transported by rail - ENP-East countries,cluster_586194a4eb3a,agglomerative,"{""distance_threshold"": 0.35, ""linkage"": ""average""}"
term_7b36a7699313ac1e7386,Goods transported by type of consignment,cluster_586194a4eb3a,agglomerative,"{""distance_threshold"": 0.35, ""linkage"": ""average""}"
term_dc581179adbd5dc16d34,Government bond yields,cluster_a2e4cd40e034,agglomerative,"{""distance_threshold"": 0.35, ""linkage"": ""average""}"
term_8c55204241ed0254db8b,Government bond yields - 10 years' maturity - ENP-East countries,cluster_a2e4cd40e034,agglomerative,"{""distance_threshold"": 0.35, ""linkage"": ""average""}"
term_c8965b3ed2a1c67748b5,"Government bond yields, 10 years' maturity - annual data",cluster_a2e4cd40e034,agglomerative,"{""distance_threshold"": 0.35, ""linkage"": ""average""}"
term_960dfb3909fe26a1a0db,"Government bond yields, 10 years' maturity - monthly data",cluster_a2e4cd40e034,agglomerative,"{""distance_threshold"": 0.35, ""linkage"": ""average""}"
term_d2086073216e51f6ae79,Government deficit/surplus and debt - ENP-East countries,cluster_a2e4cd40e034,agglomerative,"{""distance_threshold"": 0.35, ""linkage"": ""average""}"
term_8a9f7dac1a313e654651,Government deficit/surplus and debt - ENP-South countries,cluster_a2e4cd40e034,agglomerative,"{""distance_threshold"": 0.35, ""linkage"": ""average""}"
term_3dfd8e54220a5a7f4b4c,"Government final consumption expenditure, current prices",cluster_32528f9d8077,agglomerative,"{""distance_threshold"": 0.35, ""linkage"": ""average""}"
term_a3b5edd80874bf518515,"Government final consumption expenditure, volumes",cluster_32528f9d8077,agglomerative,"{""distance_threshold"": 0.35, ""linkage"": ""average""}"
term_000d0c45492699547811,Government support to agricultural research and development,cluster_304e4e48bba2,agglomerative,"{""distance_threshold"": 0.35, ""linkage"": ""average""}"
term_fd70526d3834f9d7dd74,Graduates at doctoral level by sex and age groups,cluster_f7e741558ca2,agglomerative,"{""distance_threshold"": 0.35, ""linkage"": ""average""}"
term_c09913cf45bdb5830bad,Graduates at doctoral level by sex and age groups - per 1000 of population aged 25-34,cluster_f7e741558ca2,agglomerative,"{""distance_threshold"": 0.35, ""linkage"": ""average""}"
term_e6b89d2f1e5126c6fdaf,"Graduates at doctoral level, in science, math., computing, engineering, manufacturing, construction, by sex",cluster_f7e741558ca2,agglomerative,"{""distance_threshold"": 0.35, ""linkage"": ""average""}"
term_75f99b8a1b5911e78516,"Graduates at doctoral level, in science, math., computing, engineering, manufacturing, construction, by sex - per 1000 of population aged 25-34",cluster_f7e741558ca2,agglomerative,"{""distance_threshold"": 0.35, ""linkage"": ""average""}"
term_3bcd9a5a9c32b07a4fdb,Graduates in tertiary education by education level,cluster_f7e741558ca2,agglomerative,"{""distance_threshold"": 0.35, ""linkage"": ""average""}"
term_27728a6d4e712cc7329a,Graduates in tertiary education by education level - women per 100 men,cluster_f7e741558ca2,agglomerative,"{""distance_threshold"": 0.35, ""linkage"": ""average""}"
term_b86ab4699fecadbd4c05,"Grain maize and corn-cob-mix by area, production and humidity",cluster_100401722785,agglomerative,"{""distance_threshold"": 0.35, ""linkage"": ""average""}"
term_a42f6f49f0d22fbc8143,Grapes by production,cluster_f1d5bb969e5f,agglomerative,"{""distance_threshold"": 0.35, ""linkage"": ""average""}"
term_e3c22ec02fae0ef07f99,Grassland butterfly index,cluster_571a4468e327,agglomerative,"{""distance_threshold"": 0.35, ""linkage"": ""average""}"
term_12988c1aab0e62364061,Grassland butterfly index - EU aggregate,cluster_571a4468e327,agglomerative,"{""distance_threshold"": 0.35, ""linkage"": ""average""}"
term_0ccfde531cf9494c97b7,Green bond issuance by corporates and governments,cluster_a2e4cd40e034,agglomerative,"{""distance_threshold"": 0.35, ""linkage"": ""average""}"
term_154fa5b15217da096661,Green bond issuance by type of issuer,cluster_a2e4cd40e034,agglomerative,"{""distance_threshold"": 0.35, ""linkage"": ""average""}"
term_9f5d8553695db4a24cad,"Green maize by area, production and humidity",cluster_100401722785,agglomerative,"{""distance_threshold"": 0.35, ""linkage"": ""average""}"
term_8a2e07590cbf630b481c,Greenhouse gas emissions from agriculture,cluster_d2763383b5ab,agglomerative,"{""distance_threshold"": 0.35, ""linkage"": ""average""}"
term_0e3fb5e8571efdb988ec,Greenhouse gases emissions from production activities,cluster_d2763383b5ab,agglomerative,"{""distance_threshold"": 0.35, ""linkage"": ""average""}"
term_ffaf9a30e0d7a69ee461,Gross debt-to-income ratio of households,cluster_64461295bff6,agglomerative,"{""distance_threshold"": 0.35, ""linkage"": ""average""}"
term_49db7acc54bc2943fa50,Gross disposable income,cluster_64461295bff6,agglomerative,"{""distance_threshold"": 0.35, ""linkage"": ""average""}"
term_03fbe91d9fb3780da7f3,Gross domestic expenditure on R&D (GERD),cluster_304e4e48bba2,agglomerative,"{""distance_threshold"": 0.35, ""linkage"": ""average""}"
term_e147987d892497288288,Gross domestic expenditure on R&D (GERD) - ENP-East countries,cluster_304e4e48bba2,agglomerative,"{""distance_threshold"": 0.35, ""linkage"": ""average""}"
term_157213bbb658b7604c19,Gross domestic expenditure on research and development (R&D),cluster_304e4e48bba2,agglomerative,"{""distance_threshold"": 0.35, ""linkage"": ""average""}"
term_9f55fe8d95776762c3e3,Gross domestic product at market prices - ENP-East countries,cluster_9b40d7be4c03,agglomerative,"{""distance_threshold"": 0.35, ""linkage"": ""average""}"
term_930c45421b51de6645cd,Gross domestic product at market prices - ENP-South countries,cluster_9b40d7be4c03,agglomerative,"{""distance_threshold"": 0.35, ""linkage"": ""average""}"
term_cec938ba052542d9d4b6,Gross domestic product at market prices by expenditure,cluster_9b40d7be4c03,agglomerative,"{""distance_threshold"": 0.35, ""linkage"": ""average""}"
term_3300b84d8d1e1cbc3fa4,Gross domestic product at market prices by expenditure - ENP-East countries,cluster_9b40d7be4c03,agglomerative,"{""distance_threshold"": 0.35, ""linkage"": ""average""}"
term_dc071a8bc9f2763851ec,Gross domestic product at market prices by expenditure - ENP-South countries,cluster_9b40d7be4c03,agglomerative,"{""distance_threshold"": 0.35, ""linkage"": ""average""}"
term_8c80a20920007a0c2a77,"Gross domestic product, current prices",cluster_021a934ea779,agglomerative,"{""distance_threshold"": 0.35, ""linkage"": ""average""}"
term_b28f611947fbb9543e41,"Gross domestic product, volumes",cluster_9b40d7be4c03,agglomerative,"{""distance_threshold"": 0.35, ""linkage"": ""average""}"
term_df5a99f9211bbfeee369,Gross external debt of the whole economy - ENP-East countries,cluster_95df7df16168,agglomerative,"{""distance_threshold"": 0.35, ""linkage"": ""average""}"
term_6b64eb6600a1e660f840,Gross external debt of the whole economy - ENP-South countries,cluster_95df7df16168,agglomerative,"{""distance_threshold"": 0.35, ""linkage"": ""average""}"
term_b8ada1d533e5426fee18,"Gross external debt of the whole economy, relative to exports of goods and services",cluster_95df7df16168,agglomerative,"{""distance_threshold"": 0.35, ""linkage"": ""average""}"
term_82d0dc8f2b001b92327e,"Gross external debt of the whole economy, relative to exports of goods and services - ENP-East countries",cluster_95df7df16168,agglomerative,"{""distance_threshold"": 0.35, ""linkage"": ""average""}"
term_3a0a2888d5098be97de5,Gross fixed capital formation (investments),cluster_9b40d7be4c03,agglomerative,"{""distance_threshold"": 0.35, ""linkage"": ""average""}"
term_b909730e54c564d77499,Gross fixed capital formation at current prices,cluster_9b40d7be4c03,agglomerative,"{""distance_threshold"": 0.35, ""linkage"": ""average""}"
term_aa4e3596e1241a2aafa1,"Gross fixed capital formation, current prices",cluster_9b40d7be4c03,agglomerative,"{""distance_threshold"": 0.35, ""linkage"": ""average""}"
term_8f8b805330b9b670f151,"Gross fixed capital formation, volumes",cluster_9b40d7be4c03,agglomerative,"{""distance_threshold"": 0.35, ""linkage"": ""average""}"
term_54a3bcdbf8f08629560f,Gross national income,cluster_64461295bff6,agglomerative,"{""distance_threshold"": 0.35, ""linkage"": ""average""}"
term_dabaa8001f873ce3c478,Gross national income (GNI) per capita,cluster_64461295bff6,agglomerative,"{""distance_threshold"": 0.35, ""linkage"": ""average""}"
term_d936cce771b506a7c321,Gross saving,cluster_64461295bff6,agglomerative,"{""distance_threshold"": 0.35, ""linkage"": ""average""}"
term_523720a52ca07c570e36,Gross value added - NACE Rev. 2: - current prices,cluster_9b40d7be4c03,agglomerative,"{""distance_threshold"": 0.35, ""linkage"": ""average""}"
term_de1275695e85a9ad231b,Gross value added - NACE Rev. 2: - volumes,cluster_9b40d7be4c03,agglomerative,"{""distance_threshold"": 0.35, ""linkage"": ""average""}"
term_1b36ae99c8e59f36e985,Gross value added - NACE Rev. 2: A - current prices,cluster_9b40d7be4c03,agglomerative,"{""distance_threshold"": 0.35, ""linkage"": ""average""}"
term_284c77bb50fa6394ff34,Gross value added - NACE Rev. 2: A - volumes,cluster_9b40d7be4c03,agglomerative,"{""distance_threshold"": 0.35, ""linkage"": ""average""}"
term_e627eb2b6cef0cf15347,Gross value added - NACE Rev. 2: B-E - current prices,cluster_9b40d7be4c03,agglomerative,"{""distance_threshold"": 0.35, ""linkage"": ""average""}"
term_b02ae624a643197bb062,Gross value added - NACE Rev. 2: B-E - volumes,cluster_9b40d7be4c03,agglomerative,"{""distance_threshold"": 0.35, ""linkage"": ""average""}"
term_8cddf207ccad91a60de9,Gross value added - NACE Rev. 2: C - current prices,cluster_9b40d7be4c03,agglomerative,"{""distance_threshold"": 0.35, ""linkage"": ""average""}"
term_43b3e9a5541c91515e12,Gross value added - NACE Rev. 2: C - volumes,cluster_9b40d7be4c03,agglomerative,"{""distance_threshold"": 0.35, ""linkage"": ""average""}"
term_aa9dcb3b1b5e3cb0f0d6,Gross value added - NACE Rev. 2: F - current prices,cluster_9b40d7be4c03,agglomerative,"{""distance_threshold"": 0.35, ""linkage"": ""average""}"
term_bca0c3b7c19ae02f790f,Gross value added - NACE Rev. 2: F - volumes,cluster_9b40d7be4c03,agglomerative,"{""distance_threshold"": 0.35, ""linkage"": ""average""}"
term_ce2cdc7f7b3486cc640f,Gross value added - NACE Rev. 2: G-I - current prices,cluster_9b40d7be4c03,agglomerative,"{""distance_threshold"": 0.35, ""linkage"": ""average""}"
term_4a7ca24e09ef4e55de2f,Gross value added - NACE Rev. 2: G-I - volumes,cluster_9b40d7be4c03,agglomerative,"{""distance_threshold"": 0.35, ""linkage"": ""average""}"
term_120e767f33d49114efb9,Gross value added - NACE Rev. 2: J - current prices,cluster_9b40d7be4c03,agglomerative,"{""distance_threshold"": 0.35, ""linkage"": ""average""}"
term_f9712695721fec6734d3,Gross value added - NACE Rev. 2: J - volumes,cluster_9b40d7be4c03,agglomerative,"{""distance_threshold"": 0.35, ""linkage"": ""average""}"
term_132a92984b672ddddfbe,Gross value added - NACE Rev. 2: K - current prices,cluster_9b40d7be4c03,agglomerative,"{""distance_threshold"": 0.35, ""linkage"": ""average""}"
term_d9fb3aeefcbd7e2f796a,Gross value added - NACE Rev. 2: K - volumes,cluster_9b40d7be4c03,agglomerative,"{""distance_threshold"": 0.35, ""linkage"": ""average""}"
term_7f231a9b7cbedf86f343,Gross value added - NACE Rev. 2: L - current prices,cluster_9b40d7be4c03,agglomerative,"{""distance_threshold"": 0.35, ""linkage"": ""average""}"
term_8d79218e8970c663f49b,Gross value added - NACE Rev. 2: L - volumes,cluster_9b40d7be4c03,agglomerative,"{""distance_threshold"": 0.35, ""linkage"": ""average""}"
term_6b43fbddf11cc0d86ec7,Gross value added - NACE Rev. 2: M_N - current prices,cluster_9b40d7be4c03,agglomerative,"{""distance_threshold"": 0.35, ""linkage"": ""average""}"
term_6a4b2ac0d5193a131324,Gross value added - NACE Rev. 2: M_N - volumes,cluster_9b40d7be4c03,agglomerative,"{""distance_threshold"": 0.35, ""linkage"": ""average""}"
term_45e5d4ea6d3cfabd1255,Gross value added - NACE Rev. 2: O-Q - current prices,cluster_9b40d7be4c03,agglomerative,"{""distance_threshold"": 0.35, ""linkage"": ""average""}"
term_904fdc9e8e59b47185f3,Gross value added - NACE Rev. 2: O-Q - volumes,cluster_9b40d7be4c03,agglomerative,"{""distance_threshold"": 0.35, ""linkage"": ""average""}"
term_2a7c2482523dd275c758,Gross value added - NACE Rev. 2: R-U - current prices,cluster_9b40d7be4c03,agglomerative,"{""distance_threshold"": 0.35, ""linkage"": ""average""}"
term_05a5d4d4a9fe9df881fb,Gross value added - NACE Rev. 2: R-U - volumes,cluster_9b40d7be4c03,agglomerative,"{""distance_threshold"": 0.35, ""linkage"": ""average""}"
term_7b14b367f153f0478857,Gross value added by industry,cluster_9b40d7be4c03,agglomerative,"{""distance_threshold"": 0.35, ""linkage"": ""average""}"
term_df1a5ad7a443268181aa,Gross value added by industry - ENP-East countries,cluster_9b40d7be4c03,agglomerative,"{""distance_threshold"": 0.35, ""linkage"": ""average""}"
term_9fbaa45e3349ea71692d,Gross value added by industry - ENP-South countries,cluster_9b40d7be4c03,agglomerative,"{""distance_threshold"": 0.35, ""linkage"": ""average""}"
term_07eb873c84a3b89ea386,Gross value added in environmental goods and services sector,cluster_9b40d7be4c03,agglomerative,"{""distance_threshold"": 0.35, ""linkage"": ""average""}"
term_38c663b569ebe677c2d6,Gross value added of the agricultural industry,cluster_9b40d7be4c03,agglomerative,"{""distance_threshold"": 0.35, ""linkage"": ""average""}"
term_fb061a2388528d4de67d,Gross value added of the agricultural industry - basic and producer prices,cluster_9b40d7be4c03,agglomerative,"{""distance_threshold"": 0.35, ""linkage"": ""average""}"
term_77db762d503f8c2112f8,Gross weight of dry bulk goods transported in short sea shipping from/to the top 5 EU ports for dry bulk goods,cluster_b2b3f012d4f5,agglomerative,"{""distance_threshold"": 0.35, ""linkage"": ""average""}"
term_65ebf0c0958b87bdcac8,Gross weight of goods handled,cluster_b2b3f012d4f5,agglomerative,"{""distance_threshold"": 0.35, ""linkage"": ""average""}"
term_a3d75e6ab93d57a34493,Gross weight of goods handled - ENP-East countries,cluster_b2b3f012d4f5,agglomerative,"{""distance_threshold"": 0.35, ""linkage"": ""average""}"
term_af27172d2dca202d9764,gross weight of goods handled in all ports,cluster_b2b3f012d4f5,agglomerative,"{""distance_threshold"": 0.35, ""linkage"": ""average""}"
term_6361f000a966751ad137,Gross weight of goods handled in all ports by direction,cluster_b2b3f012d4f5,agglomerative,"{""distance_threshold"": 0.35, ""linkage"": ""average""}"
term_4618a6767a89ca968bfa,Gross weight of goods handled in all ports by direction - ENP-South countries,cluster_b2b3f012d4f5,agglomerative,"{""distance_threshold"": 0.35, ""linkage"": ""average""}"
term_ab5cb6d657cfb86e547d,gross weight of goods handled in each port,cluster_b2b3f012d4f5,agglomerative,"{""distance_threshold"": 0.35, ""linkage"": ""average""}"
term_627ade544c615b55fb84,gross weight of goods handled in main ports,cluster_b2b3f012d4f5,agglomerative,"{""distance_threshold"": 0.35, ""linkage"": ""average""}"
term_519a9dfb2e517a85e0fb,"gross weight of goods handled in main ports, by direction",cluster_b2b3f012d4f5,agglomerative,"{""distance_threshold"": 0.35, ""linkage"": ""average""}"
term_e040defee705c6539725,"gross weight of goods handled in main ports, by type of cargo",cluster_b2b3f012d4f5,agglomerative,"{""distance_threshold"": 0.35, ""linkage"": ""average""}"
term_077a8076be5b370a2fad,"gross weight of goods handled in main ports, by type of traffic",cluster_b2b3f012d4f5,agglomerative,"{""distance_threshold"": 0.35, ""linkage"": ""average""}"
term_22bf5de16e0fdc3b7d93,"gross weight of goods handled in main ports, by various types of partner geographical areas",cluster_b2b3f012d4f5,agglomerative,"{""distance_threshold"": 0.35, ""linkage"": ""average""}"
term_d8c985bf3d3aec596622,Gross weight of goods handled in the top 20 EU ports by direction,cluster_b2b3f012d4f5,agglomerative,"{""distance_threshold"": 0.35, ""linkage"": ""average""}"
term_988b99bd2801c8911f55,gross weight of goods in containers handled in each port,cluster_b2b3f012d4f5,agglomerative,"{""distance_threshold"": 0.35, ""linkage"": ""average""}"
term_684770e20fcc03635ea1,Gross weight of goods in containers transported in short sea shipping from/to the top 5 EU ports for goods in containers,cluster_b2b3f012d4f5,agglomerative,"{""distance_threshold"": 0.35, ""linkage"": ""average""}"
term_32c1d4321267fe4eb962,gross weight of goods in Ro-Ro units handled in each port,cluster_b2b3f012d4f5,agglomerative,"{""distance_threshold"": 0.35, ""linkage"": ""average""}"
term_9cedd100584c1a2e3c09,Gross weight of goods in Ro-ro units transported in short sea shipping from/to the top 5 EU ports for goods in Ro-ro units,cluster_b2b3f012d4f5,agglomerative,"{""distance_threshold"": 0.35, ""linkage"": ""average""}"
term_f05dc66b43a245fd67c2,gross weight of goods transported to/from main ports,cluster_b2b3f012d4f5,agglomerative,"{""distance_threshold"": 0.35, ""linkage"": ""average""}"
term_4888eefe70fe4ed02e10,"gross weight of goods transported to/from main ports, by direction",cluster_b2b3f012d4f5,agglomerative,"{""distance_threshold"": 0.35, ""linkage"": ""average""}"
term_eb450627122a1664dc13,"gross weight of goods transported to/from main ports, by type of cargo for each sea region of partner ports",cluster_b2b3f012d4f5,agglomerative,"{""distance_threshold"": 0.35, ""linkage"": ""average""}"
term_dc87455c6768dc28051e,gross weight of liquid bulk goods handled in each port,cluster_b2b3f012d4f5,agglomerative,"{""distance_threshold"": 0.35, ""linkage"": ""average""}"
term_e6cd08c5e530a7d55c17,Gross weight of liquid bulk goods transported in short sea shipping from/to the top 5 EU ports for liquid bulk goods,cluster_b2b3f012d4f5,agglomerative,"{""distance_threshold"": 0.35, ""linkage"": ""average""}"
term_88abdb64a3b91f0e59c2,Guest nights spent at short-stay accommodation offered via collaborative economy platforms by mode of accommodation,cluster_999025c3d872,agglomerative,"{""distance_threshold"": 0.35, ""linkage"": ""average""}"
term_a82ba53f3b1fa49a08ae,Guest nights spent at short-stay accommodation offered via collaborative economy platforms by mode of accommodation - experimental statistics,cluster_999025c3d872,agglomerative,"{""distance_threshold"": 0.35, ""linkage"": ""average""}"
term_805ab8e47c040de7ad30,Guest nights spent at short-stay accommodation offered via collaborative economy platforms by size class of accommodation,cluster_999025c3d872,agglomerative,"{""distance_threshold"": 0.35, ""linkage"": ""average""}"
term_d6fb09b1c2a241521ea0,Guest nights spent at short-stay accommodation offered via collaborative economy platforms by size class of accommodation - experimental statistics,cluster_999025c3d872,agglomerative,"{""distance_threshold"": 0.35, ""linkage"": ""average""}"
term_3dbc7e5444fb23d6d899,Harmonised risk indicator 1 for pesticides by categorisation of active substances,cluster_0e3e19fd0dd0,agglomerative,"{""distance_threshold"": 0.35, ""linkage"": ""average""}"
term_7fad463e4005feb7eac9,Hauled passenger railway vehicle traffic performance by type of railway vehicle speed,cluster_58c47e3d47ef,agglomerative,"{""distance_threshold"": 0.35, ""linkage"": ""average""}"
term_daaab65add601ee75023,Hauled passenger railway vehicle traffic performance by type of railway vehicle speed - seat km,cluster_58c47e3d47ef,agglomerative,"{""distance_threshold"": 0.35, ""linkage"": ""average""}"
term_7d3f1c64217bc025a988,Hauled vehicle traffic performance,cluster_58c47e3d47ef,agglomerative,"{""distance_threshold"": 0.35, ""linkage"": ""average""}"
term_c9758f99f3da483f59e5,Hauled vehicle traffic performance - tkm,cluster_58c47e3d47ef,agglomerative,"{""distance_threshold"": 0.35, ""linkage"": ""average""}"
term_b28741ef4ee8a1420a20,Health care expenditure,cluster_08c3029890ca,agglomerative,"{""distance_threshold"": 0.35, ""linkage"": ""average""}"
term_7a46a9a0691b4a23f53b,Health care expenditure - % of GDP - ENP-East countries,cluster_08c3029890ca,agglomerative,"{""distance_threshold"": 0.35, ""linkage"": ""average""}"
term_9180a9499c0c5423401c,Health impacts of air pollution,cluster_d2763383b5ab,agglomerative,"{""distance_threshold"": 0.35, ""linkage"": ""average""}"
term_5220f3f435976112ea7a,Healthy life years,cluster_5905555b7ace,agglomerative,"{""distance_threshold"": 0.35, ""linkage"": ""average""}"
term_eecf6953fb6bba9f2147,Healthy life years at 65 - females,cluster_5905555b7ace,agglomerative,"{""distance_threshold"": 0.35, ""linkage"": ""average""}"
term_bf2a262a2c8e85c202b1,Healthy life years at 65 - males,cluster_5905555b7ace,agglomerative,"{""distance_threshold"": 0.35, ""linkage"": ""average""}"
term_83f85cb8dc5f06a667ca,Healthy life years at age 65 by sex,cluster_5905555b7ace,agglomerative,"{""distance_threshold"": 0.35, ""linkage"": ""average""}"
term_8c0da67ed1006687b002,Healthy life years at birth by sex,cluster_5905555b7ace,agglomerative,"{""distance_threshold"": 0.35, ""linkage"": ""average""}"
term_1714c3b2c3cbe13e13e7,HICP - alcohol and tobacco,cluster_291a8ffad33e,agglomerative,"{""distance_threshold"": 0.35, ""linkage"": ""average""}"
term_96cd83bed7a59af9c312,HICP - all items,cluster_291a8ffad33e,agglomerative,"{""distance_threshold"": 0.35, ""linkage"": ""average""}"
term_ec6307e017a1ec3112d9,HICP - all items - annual average indices,cluster_4ad4cace8f43,agglomerative,"{""distance_threshold"": 0.35, ""linkage"": ""average""}"
term_2166e87062afc7130860,HICP - all items excluding energy,cluster_291a8ffad33e,agglomerative,"{""distance_threshold"": 0.35, ""linkage"": ""average""}"
term_dfef0bc6fec023da7d6f,HICP - all items excluding energy and seasonal food,cluster_291a8ffad33e,agglomerative,"{""distance_threshold"": 0.35, ""linkage"": ""average""}"
term_5589817532966513588f,HICP - all items excluding energy and unprocessed food,cluster_291a8ffad33e,agglomerative,"{""distance_threshold"": 0.35, ""linkage"": ""average""}"
term_eec19635403fa562b0d0,"HICP - all items excluding energy, food, alcohol and tobacco",cluster_291a8ffad33e,agglomerative,"{""distance_threshold"": 0.35, ""linkage"": ""average""}"
term_4ce121c811aafc35d233,HICP - all items excluding tobacco,cluster_291a8ffad33e,agglomerative,"{""distance_threshold"": 0.35, ""linkage"": ""average""}"
term_97a52f83cf9679454796,HICP - clothing,cluster_291a8ffad33e,agglomerative,"{""distance_threshold"": 0.35, ""linkage"": ""average""}"
term_dc78eb82f20ae98aea8b,HICP - communications,cluster_291a8ffad33e,agglomerative,"{""distance_threshold"": 0.35, ""linkage"": ""average""}"
term_eb8c99943c7bf24ade49,HICP - country weights,cluster_291a8ffad33e,agglomerative,"{""distance_threshold"": 0.35, ""linkage"": ""average""}"
term_14dfb8649a706fe9ff1b,HICP - education,cluster_291a8ffad33e,agglomerative,"{""distance_threshold"": 0.35, ""linkage"": ""average""}"
term_f0cf33cba7f262331b61,HICP - energy,cluster_291a8ffad33e,agglomerative,"{""distance_threshold"": 0.35, ""linkage"": ""average""}"
term_eaab3fc64e145be46e23,HICP - food,cluster_291a8ffad33e,agglomerative,"{""distance_threshold"": 0.35, ""linkage"": ""average""}"
term_d34dc1c2ffc13dc1484b,"HICP - food, alcohol and tobacco",cluster_291a8ffad33e,agglomerative,"{""distance_threshold"": 0.35, ""linkage"": ""average""}"
term_1e0b2bfdc6938c46a19b,HICP - health,cluster_291a8ffad33e,agglomerative,"{""distance_threshold"": 0.35, ""linkage"": ""average""}"
term_88075fa39a20cb2fd639,HICP - hotels and restaurants,cluster_291a8ffad33e,agglomerative,"{""distance_threshold"": 0.35, ""linkage"": ""average""}"
term_2f9a3cdd454eea6132d4,HICP - household equipment,cluster_291a8ffad33e,agglomerative,"{""distance_threshold"": 0.35, ""linkage"": ""average""}"
term_6fad058a31cd9444c9c5,HICP - housing,cluster_291a8ffad33e,agglomerative,"{""distance_threshold"": 0.35, ""linkage"": ""average""}"
term_d21097248b037ca71a01,HICP - inflation rate,cluster_7df88f041311,agglomerative,"{""distance_threshold"": 0.35, ""linkage"": ""average""}"
term_3b59ca06a899454b78b8,HICP - miscellaneous goods and services,cluster_291a8ffad33e,agglomerative,"{""distance_threshold"": 0.35, ""linkage"": ""average""}"
term_369d87390f41753c141f,HICP - non-energy industrial goods,cluster_291a8ffad33e,agglomerative,"{""distance_threshold"": 0.35, ""linkage"": ""average""}"
term_b879826b5838bae68f75,HICP - recreation and culture,cluster_291a8ffad33e,agglomerative,"{""distance_threshold"": 0.35, ""linkage"": ""average""}"
term_a758c3ee913770250a85,HICP - services,cluster_291a8ffad33e,agglomerative,"{""distance_threshold"": 0.35, ""linkage"": ""average""}"
term_9b83e3239cd2a5b6767f,HICP - transport,cluster_291a8ffad33e,agglomerative,"{""distance_threshold"": 0.35, ""linkage"": ""average""}"
term_4905cdd8d7ab7bd9d044,HIDDEN DAT,cluster_904b0ad941c3,agglomerative,"{""distance_threshold"": 0.35, ""linkage"": ""average""}"
term_74c1c11db0e9d66f5792,"High-speed internet coverage, by type of area",cluster_35d475516947,agglomerative,"{""distance_threshold"": 0.35, ""linkage"": ""average""}"
term_308ea52be570d7c58186,"High-tech exports - Exports of high technology products as a share of total exports (from, SITC Rev. 4)",cluster_c574624eef1e,agglomerative,"{""distance_threshold"": 0.35, ""linkage"": ""average""}"
term_86b8c621d933d5f97252,Higher education,cluster_05dbb63e968d,agglomerative,"{""distance_threshold"": 0.35, ""linkage"": ""average""}"
term_ec8f8de7eae00a123306,"historical data (, former methodology and source)",cluster_df1661ca709c,agglomerative,"{""distance_threshold"": 0.35, ""linkage"": ""average""}"
term_77bf13cbded1bf5beba9,homicide in cities,cluster_3784f65f14dd,agglomerative,"{""distance_threshold"": 0.35, ""linkage"": ""average""}"
term_3dcc8605b412f2ed76c2,Hospital beds,cluster_33e2ad4f485a,agglomerative,"{""distance_threshold"": 0.35, ""linkage"": ""average""}"
term_67cd23748b5cdfb364ff,Hours spent in CVT courses by NACE Rev. 1.1 activity - per participant,cluster_fc59ce925147,agglomerative,"{""distance_threshold"": 0.35, ""linkage"": ""average""}"
term_501301a8f05ab8feac07,Hours spent in CVT courses by NACE Rev. 1.1 activity - per person employed in all enterprises,cluster_fc59ce925147,agglomerative,"{""distance_threshold"": 0.35, ""linkage"": ""average""}"
term_301578ad5a587c2f1f86,Hours spent in CVT courses by NACE Rev. 1.1 activity - per person employed in enterprises providing CVT courses,cluster_fc59ce925147,agglomerative,"{""distance_threshold"": 0.35, ""linkage"": ""average""}"
term_3dd3c972a60bdd0dceaa,Hours spent in CVT courses by NACE Rev. 2 activity - per participant,cluster_fc59ce925147,agglomerative,"{""distance_threshold"": 0.35, ""linkage"": ""average""}"
term_a259182eddd891e8f3bb,Hours spent in CVT courses by NACE Rev. 2 activity - per person employed in all enterprises,cluster_fc59ce925147,agglomerative,"{""distance_threshold"": 0.35, ""linkage"": ""average""}"
term_5baf9c5a9e091a6ffac8,Hours spent in CVT courses by NACE Rev. 2 activity - per person employed in enterprises providing CVT courses,cluster_fc59ce925147,agglomerative,"{""distance_threshold"": 0.35, ""linkage"": ""average""}"
term_e088ffc60375b17170f6,Hours spent in CVT courses by size class - per participant,cluster_fc59ce925147,agglomerative,"{""distance_threshold"": 0.35, ""linkage"": ""average""}"
term_f63ca7db3f4c38990267,Hours spent in CVT courses by size class - per person employed in all enterprises,cluster_fc59ce925147,agglomerative,"{""distance_threshold"": 0.35, ""linkage"": ""average""}"
term_103c901d723551fc6505,Hours spent in CVT courses by size class - per person employed in enterprises providing CVT courses,cluster_fc59ce925147,agglomerative,"{""distance_threshold"": 0.35, ""linkage"": ""average""}"
term_b433a299a4eeedbd8eb3,Hours spent in CVT courses by type of course and NACE Rev. 1.1 activity,cluster_fc59ce925147,agglomerative,"{""distance_threshold"": 0.35, ""linkage"": ""average""}"
term_57c4bf1487d6621b3e1e,Hours spent in CVT courses by type of course and NACE Rev. 1.1 activity - % of total hours spent in CVT courses,cluster_fc59ce925147,agglomerative,"{""distance_threshold"": 0.35, ""linkage"": ""average""}"
term_889e83c0402a09059be4,Hours worked per week of full-time employment,cluster_4c9b1b408341,agglomerative,"{""distance_threshold"": 0.35, ""linkage"": ""average""}"
term_2ac0acffca0463ed9ded,House price index,cluster_021a934ea779,agglomerative,"{""distance_threshold"": 0.35, ""linkage"": ""average""}"
term_53a4355232fa8ec64f34,House price index (= 100),cluster_021a934ea779,agglomerative,"{""distance_threshold"": 0.35, ""linkage"": ""average""}"
term_95b646dd7227ccce08b4,House price index (= 100) - quarterly data,cluster_021a934ea779,agglomerative,"{""distance_threshold"": 0.35, ""linkage"": ""average""}"
term_b287058763b62e747ffb,House price index - Item weights,cluster_021a934ea779,agglomerative,"{""distance_threshold"": 0.35, ""linkage"": ""average""}"
term_7fd0142c8dd981cee687,House price index - quarterly data,cluster_021a934ea779,agglomerative,"{""distance_threshold"": 0.35, ""linkage"": ""average""}"
term_20521c72e6cabba7e964,"House price index, deflated",cluster_021a934ea779,agglomerative,"{""distance_threshold"": 0.35, ""linkage"": ""average""}"
term_4d5be5b88085385db32d,"House price index, deflated - annual data",cluster_021a934ea779,agglomerative,"{""distance_threshold"": 0.35, ""linkage"": ""average""}"
term_cf8712dfc9d708cb8fa1,"House price index, deflated - quarterly data",cluster_021a934ea779,agglomerative,"{""distance_threshold"": 0.35, ""linkage"": ""average""}"
term_14fbb936b6af82a1ad80,"House price index, nominal",cluster_021a934ea779,agglomerative,"{""distance_threshold"": 0.35, ""linkage"": ""average""}"
term_3987c647edbf48762f80,"House price index, nominal - annual data",cluster_021a934ea779,agglomerative,"{""distance_threshold"": 0.35, ""linkage"": ""average""}"
term_b42b72d1ef59e78b9232,House sales,cluster_ff2287eeda3d,agglomerative,"{""distance_threshold"": 0.35, ""linkage"": ""average""}"
term_d47300ffaf337f995f13,"House sales - number and index (=100), annual data",cluster_021a934ea779,agglomerative,"{""distance_threshold"": 0.35, ""linkage"": ""average""}"
term_48fc1ea3059120d115be,"House sales - value and index (=100), annual data",cluster_021a934ea779,agglomerative,"{""distance_threshold"": 0.35, ""linkage"": ""average""}"
term_5e740e61c6e62cbab699,Household composition by size,cluster_30a5e78c1bee,agglomerative,"{""distance_threshold"": 0.35, ""linkage"": ""average""}"
term_2b65c9ec8a672b8152af,Household consumption volumes of electricity by consumption bands,cluster_32528f9d8077,agglomerative,"{""distance_threshold"": 0.35, ""linkage"": ""average""}"
term_7802ebcc68fd8f857547,Household consumption volumes of gas by consumption bands,cluster_32528f9d8077,agglomerative,"{""distance_threshold"": 0.35, ""linkage"": ""average""}"
term_957c7072400aabcc097c,"Household debt including non-profit institutions serving households, consolidated",cluster_fe8bf0004b8f,agglomerative,"{""distance_threshold"": 0.35, ""linkage"": ""average""}"
term_70b7c8e9e6ed9c7bc6e5,household equipment,cluster_291a8ffad33e,agglomerative,"{""distance_threshold"": 0.35, ""linkage"": ""average""}"
term_5ac66553cf6d1848357e,Households by size (number of persons),cluster_30a5e78c1bee,agglomerative,"{""distance_threshold"": 0.35, ""linkage"": ""average""}"
term_d322d3c6423d5473a829,Households investment rate,cluster_7df88f041311,agglomerative,"{""distance_threshold"": 0.35, ""linkage"": ""average""}"
term_e078531806d3a6d4ed9d,Households maintaining the same standard of living using savings by duration and risk of poverty threshold,cluster_34cd09890693,agglomerative,"{""distance_threshold"": 0.35, ""linkage"": ""average""}"
term_d02d5a8beed347abd885,Households that have internet access at home by NUTS 2 region,cluster_35d475516947,agglomerative,"{""distance_threshold"": 0.35, ""linkage"": ""average""}"
term_f4b9c5599789108e868d,Households with access to secure tenure by simplified degree of urbanisation,cluster_30a5e78c1bee,agglomerative,"{""distance_threshold"": 0.35, ""linkage"": ""average""}"
term_f0621630702d5c2bd934,Households with access to secure tenure by simplified degree of urbanisation - ENP-South countries,cluster_30a5e78c1bee,agglomerative,"{""distance_threshold"": 0.35, ""linkage"": ""average""}"
term_410487568737ef3fb59e,Households with sustainable access to improved sanitation by simplified degree of urbanisation,cluster_30a5e78c1bee,agglomerative,"{""distance_threshold"": 0.35, ""linkage"": ""average""}"
term_23de67049c0dc04c036a,Households with sustainable access to improved sanitation by simplified degree of urbanisation - ENP-South countries,cluster_30a5e78c1bee,agglomerative,"{""distance_threshold"": 0.35, ""linkage"": ""average""}"
term_115b5c9878c65bea4f1e,Housing cost overburden rate,cluster_34cd09890693,agglomerative,"{""distance_threshold"": 0.35, ""linkage"": ""average""}"
term_f1c41298a092699698ce,Housing cost overburden rate by age group,cluster_34cd09890693,agglomerative,"{""distance_threshold"": 0.35, ""linkage"": ""average""}"
term_44d5b6936bb3866b7c09,Housing cost overburden rate by age group - EU-SILC survey,cluster_34cd09890693,agglomerative,"{""distance_threshold"": 0.35, ""linkage"": ""average""}"
term_07a80697c4321f8c706a,Housing cost overburden rate by degree of urbanisation - EU-SILC survey,cluster_34cd09890693,agglomerative,"{""distance_threshold"": 0.35, ""linkage"": ""average""}"
term_1d36fabdc211d3d3ebf1,Housing cost overburden rate by household type,cluster_34cd09890693,agglomerative,"{""distance_threshold"": 0.35, ""linkage"": ""average""}"
term_07b9b39822df193edc53,Housing cost overburden rate by household type - EU-SILC survey,cluster_34cd09890693,agglomerative,"{""distance_threshold"": 0.35, ""linkage"": ""average""}"
term_d3a86d6b1442368c3650,Housing cost overburden rate by income quintile - EU-SILC survey,cluster_34cd09890693,agglomerative,"{""distance_threshold"": 0.35, ""linkage"": ""average""}"
term_af4eae7da9efdf582c21,Housing cost overburden rate by NUTS 2 region,cluster_34cd09890693,agglomerative,"{""distance_threshold"": 0.35, ""linkage"": ""average""}"
term_c9272e2765f8365ff80d,Housing cost overburden rate by poverty status - EU-SILC survey,cluster_34cd09890693,agglomerative,"{""distance_threshold"": 0.35, ""linkage"": ""average""}"
term_b3dfa72ef2decd264f8b,Housing cost overburden rate by sex,cluster_34cd09890693,agglomerative,"{""distance_threshold"": 0.35, ""linkage"": ""average""}"
term_ce6acb5890a7891864e9,Housing cost overburden rate by sex - EU-SILC survey,cluster_34cd09890693,agglomerative,"{""distance_threshold"": 0.35, ""linkage"": ""average""}"
term_66fdbb595cc913090e50,Housing cost overburden rate by tenure status - EU-SILC survey,cluster_34cd09890693,agglomerative,"{""distance_threshold"": 0.35, ""linkage"": ""average""}"
term_1bcfc773a90845ab8414,Housing deprivation rate by number of item,cluster_34cd09890693,agglomerative,"{""distance_threshold"": 0.35, ""linkage"": ""average""}"
term_993da552a6a30c796cd7,Housing deprivation rate by number of item - EU-SILC survey,cluster_34cd09890693,agglomerative,"{""distance_threshold"": 0.35, ""linkage"": ""average""}"
term_78f8f43b0ac9499c8671,Housing units by type,cluster_30a5e78c1bee,agglomerative,"{""distance_threshold"": 0.35, ""linkage"": ""average""}"
term_c7eb4ee64ac969738ba5,Housing units by type of building,cluster_30a5e78c1bee,agglomerative,"{""distance_threshold"": 0.35, ""linkage"": ""average""}"
term_ca4f25ebde3ce23ccf99,Human resources in science and technology (HRST),cluster_a5cfad0cd27c,agglomerative,"{""distance_threshold"": 0.35, ""linkage"": ""average""}"
term_8f83a773d35adbba8c93,Hungaria,cluster_3436dd3cb974,agglomerative,"{""distance_threshold"": 0.35, ""linkage"": ""average""}"
term_379f4d60e3eadc93e467,Immigration,cluster_73d9fb10a4e3,agglomerative,"{""distance_threshold"": 0.35, ""linkage"": ""average""}"
term_756828e7db6f772e8190,Immigration by broad group of country of previous residence,cluster_73d9fb10a4e3,agglomerative,"{""distance_threshold"": 0.35, ""linkage"": ""average""}"
term_deb2e815950573294b63,Import dependency on third countries by fuel type,cluster_c574624eef1e,agglomerative,"{""distance_threshold"": 0.35, ""linkage"": ""average""}"
term_b5b8d388f2ef30d9a63b,Import prices - capital goods,cluster_021a934ea779,agglomerative,"{""distance_threshold"": 0.35, ""linkage"": ""average""}"
term_fa079b5a5c445856b3d5,Import prices - consumer durables,cluster_021a934ea779,agglomerative,"{""distance_threshold"": 0.35, ""linkage"": ""average""}"
term_113fb5fe2b429e592b11,Import prices - consumer non-durables,cluster_021a934ea779,agglomerative,"{""distance_threshold"": 0.35, ""linkage"": ""average""}"
term_01e9da427b6abfa900c2,Import prices - intermediate goods,cluster_021a934ea779,agglomerative,"{""distance_threshold"": 0.35, ""linkage"": ""average""}"
term_1db7e88dc0bc19d4fa1a,Import prices - manufacturing,cluster_021a934ea779,agglomerative,"{""distance_threshold"": 0.35, ""linkage"": ""average""}"
term_22efcbdc7e86854e5717,Import prices - total industry,cluster_021a934ea779,agglomerative,"{""distance_threshold"": 0.35, ""linkage"": ""average""}"
term_50b827507c643b26ba5d,Imports of goods - chemicals and related products,cluster_c574624eef1e,agglomerative,"{""distance_threshold"": 0.35, ""linkage"": ""average""}"
term_ac954a3423af8f8e6399,"Imports of goods - food, drinks and tobacco",cluster_c574624eef1e,agglomerative,"{""distance_threshold"": 0.35, ""linkage"": ""average""}"
term_c4e193b79f7c26d0cd98,Imports of goods - machinery and transport equipment,cluster_c574624eef1e,agglomerative,"{""distance_threshold"": 0.35, ""linkage"": ""average""}"
term_ca6673c9585db32cc180,"Imports of goods - mineral fuels, lubricants and related materials",cluster_c574624eef1e,agglomerative,"{""distance_threshold"": 0.35, ""linkage"": ""average""}"
term_5ed421513db9c57033c4,Imports of goods - other manufactured products,cluster_c574624eef1e,agglomerative,"{""distance_threshold"": 0.35, ""linkage"": ""average""}"
term_d439b4c442246ae210d8,Imports of goods - raw materials,cluster_c574624eef1e,agglomerative,"{""distance_threshold"": 0.35, ""linkage"": ""average""}"
term_f81b3338b86d1850c069,Imports of goods - total,cluster_c574624eef1e,agglomerative,"{""distance_threshold"": 0.35, ""linkage"": ""average""}"
term_6e013eaf01ca71a8b4dd,Imports of goods and services in % of GDP,cluster_c574624eef1e,agglomerative,"{""distance_threshold"": 0.35, ""linkage"": ""average""}"
term_695dda278aa3575231f5,in private practice or as outpatient,cluster_f857cac0387c,agglomerative,"{""distance_threshold"": 0.35, ""linkage"": ""average""}"
term_9d63af292c8afa0b17e8,In work at-risk-of-poverty rate,cluster_34cd09890693,agglomerative,"{""distance_threshold"": 0.35, ""linkage"": ""average""}"
term_f8b8d4685a58c4e867cb,In-work at-risk-of-poverty rate,cluster_34cd09890693,agglomerative,"{""distance_threshold"": 0.35, ""linkage"": ""average""}"
term_cab7eac865504462629d,In-work at-risk-of-poverty rate by educational attainment level,cluster_34cd09890693,agglomerative,"{""distance_threshold"": 0.35, ""linkage"": ""average""}"
term_aeaf7a1a1a198d5019cf,In-work at-risk-of-poverty rate by full-/part-time work,cluster_34cd09890693,agglomerative,"{""distance_threshold"": 0.35, ""linkage"": ""average""}"
term_3e43e54be741c8d6c118,In-work at-risk-of-poverty rate by months worked,cluster_34cd09890693,agglomerative,"{""distance_threshold"": 0.35, ""linkage"": ""average""}"
term_aace2b06375724ddd46c,In-work at-risk-of-poverty rate by sex,cluster_34cd09890693,agglomerative,"{""distance_threshold"": 0.35, ""linkage"": ""average""}"
term_ad8266aed47b060559b7,In-work at-risk-of-poverty rate by working time,cluster_34cd09890693,agglomerative,"{""distance_threshold"": 0.35, ""linkage"": ""average""}"
term_bc45bdb4deca6012acea,In-work at-risk-of-poverty rate by working time - EU-SILC survey,cluster_34cd09890693,agglomerative,"{""distance_threshold"": 0.35, ""linkage"": ""average""}"
term_dd2e70f1190d7bb6277a,"Inability to afford a meal with meat, chicken, fish (or vegetarian equivalent) every second day by NUTS 2 region",cluster_4b3de1fb46bb,agglomerative,"{""distance_threshold"": 0.35, ""linkage"": ""average""}"
term_1da95d1d52e89511fdaa,Inability to face unexpected financial expenses by NUTS 2 region,cluster_4b3de1fb46bb,agglomerative,"{""distance_threshold"": 0.35, ""linkage"": ""average""}"
term_29c8616b9f28a17f023e,Inability to keep home adequately warm by NUTS 2 region,cluster_4b3de1fb46bb,agglomerative,"{""distance_threshold"": 0.35, ""linkage"": ""average""}"
term_1c9e53a89b5c83bb5be5,"Incidence rate of accidents at work by type of workstation, NACE Rev. 1.1 activity, sex, age and severity",cluster_a18b2ece4768,agglomerative,"{""distance_threshold"": 0.35, ""linkage"": ""average""}"
term_9ac263f40d0cdab6e19b,including health expenditure,cluster_08c3029890ca,agglomerative,"{""distance_threshold"": 0.35, ""linkage"": ""average""}"
term_0388239da703c3da3a94,including national transport,cluster_586194a4eb3a,agglomerative,"{""distance_threshold"": 0.35, ""linkage"": ""average""}"
term_e419e19674142f6f64cc,Income from intellectual property rights for computer services,cluster_dbc31c45707c,agglomerative,"{""distance_threshold"": 0.35, ""linkage"": ""average""}"
term_28e6144223bf5a76d0ee,Income in real terms (SILC=100),cluster_021a934ea779,agglomerative,"{""distance_threshold"": 0.35, ""linkage"": ""average""}"
term_d1255f52cdca607165d0,Income inequality for older people,cluster_e49bc44f26c0,agglomerative,"{""distance_threshold"": 0.35, ""linkage"": ""average""}"
term_55eb5e8e6a2e6b24d8d3,Income inequality for older people - EU-SILC survey,cluster_e49bc44f26c0,agglomerative,"{""distance_threshold"": 0.35, ""linkage"": ""average""}"
term_dbffea080c0d5fdff163,Income quintile share ratio (S80/S20) by sex,cluster_e49bc44f26c0,agglomerative,"{""distance_threshold"": 0.35, ""linkage"": ""average""}"
term_9d5a4b6bdd9d740a605a,Income quintile share ratio - S80/S20 - ENP-East countries,cluster_e49bc44f26c0,agglomerative,"{""distance_threshold"": 0.35, ""linkage"": ""average""}"
term_6d86dd447f76de1a4400,Income quintile share ratio - S80/S20 - ENP-South countries,cluster_e49bc44f26c0,agglomerative,"{""distance_threshold"": 0.35, ""linkage"": ""average""}"
term_5714bc6f1087bc9fb5f0,Income quintile share ratio S80/S20 by NUTS 2 region,cluster_e49bc44f26c0,agglomerative,"{""distance_threshold"": 0.35, ""linkage"": ""average""}"
term_25037dcefaa4c67fcebb,Income share of the bottom 40 % of the population,cluster_e49bc44f26c0,agglomerative,"{""distance_threshold"": 0.35, ""linkage"": ""average""}"
term_7be80be4c2caf1611bd6,index (= 1),cluster_1292cb5800c6,agglomerative,"{""distance_threshold"": 0.35, ""linkage"": ""average""}"
term_e61089a9188d4fff5b13,index (= 100),cluster_1292cb5800c6,agglomerative,"{""distance_threshold"": 0.35, ""linkage"": ""average""}"
term_c522b5ec7ecb860ef9e2,index (Brussels = 1),cluster_1292cb5800c6,agglomerative,"{""distance_threshold"": 0.35, ""linkage"": ""average""}"
term_ca6e141842e76f6ac94c,"index, 42 trading partners",cluster_006f05b0ca49,agglomerative,"{""distance_threshold"": 0.35, ""linkage"": ""average""}"
term_9ada14c39440e5583682,Indicator A of the income from agricultural activity,cluster_03e30cdafd58,agglomerative,"{""distance_threshold"": 0.35, ""linkage"": ""average""}"
term_2aed546c226babd07481,Indicators on health and safety at work,cluster_f5e40cb5cbdd,agglomerative,"{""distance_threshold"": 0.35, ""linkage"": ""average""}"
term_2bd99ff0179a474dbcee,Individuals frequently using the internet,cluster_35d475516947,agglomerative,"{""distance_threshold"": 0.35, ""linkage"": ""average""}"
term_0c68854cf5f09ed049c0,Individuals regularly using the internet,cluster_35d475516947,agglomerative,"{""distance_threshold"": 0.35, ""linkage"": ""average""}"
term_2eeb62b1fc37a547373d,Individuals using the internet for buying goods or services,cluster_35d475516947,agglomerative,"{""distance_threshold"": 0.35, ""linkage"": ""average""}"
term_01d63e6261819c3163c2,Individuals using the internet for doing an online course,cluster_35d475516947,agglomerative,"{""distance_threshold"": 0.35, ""linkage"": ""average""}"
term_5c66aa91dc0116bfed52,Individuals using the internet for finding information about goods and services,cluster_35d475516947,agglomerative,"{""distance_threshold"": 0.35, ""linkage"": ""average""}"
term_f79858acbdf872c57973,Individuals using the internet for internet banking,cluster_35d475516947,agglomerative,"{""distance_threshold"": 0.35, ""linkage"": ""average""}"
term_ebdf3720a7a970c9db1d,Individuals using the internet for looking for a job or sending a job application,cluster_35d475516947,agglomerative,"{""distance_threshold"": 0.35, ""linkage"": ""average""}"
term_9b3e5e8d566457e9779a,Individuals using the internet for participating in social networks,cluster_35d475516947,agglomerative,"{""distance_threshold"": 0.35, ""linkage"": ""average""}"
term_f9bc28c90a5815e974fd,Individuals using the internet for seeking health-related information,cluster_35d475516947,agglomerative,"{""distance_threshold"": 0.35, ""linkage"": ""average""}"
term_431adcd8d4182fbf655a,Individuals using the internet for selling goods or services,cluster_35d475516947,agglomerative,"{""distance_threshold"": 0.35, ""linkage"": ""average""}"
term_71720c0727d54371e5c7,Individuals using the internet for sending/receiving e-mails,cluster_35d475516947,agglomerative,"{""distance_threshold"": 0.35, ""linkage"": ""average""}"
term_8f27d7bad5250ed96ad3,Individuals who have basic or above basic overall digital skills by sex,cluster_0958acf3e7dc,agglomerative,"{""distance_threshold"": 0.35, ""linkage"": ""average""}"
term_46c59be68f0d40f231b7,Individuals who have never used a computer,cluster_35d475516947,agglomerative,"{""distance_threshold"": 0.35, ""linkage"": ""average""}"
term_4ea17c13a296fc066a04,Individuals who have never used the internet,cluster_35d475516947,agglomerative,"{""distance_threshold"": 0.35, ""linkage"": ""average""}"
term_df0214be7f5473c9010f,Individuals who ordered goods or services over the internet for private use in the last year by NUTS 2 region,cluster_35d475516947,agglomerative,"{""distance_threshold"": 0.35, ""linkage"": ""average""}"
term_86c6296d5245a05d0ec6,Industrial and construction production volume index,cluster_3d19854cb005,agglomerative,"{""distance_threshold"": 0.35, ""linkage"": ""average""}"
term_324b9884a59c48c27271,Industrial and construction production volume index - calendar adjusted - ENP-East countries,cluster_3d19854cb005,agglomerative,"{""distance_threshold"": 0.35, ""linkage"": ""average""}"
term_ac3a2131e4f6dda678a5,Inequality of income distribution,cluster_e49bc44f26c0,agglomerative,"{""distance_threshold"": 0.35, ""linkage"": ""average""}"
term_6e3300b3b76ec6fc07b9,Inequality of income distribution S80/S20 income quintile share ratio,cluster_e49bc44f26c0,agglomerative,"{""distance_threshold"": 0.35, ""linkage"": ""average""}"
term_720ba7a9b58779717a67,Inequality of income distribution S80/S20 income quintile share ratio - EU-SILC and ECHP surveys,cluster_e49bc44f26c0,agglomerative,"{""distance_threshold"": 0.35, ""linkage"": ""average""}"
term_97703f03037e91aa6b96,Infant mortality rate by sex,cluster_b9a3b7632ab8,agglomerative,"{""distance_threshold"": 0.35, ""linkage"": ""average""}"
term_37bbe9ea7ee4700ddb3c,Infant mortality rate by sex - ENP-South countries,cluster_b9a3b7632ab8,agglomerative,"{""distance_threshold"": 0.35, ""linkage"": ""average""}"
term_e5193208f4bac707f414,inflation rate,cluster_7df88f041311,agglomerative,"{""distance_threshold"": 0.35, ""linkage"": ""average""}"
term_fc59de8ef4ec33e6e7ee,Inpatient curative care bed occupancy rate by type of care,cluster_33e2ad4f485a,agglomerative,"{""distance_threshold"": 0.35, ""linkage"": ""average""}"
term_211933ec8655afacc6b2,Intentional homicide offences in largest cities,cluster_3784f65f14dd,agglomerative,"{""distance_threshold"": 0.35, ""linkage"": ""average""}"
term_349b00ed1a7db94cbbd6,Intentional homicide victims in largest cities by sex,cluster_3784f65f14dd,agglomerative,"{""distance_threshold"": 0.35, ""linkage"": ""average""}"
term_1adb00ec592c3d0d233c,Interests payable and similar charges by product,cluster_dbc31c45707c,agglomerative,"{""distance_threshold"": 0.35, ""linkage"": ""average""}"
term_e9a99632a5e342b4b239,Interests receivable and similar income by product,cluster_dbc31c45707c,agglomerative,"{""distance_threshold"": 0.35, ""linkage"": ""average""}"
term_1b090775ddb2b2ff85f8,Intermediate goods trade,cluster_717245bdba31,agglomerative,"{""distance_threshold"": 0.35, ""linkage"": ""average""}"
term_f7887bf53a4673ca954f,Intermediate services trade,cluster_717245bdba31,agglomerative,"{""distance_threshold"": 0.35, ""linkage"": ""average""}"
term_18e4be30cbe2563cec14,International trade as a share of GDP,cluster_95df7df16168,agglomerative,"{""distance_threshold"": 0.35, ""linkage"": ""average""}"
term_5a274a7852c31e4110e8,International trade in services,cluster_717245bdba31,agglomerative,"{""distance_threshold"": 0.35, ""linkage"": ""average""}"
term_a552d5fc73238762f5cc,International trade in services - market integration indicators - historical data,cluster_717245bdba31,agglomerative,"{""distance_threshold"": 0.35, ""linkage"": ""average""}"
term_e662c33ccdfdcf578a9d,"International trade of and enlargement countries, by, total product",cluster_c574624eef1e,agglomerative,"{""distance_threshold"": 0.35, ""linkage"": ""average""}"
term_90e573c57b8c23181e86,Internet use by individuals,cluster_35d475516947,agglomerative,"{""distance_threshold"": 0.35, ""linkage"": ""average""}"
term_4b74053a9f24fbb77a8d,"Intra-EU27 (from) trade, by Member State, total product",cluster_d80ae2c2c145,agglomerative,"{""distance_threshold"": 0.35, ""linkage"": ""average""}"
term_3ea65693dfee62b7d7d9,Intra-mural Business Enterprise R&D Expenditures in Foreign Controlled Enterprises,cluster_dddfcfe3c7b4,agglomerative,"{""distance_threshold"": 0.35, ""linkage"": ""average""}"
term_33619ca8709fa928e3e5,Investment and maintenance in oil pipeline infrastructure,cluster_650f5d5bdee4,agglomerative,"{""distance_threshold"": 0.35, ""linkage"": ""average""}"
term_2f1777e5490afc802ad5,Investment by institutional sectors,cluster_7c9e9c0adc73,agglomerative,"{""distance_threshold"": 0.35, ""linkage"": ""average""}"
term_0e49656bced68841efab,Investment rate of non-financial corporations,cluster_db861fb1a59f,agglomerative,"{""distance_threshold"": 0.35, ""linkage"": ""average""}"
term_71e8da9a79f9decbfde7,Investment share of GDP by institutional sectors,cluster_7c9e9c0adc73,agglomerative,"{""distance_threshold"": 0.35, ""linkage"": ""average""}"
term_07c88bf3aece412e87e2,Involuntary temporary employment,cluster_0026a7097726,agglomerative,"{""distance_threshold"": 0.35, ""linkage"": ""average""}"
term_5de95c935e54b28c5aa1,Inward FDI stocks in % of GDP,cluster_95df7df16168,agglomerative,"{""distance_threshold"": 0.35, ""linkage"": ""average""}"
term_75759e45d88451c62abe,ISCED 1-3,cluster_9fa9784197d1,agglomerative,"{""distance_threshold"": 0.35, ""linkage"": ""average""}"
term_58a77ff6a232f298e4e5,ISCED level 3,cluster_9fa9784197d1,agglomerative,"{""distance_threshold"": 0.35, ""linkage"": ""average""}"
term_7689dc6866323a1692bf,ISCO-08,cluster_08de9ee66ce4,agglomerative,"{""distance_threshold"": 0.35, ""linkage"": ""average""}"
term_1018b6147f9346b50496,Item weights,cluster_021a934ea779,agglomerative,"{""distance_threshold"": 0.35, ""linkage"": ""average""}"
term_4198905727de83eeefef,Job mismatches and their labour market effects among school-leavers in,cluster_d0ab5eef6d47,agglomerative,"{""distance_threshold"": 0.35, ""linkage"": ""average""}"
term_df382bf16b9d1fa11f35,Job vacancies in number and %,cluster_4c9b1b408341,agglomerative,"{""distance_threshold"": 0.35, ""linkage"": ""average""}"
term_de83bea9b69a36b0cd62,"Job vacancies in number and % - NACE Rev. 2, B-S, quarterly data",cluster_fc59ce925147,agglomerative,"{""distance_threshold"": 0.35, ""linkage"": ""average""}"
term_d6e41087fb02d8706166,Jobless households,cluster_30a5e78c1bee,agglomerative,"{""distance_threshold"": 0.35, ""linkage"": ""average""}"
term_4785a5b0d29a25f95c8c,Jobless households - children,cluster_30a5e78c1bee,agglomerative,"{""distance_threshold"": 0.35, ""linkage"": ""average""}"
term_99c242e9c411ed5bc403,Jobless households by sex,cluster_30a5e78c1bee,agglomerative,"{""distance_threshold"": 0.35, ""linkage"": ""average""}"
term_8beb1a1b09b992f37af2,Jobs created by NACE Rev.2 activity,cluster_fc59ce925147,agglomerative,"{""distance_threshold"": 0.35, ""linkage"": ""average""}"
term_b003b9bb6fbe63405764,Jobs created by NACE Rev.2 activity - experimental statistics,cluster_fc59ce925147,agglomerative,"{""distance_threshold"": 0.35, ""linkage"": ""average""}"
term_c8f9fd1d5ad9fac4653c,Joint Index,cluster_1292cb5800c6,agglomerative,"{""distance_threshold"": 0.35, ""linkage"": ""average""}"
term_dd4bcc28b5c739ed0425,Labour cost index by NACE Rev. 1.1 activity,cluster_fc59ce925147,agglomerative,"{""distance_threshold"": 0.35, ""linkage"": ""average""}"
term_d178568b81b4ed95d6f6,Labour cost index by NACE Rev. 1.1 activity - country weights,cluster_fc59ce925147,agglomerative,"{""distance_threshold"": 0.35, ""linkage"": ""average""}"
term_87dd9efb8259be4b5535,Labour cost index by NACE Rev. 2,cluster_fc59ce925147,agglomerative,"{""distance_threshold"": 0.35, ""linkage"": ""average""}"
term_a3d227555e61d2cc9ca7,Labour cost index by NACE Rev. 2 activity,cluster_fc59ce925147,agglomerative,"{""distance_threshold"": 0.35, ""linkage"": ""average""}"
term_6d69e5aac4a1746ce2d6,Labour cost index by NACE Rev. 2 activity - country weights,cluster_fc59ce925147,agglomerative,"{""distance_threshold"": 0.35, ""linkage"": ""average""}"
term_ecb3740c0681f03cb2da,Labour costs annual data,cluster_4ad4cace8f43,agglomerative,"{""distance_threshold"": 0.35, ""linkage"": ""average""}"
term_433b28e5d5959ebe95c5,Labour costs annual data - NACE Rev. 2,cluster_fc59ce925147,agglomerative,"{""distance_threshold"": 0.35, ""linkage"": ""average""}"
term_6d6b162b44e39efd0b33,Labour force participation rate,cluster_4c9b1b408341,agglomerative,"{""distance_threshold"": 0.35, ""linkage"": ""average""}"
term_3fa568b08a1df5a24eeb,"Labour force participation rate, aged 15-64",cluster_b9a3b7632ab8,agglomerative,"{""distance_threshold"": 0.35, ""linkage"": ""average""}"
term_ec9bfaa482fc721f6d02,"Labour force participation rate, aged 15-64 - annual averages",cluster_b9a3b7632ab8,agglomerative,"{""distance_threshold"": 0.35, ""linkage"": ""average""}"
term_68d790d25011c082a576,Labour input,cluster_4c9b1b408341,agglomerative,"{""distance_threshold"": 0.35, ""linkage"": ""average""}"
term_2c1b124f7af4739cc516,Labour input - total industry (excluding construction),cluster_3d19854cb005,agglomerative,"{""distance_threshold"": 0.35, ""linkage"": ""average""}"
term_1700ab2047e9a61c7a93,Labour input in construction,cluster_4c9b1b408341,agglomerative,"{""distance_threshold"": 0.35, ""linkage"": ""average""}"
term_ce67cd86ecfdda211083,Labour productivity in GDP (constant prices) per person employed,cluster_4c9b1b408341,agglomerative,"{""distance_threshold"": 0.35, ""linkage"": ""average""}"
term_f17f855c2456eeb7b95d,Labour productivity in GDP (constant prices) per person employed - ENP-East countries,cluster_4c9b1b408341,agglomerative,"{""distance_threshold"": 0.35, ""linkage"": ""average""}"
term_0a74b28a922bef9b6b8f,Labour productivity per hour worked,cluster_4c9b1b408341,agglomerative,"{""distance_threshold"": 0.35, ""linkage"": ""average""}"
term_3a5c25e4a8f2ee67c2b2,Labour productivity per hour worked - annual data,cluster_4c9b1b408341,agglomerative,"{""distance_threshold"": 0.35, ""linkage"": ""average""}"
term_e129bf7dda6918f25883,Labour productivity per person employed and hour worked (=100),cluster_4c9b1b408341,agglomerative,"{""distance_threshold"": 0.35, ""linkage"": ""average""}"
term_0448bd1be3924b271dd9,Land covered by artificial surfaces,cluster_52d12036582f,agglomerative,"{""distance_threshold"": 0.35, ""linkage"": ""average""}"
term_4a8e039d1ef760a1743d,Land covered by artificial surfaces - index,cluster_52d12036582f,agglomerative,"{""distance_threshold"": 0.35, ""linkage"": ""average""}"
term_066c03d508df2cdcf532,Land use footprints,cluster_d28107cc73da,agglomerative,"{""distance_threshold"": 0.35, ""linkage"": ""average""}"
term_d55ae6e3eb5d1a57d1b5,Landuse,cluster_8df806559591,agglomerative,"{""distance_threshold"": 0.35, ""linkage"": ""average""}"
term_9aec9416f35680f516f6,Laying hens population,cluster_7b82e7e0bbdb,agglomerative,"{""distance_threshold"": 0.35, ""linkage"": ""average""}"
term_d186ea2cd1615cb2621c,Laying hens population - annual data,cluster_7b82e7e0bbdb,agglomerative,"{""distance_threshold"": 0.35, ""linkage"": ""average""}"
term_06c3d505a7c52febe1b4,lenght of road network,cluster_15c8a09ae6f9,agglomerative,"{""distance_threshold"": 0.35, ""linkage"": ""average""}"
term_32ac9a631a5822b67086,Length of motorways and e-roads,cluster_15c8a09ae6f9,agglomerative,"{""distance_threshold"": 0.35, ""linkage"": ""average""}"
term_7f2646ddc4ec3c4c3030,Length of navigable waterways by waterway type,cluster_15c8a09ae6f9,agglomerative,"{""distance_threshold"": 0.35, ""linkage"": ""average""}"
term_4ccdc77f7eed3829605e,length of network,cluster_15c8a09ae6f9,agglomerative,"{""distance_threshold"": 0.35, ""linkage"": ""average""}"
term_3a59963964fec59520b1,Length of other roads within/outside built-up areas,cluster_15c8a09ae6f9,agglomerative,"{""distance_threshold"": 0.35, ""linkage"": ""average""}"
term_a83a367ee2e62ad6064a,Length of paved and unpaved roads,cluster_15c8a09ae6f9,agglomerative,"{""distance_threshold"": 0.35, ""linkage"": ""average""}"
term_05ffbf21e4cd6fd7a019,length of paved runways,cluster_15c8a09ae6f9,agglomerative,"{""distance_threshold"": 0.35, ""linkage"": ""average""}"
term_907ff09bc2d9677d7aad,Length of pipelines operated,cluster_650f5d5bdee4,agglomerative,"{""distance_threshold"": 0.35, ""linkage"": ""average""}"
term_1c1e332b6a96484d79ba,Length of rail lines,cluster_15c8a09ae6f9,agglomerative,"{""distance_threshold"": 0.35, ""linkage"": ""average""}"
term_2aa62130646cc18cae9d,Length of rail lines - ENP-East countries,cluster_15c8a09ae6f9,agglomerative,"{""distance_threshold"": 0.35, ""linkage"": ""average""}"
term_311f1fbf45a8ad616e67,Length of rail network,cluster_15c8a09ae6f9,agglomerative,"{""distance_threshold"": 0.35, ""linkage"": ""average""}"
term_adcfb84f52bac5af9c80,Length of rail network - ENP-South countries,cluster_15c8a09ae6f9,agglomerative,"{""distance_threshold"": 0.35, ""linkage"": ""average""}"
term_f76f7e4dc6c4711b0882,Length of railway lines by maximum permitted speed,cluster_15c8a09ae6f9,agglomerative,"{""distance_threshold"": 0.35, ""linkage"": ""average""}"
term_109401eaf0e68729198a,Length of railway lines equipped with the railway traffic management system (ERTMS),cluster_15c8a09ae6f9,agglomerative,"{""distance_threshold"": 0.35, ""linkage"": ""average""}"
term_ecbf1a06b90110c53cc0,Length of railway tracks by electrification of tracks,cluster_15c8a09ae6f9,agglomerative,"{""distance_threshold"": 0.35, ""linkage"": ""average""}"
term_e8dd80b87f0b89c06891,Length of roads network - ENP-East countries,cluster_15c8a09ae6f9,agglomerative,"{""distance_threshold"": 0.35, ""linkage"": ""average""}"
term_8160cf4eef82701a1a09,Length of roads network - ENP-South countries,cluster_15c8a09ae6f9,agglomerative,"{""distance_threshold"": 0.35, ""linkage"": ""average""}"
term_0f91ba2cdd3ada78480a,Level crossings by type,cluster_15c8a09ae6f9,agglomerative,"{""distance_threshold"": 0.35, ""linkage"": ""average""}"
term_90024b3f44193e07a265,Level of internet access,cluster_35d475516947,agglomerative,"{""distance_threshold"": 0.35, ""linkage"": ""average""}"
term_196c001c7546d3a62aa9,Level of internet access - households,cluster_35d475516947,agglomerative,"{""distance_threshold"": 0.35, ""linkage"": ""average""}"
term_8da7fee50eedc8719e67,LFS,cluster_6edd3b927652,agglomerative,"{""distance_threshold"": 0.35, ""linkage"": ""average""}"
term_29e3d0f9bdfee668b8c1,Licensed physicians,cluster_f857cac0387c,agglomerative,"{""distance_threshold"": 0.35, ""linkage"": ""average""}"
term_f6876eaedf46f3589cd0,Life expectancy at birth by sex - ENP-South countries,cluster_b9a3b7632ab8,agglomerative,"{""distance_threshold"": 0.35, ""linkage"": ""average""}"
term_e7f09863392005f4bd5a,Literacy,cluster_05dbb63e968d,agglomerative,"{""distance_threshold"": 0.35, ""linkage"": ""average""}"
term_ad9bd11c5323f1a22e4d,Literacy rate by sex and age group,cluster_f7e741558ca2,agglomerative,"{""distance_threshold"": 0.35, ""linkage"": ""average""}"
term_03ba207415b5f337b6b1,Literacy rate by sex and age group - ENP-South countries,cluster_f7e741558ca2,agglomerative,"{""distance_threshold"": 0.35, ""linkage"": ""average""}"
term_812ad3ebcd48675b5282,Live births,cluster_75d91075175e,agglomerative,"{""distance_threshold"": 0.35, ""linkage"": ""average""}"
term_ae811119ae4287ceef98,Live births and crude birth rate,cluster_75d91075175e,agglomerative,"{""distance_threshold"": 0.35, ""linkage"": ""average""}"
term_087b5ac6f9bebabf1469,Livestock - ENP-East countries,cluster_e589a82e3795,agglomerative,"{""distance_threshold"": 0.35, ""linkage"": ""average""}"
term_42128cdf86c806880ec1,Livestock - ENP-South countries,cluster_e589a82e3795,agglomerative,"{""distance_threshold"": 0.35, ""linkage"": ""average""}"
term_384eec8c7437a8c2d089,Livestock - Equidae - annual data,cluster_9d1e5422150a,agglomerative,"{""distance_threshold"": 0.35, ""linkage"": ""average""}"
term_732a3c97f6d4b2a2f513,Livestock in number of heads,cluster_b92bbebc9074,agglomerative,"{""distance_threshold"": 0.35, ""linkage"": ""average""}"
term_f81017bc9d478dabd2ec,Living quarters by type of housing,cluster_30a5e78c1bee,agglomerative,"{""distance_threshold"": 0.35, ""linkage"": ""average""}"
term_bcc7eec66fd3919f54d1,load capacity of lorries,cluster_b2b3f012d4f5,agglomerative,"{""distance_threshold"": 0.35, ""linkage"": ""average""}"
term_543b10fb1c9360c91cbc,"Load capacity of new lorries, semi-trailers and trailers, by type of carriage",cluster_b2b3f012d4f5,agglomerative,"{""distance_threshold"": 0.35, ""linkage"": ""average""}"
term_313d17a3c41653241ddd,Load capacity of self-propelled vessels by year of construction,cluster_b2b3f012d4f5,agglomerative,"{""distance_threshold"": 0.35, ""linkage"": ""average""}"
term_b2cade399771d62e144c,Loan and deposit one year interest rate,cluster_44a8445e2d6e,agglomerative,"{""distance_threshold"": 0.35, ""linkage"": ""average""}"
term_eedc22ccf19b9cbf3244,Loan and deposit one year interest rate - ENP-East countries,cluster_44a8445e2d6e,agglomerative,"{""distance_threshold"": 0.35, ""linkage"": ""average""}"
term_47ead53796b0ad6f4802,Loans (excluding mortgages on purchase of main residence) by income quintile,cluster_34cd09890693,agglomerative,"{""distance_threshold"": 0.35, ""linkage"": ""average""}"
term_04ae907e00171384aa10,Loans (excluding mortgages on purchase of main residence) by risk of poverty threshold,cluster_34cd09890693,agglomerative,"{""distance_threshold"": 0.35, ""linkage"": ""average""}"
term_a11e7ace721915ae308f,"loans, by sectors, non-consolidated",cluster_fe8bf0004b8f,agglomerative,"{""distance_threshold"": 0.35, ""linkage"": ""average""}"
term_62294acb88ad6d31e988,Local pollution,cluster_d2763383b5ab,agglomerative,"{""distance_threshold"": 0.35, ""linkage"": ""average""}"
term_8a16e4a2d3cab393b46b,Long term government bond yields,cluster_a2e4cd40e034,agglomerative,"{""distance_threshold"": 0.35, ""linkage"": ""average""}"
term_dbc75d3b282f965ee8f2,long-term annual average,cluster_4ad4cace8f43,agglomerative,"{""distance_threshold"": 0.35, ""linkage"": ""average""}"
term_d3e9231fa5288ba36887,Long-term unemployment rate by sex,cluster_b9a3b7632ab8,agglomerative,"{""distance_threshold"": 0.35, ""linkage"": ""average""}"
term_8bb310c92f161e04aeb0,"Long-term unemployment rate, % of active population aged 15-74",cluster_29f104edcb7b,agglomerative,"{""distance_threshold"": 0.35, ""linkage"": ""average""}"
term_6273fd9149de8fb6704b,Long-term unemployment rates by sex,cluster_b9a3b7632ab8,agglomerative,"{""distance_threshold"": 0.35, ""linkage"": ""average""}"
term_06310cc3ee57698adc4b,Long-term unemployment rates by sex - ENP-East countries,cluster_b9a3b7632ab8,agglomerative,"{""distance_threshold"": 0.35, ""linkage"": ""average""}"
term_8c01f62dcd9a57cfea8c,"Low achieving 15-year-olds in reading, mathematics or science",cluster_b9a3b7632ab8,agglomerative,"{""distance_threshold"": 0.35, ""linkage"": ""average""}"
term_2ee1870e4923af41a66e,"Low achieving 15-year-olds in reading, mathematics or science by sex",cluster_b9a3b7632ab8,agglomerative,"{""distance_threshold"": 0.35, ""linkage"": ""average""}"
term_ddb74f85113cbbf7d538,Low wage trap,cluster_9f754bbcabe2,agglomerative,"{""distance_threshold"": 0.35, ""linkage"": ""average""}"
term_b87a4dd1a839bc86ce87,Low-wage earners as a proportion of all employees (excluding apprentices) by age,cluster_9f754bbcabe2,agglomerative,"{""distance_threshold"": 0.35, ""linkage"": ""average""}"
term_e9854dd962b47b441464,Low-wage earners as a proportion of all employees (excluding apprentices) by educational attainment level,cluster_9f754bbcabe2,agglomerative,"{""distance_threshold"": 0.35, ""linkage"": ""average""}"
term_57896bda73fe719211f7,Low-wage earners as a proportion of all employees (excluding apprentices) by employment contract,cluster_9f754bbcabe2,agglomerative,"{""distance_threshold"": 0.35, ""linkage"": ""average""}"
term_464cf3813e91585290d8,Low-wage earners as a proportion of all employees (excluding apprentices) by sex,cluster_9f754bbcabe2,agglomerative,"{""distance_threshold"": 0.35, ""linkage"": ""average""}"
term_39fa469be7fec2d9cf76,m3 per capita,cluster_64461295bff6,agglomerative,"{""distance_threshold"": 0.35, ""linkage"": ""average""}"
term_9695c80f86e9452669b7,Main farm land use - ENP-East countries,cluster_e589a82e3795,agglomerative,"{""distance_threshold"": 0.35, ""linkage"": ""average""}"
term_5e937af8993f13a44fea,Main farm land use - ENP-South countries,cluster_e589a82e3795,agglomerative,"{""distance_threshold"": 0.35, ""linkage"": ""average""}"
term_eac250ad65ddec8ba260,Main flows,cluster_90371e80b42e,agglomerative,"{""distance_threshold"": 0.35, ""linkage"": ""average""}"
term_bc62dbe2f238c1ccb956,Management of waste,cluster_ad295f715ee2,agglomerative,"{""distance_threshold"": 0.35, ""linkage"": ""average""}"
term_91199a0f20fa8c725455,Marine protected areas,cluster_5ff613c0cd05,agglomerative,"{""distance_threshold"": 0.35, ""linkage"": ""average""}"
term_18aac6843a9e5681b9cc,Marine waters affected by eutrophication,cluster_5ff613c0cd05,agglomerative,"{""distance_threshold"": 0.35, ""linkage"": ""average""}"
term_0d0de6c5533250bcb2fc,Maritime accident victims by sea basin of occurrence and country of registration of vessels,cluster_6361a6c18e80,agglomerative,"{""distance_threshold"": 0.35, ""linkage"": ""average""}"
term_b14d8bc5cd5bbe3a98f5,"Maritime accident victims by sea basin of occurrence, country of registration of vessels and type of vessels",cluster_6361a6c18e80,agglomerative,"{""distance_threshold"": 0.35, ""linkage"": ""average""}"
term_d27ca694aed82d1669c9,Maritime equipment - carrying capacity of ships of 1 000 grt and over,cluster_c68094abfc93,agglomerative,"{""distance_threshold"": 0.35, ""linkage"": ""average""}"
term_277ea351a609019a0057,Maritime equipment - carrying capacity of ships of 300 grt and over,cluster_c68094abfc93,agglomerative,"{""distance_threshold"": 0.35, ""linkage"": ""average""}"
term_44a36d05ac8518539ad7,Maritime equipment - number of ships of 1 000 grt and over,cluster_c68094abfc93,agglomerative,"{""distance_threshold"": 0.35, ""linkage"": ""average""}"
term_4c6300db93ae82b1eef4,Maritime equipment - number of ships of 300 grt and over,cluster_c68094abfc93,agglomerative,"{""distance_threshold"": 0.35, ""linkage"": ""average""}"
term_736a3ab6cc3f76e95bdd,Maritime goods short-sea shipping performed in the Exclusive Economic Zone of the countries,cluster_b606967bfaf1,agglomerative,"{""distance_threshold"": 0.35, ""linkage"": ""average""}"
term_e157e5c7f05a0049cc46,Maritime goods transport performed in the Exclusive Economic Zone of the countries,cluster_b606967bfaf1,agglomerative,"{""distance_threshold"": 0.35, ""linkage"": ""average""}"
term_cf4d38e388c2bc56090a,Maritime passenger transport performed in the Exclusive Economic Zone of the countries,cluster_b606967bfaf1,agglomerative,"{""distance_threshold"": 0.35, ""linkage"": ""average""}"
term_e485d46ee324c3ce85c7,Maritime traffic: passengers and freight,cluster_586194a4eb3a,agglomerative,"{""distance_threshold"": 0.35, ""linkage"": ""average""}"
term_8307cbde6cf8b9d23859,Maritime traffic: ship movements,cluster_586194a4eb3a,agglomerative,"{""distance_threshold"": 0.35, ""linkage"": ""average""}"
term_eb0740949292b76319ec,Maritime transport infrastructure,cluster_586194a4eb3a,agglomerative,"{""distance_threshold"": 0.35, ""linkage"": ""average""}"
term_c6b8e720436e1d8a19f2,Maritime transport infrastructure: ports,cluster_586194a4eb3a,agglomerative,"{""distance_threshold"": 0.35, ""linkage"": ""average""}"
term_422013898bdc7aa0ad06,Maritime transport of freight by NUTS 2 region,cluster_4b3de1fb46bb,agglomerative,"{""distance_threshold"": 0.35, ""linkage"": ""average""}"
term_0ecae0b5473fbb8ae729,Maritime transport of passengers by NUTS 2 region,cluster_4b3de1fb46bb,agglomerative,"{""distance_threshold"": 0.35, ""linkage"": ""average""}"
term_7131ea396219bca269b4,market integration indicators,cluster_717245bdba31,agglomerative,"{""distance_threshold"": 0.35, ""linkage"": ""average""}"
term_5a62747e9b2bbc98b77e,Market production,cluster_f1d5bb969e5f,agglomerative,"{""distance_threshold"": 0.35, ""linkage"": ""average""}"
term_012b2e24a75dae7a8801,Market production - annual data,cluster_4ad4cace8f43,agglomerative,"{""distance_threshold"": 0.35, ""linkage"": ""average""}"
term_e30fe990ec5fb174285f,Market share of the largest generator in the electricity market,cluster_aebec1c240d1,agglomerative,"{""distance_threshold"": 0.35, ""linkage"": ""average""}"
term_57d5e9cb7303c2e5a1a2,Material and social deprivation rate by degree of urbanisation,cluster_34cd09890693,agglomerative,"{""distance_threshold"": 0.35, ""linkage"": ""average""}"
term_25efa649f43352764d4c,Material and social deprivation rate by NUTS 2 region,cluster_4b3de1fb46bb,agglomerative,"{""distance_threshold"": 0.35, ""linkage"": ""average""}"
term_1aeb00fd065517b0fbdc,Material and social deprivation rate by tenure status,cluster_34cd09890693,agglomerative,"{""distance_threshold"": 0.35, ""linkage"": ""average""}"
term_7f618447d6453b450364,Material Deprivation rate by age group,cluster_34cd09890693,agglomerative,"{""distance_threshold"": 0.35, ""linkage"": ""average""}"
term_74da66d0577f5f989b73,Material Deprivation rate by age group - EU-SILC survey,cluster_34cd09890693,agglomerative,"{""distance_threshold"": 0.35, ""linkage"": ""average""}"
term_c6c222d1874d70461034,Material Deprivation rate by sex,cluster_34cd09890693,agglomerative,"{""distance_threshold"": 0.35, ""linkage"": ""average""}"
term_c31d6940aad158e57968,Material Deprivation rate by sex - EU-SILC survey,cluster_34cd09890693,agglomerative,"{""distance_threshold"": 0.35, ""linkage"": ""average""}"
term_241f6768769c5ad593f5,Mean age at first marriage by sex - ENP-South countries,cluster_b9a3b7632ab8,agglomerative,"{""distance_threshold"": 0.35, ""linkage"": ""average""}"
term_078d046c57799f9a57b5,Mean age of women at childbirth and at birth of first child,cluster_b9a3b7632ab8,agglomerative,"{""distance_threshold"": 0.35, ""linkage"": ""average""}"
term_44a917318196884dfd5f,"Mean annual earnings by NUTS 1 region (enterprises with 10 employees or more) - NACE Rev. 1.1, C-O excluding L",cluster_9f754bbcabe2,agglomerative,"{""distance_threshold"": 0.35, ""linkage"": ""average""}"
term_45b9a362994ac998a029,Mean consumption expenditure by number of active persons,cluster_32528f9d8077,agglomerative,"{""distance_threshold"": 0.35, ""linkage"": ""average""}"
term_c14bca743ac5884f17e2,Mean consumption expenditure of private households on cultural goods and services by income quintile,cluster_32528f9d8077,agglomerative,"{""distance_threshold"": 0.35, ""linkage"": ""average""}"
term_fcbaef808b290197842f,Mean consumption expenditure of private households on sporting goods and services by income quintile,cluster_32528f9d8077,agglomerative,"{""distance_threshold"": 0.35, ""linkage"": ""average""}"
term_20ca9ef9e116900d5e88,Mean consumption expenditure per household and per adult equivalent,cluster_32528f9d8077,agglomerative,"{""distance_threshold"": 0.35, ""linkage"": ""average""}"
term_6a8cfa8880429fc81362,Mean duration of commuting time one-way between work and home by sex and age,cluster_5905555b7ace,agglomerative,"{""distance_threshold"": 0.35, ""linkage"": ""average""}"
term_c89ddbb893dfb72c690a,"Mean hourly earnings by NUTS 1 region (enterprises with 10 employees or more) - NACE Rev. 1.1, C-O excluding L",cluster_9f754bbcabe2,agglomerative,"{""distance_threshold"": 0.35, ""linkage"": ""average""}"
term_94c11de7ea643c58905d,"Mean hourly earnings by NUTS 1 region (enterprises with 10 employees or more) - NACE Rev. 2, B-S excluding O",cluster_9f754bbcabe2,agglomerative,"{""distance_threshold"": 0.35, ""linkage"": ""average""}"
term_af0984d23ef28d2b621c,Mean instruction hours per employed participant in non-formal education and training by sex and NACE Rev. 1.1 activity,cluster_e7477d78f08b,agglomerative,"{""distance_threshold"": 0.35, ""linkage"": ""average""}"
term_68b25005957b9d3389d1,Mean instruction hours per employed participant in non-formal education and training by sex and occupation,cluster_e7477d78f08b,agglomerative,"{""distance_threshold"": 0.35, ""linkage"": ""average""}"
term_c6c53d135902a78c491b,Mean instruction hours per participant in non-formal education and training by field of learning,cluster_e7477d78f08b,agglomerative,"{""distance_threshold"": 0.35, ""linkage"": ""average""}"
term_5dbbd2e17c5ade9977e2,Mean instruction hours per participant in non-formal education and training by sex and age,cluster_e7477d78f08b,agglomerative,"{""distance_threshold"": 0.35, ""linkage"": ""average""}"
term_c9df6a2ff31591d39c7b,Mean instruction hours per participant in non-formal education and training by sex and labour status,cluster_e7477d78f08b,agglomerative,"{""distance_threshold"": 0.35, ""linkage"": ""average""}"
term_4cf7c5220d18812b4973,Mean number of deprivation items among the children deprived (children aged less than 16 years),cluster_b9a3b7632ab8,agglomerative,"{""distance_threshold"": 0.35, ""linkage"": ""average""}"
term_e10167245fc767be14f4,Meat (total production),cluster_f1d5bb969e5f,agglomerative,"{""distance_threshold"": 0.35, ""linkage"": ""average""}"
term_aeaee419e62acf4048d5,Meat production,cluster_f1d5bb969e5f,agglomerative,"{""distance_threshold"": 0.35, ""linkage"": ""average""}"
term_dda222aaf1cad0d16ff4,Meat production - ENP-East countries,cluster_e589a82e3795,agglomerative,"{""distance_threshold"": 0.35, ""linkage"": ""average""}"
term_08f3dd440b4f4e4ac60d,Meat production - ENP-South countries,cluster_e589a82e3795,agglomerative,"{""distance_threshold"": 0.35, ""linkage"": ""average""}"
term_56677cb6f3befa08f919,Median age by sex,cluster_b9a3b7632ab8,agglomerative,"{""distance_threshold"": 0.35, ""linkage"": ""average""}"
term_f7373141e70e62bc181d,Median age of residents by sex and country of birth,cluster_b9a3b7632ab8,agglomerative,"{""distance_threshold"": 0.35, ""linkage"": ""average""}"
term_70b2f17db107db8eea23,"Median hourly earnings, all employees (excluding apprentices) by sex",cluster_9f754bbcabe2,agglomerative,"{""distance_threshold"": 0.35, ""linkage"": ""average""}"
term_38a9e79ed0a88580fd98,Median number of weekly hours of formal care by age group,cluster_a03fe115e208,agglomerative,"{""distance_threshold"": 0.35, ""linkage"": ""average""}"
term_f36ecfc0f7bbf04995d1,Median number of weekly hours of formal care by age group - children with at least 1 hour of formal care,cluster_a03fe115e208,agglomerative,"{""distance_threshold"": 0.35, ""linkage"": ""average""}"
term_ee63c2cf4cc03141587e,Median number of weekly hours of other types of care by age group,cluster_a03fe115e208,agglomerative,"{""distance_threshold"": 0.35, ""linkage"": ""average""}"
term_7700dc012b9fc8351630,Median number of weekly hours of other types of care by age group - children with at least one hour of other types of care,cluster_a03fe115e208,agglomerative,"{""distance_threshold"": 0.35, ""linkage"": ""average""}"
term_d7cdb5925f069c0cd31c,Median of the housing cost burden distribution by age group,cluster_34cd09890693,agglomerative,"{""distance_threshold"": 0.35, ""linkage"": ""average""}"
term_b9d2e73ff923d9dee35f,Median of the housing cost burden distribution by age group - EU-SILC survey,cluster_34cd09890693,agglomerative,"{""distance_threshold"": 0.35, ""linkage"": ""average""}"
term_a0644a72261e0774098f,Median of the housing cost burden distribution by degree of urbanisation - EU-SILC survey,cluster_34cd09890693,agglomerative,"{""distance_threshold"": 0.35, ""linkage"": ""average""}"
term_c9d519e27a3b98e94def,Median of the housing cost burden distribution by poverty status,cluster_34cd09890693,agglomerative,"{""distance_threshold"": 0.35, ""linkage"": ""average""}"
term_2b4ad2009b6e29871d7e,Median of the housing cost burden distribution by poverty status - EU-SILC survey,cluster_34cd09890693,agglomerative,"{""distance_threshold"": 0.35, ""linkage"": ""average""}"
term_0adc473ae8e233996caa,Median of the housing cost burden distribution by sex,cluster_34cd09890693,agglomerative,"{""distance_threshold"": 0.35, ""linkage"": ""average""}"
term_1406e6db0d2dd0703c65,Median of the housing cost burden distribution by sex - EU-SILC survey,cluster_34cd09890693,agglomerative,"{""distance_threshold"": 0.35, ""linkage"": ""average""}"
term_126f1c47aefcedb88cc8,Median relative income of elderly people,cluster_e49bc44f26c0,agglomerative,"{""distance_threshold"": 0.35, ""linkage"": ""average""}"
term_1847b10ff62e7ccf2fbb,Median relative income of elderly people (60+),cluster_e49bc44f26c0,agglomerative,"{""distance_threshold"": 0.35, ""linkage"": ""average""}"
term_074ac00adbe5f73a2af1,Median relative income of elderly people (60+) - EU-SILC survey,cluster_e49bc44f26c0,agglomerative,"{""distance_threshold"": 0.35, ""linkage"": ""average""}"
term_aae6ecbce1ea4c04530e,Median relative income of elderly people - EU-SILC survey,cluster_e49bc44f26c0,agglomerative,"{""distance_threshold"": 0.35, ""linkage"": ""average""}"
term_9ee08997e384c877afe6,Median saving rate by activity status of the reference person,cluster_64461295bff6,agglomerative,"{""distance_threshold"": 0.35, ""linkage"": ""average""}"
term_793fe685236958908e80,Median saving rate by activity status of the reference person - experimental statistics,cluster_64461295bff6,agglomerative,"{""distance_threshold"": 0.35, ""linkage"": ""average""}"
term_91a0760b24a48aa31d27,Median saving rate by degree of urbanisation,cluster_64461295bff6,agglomerative,"{""distance_threshold"": 0.35, ""linkage"": ""average""}"
term_2156e9607e5ae3109b47,Median saving rate by degree of urbanisation - experimental statistics,cluster_64461295bff6,agglomerative,"{""distance_threshold"": 0.35, ""linkage"": ""average""}"
term_b7f2a600fd0019a5a880,Median saving rate by household type,cluster_64461295bff6,agglomerative,"{""distance_threshold"": 0.35, ""linkage"": ""average""}"
term_952aa7e323169db0e35c,Median saving rate by household type - experimental statistics,cluster_64461295bff6,agglomerative,"{""distance_threshold"": 0.35, ""linkage"": ""average""}"
term_751662a2365b33aba273,Median saving rate by income quintile,cluster_64461295bff6,agglomerative,"{""distance_threshold"": 0.35, ""linkage"": ""average""}"
term_6d3a4e9e00dfe2d6b031,Median saving rate by income quintile - experimental statistics,cluster_64461295bff6,agglomerative,"{""distance_threshold"": 0.35, ""linkage"": ""average""}"
term_b5e12f35a334f8a51dd6,Median saving rate by the self-declared level of difficulty to make ends meet,cluster_64461295bff6,agglomerative,"{""distance_threshold"": 0.35, ""linkage"": ""average""}"
term_bb06bea62e42c3e4f664,Median saving rate by the self-declared level of difficulty to make ends meet - experimental statistics,cluster_64461295bff6,agglomerative,"{""distance_threshold"": 0.35, ""linkage"": ""average""}"
term_eebf44339ecaef6e8706,million passenger-km,cluster_6186e87388cd,agglomerative,"{""distance_threshold"": 0.35, ""linkage"": ""average""}"
term_5e2c43ef1c4b04578673,Minimum wages,cluster_9f754bbcabe2,agglomerative,"{""distance_threshold"": 0.35, ""linkage"": ""average""}"
term_8289c35fe3cdc64e2ef7,Modal shift potential of long-distance road freight in containers - tonne,cluster_586194a4eb3a,agglomerative,"{""distance_threshold"": 0.35, ""linkage"": ""average""}"
term_790127e5f6d9accc96c0,Modal shift potential of long-distance road freight in containers - tonne-kilometre,cluster_586194a4eb3a,agglomerative,"{""distance_threshold"": 0.35, ""linkage"": ""average""}"
term_b61bf04e7a77cfdc39a0,"Modal split of air, sea and freight transport",cluster_586194a4eb3a,agglomerative,"{""distance_threshold"": 0.35, ""linkage"": ""average""}"
term_c3cd9054646b135d0b4e,"Modal split of air, sea and passenger transport",cluster_586194a4eb3a,agglomerative,"{""distance_threshold"": 0.35, ""linkage"": ""average""}"
term_c81d6ee622d33c0e63b4,Modal split of freight transport,cluster_586194a4eb3a,agglomerative,"{""distance_threshold"": 0.35, ""linkage"": ""average""}"
term_0e55239557086d5399b3,Money market interest rates - annual data,cluster_4ad4cace8f43,agglomerative,"{""distance_threshold"": 0.35, ""linkage"": ""average""}"
term_5aef819c82d73e90a3fd,Money market interest rates - ENP-East countries,cluster_44a8445e2d6e,agglomerative,"{""distance_threshold"": 0.35, ""linkage"": ""average""}"
term_a99ca240ee68502382af,Money supply and official reserves,cluster_44a8445e2d6e,agglomerative,"{""distance_threshold"": 0.35, ""linkage"": ""average""}"
term_49d40cb44423a906dd78,Money supply and official reserves - ENP-East countries,cluster_44a8445e2d6e,agglomerative,"{""distance_threshold"": 0.35, ""linkage"": ""average""}"
term_21aee966d228088bafd8,"monthly averages, experimental statistics",cluster_a09376bb4032,agglomerative,"{""distance_threshold"": 0.35, ""linkage"": ""average""}"
term_8b9cf20ca850b997c677,"Monthly earnings by economic control (enterprises with 10 employed persons or more) - NACE Rev. 1.1, C-O excluding L",cluster_9f754bbcabe2,agglomerative,"{""distance_threshold"": 0.35, ""linkage"": ""average""}"
term_ad4bf0916f918dd2c845,"Monthly earnings by quantiles and contractual working time (enterprises with 10 employed persons or more) - NACE Rev. 1.1, C-O excluding L",cluster_9f754bbcabe2,agglomerative,"{""distance_threshold"": 0.35, ""linkage"": ""average""}"
term_f5af640fcf655d6968bc,Monthly minimum wage as a proportion of average monthly earnings (%) - NACE Rev. 1.1,cluster_9f754bbcabe2,agglomerative,"{""distance_threshold"": 0.35, ""linkage"": ""average""}"
term_a270f384d2ab4867c4ee,Monthly minimum wage as a proportion of average monthly earnings (%) - NACE Rev. 2 (from onwards),cluster_9f754bbcabe2,agglomerative,"{""distance_threshold"": 0.35, ""linkage"": ""average""}"
term_4d1fbd4f5417bb9b6e5d,Mortality rate (under age 5) by sex,cluster_b9a3b7632ab8,agglomerative,"{""distance_threshold"": 0.35, ""linkage"": ""average""}"
term_9abedff029c156a135ec,Mortality rate (under age 5) by sex - ENP-South countries,cluster_b9a3b7632ab8,agglomerative,"{""distance_threshold"": 0.35, ""linkage"": ""average""}"
term_0ed887860624a22acc75,"Motor coaches, buses and trolley buses by type of motor energy",cluster_58c47e3d47ef,agglomerative,"{""distance_threshold"": 0.35, ""linkage"": ""average""}"
term_fe2135bdc95b7986a56e,"Motor coaches, buses and trolley buses, by type of vehicle",cluster_58c47e3d47ef,agglomerative,"{""distance_threshold"": 0.35, ""linkage"": ""average""}"
term_acd6e6ced063600a7bba,Motorcycles by engine size,cluster_58c47e3d47ef,agglomerative,"{""distance_threshold"": 0.35, ""linkage"": ""average""}"
term_6105be1facac7697ae4f,Multinational enterprise groups in EU-EFTA countries by controlling country,cluster_dddfcfe3c7b4,agglomerative,"{""distance_threshold"": 0.35, ""linkage"": ""average""}"
term_20b2aed05a7a584032f4,Multinational enterprise groups in EU-EFTA countries by controlling country - experimental statistics,cluster_dddfcfe3c7b4,agglomerative,"{""distance_threshold"": 0.35, ""linkage"": ""average""}"
term_f803c86477c835a23c6f,"Multinational enterprise groups in EU-EFTA countries by controlling country, size class and NACE Rev. 2 activity",cluster_dddfcfe3c7b4,agglomerative,"{""distance_threshold"": 0.35, ""linkage"": ""average""}"
term_d4b808e8497b315fa2a3,"Multinational enterprise groups in EU-EFTA countries by controlling country, size class and NACE Rev. 2 activity - experimental statistics",cluster_dddfcfe3c7b4,agglomerative,"{""distance_threshold"": 0.35, ""linkage"": ""average""}"
term_306a0c22bc0bc6652591,Municipal waste generated,cluster_ad295f715ee2,agglomerative,"{""distance_threshold"": 0.35, ""linkage"": ""average""}"
term_d654c6d8ca0b5a3b5d3c,Municipal waste generated - ENP-South countries,cluster_ad295f715ee2,agglomerative,"{""distance_threshold"": 0.35, ""linkage"": ""average""}"
term_4ea383ebeb10ee368767,Municipal waste per inhabitant,cluster_ad295f715ee2,agglomerative,"{""distance_threshold"": 0.35, ""linkage"": ""average""}"
term_537acf0f3441c881cfd4,Municipal waste per inhabitant - ENP-South countries,cluster_ad295f715ee2,agglomerative,"{""distance_threshold"": 0.35, ""linkage"": ""average""}"
term_4762668db0775cc15075,NACE Rev. 1.1,cluster_fc59ce925147,agglomerative,"{""distance_threshold"": 0.35, ""linkage"": ""average""}"
term_1156b82abe275de461e1,NACE Rev. 2 (from onwards),cluster_fc59ce925147,agglomerative,"{""distance_threshold"": 0.35, ""linkage"": ""average""}"
term_15ee2c7f97ab989b6a71,"NACE Rev. 2, B-S, quarterly data",cluster_fc59ce925147,agglomerative,"{""distance_threshold"": 0.35, ""linkage"": ""average""}"
term_d5778d579a28397cff7d,"NACE Rev. 2, I, 55.1",cluster_fc59ce925147,agglomerative,"{""distance_threshold"": 0.35, ""linkage"": ""average""}"
term_30139ab365f7f90ee630,"NACE Rev.2, G",cluster_fc59ce925147,agglomerative,"{""distance_threshold"": 0.35, ""linkage"": ""average""}"
term_89fc796ecd786961d812,National civil servants in central public administration,cluster_171b8acc7717,agglomerative,"{""distance_threshold"": 0.35, ""linkage"": ""average""}"
term_8c5599186ab207fa39cc,National expenditure on environmental protection,cluster_08c3029890ca,agglomerative,"{""distance_threshold"": 0.35, ""linkage"": ""average""}"
term_f32b7749e3c9ff7974e4,National passenger road transport performance by type of vehicles registered in the,cluster_58c47e3d47ef,agglomerative,"{""distance_threshold"": 0.35, ""linkage"": ""average""}"
term_5b058a767b7f88761727,Natural gas import dependency by country of origin,cluster_c574624eef1e,agglomerative,"{""distance_threshold"": 0.35, ""linkage"": ""average""}"
term_5c1b41fc457db65739b7,"Navigable waterways, by horizontal dimensions of vessels and pushed convoys",cluster_15c8a09ae6f9,agglomerative,"{""distance_threshold"": 0.35, ""linkage"": ""average""}"
term_5c1b156bf1e3cc20b804,"Net external debt - annual data, % of GDP",cluster_95df7df16168,agglomerative,"{""distance_threshold"": 0.35, ""linkage"": ""average""}"
term_cd3886f7e671857294d0,"Net external debt - quarterly data, % of GDP",cluster_95df7df16168,agglomerative,"{""distance_threshold"": 0.35, ""linkage"": ""average""}"
term_a262739a6b294b80602b,Net international investment position - annual data,cluster_95df7df16168,agglomerative,"{""distance_threshold"": 0.35, ""linkage"": ""average""}"
term_4b419433504b08218669,"Net international investment position - quarterly data, % of GDP",cluster_95df7df16168,agglomerative,"{""distance_threshold"": 0.35, ""linkage"": ""average""}"
term_5aa8c2375b016a280a45,Net international investment position excluding non-defaultable instruments - % of GDP,cluster_95df7df16168,agglomerative,"{""distance_threshold"": 0.35, ""linkage"": ""average""}"
term_782fd49825f46d4558ca,Net Lending/Borrowing (current and capital account),cluster_be31239b58e7,agglomerative,"{""distance_threshold"": 0.35, ""linkage"": ""average""}"
term_c0a11c11528f5fec2584,Net Lending/Borrowing (current and capital account) - annual data,cluster_be31239b58e7,agglomerative,"{""distance_threshold"": 0.35, ""linkage"": ""average""}"
term_98facaced2eafbc79c68,"Net occupancy rate of bed-places and bedrooms in hotels and similar accommodation (NACE Rev. 2, I, 55.1) (from onwards)",cluster_33e2ad4f485a,agglomerative,"{""distance_threshold"": 0.35, ""linkage"": ""average""}"
term_42635b407ca45c01c7b4,"Net occupancy rate of bed-places and bedrooms in hotels and similar accommodations (NACE Rev. 2, I, 55.1)",cluster_33e2ad4f485a,agglomerative,"{""distance_threshold"": 0.35, ""linkage"": ""average""}"
term_d1fd158d13847bfc57be,"Net occupancy rate of bed-places and bedrooms in hotels and similar accommodations (NACE Rev. 2, I, 55.1) - monthly data",cluster_33e2ad4f485a,agglomerative,"{""distance_threshold"": 0.35, ""linkage"": ""average""}"
term_895c550b60e4a6b50ad4,Net trade balance of energy products,cluster_c574624eef1e,agglomerative,"{""distance_threshold"": 0.35, ""linkage"": ""average""}"
term_06536802769bc978a649,Net trade balance of energy products - % of GDP,cluster_c574624eef1e,agglomerative,"{""distance_threshold"": 0.35, ""linkage"": ""average""}"
term_04a97e63ec66ba7065ad,New lorries by alternative motor energy and load capacity of +/- 1500 kg,cluster_b2b3f012d4f5,agglomerative,"{""distance_threshold"": 0.35, ""linkage"": ""average""}"
term_4d88e2d343fc5b51b03d,New mopeds and motorcycles by type of motor energy,cluster_58c47e3d47ef,agglomerative,"{""distance_threshold"": 0.35, ""linkage"": ""average""}"
term_968f2d19b9001569381a,"New motor coaches, buses and trolley buses , by type of vehicles",cluster_58c47e3d47ef,agglomerative,"{""distance_threshold"": 0.35, ""linkage"": ""average""}"
term_cbb06e13c9bcaae32a00,"New motor coaches, buses and trolley buses by type of motor energy",cluster_58c47e3d47ef,agglomerative,"{""distance_threshold"": 0.35, ""linkage"": ""average""}"
term_0687151d1873bdff580f,New motorcycles by engine size,cluster_58c47e3d47ef,agglomerative,"{""distance_threshold"": 0.35, ""linkage"": ""average""}"
term_784e28091a0de4980c77,"New passenger cars, motor coaches, buses and trolley buses by alternative motor energy",cluster_58c47e3d47ef,agglomerative,"{""distance_threshold"": 0.35, ""linkage"": ""average""}"
term_8adfe68f9eb1f2d12473,new registrations by categories,cluster_58c47e3d47ef,agglomerative,"{""distance_threshold"": 0.35, ""linkage"": ""average""}"
term_c615a7cc6d1745bb6e73,New road tractors by type of motor energy,cluster_58c47e3d47ef,agglomerative,"{""distance_threshold"": 0.35, ""linkage"": ""average""}"
term_ca9c1b77163d137a02cf,"New semi-trailers and their load capacity, by permissible maximum gross weight",cluster_b2b3f012d4f5,agglomerative,"{""distance_threshold"": 0.35, ""linkage"": ""average""}"
term_7c4c90872343a718d86c,New special purpose road vehicles,cluster_58c47e3d47ef,agglomerative,"{""distance_threshold"": 0.35, ""linkage"": ""average""}"
term_63b32dd7818a9e37b486,New trailers and their load capacity,cluster_b2b3f012d4f5,agglomerative,"{""distance_threshold"": 0.35, ""linkage"": ""average""}"
term_a9878a9b80bd7656331d,"New trailers and their load capacity, by permissible maximum gross weight",cluster_b2b3f012d4f5,agglomerative,"{""distance_threshold"": 0.35, ""linkage"": ""average""}"
term_d26933b28b45a61d72b3,New trams,cluster_9d59465255c0,agglomerative,"{""distance_threshold"": 0.35, ""linkage"": ""average""}"
term_1e8ca72b60503f2aaf2a,Newly employed,cluster_0026a7097726,agglomerative,"{""distance_threshold"": 0.35, ""linkage"": ""average""}"
term_2cfead5f5654b2fd36df,Nights spent at tourism accommodation establishments,cluster_999025c3d872,agglomerative,"{""distance_threshold"": 0.35, ""linkage"": ""average""}"
term_367dc42ed79918494667,Nights spent at tourism accommodation establishments - ENP-South countries,cluster_999025c3d872,agglomerative,"{""distance_threshold"": 0.35, ""linkage"": ""average""}"
term_6857864f501d5647c7f2,Nights spent at tourist accommodation establishments by residents/non-residents,cluster_999025c3d872,agglomerative,"{""distance_threshold"": 0.35, ""linkage"": ""average""}"
term_7f966affa957848ed4b5,Nights spent at tourist accommodation establishments by residents/non-residents - monthly data,cluster_999025c3d872,agglomerative,"{""distance_threshold"": 0.35, ""linkage"": ""average""}"
term_29665ccdd0ab0e21210f,Nights spent by type of accommodation,cluster_999025c3d872,agglomerative,"{""distance_threshold"": 0.35, ""linkage"": ""average""}"
term_6dc3f00873f81ec41dea,Nitrogen dioxide concentrations in European capital cities,cluster_003727392e20,agglomerative,"{""distance_threshold"": 0.35, ""linkage"": ""average""}"
term_f3f2eaacf9a9f0568d70,"Nitrogen dioxide concentrations in European capital cities - monthly averages, experimental statistics",cluster_003727392e20,agglomerative,"{""distance_threshold"": 0.35, ""linkage"": ""average""}"
term_332d7b52f5bc6a047619,Nominal effective exchange rate - 42 trading partners,cluster_006f05b0ca49,agglomerative,"{""distance_threshold"": 0.35, ""linkage"": ""average""}"
term_e7b69f78862e7dca3c3c,Nominal effective exchange rate - euro area trading partners,cluster_006f05b0ca49,agglomerative,"{""distance_threshold"": 0.35, ""linkage"": ""average""}"
term_3fa3e3c07ff9cbd2baf9,Nominal labour productivity per person employed,cluster_4c9b1b408341,agglomerative,"{""distance_threshold"": 0.35, ""linkage"": ""average""}"
term_9dd5837c0cb6fabc0373,Nominal unit labour cost growth - ENP-East countries,cluster_4c9b1b408341,agglomerative,"{""distance_threshold"": 0.35, ""linkage"": ""average""}"
term_47d44b07264e47ab5c65,Non-autonomous pension funds,cluster_db861fb1a59f,agglomerative,"{""distance_threshold"": 0.35, ""linkage"": ""average""}"
term_663aac073bdfb2ca70a5,Non-financial accounts for EU institutions,cluster_f7c5001b3c2d,agglomerative,"{""distance_threshold"": 0.35, ""linkage"": ""average""}"
term_92b91f771b0db5678362,"Non-financial corporations debt, consolidated",cluster_fe8bf0004b8f,agglomerative,"{""distance_threshold"": 0.35, ""linkage"": ""average""}"
term_5cb1785dd3f1be3b9d22,"Non-financial corporations debt, consolidated - % of GDP",cluster_fe8bf0004b8f,agglomerative,"{""distance_threshold"": 0.35, ""linkage"": ""average""}"
term_4a3ed11b3dd16242d215,Non-household consumption volumes of electricity by consumption bands,cluster_32528f9d8077,agglomerative,"{""distance_threshold"": 0.35, ""linkage"": ""average""}"
term_0a5e4b3cdcecd942446d,Non-household consumption volumes of gas by consumption bands,cluster_32528f9d8077,agglomerative,"{""distance_threshold"": 0.35, ""linkage"": ""average""}"
term_9328b8a03717ee77f0aa,"Non-residents among all hospital discharges, %",cluster_c3d83118a687,agglomerative,"{""distance_threshold"": 0.35, ""linkage"": ""average""}"
term_065e96a331bc26c22337,"Non-residents among all hospital discharges, % - historical data",cluster_c3d83118a687,agglomerative,"{""distance_threshold"": 0.35, ""linkage"": ""average""}"
term_fb7679430630b768d444,north-west Pacific,cluster_aea832dd6925,agglomerative,"{""distance_threshold"": 0.35, ""linkage"": ""average""}"
term_967f9888bcecf74d719f,number and capacity of railways vehicles,cluster_58c47e3d47ef,agglomerative,"{""distance_threshold"": 0.35, ""linkage"": ""average""}"
term_82fabc023f2bc6fa3dcc,"number and index (=100), annual data",cluster_021a934ea779,agglomerative,"{""distance_threshold"": 0.35, ""linkage"": ""average""}"
term_591220979c84f31ca385,Number and length of district networks by type of network and efficiency of network,cluster_2e6bcbd2a80b,agglomerative,"{""distance_threshold"": 0.35, ""linkage"": ""average""}"
term_e5122b2bba66f017eaa9,number and load capacity of goods transport wagons,cluster_58c47e3d47ef,agglomerative,"{""distance_threshold"": 0.35, ""linkage"": ""average""}"
term_975f92a4a6ba860bd35f,Number of accidents at work by NACE Rev. 1.1 activity and employment status,cluster_a18b2ece4768,agglomerative,"{""distance_threshold"": 0.35, ""linkage"": ""average""}"
term_5e7f442bb96831423864,Number of accidents at work by NACE Rev. 1.1 activity and severity,cluster_a18b2ece4768,agglomerative,"{""distance_threshold"": 0.35, ""linkage"": ""average""}"
term_c2ba5eff28f146641fef,Number of accidents at work by NACE Rev. 1.1 activity and size of enterprise,cluster_a18b2ece4768,agglomerative,"{""distance_threshold"": 0.35, ""linkage"": ""average""}"
term_49864b902c2d4a50b42f,Number of accidents at work by part of body injured and severity,cluster_a18b2ece4768,agglomerative,"{""distance_threshold"": 0.35, ""linkage"": ""average""}"
term_5822fa1a0ca7e8a8464c,Number of accounts linked to CPA categories,cluster_8a0f9b0619c7,agglomerative,"{""distance_threshold"": 0.35, ""linkage"": ""average""}"
term_20848814f9575a06fb9f,number of aircraft movements,cluster_50c5fad23ebe,agglomerative,"{""distance_threshold"": 0.35, ""linkage"": ""average""}"
term_4dfcea5ae915f0fb62da,number of aircrafts,cluster_50c5fad23ebe,agglomerative,"{""distance_threshold"": 0.35, ""linkage"": ""average""}"
term_eecf9ac4d58c3a9c563f,Number of airports,cluster_50c5fad23ebe,agglomerative,"{""distance_threshold"": 0.35, ""linkage"": ""average""}"
term_085b4561105055b4ed99,Number of airports - ENP-South countries,cluster_e589a82e3795,agglomerative,"{""distance_threshold"": 0.35, ""linkage"": ""average""}"
term_86ae2761616c95bcb0cc,Number of bed places in hotels and similar accomodation,cluster_33e2ad4f485a,agglomerative,"{""distance_threshold"": 0.35, ""linkage"": ""average""}"
term_b6b938ad863bb80bb19e,Number of bed places in hotels and similar accomodation - ENP-East countries,cluster_33e2ad4f485a,agglomerative,"{""distance_threshold"": 0.35, ""linkage"": ""average""}"
term_84cdf3d00df5c5fd703c,Number of bovine animals,cluster_b92bbebc9074,agglomerative,"{""distance_threshold"": 0.35, ""linkage"": ""average""}"
term_a6b564148c334b3a3b4b,Number of branches in non-EEA countries,cluster_db861fb1a59f,agglomerative,"{""distance_threshold"": 0.35, ""linkage"": ""average""}"
term_a81d3e9402ac7989e2c4,Number of dairy cows,cluster_b92bbebc9074,agglomerative,"{""distance_threshold"": 0.35, ""linkage"": ""average""}"
term_29335b9de1a1d1e849cb,number of enterprises by size class of investments,cluster_dddfcfe3c7b4,agglomerative,"{""distance_threshold"": 0.35, ""linkage"": ""average""}"
term_7c74fe65c86da7bdbcd9,number of enterprises by size class of members,cluster_dddfcfe3c7b4,agglomerative,"{""distance_threshold"": 0.35, ""linkage"": ""average""}"
term_44182a54b9802a05ffb2,Number of enterprises carrying out cross trade by employment size class,cluster_dddfcfe3c7b4,agglomerative,"{""distance_threshold"": 0.35, ""linkage"": ""average""}"
term_9560cd093859db0ca542,Number of enterprises carrying out cross trade by reasons for cross trade and employment size class,cluster_dddfcfe3c7b4,agglomerative,"{""distance_threshold"": 0.35, ""linkage"": ""average""}"
term_abd74cab62a22713b235,Number of enterprises carrying out cross trade by type of cross trade and employment size class,cluster_dddfcfe3c7b4,agglomerative,"{""distance_threshold"": 0.35, ""linkage"": ""average""}"
term_ea64bfe8e1adb70b21e3,Number of establishments and bed-places,cluster_33e2ad4f485a,agglomerative,"{""distance_threshold"": 0.35, ""linkage"": ""average""}"
term_f0be1e80966f0660b7ac,Number of known species,cluster_b92bbebc9074,agglomerative,"{""distance_threshold"": 0.35, ""linkage"": ""average""}"
term_9a32f2b00aa87f668eda,Number of loans and advances to customers linked to CPA categories,cluster_8a0f9b0619c7,agglomerative,"{""distance_threshold"": 0.35, ""linkage"": ""average""}"
term_a4a022fa199cf3ad65a5,number of locomotives and passenger railways vehicles,cluster_58c47e3d47ef,agglomerative,"{""distance_threshold"": 0.35, ""linkage"": ""average""}"
term_d905406ed283f395785d,Number of pigs,cluster_b92bbebc9074,agglomerative,"{""distance_threshold"": 0.35, ""linkage"": ""average""}"
term_61bed82d22acea14809e,Number of principal ports - ENP-South countries,cluster_e589a82e3795,agglomerative,"{""distance_threshold"": 0.35, ""linkage"": ""average""}"
term_5b25b68cdd609b3ed5df,Number of railway vehicles per type,cluster_58c47e3d47ef,agglomerative,"{""distance_threshold"": 0.35, ""linkage"": ""average""}"
term_aad96d0b8d2e78fa4ea6,Number of railway vehicles per type - ENP-South countries,cluster_e589a82e3795,agglomerative,"{""distance_threshold"": 0.35, ""linkage"": ""average""}"
term_f83a0d543a3dbc0dbe33,number of road vehicles by age,cluster_58c47e3d47ef,agglomerative,"{""distance_threshold"": 0.35, ""linkage"": ""average""}"
term_04bc2bbae85c4687544e,number of road vehicles by categories,cluster_58c47e3d47ef,agglomerative,"{""distance_threshold"": 0.35, ""linkage"": ""average""}"
term_f112cf4b7484c2224932,Number of sheep,cluster_b92bbebc9074,agglomerative,"{""distance_threshold"": 0.35, ""linkage"": ""average""}"
term_272518733f5fbaa1d646,number of ships of 1 000 grt and over,cluster_c68094abfc93,agglomerative,"{""distance_threshold"": 0.35, ""linkage"": ""average""}"
term_cf4649432f0f017271c8,Number of ships of 1000 GT and over by type of vessel,cluster_c68094abfc93,agglomerative,"{""distance_threshold"": 0.35, ""linkage"": ""average""}"
term_8904ee312a94073f369e,Number of ships of 1000 GT and over by type of vessel - ENP-South countries,cluster_c68094abfc93,agglomerative,"{""distance_threshold"": 0.35, ""linkage"": ""average""}"
term_660a2a2c02065c21bef3,number of ships of 300 grt and over,cluster_c68094abfc93,agglomerative,"{""distance_threshold"": 0.35, ""linkage"": ""average""}"
term_e5960a5334d8f22d7a4a,Number of ships of 300 GT and over,cluster_c68094abfc93,agglomerative,"{""distance_threshold"": 0.35, ""linkage"": ""average""}"
term_8bdb409a82777ada298c,Number of ships of 300 GT and over - ENP-South countries,cluster_c68094abfc93,agglomerative,"{""distance_threshold"": 0.35, ""linkage"": ""average""}"
term_27b3b657eb121ac1983a,number of tourists,cluster_999025c3d872,agglomerative,"{""distance_threshold"": 0.35, ""linkage"": ""average""}"
term_8eea633d798734e3781f,"Number of work-related health problems by diagnosis group, sex and number of complaints per victim",cluster_f1f6ee7bbbfa,agglomerative,"{""distance_threshold"": 0.35, ""linkage"": ""average""}"
term_41e0d6bfe368e5f58f50,"Oats and spring cereal mixtures by area, production and humidity",cluster_100401722785,agglomerative,"{""distance_threshold"": 0.35, ""linkage"": ""average""}"
term_914434b607b3774cdf0f,Obesity rate by body mass index (BMI),cluster_021a934ea779,agglomerative,"{""distance_threshold"": 0.35, ""linkage"": ""average""}"
term_f74e9b5ef27562913319,Occupants by type of housing,cluster_30a5e78c1bee,agglomerative,"{""distance_threshold"": 0.35, ""linkage"": ""average""}"
term_c60e08a1e1511fdf6647,"Occupied conventional dwellings by households, by number of rooms",cluster_30a5e78c1bee,agglomerative,"{""distance_threshold"": 0.35, ""linkage"": ""average""}"
term_f993aa33e9b4912c5d72,Occupied conventional dwellings by number of rooms,cluster_30a5e78c1bee,agglomerative,"{""distance_threshold"": 0.35, ""linkage"": ""average""}"
term_9e7db1617199988ed821,Occupied conventional dwellings by presence of comfort characteristics,cluster_30a5e78c1bee,agglomerative,"{""distance_threshold"": 0.35, ""linkage"": ""average""}"
term_0578fd1a07a36ee1a9d3,Occupied conventional dwellings by tenure status and amenities,cluster_30a5e78c1bee,agglomerative,"{""distance_threshold"": 0.35, ""linkage"": ""average""}"
term_7e32bed5fd7706901819,Occupied conventional dwellings by tenure status and period of construction,cluster_30a5e78c1bee,agglomerative,"{""distance_threshold"": 0.35, ""linkage"": ""average""}"
term_95b23a0abc0cf6816c43,Official development assistance as share of gross national income,cluster_64461295bff6,agglomerative,"{""distance_threshold"": 0.35, ""linkage"": ""average""}"
term_4a9f17b11aea848e0f3f,Oil pipeline enterprises,cluster_650f5d5bdee4,agglomerative,"{""distance_threshold"": 0.35, ""linkage"": ""average""}"
term_31ec6b377095a935f71f,Old-age-dependency ratio,cluster_509edf112b87,agglomerative,"{""distance_threshold"": 0.35, ""linkage"": ""average""}"
term_a4d36345cc189b538d51,Olive trees - Area by age and density classes (area in ha),cluster_3f17b5ffbcea,agglomerative,"{""distance_threshold"": 0.35, ""linkage"": ""average""}"
term_f5ec30ab9ebe90fe828e,Olive trees - Area by age classes (area in ha),cluster_3f17b5ffbcea,agglomerative,"{""distance_threshold"": 0.35, ""linkage"": ""average""}"
term_7f01943e33d4e3818e28,Olive trees - Area by density classes (area in ha),cluster_3f17b5ffbcea,agglomerative,"{""distance_threshold"": 0.35, ""linkage"": ""average""}"
term_e8a486be8d619db8be64,Olives by production,cluster_f1d5bb969e5f,agglomerative,"{""distance_threshold"": 0.35, ""linkage"": ""average""}"
term_2cd35f15aa897e5ac309,"one-off data collection, experimental statistics",cluster_a09376bb4032,agglomerative,"{""distance_threshold"": 0.35, ""linkage"": ""average""}"
term_ebddfd2ef3407d39c4e4,Organic production of animal products,cluster_f1d5bb969e5f,agglomerative,"{""distance_threshold"": 0.35, ""linkage"": ""average""}"
term_2254084cb5bd693de12c,Organic production of aquaculture products,cluster_f1d5bb969e5f,agglomerative,"{""distance_threshold"": 0.35, ""linkage"": ""average""}"
term_3b8f7462455d7459baeb,Other investment,cluster_7c9e9c0adc73,agglomerative,"{""distance_threshold"": 0.35, ""linkage"": ""average""}"
term_10519b894f163fe51413,"Other investment - annual data, million units of national currency",cluster_7c9e9c0adc73,agglomerative,"{""distance_threshold"": 0.35, ""linkage"": ""average""}"
term_4b1fd1a7f6908d2872c0,Out-of-pocket expenditure on healthcare,cluster_08c3029890ca,agglomerative,"{""distance_threshold"": 0.35, ""linkage"": ""average""}"
term_5c7765513c44bdd87bb9,Out-of-school rate by sex and age,cluster_f7e741558ca2,agglomerative,"{""distance_threshold"": 0.35, ""linkage"": ""average""}"
term_0fcf4e988e3ce59aa8b1,Out-of-school rate by sex and age - as % of the population of the corresponding age,cluster_f7e741558ca2,agglomerative,"{""distance_threshold"": 0.35, ""linkage"": ""average""}"
term_d877db962664d4857680,"Out-of-school rate in population of lower secondary school age, by sex",cluster_f7e741558ca2,agglomerative,"{""distance_threshold"": 0.35, ""linkage"": ""average""}"
term_769a96867babeedc522b,"Out-of-school rate in population of upper secondary school age, by sex",cluster_f7e741558ca2,agglomerative,"{""distance_threshold"": 0.35, ""linkage"": ""average""}"
term_84c96995e5ca8437bcca,Output of the agricultural industry,cluster_f1d5bb969e5f,agglomerative,"{""distance_threshold"": 0.35, ""linkage"": ""average""}"
term_a1ccdeee056213c3adca,Output of the agricultural industry - basic and producer prices,cluster_021a934ea779,agglomerative,"{""distance_threshold"": 0.35, ""linkage"": ""average""}"
term_3992b935b7626c5f87e1,Outward FDI stocks in % of GDP,cluster_95df7df16168,agglomerative,"{""distance_threshold"": 0.35, ""linkage"": ""average""}"
term_34bb2d7daaad6b23269d,Overall employment growth,cluster_6bf71cfe17d9,agglomerative,"{""distance_threshold"": 0.35, ""linkage"": ""average""}"
term_3c9c21935e6cbe74e4a8,Overcrowding rate by age group - EU-SILC survey,cluster_34cd09890693,agglomerative,"{""distance_threshold"": 0.35, ""linkage"": ""average""}"
term_462c1513203af7c8e5e2,Overcrowding rate by age group - population without single-person households - EU-SILC survey,cluster_34cd09890693,agglomerative,"{""distance_threshold"": 0.35, ""linkage"": ""average""}"
term_0014ea4f38deb7d1ac19,Overcrowding rate by degree of urbanisation - EU-SILC survey,cluster_34cd09890693,agglomerative,"{""distance_threshold"": 0.35, ""linkage"": ""average""}"
term_63e72f5b64212ddf7e4f,Overcrowding rate by degree of urbanisation - total population,cluster_34cd09890693,agglomerative,"{""distance_threshold"": 0.35, ""linkage"": ""average""}"
term_49ea7b801196880b7cbb,Overcrowding rate by household type,cluster_34cd09890693,agglomerative,"{""distance_threshold"": 0.35, ""linkage"": ""average""}"
term_41815656f3f686b05c6f,Overcrowding rate by household type - EU-SILC survey,cluster_34cd09890693,agglomerative,"{""distance_threshold"": 0.35, ""linkage"": ""average""}"
term_6b024f285aa79d6a554a,Overcrowding rate by poverty status - EU-SILC survey,cluster_34cd09890693,agglomerative,"{""distance_threshold"": 0.35, ""linkage"": ""average""}"
term_65b7a817742d84dc8b39,Overcrowding rate by poverty status - population without single-person households - EU-SILC survey,cluster_34cd09890693,agglomerative,"{""distance_threshold"": 0.35, ""linkage"": ""average""}"
term_5a16b6cef237f630da69,Overcrowding rate by sex - EU-SILC survey,cluster_34cd09890693,agglomerative,"{""distance_threshold"": 0.35, ""linkage"": ""average""}"
term_a26d81c3f985547c93b7,Overcrowding rate by sex - population without single-person households - EU-SILC survey,cluster_34cd09890693,agglomerative,"{""distance_threshold"": 0.35, ""linkage"": ""average""}"
term_47db73dc98f6f9af8b90,Overcrowding rate by tenure status - EU-SILC survey,cluster_34cd09890693,agglomerative,"{""distance_threshold"": 0.35, ""linkage"": ""average""}"
term_26490cbba0bceff791ef,Overcrowding rate by tenure status - total population,cluster_34cd09890693,agglomerative,"{""distance_threshold"": 0.35, ""linkage"": ""average""}"
term_48375299e6436c3bd9c8,Parents educational attainment level,cluster_f7e741558ca2,agglomerative,"{""distance_threshold"": 0.35, ""linkage"": ""average""}"
term_c26686026b1eaac864b1,Parents spending enough time with children living with them,cluster_fceddaef81c2,agglomerative,"{""distance_threshold"": 0.35, ""linkage"": ""average""}"
term_c959179fd99717013cd0,Part-time employment rate,cluster_4c9b1b408341,agglomerative,"{""distance_threshold"": 0.35, ""linkage"": ""average""}"
term_add38eca643a0d6974ec,Participants in CVT courses by sex and size class - % of persons employed in all enterprises,cluster_fc59ce925147,agglomerative,"{""distance_threshold"": 0.35, ""linkage"": ""average""}"
term_841d1329067f9e0704e3,Participants in CVT courses by sex and size class - % of persons employed in enterprises providing CVT courses,cluster_fc59ce925147,agglomerative,"{""distance_threshold"": 0.35, ""linkage"": ""average""}"
term_fcc7e728e74e3059ea93,Participation in any learning activities by degree of urbanisation,cluster_e7477d78f08b,agglomerative,"{""distance_threshold"": 0.35, ""linkage"": ""average""}"
term_211350f1722644722421,Participation in any learning activities by NACE Rev. 1.1 activity,cluster_e7477d78f08b,agglomerative,"{""distance_threshold"": 0.35, ""linkage"": ""average""}"
term_ca20d1d63d4ae514658b,Participation in any learning activities by size of the local unit,cluster_e7477d78f08b,agglomerative,"{""distance_threshold"": 0.35, ""linkage"": ""average""}"
term_bad45c024c014ca89cdc,Participation in formal education by degree of urbanisation,cluster_e7477d78f08b,agglomerative,"{""distance_threshold"": 0.35, ""linkage"": ""average""}"
term_02fd946a4112ad14ed99,Participation in informal learning by degree of urbanisation,cluster_e7477d78f08b,agglomerative,"{""distance_threshold"": 0.35, ""linkage"": ""average""}"
term_e150fc0864f2cc4320ef,Participation in job-related non-formal education and training by size of the local unit,cluster_e7477d78f08b,agglomerative,"{""distance_threshold"": 0.35, ""linkage"": ""average""}"
term_c9ce552d6ccf0b5eef8f,Participation in non-formal education and training by degree of urbanisation,cluster_e7477d78f08b,agglomerative,"{""distance_threshold"": 0.35, ""linkage"": ""average""}"
term_1287f3ee19764e81eaa3,Participation in non-formal education and training by main reason for participating in the taught activity,cluster_e7477d78f08b,agglomerative,"{""distance_threshold"": 0.35, ""linkage"": ""average""}"
term_fba7e708c4dd1ac54053,Participation in non-formal education and training by number of activities,cluster_e7477d78f08b,agglomerative,"{""distance_threshold"": 0.35, ""linkage"": ""average""}"
term_19f16f73d082ae8b79df,Participation in non-formal education and training within (or not) paid working hours,cluster_e7477d78f08b,agglomerative,"{""distance_threshold"": 0.35, ""linkage"": ""average""}"
term_51056e69448504b7b8e1,Participation in tourism for personal purposes,cluster_999025c3d872,agglomerative,"{""distance_threshold"": 0.35, ""linkage"": ""average""}"
term_47b9219432ba9fa33c1f,Participation in tourism for personal purposes - % of total population,cluster_999025c3d872,agglomerative,"{""distance_threshold"": 0.35, ""linkage"": ""average""}"
term_cbe3f0c0c63df0d8189e,Passenger air transport over national territory (including territorial sea),cluster_586194a4eb3a,agglomerative,"{""distance_threshold"": 0.35, ""linkage"": ""average""}"
term_9680b4f19d0a8245842f,Passenger air transport over national territory (including territorial sea) - million passenger-km,cluster_586194a4eb3a,agglomerative,"{""distance_threshold"": 0.35, ""linkage"": ""average""}"
term_4e3bb2859dd1efaa770f,Passenger cars - ENP-East countries,cluster_586194a4eb3a,agglomerative,"{""distance_threshold"": 0.35, ""linkage"": ""average""}"
term_29c1dd977822475b4e08,Passenger cars by age,cluster_58c47e3d47ef,agglomerative,"{""distance_threshold"": 0.35, ""linkage"": ""average""}"
term_e3537d9acf26bfd0c234,Passenger cars by alternative motor energy,cluster_58c47e3d47ef,agglomerative,"{""distance_threshold"": 0.35, ""linkage"": ""average""}"
term_9c97b003f0784fc6aece,Passenger cars by unloaded weight,cluster_58c47e3d47ef,agglomerative,"{""distance_threshold"": 0.35, ""linkage"": ""average""}"
term_ded4bcecdf6431047f86,"Passenger cars in accompanied passenger car railway transport, by type of transport",cluster_58c47e3d47ef,agglomerative,"{""distance_threshold"": 0.35, ""linkage"": ""average""}"
term_adae92fa99aabdfd29b8,Passenger railway vehicles by category of vehicle,cluster_58c47e3d47ef,agglomerative,"{""distance_threshold"": 0.35, ""linkage"": ""average""}"
term_5709fdc4daf1a695c786,"Passenger railway vehicles, by type of vehicle",cluster_58c47e3d47ef,agglomerative,"{""distance_threshold"": 0.35, ""linkage"": ""average""}"
term_d4ee21213e40c0f9e7c5,Passenger road transport,cluster_586194a4eb3a,agglomerative,"{""distance_threshold"": 0.35, ""linkage"": ""average""}"
term_9c01f58c839e886cff89,Passenger road transport - ENP-East countries,cluster_586194a4eb3a,agglomerative,"{""distance_threshold"": 0.35, ""linkage"": ""average""}"
term_95d11ad695b6706e129b,Passenger train traffic performance by type of train speed,cluster_58c47e3d47ef,agglomerative,"{""distance_threshold"": 0.35, ""linkage"": ""average""}"
term_3016d8f4c9d8fbfa2d3f,Passengers (excluding cruise passengers) transported from/to the main ports,cluster_b606967bfaf1,agglomerative,"{""distance_threshold"": 0.35, ""linkage"": ""average""}"
term_8287815d3953999fafc9,Passengers (excluding cruise passengers) transported from/to the main ports quarterly data,cluster_b606967bfaf1,agglomerative,"{""distance_threshold"": 0.35, ""linkage"": ""average""}"
term_ef11457c4f85894a4603,passengers and freight,cluster_586194a4eb3a,agglomerative,"{""distance_threshold"": 0.35, ""linkage"": ""average""}"
term_f20e1d32e8fd1288e4ea,Passengers embarked and disembarked (excluding cruises) in all ports by direction,cluster_b606967bfaf1,agglomerative,"{""distance_threshold"": 0.35, ""linkage"": ""average""}"
term_97776b00a2bd6228cf92,Passengers embarked and disembarked (excluding cruises) in all ports by direction - ENP-South countries,cluster_b606967bfaf1,agglomerative,"{""distance_threshold"": 0.35, ""linkage"": ""average""}"
term_27d85a4f155fe560be31,passengers embarked and disembarked in all ports,cluster_b606967bfaf1,agglomerative,"{""distance_threshold"": 0.35, ""linkage"": ""average""}"
term_17404c3f77c76f3b68c1,Passengers embarked and disembarked in the top 20 EU ports,cluster_b606967bfaf1,agglomerative,"{""distance_threshold"": 0.35, ""linkage"": ""average""}"
term_54ab3a65984d82df4910,"Passengers in accompanied passenger car railway transport, by type of transport",cluster_58c47e3d47ef,agglomerative,"{""distance_threshold"": 0.35, ""linkage"": ""average""}"
term_298c39b5e6c3879b2034,Passengers transported,cluster_586194a4eb3a,agglomerative,"{""distance_threshold"": 0.35, ""linkage"": ""average""}"
term_60ede498db7097a1bd4c,Passengers transported by type of train speed,cluster_586194a4eb3a,agglomerative,"{""distance_threshold"": 0.35, ""linkage"": ""average""}"
term_7fb7d3bfdb42ee8c4444,Patent applications to the European Patent Office by applicants' / inventors' country of residence,cluster_f7c5001b3c2d,agglomerative,"{""distance_threshold"": 0.35, ""linkage"": ""average""}"
term_9d4b5e974f4d77fbd17c,Patents related to recycling and secondary raw materials,cluster_91c1e6a5fb85,agglomerative,"{""distance_threshold"": 0.35, ""linkage"": ""average""}"
term_78e1534cafe3e7fd84bb,People at risk of poverty after social transfer,cluster_34cd09890693,agglomerative,"{""distance_threshold"": 0.35, ""linkage"": ""average""}"
term_21039a3f0a05370d762f,People at risk of poverty or social exclusion,cluster_34cd09890693,agglomerative,"{""distance_threshold"": 0.35, ""linkage"": ""average""}"
term_3aa0754256af481844cb,People at risk of poverty or social exclusion by age,cluster_34cd09890693,agglomerative,"{""distance_threshold"": 0.35, ""linkage"": ""average""}"
term_102ee3e8960921ace6a5,People at risk of poverty or social exclusion by NUTS 2 region,cluster_4b3de1fb46bb,agglomerative,"{""distance_threshold"": 0.35, ""linkage"": ""average""}"
term_645f9acb5239d112b13e,People at risk of poverty or social exclusion by sex,cluster_34cd09890693,agglomerative,"{""distance_threshold"": 0.35, ""linkage"": ""average""}"
term_91b96eb4e06488898c52,People living in households with very low work intensity,cluster_30a5e78c1bee,agglomerative,"{""distance_threshold"": 0.35, ""linkage"": ""average""}"
term_cda4f4bf293e6e9e650a,People living in households with very low work intensity by sex,cluster_30a5e78c1bee,agglomerative,"{""distance_threshold"": 0.35, ""linkage"": ""average""}"
term_2c38fafe65ca58d949f0,per 1000 of corresponding age population,cluster_33ddf438eacf,agglomerative,"{""distance_threshold"": 0.35, ""linkage"": ""average""}"
term_6c398553c4d684b6aba1,per 1000 of population aged 25-34,cluster_33ddf438eacf,agglomerative,"{""distance_threshold"": 0.35, ""linkage"": ""average""}"
term_44c67b874f2da8890b22,Perceived independence of the justice system,cluster_93d52bc87457,agglomerative,"{""distance_threshold"": 0.35, ""linkage"": ""average""}"
term_8eb006063d765dc430d5,Perception of ever-working women as victims/non-victims of sexual harassment at work by commonness of harassment,cluster_5415bed44bb1,agglomerative,"{""distance_threshold"": 0.35, ""linkage"": ""average""}"
term_c4423e37addaecb10a3c,Perception of women as victims/non-victims of intimate partner violence by commonness of this violence against women,cluster_5415bed44bb1,agglomerative,"{""distance_threshold"": 0.35, ""linkage"": ""average""}"
term_cbecfdaa9037fba5d910,Permanent crops for human consumption by area,cluster_100401722785,agglomerative,"{""distance_threshold"": 0.35, ""linkage"": ""average""}"
term_749d1a6aace9f2d46f35,Persistent at-risk-of poverty rate by age group,cluster_34cd09890693,agglomerative,"{""distance_threshold"": 0.35, ""linkage"": ""average""}"
term_6afccaad32586d0fbdcd,Persistent at-risk-of poverty rate by age group - EU-SILC survey,cluster_34cd09890693,agglomerative,"{""distance_threshold"": 0.35, ""linkage"": ""average""}"
term_4ed0dcb07fce1bec573c,Persistent at-risk-of poverty rate by sex,cluster_34cd09890693,agglomerative,"{""distance_threshold"": 0.35, ""linkage"": ""average""}"
term_edcdfadf6f72b56a613d,Persistent at-risk-of poverty rate by sex - EU-SILC survey,cluster_34cd09890693,agglomerative,"{""distance_threshold"": 0.35, ""linkage"": ""average""}"
term_bc8f19e896b83e9346f8,Persons aged 20-24 with at least upper secondary educational attainment level by sex,cluster_f7e741558ca2,agglomerative,"{""distance_threshold"": 0.35, ""linkage"": ""average""}"
term_a968943d1710d36e3932,Persons aged 25-34 with tertiary educational attainment level,cluster_f7e741558ca2,agglomerative,"{""distance_threshold"": 0.35, ""linkage"": ""average""}"
term_231ff8842d6253cb7509,Persons aged 25-64 with at least upper secondary educational attainment level by sex,cluster_f7e741558ca2,agglomerative,"{""distance_threshold"": 0.35, ""linkage"": ""average""}"
term_665caf7a5d93295126cd,Persons at risk of monetary poverty after social transfers,cluster_34cd09890693,agglomerative,"{""distance_threshold"": 0.35, ""linkage"": ""average""}"
term_96ad3c5131a392b46677,Persons at risk of monetary poverty after social transfers - EU-SILC and ECHP surveys,cluster_34cd09890693,agglomerative,"{""distance_threshold"": 0.35, ""linkage"": ""average""}"
term_834a25062d85c3dd918f,Persons at risk of monetary poverty after social transfers by citizenship,cluster_34cd09890693,agglomerative,"{""distance_threshold"": 0.35, ""linkage"": ""average""}"
term_c49d6683a9d3ac7e45de,Persons at risk of poverty or social exclusion - EU2030 target,cluster_34cd09890693,agglomerative,"{""distance_threshold"": 0.35, ""linkage"": ""average""}"
term_61a3e10eb6e99356bc29,Persons at risk of poverty or social exclusion by degree of urbanisation,cluster_34cd09890693,agglomerative,"{""distance_threshold"": 0.35, ""linkage"": ""average""}"
term_47773611394fb7c4ea29,Persons at risk of poverty or social exclusion by NUTS 2 region - EU strategy,cluster_4b3de1fb46bb,agglomerative,"{""distance_threshold"": 0.35, ""linkage"": ""average""}"
term_5b19b2ed0229d8dcb6be,Persons at risk of poverty or social exclusion by tenure status - EU strategy,cluster_34cd09890693,agglomerative,"{""distance_threshold"": 0.35, ""linkage"": ""average""}"
term_a562c6a2e42e3bc62e52,Persons brought before criminal courts by legal status of the court process,cluster_2aeba3fc16ae,agglomerative,"{""distance_threshold"": 0.35, ""linkage"": ""average""}"
term_15dbcb8da5cd58b33898,Persons eligible to vote in the elections by category of voters,cluster_cf52a814fe5f,agglomerative,"{""distance_threshold"": 0.35, ""linkage"": ""average""}"
term_e8d119383f3adbed46c7,Persons eligible to vote in the elections by category of voters - dedicated data collection,cluster_cf52a814fe5f,agglomerative,"{""distance_threshold"": 0.35, ""linkage"": ""average""}"
term_4dccdfc285e402f7d63f,Persons employed in aviation and airport enterprises by sex,cluster_0958acf3e7dc,agglomerative,"{""distance_threshold"": 0.35, ""linkage"": ""average""}"
term_964dabd5c3d9c94c9292,Persons employed in circular economy sectors,cluster_96d147543e4d,agglomerative,"{""distance_threshold"": 0.35, ""linkage"": ""average""}"
term_a3677d8c6276e767b3fe,Persons employed in goods road transport enterprises by employment size classes,cluster_dddfcfe3c7b4,agglomerative,"{""distance_threshold"": 0.35, ""linkage"": ""average""}"
term_83071806be9a1b00d7c3,Persons employed in goods road transport enterprises by sex,cluster_0958acf3e7dc,agglomerative,"{""distance_threshold"": 0.35, ""linkage"": ""average""}"
term_05f11b985b31b2cdc0b6,Persons employed in main airports by sex,cluster_0958acf3e7dc,agglomerative,"{""distance_threshold"": 0.35, ""linkage"": ""average""}"
term_43cbbf3cd086d84256a0,Persons employed in multinational enterprise groups by size class,cluster_dddfcfe3c7b4,agglomerative,"{""distance_threshold"": 0.35, ""linkage"": ""average""}"
term_de8158adb886942a396a,Persons employed in multinational enterprise groups by size class - experimental statistics,cluster_dddfcfe3c7b4,agglomerative,"{""distance_threshold"": 0.35, ""linkage"": ""average""}"
term_df93ad6ac100a3013b52,Persons employed in oil pipeline enterprises by sex,cluster_0958acf3e7dc,agglomerative,"{""distance_threshold"": 0.35, ""linkage"": ""average""}"
term_8399d790e88283f98a1a,Persons employed in principal railway enterprises by sex,cluster_0958acf3e7dc,agglomerative,"{""distance_threshold"": 0.35, ""linkage"": ""average""}"
term_fb2d1f9e0c3937daf87d,Persons having experienced housing difficulties in their lifetime by sex and current risk of poverty or social exclusion situation,cluster_f1f6ee7bbbfa,agglomerative,"{""distance_threshold"": 0.35, ""linkage"": ""average""}"
term_d231c73501a8c2085599,Persons having experienced housing difficulties in their lifetime by sex and group of country of birth,cluster_f1f6ee7bbbfa,agglomerative,"{""distance_threshold"": 0.35, ""linkage"": ""average""}"
term_efef353395c4dc08a074,Persons having experienced housing difficulties in their lifetime by sex and group of current country of citizenship,cluster_f1f6ee7bbbfa,agglomerative,"{""distance_threshold"": 0.35, ""linkage"": ""average""}"
term_8e51162c511e64dbb6b9,Persons having experienced housing difficulties in their lifetime by sex and type of temporary solution (effect),cluster_f1f6ee7bbbfa,agglomerative,"{""distance_threshold"": 0.35, ""linkage"": ""average""}"
term_1d73ec0e54bd8cafcdca,Persons having overcome housing difficulties experienced in their lifetime by sex and reason,cluster_f1f6ee7bbbfa,agglomerative,"{""distance_threshold"": 0.35, ""linkage"": ""average""}"
term_44c70ebd7b0eed863f83,persons killed,cluster_6361a6c18e80,agglomerative,"{""distance_threshold"": 0.35, ""linkage"": ""average""}"
term_94e77e8b85501a114a30,Persons killed in road accidents,cluster_6361a6c18e80,agglomerative,"{""distance_threshold"": 0.35, ""linkage"": ""average""}"
term_e1d64a38de260ccd2210,Persons killed in road accidents - ENP-South countries,cluster_6361a6c18e80,agglomerative,"{""distance_threshold"": 0.35, ""linkage"": ""average""}"
term_631eb1699bcba3e137bf,Persons killed in road accidents by type of road,cluster_6361a6c18e80,agglomerative,"{""distance_threshold"": 0.35, ""linkage"": ""average""}"
term_fe74103ae4baa4ea6a16,"Persons living in households with very low work intensity, by age group",cluster_30a5e78c1bee,agglomerative,"{""distance_threshold"": 0.35, ""linkage"": ""average""}"
term_96a5f1cccf9b1a3f52e1,Persons outside the labour force due to caring responsibilities by sex,cluster_0958acf3e7dc,agglomerative,"{""distance_threshold"": 0.35, ""linkage"": ""average""}"
term_155f68a9d0bb78c1747e,Persons outside the labour force who receive a pension who would have wished to stay longer in employment,cluster_c33cec3614f9,agglomerative,"{""distance_threshold"": 0.35, ""linkage"": ""average""}"
term_109c7527c2782f5e5b6d,Persons owning real estate other than main residence by income quantile,cluster_34cd09890693,agglomerative,"{""distance_threshold"": 0.35, ""linkage"": ""average""}"
term_00883e395cea1167bd39,Persons owning real estate other than main residence by risk of poverty threshold,cluster_34cd09890693,agglomerative,"{""distance_threshold"": 0.35, ""linkage"": ""average""}"
term_defa96e0775a9ba7a7f3,Persons participating in tourism for personal purposes,cluster_999025c3d872,agglomerative,"{""distance_threshold"": 0.35, ""linkage"": ""average""}"
term_16f93729b739feb899eb,Persons participating in tourism for personal purposes - number of tourists,cluster_999025c3d872,agglomerative,"{""distance_threshold"": 0.35, ""linkage"": ""average""}"
term_d2fbf2cc6ddff7b082a9,Persons reading newspapers in the last 12 months by sex (and),cluster_0958acf3e7dc,agglomerative,"{""distance_threshold"": 0.35, ""linkage"": ""average""}"
term_d2f14aff04e6b38ff1b0,Persons receiving benefits (other than old age benefits) by risk of poverty and work intensity of the household (population aged 18 to 64),cluster_b9a3b7632ab8,agglomerative,"{""distance_threshold"": 0.35, ""linkage"": ""average""}"
term_8dd9b4c1cb411cdf6804,Persons reporting a road traffic accident,cluster_6361a6c18e80,agglomerative,"{""distance_threshold"": 0.35, ""linkage"": ""average""}"
term_95e8920fbabb3dc71cfe,Persons subject of asylum applications pending at the end of the month,cluster_41c8cbcb6fe5,agglomerative,"{""distance_threshold"": 0.35, ""linkage"": ""average""}"
term_58dc482e9d08b616804e,Persons subject of asylum applications pending at the end of the month - monthly data,cluster_41c8cbcb6fe5,agglomerative,"{""distance_threshold"": 0.35, ""linkage"": ""average""}"
term_b9d733818f81c4c879ae,Persons subject to immigration law enforcement,cluster_2aeba3fc16ae,agglomerative,"{""distance_threshold"": 0.35, ""linkage"": ""average""}"
term_7298b00f10d396243185,Persons who receive a pension by type,cluster_c33cec3614f9,agglomerative,"{""distance_threshold"": 0.35, ""linkage"": ""average""}"
term_1256e34b96fa5a258574,Persons who reduced their working hours in a move towards retirement,cluster_c33cec3614f9,agglomerative,"{""distance_threshold"": 0.35, ""linkage"": ""average""}"
term_04f00f70a14af82a947d,Persons with at most lower secondary educational attainment level by age,cluster_f7e741558ca2,agglomerative,"{""distance_threshold"": 0.35, ""linkage"": ""average""}"
term_03b7d7aa96fae2cdca61,Persons with loans for education purposes by risk of poverty threshold,cluster_34cd09890693,agglomerative,"{""distance_threshold"": 0.35, ""linkage"": ""average""}"
term_554f1e626408bcd11eb9,Persons with loans for property purposes by risk of poverty threshold,cluster_34cd09890693,agglomerative,"{""distance_threshold"": 0.35, ""linkage"": ""average""}"
term_3fb4d8aaa9743e4baabd,"Persons with loans for purposes other than property, transport, education and daily living expenses by risk of poverty threshold",cluster_34cd09890693,agglomerative,"{""distance_threshold"": 0.35, ""linkage"": ""average""}"
term_782651427b7030ca5928,Persons with loans for transport purposes by risk of poverty threshold,cluster_34cd09890693,agglomerative,"{""distance_threshold"": 0.35, ""linkage"": ""average""}"
term_f614029de8cffb0f8f18,Persons with loans to cover daily living expenses by risk of poverty threshold,cluster_34cd09890693,agglomerative,"{""distance_threshold"": 0.35, ""linkage"": ""average""}"
term_7d01d1a61c05c7b2abfc,"Persons working as creative and performing artists, authors, journalists and linguists",cluster_9924460cef66,agglomerative,"{""distance_threshold"": 0.35, ""linkage"": ""average""}"
term_ee85c78292b759908a3d,Pesticide sales by categorisation of active substances,cluster_0e3e19fd0dd0,agglomerative,"{""distance_threshold"": 0.35, ""linkage"": ""average""}"
term_3c201244b8acdaa0b083,Police officers,cluster_a45978bb21e7,agglomerative,"{""distance_threshold"": 0.35, ""linkage"": ""average""}"
term_3c74886439e5cd2fb286,Population (aged 20-24) who completed at least an upper secondary educational attainment level (ISCED level 3) by sex,cluster_f7e741558ca2,agglomerative,"{""distance_threshold"": 0.35, ""linkage"": ""average""}"
term_3499e3c7d17ee0abdf55,Population (aged 20-24) who completed at least an upper secondary educational attainment level (ISCED level 3) by sex - ENP-South countries,cluster_f7e741558ca2,agglomerative,"{""distance_threshold"": 0.35, ""linkage"": ""average""}"
term_99b168fc5730e52ce37d,Population (aged 25 and over) by sex and educational attainment level,cluster_f7e741558ca2,agglomerative,"{""distance_threshold"": 0.35, ""linkage"": ""average""}"
term_752a4d2a5b755187bcc4,Population (aged 25 and over) by sex and educational attainment level - ENP-South countries,cluster_f7e741558ca2,agglomerative,"{""distance_threshold"": 0.35, ""linkage"": ""average""}"
term_2c8c0c8c6ab4970569ba,Population (aged 30-34) who completed tertiary or equivalent education,cluster_f7e741558ca2,agglomerative,"{""distance_threshold"": 0.35, ""linkage"": ""average""}"
term_2bc18f78c89d4d2ce3fe,Population (aged 30-34) who completed tertiary or equivalent education - ENP-East countries,cluster_f7e741558ca2,agglomerative,"{""distance_threshold"": 0.35, ""linkage"": ""average""}"
term_c287e0ca5232e6163718,Population (aged 30-34) with tertiary educational attainment level by sex,cluster_f7e741558ca2,agglomerative,"{""distance_threshold"": 0.35, ""linkage"": ""average""}"
term_de2c10dc4ca88dbd36ca,Population aged 15-74 in private households,cluster_29f104edcb7b,agglomerative,"{""distance_threshold"": 0.35, ""linkage"": ""average""}"
term_00794e6316ee6533eb31,Population aged 15-74 in private households - LFS,cluster_29f104edcb7b,agglomerative,"{""distance_threshold"": 0.35, ""linkage"": ""average""}"
term_5e969fc9f5e1ef6cef7f,Population change,cluster_75d91075175e,agglomerative,"{""distance_threshold"": 0.35, ""linkage"": ""average""}"
term_1235dd822d5ad1200534,"Population change - crude rates of total change, natural change and net migration plus adjustment",cluster_75d91075175e,agglomerative,"{""distance_threshold"": 0.35, ""linkage"": ""average""}"
term_66a7a8627044b4d0fc6a,Population connected to at least secondary wastewater treatment,cluster_488a20112d22,agglomerative,"{""distance_threshold"": 0.35, ""linkage"": ""average""}"
term_cb772a85556d4c34b572,Population connected to public water supply - ENP-South countries,cluster_488a20112d22,agglomerative,"{""distance_threshold"": 0.35, ""linkage"": ""average""}"
term_fc4c296a653c39b9033c,Population connected to wastewater collection and treatment systems,cluster_488a20112d22,agglomerative,"{""distance_threshold"": 0.35, ""linkage"": ""average""}"
term_6918aaed3bab18229b10,Population connected to wastewater collection and treatment systems - ENP-South countries,cluster_488a20112d22,agglomerative,"{""distance_threshold"": 0.35, ""linkage"": ""average""}"
term_1f0f520b54430bc6abe1,Population connected to Wastewater Treatment,cluster_488a20112d22,agglomerative,"{""distance_threshold"": 0.35, ""linkage"": ""average""}"
term_3e0305cd108e456f71c5,Population density - ENP-South countries,cluster_e589a82e3795,agglomerative,"{""distance_threshold"": 0.35, ""linkage"": ""average""}"
term_02c811e71846f8f59a4b,Population density by metropolitan region,cluster_7cb8d66f9985,agglomerative,"{""distance_threshold"": 0.35, ""linkage"": ""average""}"
term_9a39fc3791a919f5cdb9,"Population having neither a bath, nor a shower, nor indoor flushing toilet in their household by poverty status",cluster_30a5e78c1bee,agglomerative,"{""distance_threshold"": 0.35, ""linkage"": ""average""}"
term_23202d38f263756ed950,Population in jobless private households,cluster_30a5e78c1bee,agglomerative,"{""distance_threshold"": 0.35, ""linkage"": ""average""}"
term_883b1192f0226fbe8107,Population in jobless private households - % of persons living in private households where no-one is employed,cluster_30a5e78c1bee,agglomerative,"{""distance_threshold"": 0.35, ""linkage"": ""average""}"
term_661ea0454236ae7c181b,"Population living in households considering that they suffer from noise, by poverty status",cluster_30a5e78c1bee,agglomerative,"{""distance_threshold"": 0.35, ""linkage"": ""average""}"
term_cbcda8ee4c84bb52bb07,Population on 1 January,cluster_96fe0675aeed,agglomerative,"{""distance_threshold"": 0.35, ""linkage"": ""average""}"
term_3a6aa3a21850433042bb,Population on 1 January by sex and by age group,cluster_96fe0675aeed,agglomerative,"{""distance_threshold"": 0.35, ""linkage"": ""average""}"
term_9dcd6774cc4d7d3e8b99,"Population reporting occurrence of crime, violence or vandalism in their area by poverty status",cluster_34cd09890693,agglomerative,"{""distance_threshold"": 0.35, ""linkage"": ""average""}"
term_1fd8ee608312159f93ce,Population served by municipal waste,cluster_ad295f715ee2,agglomerative,"{""distance_threshold"": 0.35, ""linkage"": ""average""}"
term_5e416bfcffb96e0462a3,Population served by municipal waste - ENP-South countries,cluster_ad295f715ee2,agglomerative,"{""distance_threshold"": 0.35, ""linkage"": ""average""}"
term_85f46a94adae83c65aa0,Population structure by detailed age group,cluster_7cb8d66f9985,agglomerative,"{""distance_threshold"": 0.35, ""linkage"": ""average""}"
term_b792bbff52c871715296,Population structure by sex,cluster_7cb8d66f9985,agglomerative,"{""distance_threshold"": 0.35, ""linkage"": ""average""}"
term_f34098c34128bcc75f40,Population unable to keep home adequately warm by poverty status,cluster_34cd09890693,agglomerative,"{""distance_threshold"": 0.35, ""linkage"": ""average""}"
term_4fca53cde49e472d8d3b,population without single-person households,cluster_30a5e78c1bee,agglomerative,"{""distance_threshold"": 0.35, ""linkage"": ""average""}"
term_7657a3997e431eff5e36,Population without the citizenship of the,cluster_30a5e78c1bee,agglomerative,"{""distance_threshold"": 0.35, ""linkage"": ""average""}"
term_d6ba7f693120ab37f029,Portfolio investment,cluster_7c9e9c0adc73,agglomerative,"{""distance_threshold"": 0.35, ""linkage"": ""average""}"
term_66458f4d994af8aaf3dd,"Portfolio investment - annual data, million units of national currency",cluster_7c9e9c0adc73,agglomerative,"{""distance_threshold"": 0.35, ""linkage"": ""average""}"
term_d64ec63afdd40c26b939,ports,cluster_586194a4eb3a,agglomerative,"{""distance_threshold"": 0.35, ""linkage"": ""average""}"
term_ef731b70c34569e95d8d,Positive first instance decisions,cluster_0b86931b6154,agglomerative,"{""distance_threshold"": 0.35, ""linkage"": ""average""}"
term_3a95faec3c448acb3782,potential years of life lost by country of residence,cluster_f1f6ee7bbbfa,agglomerative,"{""distance_threshold"": 0.35, ""linkage"": ""average""}"
term_52cd10cf1b1ebd842e7d,Poultry farming,cluster_7b82e7e0bbdb,agglomerative,"{""distance_threshold"": 0.35, ""linkage"": ""average""}"
term_99bc776aac0b0d9733cc,Poverty headcount ratio by sex (proportion of persons below the national poverty line),cluster_34cd09890693,agglomerative,"{""distance_threshold"": 0.35, ""linkage"": ""average""}"
term_d37eaeb3303305ec226c,Poverty headcount ratio by sex (proportion of persons below the national poverty line) - ENP-South countries,cluster_34cd09890693,agglomerative,"{""distance_threshold"": 0.35, ""linkage"": ""average""}"
term_403aea4f384fc6acc96e,Poverty lines,cluster_34cd09890693,agglomerative,"{""distance_threshold"": 0.35, ""linkage"": ""average""}"
term_794a77d738ad7d02e559,Poverty ratio,cluster_34cd09890693,agglomerative,"{""distance_threshold"": 0.35, ""linkage"": ""average""}"
term_a67e3cf388b0d7e006c3,Power of self-propelled vessels by load capacity,cluster_b2b3f012d4f5,agglomerative,"{""distance_threshold"": 0.35, ""linkage"": ""average""}"
term_ae8487ea473e0665950b,Practising dentists,cluster_f857cac0387c,agglomerative,"{""distance_threshold"": 0.35, ""linkage"": ""average""}"
term_b6cc881b05f2d8d207e6,Practising physicians,cluster_f857cac0387c,agglomerative,"{""distance_threshold"": 0.35, ""linkage"": ""average""}"
term_d2e8926e165b563b2364,Premature deaths due to exposure to fine particulate matter (PM2.5),cluster_d2763383b5ab,agglomerative,"{""distance_threshold"": 0.35, ""linkage"": ""average""}"
term_996b71dc48db3579ae39,Preventive cancer screenings,cluster_0e1064bc1457,agglomerative,"{""distance_threshold"": 0.35, ""linkage"": ""average""}"
term_b98c25d9acac1ded0131,Preventive cancer screenings - programme data,cluster_0e1064bc1457,agglomerative,"{""distance_threshold"": 0.35, ""linkage"": ""average""}"
term_f3cf73148dd08f19dbab,Price and volume convergence between EU Member States,cluster_f7c5001b3c2d,agglomerative,"{""distance_threshold"": 0.35, ""linkage"": ""average""}"
term_d2ef954d82d5a2aa301b,Price indices of agricultural input/output at nominal value (= 100),cluster_021a934ea779,agglomerative,"{""distance_threshold"": 0.35, ""linkage"": ""average""}"
term_40b19f5a21b3b4e61deb,Price level indices,cluster_021a934ea779,agglomerative,"{""distance_threshold"": 0.35, ""linkage"": ""average""}"
term_0dd5c6463b1a707e0a9f,Prices (annual series),cluster_021a934ea779,agglomerative,"{""distance_threshold"": 0.35, ""linkage"": ""average""}"
term_0815358a95463a29bc63,Primary energy consumption,cluster_32528f9d8077,agglomerative,"{""distance_threshold"": 0.35, ""linkage"": ""average""}"
term_a4b4dfa6de5345c78a4d,Primary energy production,cluster_32528f9d8077,agglomerative,"{""distance_threshold"": 0.35, ""linkage"": ""average""}"
term_0563739b5560786e3ac2,Prison capacity and number of persons held,cluster_fbc8a9074ab3,agglomerative,"{""distance_threshold"": 0.35, ""linkage"": ""average""}"
term_b4a2b5282e4bc860b99b,Prison population,cluster_fbc8a9074ab3,agglomerative,"{""distance_threshold"": 0.35, ""linkage"": ""average""}"
term_a33c7a743a7bfcd42fd6,Prisoners by citizenship,cluster_2aeba3fc16ae,agglomerative,"{""distance_threshold"": 0.35, ""linkage"": ""average""}"
term_57689428a2f85d9b7c76,Prisoners by legal status of the trial process,cluster_2aeba3fc16ae,agglomerative,"{""distance_threshold"": 0.35, ""linkage"": ""average""}"
term_123862fc9616167ba725,Private households by type of housing,cluster_30a5e78c1bee,agglomerative,"{""distance_threshold"": 0.35, ""linkage"": ""average""}"
term_25b879192367d0ba7c82,Private investment and gross added value related to circular economy sectors,cluster_96d147543e4d,agglomerative,"{""distance_threshold"": 0.35, ""linkage"": ""average""}"
term_ad6c8b2857fa8ef57465,"Private sector credit flow, consolidated",cluster_fe8bf0004b8f,agglomerative,"{""distance_threshold"": 0.35, ""linkage"": ""average""}"
term_4b9ed4e5dbc24137e6e3,"Private sector credit flow, consolidated - % GDP",cluster_fe8bf0004b8f,agglomerative,"{""distance_threshold"": 0.35, ""linkage"": ""average""}"
term_b4144be8cce8d87780ea,"Private sector credit flow, non-consolidated",cluster_fe8bf0004b8f,agglomerative,"{""distance_threshold"": 0.35, ""linkage"": ""average""}"
term_20f0568d3084e3c66191,"Private sector credit flow: debt securities by sectors, consolidated - % of GDP",cluster_fe8bf0004b8f,agglomerative,"{""distance_threshold"": 0.35, ""linkage"": ""average""}"
term_65be4aed5f3e86273ea9,"Private sector credit flow: debt securities by sectors, consolidated - million units of national currency",cluster_fe8bf0004b8f,agglomerative,"{""distance_threshold"": 0.35, ""linkage"": ""average""}"
term_9987e242ef89d7650d4c,"Private sector credit flow: debt securities by sectors, non-consolidated - % of GDP",cluster_fe8bf0004b8f,agglomerative,"{""distance_threshold"": 0.35, ""linkage"": ""average""}"
term_b7e1c68944523a50df59,"Private sector credit flow: debt securities by sectors, non-consolidated - million units of national currency",cluster_fe8bf0004b8f,agglomerative,"{""distance_threshold"": 0.35, ""linkage"": ""average""}"
term_cd7a39a0bc9ab7d16394,"Private sector credit flow: loans by sectors, consolidated - % of GDP",cluster_fe8bf0004b8f,agglomerative,"{""distance_threshold"": 0.35, ""linkage"": ""average""}"
term_fc37453713d8145719e4,"Private sector credit flow: loans by sectors, consolidated - million units of national currency",cluster_fe8bf0004b8f,agglomerative,"{""distance_threshold"": 0.35, ""linkage"": ""average""}"
term_2e754403a3df9923c2b5,"Private sector credit flow: loans by sectors, non-consolidated - % of GDP",cluster_fe8bf0004b8f,agglomerative,"{""distance_threshold"": 0.35, ""linkage"": ""average""}"
term_c7107b7d39a29bfa1c6f,"Private sector credit flow: loans by sectors, non-consolidated - million units of national currency",cluster_fe8bf0004b8f,agglomerative,"{""distance_threshold"": 0.35, ""linkage"": ""average""}"
term_311bfac945e87c9de1c5,"Private sector debt, consolidated",cluster_fe8bf0004b8f,agglomerative,"{""distance_threshold"": 0.35, ""linkage"": ""average""}"
term_5842369333bd62a04195,"Private sector debt, consolidated - % of GDP",cluster_fe8bf0004b8f,agglomerative,"{""distance_threshold"": 0.35, ""linkage"": ""average""}"
term_b9412a1b7ab718be5c1b,"Private sector debt, non-consolidated",cluster_fe8bf0004b8f,agglomerative,"{""distance_threshold"": 0.35, ""linkage"": ""average""}"
term_ad9dc9a5708b94af4fb0,"Private sector debt: debt securities by sectors, non-consolidated - % of GDP",cluster_fe8bf0004b8f,agglomerative,"{""distance_threshold"": 0.35, ""linkage"": ""average""}"
term_9d50d199d0d99718d25a,"Private sector debt: debt securities by sectors, non-consolidated - million units of national currency",cluster_fe8bf0004b8f,agglomerative,"{""distance_threshold"": 0.35, ""linkage"": ""average""}"
term_d43e9eb1d7802e118e16,"Private sector debt: debt securities, by sectors, consolidated - % of GDP",cluster_fe8bf0004b8f,agglomerative,"{""distance_threshold"": 0.35, ""linkage"": ""average""}"
term_2bece1c0693247c1dc68,"Private sector debt: debt securities, by sectors, consolidated - million units of national currency",cluster_fe8bf0004b8f,agglomerative,"{""distance_threshold"": 0.35, ""linkage"": ""average""}"
term_d4457b46a2a9fe773bfa,"Private sector debt: loans by sectors, non-consolidated - million units of national currency",cluster_fe8bf0004b8f,agglomerative,"{""distance_threshold"": 0.35, ""linkage"": ""average""}"
term_e3cfbb83163ba40271ed,"Private sector debt: loans, by sectors, consolidated - % of GDP",cluster_fe8bf0004b8f,agglomerative,"{""distance_threshold"": 0.35, ""linkage"": ""average""}"
term_69938592c0968ec0dd88,"Private sector debt: loans, by sectors, consolidated - million units of national currency",cluster_fe8bf0004b8f,agglomerative,"{""distance_threshold"": 0.35, ""linkage"": ""average""}"
term_1718a2844b38ef2cb8e6,"Private sector debt: loans, by sectors, non-consolidated - % of GDP",cluster_fe8bf0004b8f,agglomerative,"{""distance_threshold"": 0.35, ""linkage"": ""average""}"
term_b4702bc4c96cbe9c8c3e,Processors of organic products by NACE Rev. 2 activity (C),cluster_fc59ce925147,agglomerative,"{""distance_threshold"": 0.35, ""linkage"": ""average""}"
term_8dcaba990735ba9a2b8d,"Producer price indices, animals and animal products",cluster_021a934ea779,agglomerative,"{""distance_threshold"": 0.35, ""linkage"": ""average""}"
term_f28e10cdf7f618065874,"Producer price indices, crop products",cluster_021a934ea779,agglomerative,"{""distance_threshold"": 0.35, ""linkage"": ""average""}"
term_9bcd4b391a70ebb8d94e,"Producer price indices, total agricultural production",cluster_021a934ea779,agglomerative,"{""distance_threshold"": 0.35, ""linkage"": ""average""}"
term_bc836f9457aaa2352e2c,Production and consumption of chemicals by hazard class,cluster_0e3e19fd0dd0,agglomerative,"{""distance_threshold"": 0.35, ""linkage"": ""average""}"
term_8e72fee385baec40ba64,Production forecasts for pigs,cluster_f1d5bb969e5f,agglomerative,"{""distance_threshold"": 0.35, ""linkage"": ""average""}"
term_1f425fe6b2c44195e8c6,Production forecasts for pigs - quarterly data,cluster_f1d5bb969e5f,agglomerative,"{""distance_threshold"": 0.35, ""linkage"": ""average""}"
term_f25b3958d6da1017e631,Production in construction,cluster_f1d5bb969e5f,agglomerative,"{""distance_threshold"": 0.35, ""linkage"": ""average""}"
term_6065d4f8545e2fd54fdf,Production in industry,cluster_f1d5bb969e5f,agglomerative,"{""distance_threshold"": 0.35, ""linkage"": ""average""}"
term_36a72c577c29ed8a435e,Production in industry - capital goods,cluster_f1d5bb969e5f,agglomerative,"{""distance_threshold"": 0.35, ""linkage"": ""average""}"
term_b7a69d80e0c95946c178,Production in industry - consumer durables,cluster_f1d5bb969e5f,agglomerative,"{""distance_threshold"": 0.35, ""linkage"": ""average""}"
term_57dbe832a6b7457178ca,Production in industry - consumer non-durables,cluster_f1d5bb969e5f,agglomerative,"{""distance_threshold"": 0.35, ""linkage"": ""average""}"
term_04279f6a3fcd4e3a01d3,Production in industry - energy,cluster_f1d5bb969e5f,agglomerative,"{""distance_threshold"": 0.35, ""linkage"": ""average""}"
term_e454da1bd3a645c5546e,Production in industry - intermediate goods,cluster_f1d5bb969e5f,agglomerative,"{""distance_threshold"": 0.35, ""linkage"": ""average""}"
term_675346f52e1bfda71a21,Production in industry - manufacturing,cluster_f1d5bb969e5f,agglomerative,"{""distance_threshold"": 0.35, ""linkage"": ""average""}"
term_84eeb94c45bbd41c0060,Production in industry - total (excluding construction),cluster_3d19854cb005,agglomerative,"{""distance_threshold"": 0.35, ""linkage"": ""average""}"
term_132fa562e61d24fc668c,Production of bovine meat in slaughterhouses,cluster_f1d5bb969e5f,agglomerative,"{""distance_threshold"": 0.35, ""linkage"": ""average""}"
term_ce41243bf53e1fe41ce1,Production of butter,cluster_f1d5bb969e5f,agglomerative,"{""distance_threshold"": 0.35, ""linkage"": ""average""}"
term_d97417c7bb4f4f99740f,Production of cheese,cluster_f1d5bb969e5f,agglomerative,"{""distance_threshold"": 0.35, ""linkage"": ""average""}"
term_b90c6d0271ff608c3091,Production of eggs for consumption and number of laying hens,cluster_7b82e7e0bbdb,agglomerative,"{""distance_threshold"": 0.35, ""linkage"": ""average""}"
term_4eb46767e3553546663a,Production of milk on farms,cluster_f1d5bb969e5f,agglomerative,"{""distance_threshold"": 0.35, ""linkage"": ""average""}"
term_db8a280dd7686a2ac1f5,Production of milk powder,cluster_f1d5bb969e5f,agglomerative,"{""distance_threshold"": 0.35, ""linkage"": ""average""}"
term_9454b887f1867f090bca,Production of pigmeat in slaughterhouses,cluster_f1d5bb969e5f,agglomerative,"{""distance_threshold"": 0.35, ""linkage"": ""average""}"
term_3a115ac194876f2b07de,Production of poultry meat in slaughterhouses,cluster_f1d5bb969e5f,agglomerative,"{""distance_threshold"": 0.35, ""linkage"": ""average""}"
term_226172b7f9c30b7a429a,Production of sheepmeat and goat meat in slaughterhouses,cluster_f1d5bb969e5f,agglomerative,"{""distance_threshold"": 0.35, ""linkage"": ""average""}"
term_30044f68d1cf70550729,"Production, value added and employment by industry groups in the environmental goods and services sector",cluster_9b40d7be4c03,agglomerative,"{""distance_threshold"": 0.35, ""linkage"": ""average""}"
term_dfb68fd894cb7a308991,Profit share of non-financial corporations,cluster_db861fb1a59f,agglomerative,"{""distance_threshold"": 0.35, ""linkage"": ""average""}"
term_97e4dea1805d898d2f8d,Proportion of dissaving households,cluster_30a5e78c1bee,agglomerative,"{""distance_threshold"": 0.35, ""linkage"": ""average""}"
term_a93867f3b1916e7924a8,Proportion of dissaving households - experimental statistics,cluster_30a5e78c1bee,agglomerative,"{""distance_threshold"": 0.35, ""linkage"": ""average""}"
term_a467280567bbbfaa001b,Proportion of fish stocks sustainably exploited,cluster_f1d5bb969e5f,agglomerative,"{""distance_threshold"": 0.35, ""linkage"": ""average""}"
term_a3409d411acee159e807,"Proportion of persons at risk of relative poverty, before social transfers by sex",cluster_34cd09890693,agglomerative,"{""distance_threshold"": 0.35, ""linkage"": ""average""}"
term_5f59404a1a04a2d5c4ca,"Proportion of persons at risk of relative poverty, before social transfers by sex - ENP-East countries",cluster_34cd09890693,agglomerative,"{""distance_threshold"": 0.35, ""linkage"": ""average""}"
term_6b91f3296fff3dbca609,proportion of persons below the national poverty line,cluster_34cd09890693,agglomerative,"{""distance_threshold"": 0.35, ""linkage"": ""average""}"
term_24d7c89ad6bc4b335be8,Proportion of persons living in jobless households,cluster_30a5e78c1bee,agglomerative,"{""distance_threshold"": 0.35, ""linkage"": ""average""}"
term_5022e34de5091385c309,Proportion of population aged 65 and over,cluster_5905555b7ace,agglomerative,"{""distance_threshold"": 0.35, ""linkage"": ""average""}"
term_ed13363b1fb19fea67cc,Protected forests,cluster_517108bf50cc,agglomerative,"{""distance_threshold"": 0.35, ""linkage"": ""average""}"
term_0ef30ce88e5909aa0175,Protective functions of forests,cluster_517108bf50cc,agglomerative,"{""distance_threshold"": 0.35, ""linkage"": ""average""}"
term_90d064a0e3555d070ed8,Public expenditure on education - ENP-East countries,cluster_b340518385d2,agglomerative,"{""distance_threshold"": 0.35, ""linkage"": ""average""}"
term_136f56a98d371355cdb3,Public expenditure on education - ENP-South countries,cluster_b340518385d2,agglomerative,"{""distance_threshold"": 0.35, ""linkage"": ""average""}"
term_4a5ae33614684bc76202,Pupil/ student,cluster_f7e741558ca2,agglomerative,"{""distance_threshold"": 0.35, ""linkage"": ""average""}"
term_c8d2275b999d854c4011,Pupil/ student - teacher ratio and average class size (ISCED 1-3),cluster_f7e741558ca2,agglomerative,"{""distance_threshold"": 0.35, ""linkage"": ""average""}"
term_204ec61b0e7f2d212ffe,"Pupils aged 3 years old, by sex",cluster_f7e741558ca2,agglomerative,"{""distance_threshold"": 0.35, ""linkage"": ""average""}"
term_9a6b6617fb90a759d2c1,"Pupils aged 3 years old, by sex - as % of the population of the corresponding age group",cluster_f7e741558ca2,agglomerative,"{""distance_threshold"": 0.35, ""linkage"": ""average""}"
term_7fe43ef657b2115fa233,"Pupils aged 4 years old, by sex",cluster_f7e741558ca2,agglomerative,"{""distance_threshold"": 0.35, ""linkage"": ""average""}"
term_b35b80b9bb3da89a8d77,"Pupils aged 4 years old, by sex - as % of the population of the corresponding age group",cluster_f7e741558ca2,agglomerative,"{""distance_threshold"": 0.35, ""linkage"": ""average""}"
term_f59846cd93a1b61f0bba,Pupils and students enrolled by education level,cluster_f7e741558ca2,agglomerative,"{""distance_threshold"": 0.35, ""linkage"": ""average""}"
term_d401cedae0de30734964,Pupils and students enrolled by education level - ENP-East countries,cluster_f7e741558ca2,agglomerative,"{""distance_threshold"": 0.35, ""linkage"": ""average""}"
term_325a89c53007fd5e0f99,Pupils and students in education aged 30 and over,cluster_f7e741558ca2,agglomerative,"{""distance_threshold"": 0.35, ""linkage"": ""average""}"
term_c87cc3e6907e2d7127e0,Pupils and students in education aged 30 and over - per 1000 of corresponding age population,cluster_f7e741558ca2,agglomerative,"{""distance_threshold"": 0.35, ""linkage"": ""average""}"
term_420151a293aebe96d994,Pupils from age 0 to the starting age of compulsory education at primary level by sex,cluster_f7e741558ca2,agglomerative,"{""distance_threshold"": 0.35, ""linkage"": ""average""}"
term_c32b9badb0ba4710ff3e,Pupils from age 0 to the starting age of compulsory education at primary level by sex - % of the population of the corresponding age,cluster_f7e741558ca2,agglomerative,"{""distance_threshold"": 0.35, ""linkage"": ""average""}"
term_31406bba13b3ad3e6289,Pupils from age 3 to the starting age of compulsory education at primary level by NUTS 2 region,cluster_f7e741558ca2,agglomerative,"{""distance_threshold"": 0.35, ""linkage"": ""average""}"
term_a59522b13eee62d49daf,Pupils from age 3 to the starting age of compulsory education at primary level by NUTS 2 region - % of the population of the corresponding age,cluster_f7e741558ca2,agglomerative,"{""distance_threshold"": 0.35, ""linkage"": ""average""}"
term_29c4ea43428e685b14c9,Pupils from age 3 to the starting age of compulsory education at primary level by sex,cluster_f7e741558ca2,agglomerative,"{""distance_threshold"": 0.35, ""linkage"": ""average""}"
term_00f0c8f9cf02f648a6af,Pupils from age 3 to the starting age of compulsory education at primary level by sex - % of the population of the corresponding age,cluster_f7e741558ca2,agglomerative,"{""distance_threshold"": 0.35, ""linkage"": ""average""}"
term_ef66b49fe2a5586ed916,Pupils from age 4 to the starting age of compulsory education at primary level by NUTS 2 region,cluster_f7e741558ca2,agglomerative,"{""distance_threshold"": 0.35, ""linkage"": ""average""}"
term_f9d50b4dda831c318c4f,Pupils from age 4 to the starting age of compulsory education at primary level by NUTS 2 region - % of the population of the corresponding age,cluster_f7e741558ca2,agglomerative,"{""distance_threshold"": 0.35, ""linkage"": ""average""}"
term_7d19b260d398f69870e3,"Pupils from age 4 to the starting age of compulsory education at primary level, by sex",cluster_f7e741558ca2,agglomerative,"{""distance_threshold"": 0.35, ""linkage"": ""average""}"
term_0972dcd431ad96904bc3,"Pupils from age 4 to the starting age of compulsory education at primary level, by sex - as % of the population of the corresponding age group",cluster_f7e741558ca2,agglomerative,"{""distance_threshold"": 0.35, ""linkage"": ""average""}"
term_9039be1edb2c5f651440,Pupils from age 5 to the starting age of compulsory education at primary level by sex,cluster_f7e741558ca2,agglomerative,"{""distance_threshold"": 0.35, ""linkage"": ""average""}"
term_56b4c088a0be47482038,Pupils from age 5 to the starting age of compulsory education at primary level by sex - % of the population of the corresponding age,cluster_f7e741558ca2,agglomerative,"{""distance_threshold"": 0.35, ""linkage"": ""average""}"
term_1271ec84cb5f016b6f16,Pupils under the age of 3 by sex,cluster_f7e741558ca2,agglomerative,"{""distance_threshold"": 0.35, ""linkage"": ""average""}"
term_15bfeaad968154afb48f,Pupils under the age of 3 by sex - as % of the population of the corresponding age,cluster_f7e741558ca2,agglomerative,"{""distance_threshold"": 0.35, ""linkage"": ""average""}"
term_962f61904b6619372cea,"Purchase price indices, total means of agricultural production",cluster_021a934ea779,agglomerative,"{""distance_threshold"": 0.35, ""linkage"": ""average""}"
term_2118b272f879f4d03046,Purchases of advertising space or time for resale,cluster_ff2287eeda3d,agglomerative,"{""distance_threshold"": 0.35, ""linkage"": ""average""}"
term_0d4c9ed65da1702cede8,Purchasing power adjusted GDP per capita,cluster_64461295bff6,agglomerative,"{""distance_threshold"": 0.35, ""linkage"": ""average""}"
term_d3d44ffe7ab00d73f377,Purchasing Power Parities in the European Union (Countries),cluster_f7c5001b3c2d,agglomerative,"{""distance_threshold"": 0.35, ""linkage"": ""average""}"
term_30e716dbc4631577426e,Purchasing Power Parities in the European Union (Countries) - index (= 1),cluster_f7c5001b3c2d,agglomerative,"{""distance_threshold"": 0.35, ""linkage"": ""average""}"
term_5ec43a4bb899483c4cdc,Purchasing Power Parities in the European Union (Duty stations),cluster_f7c5001b3c2d,agglomerative,"{""distance_threshold"": 0.35, ""linkage"": ""average""}"
term_a1ea7fd6fd9a6053806a,Purchasing Power Parities in the European Union (Duty stations) - index (Brussels = 1),cluster_f7c5001b3c2d,agglomerative,"{""distance_threshold"": 0.35, ""linkage"": ""average""}"
term_3f7e485f59e589aca99b,Quality of education,cluster_05dbb63e968d,agglomerative,"{""distance_threshold"": 0.35, ""linkage"": ""average""}"
term_957fdeb7beb70d12bd2e,"quarterly data, % of GDP",cluster_4ad4cace8f43,agglomerative,"{""distance_threshold"": 0.35, ""linkage"": ""average""}"
term_e8158c5db8a36a20496e,"quarterly data, seasonally adjusted",cluster_4ad4cace8f43,agglomerative,"{""distance_threshold"": 0.35, ""linkage"": ""average""}"
term_18376a4510722daa41a4,R&D personnel and researchers in the business enterprise sector by concentration of personnel (ranking),cluster_a5cfad0cd27c,agglomerative,"{""distance_threshold"": 0.35, ""linkage"": ""average""}"
term_d2998f9d870190e902fe,Rail accidents by type of accident,cluster_6361a6c18e80,agglomerative,"{""distance_threshold"": 0.35, ""linkage"": ""average""}"
term_46734978017f544624fb,Rail accidents involving the transport of dangerous goods,cluster_6361a6c18e80,agglomerative,"{""distance_threshold"": 0.35, ""linkage"": ""average""}"
term_9e56295edd7cb5f12a11,Rail equipment: number and capacity of railways vehicles,cluster_58c47e3d47ef,agglomerative,"{""distance_threshold"": 0.35, ""linkage"": ""average""}"
term_e97dc4d33c64b5e32ec4,Rail equipment: number and load capacity of goods transport wagons,cluster_58c47e3d47ef,agglomerative,"{""distance_threshold"": 0.35, ""linkage"": ""average""}"
term_77d302b885e2d961bbb4,Rail equipment: number of locomotives and passenger railways vehicles,cluster_58c47e3d47ef,agglomerative,"{""distance_threshold"": 0.35, ""linkage"": ""average""}"
term_7fa05638ac203eae5e78,Rail freight traffic,cluster_586194a4eb3a,agglomerative,"{""distance_threshold"": 0.35, ""linkage"": ""average""}"
term_1913b5df9a67325b0909,Rail freight traffic - ENP-South countries,cluster_e589a82e3795,agglomerative,"{""distance_threshold"": 0.35, ""linkage"": ""average""}"
term_7eac77d3c3c608ccad36,Rail infrastructure,cluster_586194a4eb3a,agglomerative,"{""distance_threshold"": 0.35, ""linkage"": ""average""}"
term_0b41cd757f32b24aed13,Rail infrastructure: length of network,cluster_15c8a09ae6f9,agglomerative,"{""distance_threshold"": 0.35, ""linkage"": ""average""}"
term_b17f40195176518f0380,Rail passenger and freight traffic,cluster_586194a4eb3a,agglomerative,"{""distance_threshold"": 0.35, ""linkage"": ""average""}"
term_cdf2b19d4026f183fe71,Rail passenger traffic,cluster_586194a4eb3a,agglomerative,"{""distance_threshold"": 0.35, ""linkage"": ""average""}"
term_2b456c9d200ddf97f603,Rail passenger traffic - ENP-South countries,cluster_e589a82e3795,agglomerative,"{""distance_threshold"": 0.35, ""linkage"": ""average""}"
term_d2e98712668aabb3a0dd,Rail transport of passengers,cluster_586194a4eb3a,agglomerative,"{""distance_threshold"": 0.35, ""linkage"": ""average""}"
term_9990543efb953c505e7d,Railway accidents by type of accident,cluster_6361a6c18e80,agglomerative,"{""distance_threshold"": 0.35, ""linkage"": ""average""}"
term_a893ca3722a96ef428f5,Railway accidents by type of accident - annual data,cluster_6361a6c18e80,agglomerative,"{""distance_threshold"": 0.35, ""linkage"": ""average""}"
term_80dfa059c815e13833fc,Railway enterprises by type of enterprise,cluster_dddfcfe3c7b4,agglomerative,"{""distance_threshold"": 0.35, ""linkage"": ""average""}"
term_d6d506c422eb73f7712b,Railway transport vans,cluster_58c47e3d47ef,agglomerative,"{""distance_threshold"": 0.35, ""linkage"": ""average""}"
term_e443dd80727b025e7a10,"Rape, turnip rape, sunflower seeds and soya by area",cluster_100401722785,agglomerative,"{""distance_threshold"": 0.35, ""linkage"": ""average""}"
term_3767f7ef54c6688a174c,"Ratio of annual expenditure per student at the tertiary level and primary level of education, in public educational institutions",cluster_f7e741558ca2,agglomerative,"{""distance_threshold"": 0.35, ""linkage"": ""average""}"
term_cc4c5b71062538b49a1d,Ratio of pupils to teachers and teacher aides by education level and programme orientation,cluster_f7e741558ca2,agglomerative,"{""distance_threshold"": 0.35, ""linkage"": ""average""}"
term_438ebeb43c6e54618660,Ratio of the proportion of tertiary students over the proportion of the population by NUTS 1 and NUTS 2 region,cluster_f7e741558ca2,agglomerative,"{""distance_threshold"": 0.35, ""linkage"": ""average""}"
term_4b84149937a53144294c,Real effective exchange rate - 42 trading partners,cluster_006f05b0ca49,agglomerative,"{""distance_threshold"": 0.35, ""linkage"": ""average""}"
term_776fd364b1df53b50de2,Real effective exchange rate - euro area trading partners,cluster_006f05b0ca49,agglomerative,"{""distance_threshold"": 0.35, ""linkage"": ""average""}"
term_18790f8cd7bbdb1396ab,"Real effective exchange rate - index, 42 trading partners",cluster_006f05b0ca49,agglomerative,"{""distance_threshold"": 0.35, ""linkage"": ""average""}"
term_524f26c23c149007b7c1,Real GDP growth rate,cluster_64461295bff6,agglomerative,"{""distance_threshold"": 0.35, ""linkage"": ""average""}"
term_680d8add75684ad731c8,Real GDP growth rate - volume,cluster_64461295bff6,agglomerative,"{""distance_threshold"": 0.35, ""linkage"": ""average""}"
term_21415cb11e781cdfeb3d,Real GDP per capita,cluster_64461295bff6,agglomerative,"{""distance_threshold"": 0.35, ""linkage"": ""average""}"
term_2afcf5b1ba0bc35ac0da,Recognised cases of occupational cancers,cluster_0e1064bc1457,agglomerative,"{""distance_threshold"": 0.35, ""linkage"": ""average""}"
term_bab89329ac83b3e8865d,Recognised cases of occupational cancers - experimental statistics,cluster_0e1064bc1457,agglomerative,"{""distance_threshold"": 0.35, ""linkage"": ""average""}"
term_4e0ddf305c45e778f407,Recovery rates for packaging waste,cluster_ad295f715ee2,agglomerative,"{""distance_threshold"": 0.35, ""linkage"": ""average""}"
term_6dfbe651fbcc2ab01089,Recycling rate of all waste excluding major mineral waste,cluster_ad295f715ee2,agglomerative,"{""distance_threshold"": 0.35, ""linkage"": ""average""}"
term_dddf669a6cdf619cef80,Recycling rate of packaging waste by type of packaging,cluster_ad295f715ee2,agglomerative,"{""distance_threshold"": 0.35, ""linkage"": ""average""}"
term_0441bdcb641d9db63f22,Recycling rate of waste of electrical and electronic equipment (WEEE) separately collected,cluster_ad295f715ee2,agglomerative,"{""distance_threshold"": 0.35, ""linkage"": ""average""}"
term_7cf6695d3afbf4c90dbe,Recycling rates for packaging waste,cluster_ad295f715ee2,agglomerative,"{""distance_threshold"": 0.35, ""linkage"": ""average""}"
term_34ee60daa9822653ce56,Regional disparities in gender employment gap (NUTS level 2),cluster_4b3de1fb46bb,agglomerative,"{""distance_threshold"": 0.35, ""linkage"": ""average""}"
term_6292bbab930d004a75ac,Regional disparities in long-term unemployment rates (NUTS level 2),cluster_4b3de1fb46bb,agglomerative,"{""distance_threshold"": 0.35, ""linkage"": ""average""}"
term_b1852d757f42f26f16ce,Regional disparities in the rate of early leavers from education and training (NUTS level 2),cluster_4b3de1fb46bb,agglomerative,"{""distance_threshold"": 0.35, ""linkage"": ""average""}"
term_d72c23437b51f7d6c80e,Regional disparities in the rate of young people neither in employment nor in education and training (NEET) (NUTS level 2),cluster_4b3de1fb46bb,agglomerative,"{""distance_threshold"": 0.35, ""linkage"": ""average""}"
term_2ce044fadc1e119e1dfd,Relative incidence rate of accidental injuries at work by occupation and NACE Rev. 1.1 activity (EU mean rate = 100),cluster_a18b2ece4768,agglomerative,"{""distance_threshold"": 0.35, ""linkage"": ""average""}"
term_ffb2a3804db7cf0db44e,"Relative incidence rate of accidental injuries at work by severity, frequency of night work and age (EU mean rate = 100 for each severity)",cluster_a18b2ece4768,agglomerative,"{""distance_threshold"": 0.35, ""linkage"": ""average""}"
term_b7072497e5356620ffb1,"Relative incidence rate of accidental injuries at work by severity, frequency of shift work and age (EU mean rate = 100 for each severity)",cluster_a18b2ece4768,agglomerative,"{""distance_threshold"": 0.35, ""linkage"": ""average""}"
term_ebd44e236916fa5eeeec,"Relative incidence rate of accidental injuries at work by severity, working hours and sex (EU mean rate = 100 for each severity)",cluster_a18b2ece4768,agglomerative,"{""distance_threshold"": 0.35, ""linkage"": ""average""}"
term_3418d0ec682ee97e2041,Relative median at-risk-of-poverty gap,cluster_34cd09890693,agglomerative,"{""distance_threshold"": 0.35, ""linkage"": ""average""}"
term_de8edef5d34294921c96,Relative median at-risk-of-poverty gap of elderly people,cluster_34cd09890693,agglomerative,"{""distance_threshold"": 0.35, ""linkage"": ""average""}"
term_ba0e6006d1a10fc438a0,Relative median at-risk-of-poverty gap of elderly people - EU-SILC and ECHP surveys,cluster_34cd09890693,agglomerative,"{""distance_threshold"": 0.35, ""linkage"": ""average""}"
term_f177d5318f6bbdc99d9b,Relative median income ratio (60+),cluster_e49bc44f26c0,agglomerative,"{""distance_threshold"": 0.35, ""linkage"": ""average""}"
term_3de4fab0404f410eda9e,Relative median income ratio (65+),cluster_e49bc44f26c0,agglomerative,"{""distance_threshold"": 0.35, ""linkage"": ""average""}"
term_22efd91c36cb3cff4359,Relative median income ratio (65+) - EU-SILC and ECHP surveys,cluster_e49bc44f26c0,agglomerative,"{""distance_threshold"": 0.35, ""linkage"": ""average""}"
term_7a70d68ee281a57abed4,Relative median poverty risk gap by age group,cluster_34cd09890693,agglomerative,"{""distance_threshold"": 0.35, ""linkage"": ""average""}"
term_6aeaf974fe24b90c1527,Relative median poverty risk gap by age group - EU-SILC survey,cluster_34cd09890693,agglomerative,"{""distance_threshold"": 0.35, ""linkage"": ""average""}"
term_d9371a6ec6f93e0cc375,Relative median poverty risk gap of elderly people,cluster_34cd09890693,agglomerative,"{""distance_threshold"": 0.35, ""linkage"": ""average""}"
term_f0ab50c15329c3bb9a20,Relative median poverty risk gap of elderly people - EU-SILC survey,cluster_34cd09890693,agglomerative,"{""distance_threshold"": 0.35, ""linkage"": ""average""}"
term_83ea4805c4fdf4550113,Relative poverty gap by risk of poverty and work intensity of the household,cluster_34cd09890693,agglomerative,"{""distance_threshold"": 0.35, ""linkage"": ""average""}"
term_c13633b1f5d1178e4b09,Relative poverty gap by risk of poverty and work intensity of the households with income from benefits,cluster_34cd09890693,agglomerative,"{""distance_threshold"": 0.35, ""linkage"": ""average""}"
term_849e62807acaa4f25c07,"Relative poverty threshold after social transfers, income per month",cluster_34cd09890693,agglomerative,"{""distance_threshold"": 0.35, ""linkage"": ""average""}"
term_76c2945b074128c6464f,"Relative poverty threshold after social transfers, income per month - ENP-East countries",cluster_34cd09890693,agglomerative,"{""distance_threshold"": 0.35, ""linkage"": ""average""}"
term_16bcfc9c0fbe0f162c66,Relative standardised incidence rate of accidental injuries at work by educational attainment level and sex (mean rate for each Member State = 100),cluster_a18b2ece4768,agglomerative,"{""distance_threshold"": 0.35, ""linkage"": ""average""}"
term_9c2f7325dcc77720a0f3,Remuneration indexes of national civil servants in central public administration,cluster_171b8acc7717,agglomerative,"{""distance_threshold"": 0.35, ""linkage"": ""average""}"
term_fb2242632dabfe71b151,Research and development expenditure by sector of performance,cluster_304e4e48bba2,agglomerative,"{""distance_threshold"": 0.35, ""linkage"": ""average""}"
term_db0f14ace32631d2f1df,Researchers in the higher education sector by seniority category,cluster_8ef69a34fed1,agglomerative,"{""distance_threshold"": 0.35, ""linkage"": ""average""}"
term_c3d954caedef9cf4f3a4,Resettled persons,cluster_2e936c2163c3,agglomerative,"{""distance_threshold"": 0.35, ""linkage"": ""average""}"
term_6c1be49d94c74261fc7d,Resettled persons - annual data,cluster_2e936c2163c3,agglomerative,"{""distance_threshold"": 0.35, ""linkage"": ""average""}"
term_a1a1c178b9dad260c34e,Residential building permits,cluster_fd27aed274d2,agglomerative,"{""distance_threshold"": 0.35, ""linkage"": ""average""}"
term_22ec0cecd477ecd6ff4f,Residential building permits - annual data,cluster_fd27aed274d2,agglomerative,"{""distance_threshold"": 0.35, ""linkage"": ""average""}"
term_2d8a5d2e0caf42f704f0,Residential construction,cluster_fd27aed274d2,agglomerative,"{""distance_threshold"": 0.35, ""linkage"": ""average""}"
term_18ca3b5c7d836a170234,"Residential construction - annual data, % of GDP",cluster_4ad4cace8f43,agglomerative,"{""distance_threshold"": 0.35, ""linkage"": ""average""}"
term_7998ea87da8d023f74c9,Retail trade turnover - automotive fuel,cluster_c574624eef1e,agglomerative,"{""distance_threshold"": 0.35, ""linkage"": ""average""}"
term_414dfceeb5eced7a9881,"Retail trade turnover - food, beverages and tobacco",cluster_c574624eef1e,agglomerative,"{""distance_threshold"": 0.35, ""linkage"": ""average""}"
term_7421c2a2cf773ac9c4f8,Retail trade turnover - non food,cluster_c574624eef1e,agglomerative,"{""distance_threshold"": 0.35, ""linkage"": ""average""}"
term_a0a26614c6519e9f2e72,Retail trade turnover - total,cluster_c574624eef1e,agglomerative,"{""distance_threshold"": 0.35, ""linkage"": ""average""}"
term_e05002e50ec575d45b7d,Retail trade volume of sales,cluster_c574624eef1e,agglomerative,"{""distance_threshold"": 0.35, ""linkage"": ""average""}"
term_ba47358bfc54de8095aa,Retail trade volume of sales - automotive fuel,cluster_c574624eef1e,agglomerative,"{""distance_threshold"": 0.35, ""linkage"": ""average""}"
term_d89120ce008c2ccbdc95,"Retail trade volume of sales - food, beverages and tobacco",cluster_c574624eef1e,agglomerative,"{""distance_threshold"": 0.35, ""linkage"": ""average""}"
term_4c5308d0a19b91efd0ab,Retail trade volume of sales - non food,cluster_c574624eef1e,agglomerative,"{""distance_threshold"": 0.35, ""linkage"": ""average""}"
term_3b7f7fbc9919a7ca04c3,Retail trade volume of sales - total,cluster_c574624eef1e,agglomerative,"{""distance_threshold"": 0.35, ""linkage"": ""average""}"
term_4aac2f9ebd7575071967,Retail trade volume of sales index (deflated turnover),cluster_c574624eef1e,agglomerative,"{""distance_threshold"": 0.35, ""linkage"": ""average""}"
term_d6f5bc46e400e8956380,Retail trade volume of sales index (deflated turnover) - ENP-East countries,cluster_c574624eef1e,agglomerative,"{""distance_threshold"": 0.35, ""linkage"": ""average""}"
term_8cf5a7e4b517c8809013,Return on equity of banks,cluster_c2b239875b67,agglomerative,"{""distance_threshold"": 0.35, ""linkage"": ""average""}"
term_41d6425d6aa660c52a93,Returns by type of return,cluster_c2b239875b67,agglomerative,"{""distance_threshold"": 0.35, ""linkage"": ""average""}"
term_d2c782ce381e6b0b7d7b,Returns by type of return - % of total returns,cluster_c2b239875b67,agglomerative,"{""distance_threshold"": 0.35, ""linkage"": ""average""}"
term_d05691efb36814881d88,Road accidents,cluster_6361a6c18e80,agglomerative,"{""distance_threshold"": 0.35, ""linkage"": ""average""}"
term_5345018b2ad8db26589d,Road accidents: persons killed,cluster_6361a6c18e80,agglomerative,"{""distance_threshold"": 0.35, ""linkage"": ""average""}"
term_4ea94854b36b7164e6fb,"Road cabotage transport by country in which cabotage takes place (t, tkm)",cluster_586194a4eb3a,agglomerative,"{""distance_threshold"": 0.35, ""linkage"": ""average""}"
term_0da9b68f84efad225392,"Road cabotage transport by country in which cabotage takes place (t, tkm) - (from onwards)",cluster_586194a4eb3a,agglomerative,"{""distance_threshold"": 0.35, ""linkage"": ""average""}"
term_05c0b6ba67174ffe73ae,Road cabotage transport by country in which cabotage takes place (tkm),cluster_586194a4eb3a,agglomerative,"{""distance_threshold"": 0.35, ""linkage"": ""average""}"
term_c5b812f5d9a40c40c48e,Road cabotage transport performed by each (tkm),cluster_586194a4eb3a,agglomerative,"{""distance_threshold"": 0.35, ""linkage"": ""average""}"
term_1186994fc84c1a26c724,Road equipment: load capacity of lorries,cluster_b2b3f012d4f5,agglomerative,"{""distance_threshold"": 0.35, ""linkage"": ""average""}"
term_13cfd2714c43333b9dda,Road equipment: new registrations by categories,cluster_58c47e3d47ef,agglomerative,"{""distance_threshold"": 0.35, ""linkage"": ""average""}"
term_2dbfff91341941a1c03b,Road equipment: number of road vehicles by age,cluster_58c47e3d47ef,agglomerative,"{""distance_threshold"": 0.35, ""linkage"": ""average""}"
term_91c3b006cb80941c54fa,Road equipment: number of road vehicles by categories,cluster_58c47e3d47ef,agglomerative,"{""distance_threshold"": 0.35, ""linkage"": ""average""}"
term_bac0c3c9920f444b2b53,Road freight transport,cluster_586194a4eb3a,agglomerative,"{""distance_threshold"": 0.35, ""linkage"": ""average""}"
term_00f3ee6bf94038cfb789,Road freight transport - ENP-East countries,cluster_586194a4eb3a,agglomerative,"{""distance_threshold"": 0.35, ""linkage"": ""average""}"
term_5e4df62ef683da8502b4,Road freight transport - ENP-South countries,cluster_e589a82e3795,agglomerative,"{""distance_threshold"": 0.35, ""linkage"": ""average""}"
term_bd16ed3b50396db5bfb6,road freight transport in volume,cluster_586194a4eb3a,agglomerative,"{""distance_threshold"": 0.35, ""linkage"": ""average""}"
term_2b61419fa81c53ccd43f,Road infrastructure,cluster_15c8a09ae6f9,agglomerative,"{""distance_threshold"": 0.35, ""linkage"": ""average""}"
term_8abff4df032cf69c94e2,Road infrastructure: lenght of road network,cluster_15c8a09ae6f9,agglomerative,"{""distance_threshold"": 0.35, ""linkage"": ""average""}"
term_6c30374dfde16015894d,Road tractors by type of motor energy,cluster_58c47e3d47ef,agglomerative,"{""distance_threshold"": 0.35, ""linkage"": ""average""}"
term_977021e0ded3ae8c6a16,Road traffic,cluster_586194a4eb3a,agglomerative,"{""distance_threshold"": 0.35, ""linkage"": ""average""}"
term_35f091028bedc80f3304,Road traffic: road freight transport in volume,cluster_586194a4eb3a,agglomerative,"{""distance_threshold"": 0.35, ""linkage"": ""average""}"
term_43281399c36fd8b2ebeb,Root crops and plants harvested green from arable land by area,cluster_100401722785,agglomerative,"{""distance_threshold"": 0.35, ""linkage"": ""average""}"
term_793c46c555df1c2cc3be,"Rye and winter cereal mixtures by area, production and humidity",cluster_100401722785,agglomerative,"{""distance_threshold"": 0.35, ""linkage"": ""average""}"
term_acd69213722fdbfd0960,Sales and collection of portable batteries and accumulators,cluster_ff2287eeda3d,agglomerative,"{""distance_threshold"": 0.35, ""linkage"": ""average""}"
term_c32dfb066c8145002307,Satisfaction with the job by risk of poverty threshold and level of disability (activity limitation),cluster_34cd09890693,agglomerative,"{""distance_threshold"": 0.35, ""linkage"": ""average""}"
term_721a9dd463087a0a98d6,School completion rate at ISCED 1 level by sex,cluster_f7e741558ca2,agglomerative,"{""distance_threshold"": 0.35, ""linkage"": ""average""}"
term_7b4dc2320d674ccc45d0,School completion rate at ISCED 1 level by sex - ENP-South countries,cluster_f7e741558ca2,agglomerative,"{""distance_threshold"": 0.35, ""linkage"": ""average""}"
term_c943668852a9a733cf2d,Sea transport of goods,cluster_586194a4eb3a,agglomerative,"{""distance_threshold"": 0.35, ""linkage"": ""average""}"
term_74fb9a08c353b20c1b6f,"Seat capacity of new motor coaches, buses and trolley buses",cluster_58c47e3d47ef,agglomerative,"{""distance_threshold"": 0.35, ""linkage"": ""average""}"
term_c6ca603b19beea5c735f,Seat capacity of passenger railway vehicles by type of vehicles,cluster_58c47e3d47ef,agglomerative,"{""distance_threshold"": 0.35, ""linkage"": ""average""}"
term_551f91602132fb8ae022,seat km,cluster_6186e87388cd,agglomerative,"{""distance_threshold"": 0.35, ""linkage"": ""average""}"
term_d6eff49a727ff91e2ddb,Seat/berth capacity of passenger railway vehicles,cluster_58c47e3d47ef,agglomerative,"{""distance_threshold"": 0.35, ""linkage"": ""average""}"
term_65bf0215a34702079df7,"Seats /berths in motor coaches, buses and trolley buses",cluster_58c47e3d47ef,agglomerative,"{""distance_threshold"": 0.35, ""linkage"": ""average""}"
term_2dd8e24f58574fa94a26,Seats held by women in national parliaments and governments,cluster_cf52a814fe5f,agglomerative,"{""distance_threshold"": 0.35, ""linkage"": ""average""}"
term_8030a23a4a2dc7be617b,Secondary energy production (transformation),cluster_91c1e6a5fb85,agglomerative,"{""distance_threshold"": 0.35, ""linkage"": ""average""}"
term_65f931a9d4bebf6fc3e4,"Secondary wood products, production",cluster_91c1e6a5fb85,agglomerative,"{""distance_threshold"": 0.35, ""linkage"": ""average""}"
term_7e26d5b77c598f317b6e,Self-employed persons having at least one client in the last 12 months by control over working time,cluster_0958acf3e7dc,agglomerative,"{""distance_threshold"": 0.35, ""linkage"": ""average""}"
term_ca6e4f864f95904a8720,Self-reported breast examination by X-ray by educational attainment level among women aged 50-69 (%),cluster_a03fe115e208,agglomerative,"{""distance_threshold"": 0.35, ""linkage"": ""average""}"
term_b91a58341e2262cf3786,Self-reported cervical smear test by educational attainment level among women aged 20-69 (%),cluster_a03fe115e208,agglomerative,"{""distance_threshold"": 0.35, ""linkage"": ""average""}"
term_ea3b453c86ce5e2ea1c8,Self-reported unmet need for medical care by sex,cluster_a03fe115e208,agglomerative,"{""distance_threshold"": 0.35, ""linkage"": ""average""}"
term_f287719842b9def3cd28,Self-reported unmet need for medical examination and care by sex,cluster_a03fe115e208,agglomerative,"{""distance_threshold"": 0.35, ""linkage"": ""average""}"
term_802a2e3509cff8472a2d,"Self-reported unmet needs for medical examination due to financial reasons, long waiting list or distance by NUTS-2-region",cluster_a03fe115e208,agglomerative,"{""distance_threshold"": 0.35, ""linkage"": ""average""}"
term_c6220edb9a37f69fe26d,"Self-reported unmet needs for medical examination due to financial reasons, long waiting list or distance by NUTS-2-region - % of the persons having the same needs",cluster_a03fe115e208,agglomerative,"{""distance_threshold"": 0.35, ""linkage"": ""average""}"
term_e04405beff298ca00cd8,Self-reported use of home care services by people with severe difficulty in personal care activities by age and household type,cluster_a03fe115e208,agglomerative,"{""distance_threshold"": 0.35, ""linkage"": ""average""}"
term_1bb2fe4c1499a203a1f3,Self-reported use of home care services by people with severe difficulty in personal care activities by sex and age,cluster_a03fe115e208,agglomerative,"{""distance_threshold"": 0.35, ""linkage"": ""average""}"
term_3c6db2dfbfb5d56d21f8,Selling prices of barley,cluster_7b89661ff847,agglomerative,"{""distance_threshold"": 0.35, ""linkage"": ""average""}"
term_8ae9febccaa808aa61b1,Selling prices of calves,cluster_7b89661ff847,agglomerative,"{""distance_threshold"": 0.35, ""linkage"": ""average""}"
term_7e6b66c9d3d0e5d8a5de,Selling prices of chickens (live 1st choice),cluster_7b89661ff847,agglomerative,"{""distance_threshold"": 0.35, ""linkage"": ""average""}"
term_1b5c2b9c0bccd1eda4f0,Selling prices of fresh eggs,cluster_7b89661ff847,agglomerative,"{""distance_threshold"": 0.35, ""linkage"": ""average""}"
term_47ac29381f85fbf42700,Selling prices of main crop potatoes,cluster_7b89661ff847,agglomerative,"{""distance_threshold"": 0.35, ""linkage"": ""average""}"
term_e8bb5187b5795bdb8efb,Selling prices of maize,cluster_7b89661ff847,agglomerative,"{""distance_threshold"": 0.35, ""linkage"": ""average""}"
term_2c07bd94b4e43d46432e,Selling prices of oats,cluster_7b89661ff847,agglomerative,"{""distance_threshold"": 0.35, ""linkage"": ""average""}"
term_e1ed281f7f0b76371214,Selling prices of piglets,cluster_7b89661ff847,agglomerative,"{""distance_threshold"": 0.35, ""linkage"": ""average""}"
term_6e08e94ef6da9bc1d1a2,Selling prices of pigs (light),cluster_7b89661ff847,agglomerative,"{""distance_threshold"": 0.35, ""linkage"": ""average""}"
term_ecdcf7eb31b6f39bf823,Selling prices of raw cow's milk,cluster_7b89661ff847,agglomerative,"{""distance_threshold"": 0.35, ""linkage"": ""average""}"
term_ade4d4857a14058b599e,Selling prices of sheep,cluster_7b89661ff847,agglomerative,"{""distance_threshold"": 0.35, ""linkage"": ""average""}"
term_95e7e6f2848eac909c03,Selling prices of soft wheat,cluster_7b89661ff847,agglomerative,"{""distance_threshold"": 0.35, ""linkage"": ""average""}"
term_a98332e2942b3c18dca1,Selling prices of sugar beet (unit value),cluster_7b89661ff847,agglomerative,"{""distance_threshold"": 0.35, ""linkage"": ""average""}"
term_f60e811d4e3ea9653f47,"Semi-trailers and their load capacity, by permissible maximum gross weight",cluster_b2b3f012d4f5,agglomerative,"{""distance_threshold"": 0.35, ""linkage"": ""average""}"
term_c4f10366a7f1dbb6e761,Semi-trailers by load capacity,cluster_b2b3f012d4f5,agglomerative,"{""distance_threshold"": 0.35, ""linkage"": ""average""}"
term_0684891298669ef48fb1,Services trade by broad economic categories (BEC Rev.5),cluster_717245bdba31,agglomerative,"{""distance_threshold"": 0.35, ""linkage"": ""average""}"
term_993b3746336babacfde0,Services turnover index,cluster_95b364be9c9d,agglomerative,"{""distance_threshold"": 0.35, ""linkage"": ""average""}"
term_51622e8370bcb409b4d6,Services turnover index - calendar adjusted - ENP-East countries,cluster_95b364be9c9d,agglomerative,"{""distance_threshold"": 0.35, ""linkage"": ""average""}"
term_fb904df465fb8a88526b,Settlement area,cluster_15e5f0a1a324,agglomerative,"{""distance_threshold"": 0.35, ""linkage"": ""average""}"
term_3e4f038181f7ed454b96,Severe housing deprivation rate by degree of urbanisation,cluster_34cd09890693,agglomerative,"{""distance_threshold"": 0.35, ""linkage"": ""average""}"
term_ffd9b4c7b420884fbe19,Severe housing deprivation rate by income quintile,cluster_34cd09890693,agglomerative,"{""distance_threshold"": 0.35, ""linkage"": ""average""}"
term_a702047fd88fc35d07ab,Severe housing deprivation rate by poverty status,cluster_34cd09890693,agglomerative,"{""distance_threshold"": 0.35, ""linkage"": ""average""}"
term_19fb0edb316fe3a7210a,Severe housing deprivation rate by tenure status,cluster_34cd09890693,agglomerative,"{""distance_threshold"": 0.35, ""linkage"": ""average""}"
term_e8c7127b36bb64819eb0,Severe material and social deprivation by NUTS 2 region,cluster_4b3de1fb46bb,agglomerative,"{""distance_threshold"": 0.35, ""linkage"": ""average""}"
term_552ae42c95dba6d3c7ce,Severe material and social deprivation rate,cluster_34cd09890693,agglomerative,"{""distance_threshold"": 0.35, ""linkage"": ""average""}"
term_76213bd3db7c508343fc,Severe material and social deprivation rate by age group and sex,cluster_34cd09890693,agglomerative,"{""distance_threshold"": 0.35, ""linkage"": ""average""}"
term_f4498a72d9fa0113c347,Severe material and social deprivation rate by sex,cluster_34cd09890693,agglomerative,"{""distance_threshold"": 0.35, ""linkage"": ""average""}"
term_d381e41ac96db6af7127,Severe material and social deprivation rate for children (aged less than 18) by sex,cluster_b9a3b7632ab8,agglomerative,"{""distance_threshold"": 0.35, ""linkage"": ""average""}"
term_8ad69044115d5bbcdded,Severe material deprivation rate by tenure status,cluster_34cd09890693,agglomerative,"{""distance_threshold"": 0.35, ""linkage"": ""average""}"
term_357da83c49bb82a773e1,Severely materially and socially deprived people,cluster_34cd09890693,agglomerative,"{""distance_threshold"": 0.35, ""linkage"": ""average""}"
term_807855b35101cb82e6e2,Sewage sludge production and disposal from urban wastewater (in dry substance (d.s)),cluster_488a20112d22,agglomerative,"{""distance_threshold"": 0.35, ""linkage"": ""average""}"
term_954ca740b946732504d6,Share for transmission and distribution in the network cost for gas and electricity,cluster_aebec1c240d1,agglomerative,"{""distance_threshold"": 0.35, ""linkage"": ""average""}"
term_bb45c816e772f714b53b,Share for transmission and distribution in the network cost for gas and electricity - annual data,cluster_aebec1c240d1,agglomerative,"{""distance_threshold"": 0.35, ""linkage"": ""average""}"
term_1b743ced7fa697781fea,Share of buses and trains in passenger transport,cluster_586194a4eb3a,agglomerative,"{""distance_threshold"": 0.35, ""linkage"": ""average""}"
term_af5dfc50cd97c3d1e708,Share of children (aged less than 18) living with their parents by type of household,cluster_b9a3b7632ab8,agglomerative,"{""distance_threshold"": 0.35, ""linkage"": ""average""}"
term_24855d59adb02bdaac0b,Share of digital platform workers (in the last 12 months) by educational attainment level,cluster_347eadf91dc2,agglomerative,"{""distance_threshold"": 0.35, ""linkage"": ""average""}"
term_8be305bdd79aa2fe1efa,Share of digital platform workers (in the last 12 months) by educational attainment level - experimental statistics,cluster_347eadf91dc2,agglomerative,"{""distance_threshold"": 0.35, ""linkage"": ""average""}"
term_ee7cfb2cc7b083ea65a1,Share of digital platform workers (in the last 12 months) by type of task or service,cluster_347eadf91dc2,agglomerative,"{""distance_threshold"": 0.35, ""linkage"": ""average""}"
term_0705f19c94bf409bd24d,Share of digital platform workers (in the last 12 months) by type of task or service - experimental statistics,cluster_347eadf91dc2,agglomerative,"{""distance_threshold"": 0.35, ""linkage"": ""average""}"
term_64b17d3e853ff4189c03,Share of energy from renewable sources,cluster_aebec1c240d1,agglomerative,"{""distance_threshold"": 0.35, ""linkage"": ""average""}"
term_6bd136538511086c9ba4,"Share of enterprises using any business software (ERP, CRM or BI)",cluster_dddfcfe3c7b4,agglomerative,"{""distance_threshold"": 0.35, ""linkage"": ""average""}"
term_d5e6e7e9ba7eb440af3f,Share of enterprises' turnover on e-commerce,cluster_dddfcfe3c7b4,agglomerative,"{""distance_threshold"": 0.35, ""linkage"": ""average""}"
term_49c3d0f2d625cc18f8d4,Share of environmental taxes in total tax revenues,cluster_aebec1c240d1,agglomerative,"{""distance_threshold"": 0.35, ""linkage"": ""average""}"
term_106fbb9de91742443101,Share of fossil fuels in gross available energy,cluster_aebec1c240d1,agglomerative,"{""distance_threshold"": 0.35, ""linkage"": ""average""}"
term_d9dc4d60cef3d7a1efdf,Share of GBARD in total general government expenditure,cluster_a2e4cd40e034,agglomerative,"{""distance_threshold"": 0.35, ""linkage"": ""average""}"
term_d98b4e53618855eae2aa,Share of government allocations for R&D (GBARD) allocated to defence and total civil socio-economic objectives,cluster_304e4e48bba2,agglomerative,"{""distance_threshold"": 0.35, ""linkage"": ""average""}"
term_1e36bda8eb5cb25eb8f0,Share of imports and exports in EU27 trade,cluster_d80ae2c2c145,agglomerative,"{""distance_threshold"": 0.35, ""linkage"": ""average""}"
term_ffc8e87b58325536072f,Share of imports and exports in EU27 trade - ENP-East countries,cluster_d80ae2c2c145,agglomerative,"{""distance_threshold"": 0.35, ""linkage"": ""average""}"
term_8b89b40182eff5fb0294,Share of landcover types affected by severe erosion,cluster_b1e84f16286c,agglomerative,"{""distance_threshold"": 0.35, ""linkage"": ""average""}"
term_afe7759e5baca150ea21,Share of organic crop area out of the total utilised agricultural area (UAA),cluster_100401722785,agglomerative,"{""distance_threshold"": 0.35, ""linkage"": ""average""}"
term_370ca787bc34a541efd8,Share of people living in under-occupied dwellings by degree of urbanisation,cluster_30a5e78c1bee,agglomerative,"{""distance_threshold"": 0.35, ""linkage"": ""average""}"
term_f2f7044cf051e6ac588e,Share of people living in under-occupied dwellings by degree of urbanisation - total population,cluster_30a5e78c1bee,agglomerative,"{""distance_threshold"": 0.35, ""linkage"": ""average""}"
term_fabf4b5487b576fe5c38,Share of people living in under-occupied dwellings by tenure status,cluster_30a5e78c1bee,agglomerative,"{""distance_threshold"": 0.35, ""linkage"": ""average""}"
term_3af505742b8264ff30b3,Share of people living in under-occupied dwellings by tenure status - total population,cluster_30a5e78c1bee,agglomerative,"{""distance_threshold"": 0.35, ""linkage"": ""average""}"
term_d1e8189e69656e094615,Share of people with good or very good perceived health by sex,cluster_f1f6ee7bbbfa,agglomerative,"{""distance_threshold"": 0.35, ""linkage"": ""average""}"
term_9219b150fcfd935fb3ce,Share of persons at risk of poverty or social exclusion by degree of urbanisation,cluster_34cd09890693,agglomerative,"{""distance_threshold"": 0.35, ""linkage"": ""average""}"
term_823f0fdf459aef1fe7d0,Share of rail and waterways in freight transport,cluster_586194a4eb3a,agglomerative,"{""distance_threshold"": 0.35, ""linkage"": ""average""}"
term_006b914fbce9892fe655,Share of renewable energy in gross final energy consumption by sector,cluster_aebec1c240d1,agglomerative,"{""distance_threshold"": 0.35, ""linkage"": ""average""}"
term_e2b8352ea0bd6d24d2a8,Share of total population considering their dwelling as too dark,cluster_30a5e78c1bee,agglomerative,"{""distance_threshold"": 0.35, ""linkage"": ""average""}"
term_d6eb62d83d043213445a,Share of total population considering their dwelling as too dark - EU-SILC survey,cluster_30a5e78c1bee,agglomerative,"{""distance_threshold"": 0.35, ""linkage"": ""average""}"
term_e240bb227d56e6e7f6a3,"Share of total population having neither a bath, nor a shower in their dwelling",cluster_30a5e78c1bee,agglomerative,"{""distance_threshold"": 0.35, ""linkage"": ""average""}"
term_658d47fb6d3c1b8c88df,"Share of total population having neither a bath, nor a shower in their dwelling - EU-SILC survey",cluster_30a5e78c1bee,agglomerative,"{""distance_threshold"": 0.35, ""linkage"": ""average""}"
term_0b83f07eaa7dd6ad6447,"Share of total population living in a dwelling with a leaking roof, damp walls, floors or foundation, or rot in window frames of floor",cluster_30a5e78c1bee,agglomerative,"{""distance_threshold"": 0.35, ""linkage"": ""average""}"
term_7218e473cbfc459e7f00,"Share of total population living in a dwelling with a leaking roof, damp walls, floors or foundation, or rot in window frames of floor - EU-SILC survey",cluster_30a5e78c1bee,agglomerative,"{""distance_threshold"": 0.35, ""linkage"": ""average""}"
term_5cdcf9cf1a2d52d3887b,Share of total population not having indoor flushing toilet for the sole use of their household,cluster_30a5e78c1bee,agglomerative,"{""distance_threshold"": 0.35, ""linkage"": ""average""}"
term_452027397b2cdcf36d77,Share of total population not having indoor flushing toilet for the sole use of their household - EU-SILC survey,cluster_30a5e78c1bee,agglomerative,"{""distance_threshold"": 0.35, ""linkage"": ""average""}"
term_1307152118ee849caad1,Share of women researchers by sector of performance,cluster_8ef69a34fed1,agglomerative,"{""distance_threshold"": 0.35, ""linkage"": ""average""}"
term_5e5a19fad8848b42187e,Share of women researchers in all sectors,cluster_8ef69a34fed1,agglomerative,"{""distance_threshold"": 0.35, ""linkage"": ""average""}"
term_1d5b91236cb7ffbc2d3b,ship movements,cluster_586194a4eb3a,agglomerative,"{""distance_threshold"": 0.35, ""linkage"": ""average""}"
term_a03bdea9a2c1ac178e82,"Short sea shipping - country level - gross weight of goods transported to/from main ports, by direction",cluster_b2b3f012d4f5,agglomerative,"{""distance_threshold"": 0.35, ""linkage"": ""average""}"
term_9a3dacd0972009bf63b3,"Short sea shipping - country level - volume (in TEUs) of containers transported to/from main ports, by loading status",cluster_b2b3f012d4f5,agglomerative,"{""distance_threshold"": 0.35, ""linkage"": ""average""}"
term_c179b5f3ca305b4b45df,"Short sea shipping - EU level - gross weight of goods transported to/from main ports, by type of cargo for each sea region of partner ports",cluster_b2b3f012d4f5,agglomerative,"{""distance_threshold"": 0.35, ""linkage"": ""average""}"
term_4e93afc5a2768ab19df6,Smoking prevalence by sex,cluster_f1f6ee7bbbfa,agglomerative,"{""distance_threshold"": 0.35, ""linkage"": ""average""}"
term_3bdd979f3dc7ba4e0a66,Social protection expenditure excluding administrative costs (including health expenditure),cluster_08c3029890ca,agglomerative,"{""distance_threshold"": 0.35, ""linkage"": ""average""}"
term_d5170af9bd18d3defe26,Social protection expenditure excluding administrative costs (including health expenditure) - % of GDP - ENP-East countries,cluster_08c3029890ca,agglomerative,"{""distance_threshold"": 0.35, ""linkage"": ""average""}"
term_4130a70e2fc758c53f05,Soil sealing,cluster_fa43f1a2f3b6,agglomerative,"{""distance_threshold"": 0.35, ""linkage"": ""average""}"
term_52992f14675c836f1637,Solar thermal collectors' surface,cluster_52d12036582f,agglomerative,"{""distance_threshold"": 0.35, ""linkage"": ""average""}"
term_69e68f52d034583a434f,Sources of information used for getting information on learning possibilities,cluster_b625d52d71ac,agglomerative,"{""distance_threshold"": 0.35, ""linkage"": ""average""}"
term_f83a952c82d03a01dad9,Special purpose road vehicles,cluster_58c47e3d47ef,agglomerative,"{""distance_threshold"": 0.35, ""linkage"": ""average""}"
term_908f14554d236f99c580,Standardised death rate due to homicide by sex,cluster_f1f6ee7bbbfa,agglomerative,"{""distance_threshold"": 0.35, ""linkage"": ""average""}"
term_2f610bfeb326156a6008,"Standardised death rate due to tuberculosis, HIV and hepatitis by type of disease",cluster_f1f6ee7bbbfa,agglomerative,"{""distance_threshold"": 0.35, ""linkage"": ""average""}"
term_2628c6a89a9f36655b7d,Standardised incidence rate of accidents at work by NACE Rev. 1.1 activity and employment status,cluster_a18b2ece4768,agglomerative,"{""distance_threshold"": 0.35, ""linkage"": ""average""}"
term_b158aad6bd612123afdc,Standardised incidence rate of accidents at work by NACE Rev. 1.1 activity and size of enterprise,cluster_a18b2ece4768,agglomerative,"{""distance_threshold"": 0.35, ""linkage"": ""average""}"
term_9d9b8c58ffd4e0f00732,Standardised preventable and treatable mortality,cluster_f1f6ee7bbbfa,agglomerative,"{""distance_threshold"": 0.35, ""linkage"": ""average""}"
term_f7d6d6263be04318368a,Stock of general government debt security liabilities issued as 'green bonds',cluster_a2e4cd40e034,agglomerative,"{""distance_threshold"": 0.35, ""linkage"": ""average""}"
term_5f829060c22d86f7d6b2,"Stock of general government debt security liabilities issued as 'green bonds' - one-off data collection, experimental statistics",cluster_a2e4cd40e034,agglomerative,"{""distance_threshold"": 0.35, ""linkage"": ""average""}"
term_03961d630e0cb0a573b4,Stock of vehicles by category,cluster_58c47e3d47ef,agglomerative,"{""distance_threshold"": 0.35, ""linkage"": ""average""}"
term_ad17035c074b8bf92bfb,Stock of vehicles by category - ENP-South countries,cluster_58c47e3d47ef,agglomerative,"{""distance_threshold"": 0.35, ""linkage"": ""average""}"
term_19a1a50c5f264bf1bc40,stocks,cluster_79d0cc35227a,agglomerative,"{""distance_threshold"": 0.35, ""linkage"": ""average""}"
term_ce04e643041319212713,Structural information,cluster_b625d52d71ac,agglomerative,"{""distance_threshold"": 0.35, ""linkage"": ""average""}"
term_05db6ec0ab651cfdef71,Students in post-compulsory education,cluster_f7e741558ca2,agglomerative,"{""distance_threshold"": 0.35, ""linkage"": ""average""}"
term_81d71c36ce39beb87a6b,Students in post-compulsory education - as % of the total population of post-compulsory school age,cluster_f7e741558ca2,agglomerative,"{""distance_threshold"": 0.35, ""linkage"": ""average""}"
term_a3f8c95d7fbef24e23f0,Students in tertiary education,cluster_f7e741558ca2,agglomerative,"{""distance_threshold"": 0.35, ""linkage"": ""average""}"
term_1cb603f82a73f7ac11aa,Subjective poverty by degree of urbanization,cluster_34cd09890693,agglomerative,"{""distance_threshold"": 0.35, ""linkage"": ""average""}"
term_1525307af6e8b30b1efb,Subjective poverty by educational attainment level (population aged 18 and over),cluster_b9a3b7632ab8,agglomerative,"{""distance_threshold"": 0.35, ""linkage"": ""average""}"
term_15e64c38083428550348,Subjective poverty by tenure status,cluster_34cd09890693,agglomerative,"{""distance_threshold"": 0.35, ""linkage"": ""average""}"
term_127015b9847860423017,Suicide death rate by age group,cluster_b9a3b7632ab8,agglomerative,"{""distance_threshold"": 0.35, ""linkage"": ""average""}"
term_e5fc194ff156b63cc4af,Suicides involving railways,cluster_6361a6c18e80,agglomerative,"{""distance_threshold"": 0.35, ""linkage"": ""average""}"
term_3f27b8241c4c64735dd8,Surface of the terrestrial protected areas,cluster_52d12036582f,agglomerative,"{""distance_threshold"": 0.35, ""linkage"": ""average""}"
term_86d9ca54e33ab9e07261,Suspects of migrant smuggling by citizenship,cluster_2aeba3fc16ae,agglomerative,"{""distance_threshold"": 0.35, ""linkage"": ""average""}"
term_00c4ef5efc8f0cbcf934,"t, tkm",cluster_ab659a110f42,agglomerative,"{""distance_threshold"": 0.35, ""linkage"": ""average""}"
term_076306645cc4073f681d,Table grape vines - Area by age and density classes (area in ha),cluster_3f17b5ffbcea,agglomerative,"{""distance_threshold"": 0.35, ""linkage"": ""average""}"
term_4289c856ffac149f700e,Tax rate on low wage earners - Low wage trap,cluster_9f754bbcabe2,agglomerative,"{""distance_threshold"": 0.35, ""linkage"": ""average""}"
term_a9c7f2dcbb2456b21fef,Tax rate on low wage earners - Unemployment trap,cluster_9f754bbcabe2,agglomerative,"{""distance_threshold"": 0.35, ""linkage"": ""average""}"
term_94e62c18a072eee0878a,Tax rate on low wage earners: Tax wedge on labour costs,cluster_9f754bbcabe2,agglomerative,"{""distance_threshold"": 0.35, ""linkage"": ""average""}"
term_3193e24448ed1861e4c1,Tax wedge on labour costs,cluster_9f754bbcabe2,agglomerative,"{""distance_threshold"": 0.35, ""linkage"": ""average""}"
term_98b46acc724df37dbbd4,teacher ratio and average class size (ISCED 1-3),cluster_f7e741558ca2,agglomerative,"{""distance_threshold"": 0.35, ""linkage"": ""average""}"
term_c47436f846869c0cff22,Teachers working part-time,cluster_23acc643074a,agglomerative,"{""distance_threshold"": 0.35, ""linkage"": ""average""}"
term_c81fdfed39c3348dee44,"Teachers working part-time - as % of all teachers, by education level",cluster_23acc643074a,agglomerative,"{""distance_threshold"": 0.35, ""linkage"": ""average""}"
term_d4ef0f6b6f4f6ee4238c,Technical and vocational education training (TVET),cluster_e7477d78f08b,agglomerative,"{""distance_threshold"": 0.35, ""linkage"": ""average""}"
term_635cd39b4962341555f5,Terms of trade by items,cluster_c574624eef1e,agglomerative,"{""distance_threshold"": 0.35, ""linkage"": ""average""}"
term_6b05d0ac66421a59192c,Terms of trade by items - 5 years % change,cluster_9fdb5dcc7e2d,agglomerative,"{""distance_threshold"": 0.35, ""linkage"": ""average""}"
term_0861fc84eecc384d6adc,"Territorialised road freight transport, by transport coverage",cluster_586194a4eb3a,agglomerative,"{""distance_threshold"": 0.35, ""linkage"": ""average""}"
term_71d5be4aff0fb69bb056,"Territorialised road freight transport, by transport coverage - annual data",cluster_586194a4eb3a,agglomerative,"{""distance_threshold"": 0.35, ""linkage"": ""average""}"
term_f36d16016aa14d4c474e,Tertiary educational attainment (age group 30-34),cluster_f7e741558ca2,agglomerative,"{""distance_threshold"": 0.35, ""linkage"": ""average""}"
term_66732f938ee1a81097cf,The real gross disposable income of households per capita (index =),cluster_64461295bff6,agglomerative,"{""distance_threshold"": 0.35, ""linkage"": ""average""}"
term_76d03b1fd60c94b8c1f4,Tier-1 capital ratio banking sector,cluster_9be0ecb9b949,agglomerative,"{""distance_threshold"": 0.35, ""linkage"": ""average""}"
term_a8fa375721620854b3b4,Time spent alone (and),cluster_a52779e59d51,agglomerative,"{""distance_threshold"": 0.35, ""linkage"": ""average""}"
term_08992956dc85abe5f27b,Time spent doing more than one activity simultaneously (and),cluster_a52779e59d51,agglomerative,"{""distance_threshold"": 0.35, ""linkage"": ""average""}"
term_c09b32d6edee8fcd861e,Time spent in unpaid forms of work (as main or secondary activity) by sex and form of work (and),cluster_a52779e59d51,agglomerative,"{""distance_threshold"": 0.35, ""linkage"": ""average""}"
term_43b002e4fa9187e1554f,Time spent on eating at home (as main or secondary activity) (and),cluster_a52779e59d51,agglomerative,"{""distance_threshold"": 0.35, ""linkage"": ""average""}"
term_0909d04619556ce772ab,Time spent on travelling by mode of transport (and),cluster_586194a4eb3a,agglomerative,"{""distance_threshold"": 0.35, ""linkage"": ""average""}"
term_89bc6acd128165c676ec,Time spent providing childcare (as main or secondary activity) (and),cluster_a52779e59d51,agglomerative,"{""distance_threshold"": 0.35, ""linkage"": ""average""}"
term_d319bdc10e354bb2255b,"Time spent watching TV or other media, playing computer games and any similar screen activities (as main or secondary activity) (and)",cluster_a52779e59d51,agglomerative,"{""distance_threshold"": 0.35, ""linkage"": ""average""}"
term_934d7c4c91e3d4b41e67,tkm,cluster_ab659a110f42,agglomerative,"{""distance_threshold"": 0.35, ""linkage"": ""average""}"
term_2093f2bfb230bb1cb4af,tonne-kilometre,cluster_6186e87388cd,agglomerative,"{""distance_threshold"": 0.35, ""linkage"": ""average""}"
term_86abbb5ee0e4f2df83c6,tonne-kilometre for gross-gross weight of goods,cluster_b2b3f012d4f5,agglomerative,"{""distance_threshold"": 0.35, ""linkage"": ""average""}"
term_e1b9ed5da3db1ac7c1c0,tonnes for gross weight of goods,cluster_b2b3f012d4f5,agglomerative,"{""distance_threshold"": 0.35, ""linkage"": ""average""}"
term_1145d61682b8574fefad,Top 5 ports - gross weight of goods handled in each port,cluster_b2b3f012d4f5,agglomerative,"{""distance_threshold"": 0.35, ""linkage"": ""average""}"
term_3c0b32f734d34a5f1b99,Top 5 ports for containers,cluster_b2b3f012d4f5,agglomerative,"{""distance_threshold"": 0.35, ""linkage"": ""average""}"
term_8dffc38ae38fc124a5de,Top 5 ports for containers - gross weight of goods in containers handled in each port,cluster_b2b3f012d4f5,agglomerative,"{""distance_threshold"": 0.35, ""linkage"": ""average""}"
term_9bedcab28ed1c44237e4,Top 5 ports for liquid bulk,cluster_b2b3f012d4f5,agglomerative,"{""distance_threshold"": 0.35, ""linkage"": ""average""}"
term_cb5acf0784b47db0c86b,Top 5 ports for liquid bulk - gross weight of liquid bulk goods handled in each port,cluster_b2b3f012d4f5,agglomerative,"{""distance_threshold"": 0.35, ""linkage"": ""average""}"
term_24d4f70cfecb8c4a9a09,Top 5 ports for Ro-ro units,cluster_b2b3f012d4f5,agglomerative,"{""distance_threshold"": 0.35, ""linkage"": ""average""}"
term_e8bb6649bc08e6774829,Top 5 ports for Ro-ro units - gross weight of goods in Ro-Ro units handled in each port,cluster_b2b3f012d4f5,agglomerative,"{""distance_threshold"": 0.35, ""linkage"": ""average""}"
term_51748219fa8bcd262409,Top 5 ports for volume of containers,cluster_b2b3f012d4f5,agglomerative,"{""distance_threshold"": 0.35, ""linkage"": ""average""}"
term_63db29122ca2d646036d,Top 5 ports for volume of containers - volume (in TEUs) of containers handled in each port,cluster_b2b3f012d4f5,agglomerative,"{""distance_threshold"": 0.35, ""linkage"": ""average""}"
term_cbdda9299342ad151410,total (excluding construction),cluster_3d19854cb005,agglomerative,"{""distance_threshold"": 0.35, ""linkage"": ""average""}"
term_af6d225790e4ac240456,Total area - ENP-East countries,cluster_e589a82e3795,agglomerative,"{""distance_threshold"": 0.35, ""linkage"": ""average""}"
term_fbd500e449746260ee0c,Total area - ENP-South countries,cluster_e589a82e3795,agglomerative,"{""distance_threshold"": 0.35, ""linkage"": ""average""}"
term_3789c75f8c4358b6b031,Total area by species (area in ha),cluster_3f17b5ffbcea,agglomerative,"{""distance_threshold"": 0.35, ""linkage"": ""average""}"
term_43564be0a5eea5c24b69,Total economy deficit/surplus,cluster_a2e4cd40e034,agglomerative,"{""distance_threshold"": 0.35, ""linkage"": ""average""}"
term_c4c3e8614d9033178466,Total economy deficit/surplus - ENP-South countries,cluster_a2e4cd40e034,agglomerative,"{""distance_threshold"": 0.35, ""linkage"": ""average""}"
term_2277dced936ebe7e514b,Total employment by age group,cluster_b9a3b7632ab8,agglomerative,"{""distance_threshold"": 0.35, ""linkage"": ""average""}"
term_aa68604b0a18d14e8f75,Total employment by age group - ENP-South countries,cluster_b9a3b7632ab8,agglomerative,"{""distance_threshold"": 0.35, ""linkage"": ""average""}"
term_68e9ff319e647d5cff4a,"Total financial sector liabilities, consolidated",cluster_fe8bf0004b8f,agglomerative,"{""distance_threshold"": 0.35, ""linkage"": ""average""}"
term_322c0749da8f58dc928c,"Total financial sector liabilities, non-consolidated",cluster_fe8bf0004b8f,agglomerative,"{""distance_threshold"": 0.35, ""linkage"": ""average""}"
term_3795e399a8db59ba6bc2,"Total financial sector liabilities, non-consolidated - annual data",cluster_fe8bf0004b8f,agglomerative,"{""distance_threshold"": 0.35, ""linkage"": ""average""}"
term_e3b57109be8411b17a6a,total industry,cluster_3d19854cb005,agglomerative,"{""distance_threshold"": 0.35, ""linkage"": ""average""}"
term_bd25b0bcde8e89b7a0d1,total investments by currencies,cluster_7c9e9c0adc73,agglomerative,"{""distance_threshold"": 0.35, ""linkage"": ""average""}"
term_95a3385c12a80619d83f,Total length of motorways,cluster_15c8a09ae6f9,agglomerative,"{""distance_threshold"": 0.35, ""linkage"": ""average""}"
term_18a6f1bfdfa5de9fd163,Total length of railway lines,cluster_15c8a09ae6f9,agglomerative,"{""distance_threshold"": 0.35, ""linkage"": ""average""}"
term_cb729a0a0923670b9a0c,total population,cluster_33ddf438eacf,agglomerative,"{""distance_threshold"": 0.35, ""linkage"": ""average""}"
term_97fcb88bbf9fcf458966,Total researchers by sector of performance,cluster_8ef69a34fed1,agglomerative,"{""distance_threshold"": 0.35, ""linkage"": ""average""}"
term_29ee97eddda4848e7eb0,Total researchers by sector of performance - head count,cluster_8ef69a34fed1,agglomerative,"{""distance_threshold"": 0.35, ""linkage"": ""average""}"
term_38094dc99787e8445554,Tourism infrastructure,cluster_999025c3d872,agglomerative,"{""distance_threshold"": 0.35, ""linkage"": ""average""}"
term_ffdf411f32f95aa61bdd,Tourism infrastructure - ENP-South countries,cluster_999025c3d872,agglomerative,"{""distance_threshold"": 0.35, ""linkage"": ""average""}"
term_c86986d43ee00b297876,Trade balance,cluster_be31239b58e7,agglomerative,"{""distance_threshold"": 0.35, ""linkage"": ""average""}"
term_dfad7967b9279d6847df,Trade balance - ENP-East countries,cluster_44a8445e2d6e,agglomerative,"{""distance_threshold"": 0.35, ""linkage"": ""average""}"
term_31e6ad55f3e7fcddcd7c,Trade in goods with the top 5 partners,cluster_717245bdba31,agglomerative,"{""distance_threshold"": 0.35, ""linkage"": ""average""}"
term_b1053e50f61306b63b53,"Trade in goods, by main world traders",cluster_c574624eef1e,agglomerative,"{""distance_threshold"": 0.35, ""linkage"": ""average""}"
term_88201ce9406015c1736d,"Trade in goods, by main world traders - EU27 (from)",cluster_c574624eef1e,agglomerative,"{""distance_threshold"": 0.35, ""linkage"": ""average""}"
term_55695f1d655dbcce0306,Trade in services with the top 5 partners,cluster_717245bdba31,agglomerative,"{""distance_threshold"": 0.35, ""linkage"": ""average""}"
term_34f9a6afbcd34ff8c585,"Trailers and their load capacity, by permissible maximum gross weight",cluster_b2b3f012d4f5,agglomerative,"{""distance_threshold"": 0.35, ""linkage"": ""average""}"
term_f3e38dda338509911904,Trailers by load capacity,cluster_b2b3f012d4f5,agglomerative,"{""distance_threshold"": 0.35, ""linkage"": ""average""}"
term_824c1793ba9826ce6d8c,Train traffic on the rail network - Czech Republic,cluster_f1f4cfcd28c9,agglomerative,"{""distance_threshold"": 0.35, ""linkage"": ""average""}"
term_072f70a9ead031312bf8,Train traffic on the rail network - Hungaria,cluster_f1f4cfcd28c9,agglomerative,"{""distance_threshold"": 0.35, ""linkage"": ""average""}"
term_873f41cbaf7fc28ebbaa,Trainsets and capacity by type of speed,cluster_58c47e3d47ef,agglomerative,"{""distance_threshold"": 0.35, ""linkage"": ""average""}"
term_6af320a6bc9159e3ef12,Trams,cluster_9d59465255c0,agglomerative,"{""distance_threshold"": 0.35, ""linkage"": ""average""}"
term_7bf6771c4dcfacaaefdc,"Transition from fixed term contracts to permanent contracts (annual averages of quarterly transitions, estimated probabilities)",cluster_4ad4cace8f43,agglomerative,"{""distance_threshold"": 0.35, ""linkage"": ""average""}"
term_cf37fc168930f4e669ad,"Transition from fixed term contracts to permanent contracts (annual averages of quarterly transitions, estimated probabilities) - experimental statistics",cluster_4ad4cace8f43,agglomerative,"{""distance_threshold"": 0.35, ""linkage"": ""average""}"
term_2adca07660ceec2358ee,"Transition from part-time work to full-time work (annual averages of quarterly transitions, estimated probabilities)",cluster_4ad4cace8f43,agglomerative,"{""distance_threshold"": 0.35, ""linkage"": ""average""}"
term_5fc109031b2973fcda0e,"Transition from part-time work to full-time work (annual averages of quarterly transitions, estimated probabilities) - experimental statistics",cluster_4ad4cace8f43,agglomerative,"{""distance_threshold"": 0.35, ""linkage"": ""average""}"
term_0a01257f88ae194edd87,Treatment and disposal facilities,cluster_488a20112d22,agglomerative,"{""distance_threshold"": 0.35, ""linkage"": ""average""}"
term_a3d2423cf61584244a6c,Treatment of municipal waste,cluster_ad295f715ee2,agglomerative,"{""distance_threshold"": 0.35, ""linkage"": ""average""}"
term_2f77122f6d187536a2c6,Treatment of municipal waste - ENP-South countries,cluster_ad295f715ee2,agglomerative,"{""distance_threshold"": 0.35, ""linkage"": ""average""}"
term_a32ba4e10b1eca08f244,Turnover by client specialisation and employment size class,cluster_95b364be9c9d,agglomerative,"{""distance_threshold"": 0.35, ""linkage"": ""average""}"
term_efda1f608f03541e6db5,Turnover by client specialisation and NACE Rev.1 at 3-digit level,cluster_95b364be9c9d,agglomerative,"{""distance_threshold"": 0.35, ""linkage"": ""average""}"
term_5a349d389850e8d4ab7f,Turnover by client specialisation and product specialisation,cluster_95b364be9c9d,agglomerative,"{""distance_threshold"": 0.35, ""linkage"": ""average""}"
term_dcec609979d5cb0e0dbb,Turnover by nationality of client and employment size class,cluster_95b364be9c9d,agglomerative,"{""distance_threshold"": 0.35, ""linkage"": ""average""}"
term_95a6a131327fcab57a0f,Turnover by nationality of client and NACE Rev.1 at 3-digit level,cluster_95b364be9c9d,agglomerative,"{""distance_threshold"": 0.35, ""linkage"": ""average""}"
term_0fc1db91c993288de631,Turnover by product specialisation and employment size class for group 72.2,cluster_95b364be9c9d,agglomerative,"{""distance_threshold"": 0.35, ""linkage"": ""average""}"
term_f6eaa9c37c9e115161f8,Turnover by product specialisation for div. 72,cluster_95b364be9c9d,agglomerative,"{""distance_threshold"": 0.35, ""linkage"": ""average""}"
term_dc5dd4e83d9c376ef477,Turnover by residence of client and economic activity,cluster_95b364be9c9d,agglomerative,"{""distance_threshold"": 0.35, ""linkage"": ""average""}"
term_d586e925d2063811eb99,Turnover by type of client and employment size class,cluster_95b364be9c9d,agglomerative,"{""distance_threshold"": 0.35, ""linkage"": ""average""}"
term_eeb8dbc04106e97419d1,Turnover by type of client and NACE Rev.1 at 3-digit level,cluster_95b364be9c9d,agglomerative,"{""distance_threshold"": 0.35, ""linkage"": ""average""}"
term_544e1224b8fd31b1c1f9,Turnover by type of media for advertising services,cluster_95b364be9c9d,agglomerative,"{""distance_threshold"": 0.35, ""linkage"": ""average""}"
term_a388f7d67001bf53044b,Turnover in industry - capital goods,cluster_95b364be9c9d,agglomerative,"{""distance_threshold"": 0.35, ""linkage"": ""average""}"
term_f8795b5cd620fe7c77d7,Turnover in industry - consumer durables,cluster_95b364be9c9d,agglomerative,"{""distance_threshold"": 0.35, ""linkage"": ""average""}"
term_9aa3a58b4d21fb81c703,Turnover in industry - consumer non-durables,cluster_95b364be9c9d,agglomerative,"{""distance_threshold"": 0.35, ""linkage"": ""average""}"
term_07340a3d2ef10f77fc23,Turnover in industry - intermediate goods,cluster_95b364be9c9d,agglomerative,"{""distance_threshold"": 0.35, ""linkage"": ""average""}"
term_cdd908e61d57752d0ee6,Turnover in industry - manufacturing,cluster_95b364be9c9d,agglomerative,"{""distance_threshold"": 0.35, ""linkage"": ""average""}"
term_35c905bf17ead17d0ef7,Typical dwelling sizes by type of dwelling in each surveyed city,cluster_30a5e78c1bee,agglomerative,"{""distance_threshold"": 0.35, ""linkage"": ""average""}"
term_0d408ca778902b8ee898,under age 5,cluster_dafe152a1479,agglomerative,"{""distance_threshold"": 0.35, ""linkage"": ""average""}"
term_1529764711dbbdad5438,Unemployment by sex - age group 15-24,cluster_b9a3b7632ab8,agglomerative,"{""distance_threshold"": 0.35, ""linkage"": ""average""}"
term_93fc17aa9b69df511486,Unemployment by sex - age group 25-74,cluster_b9a3b7632ab8,agglomerative,"{""distance_threshold"": 0.35, ""linkage"": ""average""}"
term_79bdfae6a83ca066ae99,Unemployment rate - 3 year average,cluster_9fa9784197d1,agglomerative,"{""distance_threshold"": 0.35, ""linkage"": ""average""}"
term_e41a8a27162e454712ee,Unemployment rate - annual data,cluster_4ad4cace8f43,agglomerative,"{""distance_threshold"": 0.35, ""linkage"": ""average""}"
term_1af71f3547cf8a591b56,"Unemployment rate - quarterly data, seasonally adjusted",cluster_4ad4cace8f43,agglomerative,"{""distance_threshold"": 0.35, ""linkage"": ""average""}"
term_6a7ea42520f4578ca635,Unemployment rate by education level,cluster_4c9b1b408341,agglomerative,"{""distance_threshold"": 0.35, ""linkage"": ""average""}"
term_a37e7a638feff73a0a92,Unemployment rate by sex - age group 15-24,cluster_b9a3b7632ab8,agglomerative,"{""distance_threshold"": 0.35, ""linkage"": ""average""}"
term_a8ad46b0a7ab4a8761a8,Unemployment rate by sex - age group 25-74,cluster_b9a3b7632ab8,agglomerative,"{""distance_threshold"": 0.35, ""linkage"": ""average""}"
term_7a27f1dacce2f021d0c4,Unemployment rates (persons aged 25-64) by educational attainment level,cluster_f7e741558ca2,agglomerative,"{""distance_threshold"": 0.35, ""linkage"": ""average""}"
term_6740e82c105d11b93340,Unemployment rates by sex and age,cluster_b9a3b7632ab8,agglomerative,"{""distance_threshold"": 0.35, ""linkage"": ""average""}"
term_c396f89acaee68a2c8bf,Unemployment rates by sex and age - ENP-East countries,cluster_b9a3b7632ab8,agglomerative,"{""distance_threshold"": 0.35, ""linkage"": ""average""}"
term_3e78a36a740b5f059ecd,Unemployment rates by sex and age - ENP-South countries,cluster_b9a3b7632ab8,agglomerative,"{""distance_threshold"": 0.35, ""linkage"": ""average""}"
term_608d058dd9f4afca7ce3,Unemployment trap,cluster_9f754bbcabe2,agglomerative,"{""distance_threshold"": 0.35, ""linkage"": ""average""}"
term_745c8edf3dcd6c3340ce,Unit labour cost performance related to the euro area,cluster_f7c5001b3c2d,agglomerative,"{""distance_threshold"": 0.35, ""linkage"": ""average""}"
term_69b576171d4d2c819645,Unit labour cost performance related to the euro area - annual data,cluster_f7c5001b3c2d,agglomerative,"{""distance_threshold"": 0.35, ""linkage"": ""average""}"
term_ce0657cadd596a4ada9e,Unit value of exports,cluster_c574624eef1e,agglomerative,"{""distance_threshold"": 0.35, ""linkage"": ""average""}"
term_7225389bc8f22f1d0abe,Unit value of imports,cluster_c574624eef1e,agglomerative,"{""distance_threshold"": 0.35, ""linkage"": ""average""}"
term_fa38f209e4b8c386f58c,Unitisation in maritime freight transport,cluster_586194a4eb3a,agglomerative,"{""distance_threshold"": 0.35, ""linkage"": ""average""}"
term_8cd6e2e0f19af59b9a69,Unitisation in maritime freight transport - tonnes for gross weight of goods,cluster_586194a4eb3a,agglomerative,"{""distance_threshold"": 0.35, ""linkage"": ""average""}"
term_3b2614c8b53e660d154a,Unitisation in rail freight transport- tonne-kilometre for gross-gross weight of goods,cluster_586194a4eb3a,agglomerative,"{""distance_threshold"": 0.35, ""linkage"": ""average""}"
term_1eda2413fab212d2b53a,Unitisation in road freight transport,cluster_586194a4eb3a,agglomerative,"{""distance_threshold"": 0.35, ""linkage"": ""average""}"
term_735f5b874e0e33937a24,Unitisation in road freight transport - tonne-kilometre for gross weight of goods,cluster_586194a4eb3a,agglomerative,"{""distance_threshold"": 0.35, ""linkage"": ""average""}"
term_c7b4b6d9a065c9bf8846,Unitisation in the different modes of transport,cluster_586194a4eb3a,agglomerative,"{""distance_threshold"": 0.35, ""linkage"": ""average""}"
term_0cfd941ee23def242bc0,Unitisation in the different modes of transport - tonne-kilometre for gross weight of goods,cluster_586194a4eb3a,agglomerative,"{""distance_threshold"": 0.35, ""linkage"": ""average""}"
term_ada6f8ab141a96788083,Unitisation in waterways freight transport,cluster_586194a4eb3a,agglomerative,"{""distance_threshold"": 0.35, ""linkage"": ""average""}"
term_c920190059a666a1895b,Unitisation in waterways freight transport - tonne-kilometre for gross-gross weight of goods,cluster_586194a4eb3a,agglomerative,"{""distance_threshold"": 0.35, ""linkage"": ""average""}"
term_94626ffbbffb640251bd,Urban wastewater treatment,cluster_488a20112d22,agglomerative,"{""distance_threshold"": 0.35, ""linkage"": ""average""}"
term_aaf50cda1682e2356755,Use and risk of chemical pesticides,cluster_0e3e19fd0dd0,agglomerative,"{""distance_threshold"": 0.35, ""linkage"": ""average""}"
term_0b3b81a0f6a2a4f0bc27,Usually resident population on 1 January,cluster_96fe0675aeed,agglomerative,"{""distance_threshold"": 0.35, ""linkage"": ""average""}"
term_2e8cbd82183180402590,Vaccination against influenza of population aged 65 and over,cluster_5905555b7ace,agglomerative,"{""distance_threshold"": 0.35, ""linkage"": ""average""}"
term_e2bf5da3a5520dacf683,Valid permits by reasons,cluster_fd27aed274d2,agglomerative,"{""distance_threshold"": 0.35, ""linkage"": ""average""}"
term_81433323d664e460d7a0,Valid permits by reasons - % of total valid permits,cluster_fd27aed274d2,agglomerative,"{""distance_threshold"": 0.35, ""linkage"": ""average""}"
term_dcdfd7d57ed36874c698,Value Added in Foreign Controlled Enterprises,cluster_dddfcfe3c7b4,agglomerative,"{""distance_threshold"": 0.35, ""linkage"": ""average""}"
term_df1fe8011f130dafc25b,"value and index (=100), annual data",cluster_021a934ea779,agglomerative,"{""distance_threshold"": 0.35, ""linkage"": ""average""}"
term_d56654bde6f336c17c09,Vessel traffic,cluster_586194a4eb3a,agglomerative,"{""distance_threshold"": 0.35, ""linkage"": ""average""}"
term_a216f9879945eafb74fb,Vessels arriving in main EU ports by type of vessels (estimates),cluster_b606967bfaf1,agglomerative,"{""distance_threshold"": 0.35, ""linkage"": ""average""}"
term_1c3ca4400953e4d24511,Vessels arriving in main EU ports by type of vessels (estimates) - experimental statistics,cluster_b606967bfaf1,agglomerative,"{""distance_threshold"": 0.35, ""linkage"": ""average""}"
term_88c05f44f61fbda0fcbc,Victims of trafficking in human beings by all forms of exploitation,cluster_f1f6ee7bbbfa,agglomerative,"{""distance_threshold"": 0.35, ""linkage"": ""average""}"
term_f23379138c415aa01739,Victims of trafficking in human beings by citizenship,cluster_f1f6ee7bbbfa,agglomerative,"{""distance_threshold"": 0.35, ""linkage"": ""average""}"
term_424177e51c1e5a96bc99,Victims of trafficking in human beings by sex,cluster_f1f6ee7bbbfa,agglomerative,"{""distance_threshold"": 0.35, ""linkage"": ""average""}"
term_671120e6ddf805c7363b,volume,cluster_4930d1937bc7,agglomerative,"{""distance_threshold"": 0.35, ""linkage"": ""average""}"
term_bf111ec07111b7198008,volume (in TEUs) of containers handled in each port,cluster_b2b3f012d4f5,agglomerative,"{""distance_threshold"": 0.35, ""linkage"": ""average""}"
term_33e623d97e7d61f96a25,"volume (in TEUs) of containers handled in main ports, by loading status",cluster_b2b3f012d4f5,agglomerative,"{""distance_threshold"": 0.35, ""linkage"": ""average""}"
term_783f110b27cf7b2988d8,"volume (in TEUs) of containers transported to/from main ports, by loading status",cluster_b2b3f012d4f5,agglomerative,"{""distance_threshold"": 0.35, ""linkage"": ""average""}"
term_79a8736d921061034a62,Volume of containers handled in the top 20 EU main ports by loading status,cluster_b2b3f012d4f5,agglomerative,"{""distance_threshold"": 0.35, ""linkage"": ""average""}"
term_e31f733dac43272facbc,Volume of freight transport relative to GDP,cluster_95df7df16168,agglomerative,"{""distance_threshold"": 0.35, ""linkage"": ""average""}"
term_5e60d2f1d1859714617a,Volume of passenger transport relative to GDP,cluster_95df7df16168,agglomerative,"{""distance_threshold"": 0.35, ""linkage"": ""average""}"
term_ade3abe2ddcd4219c7b9,Volume of timber,cluster_4930d1937bc7,agglomerative,"{""distance_threshold"": 0.35, ""linkage"": ""average""}"
term_adf8b17478ca36af6f1c,Wages,cluster_9f754bbcabe2,agglomerative,"{""distance_threshold"": 0.35, ""linkage"": ""average""}"
term_e95832e5932b41d66e64,Waste generated by households by year and waste category,cluster_ad295f715ee2,agglomerative,"{""distance_threshold"": 0.35, ""linkage"": ""average""}"
term_4fc2af5067b8749363b2,Waste generation per capita,cluster_ad295f715ee2,agglomerative,"{""distance_threshold"": 0.35, ""linkage"": ""average""}"
term_a85cd962d2f86c8a8f1b,Water abstracted by sector of use,cluster_c7c1d69c4acd,agglomerative,"{""distance_threshold"": 0.35, ""linkage"": ""average""}"
term_a2238b63e06e72e5c3db,"Water exploitation index, plus (WEI+)",cluster_a96318ad87bd,agglomerative,"{""distance_threshold"": 0.35, ""linkage"": ""average""}"
term_03d759e0f760f08659a9,Water resources,cluster_c7c1d69c4acd,agglomerative,"{""distance_threshold"": 0.35, ""linkage"": ""average""}"
term_b4bf0c9074f9bb24d3d5,Water resources: long-term annual average,cluster_4ad4cace8f43,agglomerative,"{""distance_threshold"": 0.35, ""linkage"": ""average""}"
term_20a4da9620ef0fc3315d,Water supplied and used by economic sectors,cluster_c7c1d69c4acd,agglomerative,"{""distance_threshold"": 0.35, ""linkage"": ""average""}"
term_214624aff075545f6929,Water use balance,cluster_c7c1d69c4acd,agglomerative,"{""distance_threshold"": 0.35, ""linkage"": ""average""}"
term_7d45002a722bf752bce6,Water use by economic activity,cluster_c7c1d69c4acd,agglomerative,"{""distance_threshold"": 0.35, ""linkage"": ""average""}"
term_501f4ffb4d173e318f72,Water use by economic activity - ENP-South countries,cluster_c7c1d69c4acd,agglomerative,"{""distance_threshold"": 0.35, ""linkage"": ""average""}"
term_7beb7e648657fdf85a26,waterway transport enterprises by number of vessels,cluster_dddfcfe3c7b4,agglomerative,"{""distance_threshold"": 0.35, ""linkage"": ""average""}"
term_46c5d867f1991ca07183,Weights of producer prices of agricultural products,cluster_021a934ea779,agglomerative,"{""distance_threshold"": 0.35, ""linkage"": ""average""}"
term_5f2113363aa4f765d57e,Weights of producer prices of agricultural products - survey,cluster_021a934ea779,agglomerative,"{""distance_threshold"": 0.35, ""linkage"": ""average""}"
term_d6d6bbf88f45ac0fed3e,Weights of purchase prices of the means of agricultural production,cluster_021a934ea779,agglomerative,"{""distance_threshold"": 0.35, ""linkage"": ""average""}"
term_0a75239384408607d20b,Weights of purchase prices of the means of agricultural production - survey,cluster_021a934ea779,agglomerative,"{""distance_threshold"": 0.35, ""linkage"": ""average""}"
term_b534371705780a321db0,west-central Pacific,cluster_aea832dd6925,agglomerative,"{""distance_threshold"": 0.35, ""linkage"": ""average""}"
term_084a82356f88b7f13c12,"Wheat and spelt by area, production and humidity",cluster_100401722785,agglomerative,"{""distance_threshold"": 0.35, ""linkage"": ""average""}"
term_3bf94f63eddd0d336c49,"Women as victims/non-victims of violence, by awareness of free legal aid",cluster_5415bed44bb1,agglomerative,"{""distance_threshold"": 0.35, ""linkage"": ""average""}"
term_99cd7a014402a64d1ba7,"Women as victims/non-victims of violence, by awareness of the existence of support services",cluster_5415bed44bb1,agglomerative,"{""distance_threshold"": 0.35, ""linkage"": ""average""}"
term_74dee35dda71ade12769,"Women who have experienced sexual violence during childhood, by age group",cluster_5415bed44bb1,agglomerative,"{""distance_threshold"": 0.35, ""linkage"": ""average""}"
term_44d1da66e543f565402e,"Women who have experienced sexual violence during childhood, by person/support service to whom violence was reported",cluster_5415bed44bb1,agglomerative,"{""distance_threshold"": 0.35, ""linkage"": ""average""}"
term_5ba5293a3dcdb52be932,"Women who have experienced sexual violence during childhood, by type of perpetrator",cluster_5415bed44bb1,agglomerative,"{""distance_threshold"": 0.35, ""linkage"": ""average""}"
term_cc4cc221d6e9bb2f14a7,"Women who have experienced stalking, by age group",cluster_5415bed44bb1,agglomerative,"{""distance_threshold"": 0.35, ""linkage"": ""average""}"
term_958ed5d16d0a19cba33d,"Women who have experienced stalking, by consequences of violence",cluster_5415bed44bb1,agglomerative,"{""distance_threshold"": 0.35, ""linkage"": ""average""}"
term_6f53f02dbeef7453fc8e,"Women who have experienced stalking, by occurrence of the last episode",cluster_5415bed44bb1,agglomerative,"{""distance_threshold"": 0.35, ""linkage"": ""average""}"
term_44fb7c14326b9ce6f97e,"Women who have experienced stalking, by person/support service to whom violence was reported",cluster_5415bed44bb1,agglomerative,"{""distance_threshold"": 0.35, ""linkage"": ""average""}"
term_ded67b7fdb2fa4d2a466,"Women who have experienced stalking, by type of perpetrator",cluster_5415bed44bb1,agglomerative,"{""distance_threshold"": 0.35, ""linkage"": ""average""}"
term_0090b200840a67def5ff,"Women who have experienced violence by a domestic perpetrator, by age group",cluster_5415bed44bb1,agglomerative,"{""distance_threshold"": 0.35, ""linkage"": ""average""}"
term_1e5fd1a337fed64610ed,"Women who have experienced violence by a domestic perpetrator, by country of birth",cluster_5415bed44bb1,agglomerative,"{""distance_threshold"": 0.35, ""linkage"": ""average""}"
term_c7dcf75b0fd161fae015,"Women who have experienced violence by a domestic perpetrator, by degree of urbanisation",cluster_5415bed44bb1,agglomerative,"{""distance_threshold"": 0.35, ""linkage"": ""average""}"
term_41f8c2a6319f94d396ef,"Women who have experienced violence by a domestic perpetrator, by level of disability (activity limitation)",cluster_5415bed44bb1,agglomerative,"{""distance_threshold"": 0.35, ""linkage"": ""average""}"
term_f70365936e85e49e93e0,"Women who have experienced violence by a domestic perpetrator, by level of education",cluster_5415bed44bb1,agglomerative,"{""distance_threshold"": 0.35, ""linkage"": ""average""}"
term_785daa955a4f1ba400d7,"Women who have experienced violence by a domestic perpetrator, by occurrence of the last episode",cluster_5415bed44bb1,agglomerative,"{""distance_threshold"": 0.35, ""linkage"": ""average""}"
term_f59cb91dee8d325d7110,"Women who have experienced violence by a domestic perpetrator, by type of violence",cluster_5415bed44bb1,agglomerative,"{""distance_threshold"": 0.35, ""linkage"": ""average""}"
term_9ed3e3cda8958c5bbc62,Women who have experienced violence by a non-partner and consequences of violence,cluster_5415bed44bb1,agglomerative,"{""distance_threshold"": 0.35, ""linkage"": ""average""}"
term_0db5d36410b241ea855e,"Women who have experienced violence by a non-partner, by age group",cluster_5415bed44bb1,agglomerative,"{""distance_threshold"": 0.35, ""linkage"": ""average""}"
term_c8283b83f20914d744b0,"Women who have experienced violence by a non-partner, by country of birth",cluster_5415bed44bb1,agglomerative,"{""distance_threshold"": 0.35, ""linkage"": ""average""}"
term_935f588f73cb3d45199e,"Women who have experienced violence by a non-partner, by degree of urbanisation",cluster_5415bed44bb1,agglomerative,"{""distance_threshold"": 0.35, ""linkage"": ""average""}"
term_25b62bd6ec453de22c6b,"Women who have experienced violence by a non-partner, by level of disability (activity limitation)",cluster_5415bed44bb1,agglomerative,"{""distance_threshold"": 0.35, ""linkage"": ""average""}"
term_9ad6a545c548fa79bad9,"Women who have experienced violence by a non-partner, by level of education",cluster_5415bed44bb1,agglomerative,"{""distance_threshold"": 0.35, ""linkage"": ""average""}"
term_114c40d16ca56cc8dfe1,"Women who have experienced violence by a non-partner, by occurrence of the last episode",cluster_5415bed44bb1,agglomerative,"{""distance_threshold"": 0.35, ""linkage"": ""average""}"
term_af0fa9de1b9de8d297c5,"Women who have experienced violence by a non-partner, by person/support service to whom violence was reported",cluster_5415bed44bb1,agglomerative,"{""distance_threshold"": 0.35, ""linkage"": ""average""}"
term_7d31126916709c3ed614,"Women who have experienced violence by a non-partner, by type and frequency of violence",cluster_5415bed44bb1,agglomerative,"{""distance_threshold"": 0.35, ""linkage"": ""average""}"
term_e4d2c743b5b450e6468f,"Women who have experienced violence by a non-partner, by type of perpetrator",cluster_5415bed44bb1,agglomerative,"{""distance_threshold"": 0.35, ""linkage"": ""average""}"
term_0daeaa3f46275e614e5e,"Women who have experienced violence by a non-partner, by type of violence",cluster_5415bed44bb1,agglomerative,"{""distance_threshold"": 0.35, ""linkage"": ""average""}"
term_501ea52e99ebff607ea9,Women who have experienced violence by any perpetrator and consequences of violence,cluster_5415bed44bb1,agglomerative,"{""distance_threshold"": 0.35, ""linkage"": ""average""}"
term_bb32db4f2e5f91c70519,"Women who have experienced violence by any perpetrator, by age group",cluster_5415bed44bb1,agglomerative,"{""distance_threshold"": 0.35, ""linkage"": ""average""}"
term_ab56bb9eb34a3bbd6d39,"Women who have experienced violence by any perpetrator, by country of birth",cluster_5415bed44bb1,agglomerative,"{""distance_threshold"": 0.35, ""linkage"": ""average""}"
term_057ee65ab7f83ef76298,"Women who have experienced violence by any perpetrator, by degree of urbanisation",cluster_5415bed44bb1,agglomerative,"{""distance_threshold"": 0.35, ""linkage"": ""average""}"
term_0fb049cafea83a05569c,"Women who have experienced violence by any perpetrator, by level of disability (activity limitation)",cluster_5415bed44bb1,agglomerative,"{""distance_threshold"": 0.35, ""linkage"": ""average""}"
term_32e3106a30d7d4df3794,"Women who have experienced violence by any perpetrator, by level of education",cluster_5415bed44bb1,agglomerative,"{""distance_threshold"": 0.35, ""linkage"": ""average""}"
term_85c7eaf55c17e30704ca,"Women who have experienced violence by any perpetrator, by occurrence of the last episode",cluster_5415bed44bb1,agglomerative,"{""distance_threshold"": 0.35, ""linkage"": ""average""}"
term_67e74c8972ac642568c0,"Women who have experienced violence by any perpetrator, by person/support service to whom violence was reported",cluster_5415bed44bb1,agglomerative,"{""distance_threshold"": 0.35, ""linkage"": ""average""}"
term_57415d5995abddc9c700,"Women who have experienced violence by any perpetrator, by type and frequency of violence",cluster_5415bed44bb1,agglomerative,"{""distance_threshold"": 0.35, ""linkage"": ""average""}"
term_87c7f18f40753af6cca0,"Women who have experienced violence by any perpetrator, by type of violence",cluster_5415bed44bb1,agglomerative,"{""distance_threshold"": 0.35, ""linkage"": ""average""}"
term_fb4a688b93dbe8d65e06,"Work-related health problems in, by sex",cluster_f1f6ee7bbbfa,agglomerative,"{""distance_threshold"": 0.35, ""linkage"": ""average""}"
term_055bfac06b09b11dc896,Young persons (aged 15-24) neither in employment nor in education and training,cluster_b9a3b7632ab8,agglomerative,"{""distance_threshold"": 0.35, ""linkage"": ""average""}"
term_2e9ce14b15b7a574fa90,Young persons (aged 15-24) neither in employment nor in education and training - % of total population in private households in the same age group,cluster_b9a3b7632ab8,agglomerative,"{""distance_threshold"": 0.35, ""linkage"": ""average""}"
term_4ea4279567c32d7a7f9e,Young persons (aged 20-24) with at least upper secondary educational attainment level by sex,cluster_f7e741558ca2,agglomerative,"{""distance_threshold"": 0.35, ""linkage"": ""average""}"
term_2c531a8a827df2e14928,Young persons neither in employment nor in education and training (NEET) by citizenship,cluster_b9a3b7632ab8,agglomerative,"{""distance_threshold"": 0.35, ""linkage"": ""average""}"
term_cc3e04edd8ae8955e635,Young persons neither in employment nor in education and training (NEET) by sex,cluster_b9a3b7632ab8,agglomerative,"{""distance_threshold"": 0.35, ""linkage"": ""average""}"
term_9672d50aacb8ed271606,Youth employment rate (age group 20-29),cluster_b9a3b7632ab8,agglomerative,"{""distance_threshold"": 0.35, ""linkage"": ""average""}"
term_9d019695e06bee470d9e,Youth unemployment rate,cluster_b9a3b7632ab8,agglomerative,"{""distance_threshold"": 0.35, ""linkage"": ""average""}"
term_6a159da8f44b32a6a971,Youth unemployment rate - % of active population aged 15-24,cluster_b9a3b7632ab8,agglomerative,"{""distance_threshold"": 0.35, ""linkage"": ""average""}"
term_b729ad875ff9c728f329,Youth unemployment rate by sex,cluster_b9a3b7632ab8,agglomerative,"{""distance_threshold"": 0.35, ""linkage"": ""average""}"
term_37cf41b2716bfe4cd304,Youth unemployment ratio (age group 15-24),cluster_b9a3b7632ab8,agglomerative,"{""distance_threshold"": 0.35, ""linkage"": ""average""}"
