term_id,canonical_term,category,confidence,variant,protected,evidence,occurrence_ids_json,run_id
term_f92aa0607c2b5c538059,1 activity and employment,measure,0.88,semantic-hybrid,True,title evidence with measure lexical cue,"[""occ_804766179f4830648dba""]",run_1f27e7f7434a9d682f85
term_ae1f4ef44ee128d00b40,1 activity and employment status,measure,0.88,semantic-hybrid,True,title evidence with measure lexical cue,"[""occ_02097b67cef22603687a""]",run_1f27e7f7434a9d682f85
term_290bbaa73df30999a339,1.1 activity and employment,measure,0.88,semantic-hybrid,True,title evidence with measure lexical cue,"[""occ_de22f700e2ab735469c2""]",run_1f27e7f7434a9d682f85
term_0e86b7dc373a37bc4ce4,1.1 activity and employment status,measure,0.88,semantic-hybrid,True,title evidence with measure lexical cue,"[""occ_fab0e7d18fb45a53578f""]",run_1f27e7f7434a9d682f85
term_eb6cd7da4972ac3d2937,1000 of corresponding age population,measure,0.88,semantic-hybrid,True,title evidence with measure lexical cue,"[""occ_9bafdf4be2aa5389716d""]",run_1f27e7f7434a9d682f85
term_d642b0d05751e9980989,15-24) neither in employment,measure,0.88,semantic-hybrid,True,title evidence with measure lexical cue,"[""occ_8cefd7b09448e6d469b4""]",run_1f27e7f7434a9d682f85
term_b5d9f16b16f448136985,2 region - % of the population,measure,0.88,semantic-hybrid,True,title evidence with measure lexical cue,"[""occ_37427f4a3defbeb46cf9"", ""occ_8a3d689b78962f6a44cd""]",run_1f27e7f7434a9d682f85
term_1d8de4686876a5ad8cdd,2 region - % of the population of,measure,0.88,semantic-hybrid,True,title evidence with measure lexical cue,"[""occ_51d09b2af9078c8af17a"", ""occ_8dc49a63ccc9fde82a95""]",run_1f27e7f7434a9d682f85
term_60c705d91a6a7e292a1f,2 region - % of the population of the,measure,0.88,semantic-hybrid,True,title evidence with measure lexical cue,"[""occ_c18126792cbf6ba64b6f"", ""occ_f98f838730c9ce49dd5a""]",run_1f27e7f7434a9d682f85
term_1ec4e9a4cce0e2bd4b55,2 region - % of the population of the corresponding,measure,0.88,semantic-hybrid,True,title evidence with measure lexical cue,"[""occ_3762a649aafed41b845c"", ""occ_e88be6135e2f0d610a34""]",run_1f27e7f7434a9d682f85
term_0a182caf0f168cf04942,3 by sex - as % of the population,measure,0.88,semantic-hybrid,True,title evidence with measure lexical cue,"[""occ_4ccf405f5d71441d6913""]",run_1f27e7f7434a9d682f85
term_50864d39aee50e16110c,3 by sex - as % of the population of,measure,0.88,semantic-hybrid,True,title evidence with measure lexical cue,"[""occ_d9dac73efb23ea4d8357""]",run_1f27e7f7434a9d682f85
term_0f2b3dc72dbfb9df4051,40 % of the population,measure,0.88,semantic-hybrid,True,title evidence with measure lexical cue,"[""occ_012776f5b278b2e5b61a""]",run_1f27e7f7434a9d682f85
term_f5213a127a8488a1ed73,"a domestic perpetrator, by country of birth",measure,0.88,semantic-hybrid,True,title evidence with measure lexical cue,"[""occ_4c1fa094d41898c2a20a""]",run_1f27e7f7434a9d682f85
term_eda8ed1ce0eba77846ef,"a non-partner, by country of birth",measure,0.88,semantic-hybrid,True,title evidence with measure lexical cue,"[""occ_18b1f0e47dfb53d7bb34""]",run_1f27e7f7434a9d682f85
term_1841dde785c10e5eeb3d,A of the income from agricultural,measure,0.88,semantic-hybrid,True,title evidence with measure lexical cue,"[""occ_66e7361e0a810698324f""]",run_1f27e7f7434a9d682f85
term_84ba59b6c245c2358047,A of the income from agricultural activity,measure,0.88,semantic-hybrid,True,title evidence with measure lexical cue,"[""occ_96bd8d0d79b187472b9f""]",run_1f27e7f7434a9d682f85
term_8edcbec9396e6e38b16d,a share of GDP,measure,0.88,semantic-hybrid,True,title evidence with measure lexical cue,"[""occ_5ec14693cc9c5d00591b""]",run_1f27e7f7434a9d682f85
term_d31c80bf908221bd3b9a,Above 60% of median equivalised income,measure,0.7600560634895097,semantic-hybrid,False,semantic centroid/neighbor measure fallback,"[""occ_0057994e44d65d738f93"", ""occ_0103b8bb5b7b72913dfe"", ""occ_033d5371af2f44bd85fc"", ""occ_03a4ad8d742609908b10"", ""occ_04c9d19765f301060731"", ""occ_0519ba7ac45b16d8b579"", ""occ_06aac4ce1bdfa0487224"", ""occ_07b8858f9a953750d5ad"", ""occ_07bbacab3b65e46bdbdf"", ""occ_0892f50388e94ee17e08"", ""occ_08d94ad5c273a97de732"", ""occ_0902f64da463ce8a3771"", ""occ_091dfe51d5d6967bbf11"", ""occ_0984a963d23ec9fdd1c0"", ""occ_0988a7062fd365b1c41a"", ""occ_0a33ad1dda4b0f8f9de5"", ""occ_0aadad828c7bda132020"", ""occ_0ad2733936a14f9a5733"", ""occ_0ad43d1ed448d0fbbc86"", ""occ_0b0d832ba1e8d46478f0"", ""occ_0b2beaf6bbf24fee8554"", ""occ_0b5d6feee93c8820fec4"", ""occ_0bd00513a5c75fc0adb2"", ""occ_0c2a897c734cf531da19"", ""occ_0d807216dbecfc02eb16"", ""occ_0db0d5bf58db7e0aa661"", ""occ_0e0c548f55bb65113a0a"", ""occ_0e2fc1b6c5a90ebd7d6e"", ""occ_0e9cb2ea1a9a05f75725"", ""occ_0efd39ce79caf829a032"", ""occ_0f2dfed66d797ed8fbaf"", ""occ_0f3a3c9cec36739efd9c"", ""occ_10444e40f1e95cda52a2"", ""occ_12fec076ffb77e070dd8"", ""occ_14cee5ffa63a1651d0a8"", ""occ_1513372835b83cdf2731"", ""occ_1521cb2fb19f170671d9"", ""occ_153ec7e87e410b64f105"", ""occ_1581a171db25e1e65887"", ""occ_15fb76929f04da2b0428"", ""occ_1614da2693b90f772166"", ""occ_161d4b94194d8068ffcf"", ""occ_16d8acb6ac26f7785d36"", ""occ_1792dd2390bcab908df8"", ""occ_17bd4d67286cc1851cdd"", ""occ_17d5aa979e9ee1652f18"", ""occ_193a0d4efc506377104d"", ""occ_19430a8ca25cc142bf84"", ""occ_1a1e946f58c3e6b150d2"", ""occ_1b5e613b0a8ddfb0f263"", ""occ_1ba7956a2652ce735b52"", ""occ_1bad70ec305abffe64c5"", ""occ_1c13afe7017975820a15"", ""occ_1d48ea27a1af7ed79b03"", ""occ_1eee2a3686a049e08538"", ""occ_1f8f8911ae2245fe8993"", ""occ_1fcdb7ca3f37520aebc8"", ""occ_20e6bf3625d4e7c4aafc"", ""occ_210e2b1c46ec933858b4"", ""occ_212accc20bcf74c75759"", ""occ_2154523b3b0b3998988c"", ""occ_22266018c3c90ee6b5fe"", ""occ_2261663d838f9dc22035"", ""occ_22d207bfae9cb755785e"", ""occ_233b3fc6890e110595d0"", ""occ_2447a45cd4f5fbeb71eb"", ""occ_26bd947d9a7f2a238243"", ""occ_272c1d59bc1d210a5d6d"", ""occ_28595d98f8cf24ce2123"", ""occ_28cf13d08741b4b9c4df"", ""occ_299a5027dd61b1f3343d"", ""occ_2aa88357f046bee46a6d"", ""occ_2b161764db67275f5415"", ""occ_2b5a45a457b1872666d1"", ""occ_2ba446f02c25f5470c1d"", ""occ_2bddf4feb3bdc834042c"", ""occ_2d0c20ec43215ab5ad3a"", ""occ_2d523b5dd511372ad386"", ""occ_2d69020e8fb017ea011c"", ""occ_2e29be2089a5760fd17c"", ""occ_2e2d7d6d260482c1b5fc"", ""occ_2eb8e73fff60a74c6f0b"", ""occ_2ec32ce39948090a83cd"", ""occ_2ee938f04c26d2502f63"", ""occ_2f160664320b3249311e"", ""occ_2f556fc5322b8a6d4c10"", ""occ_2fc27da56e76c093475c"", ""occ_3004f022e8ce574643c8"", ""occ_3016c3ce9297b810699b"", ""occ_329df9d400e9701c1a78"", ""occ_33b4d5c3d4999dae7e69"", ""occ_33f446992f947a5db414"", ""occ_3424fda40971802a4374"", ""occ_34fa2b69b7bf5579addf"", ""occ_3534e1804ffa1ad53726"", ""occ_394dfc58501d7ca0cac9"", ""occ_395de022e9f856507e1e"", ""occ_397e06781edf06b80e0d"", ""occ_3b3e277b150b25f98a29"", ""occ_3c67d210b15d25557c10"", ""occ_3d2ca40b850c5b02dbb9"", ""occ_3d60e3253de539f8d21c"", ""occ_3da61087ce9cf66366c7"", ""occ_3da7a62439c38c499df9"", ""occ_3de09c218b28909e60f3"", ""occ_3e9dc52da35afadfc237"", ""occ_3f9f490baa32c6a1dd06"", ""occ_3fa60fa223fc9aca85d8"", ""occ_4017d1a185e9df86916f"", ""occ_41152a691ff448ad6dae"", ""occ_41771598f785f69664f8"", ""occ_43239bca4383450a5d9c"", ""occ_4358a71b27981c2e0fd3"", ""occ_436ac6bc1ed3c3cd4efe"", ""occ_43ddfbda5bad4e6cb322"", ""occ_444862664cf7059e1be0"", ""occ_4526cf948c2a2ae4f7a8"", ""occ_45ca1efb76efe587c496"", ""occ_46310fb794e5dde20f93"", ""occ_47039598516a322d23f8"", ""occ_477373b0caebf8492449"", ""occ_479abd081c365e0ef550"", ""occ_47c5d6d29b6c23f8fb28"", ""occ_47eb980e0cab5bd049f3"", ""occ_485d004b995562ce1af8"", ""occ_493b36a20badbf955773"", ""occ_4b7f25484a89dffa40fb"", ""occ_4c5d019f419dcba3b07e"", ""occ_4c87e63d98d2a581aac2"", ""occ_4c9592b88b09a43a33a0"", ""occ_4e39de016ca02dc92e47"", ""occ_4ef860731d6026cd6065"", ""occ_4f268b39a341da6c5fa7"", ""occ_5023f070f68b45e031e5"", ""occ_50293d2208642fb08491"", ""occ_50ba6375c3cc07717f36"", ""occ_50db804f6d328fa2ad83"", ""occ_51d5540c8d4be113e724"", ""occ_528ab5418804c780dea7"", ""occ_528d07a91f95f82c21f0"", ""occ_52ed4e3f7c9ea002372c"", ""occ_535690076319171bf723"", ""occ_54eccaa74d21e65e1887"", ""occ_55a9cdbe83ce2db94cce"", ""occ_5648c8e881ec227bc2f6"", ""occ_56d9a019e5e2cc95c8d7"", ""occ_57a22f98f685c36ac460"", ""occ_58be3dc9c5dd48911159"", ""occ_5a4410d5a8e419d8e8be"", ""occ_5a69a9c2fd7c94696c55"", ""occ_5a9920de9c03503db6bd"", ""occ_5ae72d67ed0f102f87c2"", ""occ_5cf9f83cc81b877f6ae5"", ""occ_5d4b620da54f9bbf5ca5"", ""occ_5d542e40e72dc9435704"", ""occ_5d5634464d1edaab8838"", ""occ_5de96fd95dea3619cff5"", ""occ_5e0b6ea441f943668601"", ""occ_5e80d60094c3e3dd3a4c"", ""occ_5f11b259d6f958074366"", ""occ_5f8c1038480bf2b63b67"", ""occ_5f8cc24e86291d73c811"", ""occ_5f9c678555d6615beb25"", ""occ_5faa5a3f6bc6ea4aa29e"", ""occ_5fb4666bd4a0a91dd073"", ""occ_6057cdef3aadc3fd6b5b"", ""occ_61093fa8652d172451de"", ""occ_6135a5d44bd601d67cbe"", ""occ_615155ee9a4d01281ef3"", ""occ_618adaa5b80199f84bb0"", ""occ_619820521c006eb851c6"", ""occ_628a7495cd75c83b2dbe"", ""occ_64c490d0be2a9955433c"", ""occ_65068025ace259bf2afd"", ""occ_650ec0cd34749b5f9d68"", ""occ_652090e5c6af9f377711"", ""occ_655903839eea3e13879f"", ""occ_65ebf277eb3cc389ff13"", ""occ_660817eac575afedd6f2"", ""occ_6691d81b93a548c56bc9"", ""occ_6736268bc5d1e0904f80"", ""occ_6845741e952412fd9ad1"", ""occ_68bdbd408ddb5d4dfd46"", ""occ_69545b56a6725d4e371d"", ""occ_6983d12d3dcd6e9a108e"", ""occ_6a1cb12a517ce09d1dc0"", ""occ_6a3eb174fd155936eda2"", ""occ_6a8755ca7cdbe41a89fc"", ""occ_6ae774610e3acab98ad6"", ""occ_6b00c3d10f709ebcbbae"", ""occ_6b57ab4752a117da069e"", ""occ_6b6deae3c7ca09697e6e"", ""occ_6bc23c3948dc19470b1f"", ""occ_6bf5e310d134849030ba"", ""occ_6cc4977168ce9614cd92"", ""occ_6cf13dad1214173ceff6"", ""occ_6d4946fb625a34e05914"", ""occ_6e67b68f1d5b0733aca9"", ""occ_6efb3396a7c0c6f11129"", ""occ_6f94cecb32f28d31c7c3"", ""occ_6ff1782e4431a8f81163"", ""occ_7156b1e30c5cb8237193"", ""occ_716bf974d2370f0f3f51"", ""occ_7176a429fe060ad8b022"", ""occ_71ffd69e7f0d2469a752"", ""occ_7243548b83116bde957f"", ""occ_7280760679e5c9894876"", ""occ_75616e8e1d7f9966470a"", ""occ_75980e30bf3ab084d79f"", ""occ_77f84fe0b9d86caf72cb"", ""occ_7834198e28b2e9ad7d97"", ""occ_7838d7e957bdd445d1d6"", ""occ_78bdbf5309be99c5e825"", ""occ_78e5f8ec9a4b6d1585cf"", ""occ_79055a0e07f38f87bd52"", ""occ_7913cceeffd24391bf16"", ""occ_796edd36576dc4b1eb27"", ""occ_7a79a2643c80acf865c6"", ""occ_7b3686fa80ec8481f899"", ""occ_7be04c09bc87770b0135"", ""occ_7bee730a78a1a67f5328"", ""occ_7e0ed646839b3cbc1273"", ""occ_7e165932dbb041a8e841"", ""occ_7e88ac270d42fa1105af"", ""occ_822ed5060981944e8adb"", ""occ_823b7279ac90ebb9c97c"", ""occ_8274084402e92b073737"", ""occ_829a89c34af3ab63822a"", ""occ_84093c3f6015a8f7cc6c"", ""occ_840b981e08fd12bdf168"", ""occ_846f6e19d795677787c4"", ""occ_847e94df96c721566ca4"", ""occ_858bee8422d77cf66727"", ""occ_85a3085fb45776a68f20"", ""occ_85c59b86847f0a7ba807"", ""occ_860091b884bddca1880b"", ""occ_873bd02f107b58607eed"", ""occ_87412c192e3f863c2d2c"", ""occ_8748e6f025e5db20beda"", ""occ_874b2e7925650e85d392"", ""occ_87bd98ac31cd2de021db"", ""occ_87ca8e88dd9dde8ad944"", ""occ_892a085f97486c888bc1"", ""occ_8a3fd8ef934e17852963"", ""occ_8a46eabdfc5a4f3a85d8"", ""occ_8b88edf16b3fc4c6fd4c"", ""occ_8b9296af26e3e449af11"", ""occ_8bd22e7ddc2406bcfda2"", ""occ_8bf57df3101bf16593bc"", ""occ_8dbc695a3f3c00f6c3f4"", ""occ_8e92ba51ddff5f8aec22"", ""occ_8f58c9fc99cd5678e131"", ""occ_8f6590801ed728724514"", ""occ_8f90c7c88b1a16d604d0"", ""occ_90bd15c3d621e6736e99"", ""occ_912c4d5f28a1e295aeee"", ""occ_916a849313b5c6a562b7"", ""occ_92de297953289325cf7e"", ""occ_930dfa083049fddd84df"", ""occ_932556131f03467904a3"", ""occ_9332dd7563745d223d37"", ""occ_93334a635ebe7d899342"", ""occ_93760d6640ecca0df388"", ""occ_938b4a99ef4c37edf7f6"", ""occ_94976687c2a8bda801a8"", ""occ_94a231a1606c36cc376e"", ""occ_950525a97edc37f2d06b"", ""occ_95cc2041fd0968a58000"", ""occ_9702cd25ae9885591c50"", ""occ_97082c39bcff12735866"", ""occ_97285dee6dbef5b4dd3b"", ""occ_97bab1a54077dfc9ef7e"", ""occ_983a1b23431d8343455f"", ""occ_99193c9ae382b8fd60a2"", ""occ_99592dc2f991580a8ff7"", ""occ_9959efbe7446e1c43d3d"", ""occ_9af22418e41a6183b70c"", ""occ_9c09c1f3585ab9f08567"", ""occ_9d066fecd5f10d29242d"", ""occ_9d80a289e691c7870007"", ""occ_9d8dbe50f7efc99e0862"", ""occ_9dfca1d3d5355ffd557c"", ""occ_9ead5dcbeb67ff18a797"", ""occ_9eb4b243690249272f00"", ""occ_9edebf31c136efbce23b"", ""occ_9fb7fc73ec6e48c1d885"", ""occ_9feffdf29a6a4c973ba4"", ""occ_a04e05e6571c38c8ed7c"", ""occ_a099a721f8cc93d08fc9"", ""occ_a09e588d76ce71afb83e"", ""occ_a17b0b0c38e8a4bcfd34"", ""occ_a2262348347d6e7efbab"", ""occ_a25e5f86c58984aad8d2"", ""occ_a26906db2146790a6be9"", ""occ_a30afc2f25d2e55ff6bf"", ""occ_a4a0ed5725693e2a94b2"", ""occ_a4d11f12eebb9e02720d"", ""occ_a6935acb969fe30395c4"", ""occ_a69fe7b0487bf75f1921"", ""occ_a7e8d8cf8c08d3e939aa"", ""occ_a87709e5df82067b8f39"", ""occ_a8a58dec266d26b5e38a"", ""occ_a8f1bc041b1e9f30874b"", ""occ_ab03da44a6abaf818f6e"", ""occ_ac96629763e009ce8483"", ""occ_ad44da43e8dd8457b34a"", ""occ_ad70416e1905944a69b5"", ""occ_ad806e23c81c242516f9"", ""occ_ade8b4ecc4dd45e431e3"", ""occ_adee93921da5769f9326"", ""occ_ae231ae733d317dac025"", ""occ_aea68d21b362a090aef7"", ""occ_aeb20493ce0b17790d37"", ""occ_aeb3ae8ffb2e25a5b307"", ""occ_af5d1960a9fd9cf98e3a"", ""occ_af9c586bda1c434bcfb6"", ""occ_afea433a691b137a36b9"", ""occ_b0e3f5cde36a5c9094fa"", ""occ_b12343d5b8ea3da0c4da"", ""occ_b148a041723dfa025330"", ""occ_b1d2567a68fe14cce59c"", ""occ_b2972b409f47add4e099"", ""occ_b305ace66b1f0f3be35f"", ""occ_b44c12ae861c8ef24532"", ""occ_b5ad5bcc06bac470c32a"", ""occ_b5beebb624c9ee1c4c26"", ""occ_b637f14defa4e38be6ac"", ""occ_b66977716d6677fc34b0"", ""occ_b89e380e86d51dd3cc2d"", ""occ_b93d58521bf8d4d4663c"", ""occ_b9537061ee4bfa16ae2e"", ""occ_bb1db69eb66b4b478be5"", ""occ_bb43712a217a25132d15"", ""occ_bbac75b9ff16789da49c"", ""occ_bbae3b8e2fa37688844e"", ""occ_bbfa69f92674010c2c6e"", ""occ_bc39e1764a0c667f9fdf"", ""occ_bc52bb3d7dc903bbd00d"", ""occ_bcadbb2a2f0b9da637b4"", ""occ_bdb6d6b5bfe5880e5ea9"", ""occ_bdc523a3b855c0d1b48f"", ""occ_be43748d8d46e7d7ec23"", ""occ_c0be9226a5bcfcf07124"", ""occ_c0c728743ad96fd9527d"", ""occ_c0f68ea9143ce258e92b"", ""occ_c14407829a1fe5040ba7"", ""occ_c164b42f2bf234df5341"", ""occ_c22486c9231fdd1e75a2"", ""occ_c2761116f97ad92759d1"", ""occ_c2be1070daeff5fee1a3"", ""occ_c34c6a25e03adb575b75"", ""occ_c3c8f70ff8171274ed94"", ""occ_c3e16ddb47c9051454a1"", ""occ_c41fd63f87eddc9e5a07"", ""occ_c4a4b91eb4e514de13fe"", ""occ_c4d207bd44121a9da744"", ""occ_c5c48052f0af4c39cec1"", ""occ_c660b16b8cc62ad3bb55"", ""occ_c6ea5418431ce2da2c25"", ""occ_c6f3bb2be56f991e5aea"", ""occ_c7a2664cd6f4def38930"", ""occ_c81b60ee243eb9de6830"", ""occ_c8ed76b4197d3c716d97"", ""occ_ca12bd2281c3b8886b52"", ""occ_ca8a5ddba6ed38e62d02"", ""occ_ca91c59712b6a4c843ed"", ""occ_caa3dcac7335ff73bf57"", ""occ_cb5a3a4e10acde3ccf17"", ""occ_cc24924784ef22cfc0ac"", ""occ_ccf2ff426853f4b41fc2"", ""occ_cd2cd8feed14bd80bdb6"", ""occ_cd3fad10fe2218146f25"", ""occ_cd6079d655f52e87b927"", ""occ_cf2382ca8a21ca933faa"", ""occ_cff7f15fac87856bdd30"", ""occ_d00f481e647fe4f61bd4"", ""occ_d0202ad2082bb68b0592"", ""occ_d02d4d83b93362d1d472"", ""occ_d076b95b8035a5b006fd"", ""occ_d10cc7c62e14e99251c3"", ""occ_d1b9116b00e044b73550"", ""occ_d1e7bb7165a0ccd9180b"", ""occ_d2d219f07f2a9e8877ca"", ""occ_d36e5384f8af4a876464"", ""occ_d49b2b2bca2e3e270a72"", ""occ_d6dc27dfc8a71282c0d5"", ""occ_d6e8bfb80c107d3a776c"", ""occ_d7024f3c507fe4df47fa"", ""occ_d74a48a3716f111b0994"", ""occ_d76ba160beb1832029dd"", ""occ_d7c110587c3631c58e47"", ""occ_d7d4c04fb61ea9f501c2"", ""occ_d7ddd5114599d88c9b36"", ""occ_d848c46fea98307afdde"", ""occ_d8b1159f88f3497355e4"", ""occ_d8c22a236c80fa796b3c"", ""occ_d935cd60f5469b8d59c2"", ""occ_d9f3fff28fa7ebe7203b"", ""occ_d9ff8955ded933f57f3c"", ""occ_da98fbec888c352097ea"", ""occ_dae172ed358bf5e510d7"", ""occ_dba96da4aedb70505c2f"", ""occ_dc536c91b52d8c2bde7d"", ""occ_dd0b93cea83b115908d1"", ""occ_dd0c7847897d5c0a7895"", ""occ_dd2a1afa9251f03f16c8"", ""occ_ddfcb99193f49dd21ad3"", ""occ_dee9001cae05710b23a2"", ""occ_defd06a91fe833e44423"", ""occ_df459bf5cca47de6ff47"", ""occ_e084a4585b54417df410"", ""occ_e08d0989d710cb8cfba2"", ""occ_e0d739bbc4f8cf2f10b2"", ""occ_e10acfc9a22eda094c17"", ""occ_e12abd5077e0ea214efc"", ""occ_e15bbba081e3e7382ac5"", ""occ_e17de7bdfd59615af3d8"", ""occ_e3171c75cccc5714e54a"", ""occ_e49844070f65f1cf4bef"", ""occ_e4ec916a2b2f0df5168b"", ""occ_e521ff892a5ba6459e43"", ""occ_e5c65afff5e5b269b77d"", ""occ_e6731d23e17acb4410a5"", ""occ_e77916e236baaecdc1ec"", ""occ_e7d654530d12ceebb9f3"", ""occ_e93e8e9b77d4bb854412"", ""occ_e9c34d10770c26a39c46"", ""occ_eb36dfa5d9d843685716"", ""occ_ec1faba064d88954db45"", ""occ_ecac18c722154ced9a68"", ""occ_ecc4cbeac82e78db4add"", ""occ_ecf76a2f5cdd8013ae89"", ""occ_ed2d5bb55b9bf680cd4a"", ""occ_eeaff922d9f01b1b05b6"", ""occ_f0369b32fcba29e38075"", ""occ_f0be17d7dc9ec97a13ea"", ""occ_f0ca0f837309b022292d"", ""occ_f1bade53dc133809bb90"", ""occ_f1db61fe393d45703466"", ""occ_f212467b045f73a3744a"", ""occ_f27fdf3971b77eedf360"", ""occ_f2e8cfe6a4a5ae4bcd7a"", ""occ_f322f50c866c33d17603"", ""occ_f406db2807a15db55da6"", ""occ_f4441ff30265f0ebe8e9"", ""occ_f570a7614ae57708bb1d"", ""occ_f58ffc258b9cc9bdbe69"", ""occ_f5cba36b9badc598d683"", ""occ_f5deb324f5aec785bcf9"", ""occ_f65e61b2850a50a1a55c"", ""occ_f6bb1a55865e6ea0f88d"", ""occ_f7c4a214b6bf641290bd"", ""occ_f81e82f298eed1ef6eb8"", ""occ_f833702d22f6238d16f9"", ""occ_f856911ee1f6c406dbe9"", ""occ_fa19b585ad26e5a07692"", ""occ_fb59835f9aa872d2b664"", ""occ_fbd3f5e03ec2040b7397"", ""occ_fc00636db33a19d0aed8"", ""occ_fd27bde5e0f64327f2b4"", ""occ_fd90bdcf48215c8ffe67"", ""occ_fe910c4234b6e7438668"", ""occ_fee7b67389b8b7940f32"", ""occ_fefd68370a26a4003c27"", ""occ_ff8eeefee2fc1599ea08""]",run_1f27e7f7434a9d682f85
term_20d6b4a1cc5307075745,Accidents in waterway transport,measure,0.88,semantic-hybrid,True,title evidence with measure lexical cue,"[""occ_5f8eb80b7e42c67847f1""]",run_1f27e7f7434a9d682f85
term_2c16cafab319d30eed0d,Accidents involving the transport of dangerous goods,measure,0.88,semantic-hybrid,True,title evidence with measure lexical cue,"[""occ_84ff46631dc99865b39e""]",run_1f27e7f7434a9d682f85
term_0f8f9cf7bf3053d8d92c,Accidents involving the transport of dangerous goods - annual data,measure,0.88,semantic-hybrid,True,title evidence with measure lexical cue,"[""occ_c24aa35c783b7a70c4e9""]",run_1f27e7f7434a9d682f85
term_9a046e87cc205a38ebfd,account transactions - primary income,measure,0.88,semantic-hybrid,True,title evidence with measure lexical cue,"[""occ_d1120e7f97b8e62a7f96""]",run_1f27e7f7434a9d682f85
term_94f077008c0572a9fc12,account transactions - primary income: credits,measure,0.88,semantic-hybrid,True,title evidence with measure lexical cue,"[""occ_236f403aa68235f1724c""]",run_1f27e7f7434a9d682f85
term_9adac7eff36b8f5ff44b,"account transactions - primary income: credits, debits",measure,0.88,semantic-hybrid,True,title evidence with measure lexical cue,"[""occ_3ab981bc526a139874f8""]",run_1f27e7f7434a9d682f85
term_d9bb2722982dec92e450,"account transactions - primary income: credits, debits and",measure,0.88,semantic-hybrid,True,title evidence with measure lexical cue,"[""occ_8fde9dfe13b818bbcb9d""]",run_1f27e7f7434a9d682f85
term_33d492cb59136698a60c,"account transactions - primary income: credits, debits and balance",measure,0.88,semantic-hybrid,True,title evidence with measure lexical cue,"[""occ_329c04b53939ead9bf30""]",run_1f27e7f7434a9d682f85
term_264c782947dc24197f74,account transactions - secondary income,measure,0.88,semantic-hybrid,True,title evidence with measure lexical cue,"[""occ_fcf39133503061aff16d""]",run_1f27e7f7434a9d682f85
term_536b57e8e3f59f3a910a,account transactions - secondary income: credits,measure,0.88,semantic-hybrid,True,title evidence with measure lexical cue,"[""occ_87448d3c493cc2eb2afc""]",run_1f27e7f7434a9d682f85
term_fd57e72d270548a46779,"account transactions - secondary income: credits, debits",measure,0.88,semantic-hybrid,True,title evidence with measure lexical cue,"[""occ_8b0409ded6da51d4473b""]",run_1f27e7f7434a9d682f85
term_6300a00f9615304745ae,"account transactions - secondary income: credits, debits and",measure,0.88,semantic-hybrid,True,title evidence with measure lexical cue,"[""occ_3ac6a9aa28867f3ca2d1""]",run_1f27e7f7434a9d682f85
term_9f29f15171bba88877a9,"account transactions - secondary income: credits, debits and balance",measure,0.88,semantic-hybrid,True,title evidence with measure lexical cue,"[""occ_5377de335f707ceca82f""]",run_1f27e7f7434a9d682f85
term_5528fa67425fcb08da82,active population,measure,0.88,semantic-hybrid,True,title evidence with measure lexical cue,"[""occ_4bf2fbcee9c864f48ff0""]",run_1f27e7f7434a9d682f85
term_fa3e7d4b99802b9dfbb1,active population aged 15-24,measure,0.88,semantic-hybrid,True,title evidence with measure lexical cue,"[""occ_e627384b33ecdfb64d97""]",run_1f27e7f7434a9d682f85
term_05e76930e9bf23af3b96,active population aged 15-74,measure,0.88,semantic-hybrid,True,title evidence with measure lexical cue,"[""occ_8dc4a05ebdd8e1ecc8be""]",run_1f27e7f7434a9d682f85
term_6f49a45cf47e9da11f5a,activity and employment,measure,0.88,semantic-hybrid,True,title evidence with measure lexical cue,"[""occ_056e37f38cd1903345e3""]",run_1f27e7f7434a9d682f85
term_5cdd46954bb17460a674,Activity rates (aged 15-64) by sex - ENP-South countries,measure,0.7618139134667714,semantic-hybrid,False,semantic centroid/neighbor measure fallback,"[""occ_b7046a1bd79da4129e9f""]",run_1f27e7f7434a9d682f85
term_baccda007c4368bf4ec1,Activity rates by,measure,0.7898941911057599,semantic-hybrid,False,semantic centroid/neighbor measure fallback,"[""occ_0a56053bb5a698bc26ac""]",run_1f27e7f7434a9d682f85
term_208f9e453a5cf0776d55,Activity rates by sex,measure,0.7946923117713014,semantic-hybrid,False,semantic centroid/neighbor measure fallback,"[""occ_0961eb9ddc144aba347c""]",run_1f27e7f7434a9d682f85
term_9d1e6d1dc97a2765ef6a,Activity rates by sex and,measure,0.7892139390821594,semantic-hybrid,False,semantic centroid/neighbor measure fallback,"[""occ_aa39773611d5cf145f1f""]",run_1f27e7f7434a9d682f85
term_1b53d5d34fb4a47b7fbf,Activity rates by sex and age,measure,0.7901289631101915,semantic-hybrid,False,semantic centroid/neighbor measure fallback,"[""occ_82c12ef9de64be7ac6ff""]",run_1f27e7f7434a9d682f85
term_3499ab978bd6a06711ac,Activity rates by sex and age - ENP-East,measure,0.7926066323511101,semantic-hybrid,False,semantic centroid/neighbor measure fallback,"[""occ_c272c739a0ff8e5fb83b""]",run_1f27e7f7434a9d682f85
term_88ed5c725bfb8e77ac73,Activity rates by sex and age - ENP-East countries,measure,0.7886005818775469,semantic-hybrid,False,semantic centroid/neighbor measure fallback,"[""occ_2345011573fef5484ba4""]",run_1f27e7f7434a9d682f85
term_35f0175e6985681f7e82,"Adjusted disposable income, gross",measure,0.7866637635661334,semantic-hybrid,False,semantic centroid/neighbor measure fallback,"[""occ_0b1657134c7aa806d2f5"", ""occ_17de6000e31fbe9bd2ed"", ""occ_18dc151e141f086793ac"", ""occ_1e95af7d146f6d6fff84"", ""occ_2976dcae028391e5eca7"", ""occ_2a606280194a400bd5ba"", ""occ_2e7a91bcc19c63e6e024"", ""occ_2f03475c96fc871f940a"", ""occ_3160e9e23db454158ffa"", ""occ_3d6dd8c963421c1539d0"", ""occ_40a64f2b6273519f9cac"", ""occ_4139692b7ff901f08b4a"", ""occ_4b864590ed475530da67"", ""occ_51464be56481b0071564"", ""occ_76a0fa16e7718fc48b2b"", ""occ_7b0d2a3c1c9e66b886bf"", ""occ_7b3e401818fb8fac7fd3"", ""occ_7ccd5e3d0b6216d00e4c"", ""occ_84d65c11bce822207d60"", ""occ_8e121a07318eab9ee0af"", ""occ_9658c3551eb56e29ee51"", ""occ_9c4e9c3fbac4ca2a19a0"", ""occ_ab3b7bc9e0fe541fa0c1"", ""occ_ac4dd66005d40e60c4f1"", ""occ_aff220e2a5908ee6e8e3"", ""occ_b38221436ffa09f78953"", ""occ_c65989dc1f9b97249992"", ""occ_d406c9e98ec8db7b063f"", ""occ_d5d8df92c5bacda58d56"", ""occ_d709cae180eebc04f6b0"", ""occ_da8e1882cdc1959df399"", ""occ_dcff07dddeab884c322b"", ""occ_e35a69e3c7571ad6dcd8"", ""occ_e35c2e3c0687a57499a3"", ""occ_e89a4ee05b356dde9e61""]",run_1f27e7f7434a9d682f85
term_499c4b685a5cf652edad,adjusted GDP,measure,0.88,semantic-hybrid,True,title evidence with measure lexical cue,"[""occ_5d1e5ed60285d61d3fe3""]",run_1f27e7f7434a9d682f85
term_0792eeda65ce9b679e3e,adjusted GDP per,measure,0.88,semantic-hybrid,True,title evidence with measure lexical cue,"[""occ_91350bc404d8139d1cef""]",run_1f27e7f7434a9d682f85
term_44acc67e4f926d1b5e33,adjusted GDP per capita,measure,0.88,semantic-hybrid,True,title evidence with measure lexical cue,"[""occ_c38f73f90062739e4dc6""]",run_1f27e7f7434a9d682f85
term_4f5a7f8d29f88a6e8682,Adjusted gross disposable income,measure,0.88,semantic-hybrid,True,title evidence with measure lexical cue,"[""occ_61806139d3fd8809354a"", ""occ_a2329d58f2c092a33d1b""]",run_1f27e7f7434a9d682f85
term_2934796be42448e732c6,Adjusted gross disposable income of,measure,0.88,semantic-hybrid,True,title evidence with measure lexical cue,"[""occ_3d062ed4a2b1e4efc068"", ""occ_964794afe0ac7a4c0b3e""]",run_1f27e7f7434a9d682f85
term_66afc3bf2495fc164a87,Adjusted gross disposable income of households,measure,0.88,semantic-hybrid,True,title evidence with measure lexical cue,"[""occ_0a4654d350a6acd6ed68"", ""occ_862c8682a7ccdf1aa1b2""]",run_1f27e7f7434a9d682f85
term_b58ae6f61e4f2ed5dc81,Adjusted gross disposable income of households per,measure,0.88,semantic-hybrid,True,title evidence with measure lexical cue,"[""occ_6b0ba34a8048576fe973"", ""occ_ce2f7b11f39f3377b8b4""]",run_1f27e7f7434a9d682f85
term_fe683ccab63d544e89b0,Adjusted gross disposable income of households per capita,measure,0.88,semantic-hybrid,True,title evidence with measure lexical cue,"[""occ_54089b3c32604bc8ecfa"", ""occ_ecbdae02684a4a56b989""]",run_1f27e7f7434a9d682f85
term_28537334be6786e5aad6,Adjusted gross disposable income of households per capita in PPS,measure,0.88,semantic-hybrid,True,title evidence with measure lexical cue,"[""occ_6881f8db1e6783273eaa""]",run_1f27e7f7434a9d682f85
term_dd4aa8583ed35ea2e944,"after social transfers, income",measure,0.88,semantic-hybrid,True,title evidence with measure lexical cue,"[""occ_6c1d195da8bcd8622bb6""]",run_1f27e7f7434a9d682f85
term_967bab15f8feaae7c19a,"after social transfers, income per",measure,0.88,semantic-hybrid,True,title evidence with measure lexical cue,"[""occ_5fb9d369d96aad48d1cc""]",run_1f27e7f7434a9d682f85
term_ca970dc7c27d85c4265c,against influenza of population,measure,0.88,semantic-hybrid,True,title evidence with measure lexical cue,"[""occ_fa14a7d041e10e1ae617""]",run_1f27e7f7434a9d682f85
term_f6468db3adfc926b69ab,against influenza of population aged,measure,0.88,semantic-hybrid,True,title evidence with measure lexical cue,"[""occ_966df605636bfbc2113d""]",run_1f27e7f7434a9d682f85
term_c12ba50d3f81c18f0f44,against influenza of population aged 65,measure,0.88,semantic-hybrid,True,title evidence with measure lexical cue,"[""occ_0980db38239a0fec35bc""]",run_1f27e7f7434a9d682f85
term_a5ef9f90719648988729,against influenza of population aged 65 and,measure,0.88,semantic-hybrid,True,title evidence with measure lexical cue,"[""occ_39e2900ebb19f9ca32f8""]",run_1f27e7f7434a9d682f85
term_11028b8d4fd50ad18cb4,against influenza of population aged 65 and over,measure,0.88,semantic-hybrid,True,title evidence with measure lexical cue,"[""occ_3009a5f5df4660e6006b""]",run_1f27e7f7434a9d682f85
term_a0902dc3d11f8b541af7,age group - % over the population,measure,0.88,semantic-hybrid,True,title evidence with measure lexical cue,"[""occ_46d7c1f14d47d58d2b7c""]",run_1f27e7f7434a9d682f85
term_64c1cf01bfce8c62a82e,age group - % over the population of,measure,0.88,semantic-hybrid,True,title evidence with measure lexical cue,"[""occ_ad2f849ede39905983aa""]",run_1f27e7f7434a9d682f85
term_085ebba4da9278183e20,age group - % over the population of each,measure,0.88,semantic-hybrid,True,title evidence with measure lexical cue,"[""occ_eefdad83d507db9b7a5f""]",run_1f27e7f7434a9d682f85
term_5427d4846d9703e0a4af,age group - % over the population of each age,measure,0.88,semantic-hybrid,True,title evidence with measure lexical cue,"[""occ_8b4058d361e143f97c7a""]",run_1f27e7f7434a9d682f85
term_ea344c12eeb3e413288d,age groups - per 1000 of population,measure,0.88,semantic-hybrid,True,title evidence with measure lexical cue,"[""occ_b8923e4942c581ad9c24""]",run_1f27e7f7434a9d682f85
term_f8a923774332721d4ea3,age groups - per 1000 of population aged,measure,0.88,semantic-hybrid,True,title evidence with measure lexical cue,"[""occ_376dd81a40776c9075aa""]",run_1f27e7f7434a9d682f85
term_4e5fbbcc9d81b5dd2847,age groups - per 1000 of population aged 25-34,measure,0.88,semantic-hybrid,True,title evidence with measure lexical cue,"[""occ_2e1be702557b990e3ad4""]",run_1f27e7f7434a9d682f85
term_62d5487bfd68279ffa75,age of women at childbirth,measure,0.88,semantic-hybrid,True,title evidence with measure lexical cue,"[""occ_0f4da81947f6622249e0""]",run_1f27e7f7434a9d682f85
term_76b94557e19b850bd71c,age of women at childbirth and,measure,0.88,semantic-hybrid,True,title evidence with measure lexical cue,"[""occ_5a853c7b87c451f43828""]",run_1f27e7f7434a9d682f85
term_dfab6f489639d8083dc9,age of women at childbirth and at,measure,0.88,semantic-hybrid,True,title evidence with measure lexical cue,"[""occ_eb2ed0c4bce4ea1b4b30""]",run_1f27e7f7434a9d682f85
term_f7a222aecf10a858f32e,age of women at childbirth and at birth,measure,0.88,semantic-hybrid,True,title evidence with measure lexical cue,"[""occ_4e729d10789cd5ba9109""]",run_1f27e7f7434a9d682f85
term_18ae6fdf8179a045c9bf,age population,measure,0.88,semantic-hybrid,True,title evidence with measure lexical cue,"[""occ_0fe4af013727df3cc50a""]",run_1f27e7f7434a9d682f85
term_2763af19491776269de8,aged 15-24) neither in employment,measure,0.88,semantic-hybrid,True,title evidence with measure lexical cue,"[""occ_3ed175129f0b2c5c60e2""]",run_1f27e7f7434a9d682f85
term_f0af8b5a505f2ee20169,aged 15-24) neither in employment nor,measure,0.88,semantic-hybrid,True,title evidence with measure lexical cue,"[""occ_6a5e8f857deab66ebd7e""]",run_1f27e7f7434a9d682f85
term_d6f0d8f5f57bc561b80d,aged 15-24) neither in employment nor in,measure,0.88,semantic-hybrid,True,title evidence with measure lexical cue,"[""occ_b8664b4f0629660b6bef""]",run_1f27e7f7434a9d682f85
term_471a00b583fa9804be00,aged 15-24) neither in employment nor in education,measure,0.88,semantic-hybrid,True,title evidence with measure lexical cue,"[""occ_057fcc7531dfe6242e7f""]",run_1f27e7f7434a9d682f85
term_3b8e500f20f36afa9c7a,Aggregate propensity to consume by activity status of the reference person,measure,0.7735617505515603,semantic-hybrid,False,semantic centroid/neighbor measure fallback,"[""occ_ba53b890eeee33c7675f""]",run_1f27e7f7434a9d682f85
term_3e69ae651db583624d1b,Aggregate propensity to consume by activity status of the reference person - experimental statistics,measure,0.7661619991810779,semantic-hybrid,False,semantic centroid/neighbor measure fallback,"[""occ_cf024061ee2bec2e1bd5""]",run_1f27e7f7434a9d682f85
term_6e6df122f6e934424fbb,Aggregate propensity to consume by degree of urbanisation,measure,0.768505817325103,semantic-hybrid,False,semantic centroid/neighbor measure fallback,"[""occ_2b75ea3f8fd612808d5a""]",run_1f27e7f7434a9d682f85
term_c5b6d6213a3f115d6a9f,Aggregate propensity to consume by degree of urbanisation - experimental statistics,measure,0.7675995856747595,semantic-hybrid,False,semantic centroid/neighbor measure fallback,"[""occ_f180017307a33a10d664""]",run_1f27e7f7434a9d682f85
term_4ee1b5aed0491a1293ae,Aggregate propensity to consume by household type,measure,0.8054624120288988,semantic-hybrid,False,semantic centroid/neighbor measure fallback,"[""occ_39d5b7a7040a37267a59""]",run_1f27e7f7434a9d682f85
term_1b8a9e7e2d011c43ca72,Aggregate propensity to consume by household type - experimental statistics,measure,0.7889519525531205,semantic-hybrid,False,semantic centroid/neighbor measure fallback,"[""occ_a88ff5ff99af0105140e""]",run_1f27e7f7434a9d682f85
term_9f067eb4b547071dc62f,Aggregate propensity to consume by income,measure,0.88,semantic-hybrid,True,title evidence with measure lexical cue,"[""occ_b3e9ddd617b790845381""]",run_1f27e7f7434a9d682f85
term_a8771db3c5fdeaea7553,Aggregate propensity to consume by income quintile,measure,0.88,semantic-hybrid,True,title evidence with measure lexical cue,"[""occ_616aa8c25c99e165c992""]",run_1f27e7f7434a9d682f85
term_8247507a67c7013b8c11,Aggregate propensity to consume by income quintile - experimental,measure,0.88,semantic-hybrid,True,title evidence with measure lexical cue,"[""occ_f2c1e880f1cdf666799e""]",run_1f27e7f7434a9d682f85
term_dd253336ca9a867f3b27,Aggregate propensity to consume by income quintile - experimental statistics,measure,0.88,semantic-hybrid,True,title evidence with measure lexical cue,"[""occ_a4e221b90422d82503e1""]",run_1f27e7f7434a9d682f85
term_4fb179ada2382db6af22,Aggregate replacement ratio for pensions (excluding other social benefits) by sex,measure,0.7804826004660245,semantic-hybrid,False,semantic centroid/neighbor measure fallback,"[""occ_654bf67ca60052a69253"", ""occ_8aa3fd063ec3eb57a83f""]",run_1f27e7f7434a9d682f85
term_d159d1d70a676d86fe50,Agricultural holdings by age of holder,measure,0.88,semantic-hybrid,True,title evidence with measure lexical cue,"[""occ_726d8889cfebd40daa92""]",run_1f27e7f7434a9d682f85
term_0d7a0d04c0ce32966ea7,Agricultural holdings by agricultural area,measure,0.88,semantic-hybrid,True,title evidence with measure lexical cue,"[""occ_c38b2bc7b944ae703531""]",run_1f27e7f7434a9d682f85
term_f2c0c07a0e4bc0b204b8,Agricultural holdings by economic size of the farm (Standard Output in Euro),measure,0.88,semantic-hybrid,True,title evidence with measure lexical cue,"[""occ_c18647d5b6e2c327c671""]",run_1f27e7f7434a9d682f85
term_a7fa27bd2e0cc4478714,agricultural industry - basic and producer prices,measure,0.88,semantic-hybrid,True,title evidence with measure lexical cue,"[""occ_94708ed824c1c1df7c36""]",run_1f27e7f7434a9d682f85
term_f305973d645117b92dee,Agricultural land prices,measure,0.88,semantic-hybrid,True,title evidence with measure lexical cue,"[""occ_6c3cbc605b23d011f615""]",run_1f27e7f7434a9d682f85
term_e6b7b05a1721d2d841d5,Agricultural land prices by,measure,0.88,semantic-hybrid,True,title evidence with measure lexical cue,"[""occ_a2285366589c356992f4""]",run_1f27e7f7434a9d682f85
term_6cc6165729f5e7f40aea,Agricultural land prices by region,measure,0.88,semantic-hybrid,True,title evidence with measure lexical cue,"[""occ_bcbc12880e327229b93e""]",run_1f27e7f7434a9d682f85
term_1e09dc7785342a81f8e1,Agricultural land prices by region - historical,measure,0.88,semantic-hybrid,True,title evidence with measure lexical cue,"[""occ_8f0216dd7945eabc2f96""]",run_1f27e7f7434a9d682f85
term_0e0b3810707546d985d4,Agricultural land prices by region - historical data,measure,0.88,semantic-hybrid,True,title evidence with measure lexical cue,"[""occ_59a1b38faa076944e27d""]",run_1f27e7f7434a9d682f85
term_242af11f95ecc4565c18,Agricultural land renting prices,measure,0.88,semantic-hybrid,True,title evidence with measure lexical cue,"[""occ_2685cad79021655523cf""]",run_1f27e7f7434a9d682f85
term_545c4065601745332c07,Agricultural land renting prices for,measure,0.88,semantic-hybrid,True,title evidence with measure lexical cue,"[""occ_8b0e17ed4d1332a0bede""]",run_1f27e7f7434a9d682f85
term_e4425a67ee9c77f33d0f,Agricultural land renting prices for one,measure,0.88,semantic-hybrid,True,title evidence with measure lexical cue,"[""occ_21a670ea003e68f0f489""]",run_1f27e7f7434a9d682f85
term_bdfb7fbf132cb2662e36,Agricultural land renting prices for one year,measure,0.88,semantic-hybrid,True,title evidence with measure lexical cue,"[""occ_2cd051345fbbbcffc2c0""]",run_1f27e7f7434a9d682f85
term_2cb8f0f4af78abbdc509,Agricultural land renting prices for one year by,measure,0.88,semantic-hybrid,True,title evidence with measure lexical cue,"[""occ_986fd864064fe9ba7357""]",run_1f27e7f7434a9d682f85
term_6f2b02206af9e587fed1,Agricultural land renting prices for one year by region,measure,0.88,semantic-hybrid,True,title evidence with measure lexical cue,"[""occ_b502bcbbaf60dfc40750""]",run_1f27e7f7434a9d682f85
term_e422348de0704bae21cd,Agricultural land renting prices for one year by region - historical data,measure,0.88,semantic-hybrid,True,title evidence with measure lexical cue,"[""occ_ebf8ee6cf6827b54e82c""]",run_1f27e7f7434a9d682f85
term_6451ea3b40ba5dca98b4,agricultural production,measure,0.88,semantic-hybrid,True,title evidence with measure lexical cue,"[""occ_0df87a86cd74cd726777"", ""occ_1a5befc89b6b5ede53f4"", ""occ_1f866721e6313abb036d""]",run_1f27e7f7434a9d682f85
term_c16d3cb8f9c2166ca7fb,Agricultural real factor income,measure,0.88,semantic-hybrid,True,title evidence with measure lexical cue,"[""occ_a6518c74fa4c6f606f2e""]",run_1f27e7f7434a9d682f85
term_d1f5642000661725dc3f,Agricultural real factor income per,measure,0.88,semantic-hybrid,True,title evidence with measure lexical cue,"[""occ_adb60e8cd26ce71c15e5""]",run_1f27e7f7434a9d682f85
term_add827fa476602d065fa,Agricultural real factor income per annual,measure,0.88,semantic-hybrid,True,title evidence with measure lexical cue,"[""occ_6cb4f7e2bbdb2ed62b07""]",run_1f27e7f7434a9d682f85
term_3f2871ac5600e8f17598,Agricultural real factor income per annual work,measure,0.88,semantic-hybrid,True,title evidence with measure lexical cue,"[""occ_2e9bed65fa291990f73d""]",run_1f27e7f7434a9d682f85
term_130f4f699ebfd907a512,Agricultural real factor income per annual work unit,measure,0.88,semantic-hybrid,True,title evidence with measure lexical cue,"[""occ_7ddfd16b65a86a77a908""]",run_1f27e7f7434a9d682f85
term_91ab15d8f699b278f32c,Agricultural real factor income per annual work unit (AWU),measure,0.88,semantic-hybrid,True,title evidence with measure lexical cue,"[""occ_290d9af57d60d8afff06""]",run_1f27e7f7434a9d682f85
term_629fcd2978fb0efa0e4a,"Agriculture; manufacturing; electricity, gas and water supply; construction; wholesale and retail trade; hotels and restaurants; transport; financial intermediation; real estate",measure,0.79432699432875,semantic-hybrid,False,semantic centroid/neighbor measure fallback,"[""occ_014c716a42dc3d84704a"", ""occ_036d53d6b18ec4b5ffae"", ""occ_0912fce1973edb12bab6"", ""occ_0b986d1b5bd3bb01b5c4"", ""occ_1fe4a201aa18031b3103"", ""occ_2cb7533b94ff9a53854b"", ""occ_3178cb3cbdc4c20acf0c"", ""occ_34c489af83157d619ade"", ""occ_51cf6fb6a4421a310d87"", ""occ_5ac9e60e3cef5bfe3693"", ""occ_657536442698ba472eab"", ""occ_667e3d3fd4bd137b4d95"", ""occ_6a0f6798005e1b65571e"", ""occ_788266684ece227b2193"", ""occ_813dbe5c21ae577eb6b1"", ""occ_82e8e4d497ec7d679e4b"", ""occ_84fea6cfc6ae7596ca2f"", ""occ_884da02bcc4b96293bac"", ""occ_8ab04f52a80529e5f0cb"", ""occ_8f9e1990803a57cfc5e4"", ""occ_964002fd1a01a129b4fc"", ""occ_98655fa7feaa58091315"", ""occ_a9ca62766b2db0f5bf0f"", ""occ_ab6f940c543913222a3e"", ""occ_b359c264cfbe2dc074b5"", ""occ_c127ecdbdbaf1ab5154c"", ""occ_dac29c8ae7138d5f6362"", ""occ_ee4172c843174b45a0f1"", ""occ_f1501c4707a70c3b90d5"", ""occ_f45c46ac1601db7c50fd""]",run_1f27e7f7434a9d682f85
term_0b8b296439cb337c826f,Air emissions per sector and per gas,measure,0.7680764637192595,semantic-hybrid,False,semantic centroid/neighbor measure fallback,"[""occ_caa66e7b41abe09aaea1""]",run_1f27e7f7434a9d682f85
term_0b214cfd73ab25abb7b2,Air passenger transport,measure,0.88,semantic-hybrid,True,title evidence with measure lexical cue,"[""occ_dbe8630067864741131e""]",run_1f27e7f7434a9d682f85
term_d2e804e762d250d07c7c,Air passenger transport - ENP-South countries,measure,0.88,semantic-hybrid,True,title evidence with measure lexical cue,"[""occ_e18b0094bfae1db46a18""]",run_1f27e7f7434a9d682f85
term_7dcf76b37479e12f0002,Air transport equipment,measure,0.88,semantic-hybrid,True,title evidence with measure lexical cue,"[""occ_215a5c27247ae0959741""]",run_1f27e7f7434a9d682f85
term_45c3f1dcec8bf74b3b4e,Air transport equipment: number of aircrafts,measure,0.88,semantic-hybrid,True,title evidence with measure lexical cue,"[""occ_b87c63555869d8ad8405""]",run_1f27e7f7434a9d682f85
term_34fd33d58a573e6288b3,Air transport infrastructure,measure,0.88,semantic-hybrid,True,title evidence with measure lexical cue,"[""occ_bef24e4c730c5c40193a"", ""occ_c2eaa3df2fb570f24e56""]",run_1f27e7f7434a9d682f85
term_c9079f249b58f620e9c3,Air transport infrastructure: airports,measure,0.88,semantic-hybrid,True,title evidence with measure lexical cue,"[""occ_61433ee08508aab3cf02""]",run_1f27e7f7434a9d682f85
term_6a711696e7225f1e4d10,Air transport infrastructure: length of paved runways,measure,0.88,semantic-hybrid,True,title evidence with measure lexical cue,"[""occ_925a8090aef9cf593847""]",run_1f27e7f7434a9d682f85
term_a0016567b77ecdefeda9,Air transport of freight by NUTS 2 region,measure,0.88,semantic-hybrid,True,title evidence with measure lexical cue,"[""occ_4b18c857edf585bd0b1c""]",run_1f27e7f7434a9d682f85
term_1051834513fa48bf6daa,Air transport of goods by country (yearly data),measure,0.88,semantic-hybrid,True,title evidence with measure lexical cue,"[""occ_c0379189e032bbd7b5e1""]",run_1f27e7f7434a9d682f85
term_b13910a22b73184ff80d,Air transport of passengers by NUTS 2 region,measure,0.88,semantic-hybrid,True,title evidence with measure lexical cue,"[""occ_80c810cee45b9eef33ea""]",run_1f27e7f7434a9d682f85
term_b847033074daa0b60a7d,Air transport traffic,measure,0.88,semantic-hybrid,True,title evidence with measure lexical cue,"[""occ_4aa6f94bbfaa1c18ec90"", ""occ_63edd6d461b2f5e6985e""]",run_1f27e7f7434a9d682f85
term_54d9b1f4afa97eb30220,Air transport traffic: freight and passengers,measure,0.88,semantic-hybrid,True,title evidence with measure lexical cue,"[""occ_61baae140b30501bd880""]",run_1f27e7f7434a9d682f85
term_50eb0e42cf2464964ee5,Air transport traffic: number of aircraft movements,measure,0.88,semantic-hybrid,True,title evidence with measure lexical cue,"[""occ_15235f7eadcbb0d732e6""]",run_1f27e7f7434a9d682f85
term_fa98930b8e0236118ed4,all employees (excluding apprentices) by employment,measure,0.88,semantic-hybrid,True,title evidence with measure lexical cue,"[""occ_490c797094f100e5fd35""]",run_1f27e7f7434a9d682f85
term_1bab50bee2537067aa5a,all employees (excluding apprentices) by employment contract,measure,0.88,semantic-hybrid,True,title evidence with measure lexical cue,"[""occ_809d43c1d401c27639be""]",run_1f27e7f7434a9d682f85
term_f364c48559f7afa356f6,"an intimate partner, by country of birth",measure,0.88,semantic-hybrid,True,title evidence with measure lexical cue,"[""occ_14825194de751a09f855""]",run_1f27e7f7434a9d682f85
term_f44103e3c835e10c20bf,and age groups - per 1000 of population,measure,0.88,semantic-hybrid,True,title evidence with measure lexical cue,"[""occ_da2dec540466cc2ff2c4""]",run_1f27e7f7434a9d682f85
term_e8fe3d4d278697ef8d0f,and age groups - per 1000 of population aged,measure,0.88,semantic-hybrid,True,title evidence with measure lexical cue,"[""occ_1e97f616b623c3b40b72""]",run_1f27e7f7434a9d682f85
term_fbf4f47069913359fbc1,and construction production,measure,0.88,semantic-hybrid,True,title evidence with measure lexical cue,"[""occ_e6f3f2d7ae572ba8ee58""]",run_1f27e7f7434a9d682f85
term_4e7c43d4bb135c30882b,and construction production volume,measure,0.88,semantic-hybrid,True,title evidence with measure lexical cue,"[""occ_f3d717951ed112c42986""]",run_1f27e7f7434a9d682f85
term_6551a0f96a282628c5fb,and construction production volume index,measure,0.88,semantic-hybrid,True,title evidence with measure lexical cue,"[""occ_0f6ccc957009633bf51c""]",run_1f27e7f7434a9d682f85
term_460784f1593dab82e240,and construction production volume index - calendar,measure,0.88,semantic-hybrid,True,title evidence with measure lexical cue,"[""occ_a717fe9a66114b06dbe6""]",run_1f27e7f7434a9d682f85
term_0890a04dad756b27884d,and construction production volume index - calendar adjusted,measure,0.88,semantic-hybrid,True,title evidence with measure lexical cue,"[""occ_c00ec4c408652143c575""]",run_1f27e7f7434a9d682f85
term_d52f1d5d8094cac63f17,and construction production volume index - calendar adjusted - ENP-East,measure,0.88,semantic-hybrid,True,title evidence with measure lexical cue,"[""occ_4de24277160309eb13d7""]",run_1f27e7f7434a9d682f85
term_292a8b0e829df1ec5687,"and corn-cob-mix by area, production",measure,0.88,semantic-hybrid,True,title evidence with measure lexical cue,"[""occ_7ed9aa8d8183e39152c3""]",run_1f27e7f7434a9d682f85
term_7567bd4c97514b1d86bb,"and corn-cob-mix by area, production and",measure,0.88,semantic-hybrid,True,title evidence with measure lexical cue,"[""occ_129f81073fbf85453b0d""]",run_1f27e7f7434a9d682f85
term_809133541e391c625272,"and corn-cob-mix by area, production and humidity",measure,0.88,semantic-hybrid,True,title evidence with measure lexical cue,"[""occ_a964f21e34d150dd8f5d""]",run_1f27e7f7434a9d682f85
term_49179846a32af03fa033,and country of birth,measure,0.88,semantic-hybrid,True,title evidence with measure lexical cue,"[""occ_1f6d40f0c648a8390aae""]",run_1f27e7f7434a9d682f85
term_e71b9f56bbac566384c4,and crude birth,measure,0.88,semantic-hybrid,True,title evidence with measure lexical cue,"[""occ_20a7452b21c372fbf4d8""]",run_1f27e7f7434a9d682f85
term_426dae8b8c3f4b18f6df,and crude birth rate,measure,0.88,semantic-hybrid,True,title evidence with measure lexical cue,"[""occ_3547833ead45926ac91d""]",run_1f27e7f7434a9d682f85
term_c0ba3805721f2d83f2e8,and crude death,measure,0.88,semantic-hybrid,True,title evidence with measure lexical cue,"[""occ_7a9333fe2a997da18c48""]",run_1f27e7f7434a9d682f85
term_d61c4d969d39fa4b030b,and crude death rate,measure,0.88,semantic-hybrid,True,title evidence with measure lexical cue,"[""occ_3b40d7a62cf6d287f96f""]",run_1f27e7f7434a9d682f85
term_320828b73fa41f46ac26,and development expenditure,measure,0.88,semantic-hybrid,True,title evidence with measure lexical cue,"[""occ_bb2439698d6529e15fd9""]",run_1f27e7f7434a9d682f85
term_31bd6e8cd55050faaa21,and development expenditure by,measure,0.88,semantic-hybrid,True,title evidence with measure lexical cue,"[""occ_1e28b1fa8012330c39d0""]",run_1f27e7f7434a9d682f85
term_328d9fed9bb996dad46e,and development expenditure by sector,measure,0.88,semantic-hybrid,True,title evidence with measure lexical cue,"[""occ_84681022d0691c27f304""]",run_1f27e7f7434a9d682f85
term_2abf4aad31bdefea91b4,and development expenditure by sector of,measure,0.88,semantic-hybrid,True,title evidence with measure lexical cue,"[""occ_a23d9898618aab30dc57""]",run_1f27e7f7434a9d682f85
term_e7ea18fed95fae56f9a7,and development expenditure by sector of performance,measure,0.88,semantic-hybrid,True,title evidence with measure lexical cue,"[""occ_62449fd5abbd18690422""]",run_1f27e7f7434a9d682f85
term_9c279c237f4aca643020,and employment rates,measure,0.88,semantic-hybrid,True,title evidence with measure lexical cue,"[""occ_4f8084b849803df56f24""]",run_1f27e7f7434a9d682f85
term_e9f78a45076b0266bab4,and employment rates (aged,measure,0.88,semantic-hybrid,True,title evidence with measure lexical cue,"[""occ_bfdd7b2a7907db710a94""]",run_1f27e7f7434a9d682f85
term_be90c8b469a49c9b2032,and employment rates (aged 20-64,measure,0.88,semantic-hybrid,True,title evidence with measure lexical cue,"[""occ_8a7d4a70dfbc752bfd04""]",run_1f27e7f7434a9d682f85
term_fae7caeb58fe78fcd3ec,and employment rates (aged 20-64) by,measure,0.88,semantic-hybrid,True,title evidence with measure lexical cue,"[""occ_57e1dafe1c861ae9f8cb""]",run_1f27e7f7434a9d682f85
term_4cafd5f6d1c75739979f,and employment rates (aged 20-64) by sex,measure,0.88,semantic-hybrid,True,title evidence with measure lexical cue,"[""occ_efa1b283a73665be3752""]",run_1f27e7f7434a9d682f85
term_26021ba2bf675a967f21,and employment rates (aged 20-64) by sex - ENP-East,measure,0.88,semantic-hybrid,True,title evidence with measure lexical cue,"[""occ_99655a88912a3bd3861e""]",run_1f27e7f7434a9d682f85
term_3a1bda3ea98a6acd34dd,and employment status,measure,0.88,semantic-hybrid,True,title evidence with measure lexical cue,"[""occ_a1b017dc5b984f7f0480""]",run_1f27e7f7434a9d682f85
term_adeccb75f5d0834def2a,and group of country of birth,measure,0.88,semantic-hybrid,True,title evidence with measure lexical cue,"[""occ_e092549d776a369bbd1d""]",run_1f27e7f7434a9d682f85
term_cb72a65edb7feba6943a,and over - per 1000 of corresponding age population,measure,0.88,semantic-hybrid,True,title evidence with measure lexical cue,"[""occ_0680e0eddc65cd2382a5""]",run_1f27e7f7434a9d682f85
term_7d54d8745279b8d1f3b8,and producer prices,measure,0.88,semantic-hybrid,True,title evidence with measure lexical cue,"[""occ_2a2eaaa1062b07812acb"", ""occ_864129f2556128c1c5de"", ""occ_bdad97bb10a56942aa8a""]",run_1f27e7f7434a9d682f85
term_64a850c0970dcbcfa94e,and protein crops for the production,measure,0.88,semantic-hybrid,True,title evidence with measure lexical cue,"[""occ_9942a5d91f0fdbabb261""]",run_1f27e7f7434a9d682f85
term_a0191d4a252dfa11435b,and protein crops for the production of,measure,0.88,semantic-hybrid,True,title evidence with measure lexical cue,"[""occ_d960b2cd0d1156a45133""]",run_1f27e7f7434a9d682f85
term_bfb11649eef30d95ae9e,and protein crops for the production of grain,measure,0.88,semantic-hybrid,True,title evidence with measure lexical cue,"[""occ_9d0f8298aeccc9b0f3fd""]",run_1f27e7f7434a9d682f85
term_d8ce64cb7934ea86b8d6,and services in % of GDP,measure,0.88,semantic-hybrid,True,title evidence with measure lexical cue,"[""occ_2b7e9bcd7dd1aefcbbc6"", ""occ_50511af555510b4f1f63""]",run_1f27e7f7434a9d682f85
term_e862f9ed58ee127abe3e,"and services, current prices",measure,0.88,semantic-hybrid,True,title evidence with measure lexical cue,"[""occ_54c4c7d4d4c0e72a0ad8""]",run_1f27e7f7434a9d682f85
term_16fc123e751aa616c4b6,and similar income,measure,0.88,semantic-hybrid,True,title evidence with measure lexical cue,"[""occ_bf55ba96dc5a098e4861""]",run_1f27e7f7434a9d682f85
term_0df0de7b6fd3c3d4689d,and similar income by,measure,0.88,semantic-hybrid,True,title evidence with measure lexical cue,"[""occ_07ed7bff357ab3b81177""]",run_1f27e7f7434a9d682f85
term_8d8a53892ece872d848b,and similar income by product,measure,0.88,semantic-hybrid,True,title evidence with measure lexical cue,"[""occ_d13ce43f412993da83a7""]",run_1f27e7f7434a9d682f85
term_9953f4ac5d568f8c3609,and social transfers on income,measure,0.88,semantic-hybrid,True,title evidence with measure lexical cue,"[""occ_5af05db20819dfa09d64""]",run_1f27e7f7434a9d682f85
term_4f7cb39f38ae47850604,and social transfers on income quintile,measure,0.88,semantic-hybrid,True,title evidence with measure lexical cue,"[""occ_b92ce990e1cdc031499d""]",run_1f27e7f7434a9d682f85
term_58c83a18c40f48fbc72f,and social transfers on income quintile share,measure,0.88,semantic-hybrid,True,title evidence with measure lexical cue,"[""occ_a339b963be676d683e54""]",run_1f27e7f7434a9d682f85
term_ef6354b51c6a2d844009,and social transfers on income quintile share ratio,measure,0.88,semantic-hybrid,True,title evidence with measure lexical cue,"[""occ_87e46d869a0b21cdddab""]",run_1f27e7f7434a9d682f85
term_da64931282fa2c7c9188,"and spelt by area, production",measure,0.88,semantic-hybrid,True,title evidence with measure lexical cue,"[""occ_c148111eeba5444ef9e9""]",run_1f27e7f7434a9d682f85
term_364224dc6a02a1d44ec4,"and spelt by area, production and",measure,0.88,semantic-hybrid,True,title evidence with measure lexical cue,"[""occ_23b6f284c283a33b758c""]",run_1f27e7f7434a9d682f85
term_187c41e53cda9f760710,"and spelt by area, production and humidity",measure,0.88,semantic-hybrid,True,title evidence with measure lexical cue,"[""occ_75ef390b7f29ecba919e""]",run_1f27e7f7434a9d682f85
term_b395a9370d2a1549a637,"and spring cereal mixtures by area, production",measure,0.88,semantic-hybrid,True,title evidence with measure lexical cue,"[""occ_b4ca0a794c6c26da01d8""]",run_1f27e7f7434a9d682f85
term_370e5e26a5564d5fcbe2,"and spring cereal mixtures by area, production and",measure,0.88,semantic-hybrid,True,title evidence with measure lexical cue,"[""occ_a9b66b6fe739b0e7bd74""]",run_1f27e7f7434a9d682f85
term_d93185be6e5c5aefc072,and upper-secondary education - as % of total active population,measure,0.88,semantic-hybrid,True,title evidence with measure lexical cue,"[""occ_259ad3ef00ab36c54032""]",run_1f27e7f7434a9d682f85
term_15fa1e09e7783f612a0f,"and winter cereal mixtures by area, production",measure,0.88,semantic-hybrid,True,title evidence with measure lexical cue,"[""occ_d03b20f4e1cc0bad99ce""]",run_1f27e7f7434a9d682f85
term_66119997e721b970e037,"and winter cereal mixtures by area, production and",measure,0.88,semantic-hybrid,True,title evidence with measure lexical cue,"[""occ_4bf7aad638e7afd01d7e""]",run_1f27e7f7434a9d682f85
term_2c2aa987611c42fddda7,and work intensity of the household (population,measure,0.88,semantic-hybrid,True,title evidence with measure lexical cue,"[""occ_227b4f0f7d44b2b5383e""]",run_1f27e7f7434a9d682f85
term_56848472fc55552d775d,and work intensity of the household (population aged,measure,0.88,semantic-hybrid,True,title evidence with measure lexical cue,"[""occ_973f85f4129c557a77de""]",run_1f27e7f7434a9d682f85
term_a110f656e03e67dd599d,and work intensity of the households with income,measure,0.88,semantic-hybrid,True,title evidence with measure lexical cue,"[""occ_17986022c4e1270ace7f""]",run_1f27e7f7434a9d682f85
term_26408b77200929d0bb01,Animal output - basic and producer prices,measure,0.88,semantic-hybrid,True,title evidence with measure lexical cue,"[""occ_6549f7bc0dcda2e57410""]",run_1f27e7f7434a9d682f85
term_edd794e7f705eccf1c2d,annual aggregated data,measure,0.7677843668528657,semantic-hybrid,False,semantic centroid/neighbor measure fallback,"[""occ_e85376c113667e225010"", ""occ_f25e30dc12995d810a7a""]",run_1f27e7f7434a9d682f85
term_558f4a8e9de234d081fa,Annual aquaculture production,measure,0.88,semantic-hybrid,True,title evidence with measure lexical cue,"[""occ_4d8acd97f439c40b7cca""]",run_1f27e7f7434a9d682f85
term_36822b814a5b1e2b3f2c,Annual aquaculture production - live,measure,0.88,semantic-hybrid,True,title evidence with measure lexical cue,"[""occ_6c64b91023922cb62c3e""]",run_1f27e7f7434a9d682f85
term_e2e1c8f4db62d9090db5,Annual aquaculture production - live weight,measure,0.88,semantic-hybrid,True,title evidence with measure lexical cue,"[""occ_9ff81150ebec0a06587b""]",run_1f27e7f7434a9d682f85
term_0968cd34fedd688fdb6e,Annual aquaculture production - live weight in,measure,0.88,semantic-hybrid,True,title evidence with measure lexical cue,"[""occ_13830332f001aaab6297""]",run_1f27e7f7434a9d682f85
term_de9b03884237b6ceb33d,Annual aquaculture production - live weight in tonnes,measure,0.88,semantic-hybrid,True,title evidence with measure lexical cue,"[""occ_fcaa402cca294d319fd3""]",run_1f27e7f7434a9d682f85
term_a530ba27dc83893ab528,Annual average rate of change,measure,0.7762758273694154,semantic-hybrid,False,semantic centroid/neighbor measure fallback,"[""occ_0208b0667d6ae907fb7a"", ""occ_024b56195decbc7c7da7"", ""occ_02aad4b66845746be66e"", ""occ_03c5d3e40e581ee8d997"", ""occ_0567fdeeb8b8fa54dbd9"", ""occ_057d4e6756f2df69e86f"", ""occ_05f18775c534c3c9fad3"", ""occ_074a20941076c05c14bb"", ""occ_07c9abd20acb365a427d"", ""occ_082de8a7a3cc9e0fabcc"", ""occ_082fddcf4b7066864a50"", ""occ_08b6183d50f5ba1f523f"", ""occ_0aa926b8ae479cc92a6c"", ""occ_0e1f6aa4a80c11861725"", ""occ_0e2be65c24d3b4b4d08e"", ""occ_0ecef7128aeb55e4dcb0"", ""occ_102566d8961e86a02f8f"", ""occ_1079b6177c6fc64bd678"", ""occ_1080236c7ace50981355"", ""occ_10e1a47b2184131ce0b5"", ""occ_111389a331c90ee51ff3"", ""occ_1115563b419f3a45fc5a"", ""occ_112b68c820a024461323"", ""occ_127d3252850613c4f101"", ""occ_12c1cfa1b3665ff49ec0"", ""occ_1362997ac5712b6fe4fe"", ""occ_1376744948ba846c0db7"", ""occ_13eb3f168b54f4dc5e21"", ""occ_140618917fdbfff5ba82"", ""occ_17d5a9f999f49dc11531"", ""occ_183b2400f76a89ef7e61"", ""occ_18618b2a092c3a06cf37"", ""occ_18ea6edd561fdf1f2347"", ""occ_192adb5656f734fc6101"", ""occ_197eafe0e327aa5e6c7b"", ""occ_1abbf8e1becd68fcd629"", ""occ_1b20ad995e255a0caab2"", ""occ_1be914060d75ead01758"", ""occ_1bf2391a5e4d6f08b67d"", ""occ_1f7304b8311e4c3e0c3a"", ""occ_1fa45e139d2b2c44d8a1"", ""occ_2057230af4099edcc3e1"", ""occ_207f209652e1a6a7a908"", ""occ_216423748fb11b54e545"", ""occ_2171529d5cc9da982f8f"", ""occ_21f024c41060ea2d7e36"", ""occ_2482632126af60f0a778"", ""occ_2502c9d20ba95d20bfaf"", ""occ_265116e3574aa793b554"", ""occ_2670a4526185b679e396"", ""occ_270ece8a179fcd4c4f3e"", ""occ_2a7c268433e50537016f"", ""occ_2b7aaa7c53d1e7cb6585"", ""occ_2bcee222baf9eb505b1a"", ""occ_2dfe23bee323a2eebb18"", ""occ_2e3c12000c5e19a4cdf3"", ""occ_2e8caee473930598ada5"", ""occ_2fc6e8715cd194e45334"", ""occ_3352b4bdb9a1a291ac38"", ""occ_36e5d7cb7ac4d8222347"", ""occ_387cf91885604640229d"", ""occ_3da513a722aa3511824f"", ""occ_3e0e58955d6fa177f405"", ""occ_3ee0d85680e747aa0cb9"", ""occ_3eff2c5d2b8388a4dde1"", ""occ_414b52223a79a852ce3d"", ""occ_4346527852fe422740ac"", ""occ_4711fb125890f775ed47"", ""occ_47d67782ab2d74428d54"", ""occ_4809892dbb62c409e1e1"", ""occ_489b001cd2a77f6aff03"", ""occ_49729cd6c58a8fe38549"", ""occ_4a553672d74b45cdcc34"", ""occ_4bb1dbf4364685e35005"", ""occ_4ddebb752a90d4fd1f54"", ""occ_4f3bd2c04e721c4f52b7"", ""occ_4ff6a481c65c589c2295"", ""occ_527ce6e413a01cedca43"", ""occ_52db9199f0cca6771c27"", ""occ_533939c4fd8dfda4179a"", ""occ_538c8651888de1a0dbfb"", ""occ_53960ddd7ebf73b50c89"", ""occ_552ff5306107dad5969a"", ""occ_553452a8a446432d8ae9"", ""occ_55880732f6d910b24615"", ""occ_56e61d3a411e81470d87"", ""occ_571f0f4c81bf4af19730"", ""occ_5780b9199e32807cd082"", ""occ_588db2783e4699cab919"", ""occ_5a2464eb944553692b1c"", ""occ_5a4ce45d44d854ab53cd"", ""occ_5a6653031e495ba861ac"", ""occ_5b013500b459f29f1077"", ""occ_5cf2be17ef91778aae8e"", ""occ_5e71bd72419782314055"", ""occ_608ce6c5f36d4c430e74"", ""occ_648b53b045b1d29c710f"", ""occ_663baf1815b42933d492"", ""occ_66da329540f48e8f6ba8"", ""occ_684c1e8adf097d238325"", ""occ_696485a8c2d845237578"", ""occ_6a270a4110967b393edf"", ""occ_6af9f10b3b7c269e831e"", ""occ_719348be85af98b092e5"", ""occ_742946b95347f36f888b"", ""occ_74577b0a0c729fdac621"", ""occ_74b12d9090da7101441a"", ""occ_758f60d1ef8cba1d8496"", ""occ_7ba6ab274852a5f895de"", ""occ_7c19decdc3e41d1b928a"", ""occ_7c535d2e4f9c01014e7e"", ""occ_7d2d5e0ff22333a0a2c1"", ""occ_7e854cb372c10182d638"", ""occ_7ea01766e49fcedde18c"", ""occ_7f1a0789f2e5dd8fa2bc"", ""occ_8051d1ca439e59188390"", ""occ_81abce9b124f0abe7473"", ""occ_823314d8fc8084ded48d"", ""occ_84caa846800a4f3ed504"", ""occ_856c2d85a67d63fac4f6"", ""occ_8695a613703e61f2d310"", ""occ_86dd3b81ec13a9b38cbf"", ""occ_86e3ed591f28027de47b"", ""occ_8702f499c255b8201ea3"", ""occ_87faba164a6faa158282"", ""occ_895d5093a8e0c0123016"", ""occ_89c2e71e50121a65ba5d"", ""occ_8a128f278be28f739b98"", ""occ_8dd48ff736c81f08416f"", ""occ_8ddb152ba746dd76a9a1"", ""occ_8f3a6395efb2db3d524f"", ""occ_8f6868f804227121b8f2"", ""occ_90b94d741de0f19c8e63"", ""occ_912ec234b43094dcdfb3"", ""occ_929148ef06e2e88fa22d"", ""occ_9332bbae644ebc8510f0"", ""occ_93b58460d6841f46efdb"", ""occ_93f01cc076e895a73d5c"", ""occ_95bc2a8e54513c61af49"", ""occ_973f95e8d162a0d867bb"", ""occ_9bcc3ec56b4ca3828f8c"", ""occ_9bf75c3ed1e31635baaa"", ""occ_9ce729b4e559e4fec81b"", ""occ_9d0e5d78fb3b9e210825"", ""occ_9d2f361382ed7c9b7964"", ""occ_9da2ba06332ec88b83e5"", ""occ_9dfe95db3e5d4cc13755"", ""occ_9e5f8577af243d1cf888"", ""occ_9e7a3fc5995fc6b9e518"", ""occ_9ef8a568aec21ea553bf"", ""occ_9fe487275011235aef49"", ""occ_a00a07793a128b1d433e"", ""occ_a2d4b0cbf478acea9aaa"", ""occ_a4dc09335f1eeacc5456"", ""occ_a585f316eedc08887bd4"", ""occ_a67749d980ec117eb43e"", ""occ_a7687ff531701a0f1d10"", ""occ_a9a36f3657424e2c05be"", ""occ_aa111066262a9ccb71dc"", ""occ_aa429deac3c365d40685"", ""occ_abd907f39e556e900c6e"", ""occ_ac37df6977c3139bf942"", ""occ_acd20d37d36911f6c733"", ""occ_aea32f789f00c584d67a"", ""occ_b05626add40348d672a7"", ""occ_b0c00c7f820e3bde716a"", ""occ_b1013b4e208c09424ae6"", ""occ_b1fe9a2b960db5bb1715"", ""occ_b27cf84f72df64daad2e"", ""occ_b5f20e73a2c9aad495b9"", ""occ_ba1aba795c92c3008a9a"", ""occ_bb188fa7b9a46569eca5"", ""occ_bc8126c51df0c196a76f"", ""occ_be9ec955b1950595f834"", ""occ_c3572260da9d39bbf93d"", ""occ_c39e0349bd23ff8f7b3c"", ""occ_c574dfc90902fe5ea344"", ""occ_c656565ea0589fa546bc"", ""occ_cc045d517bf9e14833e8"", ""occ_cc2512259021371b7247"", ""occ_cde36d1b37ec4e7d0efc"", ""occ_d09d8cc70669f37b1a7a"", ""occ_d0cd39d0b546f3c6d93e"", ""occ_d0e69fc13ffa80104fdf"", ""occ_d0ed8354495e2185088c"", ""occ_d216c38348c3bfed2fec"", ""occ_d34313d4667e3380794c"", ""occ_d3e8510d9deb9dd300b8"", ""occ_d5622aab477b6a08cdc4"", ""occ_d7f403ca5069e443cd8a"", ""occ_d8c3a3af8ee0f8b6c146"", ""occ_d93944dc02ff4b8f3a4e"", ""occ_db83b78f52eca658c584"", ""occ_dc3354052b869c00c037"", ""occ_dfd8ed4d2a0c68b047c6"", ""occ_e0cb94c4b52d949d9ffb"", ""occ_e15aec0692b5db63b87b"", ""occ_e23662d7b7f35325b45f"", ""occ_e3385629ff1271384316"", ""occ_e52142ff57a846bca393"", ""occ_e848871b84c8d0ad185e"", ""occ_e87f9f218596e9523d2b"", ""occ_ea6755ae9d988fd2a63c"", ""occ_ec7f3b4e266d72b1081f"", ""occ_ee6b3434dcdd2c023c62"", ""occ_efea40917c49513b00a3"", ""occ_f05be5679c1a8ca72c37"", ""occ_f20ca5e1d6246a704205"", ""occ_f460d75e6828b86955cd"", ""occ_f944b20c493844c6e783"", ""occ_f97be8cdba8a2178a658"", ""occ_fb34ee8d6aa08d411140"", ""occ_fc3af3d58789a71332a5"", ""occ_fdb09d7247bc7f34db3e"", ""occ_fe659e4b729679272aba"", ""occ_fee2a1e9f3ed5262a6f3""]",run_1f27e7f7434a9d682f85
term_76a4cebf661c6ecca4df,"annual averages of quarterly transitions, estimated probabilities",measure,0.7616527474345592,semantic-hybrid,False,semantic centroid/neighbor measure fallback,"[""occ_42b4771c1266c4e2e885"", ""occ_cedee209d6a6b598f061""]",run_1f27e7f7434a9d682f85
term_08daf5eebc86334e6fe1,"annual data, % of GDP",measure,0.88,semantic-hybrid,True,title evidence with measure lexical cue,"[""occ_3e5c42e73bd5cea2180a"", ""occ_c006a3a2460023ad6287"", ""occ_c78582a4f145279e743e"", ""occ_de3aff5226c3d24a831f""]",run_1f27e7f7434a9d682f85
term_dacb7358dd7de53f20d1,"annual data, million units of national currency",measure,0.7639768019351222,semantic-hybrid,False,semantic centroid/neighbor measure fallback,"[""occ_00c66a722527f4890d7d"", ""occ_3d8abb4f3ee3e00184d1"", ""occ_7439485f0e4cae708280"", ""occ_74f5aaa11ceab5b9632c"", ""occ_a5c399d0f8a56cc9e243"", ""occ_b8d34ce2b9d6fb33d50c""]",run_1f27e7f7434a9d682f85
term_67b4de073d0c6330ab02,Annual earnings by economic control (enterprises with 10 employed persons or more),measure,0.795169445330171,semantic-hybrid,False,semantic centroid/neighbor measure fallback,"[""occ_2890894cef81ad63b6dc"", ""occ_685762916c08d4a2935a"", ""occ_da6e9968db15993c9cfe"", ""occ_e49b690f49f718d52ba4""]",run_1f27e7f7434a9d682f85
term_e012724b204aae25aa07,"Annual earnings by economic control (enterprises with 10 employed persons or more) - NACE Rev. 1.1, C-O excluding L",measure,0.7669283413330235,semantic-hybrid,False,semantic centroid/neighbor measure fallback,"[""occ_c94abc9b32199422b4ee""]",run_1f27e7f7434a9d682f85
term_4556ef228a02b76d5abe,Annual earnings by quantiles and contractual working time (enterprises with 10 employed persons or more),measure,0.793489407091823,semantic-hybrid,False,semantic centroid/neighbor measure fallback,"[""occ_2a11567d910ee129af65"", ""occ_7c7dcbb4fd19e5bf91ba"", ""occ_82fc91842f47fecfd1b1"", ""occ_baced589e8417010f3a2""]",run_1f27e7f7434a9d682f85
term_ee434dbf13471413f354,"Annual earnings by quantiles and contractual working time (enterprises with 10 employed persons or more) - NACE Rev. 1.1, C-O excluding L",measure,0.7801327189377769,semantic-hybrid,False,semantic centroid/neighbor measure fallback,"[""occ_a9541be8948de5ab587f""]",run_1f27e7f7434a9d682f85
term_4727953cfd5399889fa4,"Annual earnings by quantiles and contractual working time (enterprises with 10 employed persons or more) - NACE Rev. 2, B-S excluding O",measure,0.7697987450742141,semantic-hybrid,False,semantic centroid/neighbor measure fallback,"[""occ_04e4f91b66191c6f1bc5"", ""occ_69a33f0813700727f4d1"", ""occ_d438c256f9b7440ace0f""]",run_1f27e7f7434a9d682f85
term_302dcbbc5a075fb96626,annual expenditure per student at the tertiary level and primary level,measure,0.88,semantic-hybrid,True,title evidence with measure lexical cue,"[""occ_9219a2965430cd0b51b3""]",run_1f27e7f7434a9d682f85
term_0b726cc42d68480abaaf,Annual growth rate of GDP in volume (constant price) (%),measure,0.7742044982625823,semantic-hybrid,False,semantic centroid/neighbor measure fallback,"[""occ_04a00d1e78bdc9e69739"", ""occ_0ad29e28f727c4d995c5"", ""occ_10e1fa25b1804358f848"", ""occ_1e92febcc382fc380e34"", ""occ_897dab0521d2914f0c19"", ""occ_8b04d6a6d3ade27ebd5a"", ""occ_d239de86b541728bf452"", ""occ_e1a6bb19b2e7c1c2ef7f"", ""occ_e20dbf5a79c80269b8cc""]",run_1f27e7f7434a9d682f85
term_fbbc91e806db4f982f57,Annual net earnings of a full-time single worker without children earning an average wage,measure,0.7827929105633645,semantic-hybrid,False,semantic centroid/neighbor measure fallback,"[""occ_27bc0fd5280fcdb6079f""]",run_1f27e7f7434a9d682f85
term_4d9c23472370bf1de6f2,Annual production,measure,0.88,semantic-hybrid,True,title evidence with measure lexical cue,"[""occ_ba3ee67970df8581c843""]",run_1f27e7f7434a9d682f85
term_3d9cc7d8a0613c670530,Annual production and,measure,0.88,semantic-hybrid,True,title evidence with measure lexical cue,"[""occ_a7d6fb595d80c3a8b1e4""]",run_1f27e7f7434a9d682f85
term_ba36cb12a3e258d41cec,Annual production and utilisation,measure,0.88,semantic-hybrid,True,title evidence with measure lexical cue,"[""occ_79614bc0570857e68b98""]",run_1f27e7f7434a9d682f85
term_f928332ddd8c87059a84,Annual production and utilisation of,measure,0.88,semantic-hybrid,True,title evidence with measure lexical cue,"[""occ_f1004f49ecf6bd07726e""]",run_1f27e7f7434a9d682f85
term_145d9993d22acf10c410,Annual production and utilisation of milk,measure,0.88,semantic-hybrid,True,title evidence with measure lexical cue,"[""occ_69e67b371dc47c2e6daa""]",run_1f27e7f7434a9d682f85
term_cf9058632fab8180194a,Annual production and utilisation of milk on,measure,0.88,semantic-hybrid,True,title evidence with measure lexical cue,"[""occ_d49c6cd5102e53305823""]",run_1f27e7f7434a9d682f85
term_9a4d73dc45068cf5eea5,Annual production and utilisation of milk on the,measure,0.88,semantic-hybrid,True,title evidence with measure lexical cue,"[""occ_7c1142a0afb9653048ac""]",run_1f27e7f7434a9d682f85
term_e327dc97a9636e3ea46d,Annual production and utilisation of milk on the farm,measure,0.88,semantic-hybrid,True,title evidence with measure lexical cue,"[""occ_5a421c4527094a05d8ce""]",run_1f27e7f7434a9d682f85
term_edbf4b98363557fc84f0,"any perpetrator, by country of birth",measure,0.88,semantic-hybrid,True,title evidence with measure lexical cue,"[""occ_adeb328301c95b9c9e14""]",run_1f27e7f7434a9d682f85
term_ef301d8b5e9714f99089,apprentices) by employment,measure,0.88,semantic-hybrid,True,title evidence with measure lexical cue,"[""occ_1662e7985cb0237be587""]",run_1f27e7f7434a9d682f85
term_2b9ff1d97d9c922245a6,apprentices) by employment contract,measure,0.88,semantic-hybrid,True,title evidence with measure lexical cue,"[""occ_a9e2fa73da451b450f81""]",run_1f27e7f7434a9d682f85
term_5cddfd4ee32f411c2a8e,Aquaculture production,measure,0.88,semantic-hybrid,True,title evidence with measure lexical cue,"[""occ_1243c4b110efa7573b01"", ""occ_ec7dd5c91613e3ee4789"", ""occ_ffcec7e788b0644be6d3""]",run_1f27e7f7434a9d682f85
term_f9e0451f5162d166cff7,aquaculture production - live,measure,0.88,semantic-hybrid,True,title evidence with measure lexical cue,"[""occ_6cc87683abad0da48137""]",run_1f27e7f7434a9d682f85
term_f0d5fd786b583e316229,aquaculture production - live weight,measure,0.88,semantic-hybrid,True,title evidence with measure lexical cue,"[""occ_808824801522ec97f6ef""]",run_1f27e7f7434a9d682f85
term_33fb3486b3c3d2b6cfd7,aquaculture production - live weight in,measure,0.88,semantic-hybrid,True,title evidence with measure lexical cue,"[""occ_e8f66c78035ffa61a0ce""]",run_1f27e7f7434a9d682f85
term_3d77f2d0af74aaed4f9a,aquaculture production - live weight in tonnes,measure,0.88,semantic-hybrid,True,title evidence with measure lexical cue,"[""occ_82016e0c69d93078e724""]",run_1f27e7f7434a9d682f85
term_16ee6bbe8c8aaeb6ff1d,Aquaculture production by,measure,0.88,semantic-hybrid,True,title evidence with measure lexical cue,"[""occ_fa55e539ff938b06f6dc""]",run_1f27e7f7434a9d682f85
term_175c619a92eb144b2923,Aquaculture production by aquatic,measure,0.88,semantic-hybrid,True,title evidence with measure lexical cue,"[""occ_789e025d0a3d9711eda7""]",run_1f27e7f7434a9d682f85
term_c8cbf667c7ff9a10e81f,Aquaculture production by aquatic environment,measure,0.88,semantic-hybrid,True,title evidence with measure lexical cue,"[""occ_9e44c7817f0a921fffc0""]",run_1f27e7f7434a9d682f85
term_cbafae87f1b6f674b7e4,Aquaculture production by aquatic environment - ENP-South,measure,0.88,semantic-hybrid,True,title evidence with measure lexical cue,"[""occ_6536df01c21ae61092bd""]",run_1f27e7f7434a9d682f85
term_99a7a01d09d96b6d97c9,Aquaculture production by aquatic environment - ENP-South countries,measure,0.88,semantic-hybrid,True,title evidence with measure lexical cue,"[""occ_ecadeeb2add023bd3817""]",run_1f27e7f7434a9d682f85
term_34e2e49beea81536e8d6,Aquaculture production in,measure,0.88,semantic-hybrid,True,title evidence with measure lexical cue,"[""occ_9dcbe1b780d75f17c4f0""]",run_1f27e7f7434a9d682f85
term_cc058c918f785200386b,Aquaculture production in tonnes,measure,0.88,semantic-hybrid,True,title evidence with measure lexical cue,"[""occ_b520940da2d6bdb44429""]",run_1f27e7f7434a9d682f85
term_9ec1cc83febf61330d25,Aquaculture production in tonnes and,measure,0.88,semantic-hybrid,True,title evidence with measure lexical cue,"[""occ_6e3210f9dd57df2502e4""]",run_1f27e7f7434a9d682f85
term_7789a973297e4d885e32,Aquaculture production in tonnes and value,measure,0.88,semantic-hybrid,True,title evidence with measure lexical cue,"[""occ_95da98184fbf47135819""]",run_1f27e7f7434a9d682f85
term_cbae8c5975b8979c81c3,"area, production",measure,0.88,semantic-hybrid,True,title evidence with measure lexical cue,"[""occ_060f0d1f05b3e0ea06d1""]",run_1f27e7f7434a9d682f85
term_699121396b2ed5f7ac48,"area, production and",measure,0.88,semantic-hybrid,True,title evidence with measure lexical cue,"[""occ_0c3de9f0cd6a702c22e6""]",run_1f27e7f7434a9d682f85
term_a54763ce1065b0e540fa,"area, production and humidity",measure,0.88,semantic-hybrid,True,title evidence with measure lexical cue,"[""occ_d3bf86e24a11e8793231""]",run_1f27e7f7434a9d682f85
term_7ee9002f8ecfc6a11799,Arrears on non-housing bills by income,measure,0.88,semantic-hybrid,True,title evidence with measure lexical cue,"[""occ_1939ee188414ea5a4114""]",run_1f27e7f7434a9d682f85
term_1ea0302f0e6ecab11f29,Arrears on non-housing bills by income quintile,measure,0.88,semantic-hybrid,True,title evidence with measure lexical cue,"[""occ_4aefbd195a0533bcea24""]",run_1f27e7f7434a9d682f85
term_cd80c18061bd715461f2,as % of the population of the corresponding,measure,0.88,semantic-hybrid,True,title evidence with measure lexical cue,"[""occ_58a29e5579c65b83fbf6"", ""occ_8e2cef4e546bac12f664"", ""occ_f9e1a9dcb1bc6b564740"", ""occ_fc6a3c523442a3f0beb2""]",run_1f27e7f7434a9d682f85
term_a66e5a24f4ba2094a4f6,as % of the population of the corresponding age group,measure,0.88,semantic-hybrid,True,title evidence with measure lexical cue,"[""occ_2b4166c35f72b1ee95d0"", ""occ_d0b97d5f067961cb9799"", ""occ_f1d956c06e253bacdb92""]",run_1f27e7f7434a9d682f85
term_993a0d200b28c5bc7e1f,as % of the total population,measure,0.88,semantic-hybrid,True,title evidence with measure lexical cue,"[""occ_cb6e1a2c0fbd8a34315d""]",run_1f27e7f7434a9d682f85
term_f1cc9346fe3bc045ed5a,as % of the total population of,measure,0.88,semantic-hybrid,True,title evidence with measure lexical cue,"[""occ_88f29e4b80ae1816f7d2""]",run_1f27e7f7434a9d682f85
term_02fc11083dcda6c28c46,as % of the total population of post-compulsory,measure,0.88,semantic-hybrid,True,title evidence with measure lexical cue,"[""occ_00c51ee9598f0bb8489f""]",run_1f27e7f7434a9d682f85
term_ca2d6daa1d2a83bea94e,as % of the total population of post-compulsory school,measure,0.88,semantic-hybrid,True,title evidence with measure lexical cue,"[""occ_2a9717a52d07ea9ea878""]",run_1f27e7f7434a9d682f85
term_e1eb350cc06d0a62981f,as % of the total population of post-compulsory school age,measure,0.88,semantic-hybrid,True,title evidence with measure lexical cue,"[""occ_2568fd4912b5c4560192""]",run_1f27e7f7434a9d682f85
term_7c168de392caf7078752,as % of total active population,measure,0.88,semantic-hybrid,True,title evidence with measure lexical cue,"[""occ_49ffecd386c30afe7a1a""]",run_1f27e7f7434a9d682f85
term_e1602b3139cef5deb9f9,as % of total or current expenditure,measure,0.88,semantic-hybrid,True,title evidence with measure lexical cue,"[""occ_d241df1b0ec8e79b5a52""]",run_1f27e7f7434a9d682f85
term_70fbc6c91624609e107f,as % of total public expenditure,measure,0.88,semantic-hybrid,True,title evidence with measure lexical cue,"[""occ_4eb7778c63449d84de2d""]",run_1f27e7f7434a9d682f85
term_3c5a6bbf36b0109be28b,as a share of GDP,measure,0.88,semantic-hybrid,True,title evidence with measure lexical cue,"[""occ_848e0dcb113458220290""]",run_1f27e7f7434a9d682f85
term_b6a6222f880176b52fc4,as share of gross national income,measure,0.88,semantic-hybrid,True,title evidence with measure lexical cue,"[""occ_fddb9a6b1fa362a8b97a""]",run_1f27e7f7434a9d682f85
term_03c271f635184970c4c9,Assets - positions at the end of period,measure,0.7862593473124635,semantic-hybrid,False,semantic centroid/neighbor measure fallback,"[""occ_04a1c0acdbb60f643c82"", ""occ_067cec33b6f0276bddb4"", ""occ_06a674bb11764b0a9767"", ""occ_0846515c0f189192ede4"", ""occ_0d87224e80f2f0b682f6"", ""occ_0dea6837a7cfd5dfa8d7"", ""occ_0e3a50204434468e9163"", ""occ_0f0b46fedb78a2d50126"", ""occ_10e26be2a92eef73a734"", ""occ_13793b6b1d296c7750df"", ""occ_163a532ebf55db7c598e"", ""occ_17a8a31cf165b2b9f352"", ""occ_1a186913b7ee0d276731"", ""occ_220f51d255b7a0087411"", ""occ_22e9cbed4819ab8ca256"", ""occ_23a1eb2438b602a224ff"", ""occ_24b6b96deaaaeb7bdfb0"", ""occ_2606e4167250f5559f55"", ""occ_2648677a4ba821502757"", ""occ_26557efb41056ea61150"", ""occ_2846e9feceb6151d9fba"", ""occ_2c655f262ed6c1404d49"", ""occ_2ccdedd222beb8c6b2e0"", ""occ_31ce1df7bcba3c0ae721"", ""occ_348a38c20fca11836589"", ""occ_34916e0083c5c3db5964"", ""occ_39c477c476bd3adc5668"", ""occ_3b6340fc79ae86108354"", ""occ_3bc95a7812762d0e84f3"", ""occ_3c8e258761b04fb2c51b"", ""occ_3f153064f09cfb6fc235"", ""occ_3f3a2f7781b21d67584b"", ""occ_3f664c15bbd58e50008a"", ""occ_4169eec08acc75a8ffd7"", ""occ_417134377daef4d08b6a"", ""occ_47888736832e06cd9a19"", ""occ_47e1b7ac52fa64349cb6"", ""occ_482d475b70e0a6564d0f"", ""occ_48dbf5496c0f0c95bf6a"", ""occ_4a0917635b6123f30fa6"", ""occ_4b4c0295f81e1a814a12"", ""occ_4b7e294a3620b28d30f1"", ""occ_514e9d96fdb8d5379553"", ""occ_556c867eed71bee988b2"", ""occ_58f90669abdc7c8ba5ea"", ""occ_5d44a2b12a147c4d9490"", ""occ_5fdce24296e57cf517fd"", ""occ_6214679bbd12d99f21d1"", ""occ_6374ff9ccc2e14a80681"", ""occ_64a2448ac0d4c460e5a7"", ""occ_64a51e6d2f1dc3b71d52"", ""occ_65b25b3b507d1ba6ec7d"", ""occ_67006e30bf8fc1be8fdf"", ""occ_68841a2536d27da3fc70"", ""occ_6ac1283989f134b2ddd3"", ""occ_6e0d057cb26d3b09bc79"", ""occ_6f43b8f15897ad00fdca"", ""occ_6f999b7f81eaa734a4c0"", ""occ_71f23f59f0a64d4d6c54"", ""occ_7243fc8e2a3f83465295"", ""occ_741dbafe79afdf04a0d1"", ""occ_77705da95eb34844b166"", ""occ_7cc0f2c3e7522db31801"", ""occ_7eb73d5656846ae3ef2a"", ""occ_85dc43812ea0ff166663"", ""occ_8c9814cc38f4f71a6047"", ""occ_8d285fcb5d92fe7936e6"", ""occ_8fffaa70ba6bc1695d54"", ""occ_96b59bcc11735a1b4c16"", ""occ_9bdb3781f0a3ef156790"", ""occ_9ccf94dd48a69e83c2af"", ""occ_a35fae756eea33c6b540"", ""occ_a4f2ed8c6b61ebc22f00"", ""occ_a9006ae73ab2da58dee3"", ""occ_aa769ad81e01c486ad31"", ""occ_ac8d61d64e39f4905514"", ""occ_afe9b0f1b4177440e992"", ""occ_b0661ec108a541d8963f"", ""occ_b0af92688da50db4eb21"", ""occ_b17805d9761815e14923"", ""occ_b3eccab4b192bea5b685"", ""occ_b81817424494f94277da"", ""occ_c328885749fd2e9cf871"", ""occ_c34e136551407840235c"", ""occ_c3df258d02d1ef0dabe1"", ""occ_c569777e9aeb56581173"", ""occ_c659343d3049332bc3b8"", ""occ_c6f0250c2ce5ccf942c3"", ""occ_c7520001aa5473941954"", ""occ_c82c91a2bd82f104271b"", ""occ_c87c0dabb16441e38ab9"", ""occ_c92691afe301f8d8461b"", ""occ_d8e64cf88430b2d29d3d"", ""occ_dfacfa769d4a5497f224"", ""occ_e0abccfd1ecb134d2d9e"", ""occ_e443382e7abb7eabfae0"", ""occ_e7f2e262bb2e41e03c82"", ""occ_e80b2b121cd02a7dad0c"", ""occ_e84d505ca5b97ae1cee4"", ""occ_eaa89cf136e0ba766871"", ""occ_ec7f6bd1df072411a61c"", ""occ_ed9ff43c057653782bee"", ""occ_efe19fe52f8333f81922"", ""occ_f20cca84c39236da1efd"", ""occ_f28039234c968c2c78d0"", ""occ_f9ca5706d90b309e3e33"", ""occ_fb3d8672e59359b6646d"", ""occ_fcedd9477ab23971d59e""]",run_1f27e7f7434a9d682f85
term_11ef93cfd334e7bfd6b3,assistance as share of gross national income,measure,0.88,semantic-hybrid,True,title evidence with measure lexical cue,"[""occ_07cd8c878872364413cf""]",run_1f27e7f7434a9d682f85
term_ee1aa97e38c76a2b7cd6,Asylum applicants by type - annual aggregated data,measure,0.766767087907638,semantic-hybrid,False,semantic centroid/neighbor measure fallback,"[""occ_d1c084bb3a2d04bd6b41""]",run_1f27e7f7434a9d682f85
term_913d9caf39bde1df5232,Asylum applicants by type - monthly data,measure,0.7642135845634929,semantic-hybrid,False,semantic centroid/neighbor measure fallback,"[""occ_78ea317a6564c5a0f7ec""]",run_1f27e7f7434a9d682f85
term_14da17900dc7b9bf4d51,at birth by sex,measure,0.88,semantic-hybrid,True,title evidence with measure lexical cue,"[""occ_0640e93a0dad917a9b9b"", ""occ_2356066fb08c97bcf5f9"", ""occ_4023b8dccac66da1a414"", ""occ_c1a92886917cb38e886c"", ""occ_e65134c0444350d7544b""]",run_1f27e7f7434a9d682f85
term_f8b3b9e515f7de6e0aa7,at birth by sex - ENP-South,measure,0.88,semantic-hybrid,True,title evidence with measure lexical cue,"[""occ_6a9b5694b0b36b3f0356""]",run_1f27e7f7434a9d682f85
term_9bbf0abaee81e95cc7a3,at current prices,measure,0.88,semantic-hybrid,True,title evidence with measure lexical cue,"[""occ_44e9b6bb0b3ed3630bae""]",run_1f27e7f7434a9d682f85
term_89970c27519dde502bd8,at market prices,measure,0.88,semantic-hybrid,True,title evidence with measure lexical cue,"[""occ_0e3381bb4e9530eeadfc"", ""occ_6256918c4ed0284ff3ca"", ""occ_81d5da1faba23a492da3""]",run_1f27e7f7434a9d682f85
term_bea25ed2f967b08b36c6,at market prices - ENP-East,measure,0.88,semantic-hybrid,True,title evidence with measure lexical cue,"[""occ_cadaed3e6735b9edef5a""]",run_1f27e7f7434a9d682f85
term_d06a6df9ff14c211f71f,at market prices - ENP-East countries,measure,0.88,semantic-hybrid,True,title evidence with measure lexical cue,"[""occ_72705697b9adfb471e58""]",run_1f27e7f7434a9d682f85
term_84367ea39d71cffece69,at market prices - ENP-South,measure,0.88,semantic-hybrid,True,title evidence with measure lexical cue,"[""occ_95181fae07e208b160a2""]",run_1f27e7f7434a9d682f85
term_633b27d36c84ea822a49,at market prices - ENP-South countries,measure,0.88,semantic-hybrid,True,title evidence with measure lexical cue,"[""occ_1bc574bb8bb755137690""]",run_1f27e7f7434a9d682f85
term_f150f3558b02ccb83c71,at primary level by sex - % of the population,measure,0.88,semantic-hybrid,True,title evidence with measure lexical cue,"[""occ_3c8a62ab53d006098662"", ""occ_b86d59c61fc2daeefd1a"", ""occ_e858e3c07568f7bc6adf""]",run_1f27e7f7434a9d682f85
term_37bafe12d31146c9b4af,At risk-of-poverty rate for the population,measure,0.88,semantic-hybrid,True,title evidence with measure lexical cue,"[""occ_019b7ca967aad4f4e07d""]",run_1f27e7f7434a9d682f85
term_1821856057ab1c5e53c6,At risk-of-poverty rate for the population living,measure,0.88,semantic-hybrid,True,title evidence with measure lexical cue,"[""occ_caa61998025058130588""]",run_1f27e7f7434a9d682f85
term_7d126ea49697ae37320d,At risk-of-poverty rate for the population living in,measure,0.88,semantic-hybrid,True,title evidence with measure lexical cue,"[""occ_d04e8837999dd9125318""]",run_1f27e7f7434a9d682f85
term_b24eebc0b3af6b6b4aa0,At risk-of-poverty rate for the population living in (quasi-)jobless households,measure,0.88,semantic-hybrid,True,title evidence with measure lexical cue,"[""occ_45bf5b16cdb715570f1d""]",run_1f27e7f7434a9d682f85
term_f65f33a6c63ce4b5772f,At-risk of poverty rate of unemployed persons,measure,0.7633219006159712,semantic-hybrid,False,semantic centroid/neighbor measure fallback,"[""occ_b904c271be396a9df088""]",run_1f27e7f7434a9d682f85
term_28e9c87c3ef0a0c84b12,at-risk-of poverty rate by,measure,0.7619069261326052,semantic-hybrid,False,semantic centroid/neighbor measure fallback,"[""occ_667a420db58f07bd9245"", ""occ_814112cab2aebd8bfe1a"", ""occ_e424ed383b12a29e7ee0"", ""occ_ffb629a15c4953623d96""]",run_1f27e7f7434a9d682f85
term_67f86ddd54df689aa064,at-risk-of poverty rate by age,measure,0.7680813403247603,semantic-hybrid,False,semantic centroid/neighbor measure fallback,"[""occ_b45e22d969851e0e1d62""]",run_1f27e7f7434a9d682f85
term_70b04d8cf07aea7f5f15,at-risk-of poverty rate by age group,measure,0.7626409691285597,semantic-hybrid,False,semantic centroid/neighbor measure fallback,"[""occ_b90d7c2b506e84ff2667""]",run_1f27e7f7434a9d682f85
term_9f7a4c718d0059ca49cc,at-risk-of poverty rate by age group - EU-SILC,measure,0.7612678713856589,semantic-hybrid,False,semantic centroid/neighbor measure fallback,"[""occ_132441323f92c07b957f""]",run_1f27e7f7434a9d682f85
term_004187e10fb62a2abe6c,At-risk-of poverty rate by household,measure,0.7690281253210839,semantic-hybrid,False,semantic centroid/neighbor measure fallback,"[""occ_e2cf7a48027f2a76936d""]",run_1f27e7f7434a9d682f85
term_aecb492ff206f32a2040,At-risk-of poverty rate by household type,measure,0.7798872255535979,semantic-hybrid,False,semantic centroid/neighbor measure fallback,"[""occ_dec4a91b70dd38ca7c7f""]",run_1f27e7f7434a9d682f85
term_be0fd22c9c6fdacd3850,At-risk-of poverty rate by household type - EU-SILC,measure,0.7719238106238395,semantic-hybrid,False,semantic centroid/neighbor measure fallback,"[""occ_9971df91bb4b687e105a""]",run_1f27e7f7434a9d682f85
term_b645ef69654c740da4ec,at-risk-of poverty rate by sex,measure,0.7675796136580575,semantic-hybrid,False,semantic centroid/neighbor measure fallback,"[""occ_d27d9d4536c4565c830e""]",run_1f27e7f7434a9d682f85
term_45b0d8daaa472461c793,at-risk-of poverty rate by sex - EU-SILC,measure,0.7680602547859757,semantic-hybrid,False,semantic centroid/neighbor measure fallback,"[""occ_19f29c2e74931f6c0cac""]",run_1f27e7f7434a9d682f85
term_c3bf1da0f3cea55b07f2,At-risk-of poverty rate for,measure,0.7606706487781739,semantic-hybrid,False,semantic centroid/neighbor measure fallback,"[""occ_3dd2d133a9eb0d8af993"", ""occ_41009609e33313345ead"", ""occ_4c6fd91cf1627b50cd7b"", ""occ_75d4d3375df343a22c67"", ""occ_d68f6cb3b75bcf10a9e1""]",run_1f27e7f7434a9d682f85
term_3d5fe48dc98bb437375c,At-risk-of poverty rate for adults,measure,0.7728359548346847,semantic-hybrid,False,semantic centroid/neighbor measure fallback,"[""occ_7957ce8b0649458d3fbf"", ""occ_be40824eca5d42bdcac1""]",run_1f27e7f7434a9d682f85
term_d9b92fb86bc9f650bd91,At-risk-of poverty rate for children (aged less than 18) by sex,measure,0.7669798464356751,semantic-hybrid,False,semantic centroid/neighbor measure fallback,"[""occ_c9084ffcdb1951c3db75""]",run_1f27e7f7434a9d682f85
term_6344e0456def1c9ee015,At-risk-of poverty rate for children by citizenship of their parents (population aged 0 to 17),measure,0.88,semantic-hybrid,True,title evidence with measure lexical cue,"[""occ_f53388b83b08b96d850b""]",run_1f27e7f7434a9d682f85
term_213859f5d72fd3eaad3d,At-risk-of poverty rate for children by country of birth of their parents (population aged 0 to 17),measure,0.88,semantic-hybrid,True,title evidence with measure lexical cue,"[""occ_134c002235bbfb5d9ce2""]",run_1f27e7f7434a9d682f85
term_b79d915fc475716536ce,At-risk-of-poverty rate,measure,0.7623708319697188,semantic-hybrid,False,semantic centroid/neighbor measure fallback,"[""occ_1df9208a3b94fcb7c64d"", ""occ_1f1d19967402e41e5012"", ""occ_27a4d78052bff4cfacda"", ""occ_2d9fc6caa8966773d4bd"", ""occ_5ef88a113f70a2480ef2"", ""occ_6255707b2e2ecde697ad"", ""occ_66c53dd3d1dea673b1c2"", ""occ_97e23f59e2f9b5c6cccf"", ""occ_9f26adf774e2cb9d2420"", ""occ_a298b09c7d0e0fadf98b"", ""occ_a514e5167a8e34221c9e"", ""occ_a750ec95c08c625f4217"", ""occ_ca5022c7bdee6c6e36e8"", ""occ_ca5c4f0d300fed63f927"", ""occ_d03111547119ab2543a2"", ""occ_d966fcbbb8c34a1ae4b3""]",run_1f27e7f7434a9d682f85
term_aa467709aece71079713,At-risk-of-poverty rate after deducting,measure,0.7631303228557345,semantic-hybrid,False,semantic centroid/neighbor measure fallback,"[""occ_c9af9bd4bbe8c2545f4d""]",run_1f27e7f7434a9d682f85
term_9d8a84de33526a040a85,At-risk-of-poverty rate after deducting housing,measure,0.7621211167459211,semantic-hybrid,False,semantic centroid/neighbor measure fallback,"[""occ_fabeda4c5f3ba1af0d75""]",run_1f27e7f7434a9d682f85
term_fe472ad6eb75c95d5f5e,At-risk-of-poverty rate after deducting housing costs,measure,0.7621674656314609,semantic-hybrid,False,semantic centroid/neighbor measure fallback,"[""occ_6fe9ed660627d90f0cae""]",run_1f27e7f7434a9d682f85
term_720a97525ec4bb887432,At-risk-of-poverty rate after deducting housing costs by,measure,0.7643977146185427,semantic-hybrid,False,semantic centroid/neighbor measure fallback,"[""occ_d0f282759d3346af4193""]",run_1f27e7f7434a9d682f85
term_9da69fd417f4ac7fee43,At-risk-of-poverty rate after deducting housing costs by degree,measure,0.7641694161532155,semantic-hybrid,False,semantic centroid/neighbor measure fallback,"[""occ_11317a9c52e04b3e3077""]",run_1f27e7f7434a9d682f85
term_3d860172f7dc48c5a7fa,At-risk-of-poverty rate after deducting housing costs by degree of urbanisation,measure,0.7716099790770529,semantic-hybrid,False,semantic centroid/neighbor measure fallback,"[""occ_d392bfbc5d982a9a26b2""]",run_1f27e7f7434a9d682f85
term_87c036439baf1728ae36,At-risk-of-poverty rate after social transfers,measure,0.7660442860147187,semantic-hybrid,False,semantic centroid/neighbor measure fallback,"[""occ_25b8e9229d1cd6490b52""]",run_1f27e7f7434a9d682f85
term_88d3d9f2c2f7ae022964,At-risk-of-poverty rate after social transfers by,measure,0.7733987968138053,semantic-hybrid,False,semantic centroid/neighbor measure fallback,"[""occ_8dc287ba9927caba00e6""]",run_1f27e7f7434a9d682f85
term_7394e560166373a16f39,At-risk-of-poverty rate after social transfers by sex,measure,0.7782376964187362,semantic-hybrid,False,semantic centroid/neighbor measure fallback,"[""occ_edf42ac95eaf34f1041a""]",run_1f27e7f7434a9d682f85
term_7d3338f1f7a44e54530d,At-risk-of-poverty rate before social transfers,measure,0.7601417132502911,semantic-hybrid,False,semantic centroid/neighbor measure fallback,"[""occ_719ab578509af34eb532""]",run_1f27e7f7434a9d682f85
term_be8fe3779f2869f59d06,At-risk-of-poverty rate before social transfers by,measure,0.765553660441856,semantic-hybrid,False,semantic centroid/neighbor measure fallback,"[""occ_9c8173863941cccea5bb""]",run_1f27e7f7434a9d682f85
term_2ed9558f06d9665c6993,At-risk-of-poverty rate before social transfers by sex,measure,0.770371896458854,semantic-hybrid,False,semantic centroid/neighbor measure fallback,"[""occ_09bae7490236cdf67940""]",run_1f27e7f7434a9d682f85
term_c3edc8c63bc12024e2d2,At-risk-of-poverty rate before social transfers by sex - EU-SILC survey,measure,0.7602320473128638,semantic-hybrid,False,semantic centroid/neighbor measure fallback,"[""occ_7f211ca4b4f464ff182a""]",run_1f27e7f7434a9d682f85
term_07b9d41d997abd0e0f78,at-risk-of-poverty rate by,measure,0.7692581705154007,semantic-hybrid,False,semantic centroid/neighbor measure fallback,"[""occ_11a2c11114b931b5e4f1"", ""occ_12cc6daa7ec32e4bf4d9"", ""occ_4ccc4f2a5f2521960592"", ""occ_95deaa43d6da4c2c1215"", ""occ_c54052ccf080ed131b3c"", ""occ_fc63363dd60cfbf6789c""]",run_1f27e7f7434a9d682f85
term_169588dbd5369d71d6e1,at-risk-of-poverty rate by full-/part-time,measure,0.774310452950589,semantic-hybrid,False,semantic centroid/neighbor measure fallback,"[""occ_2c5f6f858ea118df04ad""]",run_1f27e7f7434a9d682f85
term_4c803a31ef43ef6a01ff,at-risk-of-poverty rate by full-/part-time work,measure,0.7774217427219665,semantic-hybrid,False,semantic centroid/neighbor measure fallback,"[""occ_c0a200239657e561f577""]",run_1f27e7f7434a9d682f85
term_92d0f3d6487346f69ee1,at-risk-of-poverty rate by months,measure,0.7621627956390721,semantic-hybrid,False,semantic centroid/neighbor measure fallback,"[""occ_e9c2d75a831dd068648b""]",run_1f27e7f7434a9d682f85
term_9e71548747ea51c667ab,at-risk-of-poverty rate by sex,measure,0.7746898901250446,semantic-hybrid,False,semantic centroid/neighbor measure fallback,"[""occ_1c5d520cbab289a5b16e"", ""occ_60ca3dcc7052227f8b2a""]",run_1f27e7f7434a9d682f85
term_0638a6cfb96fbcb7287e,at-risk-of-poverty rate by working,measure,0.7704420559832167,semantic-hybrid,False,semantic centroid/neighbor measure fallback,"[""occ_01fb6ce57ec40a3a4762""]",run_1f27e7f7434a9d682f85
term_d28acf8a2bf4600843d3,at-risk-of-poverty rate by working time,measure,0.769276700787648,semantic-hybrid,False,semantic centroid/neighbor measure fallback,"[""occ_3f407e6f612137f2fba3""]",run_1f27e7f7434a9d682f85
term_ad0b0486b6f5668d010a,at-risk-of-poverty rate by working time - EU-SILC,measure,0.7611342473513749,semantic-hybrid,False,semantic centroid/neighbor measure fallback,"[""occ_22ea3bf297262dfabacd""]",run_1f27e7f7434a9d682f85
term_7adfd51c7f7b9498452a,At-risk-of-poverty rate for,measure,0.7657549793417971,semantic-hybrid,False,semantic centroid/neighbor measure fallback,"[""occ_695e00c76572fa6e1f71""]",run_1f27e7f7434a9d682f85
term_cdf6a5989122d6fa42c1,At-risk-of-poverty rate of,measure,0.7675073758947422,semantic-hybrid,False,semantic centroid/neighbor measure fallback,"[""occ_2b6365f6dea16bb8cf1e"", ""occ_452db99db5e13c615821""]",run_1f27e7f7434a9d682f85
term_448bf41f7c91e54cbb1c,At-risk-of-poverty rate of elderly,measure,0.7723180966629557,semantic-hybrid,False,semantic centroid/neighbor measure fallback,"[""occ_c9d5a4d21dd9763b2a40""]",run_1f27e7f7434a9d682f85
term_4089e00a265a0370aab4,At-risk-of-poverty rate of elderly people,measure,0.7750629042974884,semantic-hybrid,False,semantic centroid/neighbor measure fallback,"[""occ_6c7c3228e94897724f49""]",run_1f27e7f7434a9d682f85
term_480690e4518bdaa4a506,At-risk-of-poverty rate of elderly people by,measure,0.7789645271337449,semantic-hybrid,False,semantic centroid/neighbor measure fallback,"[""occ_b7f5cc5e9561f3524a26""]",run_1f27e7f7434a9d682f85
term_26ef10a04bfb33f3bb31,At-risk-of-poverty rate of elderly people by tenure,measure,0.7660924084520405,semantic-hybrid,False,semantic centroid/neighbor measure fallback,"[""occ_8b6baf1e92ec0c79933b""]",run_1f27e7f7434a9d682f85
term_c58ed4b98d2960a0ce21,At-risk-of-poverty rate of elderly people by tenure status,measure,0.7631568226989048,semantic-hybrid,False,semantic centroid/neighbor measure fallback,"[""occ_9278f2702c7190320a20""]",run_1f27e7f7434a9d682f85
term_c6b284c2a508f9878a11,At-risk-of-poverty rate of older,measure,0.7630673526132554,semantic-hybrid,False,semantic centroid/neighbor measure fallback,"[""occ_48e72f9c7c9f637a40b5""]",run_1f27e7f7434a9d682f85
term_814626d642bbfd5a974d,At-risk-of-poverty rate of older people,measure,0.764773125696862,semantic-hybrid,False,semantic centroid/neighbor measure fallback,"[""occ_7a03242cfac9f47fb6b3""]",run_1f27e7f7434a9d682f85
term_2e5b6ba98803385bc486,At-risk-of-poverty rate of older people by,measure,0.7692656457083139,semantic-hybrid,False,semantic centroid/neighbor measure fallback,"[""occ_83c018628aba1a1b29be""]",run_1f27e7f7434a9d682f85
term_e8fdc8bab4dad9b7651a,At-risk-of-poverty rate of older people by sex,measure,0.7752228229344971,semantic-hybrid,False,semantic centroid/neighbor measure fallback,"[""occ_36211724fc6142353b17""]",run_1f27e7f7434a9d682f85
term_9c61e5e71e173e3d97f8,At-risk-of-poverty rate of older people by sex - EU-SILC,measure,0.7742994604619673,semantic-hybrid,False,semantic centroid/neighbor measure fallback,"[""occ_3b988e43096700defe68""]",run_1f27e7f7434a9d682f85
term_941c1a5e68777f1c1920,At-risk-of-poverty rate of older people by sex - EU-SILC survey,measure,0.7600819511528657,semantic-hybrid,False,semantic centroid/neighbor measure fallback,"[""occ_43f9915769b58413de12""]",run_1f27e7f7434a9d682f85
term_9f3450173e9d50c2f532,Autonomous pension funds - number of enterprises by size class of members,measure,0.7620064507728124,semantic-hybrid,False,semantic centroid/neighbor measure fallback,"[""occ_dd18e95444386d65be10""]",run_1f27e7f7434a9d682f85
term_17c15ec44880024d2e18,Autonomous pension funds - total investments by currencies,measure,0.7603787964085523,semantic-hybrid,False,semantic centroid/neighbor measure fallback,"[""occ_aa8b324bd4825d635fdc""]",run_1f27e7f7434a9d682f85
term_365fd19d93c9fed927cc,Average age at which employed persons started receiving a retirement pension - by sex and main financial incentive to stay at work,measure,0.7794802290000967,semantic-hybrid,False,semantic centroid/neighbor measure fallback,"[""occ_1c1ed2d47dc9a0037ad1""]",run_1f27e7f7434a9d682f85
term_d8dc8aa82dfd036fda00,Average expenditure,measure,0.88,semantic-hybrid,True,title evidence with measure lexical cue,"[""occ_06a679e64f9e95ae2d60"", ""occ_f22417f3120b1c57a4d3""]",run_1f27e7f7434a9d682f85
term_482342ee499000118c99,Average expenditure per,measure,0.88,semantic-hybrid,True,title evidence with measure lexical cue,"[""occ_82c57fdf02396f1be503"", ""occ_a1b4c8ff9c5fd7b62749""]",run_1f27e7f7434a9d682f85
term_1d11dca31232a36ebf76,Average expenditure per night,measure,0.88,semantic-hybrid,True,title evidence with measure lexical cue,"[""occ_844b8921d0343c2c8813""]",run_1f27e7f7434a9d682f85
term_06fd140352484b25e43e,Average expenditure per trip,measure,0.88,semantic-hybrid,True,title evidence with measure lexical cue,"[""occ_e9d464bccddf36ff2d45""]",run_1f27e7f7434a9d682f85
term_d1ef3786445358002d29,Average nominal monthly wages and salaries,measure,0.7777178167604031,semantic-hybrid,False,semantic centroid/neighbor measure fallback,"[""occ_24aba8bc4a3cfe18e557""]",run_1f27e7f7434a9d682f85
term_ed9c7f4c6702de662403,Average nominal monthly wages and salaries - ENP-East countries,measure,0.7819329397422079,semantic-hybrid,False,semantic centroid/neighbor measure fallback,"[""occ_a69ef3fbcd2b3232d598""]",run_1f27e7f7434a9d682f85
term_cd9e64db065d258b9e60,Average population,measure,0.88,semantic-hybrid,True,title evidence with measure lexical cue,"[""occ_95ab1bbb589c54c05265"", ""occ_a8499bc6183a09004e46""]",run_1f27e7f7434a9d682f85
term_a744392af0ab601f25b7,Average population (mid-year,measure,0.88,semantic-hybrid,True,title evidence with measure lexical cue,"[""occ_645937a7496629b11884""]",run_1f27e7f7434a9d682f85
term_335951c32d8d2116b9f0,Average population (mid-year),measure,0.88,semantic-hybrid,True,title evidence with measure lexical cue,"[""occ_cdccfd1462ea746a502b""]",run_1f27e7f7434a9d682f85
term_734ba5f287182cff72ed,Average population mid-year,measure,0.88,semantic-hybrid,True,title evidence with measure lexical cue,"[""occ_dab9eca292b2e8463478""]",run_1f27e7f7434a9d682f85
term_e7acad80846fcdd0da3a,Average population mid-year by,measure,0.88,semantic-hybrid,True,title evidence with measure lexical cue,"[""occ_1deb529a738247184498""]",run_1f27e7f7434a9d682f85
term_dc9191c991ae3521dd78,Average population mid-year by sex,measure,0.88,semantic-hybrid,True,title evidence with measure lexical cue,"[""occ_15e9d7852a9791347a67""]",run_1f27e7f7434a9d682f85
term_cb19c2bf9831c12f82bc,Average population mid-year by sex and,measure,0.88,semantic-hybrid,True,title evidence with measure lexical cue,"[""occ_96b13f74684efb941b98""]",run_1f27e7f7434a9d682f85
term_3dbd295810934c146574,Average population mid-year by sex and age,measure,0.88,semantic-hybrid,True,title evidence with measure lexical cue,"[""occ_298c213d92f55c9fd1e7""]",run_1f27e7f7434a9d682f85
term_424bd938c951afe537f5,Average population mid-year by sex and age group,measure,0.88,semantic-hybrid,True,title evidence with measure lexical cue,"[""occ_b01a7b503036b08ef745""]",run_1f27e7f7434a9d682f85
term_0f501f4a2588acc2b10d,Average population mid-year by sex and age group - ENP-South countries,measure,0.88,semantic-hybrid,True,title evidence with measure lexical cue,"[""occ_44962ff2858fb0e80147""]",run_1f27e7f7434a9d682f85
term_b973e1da3eb5f9da6612,Average remuneration of national civil servants in central public administration,measure,0.7612859374858433,semantic-hybrid,False,semantic centroid/neighbor measure fallback,"[""occ_e3ad94ee952dbe46ca4f""]",run_1f27e7f7434a9d682f85
term_7ce9eb11c889031890e6,balance of energy products - % of GDP,measure,0.88,semantic-hybrid,True,title evidence with measure lexical cue,"[""occ_188486f31607c42cc995""]",run_1f27e7f7434a9d682f85
term_ef85997942a81ada5b14,"balance of goods and services, current prices",measure,0.88,semantic-hybrid,True,title evidence with measure lexical cue,"[""occ_dd3b4fa035ebf56e814f""]",run_1f27e7f7434a9d682f85
term_9979cb6087827dcf461b,Balance of payments - ENP-East countries,measure,0.7606716647914403,semantic-hybrid,False,semantic centroid/neighbor measure fallback,"[""occ_c0efc6f779318e219efb""]",run_1f27e7f7434a9d682f85
term_95525ae7bd699e4792f6,"Balance of payments, capital account, monthly data",measure,0.772047227573994,semantic-hybrid,False,semantic centroid/neighbor measure fallback,"[""occ_efe03b1866bc744fa0e4""]",run_1f27e7f7434a9d682f85
term_c5420bd455a9ec1d7f49,"Balance of payments, capital account, quarterly data",measure,0.7709506244876377,semantic-hybrid,False,semantic centroid/neighbor measure fallback,"[""occ_2850bbee9e59289b3e69""]",run_1f27e7f7434a9d682f85
term_04ba11c43928796d3064,"Balance of payments, current account, monthly data",measure,0.7812323290751101,semantic-hybrid,False,semantic centroid/neighbor measure fallback,"[""occ_909bdd1a44616505754a""]",run_1f27e7f7434a9d682f85
term_e190b4df2d02ce72aeb0,"Balance of payments, current and capital account, monthly data",measure,0.7708835606054941,semantic-hybrid,False,semantic centroid/neighbor measure fallback,"[""occ_fb13844073278dea6e19""]",run_1f27e7f7434a9d682f85
term_22041ec3d68c8e354400,"Balance of payments, current and capital account, quarterly data",measure,0.7705685663145775,semantic-hybrid,False,semantic centroid/neighbor measure fallback,"[""occ_fa5da841c5ad3710d493""]",run_1f27e7f7434a9d682f85
term_ce201cb9893a0c0f84d9,"Balance of primary incomes/national income, net",measure,0.7788077989263144,semantic-hybrid,False,semantic centroid/neighbor measure fallback,"[""occ_bb7406ed47d274015ffc""]",run_1f27e7f7434a9d682f85
term_961f12e70da8313957ee,"Barley by area, production",measure,0.88,semantic-hybrid,True,title evidence with measure lexical cue,"[""occ_424d9a0e744c1ae5a05c""]",run_1f27e7f7434a9d682f85
term_03eabbf66ac52ab86375,"Barley by area, production and",measure,0.88,semantic-hybrid,True,title evidence with measure lexical cue,"[""occ_8e5e52cd129009bf6e0a""]",run_1f27e7f7434a9d682f85
term_b82538563afbccd385b6,"Barley by area, production and humidity",measure,0.88,semantic-hybrid,True,title evidence with measure lexical cue,"[""occ_248acdddea39bd8432d7""]",run_1f27e7f7434a9d682f85
term_b90af556331316163672,basic and producer prices,measure,0.88,semantic-hybrid,True,title evidence with measure lexical cue,"[""occ_6046bf9bf4495988c101"", ""occ_7092ab4e777c13395694"", ""occ_bf1f5cf25a152517b9fe"", ""occ_eeaa97cfeb6ce7617b9f""]",run_1f27e7f7434a9d682f85
term_a4b0294beb1156f99fd6,bills by income,measure,0.88,semantic-hybrid,True,title evidence with measure lexical cue,"[""occ_c1591428322db4d90d76""]",run_1f27e7f7434a9d682f85
term_ff0c5fa1c1d83883a16f,bills by income quintile,measure,0.88,semantic-hybrid,True,title evidence with measure lexical cue,"[""occ_cbc2ad9a9c7bff8b819d""]",run_1f27e7f7434a9d682f85
term_4b2692eb9dd1c49af8c8,birth by sex,measure,0.88,semantic-hybrid,True,title evidence with measure lexical cue,"[""occ_0a91e31d23f37ba25323"", ""occ_7804959661030bb2ee73"", ""occ_86bb66513fb531e2c74b"", ""occ_dce8b320d27ad9adeeee""]",run_1f27e7f7434a9d682f85
term_5cc69fbd9374b139865c,births and crude,measure,0.88,semantic-hybrid,True,title evidence with measure lexical cue,"[""occ_ff9b0f67ae3be9ba8b2b""]",run_1f27e7f7434a9d682f85
term_eb784d064d37cf01cdbe,births and crude birth,measure,0.88,semantic-hybrid,True,title evidence with measure lexical cue,"[""occ_8934cb67a9f54f9a1f3d""]",run_1f27e7f7434a9d682f85
term_61cf73a08174bde596f1,births and crude birth rate,measure,0.88,semantic-hybrid,True,title evidence with measure lexical cue,"[""occ_e9db99eb6ca4952a904f""]",run_1f27e7f7434a9d682f85
term_ebd05d2138387544fcfa,bottom 40 % of the population,measure,0.88,semantic-hybrid,True,title evidence with measure lexical cue,"[""occ_a4be63fc6686020b8b5e""]",run_1f27e7f7434a9d682f85
term_893b82284a14c79baad9,Building permits - monthly data,measure,0.7683532713832356,semantic-hybrid,False,semantic centroid/neighbor measure fallback,"[""occ_6e5a32603f367ebdcd5b""]",run_1f27e7f7434a9d682f85
term_2d69baedc15824c81811,Buses and coaches traffic performance registered in the by transport covarage,measure,0.88,semantic-hybrid,True,title evidence with measure lexical cue,"[""occ_02f41c0fc01074f87c5b""]",run_1f27e7f7434a9d682f85
term_95255d0bb2750decf162,Business Enterprise R&D Expenditures,measure,0.88,semantic-hybrid,True,title evidence with measure lexical cue,"[""occ_c0cffc450c785ef82586""]",run_1f27e7f7434a9d682f85
term_709e95f528ce7556670d,Business Enterprise R&D Expenditures in,measure,0.88,semantic-hybrid,True,title evidence with measure lexical cue,"[""occ_e4e14d978947404572f9""]",run_1f27e7f7434a9d682f85
term_7e39a23bd695ff9ad778,Business Enterprise R&D Expenditures in Foreign,measure,0.88,semantic-hybrid,True,title evidence with measure lexical cue,"[""occ_0b52fafcb878c2c116d5""]",run_1f27e7f7434a9d682f85
term_5b7cccd693a19f071f85,Business Enterprise R&D Expenditures in Foreign Controlled,measure,0.88,semantic-hybrid,True,title evidence with measure lexical cue,"[""occ_8fc5d0095d2cc9c7cb03""]",run_1f27e7f7434a9d682f85
term_82d17684790d72ff3cc4,"by a domestic perpetrator, by country of birth",measure,0.88,semantic-hybrid,True,title evidence with measure lexical cue,"[""occ_37337711a31863e2766e""]",run_1f27e7f7434a9d682f85
term_f01657ece70c710624ed,"by a non-partner, by country of birth",measure,0.88,semantic-hybrid,True,title evidence with measure lexical cue,"[""occ_c20024888ec650b557d7""]",run_1f27e7f7434a9d682f85
term_763f7bd6eacb5582c262,by age group - % over the population,measure,0.88,semantic-hybrid,True,title evidence with measure lexical cue,"[""occ_86c7513dc9086f2b4515""]",run_1f27e7f7434a9d682f85
term_97b5226df2d44d0401b5,by age group - % over the population of,measure,0.88,semantic-hybrid,True,title evidence with measure lexical cue,"[""occ_8989d8d433b0a2900737""]",run_1f27e7f7434a9d682f85
term_b51e1c0a73fabb1aa41a,by age group - % over the population of each,measure,0.88,semantic-hybrid,True,title evidence with measure lexical cue,"[""occ_c163a344c3a670677ac6""]",run_1f27e7f7434a9d682f85
term_d3409d2b562630d17f4a,by agricultural area,measure,0.88,semantic-hybrid,True,title evidence with measure lexical cue,"[""occ_39eabebc8a94aaae2703""]",run_1f27e7f7434a9d682f85
term_23ca095ae324fcbba4aa,"by an intimate partner, by country of birth",measure,0.88,semantic-hybrid,True,title evidence with measure lexical cue,"[""occ_401306f6903c02686da2""]",run_1f27e7f7434a9d682f85
term_a41382634f430d9aa8c9,"by any perpetrator, by country of birth",measure,0.88,semantic-hybrid,True,title evidence with measure lexical cue,"[""occ_ddcf490ba0edf48e49a0""]",run_1f27e7f7434a9d682f85
term_add4e147786865bf0147,"by area, production",measure,0.88,semantic-hybrid,True,title evidence with measure lexical cue,"[""occ_2ebfafec37b544be2f26"", ""occ_afa6d2e58d1bed9edf73""]",run_1f27e7f7434a9d682f85
term_0acc44c2918975be7253,"by area, production and",measure,0.88,semantic-hybrid,True,title evidence with measure lexical cue,"[""occ_172773b1fb12248cc06d"", ""occ_25094dd309ea76f39e52""]",run_1f27e7f7434a9d682f85
term_954c4f2a680701fad455,"by area, production and humidity",measure,0.88,semantic-hybrid,True,title evidence with measure lexical cue,"[""occ_789c68e3e42ada8e8ddd"", ""occ_8dd9c044ba02f0c1c154""]",run_1f27e7f7434a9d682f85
term_a10c240d8d7a49ca6e86,by client specialisation and employment,measure,0.88,semantic-hybrid,True,title evidence with measure lexical cue,"[""occ_1eed205f4c6ca797ab96""]",run_1f27e7f7434a9d682f85
term_b0b56c2a509a40efb5c3,by client specialisation and employment size,measure,0.88,semantic-hybrid,True,title evidence with measure lexical cue,"[""occ_74baa59ce5028ed899d9""]",run_1f27e7f7434a9d682f85
term_42ea5c02ae87173d6733,by client specialisation and employment size class,measure,0.88,semantic-hybrid,True,title evidence with measure lexical cue,"[""occ_6df292173898faa9a41f""]",run_1f27e7f7434a9d682f85
term_dba1e1df9f5300aaaaa5,by country of birth,measure,0.88,semantic-hybrid,True,title evidence with measure lexical cue,"[""occ_6f4ca1d8eb6855fef1fe"", ""occ_8c7c1a6514adb9bd7b03"", ""occ_e79d33166f06dd4ce342"", ""occ_fd1ecf20cfb2da5aba86""]",run_1f27e7f7434a9d682f85
term_b4e783142dc7c1fcd9e7,by degree of urbanisation (population,measure,0.88,semantic-hybrid,True,title evidence with measure lexical cue,"[""occ_052694e48f9b09174687""]",run_1f27e7f7434a9d682f85
term_07cf189d18fd3c73b997,by degree of urbanisation (population aged,measure,0.88,semantic-hybrid,True,title evidence with measure lexical cue,"[""occ_4bc6033ad56741d056b4""]",run_1f27e7f7434a9d682f85
term_069045fe70e633c57f6c,by degree of urbanisation (population aged 0,measure,0.88,semantic-hybrid,True,title evidence with measure lexical cue,"[""occ_c5a41dfc16843004a56f""]",run_1f27e7f7434a9d682f85
term_3dffb9ffe28ab1f05e9b,by degree of urbanisation (population aged 0 to,measure,0.88,semantic-hybrid,True,title evidence with measure lexical cue,"[""occ_76f2a8d41db9dbb73f62""]",run_1f27e7f7434a9d682f85
term_1223160782e92024e9a8,by degree of urbanisation - total population,measure,0.88,semantic-hybrid,True,title evidence with measure lexical cue,"[""occ_dff7523c5c517798fd68""]",run_1f27e7f7434a9d682f85
term_f140bceea15bf0d80cbe,by education level - as % of total public expenditure,measure,0.88,semantic-hybrid,True,title evidence with measure lexical cue,"[""occ_d81dfb9554b3629a2719""]",run_1f27e7f7434a9d682f85
term_ff444c9960684990a6a0,by educational attainment level (population,measure,0.88,semantic-hybrid,True,title evidence with measure lexical cue,"[""occ_ca44e78863cd373b5f8b""]",run_1f27e7f7434a9d682f85
term_e64a4d2b78ff3fe6f2a3,by educational attainment level (population aged,measure,0.88,semantic-hybrid,True,title evidence with measure lexical cue,"[""occ_3beb380884ddc34c757c""]",run_1f27e7f7434a9d682f85
term_58ab2df733fb1aa9dee2,by educational attainment level (population aged 18,measure,0.88,semantic-hybrid,True,title evidence with measure lexical cue,"[""occ_2c30991e45a821954c9d""]",run_1f27e7f7434a9d682f85
term_f8885f5fcc5a3a9ea1b4,by educational attainment level (population aged 18 and,measure,0.88,semantic-hybrid,True,title evidence with measure lexical cue,"[""occ_ae5c417d013866823fac""]",run_1f27e7f7434a9d682f85
term_949f78d02c010af08890,by income quintile,measure,0.88,semantic-hybrid,True,title evidence with measure lexical cue,"[""occ_eaaa4e513fb5387f7221""]",run_1f27e7f7434a9d682f85
term_c511a61497dbe5b11b07,by NACE Rev. 1.1 activity and employment,measure,0.88,semantic-hybrid,True,title evidence with measure lexical cue,"[""occ_c813ea4bb0d629460bc1""]",run_1f27e7f7434a9d682f85
term_ac0669181f54e2b2c72e,by nationality of client and employment,measure,0.88,semantic-hybrid,True,title evidence with measure lexical cue,"[""occ_ec027b0c7febe331ccfd""]",run_1f27e7f7434a9d682f85
term_5829a54521da71fa55ed,by nationality of client and employment size,measure,0.88,semantic-hybrid,True,title evidence with measure lexical cue,"[""occ_0bc7d19f5a8397ec620e""]",run_1f27e7f7434a9d682f85
term_b1381b7edd411f9a4383,by nationality of client and employment size class,measure,0.88,semantic-hybrid,True,title evidence with measure lexical cue,"[""occ_11df5f40760e02c7140a""]",run_1f27e7f7434a9d682f85
term_e4c5ba5f325eeea062b0,by NUTS 2 region (population,measure,0.88,semantic-hybrid,True,title evidence with measure lexical cue,"[""occ_4a0860d73f2d70c0f2aa""]",run_1f27e7f7434a9d682f85
term_56acb1384b4141696a73,by NUTS 2 region (population aged,measure,0.88,semantic-hybrid,True,title evidence with measure lexical cue,"[""occ_8e415473b64f81ba743a""]",run_1f27e7f7434a9d682f85
term_f9e38a525afe8eb040ce,by NUTS 2 region (population aged 0,measure,0.88,semantic-hybrid,True,title evidence with measure lexical cue,"[""occ_8151a16fdd6fb8689359""]",run_1f27e7f7434a9d682f85
term_c20101ef4aa0edde2af7,by NUTS 2 region (population aged 0 to,measure,0.88,semantic-hybrid,True,title evidence with measure lexical cue,"[""occ_b6830728499a073a8fa6""]",run_1f27e7f7434a9d682f85
term_e62c28400de6861b2a31,by NUTS 2 region - % of the population,measure,0.88,semantic-hybrid,True,title evidence with measure lexical cue,"[""occ_64788b2031e11553c802"", ""occ_d1860f6f391326f6db17""]",run_1f27e7f7434a9d682f85
term_2a558b6aa76e97b6b377,by NUTS 2 region - % of the population of,measure,0.88,semantic-hybrid,True,title evidence with measure lexical cue,"[""occ_21fecf168cedfaab0ff3"", ""occ_cc471c19bacb51432d10""]",run_1f27e7f7434a9d682f85
term_6e2fabbedac9935843e2,by product specialisation and employment,measure,0.88,semantic-hybrid,True,title evidence with measure lexical cue,"[""occ_fe0877b8f81657916362""]",run_1f27e7f7434a9d682f85
term_757e2fcce47dd17c2dac,by product specialisation and employment size,measure,0.88,semantic-hybrid,True,title evidence with measure lexical cue,"[""occ_b3b3eeea9da719a8add4""]",run_1f27e7f7434a9d682f85
term_cf6c761fd27efebcbbb9,by product specialisation and employment size class,measure,0.88,semantic-hybrid,True,title evidence with measure lexical cue,"[""occ_63aaa2a3c61e6205cec8""]",run_1f27e7f7434a9d682f85
term_e8b26b4552e94a16d377,by product specialisation and employment size class for,measure,0.88,semantic-hybrid,True,title evidence with measure lexical cue,"[""occ_81e25b4fceeeb72cd604""]",run_1f27e7f7434a9d682f85
term_f5d3c42c0a47ac00a7bb,by reasons for cross trade and employment,measure,0.88,semantic-hybrid,True,title evidence with measure lexical cue,"[""occ_daabb1abfab26ba9dbb3""]",run_1f27e7f7434a9d682f85
term_657482960094b2fc28ec,by reasons for cross trade and employment size,measure,0.88,semantic-hybrid,True,title evidence with measure lexical cue,"[""occ_262b98543eef1ecdb0ee""]",run_1f27e7f7434a9d682f85
term_78c72766dca808eeb419,"by sectors, consolidated - % of GDP",measure,0.88,semantic-hybrid,True,title evidence with measure lexical cue,"[""occ_16db5d847f0166c024e5"", ""occ_6b03fc1f0414d48e3d2b"", ""occ_ea1a2d526c21e6eec146"", ""occ_f970b8e189feb233584e""]",run_1f27e7f7434a9d682f85
term_1a6236506e4fb41d5a69,"by sectors, non-consolidated - % of GDP",measure,0.88,semantic-hybrid,True,title evidence with measure lexical cue,"[""occ_08fd5f05a35b10a1ddf3"", ""occ_4aa05d3cf76c93fd8218"", ""occ_d08f6fa0b9f760a0ab01"", ""occ_d445b53ae27d45bc0803""]",run_1f27e7f7434a9d682f85
term_f67b395b3ad9ec756a3d,by sex - % of the population,measure,0.88,semantic-hybrid,True,title evidence with measure lexical cue,"[""occ_5841dab11149fe14be00"", ""occ_a9138af0ec5635f1fbb1"", ""occ_b2820d5e622201d7cfdc""]",run_1f27e7f7434a9d682f85
term_2deb8629c857b8317df9,by sex - % of the population of,measure,0.88,semantic-hybrid,True,title evidence with measure lexical cue,"[""occ_44950f374c9837fd01f9"", ""occ_71b5f57f77bdc0a28c52"", ""occ_7c41b7a403a1d61dc6c5""]",run_1f27e7f7434a9d682f85
term_c90eb0d79f1987f4ac9e,by sex - % of the population of the,measure,0.88,semantic-hybrid,True,title evidence with measure lexical cue,"[""occ_701d2454bfaea9171f87"", ""occ_bbe22638014d219cf738"", ""occ_fe1438c69586b9eb29c8""]",run_1f27e7f7434a9d682f85
term_0dfc4cab6eebebe5d1bd,by sex - % of the population of the corresponding,measure,0.88,semantic-hybrid,True,title evidence with measure lexical cue,"[""occ_09069d2979086ba6388a"", ""occ_37375e0354d6887778c3"", ""occ_84584517ce6018e9ceb8""]",run_1f27e7f7434a9d682f85
term_20802c1277dd0fb7b5f3,by sex - as % of the population,measure,0.88,semantic-hybrid,True,title evidence with measure lexical cue,"[""occ_4e015ae6ce01183f577c"", ""occ_60f25c002679e260c539"", ""occ_b45e516ac715401f174e"", ""occ_bb8dc8706330a67c9c99""]",run_1f27e7f7434a9d682f85
term_21faebd7a2a6939d66d1,by sex - as % of the population of,measure,0.88,semantic-hybrid,True,title evidence with measure lexical cue,"[""occ_0e00f00488f8bf26add4"", ""occ_3ef5d617b425fe8db659"", ""occ_b6e23957fb7f79d5b71d"", ""occ_f261b4989fb5ce485960""]",run_1f27e7f7434a9d682f85
term_81c3d47e62cb415bccb1,by sex - as % of the population of the,measure,0.88,semantic-hybrid,True,title evidence with measure lexical cue,"[""occ_5b03580334b106c533ea"", ""occ_65e21d9df9bb51fcb495"", ""occ_c24a32446c3e79819958"", ""occ_f33fbe964229add6e6e7""]",run_1f27e7f7434a9d682f85
term_395705f8b3059878ecfe,by sex - per 1000 of population,measure,0.88,semantic-hybrid,True,title evidence with measure lexical cue,"[""occ_72858b09a7c0c93511f7""]",run_1f27e7f7434a9d682f85
term_c5eee564792fe6d9deaa,by sex - per 1000 of population aged,measure,0.88,semantic-hybrid,True,title evidence with measure lexical cue,"[""occ_2745599c17345b60566d""]",run_1f27e7f7434a9d682f85
term_c669cced60e760a710a7,by sex - per 1000 of population aged 25-34,measure,0.88,semantic-hybrid,True,title evidence with measure lexical cue,"[""occ_f90ec5a6c334bb3db525""]",run_1f27e7f7434a9d682f85
term_c72a1438d424812da545,by sex and country of birth,measure,0.88,semantic-hybrid,True,title evidence with measure lexical cue,"[""occ_c1add9acf3889b261a5f""]",run_1f27e7f7434a9d682f85
term_d3ea27d60e30f616a7b5,by sex and group of country of birth,measure,0.88,semantic-hybrid,True,title evidence with measure lexical cue,"[""occ_27bf8056602ec356cc8a""]",run_1f27e7f7434a9d682f85
term_29806cc4cbf1e0da1f6f,by share of platform income,measure,0.88,semantic-hybrid,True,title evidence with measure lexical cue,"[""occ_7bba6ecd03f3f4b6a337""]",run_1f27e7f7434a9d682f85
term_b389588d33164349c1bd,by share of platform income in,measure,0.88,semantic-hybrid,True,title evidence with measure lexical cue,"[""occ_610a28197dfeab3fa7d0""]",run_1f27e7f7434a9d682f85
term_9a77ae937049386378ec,by share of platform income in their,measure,0.88,semantic-hybrid,True,title evidence with measure lexical cue,"[""occ_54b5598e5f25c15425b9""]",run_1f27e7f7434a9d682f85
term_d88aa8d6734fc169e08a,by share of platform income in their earnings,measure,0.88,semantic-hybrid,True,title evidence with measure lexical cue,"[""occ_39ce7bac86927930daed""]",run_1f27e7f7434a9d682f85
term_91e2dcb51caa1f8eb750,by tenure status - total population,measure,0.88,semantic-hybrid,True,title evidence with measure lexical cue,"[""occ_007288b15782e944109d"", ""occ_1c3d6308b00a921c2381""]",run_1f27e7f7434a9d682f85
term_4ce7e26b9e4a2c315e00,by type of client and employment,measure,0.88,semantic-hybrid,True,title evidence with measure lexical cue,"[""occ_13aa9e6de2134d489c11""]",run_1f27e7f7434a9d682f85
term_a5cfaa0374fd1c45db71,by type of client and employment size,measure,0.88,semantic-hybrid,True,title evidence with measure lexical cue,"[""occ_e0ecd736d42977ac2b5e""]",run_1f27e7f7434a9d682f85
term_3623cf85d091229a9af7,by type of client and employment size class,measure,0.88,semantic-hybrid,True,title evidence with measure lexical cue,"[""occ_e0d5f5e9795bb2c6b9d0""]",run_1f27e7f7434a9d682f85
term_e1a07f7b8eee95f62237,by type of cross trade and employment,measure,0.88,semantic-hybrid,True,title evidence with measure lexical cue,"[""occ_21446a8307e4bf871bd2""]",run_1f27e7f7434a9d682f85
term_59e2db63f4e22f66bc35,by type of cross trade and employment size,measure,0.88,semantic-hybrid,True,title evidence with measure lexical cue,"[""occ_38503e42d37410933db6""]",run_1f27e7f7434a9d682f85
term_de27a71350ee4861f2ee,capital formation at current prices,measure,0.88,semantic-hybrid,True,title evidence with measure lexical cue,"[""occ_36fbc9c99da135ba4f01""]",run_1f27e7f7434a9d682f85
term_6ec2da1ca642a8b1e6a5,"capital formation, current prices",measure,0.88,semantic-hybrid,True,title evidence with measure lexical cue,"[""occ_60f3434706f62e1912d6""]",run_1f27e7f7434a9d682f85
term_ec7f74a65358692e0265,care bed occupancy rate by type of,measure,0.7694824309774275,semantic-hybrid,False,semantic centroid/neighbor measure fallback,"[""occ_8b486ef4544809eb58d3""]",run_1f27e7f7434a9d682f85
term_4968fd23b95983c15543,care bed occupancy rate by type of care,measure,0.7603658138277756,semantic-hybrid,False,semantic centroid/neighbor measure fallback,"[""occ_708fe708f45575a1c26e""]",run_1f27e7f7434a9d682f85
term_3cda127efbd6209a6c61,care expenditure,measure,0.88,semantic-hybrid,True,title evidence with measure lexical cue,"[""occ_76cce08e622827f65b9e""]",run_1f27e7f7434a9d682f85
term_0729531a537c1198f08d,care expenditure - % of,measure,0.88,semantic-hybrid,True,title evidence with measure lexical cue,"[""occ_77995f4b832f2e71acee""]",run_1f27e7f7434a9d682f85
term_962d4d240ee066c6a49c,care expenditure - % of GDP,measure,0.88,semantic-hybrid,True,title evidence with measure lexical cue,"[""occ_17044d79046c937ac1bc""]",run_1f27e7f7434a9d682f85
term_2ec911dfa0f727b2f462,care expenditure - % of GDP - ENP-East,measure,0.88,semantic-hybrid,True,title evidence with measure lexical cue,"[""occ_525ae0e7cbeae5b26932""]",run_1f27e7f7434a9d682f85
term_e2ae88398e17dac4fe19,care expenditure - % of GDP - ENP-East countries,measure,0.88,semantic-hybrid,True,title evidence with measure lexical cue,"[""occ_db7cb66c51781b17a0bc""]",run_1f27e7f7434a9d682f85
term_318cf2b1f91f6cc6d9ec,Carrying capacity of the waterway transport enterprises vessels by number of vessels in enterprises,measure,0.88,semantic-hybrid,True,title evidence with measure lexical cue,"[""occ_46d3e8dac890c919c71b""]",run_1f27e7f7434a9d682f85
term_64e9ca9ce0487e5a0ce8,carrying out cross trade by employment,measure,0.88,semantic-hybrid,True,title evidence with measure lexical cue,"[""occ_2b49a6828f40b9beff9e""]",run_1f27e7f7434a9d682f85
term_a33e4700b8a1830e81d0,carrying out cross trade by employment size,measure,0.88,semantic-hybrid,True,title evidence with measure lexical cue,"[""occ_54798d9fc465d375dc81""]",run_1f27e7f7434a9d682f85
term_c44f7dd64d3b3173f075,carrying out cross trade by employment size class,measure,0.88,semantic-hybrid,True,title evidence with measure lexical cue,"[""occ_b75a15704c5ca049eaca""]",run_1f27e7f7434a9d682f85
term_11e189bb87a0f042156d,Causes of death - potential,measure,0.88,semantic-hybrid,True,title evidence with measure lexical cue,"[""occ_9ab3e20b6647c1770e34""]",run_1f27e7f7434a9d682f85
term_d9e577d85ea685f79074,Causes of death - potential years,measure,0.88,semantic-hybrid,True,title evidence with measure lexical cue,"[""occ_0677aa76f55aacef22ea""]",run_1f27e7f7434a9d682f85
term_835a3f4237f0d96ce75f,Causes of death - potential years of,measure,0.88,semantic-hybrid,True,title evidence with measure lexical cue,"[""occ_1d28680cd5311e6f569a""]",run_1f27e7f7434a9d682f85
term_03247856627f98447dc3,Causes of death - potential years of life,measure,0.88,semantic-hybrid,True,title evidence with measure lexical cue,"[""occ_c205983de012ae2ab3a0""]",run_1f27e7f7434a9d682f85
term_8b3beaae90e71b9b7e26,Causes of death - potential years of life lost,measure,0.88,semantic-hybrid,True,title evidence with measure lexical cue,"[""occ_a1037b4745b9aa20fb7f""]",run_1f27e7f7434a9d682f85
term_962076671ba1710ec9cd,Causes of death - potential years of life lost by country of residence,measure,0.88,semantic-hybrid,True,title evidence with measure lexical cue,"[""occ_b66cddb066527ed1af7b""]",run_1f27e7f7434a9d682f85
term_0e6f03e9751df9a26cbc,"Causes of death, by",measure,0.88,semantic-hybrid,True,title evidence with measure lexical cue,"[""occ_c0d0400d5d4276c3883c""]",run_1f27e7f7434a9d682f85
term_3456ee1ef3a4b5d3e160,"Causes of death, by sex",measure,0.88,semantic-hybrid,True,title evidence with measure lexical cue,"[""occ_2a6383bffb6dee3b9f42""]",run_1f27e7f7434a9d682f85
term_022c701d77b0ede24b8c,Central government bond yields - annual data,measure,0.7615998524997152,semantic-hybrid,False,semantic centroid/neighbor measure fallback,"[""occ_ec6ec90c2a86a00db6f7""]",run_1f27e7f7434a9d682f85
term_fc0d44f62fc47b60be35,"cereal mixtures by area, production",measure,0.88,semantic-hybrid,True,title evidence with measure lexical cue,"[""occ_3800a6c6c97b62cf19ab"", ""occ_9bd2e7dd0b5080202eea""]",run_1f27e7f7434a9d682f85
term_efa59d320714907e4365,Cereals for the production,measure,0.88,semantic-hybrid,True,title evidence with measure lexical cue,"[""occ_f70ec8318499e86b67fc""]",run_1f27e7f7434a9d682f85
term_4c5a3093b5a9fde3fa11,Cereals for the production of,measure,0.88,semantic-hybrid,True,title evidence with measure lexical cue,"[""occ_6825f7302b8ad72fcb70""]",run_1f27e7f7434a9d682f85
term_9ec782beb001a2c4ff53,Cereals for the production of grain,measure,0.88,semantic-hybrid,True,title evidence with measure lexical cue,"[""occ_4cf37bf5a40248d7da78""]",run_1f27e7f7434a9d682f85
term_259cd1f4db8e39d82ab5,Cereals for the production of grain (including,measure,0.88,semantic-hybrid,True,title evidence with measure lexical cue,"[""occ_223d58281740e8a3e7f3""]",run_1f27e7f7434a9d682f85
term_09d41c671c159aaa69c8,Cereals for the production of grain (including seed,measure,0.88,semantic-hybrid,True,title evidence with measure lexical cue,"[""occ_a5703ae457d34bf83e5b""]",run_1f27e7f7434a9d682f85
term_21acbc3991aad168be3f,"Cereals for the production of grain (including seed) by area, production and humidity",measure,0.88,semantic-hybrid,True,title evidence with measure lexical cue,"[""occ_f49ff15384280ce512c2""]",run_1f27e7f7434a9d682f85
term_3f6787123d2d21d6d482,"Change in stocks, as a share of GDP (%)",measure,0.7631077393409157,semantic-hybrid,False,semantic centroid/neighbor measure fallback,"[""occ_4e4c4697cef0a2b66ffe"", ""occ_78f020618ce4a323f34e"", ""occ_881c8b27595ef209dda2"", ""occ_9e933b7c2342ec2c2206"", ""occ_bd5b1b8b69440c7015aa"", ""occ_cf2682e715458b36fce8"", ""occ_d2de94c9f5b733114bb3"", ""occ_d46bc7e4659551601cef""]",run_1f27e7f7434a9d682f85
term_f0b7359898772ad59141,change of value added,measure,0.88,semantic-hybrid,True,title evidence with measure lexical cue,"[""occ_1a3715a1fbe76a5187d8""]",run_1f27e7f7434a9d682f85
term_0397c7bbb7223aacf2f9,change of value added by,measure,0.88,semantic-hybrid,True,title evidence with measure lexical cue,"[""occ_52273b081fef8949a800""]",run_1f27e7f7434a9d682f85
term_bf161879982719e7166e,change of value added by ICT,measure,0.88,semantic-hybrid,True,title evidence with measure lexical cue,"[""occ_2c1fac8b110afbc59657""]",run_1f27e7f7434a9d682f85
term_1e67fe2099e09b679b71,change of value added by ICT sector,measure,0.88,semantic-hybrid,True,title evidence with measure lexical cue,"[""occ_fe3f999d1f5f71963b89""]",run_1f27e7f7434a9d682f85
term_cf11dafa687fe6f15d7a,change of value added by ICT sector at,measure,0.88,semantic-hybrid,True,title evidence with measure lexical cue,"[""occ_d3ee89c7b037e97d3483""]",run_1f27e7f7434a9d682f85
term_a7a65ec1e6bf34a30b70,Child specific material deprivation rate,measure,0.7759925571846373,semantic-hybrid,False,semantic centroid/neighbor measure fallback,"[""occ_13a6e81aad6c450eb746"", ""occ_2c995e195d5a7cbe5f63"", ""occ_f340a06d58764d706b0a""]",run_1f27e7f7434a9d682f85
term_cf0ee700463becb78768,Child specific material deprivation rate by,measure,0.7799838547516882,semantic-hybrid,False,semantic centroid/neighbor measure fallback,"[""occ_218c703c33fc72f5c77e"", ""occ_226f59795287e6cd5dc9"", ""occ_a76b43d51fd965c613f4""]",run_1f27e7f7434a9d682f85
term_322e7e6f6155fdcec9be,Child specific material deprivation rate by age,measure,0.7821573993608144,semantic-hybrid,False,semantic centroid/neighbor measure fallback,"[""occ_d80b083a240a472cc114""]",run_1f27e7f7434a9d682f85
term_b94d600c89d1e5d58098,Child specific material deprivation rate by educational,measure,0.7624959365304416,semantic-hybrid,False,semantic centroid/neighbor measure fallback,"[""occ_9a1f15b62cd5d7ed8fd3""]",run_1f27e7f7434a9d682f85
term_3ad8ec4bbdcf3f0264ea,Child specific material deprivation rate by educational attainment,measure,0.7624536550179241,semantic-hybrid,False,semantic centroid/neighbor measure fallback,"[""occ_0d731d660cae53b271fe""]",run_1f27e7f7434a9d682f85
term_2ce1335903060b38d808,Child specific material deprivation rate by household,measure,0.7785735636841846,semantic-hybrid,False,semantic centroid/neighbor measure fallback,"[""occ_9fd5ad04ec4768700df9""]",run_1f27e7f7434a9d682f85
term_3e22b881eee69c9c5e4e,Child specific material deprivation rate by household composition,measure,0.7816414562010292,semantic-hybrid,False,semantic centroid/neighbor measure fallback,"[""occ_dfa9f081ab175d43e907""]",run_1f27e7f7434a9d682f85
term_b6888e7fe576a0bf1c64,Child specific material deprivation rate by household composition (children aged less than 16 years),measure,0.7712973735588652,semantic-hybrid,False,semantic centroid/neighbor measure fallback,"[""occ_0edfcf9ff98601e495e4""]",run_1f27e7f7434a9d682f85
term_25dfc9a775b5e4f96d8e,Children (aged less than 18) living in households with very low work intensity by sex,measure,0.7654519780715134,semantic-hybrid,False,semantic centroid/neighbor measure fallback,"[""occ_0641e8874352983a3cd2""]",run_1f27e7f7434a9d682f85
term_0ca005190318f68d185f,Children aged 0-17 living in jobless households: share of persons aged 0-17 who are living in households where no-one is working,measure,0.7648306561248897,semantic-hybrid,False,semantic centroid/neighbor measure fallback,"[""occ_00fd5b154fa576996989"", ""occ_048c5c9051bd9261058e"", ""occ_0596380928e0a5778102"", ""occ_0c309eabb1e88b882783"", ""occ_0d05b4f88a39f74a4cba"", ""occ_1d411fda292caccd217d"", ""occ_263f528917fccf742643"", ""occ_27def94a9db74ce915fb"", ""occ_298dd01858babb71b60c"", ""occ_2ab3a9459d90b660f11a"", ""occ_2bbe28a2af14e42decf6"", ""occ_2d3afc7dd0b348fc08c6"", ""occ_2f2809668cd09118735c"", ""occ_2f84fafa0e32bbd0dc13"", ""occ_34ac9a05dae5be9d2178"", ""occ_38d94afc8ed065a7b7a9"", ""occ_3d41b6783a2a66d0e83a"", ""occ_40bb678251f00029db24"", ""occ_44ac5f24a6cf0574c657"", ""occ_483b359f41d104fe1b54"", ""occ_48e7b66a11b86c60c4d6"", ""occ_4a7fe3c44905e9f2ea3e"", ""occ_4b136a9cc76ca883e2d9"", ""occ_4f0bf0748b4b7ca51efe"", ""occ_51a96624c9343e7bf672"", ""occ_521d24d62b8a7d4c868a"", ""occ_574dceb9e7df9ab9f34c"", ""occ_577e45858ac8ca3980d8"", ""occ_581f30cc41c9dc932cb2"", ""occ_588c92d36c299ad00cf2"", ""occ_59a5dcc3c92496e0c84d"", ""occ_5ca70a9f8f4bc5340b29"", ""occ_5d131c4a331861a048f5"", ""occ_63225bc2e61625af999d"", ""occ_670745406cf0b32481c4"", ""occ_67d892fe39ce30e29e50"", ""occ_6acfa750da795ecc5401"", ""occ_6f6c2cc2121bdf165f2e"", ""occ_75bb6ce02ebdaae71f48"", ""occ_7b65ac9057d8fde8f30d"", ""occ_7e0c313c8efc87ed8e32"", ""occ_85273b0e008dfb15a429"", ""occ_89e95ebf9fb510e518c8"", ""occ_8bd70d590139ca5e668a"", ""occ_9839f7304e29ad3fd593"", ""occ_9841679f987a67c49866"", ""occ_9f529b955e46291499c2"", ""occ_a0a6ae9d81b5490d1151"", ""occ_a935b48357946e5e0771"", ""occ_aa839f4802712eb9baaa"", ""occ_ad153d707614816ec1aa"", ""occ_ae722c59aa1385233b4f"", ""occ_b3d378064e7763b93db9"", ""occ_b3ea2d0ac0b505eebfe3"", ""occ_b4f12ee52573c98b0d59"", ""occ_b554719738c4cf01617b"", ""occ_b94cf090db77b80a7167"", ""occ_bc1b85f16009fcbe2f0e"", ""occ_bfbf69dce07b7536a8c6"", ""occ_c0c8d31d53088204a210"", ""occ_c0f854ee99d169459c4d"", ""occ_c1b047e560edb65baabe"", ""occ_c2e40c6e0a6144a8e1b2"", ""occ_c84222aa411132c3ce8e"", ""occ_cbb9fa258f88b8e65b6c"", ""occ_cfb5e925ffe54a993b9c"", ""occ_d1258db39ab252eedc51"", ""occ_d179eaa9b65ad44cf159"", ""occ_dcbbdc8583fab696aea9"", ""occ_dd93d130fe62b03dc185"", ""occ_efeffc4ff0957bb483d5"", ""occ_fd03592038fa126826dc""]",run_1f27e7f7434a9d682f85
term_bddb535218bdd2ecee0c,Children cared only by their parents by age group - % over the population of each age group,measure,0.88,semantic-hybrid,True,title evidence with measure lexical cue,"[""occ_c47fdac72346294409eb""]",run_1f27e7f7434a9d682f85
term_8fa5a4c35cfb38394961,"Classroom teachers working full-time and part-time in primary, lower-secondary and upper-secondary education - as % of total active population",measure,0.88,semantic-hybrid,True,title evidence with measure lexical cue,"[""occ_0435b7fd2c7a4c048e36""]",run_1f27e7f7434a9d682f85
term_6f6598d6a5c6b5306e14,client and employment size class,measure,0.88,semantic-hybrid,True,title evidence with measure lexical cue,"[""occ_11e3ac7273329125c240"", ""occ_72d5d5aaacf2bbe16269""]",run_1f27e7f7434a9d682f85
term_7a363ff18d77d79e0ad4,client specialisation and employment,measure,0.88,semantic-hybrid,True,title evidence with measure lexical cue,"[""occ_4a7e6118e640842b0f07""]",run_1f27e7f7434a9d682f85
term_9318c4515d7c954fce10,client specialisation and employment size,measure,0.88,semantic-hybrid,True,title evidence with measure lexical cue,"[""occ_c6ca0d96d7ea19f2b8f0""]",run_1f27e7f7434a9d682f85
term_fe10b1ae59a6ea76f811,client specialisation and employment size class,measure,0.88,semantic-hybrid,True,title evidence with measure lexical cue,"[""occ_e9ab77037b9330baeabe""]",run_1f27e7f7434a9d682f85
term_8a77c4bca59bc950ffce,coefficient of equivalised disposable income,measure,0.88,semantic-hybrid,True,title evidence with measure lexical cue,"[""occ_29d3549e34034a79a9f5"", ""occ_5aaf71cab2f9e24f47c9"", ""occ_622518bce80b97428647"", ""occ_bb23f40a8d227209fee8""]",run_1f27e7f7434a9d682f85
term_51213db9c5c598a1835b,coefficient of equivalised disposable income before,measure,0.88,semantic-hybrid,True,title evidence with measure lexical cue,"[""occ_45e9b4056e75fbad63b6"", ""occ_51c99ebc054acfa9f6d1""]",run_1f27e7f7434a9d682f85
term_a6b5a0759e6a928040cc,coefficient of equivalised disposable income before social,measure,0.88,semantic-hybrid,True,title evidence with measure lexical cue,"[""occ_5ea217c7c6706bae4cc9"", ""occ_e912494a549efa3146b6""]",run_1f27e7f7434a9d682f85
term_750ac1f494c6486e16a6,coefficient of equivalised disposable income before social transfers,measure,0.88,semantic-hybrid,True,title evidence with measure lexical cue,"[""occ_83db35e68cffca72d184"", ""occ_9f83f54831eec7212771""]",run_1f27e7f7434a9d682f85
term_0a89a9b368c55fbdaf2d,coefficient of equivalised disposable income by,measure,0.88,semantic-hybrid,True,title evidence with measure lexical cue,"[""occ_8c272fbb7bca7ccff1ea""]",run_1f27e7f7434a9d682f85
term_e1f4c2cc1d9fef892e99,coefficient of equivalised disposable income by age,measure,0.88,semantic-hybrid,True,title evidence with measure lexical cue,"[""occ_7e67997b2e911050468f""]",run_1f27e7f7434a9d682f85
term_2813ce389d2496033042,Coefficient of variation of price level indices,measure,0.7658074297559995,semantic-hybrid,False,semantic centroid/neighbor measure fallback,"[""occ_000307303c3105303088"", ""occ_050256412ec9c74f0048"", ""occ_0edcc6ffbc745595f572"", ""occ_1ad3ba7c84d063ca95b8"", ""occ_1be221442e6af1db8122"", ""occ_291167db543c9926ba6a"", ""occ_29e815afcced82fc7297"", ""occ_370cab37210fa1833dd8"", ""occ_50b1bd329aab13ff3992"", ""occ_54d459bf5427c72ad776"", ""occ_5da0a0ad80e9caaf1e02"", ""occ_62f93ff43e02b9d84e3f"", ""occ_66a4aee9fb67fcc7a0db"", ""occ_7136b202e85a145897df"", ""occ_7566a0b0f5b483110c26"", ""occ_7a3c3076e54a9ed7d250"", ""occ_7f4fe17b51332ea39f5a"", ""occ_82a77804c1dfab6486fe"", ""occ_82f797792776224299ad"", ""occ_83d1bba47bd8d1e2c56f"", ""occ_8b17fc69d3465528ada1"", ""occ_9bcb1ae34006be3743f5"", ""occ_ba9c7dd6049582aa6df6"", ""occ_c0ab645377de6b75a61d"", ""occ_c154b1097ead0d4b57ba"", ""occ_c2754580d3077e4dbc49"", ""occ_c36f4efe561feee98b76"", ""occ_c71834be4423de2809f9"", ""occ_c79047c40f2f56aea8c2"", ""occ_c9723be932d99813831d"", ""occ_cc7874406f13ae08ca0a"", ""occ_d21536df1f3358a1b2bb"", ""occ_d3464323f54646e49513"", ""occ_d465ae158a0220b99996"", ""occ_d667e9c4e881a230ccfd"", ""occ_d7cb7b843e1a589347e9"", ""occ_de8f9a6b2da3ad3f8e75"", ""occ_deff06b9ad125ba5c854"", ""occ_e0f69f192931bf5b3cfe"", ""occ_e27acb5e994b2bd67a35"", ""occ_e2a3ef3f97d0dadcd6d0"", ""occ_f7cb10ce1fcf7119a092"", ""occ_fa8f098b7bec93db7056"", ""occ_fd5b476480e85d21bc3a"", ""occ_fdbe8a7d8d7e715e7641""]",run_1f27e7f7434a9d682f85
term_0b6a8a4a3bd59140584f,Coefficient of variation of volume indices of expenditure per capita,measure,0.7632740983800503,semantic-hybrid,False,semantic centroid/neighbor measure fallback,"[""occ_03dd8a1e91e005cf001c"", ""occ_0fc0fdb8c97f9bbfe45d"", ""occ_10dceb8b739cd81e66bb"", ""occ_136566578c69506b4010"", ""occ_1974b1259c7b8a8ddac9"", ""occ_241920329b8722d17f1c"", ""occ_33d0fea802f2edd2714d"", ""occ_39a6ff0870142737bfac"", ""occ_3c4501edbe67b460aba8"", ""occ_410ebc268b0c2226677b"", ""occ_4872ce0a59c861ace374"", ""occ_4bc744e405dcde3d8c33"", ""occ_56da73f30368a67fad43"", ""occ_5d80978bc86f24500a09"", ""occ_5ddadf2dc6516d837336"", ""occ_62ea45172723fd8f458f"", ""occ_6643562e01e34b6af6cf"", ""occ_6802699e63c4e08956e4"", ""occ_6d807499f278bb4cc0b0"", ""occ_6e82abe65e28fe240079"", ""occ_738ed37db94e1b3d1f6a"", ""occ_76ba6932dabe401c4999"", ""occ_831d1abd023fdfc7725d"", ""occ_8ac19b5d11f6253e40b7"", ""occ_94d219393f0592f7447f"", ""occ_95126450375e0a5d26dc"", ""occ_9e0184d5d05e24d20745"", ""occ_ad2829cbb90bfcb2b0f4"", ""occ_b3ac6383ebdcd18044e6"", ""occ_ba70c96c4e8b5cc91bf5"", ""occ_bba2cdb85c69c753511b"", ""occ_c4c66f38c05ce872461d"", ""occ_c85ec689049f20ff2c4b"", ""occ_ccb8147b69a45824d5d5"", ""occ_d0498aaf5915a4af2c24"", ""occ_d15e37d3ab3df6275342"", ""occ_d7ec40cd985b0f3bc839"", ""occ_d9f57f30105624c2c602"", ""occ_da75684e88c97114d400"", ""occ_dccd5f623ca419a7c342"", ""occ_de1ddffd9ba2c96c95f7"", ""occ_e36b299e611a0097eab5"", ""occ_e576f7d3a3b0ed940b8d"", ""occ_f0613174b3fae918e413"", ""occ_fbdee8994b58d50d463e""]",run_1f27e7f7434a9d682f85
term_dc8cc71c03a1161398db,coefficient on household population,measure,0.88,semantic-hybrid,True,title evidence with measure lexical cue,"[""occ_330daaf80cd11bd788da""]",run_1f27e7f7434a9d682f85
term_1da9fc59311a552a9ac2,coefficient on household population - experimental,measure,0.88,semantic-hybrid,True,title evidence with measure lexical cue,"[""occ_ffd71768e915bc195f9b""]",run_1f27e7f7434a9d682f85
term_965f2c8eb46896c53862,coefficient on household population - experimental statistics,measure,0.88,semantic-hybrid,True,title evidence with measure lexical cue,"[""occ_0ece3e786b1ba5015148""]",run_1f27e7f7434a9d682f85
term_179afff3667f65ae0b59,coefficients in the European Union (Countries) - index,measure,0.7613977920272066,semantic-hybrid,False,semantic centroid/neighbor measure fallback,"[""occ_6c3825ea006314b1fa71""]",run_1f27e7f7434a9d682f85
term_abe6595cc9167036e271,coefficients in the European Union (Duty stations) - index,measure,0.7814447399960955,semantic-hybrid,False,semantic centroid/neighbor measure fallback,"[""occ_25934d6ed9429a90ee37""]",run_1f27e7f7434a9d682f85
term_a4a333a0937ede910a61,coefficients outside the European Union (Duty stations) - index,measure,0.7770457155874785,semantic-hybrid,False,semantic centroid/neighbor measure fallback,"[""occ_a1f94f10678770362cae""]",run_1f27e7f7434a9d682f85
term_093bae202607c49991aa,"Compensation of employees - annual data, million units of national currency",measure,0.7643337005865074,semantic-hybrid,False,semantic centroid/neighbor measure fallback,"[""occ_522065c74bc9b83e9899""]",run_1f27e7f7434a9d682f85
term_d072cb4727b6a713edcb,Confidence indicators by sector,measure,0.761566264937317,semantic-hybrid,False,semantic centroid/neighbor measure fallback,"[""occ_bca0873ca7e58940ec76""]",run_1f27e7f7434a9d682f85
term_2d201a185e557632decc,consolidated - % GDP,measure,0.88,semantic-hybrid,True,title evidence with measure lexical cue,"[""occ_ce73945e8c2732e8e520""]",run_1f27e7f7434a9d682f85
term_b0f9a7c24e7e9ee0a247,consolidated - % of GDP,measure,0.88,semantic-hybrid,True,title evidence with measure lexical cue,"[""occ_1e30ab0b374db58c0b04"", ""occ_556db895bd91d03898ce"", ""occ_5629c8784a1850c530fb"", ""occ_5ca271de88f8b4a42525"", ""occ_b431b373253c395e0651"", ""occ_fb0f3b85f21708e52cdd""]",run_1f27e7f7434a9d682f85
term_db300a6229990f4e5c99,"construction - annual data, % of GDP",measure,0.88,semantic-hybrid,True,title evidence with measure lexical cue,"[""occ_2b8a5c704fc7409cd911""]",run_1f27e7f7434a9d682f85
term_270c5bbc922dd0e0fc6b,construction production,measure,0.88,semantic-hybrid,True,title evidence with measure lexical cue,"[""occ_8493e75711b8e45d232e""]",run_1f27e7f7434a9d682f85
term_23ab25c3317e2995b56e,"construction, by sex - per 1000 of population",measure,0.88,semantic-hybrid,True,title evidence with measure lexical cue,"[""occ_14d054065355efee126b""]",run_1f27e7f7434a9d682f85
term_eac9a42136b5dce20aea,"construction, by sex - per 1000 of population aged",measure,0.88,semantic-hybrid,True,title evidence with measure lexical cue,"[""occ_2fa32c65fe0639299b8d""]",run_1f27e7f7434a9d682f85
term_3c7c1c1b5bc05c5aa31c,Consumer price,measure,0.88,semantic-hybrid,True,title evidence with measure lexical cue,"[""occ_3ebd9e960f49882ca4f0"", ""occ_d80a8aa55fae275a6dd7""]",run_1f27e7f7434a9d682f85
term_eacb2216fe4997adf92e,Consumer price index,measure,0.88,semantic-hybrid,True,title evidence with measure lexical cue,"[""occ_0ade844f855e2cc7e3ec"", ""occ_e4ce685771592bd1b6f2""]",run_1f27e7f7434a9d682f85
term_9ca62c80360c4ee1a6ad,Consumer price index - ENP-East,measure,0.88,semantic-hybrid,True,title evidence with measure lexical cue,"[""occ_de0a1e1b6acc71a3d378""]",run_1f27e7f7434a9d682f85
term_5574a85a609e8966b428,Consumer price index - ENP-East countries,measure,0.88,semantic-hybrid,True,title evidence with measure lexical cue,"[""occ_428205c5457712de4396""]",run_1f27e7f7434a9d682f85
term_4757f80434857b5bf240,Consumer price index - ENP-South,measure,0.88,semantic-hybrid,True,title evidence with measure lexical cue,"[""occ_3860fb36a27613889af0""]",run_1f27e7f7434a9d682f85
term_a1ec4c2cbf84309933ed,Consumer price index - ENP-South countries,measure,0.88,semantic-hybrid,True,title evidence with measure lexical cue,"[""occ_e339d94f53fb9a24dc38""]",run_1f27e7f7434a9d682f85
term_8a49ac78989e673f0a58,consumption expenditure,measure,0.88,semantic-hybrid,True,title evidence with measure lexical cue,"[""occ_01a9f05d1ea18caaafae"", ""occ_0eb91d28a0f8ca3605e2"", ""occ_1af222a7887f8e354dba"", ""occ_2241d94d49d8cb278644"", ""occ_3a018161a71579c8bd2c"", ""occ_5fcae02a93fcabc4c6ba"", ""occ_807022bb0a9f52e69f5a"", ""occ_9e3e78045c70e37b3495"", ""occ_af68db54b65048be5d3d"", ""occ_ba2bb4e60320de2de1ac"", ""occ_e6b40726035a7ae35bd0"", ""occ_f074f14682612a1347de""]",run_1f27e7f7434a9d682f85
term_bd56746b1b6c6609a60e,consumption expenditure by,measure,0.88,semantic-hybrid,True,title evidence with measure lexical cue,"[""occ_0fb1b3fe30f208952ecf""]",run_1f27e7f7434a9d682f85
term_a6bd8d7b14b632e23eb5,consumption expenditure by number,measure,0.88,semantic-hybrid,True,title evidence with measure lexical cue,"[""occ_6738986a51807a5a1d63""]",run_1f27e7f7434a9d682f85
term_e45af84c8ef8d84ed016,consumption expenditure by number of,measure,0.88,semantic-hybrid,True,title evidence with measure lexical cue,"[""occ_f0c23c62f1b6c56c4de6""]",run_1f27e7f7434a9d682f85
term_e331fe30a47f867df999,consumption expenditure by number of active,measure,0.88,semantic-hybrid,True,title evidence with measure lexical cue,"[""occ_0e44d39b88f6a1a142e4""]",run_1f27e7f7434a9d682f85
term_e13b702096d60a1b0e46,consumption expenditure by number of active persons,measure,0.88,semantic-hybrid,True,title evidence with measure lexical cue,"[""occ_4dacdcdf18b22cf8711a""]",run_1f27e7f7434a9d682f85
term_a59496d54703b07080d4,consumption expenditure of,measure,0.88,semantic-hybrid,True,title evidence with measure lexical cue,"[""occ_36782d940cdc86e80cab"", ""occ_42dbd271e09b503ad759"", ""occ_76b6a9e7138ac277327b"", ""occ_a5d876770b9af2124dea"", ""occ_b8067eaf156b1879aa0f"", ""occ_c0c57d6a8370c976be2a"", ""occ_dfdc07b9c73f098f9336""]",run_1f27e7f7434a9d682f85
term_ad2dfae1c5a4e506b684,consumption expenditure of general,measure,0.88,semantic-hybrid,True,title evidence with measure lexical cue,"[""occ_dc19e4aefdab9421e565""]",run_1f27e7f7434a9d682f85
term_7dc31938b91344f421c5,consumption expenditure of general government,measure,0.88,semantic-hybrid,True,title evidence with measure lexical cue,"[""occ_ac6f48e9b1c9e55d395d""]",run_1f27e7f7434a9d682f85
term_0d1bf925c2c0d9af058e,consumption expenditure of households,measure,0.88,semantic-hybrid,True,title evidence with measure lexical cue,"[""occ_1c01e5cb8b7094bf17f8"", ""occ_6c5491fb7b6dddaa2c09"", ""occ_c7e32c365a39181a01ad"", ""occ_e184efba7a171f97dfd7""]",run_1f27e7f7434a9d682f85
term_0425ca3ee69cc67b4b25,consumption expenditure of households and,measure,0.88,semantic-hybrid,True,title evidence with measure lexical cue,"[""occ_777a7a1f3bcb0064cba0"", ""occ_c7d0ee9ef6440ee6ccdf"", ""occ_d740c8b86b4ac08cba9b"", ""occ_f3d46bd57fc9eaffe49d""]",run_1f27e7f7434a9d682f85
term_7dafb3d232550d12966b,consumption expenditure of households and non-profit,measure,0.88,semantic-hybrid,True,title evidence with measure lexical cue,"[""occ_43f2a4e94fbc9b15b92e"", ""occ_6dfa51fa75c4b45ae0f7""]",run_1f27e7f7434a9d682f85
term_170b665acb71b4689ac3,consumption expenditure of households and non-profit institutions,measure,0.88,semantic-hybrid,True,title evidence with measure lexical cue,"[""occ_ea3cb31bee96f690fe4c"", ""occ_f461599a00293a69d227""]",run_1f27e7f7434a9d682f85
term_592d465ba3b6fd25fdc2,consumption expenditure of households and NPISH,measure,0.88,semantic-hybrid,True,title evidence with measure lexical cue,"[""occ_4d8794989ec99e471360"", ""occ_ec8b9cfa83d6db20ee02""]",run_1f27e7f7434a9d682f85
term_145c39b1be8ad8b2ed32,"consumption expenditure of households and NPISH, volumes",measure,0.88,semantic-hybrid,True,title evidence with measure lexical cue,"[""occ_9041b0718bdedad2d52f""]",run_1f27e7f7434a9d682f85
term_0b9a48e80805575abeb7,consumption expenditure of private,measure,0.88,semantic-hybrid,True,title evidence with measure lexical cue,"[""occ_6342dc741aa9ee940a1e"", ""occ_fcd1c7183848bd5a92a9""]",run_1f27e7f7434a9d682f85
term_1368a4d264e92ca6cb85,consumption expenditure of private households,measure,0.88,semantic-hybrid,True,title evidence with measure lexical cue,"[""occ_07b0fff0aebcb48d098d"", ""occ_35a90f6d504786bf4b08""]",run_1f27e7f7434a9d682f85
term_bd2df3824e090dd571c9,consumption expenditure of private households on,measure,0.88,semantic-hybrid,True,title evidence with measure lexical cue,"[""occ_2a60a570044a381e4143"", ""occ_8aad3fd8bb6d03e34d5e""]",run_1f27e7f7434a9d682f85
term_2dcc482edd4ed63d34bd,consumption expenditure per,measure,0.88,semantic-hybrid,True,title evidence with measure lexical cue,"[""occ_cc5ab8da99c6ffa67527""]",run_1f27e7f7434a9d682f85
term_c93d7e5ae3c4509174a4,consumption expenditure per household,measure,0.88,semantic-hybrid,True,title evidence with measure lexical cue,"[""occ_6dbe3bce72c36e840f10""]",run_1f27e7f7434a9d682f85
term_e4d1cb3b427ae90db05b,consumption expenditure per household and,measure,0.88,semantic-hybrid,True,title evidence with measure lexical cue,"[""occ_382adae91a7813c7a08e""]",run_1f27e7f7434a9d682f85
term_423ed62118243034971d,consumption expenditure per household and per,measure,0.88,semantic-hybrid,True,title evidence with measure lexical cue,"[""occ_857b8e5f6e74cf7fadb7""]",run_1f27e7f7434a9d682f85
term_e1aeff91a58f69d0540a,"consumption expenditure, current",measure,0.88,semantic-hybrid,True,title evidence with measure lexical cue,"[""occ_e267318deb811af824dc""]",run_1f27e7f7434a9d682f85
term_72aefcf4e7763ff49b19,"consumption expenditure, current prices",measure,0.88,semantic-hybrid,True,title evidence with measure lexical cue,"[""occ_5832db57f3e093daf265""]",run_1f27e7f7434a9d682f85
term_ac2baeb4fb269c88b620,"consumption expenditure, volumes",measure,0.88,semantic-hybrid,True,title evidence with measure lexical cue,"[""occ_1de23713753e3b51515b""]",run_1f27e7f7434a9d682f85
term_6150cd2caa8f4a04c46e,Container transport by type of goods and coverage,measure,0.88,semantic-hybrid,True,title evidence with measure lexical cue,"[""occ_6c3a3321244aa616c325""]",run_1f27e7f7434a9d682f85
term_1ec0217a61f09c7dfa21,Conversion factors for euro fixed series into euro/ECU - annual data,measure,0.787596559874535,semantic-hybrid,False,semantic centroid/neighbor measure fallback,"[""occ_910ab6764007f6d5a55d""]",run_1f27e7f7434a9d682f85
term_99c485de20d52c08d9cd,"corporations debt, consolidated - % of GDP",measure,0.88,semantic-hybrid,True,title evidence with measure lexical cue,"[""occ_1d881e44925b85262b30""]",run_1f27e7f7434a9d682f85
term_4a2df504feb38b938ec0,Correction coefficients in the European Union (Countries) - index,measure,0.7622261338589381,semantic-hybrid,False,semantic centroid/neighbor measure fallback,"[""occ_30388d913b0e3aeada12""]",run_1f27e7f7434a9d682f85
term_b6f8218fad51cd6a79cf,Correction coefficients in the European Union (Duty stations),measure,0.7833041273190562,semantic-hybrid,False,semantic centroid/neighbor measure fallback,"[""occ_ac4da578b5dc76eb3e97""]",run_1f27e7f7434a9d682f85
term_94d830dd2f96160ae9f5,Correction coefficients outside the European Union (Duty stations),measure,0.7736868909356432,semantic-hybrid,False,semantic centroid/neighbor measure fallback,"[""occ_3e82576f3210267f407a""]",run_1f27e7f7434a9d682f85
term_ec270f0bf803b6b2ea3c,Correction coefficients outside the European Union (Duty stations) - index (Brussels = 100),measure,0.7734718475461826,semantic-hybrid,False,semantic centroid/neighbor measure fallback,"[""occ_727c2465f804a733618b""]",run_1f27e7f7434a9d682f85
term_9bcef97cf3810bf6937c,corresponding age population,measure,0.88,semantic-hybrid,True,title evidence with measure lexical cue,"[""occ_3a319defdf65ac07cd9b""]",run_1f27e7f7434a9d682f85
term_3a65a7f038e4d9fc3f29,cost overburden rate by,measure,0.7648864048484556,semantic-hybrid,False,semantic centroid/neighbor measure fallback,"[""occ_02a23328b72770d53ccb"", ""occ_225c8761f5987765a04d"", ""occ_258de334048591a5e8e6"", ""occ_2c4d72e1bf9ff51b38a3"", ""occ_6475b7dab53dcc31f45b"", ""occ_7692b3aa8a1ddeca4c67"", ""occ_8894a0077ae196f33c75"", ""occ_a4e434dd4ca00cc1053b"", ""occ_da6daeaaa15cfb93df05"", ""occ_e4d8a11fbc474c36a99e"", ""occ_fd624c8259c21f9dfdc2"", ""occ_fe37c9c1c9af2608819b""]",run_1f27e7f7434a9d682f85
term_ff0131bfc54bd198ac0c,cost overburden rate by age,measure,0.7843935901566454,semantic-hybrid,False,semantic centroid/neighbor measure fallback,"[""occ_603a9595ac7a3adcb083""]",run_1f27e7f7434a9d682f85
term_69769db7cbf15fff87ee,cost overburden rate by age group,measure,0.7792504807825589,semantic-hybrid,False,semantic centroid/neighbor measure fallback,"[""occ_e022234ce6650feb2a6c""]",run_1f27e7f7434a9d682f85
term_ad730923cfaa30d0f2c4,cost overburden rate by age group - EU-SILC,measure,0.7651406111571541,semantic-hybrid,False,semantic centroid/neighbor measure fallback,"[""occ_21a1b6453500413f8bec""]",run_1f27e7f7434a9d682f85
term_cb86ee3e0478da4c384b,cost overburden rate by age group - EU-SILC survey,measure,0.7624518569212879,semantic-hybrid,False,semantic centroid/neighbor measure fallback,"[""occ_a1846247abec8f9f29f8""]",run_1f27e7f7434a9d682f85
term_7ccdf657f8e2e934d309,cost overburden rate by degree,measure,0.7691090860342632,semantic-hybrid,False,semantic centroid/neighbor measure fallback,"[""occ_1793764894081d4e6b7c"", ""occ_8b94065b69e1ca927066""]",run_1f27e7f7434a9d682f85
term_f593e4c54a414e2b8037,cost overburden rate by degree of,measure,0.768589470175294,semantic-hybrid,False,semantic centroid/neighbor measure fallback,"[""occ_0e0d9e1b06be20201ca9"", ""occ_66864b57326ddf614b77""]",run_1f27e7f7434a9d682f85
term_b20e0e68d66ea76ee1b3,cost overburden rate by degree of urbanisation,measure,0.7635840413661685,semantic-hybrid,False,semantic centroid/neighbor measure fallback,"[""occ_366b493b28e03e15acf6"", ""occ_b27666ca976971b5be60""]",run_1f27e7f7434a9d682f85
term_eec5d5092f3e815854fa,cost overburden rate by household,measure,0.7864970612301048,semantic-hybrid,False,semantic centroid/neighbor measure fallback,"[""occ_5ae37528733f1dc9f5e2""]",run_1f27e7f7434a9d682f85
term_70357ee26c4bd24cd1ab,cost overburden rate by household type,measure,0.7932776235236433,semantic-hybrid,False,semantic centroid/neighbor measure fallback,"[""occ_88806be064f40ffb5110""]",run_1f27e7f7434a9d682f85
term_cc778858cafd83ce8075,cost overburden rate by household type - EU-SILC,measure,0.7828163132330386,semantic-hybrid,False,semantic centroid/neighbor measure fallback,"[""occ_174fe4210c3719322ff5""]",run_1f27e7f7434a9d682f85
term_87cfae7ad964dccf024e,cost overburden rate by household type - EU-SILC survey,measure,0.7786654273684187,semantic-hybrid,False,semantic centroid/neighbor measure fallback,"[""occ_eb7880b4aadaabda71b3""]",run_1f27e7f7434a9d682f85
term_a815c3e3b236c282b21d,cost overburden rate by income,measure,0.88,semantic-hybrid,True,title evidence with measure lexical cue,"[""occ_9a82b55e96d8e0c48df5"", ""occ_d7f2e274b947fcf79df9""]",run_1f27e7f7434a9d682f85
term_0899072c365bb7f8aee5,cost overburden rate by income quintile,measure,0.88,semantic-hybrid,True,title evidence with measure lexical cue,"[""occ_443ebe12783c242f3b08"", ""occ_6c1c3c2d0b48b6fe06e5""]",run_1f27e7f7434a9d682f85
term_04130facab3ac9c141f0,cost overburden rate by income quintile - EU-SILC,measure,0.88,semantic-hybrid,True,title evidence with measure lexical cue,"[""occ_cd03da00a871b15d0da7""]",run_1f27e7f7434a9d682f85
term_28d6a1798cad4829b032,cost overburden rate by income quintile - EU-SILC survey,measure,0.88,semantic-hybrid,True,title evidence with measure lexical cue,"[""occ_6bd5d5c555f3d15639c6""]",run_1f27e7f7434a9d682f85
term_10bae23839858d55b682,cost overburden rate by poverty,measure,0.772388050998679,semantic-hybrid,False,semantic centroid/neighbor measure fallback,"[""occ_7c43f50a2310445a6895"", ""occ_e070685ae4e79b72cb61""]",run_1f27e7f7434a9d682f85
term_24c25f30c53dd1cfdad2,cost overburden rate by poverty status,measure,0.7772230865817187,semantic-hybrid,False,semantic centroid/neighbor measure fallback,"[""occ_950c1d3ca7be48be5674"", ""occ_c5be4ca9cc54b8af662a""]",run_1f27e7f7434a9d682f85
term_03f9b607b579ff9ba465,cost overburden rate by sex,measure,0.7901311074917154,semantic-hybrid,False,semantic centroid/neighbor measure fallback,"[""occ_bb24cdaa0f7608d6a420""]",run_1f27e7f7434a9d682f85
term_3f92ac7541ff172da50c,cost overburden rate by sex - EU-SILC,measure,0.7874617513006593,semantic-hybrid,False,semantic centroid/neighbor measure fallback,"[""occ_f72c7e2be74e4a4b9719""]",run_1f27e7f7434a9d682f85
term_4eb13dad53dfc51742a3,cost overburden rate by sex - EU-SILC survey,measure,0.7715840343961514,semantic-hybrid,False,semantic centroid/neighbor measure fallback,"[""occ_9481729749853d3731ef""]",run_1f27e7f7434a9d682f85
term_0b622471cab980ca1bca,cost overburden rate by tenure,measure,0.7603604387303987,semantic-hybrid,False,semantic centroid/neighbor measure fallback,"[""occ_112782f3d256508787f3"", ""occ_31cd1121c5d75fa017b4""]",run_1f27e7f7434a9d682f85
term_eeb74df36ec781cf531c,Country level - gross weight of goods handled in main ports,measure,0.7731987203444449,semantic-hybrid,False,semantic centroid/neighbor measure fallback,"[""occ_f60167f6598cca227e83""]",run_1f27e7f7434a9d682f85
term_027275b4917a775d06d1,Country level - gross weight of goods transported to/from main ports,measure,0.88,semantic-hybrid,True,title evidence with measure lexical cue,"[""occ_3fef920e4b4c6091f442""]",run_1f27e7f7434a9d682f85
term_36dc88e62518e6bc73fc,country of birth,measure,0.88,semantic-hybrid,True,title evidence with measure lexical cue,"[""occ_12bb8a748d0592ef293e"", ""occ_34fce2b3819335dd9a30"", ""occ_655c3f1d65f855afd015"", ""occ_91a3f4fe0a1bc8a1e0a1"", ""occ_a1d432ae4cea75d8205f"", ""occ_bb7418256dc1a79adda4""]",run_1f27e7f7434a9d682f85
term_c50c83f66e18d7bf5df5,Country weights for EEA (European Economic Area),measure,0.7855643341347082,semantic-hybrid,False,semantic centroid/neighbor measure fallback,"[""occ_0f297c930c55791a0522"", ""occ_1be65b99ed068aa72b08"", ""occ_20b2698f4b321de22e65"", ""occ_2394cf5cd8ad3324123b"", ""occ_3b53326d51a53c80b828"", ""occ_3c4db609e85945c97d1a"", ""occ_3f2bcea4c8e4cbb73ee8"", ""occ_50d1468c850b08da63e1"", ""occ_5defc488e5f4dfc2a17d"", ""occ_5f25de8a566babe1eb89"", ""occ_60b72b6f75b36b47547e"", ""occ_61e7e4a78fef7358e41b"", ""occ_649e96d67fad63415d7a"", ""occ_6be359bd1c2723d4671d"", ""occ_7cd1267d696066237514"", ""occ_89608d7adbbfc8adc929"", ""occ_9bccaf10800f2ad8ae5f"", ""occ_9f262e31b9eea6f121e3"", ""occ_ac58bfa645d3897d9e4c"", ""occ_bc7dfbf6c46f9eb22b82"", ""occ_c3ef0ed308e702aac15f"", ""occ_c4062b811f77180a22f1"", ""occ_d1866ee5fc539d0acf08"", ""occ_d1f3ebf508a970f1a486"", ""occ_dd249e34b98ba82d2fe5"", ""occ_de5c205c39b17fc7aaf4"", ""occ_e6d6b48075f7802c813d"", ""occ_e807ae85950882e04284"", ""occ_ec0ec75f798b9fe4e9e8"", ""occ_ee2593b5f40c4685fbf5"", ""occ_ee3be3d5c1f427b4b8d4"", ""occ_ff43734cda72981c6323""]",run_1f27e7f7434a9d682f85
term_0677bb2e79a9e64b7f62,"credit flow, consolidated - % GDP",measure,0.88,semantic-hybrid,True,title evidence with measure lexical cue,"[""occ_5d1e0734efef3425efad""]",run_1f27e7f7434a9d682f85
term_f76d6e5998234412fe60,"credit flow: loans by sectors, consolidated - % of GDP",measure,0.88,semantic-hybrid,True,title evidence with measure lexical cue,"[""occ_7b0937591a56566d7084""]",run_1f27e7f7434a9d682f85
term_958e2affcec9a83f6e23,"credit flow: loans by sectors, non-consolidated - % of GDP",measure,0.88,semantic-hybrid,True,title evidence with measure lexical cue,"[""occ_48d3ccf4f55c6158786b""]",run_1f27e7f7434a9d682f85
term_ff95d02ba7eef7d87692,Crimes recorded,measure,0.88,semantic-hybrid,True,title evidence with measure lexical cue,"[""occ_09cc12f7fa2304087f1a"", ""occ_8386c7dc7c0d2e043813""]",run_1f27e7f7434a9d682f85
term_451248dfc8f1e4681a7b,Crimes recorded by,measure,0.88,semantic-hybrid,True,title evidence with measure lexical cue,"[""occ_175dc8ec61fffd8a8c2a"", ""occ_eb51e94d1f0776bf004f""]",run_1f27e7f7434a9d682f85
term_e6c95aace388b59070dc,Crimes recorded by the,measure,0.88,semantic-hybrid,True,title evidence with measure lexical cue,"[""occ_4651bc1450d7fe3ec756"", ""occ_fdafa33b70beaea0cf4c""]",run_1f27e7f7434a9d682f85
term_e2153be935470aa4e814,Crimes recorded by the police - homicide,measure,0.88,semantic-hybrid,True,title evidence with measure lexical cue,"[""occ_1f7a4818ce45ba9acf02""]",run_1f27e7f7434a9d682f85
term_4eaa546f4f33c2d1b158,Crimes recorded by the police - homicide in,measure,0.88,semantic-hybrid,True,title evidence with measure lexical cue,"[""occ_a8a7fc0710e3e949d8c1""]",run_1f27e7f7434a9d682f85
term_ac49c8d4bf9ebe2ab58f,Crimes recorded by the police - homicide in cities,measure,0.88,semantic-hybrid,True,title evidence with measure lexical cue,"[""occ_d97d5f85c313a5a77fdf""]",run_1f27e7f7434a9d682f85
term_112b7bcba889c2543790,Crop output - basic and producer prices,measure,0.88,semantic-hybrid,True,title evidence with measure lexical cue,"[""occ_8daac879fbe24cfd64cc""]",run_1f27e7f7434a9d682f85
term_b95618506246a0d840b9,Crop production - ENP-East,measure,0.88,semantic-hybrid,True,title evidence with measure lexical cue,"[""occ_7950e7b2d7696e81f247""]",run_1f27e7f7434a9d682f85
term_484236517c42f3ecd18f,Crop production - ENP-East countries,measure,0.88,semantic-hybrid,True,title evidence with measure lexical cue,"[""occ_9d378f86402735c71fcc""]",run_1f27e7f7434a9d682f85
term_31d760a4e52bb99df2a9,Crop production - ENP-South,measure,0.88,semantic-hybrid,True,title evidence with measure lexical cue,"[""occ_0a4ffab41d36cab9d0e6""]",run_1f27e7f7434a9d682f85
term_e9ef238b028627dd77c4,Crop production - ENP-South countries,measure,0.88,semantic-hybrid,True,title evidence with measure lexical cue,"[""occ_9731dcadaf142d5e4512""]",run_1f27e7f7434a9d682f85
term_328899e6cf00930bc556,crops for the production,measure,0.88,semantic-hybrid,True,title evidence with measure lexical cue,"[""occ_1c149a14ae05b17ca795""]",run_1f27e7f7434a9d682f85
term_f634a70c0d1d81e308e5,cross trade and employment,measure,0.88,semantic-hybrid,True,title evidence with measure lexical cue,"[""occ_3818f1d8d43ea7db60a5"", ""occ_793b8b14824cd024cc0c""]",run_1f27e7f7434a9d682f85
term_c503c5c1c251c1e012f2,cross trade and employment size,measure,0.88,semantic-hybrid,True,title evidence with measure lexical cue,"[""occ_24ac9878a737cbd3fcc8"", ""occ_d4deba09d8ada63298c3""]",run_1f27e7f7434a9d682f85
term_f8b1f7c446f8c97e0f9c,cross trade and employment size class,measure,0.88,semantic-hybrid,True,title evidence with measure lexical cue,"[""occ_ab94f43cdeb53c24ba91"", ""occ_b1261d6f365b28350ad5""]",run_1f27e7f7434a9d682f85
term_02411c24f4072e86693d,cross trade by employment,measure,0.88,semantic-hybrid,True,title evidence with measure lexical cue,"[""occ_978f30b4ee977d593cce""]",run_1f27e7f7434a9d682f85
term_a2d92e1fa35a6ad48e01,cross trade by employment size,measure,0.88,semantic-hybrid,True,title evidence with measure lexical cue,"[""occ_04120cb6133534e2b0d1""]",run_1f27e7f7434a9d682f85
term_92bb49f8030860b8b88d,crude birth,measure,0.88,semantic-hybrid,True,title evidence with measure lexical cue,"[""occ_d0aecc3d822f4a88b4b4""]",run_1f27e7f7434a9d682f85
term_6b1501fb5f98b191bfa7,crude death,measure,0.88,semantic-hybrid,True,title evidence with measure lexical cue,"[""occ_20804f21bd4d80db17f6""]",run_1f27e7f7434a9d682f85
term_61c27373016830223861,Crude rate of birth,measure,0.88,semantic-hybrid,True,title evidence with measure lexical cue,"[""occ_5011e7340a8bac8327e8""]",run_1f27e7f7434a9d682f85
term_35bb6dc06f2044992d78,"Crude rate of birth, of",measure,0.88,semantic-hybrid,True,title evidence with measure lexical cue,"[""occ_725979610a37e860de57""]",run_1f27e7f7434a9d682f85
term_dd45493c816afd7146e0,"Crude rate of birth, of dead",measure,0.88,semantic-hybrid,True,title evidence with measure lexical cue,"[""occ_d2fbfdf1fc07dc6d0a90""]",run_1f27e7f7434a9d682f85
term_43209a68bc2beef36d3c,"Crude rate of birth, of dead and",measure,0.88,semantic-hybrid,True,title evidence with measure lexical cue,"[""occ_ddb7ed711313624c4571""]",run_1f27e7f7434a9d682f85
term_c94874a1f6f3b9ae4cf3,"Crude rate of birth, of dead and of",measure,0.88,semantic-hybrid,True,title evidence with measure lexical cue,"[""occ_fb1e29cf57e821530023""]",run_1f27e7f7434a9d682f85
term_99e1529e4e89f9c36b6e,"Crude rate of birth, of dead and of population change",measure,0.88,semantic-hybrid,True,title evidence with measure lexical cue,"[""occ_8593896ef881b89db663""]",run_1f27e7f7434a9d682f85
term_0aaad1fb739644538df7,"Crude rate of birth, of dead and of population change - ENP-South countries",measure,0.88,semantic-hybrid,True,title evidence with measure lexical cue,"[""occ_ed153bd4f799f587999e""]",run_1f27e7f7434a9d682f85
term_fdb96a32b44873a07fe6,Crude rate of natural change of population,measure,0.7611900633871231,semantic-hybrid,False,semantic centroid/neighbor measure fallback,"[""occ_040cab20bb3a7edbc989"", ""occ_0494e70f438abc318ae1"", ""occ_0cbb42c426fc1a498966"", ""occ_0e0deb0c9cd49fea0e77"", ""occ_112a81845c3ff1de711f"", ""occ_12fd8cf7623a40a82ff0"", ""occ_135c09bd79a22925e3f5"", ""occ_1d9211c5861af9a1dc2d"", ""occ_272113930c492ab2c298"", ""occ_2c9433a0c8ba1dce542c"", ""occ_2ee19e14ccf1e51f3b31"", ""occ_38d0d3060a19228a5dd2"", ""occ_391591fb31bf7cc5ca8e"", ""occ_482f8bf40a083ce05349"", ""occ_48631ed06abf343d7ae1"", ""occ_49a82d12d96ed0384901"", ""occ_521dccaf850e9ff8a715"", ""occ_546817dce96ce9a45fb7"", ""occ_5486e2f292f567372187"", ""occ_5a74085b1b8c477dc237"", ""occ_5db9feccfb16dcdb0738"", ""occ_5f62e540a3f941443467"", ""occ_6259ce6b1077be34596c"", ""occ_666e2d4e6c762cf0ec82"", ""occ_6c9fc2e4a855041bdda8"", ""occ_6fca668345962c941433"", ""occ_73830f16f1918b93c7d0"", ""occ_756804d8fd78dd393ae2"", ""occ_7621bd014e97a2005fa0"", ""occ_7688183f4b3108bb26b8"", ""occ_781f860497e1e54c829b"", ""occ_7b6ac9caa9550fe1320f"", ""occ_7dee1eff7461702d268e"", ""occ_7eb0be708dd0b914bb5b"", ""occ_86867878bc15108d244b"", ""occ_87f6135ff2ea843f6fac"", ""occ_8f9eb2e075895413f50c"", ""occ_94739a79be48d2caba6f"", ""occ_a2f3570d6ad428134d70"", ""occ_a4b9db53564ae695aef3"", ""occ_a5082bc2cb493b64630c"", ""occ_ac2fa503d38adda276d6"", ""occ_b20a32640185f72723bf"", ""occ_b26d7e57d60f10f0208b"", ""occ_b65aaa26abf7bd19b2f8"", ""occ_b77593f44f05d7a6c9b7"", ""occ_bd9f36da35c86b6093cd"", ""occ_c1e19f1634a4c108bac4"", ""occ_ceb093f7907fd229d4b0"", ""occ_d30a99610a59c4d6a14d"", ""occ_d89555c5517cfa422e71"", ""occ_dfe59585d1ec8ebf031e"", ""occ_e312a16f4d0a35aefb39"", ""occ_e4450ac4be05095c0b8d"", ""occ_ea2af22ecd3035650e35"", ""occ_eba3906912e8338e2fae"", ""occ_f656a05fc5e2af86d6d8"", ""occ_f7c31ba908c5c3b2b930"", ""occ_fb807387e6b616be07ac"", ""occ_fc052aa45029d536a7cc"", ""occ_fc7a8eefc1e2069da92d""]",run_1f27e7f7434a9d682f85
term_20a52f626a5801c02361,Crude rate of net migration plus statistical adjustment,measure,0.7803518680667182,semantic-hybrid,False,semantic centroid/neighbor measure fallback,"[""occ_034313dc06118c57304f"", ""occ_0be53ca28dcf2ee9823b"", ""occ_2003907c3333ed4657ed"", ""occ_2640517e43f9acab859b"", ""occ_2e7efc4f94d1499e7460"", ""occ_30bfbe87d3f8a6919895"", ""occ_3b94969e5163d80f43a7"", ""occ_3d8144c0a8f9590bdb6c"", ""occ_3ec9c49c83a7fb3be720"", ""occ_43ebbc43bffb8be64ba6"", ""occ_46b8d70bb63faf65a7da"", ""occ_4b756471f0a9f3d3a8ce"", ""occ_4c0db7204f1df58e0612"", ""occ_552d77f71b5c7a5eb66c"", ""occ_5870e2f44e1fa2ad9cd9"", ""occ_593f8f35ccf7f838a17d"", ""occ_5aae7c16c0daac2261cc"", ""occ_606b056484809ac1e048"", ""occ_6b704d9b15288e9b2466"", ""occ_6dab6351f389c198a0c5"", ""occ_731608f900b7cbb3755b"", ""occ_788a8e8063e23ed9aa77"", ""occ_7f17adcd0bf49ea44ef0"", ""occ_828e3b911385548ad040"", ""occ_850dbec809ac6dc30a70"", ""occ_8e711ceebc7bd0e70884"", ""occ_8f8f952b339ee0b41a67"", ""occ_98203c1a676f2e198923"", ""occ_9a254786c6fe14d9340a"", ""occ_a1a4c8eeda095987094b"", ""occ_a30ecd38027f1f76b6b9"", ""occ_a6d25926fa353488127b"", ""occ_a7b243a28fcd6210f1ce"", ""occ_b6c6f865000a64890894"", ""occ_b9de40acaf202c7f5999"", ""occ_c6525188bd0cd6c65a34"", ""occ_cc98b41eacc9e977e0c3"", ""occ_cd229ce802168b527d87"", ""occ_ce2781676e9eeb2c5f62"", ""occ_ce438c46472cc64b6eb9"", ""occ_cebafa8e2ce153e1dd6b"", ""occ_d18c255b7dbb938e4665"", ""occ_d556ed316f92fffd4ce6"", ""occ_e0c2c77458d21c169a71"", ""occ_e35433d01e445b21636c"", ""occ_efcd760fc7bd417b3da3"", ""occ_f05b925f388467340d6e"", ""occ_f5f30d0e3d1c88ae9e3d"", ""occ_f8247a9773c31a57540e"", ""occ_fcea14e53ef12046eb03"", ""occ_fd0a0c7a7b68c97947d7"", ""occ_fed6b4a18e3cfffceb46""]",run_1f27e7f7434a9d682f85
term_5b656d79774bfea6beda,"crude rates of total change, natural change and net migration plus adjustment",measure,0.769879503440174,semantic-hybrid,False,semantic centroid/neighbor measure fallback,"[""occ_1cc7b1a1416f37cb0519""]",run_1f27e7f7434a9d682f85
term_89706422fa37fcd1901f,Cultural employment,measure,0.88,semantic-hybrid,True,title evidence with measure lexical cue,"[""occ_7de8aa95a8aeacfce128""]",run_1f27e7f7434a9d682f85
term_48a7de420819ab629559,Cultural employment by,measure,0.88,semantic-hybrid,True,title evidence with measure lexical cue,"[""occ_37e8aeaa1fda23cfabbb""]",run_1f27e7f7434a9d682f85
term_1e90b7c1d9857b0b43e2,Cultural employment by sex,measure,0.88,semantic-hybrid,True,title evidence with measure lexical cue,"[""occ_0c7c251f816d02679ea2""]",run_1f27e7f7434a9d682f85
term_b7d58596885dbf86ac1b,Current account balance - annual data,measure,0.7729887113629818,semantic-hybrid,False,semantic centroid/neighbor measure fallback,"[""occ_c6e962b421fe247083cb""]",run_1f27e7f7434a9d682f85
term_9e00685af2a33b10eb4a,Current account transactions - primary income,measure,0.88,semantic-hybrid,True,title evidence with measure lexical cue,"[""occ_81b84b296d86bc02536c""]",run_1f27e7f7434a9d682f85
term_851bd6c711976d17d212,Current account transactions - primary income: credits,measure,0.88,semantic-hybrid,True,title evidence with measure lexical cue,"[""occ_1ee37d9179b0d57ba64e""]",run_1f27e7f7434a9d682f85
term_74b07696ddb60afe0664,"Current account transactions - primary income: credits, debits",measure,0.88,semantic-hybrid,True,title evidence with measure lexical cue,"[""occ_2097e31f777a56aac26d""]",run_1f27e7f7434a9d682f85
term_b3d80cb8be19aed785e5,"Current account transactions - primary income: credits, debits and",measure,0.88,semantic-hybrid,True,title evidence with measure lexical cue,"[""occ_854474eaf81ac72edb2a""]",run_1f27e7f7434a9d682f85
term_c46d3ef2aa9824c586e8,"Current account transactions - primary income: credits, debits and balance",measure,0.88,semantic-hybrid,True,title evidence with measure lexical cue,"[""occ_5588605db54edf25987f""]",run_1f27e7f7434a9d682f85
term_abdbbedcf2ec3a368f66,Current account transactions - secondary income,measure,0.88,semantic-hybrid,True,title evidence with measure lexical cue,"[""occ_4c231d3b5475ad91f25d""]",run_1f27e7f7434a9d682f85
term_86e05ac1c2dbf2842d0e,Current account transactions - secondary income: credits,measure,0.88,semantic-hybrid,True,title evidence with measure lexical cue,"[""occ_4c17e106fa9203ded2f6""]",run_1f27e7f7434a9d682f85
term_fc26c1d86e072855fe52,"Current account transactions - secondary income: credits, debits",measure,0.88,semantic-hybrid,True,title evidence with measure lexical cue,"[""occ_20d7bc60c1677eb7e3dc""]",run_1f27e7f7434a9d682f85
term_8008b154d8c29d2a6458,"Current account transactions - secondary income: credits, debits and",measure,0.88,semantic-hybrid,True,title evidence with measure lexical cue,"[""occ_70bbe277808187e520b2""]",run_1f27e7f7434a9d682f85
term_f216ac3c2bf81bef68a4,"Current account transactions - secondary income: credits, debits and balance",measure,0.88,semantic-hybrid,True,title evidence with measure lexical cue,"[""occ_bff04f617679b0e49615""]",run_1f27e7f7434a9d682f85
term_6117d55a0d4c63e1ff5a,"Current taxes on income, wealth, etc., expenditure",measure,0.7681625197414758,semantic-hybrid,False,semantic centroid/neighbor measure fallback,"[""occ_168b75be25de3ff7750e""]",run_1f27e7f7434a9d682f85
term_ef59d1880f12628c6221,"Current taxes on income, wealth, etc., revenue",measure,0.7697084653155738,semantic-hybrid,False,semantic centroid/neighbor measure fallback,"[""occ_6d26c83057f93121671f""]",run_1f27e7f7434a9d682f85
term_e2997a1281df429bbdeb,"data, % of GDP",measure,0.88,semantic-hybrid,True,title evidence with measure lexical cue,"[""occ_348a9e950a08842e1f18"", ""occ_937cd10186bc2d41e624"", ""occ_93b41211936e9774914a"", ""occ_b4f3fa11c68bca39e4d1"", ""occ_cd7c8dd35853520e0b31"", ""occ_e1f39e81a13bd4ad186b""]",run_1f27e7f7434a9d682f85
term_4f8500707112a06de1ef,Day-to-day rates for euro area countries - annual data,measure,0.7604092362669769,semantic-hybrid,False,semantic centroid/neighbor measure fallback,"[""occ_6b211eaacd8da29820db""]",run_1f27e7f7434a9d682f85
term_ff44a431ef112b48013d,Day-to-day rates for euro area countries - quarterly data,measure,0.7601821622841514,semantic-hybrid,False,semantic centroid/neighbor measure fallback,"[""occ_28b44808cadd232179b5""]",run_1f27e7f7434a9d682f85
term_7ff16f8802e9ebd9df5e,Death due,measure,0.88,semantic-hybrid,True,title evidence with measure lexical cue,"[""occ_19b7c8fe54c70f1358a6"", ""occ_2232a4f0e7f537ba7129"", ""occ_4abcce30cf3513a0955c"", ""occ_52910368ccef60714601"", ""occ_70bfb6d10233113f18ce"", ""occ_7383ba237aeee3b5a15f"", ""occ_746ca78716ce2625c31f"", ""occ_781c6bcd1ed240e1eea6"", ""occ_817c428ebe7cd045b598"", ""occ_adc74b0f528076e25f56"", ""occ_afa504122f9a352721c4"", ""occ_b2a95f4bbb78d1dea707"", ""occ_e92a5b398e0a7017174d""]",run_1f27e7f7434a9d682f85
term_f26dd7ca3442f15ce28d,Death due to,measure,0.88,semantic-hybrid,True,title evidence with measure lexical cue,"[""occ_18a56641c39e4410c253"", ""occ_34451fcf9f05826b9b8e"", ""occ_364a29a57831ee394b92"", ""occ_50a4123df06301e9cfdd"", ""occ_5abf7a218865bb0261b0"", ""occ_5f6d5fad177ae7393c50"", ""occ_6ce103f827e278d78b08"", ""occ_72cb6832942811872925"", ""occ_75bd914e4f18eae65903"", ""occ_7cc4002d91c64d255e5d"", ""occ_8f8e321a29d6a4d3f654"", ""occ_e2bca2b852115a1009d0"", ""occ_e580d3caf5c70ac92ea8""]",run_1f27e7f7434a9d682f85
term_ecdac8725b5838591c67,Death due to accidents,measure,0.88,semantic-hybrid,True,title evidence with measure lexical cue,"[""occ_f558ba2ddecb44ac7d59""]",run_1f27e7f7434a9d682f85
term_5dee08759bca91c18ca9,"Death due to accidents, by",measure,0.88,semantic-hybrid,True,title evidence with measure lexical cue,"[""occ_9a59b13b0204511b021b""]",run_1f27e7f7434a9d682f85
term_101e60ee5f0f430737e5,"Death due to accidents, by sex",measure,0.88,semantic-hybrid,True,title evidence with measure lexical cue,"[""occ_4e8ae24d7d6afd53d294""]",run_1f27e7f7434a9d682f85
term_b3225bed831d4d62f19f,Death due to AIDS,measure,0.88,semantic-hybrid,True,title evidence with measure lexical cue,"[""occ_a6948aaa92c396f1ef73""]",run_1f27e7f7434a9d682f85
term_65ef9c6f9ecdf1e685ec,Death due to AIDS (HIV-disease,measure,0.88,semantic-hybrid,True,title evidence with measure lexical cue,"[""occ_50caaf0ce384ca9bed5e""]",run_1f27e7f7434a9d682f85
term_3727965b6b838d5fb141,"Death due to AIDS (HIV-disease), by",measure,0.88,semantic-hybrid,True,title evidence with measure lexical cue,"[""occ_65560cde7e92b6c9ea35""]",run_1f27e7f7434a9d682f85
term_956ee1e95cb224363643,"Death due to AIDS (HIV-disease), by sex",measure,0.88,semantic-hybrid,True,title evidence with measure lexical cue,"[""occ_2fa48a96c06a0148bca6""]",run_1f27e7f7434a9d682f85
term_11fe3cdbed4c1bc3b478,Death due to alcoholic,measure,0.88,semantic-hybrid,True,title evidence with measure lexical cue,"[""occ_4938ab082847f1fe2ce5""]",run_1f27e7f7434a9d682f85
term_b96608b4c51f65b06ac8,Death due to alcoholic abuse,measure,0.88,semantic-hybrid,True,title evidence with measure lexical cue,"[""occ_52e5dba06a3bce290aa1""]",run_1f27e7f7434a9d682f85
term_b0c9504932e02780806d,"Death due to alcoholic abuse, by",measure,0.88,semantic-hybrid,True,title evidence with measure lexical cue,"[""occ_c7796b4aa0a4178c0bc1""]",run_1f27e7f7434a9d682f85
term_76957f17efd94e0cea36,"Death due to alcoholic abuse, by sex",measure,0.88,semantic-hybrid,True,title evidence with measure lexical cue,"[""occ_a0293f94f3977adf46e1""]",run_1f27e7f7434a9d682f85
term_d1be82a18f0120a13738,Death due to cancer,measure,0.88,semantic-hybrid,True,title evidence with measure lexical cue,"[""occ_7ca9a8b4872c08cfacb9""]",run_1f27e7f7434a9d682f85
term_ccedbe1853c5b02db6f6,"Death due to cancer, by",measure,0.88,semantic-hybrid,True,title evidence with measure lexical cue,"[""occ_79e05c96c2e9f555b99f""]",run_1f27e7f7434a9d682f85
term_94b6765642dac6f6949f,"Death due to cancer, by sex",measure,0.88,semantic-hybrid,True,title evidence with measure lexical cue,"[""occ_7d90efc98110b2b7868e""]",run_1f27e7f7434a9d682f85
term_190c1b537ae6ac9cefc6,Death due to chronic,measure,0.88,semantic-hybrid,True,title evidence with measure lexical cue,"[""occ_88fadb4f472db87a760d""]",run_1f27e7f7434a9d682f85
term_68365a946ffbf37cacc0,Death due to chronic liver,measure,0.88,semantic-hybrid,True,title evidence with measure lexical cue,"[""occ_ebdc706a315c42d8ff88""]",run_1f27e7f7434a9d682f85
term_d61ffdabaf2c84d5f296,Death due to chronic liver disease,measure,0.88,semantic-hybrid,True,title evidence with measure lexical cue,"[""occ_a583f03c65d6209e1356""]",run_1f27e7f7434a9d682f85
term_b27a69ea3f1e2ea60096,"Death due to chronic liver disease, by",measure,0.88,semantic-hybrid,True,title evidence with measure lexical cue,"[""occ_63525b5d2a9be49b8849""]",run_1f27e7f7434a9d682f85
term_917e54b71e6c2b9e56cf,"Death due to chronic liver disease, by sex",measure,0.88,semantic-hybrid,True,title evidence with measure lexical cue,"[""occ_18c82ed334acc32f4c3d""]",run_1f27e7f7434a9d682f85
term_794b6593f6d332307eab,Death due to diabetes,measure,0.88,semantic-hybrid,True,title evidence with measure lexical cue,"[""occ_7aa247e55d5ec4982f84""]",run_1f27e7f7434a9d682f85
term_f65b8412c901f98dcf13,Death due to diabetes mellitus,measure,0.88,semantic-hybrid,True,title evidence with measure lexical cue,"[""occ_a3d724cf2ac54760468c""]",run_1f27e7f7434a9d682f85
term_4cdd29982857237ca28e,"Death due to diabetes mellitus, by",measure,0.88,semantic-hybrid,True,title evidence with measure lexical cue,"[""occ_445a559ced5dc87717df""]",run_1f27e7f7434a9d682f85
term_eeb6980f51c7d56fc3f4,"Death due to diabetes mellitus, by sex",measure,0.88,semantic-hybrid,True,title evidence with measure lexical cue,"[""occ_1bf706b8e262945477f4""]",run_1f27e7f7434a9d682f85
term_0b57a1040962af942687,Death due to diseases,measure,0.88,semantic-hybrid,True,title evidence with measure lexical cue,"[""occ_85bb9310c520107d725c""]",run_1f27e7f7434a9d682f85
term_28678383dd2cd27fc8e8,Death due to diseases of,measure,0.88,semantic-hybrid,True,title evidence with measure lexical cue,"[""occ_321610e1affec916f6ba""]",run_1f27e7f7434a9d682f85
term_ec788868ca9ba326434f,Death due to diseases of the,measure,0.88,semantic-hybrid,True,title evidence with measure lexical cue,"[""occ_64a3937d3ab8312d8fad""]",run_1f27e7f7434a9d682f85
term_6c33f1b60b3012106590,Death due to diseases of the nervous,measure,0.88,semantic-hybrid,True,title evidence with measure lexical cue,"[""occ_61b934f9d48eedfddf65""]",run_1f27e7f7434a9d682f85
term_c22c4883fd7f27d29795,Death due to diseases of the nervous system,measure,0.88,semantic-hybrid,True,title evidence with measure lexical cue,"[""occ_64d1790c92a3cd15974c""]",run_1f27e7f7434a9d682f85
term_00b72c6e5deff8c38d7c,"Death due to diseases of the nervous system, by sex",measure,0.88,semantic-hybrid,True,title evidence with measure lexical cue,"[""occ_45ebf642021871edc490""]",run_1f27e7f7434a9d682f85
term_7809897202d82197e71d,Death due to drugs,measure,0.88,semantic-hybrid,True,title evidence with measure lexical cue,"[""occ_b9c7cbd0d1e512fff9a7""]",run_1f27e7f7434a9d682f85
term_e8ebc2a4e3f214c9cea2,Death due to drugs dependence,measure,0.88,semantic-hybrid,True,title evidence with measure lexical cue,"[""occ_8c3fd9416a729f308c35""]",run_1f27e7f7434a9d682f85
term_cfccd11ac5acc7819c19,"Death due to drugs dependence, by",measure,0.88,semantic-hybrid,True,title evidence with measure lexical cue,"[""occ_caac7652bf93683ca3ee""]",run_1f27e7f7434a9d682f85
term_399d10eefab967a56ee1,"Death due to drugs dependence, by sex",measure,0.88,semantic-hybrid,True,title evidence with measure lexical cue,"[""occ_63cd87de4891397186a2""]",run_1f27e7f7434a9d682f85
term_2be453136ff480e79dc3,Death due to homicide,measure,0.88,semantic-hybrid,True,title evidence with measure lexical cue,"[""occ_936f8d2de0a88e167dde""]",run_1f27e7f7434a9d682f85
term_b7f295ac0d00e5c553b4,"Death due to homicide, assault",measure,0.88,semantic-hybrid,True,title evidence with measure lexical cue,"[""occ_d2335bd62be21dca17a9""]",run_1f27e7f7434a9d682f85
term_16e82aff86ff40d11b18,"Death due to homicide, assault, by",measure,0.88,semantic-hybrid,True,title evidence with measure lexical cue,"[""occ_a8378b4de9ee5ead280a""]",run_1f27e7f7434a9d682f85
term_d2dca023ba00e51db540,"Death due to homicide, assault, by sex",measure,0.88,semantic-hybrid,True,title evidence with measure lexical cue,"[""occ_797896c8eebb2b579b42""]",run_1f27e7f7434a9d682f85
term_ba8b5655078b95c91cee,Death due to other,measure,0.88,semantic-hybrid,True,title evidence with measure lexical cue,"[""occ_4b6d59d879aa43e8a9a4""]",run_1f27e7f7434a9d682f85
term_82c2c17ce9928f1b1c9f,Death due to other ischaemic,measure,0.88,semantic-hybrid,True,title evidence with measure lexical cue,"[""occ_05cd9f857cf4578250b3""]",run_1f27e7f7434a9d682f85
term_3add8cbe93640d1a1ef8,Death due to other ischaemic heart,measure,0.88,semantic-hybrid,True,title evidence with measure lexical cue,"[""occ_7c85b33f8a285cfba0be""]",run_1f27e7f7434a9d682f85
term_ae813781dc5a2aa761f9,Death due to other ischaemic heart diseases,measure,0.88,semantic-hybrid,True,title evidence with measure lexical cue,"[""occ_892f09f47d02d59f69d9""]",run_1f27e7f7434a9d682f85
term_3a938c69e42360f44b91,"Death due to other ischaemic heart diseases, by",measure,0.88,semantic-hybrid,True,title evidence with measure lexical cue,"[""occ_dc270e87773b0c714ad1""]",run_1f27e7f7434a9d682f85
term_57d1f644eb4f567ee35e,"Death due to other ischaemic heart diseases, by sex",measure,0.88,semantic-hybrid,True,title evidence with measure lexical cue,"[""occ_5eaf124b69b56d577876""]",run_1f27e7f7434a9d682f85
term_f3c5dfa7e5a30c53f7b6,Death due to pneumonia,measure,0.88,semantic-hybrid,True,title evidence with measure lexical cue,"[""occ_53a569f2abfb7d538359""]",run_1f27e7f7434a9d682f85
term_9558ed390893fbf30dfc,"Death due to pneumonia, by",measure,0.88,semantic-hybrid,True,title evidence with measure lexical cue,"[""occ_aafc68b1fe0dc3fda2ad""]",run_1f27e7f7434a9d682f85
term_16db44a8101ea3aaa4f2,"Death due to pneumonia, by sex",measure,0.88,semantic-hybrid,True,title evidence with measure lexical cue,"[""occ_a3f1faa45612dfd7a962""]",run_1f27e7f7434a9d682f85
term_1e70270d392f26d6daa3,Death due to suicide,measure,0.88,semantic-hybrid,True,title evidence with measure lexical cue,"[""occ_4fea1aec4dc0c87bbb5e""]",run_1f27e7f7434a9d682f85
term_c3be3b57482af7644071,"Death due to suicide, by",measure,0.88,semantic-hybrid,True,title evidence with measure lexical cue,"[""occ_74c0be741a413ee602b3""]",run_1f27e7f7434a9d682f85
term_a328ea1f4752a941f146,"Death due to suicide, by sex",measure,0.88,semantic-hybrid,True,title evidence with measure lexical cue,"[""occ_c79aee8aabcf9d311bfa""]",run_1f27e7f7434a9d682f85
term_c97f4b1510d9b349e6f1,Death due to transport,measure,0.88,semantic-hybrid,True,title evidence with measure lexical cue,"[""occ_7b1c692781b16d4bc168""]",run_1f27e7f7434a9d682f85
term_c3e69c95fe2b14805361,Death due to transport accidents,measure,0.88,semantic-hybrid,True,title evidence with measure lexical cue,"[""occ_b96a035c2d69d2bec48f""]",run_1f27e7f7434a9d682f85
term_eb80dd0ed1a5471312a5,"Death due to transport accidents, by",measure,0.88,semantic-hybrid,True,title evidence with measure lexical cue,"[""occ_4e9ad1dcec6ada1324bc""]",run_1f27e7f7434a9d682f85
term_5849d9c0db41e7b9acb9,"Death due to transport accidents, by sex",measure,0.88,semantic-hybrid,True,title evidence with measure lexical cue,"[""occ_3ff29694c6226a08e636""]",run_1f27e7f7434a9d682f85
term_d4e46b65b8946da42e58,death rate,measure,0.88,semantic-hybrid,True,title evidence with measure lexical cue,"[""occ_00eb6038ba6d11f99d2f"", ""occ_88a5735eb735c13ca6f3"", ""occ_a7538226628d19b31366"", ""occ_c473d8b3acd75e53bd03""]",run_1f27e7f7434a9d682f85
term_d929e35f1d0051889ca7,death rate by,measure,0.88,semantic-hybrid,True,title evidence with measure lexical cue,"[""occ_e7cf91a6888a1b3fbffd""]",run_1f27e7f7434a9d682f85
term_292c881565681f9da31c,death rate by age,measure,0.88,semantic-hybrid,True,title evidence with measure lexical cue,"[""occ_60d5dc1e60596f1ba0da""]",run_1f27e7f7434a9d682f85
term_74fb8d9154f9d2a6b3a7,death rate by age group,measure,0.88,semantic-hybrid,True,title evidence with measure lexical cue,"[""occ_2449c670d9be6e910c14""]",run_1f27e7f7434a9d682f85
term_d522d4121eeb86c375dd,death rate due,measure,0.88,semantic-hybrid,True,title evidence with measure lexical cue,"[""occ_87ab19a6e3fb4383219a"", ""occ_ad1c392c846181e35d64""]",run_1f27e7f7434a9d682f85
term_981fea85859ebbafa884,death rate due to,measure,0.88,semantic-hybrid,True,title evidence with measure lexical cue,"[""occ_a3b73f90b6c3bb818485"", ""occ_c587df017a276cf538a6""]",run_1f27e7f7434a9d682f85
term_90a6eb83de809bac54b5,death rate due to homicide,measure,0.88,semantic-hybrid,True,title evidence with measure lexical cue,"[""occ_5020ea8c46e30a8c06c8""]",run_1f27e7f7434a9d682f85
term_df021d073aa7c101e880,death rate due to homicide by,measure,0.88,semantic-hybrid,True,title evidence with measure lexical cue,"[""occ_fb0f71ea5115136b968b""]",run_1f27e7f7434a9d682f85
term_43895cb0a864b6c291be,death rate due to tuberculosis,measure,0.88,semantic-hybrid,True,title evidence with measure lexical cue,"[""occ_b248cc17ed4f05fb3a54""]",run_1f27e7f7434a9d682f85
term_f0345d30c707bbf31566,"death rate due to tuberculosis, HIV",measure,0.88,semantic-hybrid,True,title evidence with measure lexical cue,"[""occ_ee49f444937a84ba8012""]",run_1f27e7f7434a9d682f85
term_33623069f21221e9140b,"death, by sex",measure,0.88,semantic-hybrid,True,title evidence with measure lexical cue,"[""occ_70c85ac8127541b2f532""]",run_1f27e7f7434a9d682f85
term_ce8618d299ade63bd105,Deaths and crude,measure,0.88,semantic-hybrid,True,title evidence with measure lexical cue,"[""occ_41e0dedd93274ee04888""]",run_1f27e7f7434a9d682f85
term_a50293199fcfbe365e0a,Deaths and crude death,measure,0.88,semantic-hybrid,True,title evidence with measure lexical cue,"[""occ_d88dee4120ec0207aa37""]",run_1f27e7f7434a9d682f85
term_4ac219ee67cfb6b290fb,Deaths and crude death rate,measure,0.88,semantic-hybrid,True,title evidence with measure lexical cue,"[""occ_3d2d0d7378c77d45a1a2""]",run_1f27e7f7434a9d682f85
term_92edf6d2724d27c3b16d,Deaths by sex,measure,0.88,semantic-hybrid,True,title evidence with measure lexical cue,"[""occ_5b12a81aef8bc646b51e""]",run_1f27e7f7434a9d682f85
term_4e47b95d3d3f003194c5,deaths due,measure,0.88,semantic-hybrid,True,title evidence with measure lexical cue,"[""occ_97665bbf354eb43f9916""]",run_1f27e7f7434a9d682f85
term_bc7bb8f2c17cf8050ad6,deaths due to,measure,0.88,semantic-hybrid,True,title evidence with measure lexical cue,"[""occ_7627e0ee1b520c9f8af9""]",run_1f27e7f7434a9d682f85
term_2c365a5891b1e5517d2b,deaths due to exposure,measure,0.88,semantic-hybrid,True,title evidence with measure lexical cue,"[""occ_83cd56eae1570b1eeeb0""]",run_1f27e7f7434a9d682f85
term_73c5e626797e171b5142,deaths due to exposure to,measure,0.88,semantic-hybrid,True,title evidence with measure lexical cue,"[""occ_6648c67a17c9b33342d8""]",run_1f27e7f7434a9d682f85
term_32dd378fa79f9540517d,Deaths of residents,measure,0.88,semantic-hybrid,True,title evidence with measure lexical cue,"[""occ_ce6538f70fc91fb50fdb""]",run_1f27e7f7434a9d682f85
term_182592dc03aba6f7c0a5,Deaths of residents related,measure,0.88,semantic-hybrid,True,title evidence with measure lexical cue,"[""occ_e233084a3a421728a3a1""]",run_1f27e7f7434a9d682f85
term_7d0ca30f5c7c7cd3d45d,Deaths of residents related to,measure,0.88,semantic-hybrid,True,title evidence with measure lexical cue,"[""occ_45c17063627b3b8e07fa""]",run_1f27e7f7434a9d682f85
term_1a554a1e069d3a9157bd,Deaths of residents related to dementias,measure,0.88,semantic-hybrid,True,title evidence with measure lexical cue,"[""occ_2923024b301fa30f0a51""]",run_1f27e7f7434a9d682f85
term_1b405e8c421adc6f967f,Deaths of residents related to dementias including,measure,0.88,semantic-hybrid,True,title evidence with measure lexical cue,"[""occ_939a1e3bc995a29e33fa""]",run_1f27e7f7434a9d682f85
term_137e8305fffe057d3255,Deaths of residents related to dementias including Alzheimer,measure,0.88,semantic-hybrid,True,title evidence with measure lexical cue,"[""occ_7315d22adca28f0af675""]",run_1f27e7f7434a9d682f85
term_cd6545f9d1c0b180725f,"debt - annual data, % of GDP",measure,0.88,semantic-hybrid,True,title evidence with measure lexical cue,"[""occ_f211235526b17300d1ac""]",run_1f27e7f7434a9d682f85
term_fba4086dff79550b5229,"debt - quarterly data, % of GDP",measure,0.88,semantic-hybrid,True,title evidence with measure lexical cue,"[""occ_5afa0928040967c2322e""]",run_1f27e7f7434a9d682f85
term_ca6fc3930cb129b4c2ef,"debt securities by sectors, consolidated - % of GDP",measure,0.88,semantic-hybrid,True,title evidence with measure lexical cue,"[""occ_df43019333ffb7668634""]",run_1f27e7f7434a9d682f85
term_a2cd0371970399da86f3,"debt securities by sectors, non-consolidated - % of GDP",measure,0.88,semantic-hybrid,True,title evidence with measure lexical cue,"[""occ_26eab165cccb47e40734"", ""occ_40938f46e818c633c813""]",run_1f27e7f7434a9d682f85
term_060c2785b0d06cf40160,"debt securities, by sectors, consolidated - % of GDP",measure,0.88,semantic-hybrid,True,title evidence with measure lexical cue,"[""occ_e4411d899f373e7e98dc""]",run_1f27e7f7434a9d682f85
term_e71e8c51a1af95717bf8,"debt, consolidated - % of GDP",measure,0.88,semantic-hybrid,True,title evidence with measure lexical cue,"[""occ_63525269164874d10648"", ""occ_99329540600b5e8d3b05""]",run_1f27e7f7434a9d682f85
term_d53199587642e8d9a3fa,debt-to-income ratio,measure,0.88,semantic-hybrid,True,title evidence with measure lexical cue,"[""occ_2f50e81dfec61eefd7c8""]",run_1f27e7f7434a9d682f85
term_93f87990951b61e2e05c,debt-to-income ratio of,measure,0.88,semantic-hybrid,True,title evidence with measure lexical cue,"[""occ_158dbadf4f987a1b709f""]",run_1f27e7f7434a9d682f85
term_ea8520ab92526a965201,debt-to-income ratio of households,measure,0.88,semantic-hybrid,True,title evidence with measure lexical cue,"[""occ_33c09505850269951a32""]",run_1f27e7f7434a9d682f85
term_70f9b1146da55165281f,"debt: debt securities by sectors, non-consolidated - % of GDP",measure,0.88,semantic-hybrid,True,title evidence with measure lexical cue,"[""occ_9ed2b2c55980dd2b0240""]",run_1f27e7f7434a9d682f85
term_4e09e1e0af78b559222d,"debt: debt securities, by sectors, consolidated - % of GDP",measure,0.88,semantic-hybrid,True,title evidence with measure lexical cue,"[""occ_bc1294425164bdcee22b""]",run_1f27e7f7434a9d682f85
term_46972d0f33ec49a6fcec,"debt: loans, by sectors, consolidated - % of GDP",measure,0.88,semantic-hybrid,True,title evidence with measure lexical cue,"[""occ_1c6f10fd80a88b65e9cd""]",run_1f27e7f7434a9d682f85
term_511875f67af51cc38393,"debt: loans, by sectors, non-consolidated - % of GDP",measure,0.88,semantic-hybrid,True,title evidence with measure lexical cue,"[""occ_ff9283dca5eef8346b93""]",run_1f27e7f7434a9d682f85
term_0d2bd40aa9c4a5720dbf,degree of urbanisation - total population,measure,0.88,semantic-hybrid,True,title evidence with measure lexical cue,"[""occ_64e4b45f7700f4640236""]",run_1f27e7f7434a9d682f85
term_f7a3b15697fbd6c52154,demand - end-of-life recycling input rates,measure,0.7665659938117964,semantic-hybrid,False,semantic centroid/neighbor measure fallback,"[""occ_57428c1865a0a7c1bd27""]",run_1f27e7f7434a9d682f85
term_6c95850649e5a637b5b8,Deprivation rate by age,measure,0.7742170032647236,semantic-hybrid,False,semantic centroid/neighbor measure fallback,"[""occ_cc62e4f9c31ebeab9a79""]",run_1f27e7f7434a9d682f85
term_c74abb388f52f6a58be7,Deprivation rate by age group,measure,0.7627446742332352,semantic-hybrid,False,semantic centroid/neighbor measure fallback,"[""occ_eac4067e9cee9f97e571""]",run_1f27e7f7434a9d682f85
term_66d1570f950755879311,deprivation rate by income,measure,0.88,semantic-hybrid,True,title evidence with measure lexical cue,"[""occ_bf4392b3e82ab305020e""]",run_1f27e7f7434a9d682f85
term_beff1aee52ef71b6edd0,deprivation rate by number,measure,0.771245929620841,semantic-hybrid,False,semantic centroid/neighbor measure fallback,"[""occ_ff8093af03473658ac8a""]",run_1f27e7f7434a9d682f85
term_7ce0ff2911cd61a24cae,deprivation rate by number of,measure,0.7671087899556407,semantic-hybrid,False,semantic centroid/neighbor measure fallback,"[""occ_7c75752958dd7334896e""]",run_1f27e7f7434a9d682f85
term_79106c9c187e3bc8f40f,deprivation rate by number of item,measure,0.773841844136057,semantic-hybrid,False,semantic centroid/neighbor measure fallback,"[""occ_caad664d3130a37ca41f""]",run_1f27e7f7434a9d682f85
term_9aa76ed1526ed2cd7077,deprivation rate by number of item - EU-SILC,measure,0.7674366363160328,semantic-hybrid,False,semantic centroid/neighbor measure fallback,"[""occ_a3bf8ec4174d2c1db660""]",run_1f27e7f7434a9d682f85
term_fd35889d5bee6066abee,deprivation rate by poverty,measure,0.7606949666503542,semantic-hybrid,False,semantic centroid/neighbor measure fallback,"[""occ_57dd692faad793a21e20""]",run_1f27e7f7434a9d682f85
term_0ea3bd404a1d690da919,deprivation rate by poverty status,measure,0.7609542852325355,semantic-hybrid,False,semantic centroid/neighbor measure fallback,"[""occ_0f64fab23e5b28fe3178""]",run_1f27e7f7434a9d682f85
term_269f97ede2ff9e76baee,Deprivation rate by sex,measure,0.7667606203795572,semantic-hybrid,False,semantic centroid/neighbor measure fallback,"[""occ_3c25b019469c7fab5575""]",run_1f27e7f7434a9d682f85
term_31628334aa298c5c0590,Deprivation rate by sex - EU-SILC,measure,0.7666634565408628,semantic-hybrid,False,semantic centroid/neighbor measure fallback,"[""occ_e77d3b17e0de1431d4fe""]",run_1f27e7f7434a9d682f85
term_da1d20c1c830a4d55f20,development assistance as share of gross national income,measure,0.88,semantic-hybrid,True,title evidence with measure lexical cue,"[""occ_b9e9e333718a4e4d4f50""]",run_1f27e7f7434a9d682f85
term_f63c4236ea3a1e9687e6,development expenditure,measure,0.88,semantic-hybrid,True,title evidence with measure lexical cue,"[""occ_97adac1f4cb1d546c508""]",run_1f27e7f7434a9d682f85
term_27ae92a8618341fae6ec,development expenditure by,measure,0.88,semantic-hybrid,True,title evidence with measure lexical cue,"[""occ_32e2e3ea82231371e350""]",run_1f27e7f7434a9d682f85
term_310cfddc2e4dbae54625,differences in the at-risk-of-poverty rate by,measure,0.7610831368381191,semantic-hybrid,False,semantic centroid/neighbor measure fallback,"[""occ_aae8c3a7a7ac9b1e68ae"", ""occ_b87c65835ec28e6bf515""]",run_1f27e7f7434a9d682f85
term_9669318ad3967401daca,differences in the at-risk-of-poverty rate by age,measure,0.7687846128234365,semantic-hybrid,False,semantic centroid/neighbor measure fallback,"[""occ_07bc5746a6bc72c700b5"", ""occ_a83a3109f243a7b51755""]",run_1f27e7f7434a9d682f85
term_f09e9b91d4e94df33210,differences in the at-risk-of-poverty rate by age - EU-SILC,measure,0.7748699647908517,semantic-hybrid,False,semantic centroid/neighbor measure fallback,"[""occ_5d5ea5a91ecbacba5588""]",run_1f27e7f7434a9d682f85
term_8ee85e534d5e18a643d4,differences in the relative income,measure,0.88,semantic-hybrid,True,title evidence with measure lexical cue,"[""occ_5d024960a46b89136f73"", ""occ_859bd1aa3d8f91c79ae1""]",run_1f27e7f7434a9d682f85
term_1cd29b282d2bdbfb9fbe,differences in the relative income of,measure,0.88,semantic-hybrid,True,title evidence with measure lexical cue,"[""occ_bee0e4ad6b1b0730e805"", ""occ_ed644855301a72ef5950""]",run_1f27e7f7434a9d682f85
term_671507d02ee0306190be,differences in the relative income of elderly,measure,0.88,semantic-hybrid,True,title evidence with measure lexical cue,"[""occ_a7159cb85f41197ea934""]",run_1f27e7f7434a9d682f85
term_98028674532089583d15,differences in the relative income of elderly people,measure,0.88,semantic-hybrid,True,title evidence with measure lexical cue,"[""occ_9af0e19f93699d0b626c""]",run_1f27e7f7434a9d682f85
term_30589037fc073e456004,differences in the relative income of older,measure,0.88,semantic-hybrid,True,title evidence with measure lexical cue,"[""occ_97d237bf3f798550b8cb""]",run_1f27e7f7434a9d682f85
term_da44726c607f1a48435a,differences in the relative income of older people,measure,0.88,semantic-hybrid,True,title evidence with measure lexical cue,"[""occ_4e71c0b94cb16634fb26""]",run_1f27e7f7434a9d682f85
term_6c28e669b8ae9b75d28b,"Direct investment liabilities (flows) - annual data, % of GDP",measure,0.88,semantic-hybrid,True,title evidence with measure lexical cue,"[""occ_78bbfe1602a1cdc091f9""]",run_1f27e7f7434a9d682f85
term_83264f46823288d5d1e9,"Direct investment liabilities (stocks) - annual data, % of GDP",measure,0.88,semantic-hybrid,True,title evidence with measure lexical cue,"[""occ_15dc1d726caa4ab1f4d0""]",run_1f27e7f7434a9d682f85
term_2ad0c60c5f2fba484800,Disparities in adjusted gross disposable income,measure,0.88,semantic-hybrid,True,title evidence with measure lexical cue,"[""occ_8cf72e564268e105303e""]",run_1f27e7f7434a9d682f85
term_06d7ad9194f3653d2967,Disparities in adjusted gross disposable income of,measure,0.88,semantic-hybrid,True,title evidence with measure lexical cue,"[""occ_d105a6f9c619e1c82c54""]",run_1f27e7f7434a9d682f85
term_f099f13de49590ec14bc,Disparities in adjusted gross disposable income of households,measure,0.88,semantic-hybrid,True,title evidence with measure lexical cue,"[""occ_89ac0d7369f5034fc888""]",run_1f27e7f7434a9d682f85
term_80b5ab22dea335cf3afa,Disparities in adjusted gross disposable income of households per capita,measure,0.88,semantic-hybrid,True,title evidence with measure lexical cue,"[""occ_1a6233a9125c80f3b5de""]",run_1f27e7f7434a9d682f85
term_093bbb537296a88effe2,disparities in gender employment,measure,0.88,semantic-hybrid,True,title evidence with measure lexical cue,"[""occ_1b70d3474787fbc3b36a""]",run_1f27e7f7434a9d682f85
term_a54f335a17d89bafaeac,disparities in gender employment gap,measure,0.88,semantic-hybrid,True,title evidence with measure lexical cue,"[""occ_3767dcd61f0599e959ab""]",run_1f27e7f7434a9d682f85
term_9f26740afdd378d47da7,disparities in gender employment gap (NUTS,measure,0.88,semantic-hybrid,True,title evidence with measure lexical cue,"[""occ_78dda9683a20f0f293ef""]",run_1f27e7f7434a9d682f85
term_6df336ec09ffbcb7206d,disparities in gender employment gap (NUTS level,measure,0.88,semantic-hybrid,True,title evidence with measure lexical cue,"[""occ_a292d78e1ebb4d694bce""]",run_1f27e7f7434a9d682f85
term_d7c21238559f005cc6e3,disparities in gender employment gap (NUTS level 2,measure,0.88,semantic-hybrid,True,title evidence with measure lexical cue,"[""occ_b3762ffb52ac8f81d409""]",run_1f27e7f7434a9d682f85
term_afa06373e374bce8bd45,disparities in long-term unemployment,measure,0.88,semantic-hybrid,True,title evidence with measure lexical cue,"[""occ_22d488dd3dae489de0eb""]",run_1f27e7f7434a9d682f85
term_4d6bf3bca28419bd6dd0,disparities in long-term unemployment rates,measure,0.88,semantic-hybrid,True,title evidence with measure lexical cue,"[""occ_6fb1e5a9fec88d3c3454""]",run_1f27e7f7434a9d682f85
term_a68dce0d622a914a43a4,disparities in long-term unemployment rates (NUTS,measure,0.88,semantic-hybrid,True,title evidence with measure lexical cue,"[""occ_ca73dd749cf57bb30a5f""]",run_1f27e7f7434a9d682f85
term_43395cf91f86a4856706,disparities in long-term unemployment rates (NUTS level,measure,0.88,semantic-hybrid,True,title evidence with measure lexical cue,"[""occ_52da10e4ecb4212f0bd2""]",run_1f27e7f7434a9d682f85
term_50f94c05b5d9dc7514ce,disparities in long-term unemployment rates (NUTS level 2,measure,0.88,semantic-hybrid,True,title evidence with measure lexical cue,"[""occ_e923dd1b214192c1139f""]",run_1f27e7f7434a9d682f85
term_cfdca5ea9c73c3c9c860,disparities in the rate,measure,0.7651371111098064,semantic-hybrid,False,semantic centroid/neighbor measure fallback,"[""occ_276af71dbaa94c1ac7a7"", ""occ_fbf10b7c1976b0e4d614""]",run_1f27e7f7434a9d682f85
term_3f0f7de26d414054691f,disparities in the rate of,measure,0.7727835421564773,semantic-hybrid,False,semantic centroid/neighbor measure fallback,"[""occ_5d2f97668888c8d8feae"", ""occ_cfce444c51c40dbaafc2""]",run_1f27e7f7434a9d682f85
term_b292535aa5c5b7307f1a,Dispersion around the at-risk-of-poverty threshold,measure,0.7625908821252592,semantic-hybrid,False,semantic centroid/neighbor measure fallback,"[""occ_9353ba3758464820511f""]",run_1f27e7f7434a9d682f85
term_c00e3cbf486f8e4d5397,Dispersion around the at-risk-of-poverty threshold for elderly people,measure,0.7736036874949662,semantic-hybrid,False,semantic centroid/neighbor measure fallback,"[""occ_4c4c5a8bd3c52fb9e05e""]",run_1f27e7f7434a9d682f85
term_e9f7abceaea25bc02422,Dispersion around the at-risk-of-poverty threshold for elderly people - EU-SILC survey,measure,0.7630314296384902,semantic-hybrid,False,semantic centroid/neighbor measure fallback,"[""occ_ded8909e9c330072c7b7""]",run_1f27e7f7434a9d682f85
term_24aead9fa518692a097c,disposable income,measure,0.88,semantic-hybrid,True,title evidence with measure lexical cue,"[""occ_a0f42bd1f53fe3da9d1b"", ""occ_dee4300efdf16d179c01"", ""occ_ed238c29068983664ff2""]",run_1f27e7f7434a9d682f85
term_350feb753daad6c97992,"Disposable income, net",measure,0.7728281559840984,semantic-hybrid,False,semantic centroid/neighbor measure fallback,"[""occ_bd6a41b242710c7dc6e4""]",run_1f27e7f7434a9d682f85
term_95b8178020896fefdfb0,Distribution by occupation (ISCO-08) of the labour market demand for ICT specialists in online job advertisements,measure,0.7678618742786976,semantic-hybrid,False,semantic centroid/neighbor measure fallback,"[""occ_8e403c5fd6b611ac501f""]",run_1f27e7f7434a9d682f85
term_7461bb9f764b8499648f,Distribution by occupation (ISCO-08) of the labour market demand for ICT specialists in online job advertisements - experimental statistics,measure,0.7640113294040602,semantic-hybrid,False,semantic centroid/neighbor measure fallback,"[""occ_18673d88fb172d4d036b""]",run_1f27e7f7434a9d682f85
term_4c7e35d1efbd7315d86c,Distribution of digital platform workers (at least one hour in the last month) by price setting,measure,0.88,semantic-hybrid,True,title evidence with measure lexical cue,"[""occ_1acb4d0ae43d89fd73f4""]",run_1f27e7f7434a9d682f85
term_0a5f811862a59c07d79f,Distribution of digital platform workers (at least one hour in the last month) by price setting - experimental statistics,measure,0.88,semantic-hybrid,True,title evidence with measure lexical cue,"[""occ_c2bf976f37da066d2aae""]",run_1f27e7f7434a9d682f85
term_d0cf9392077626f22315,Distribution of digital platform workers (at least one hour in the last month) by share of platform income in their earnings,measure,0.88,semantic-hybrid,True,title evidence with measure lexical cue,"[""occ_780fb7aad1fc5a791e43""]",run_1f27e7f7434a9d682f85
term_caa6309ffcec0ffa87e1,Distribution of digital platform workers (at least one hour in the last month) by share of platform income in their earnings - experimental statistics,measure,0.88,semantic-hybrid,True,title evidence with measure lexical cue,"[""occ_aacf3914ee906186df60""]",run_1f27e7f7434a9d682f85
term_6b198dfa571f0167b15f,Distribution of households by activity status of the reference person,measure,0.7612279623975213,semantic-hybrid,False,semantic centroid/neighbor measure fallback,"[""occ_3366c813fab109fca4c6""]",run_1f27e7f7434a9d682f85
term_754afe6bac35caf6bc0a,Distribution of households by activity status of the reference person - experimental statistics,measure,0.7669877646303176,semantic-hybrid,False,semantic centroid/neighbor measure fallback,"[""occ_c51d350eb65c6ff78412""]",run_1f27e7f7434a9d682f85
term_86d6b8ee1a219c1fca87,Distribution of households by age of the reference person,measure,0.7626941231634702,semantic-hybrid,False,semantic centroid/neighbor measure fallback,"[""occ_d6b1a2f5729df0b8009a""]",run_1f27e7f7434a9d682f85
term_bebe5df5f9aeb1139dd0,Distribution of households by age of the reference person - experimental statistics,measure,0.7664624133970132,semantic-hybrid,False,semantic centroid/neighbor measure fallback,"[""occ_c7205bc808210c42a7bc""]",run_1f27e7f7434a9d682f85
term_50bf4f4316d68c1c332f,Distribution of households by household size,measure,0.7648343906740831,semantic-hybrid,False,semantic centroid/neighbor measure fallback,"[""occ_23acde575f05fe4daa52""]",run_1f27e7f7434a9d682f85
term_79358a522ed056b03c17,Distribution of households by household type,measure,0.7715033671156062,semantic-hybrid,False,semantic centroid/neighbor measure fallback,"[""occ_dcc014634425c3641540"", ""occ_f8563b03620f064ecc9e""]",run_1f27e7f7434a9d682f85
term_40145d7332bc1dee9fec,Distribution of households by household type - experimental statistics,measure,0.7758192913598017,semantic-hybrid,False,semantic centroid/neighbor measure fallback,"[""occ_150267165fd78b7eaa21""]",run_1f27e7f7434a9d682f85
term_c4b71bc9e0fa01456a18,Distribution of population,measure,0.88,semantic-hybrid,True,title evidence with measure lexical cue,"[""occ_6f17543c6746af5d76e9""]",run_1f27e7f7434a9d682f85
term_8bf01e7fa92fdc0da781,Distribution of population by,measure,0.88,semantic-hybrid,True,title evidence with measure lexical cue,"[""occ_908e49df0ea8e9923b38""]",run_1f27e7f7434a9d682f85
term_55e9c5cba9070a4e091d,Distribution of population by household,measure,0.88,semantic-hybrid,True,title evidence with measure lexical cue,"[""occ_b4777c013cea454dd419""]",run_1f27e7f7434a9d682f85
term_eab582259d286e7cd986,Distribution of population by household types,measure,0.88,semantic-hybrid,True,title evidence with measure lexical cue,"[""occ_59111621d60b7054eee5""]",run_1f27e7f7434a9d682f85
term_69b8ccfc730b1e5b13f7,Distribution of population by household types - EU-SILC,measure,0.88,semantic-hybrid,True,title evidence with measure lexical cue,"[""occ_2320af2587b632e4b383""]",run_1f27e7f7434a9d682f85
term_892ca2920961f51b7d30,Distribution of population by household types - EU-SILC survey,measure,0.88,semantic-hybrid,True,title evidence with measure lexical cue,"[""occ_becf83144e031c3e036e""]",run_1f27e7f7434a9d682f85
term_ecc8bc2552e5ce0fdac7,domestic expenditure,measure,0.88,semantic-hybrid,True,title evidence with measure lexical cue,"[""occ_a66205474a5235d2dd29"", ""occ_c2fcf6716e6b974458f3""]",run_1f27e7f7434a9d682f85
term_f7014ddc60efcf666103,domestic expenditure on,measure,0.88,semantic-hybrid,True,title evidence with measure lexical cue,"[""occ_b62443ef9b239da51bb4"", ""occ_b8ccca54851b85b0b7c6""]",run_1f27e7f7434a9d682f85
term_036492a824ca2ca10b2f,domestic expenditure on R,measure,0.88,semantic-hybrid,True,title evidence with measure lexical cue,"[""occ_b5144374dfd877a3d626""]",run_1f27e7f7434a9d682f85
term_c2312b2078b266f120b6,domestic expenditure on R&D,measure,0.88,semantic-hybrid,True,title evidence with measure lexical cue,"[""occ_7ec88d938fa7fe893046""]",run_1f27e7f7434a9d682f85
term_de780af71483fe13f570,domestic expenditure on R&D (GERD,measure,0.88,semantic-hybrid,True,title evidence with measure lexical cue,"[""occ_b383774cdd9aa32fbaa6""]",run_1f27e7f7434a9d682f85
term_332b79c74fe285aa7c9b,domestic expenditure on R&D (GERD) - ENP-East,measure,0.88,semantic-hybrid,True,title evidence with measure lexical cue,"[""occ_a260ebd5847aa4b68869""]",run_1f27e7f7434a9d682f85
term_fa916bd85d00ac395db1,domestic expenditure on research,measure,0.88,semantic-hybrid,True,title evidence with measure lexical cue,"[""occ_c25e2c6a8332b12f90fe""]",run_1f27e7f7434a9d682f85
term_d3e55abaff9c1b8bfd7d,domestic expenditure on research and,measure,0.88,semantic-hybrid,True,title evidence with measure lexical cue,"[""occ_b51e02ec80c108a1d5b7""]",run_1f27e7f7434a9d682f85
term_126a1b01dd80637a9820,domestic expenditure on research and development,measure,0.88,semantic-hybrid,True,title evidence with measure lexical cue,"[""occ_11fc8064f57b80fa1652""]",run_1f27e7f7434a9d682f85
term_9dacc827fce8755a4cf6,domestic expenditure on research and development (R,measure,0.88,semantic-hybrid,True,title evidence with measure lexical cue,"[""occ_452b98910c3d1d1b9c08""]",run_1f27e7f7434a9d682f85
term_518af28d5f72be7491ab,Domestic industrial production,measure,0.88,semantic-hybrid,True,title evidence with measure lexical cue,"[""occ_76edbd816f7d61ea556a""]",run_1f27e7f7434a9d682f85
term_a02350e405bed2223e78,Domestic industrial production price,measure,0.88,semantic-hybrid,True,title evidence with measure lexical cue,"[""occ_daa24b1e38d4323cb3f3""]",run_1f27e7f7434a9d682f85
term_51ed3941228748ad9c32,Domestic industrial production price index,measure,0.88,semantic-hybrid,True,title evidence with measure lexical cue,"[""occ_696ac66ec8d0cd2f6edd""]",run_1f27e7f7434a9d682f85
term_ad867ac6af6ba478b75b,Domestic industrial production price index - ENP-East,measure,0.88,semantic-hybrid,True,title evidence with measure lexical cue,"[""occ_8ab7736717ffd986a4ac""]",run_1f27e7f7434a9d682f85
term_5717f6e639f4b12f4341,Domestic industrial production price index - ENP-East countries,measure,0.88,semantic-hybrid,True,title evidence with measure lexical cue,"[""occ_b79f254366887c1e53ce""]",run_1f27e7f7434a9d682f85
term_7e46a5de0c25cc08b096,Domestic material consumption per capita,measure,0.7863179149863583,semantic-hybrid,False,semantic centroid/neighbor measure fallback,"[""occ_395417131ae8a7f8dcbd""]",run_1f27e7f7434a9d682f85
term_43069e9ece20a415d58a,"domestic perpetrator, by country of birth",measure,0.88,semantic-hybrid,True,title evidence with measure lexical cue,"[""occ_07836b0a3a9f99fbc882""]",run_1f27e7f7434a9d682f85
term_48dcacc8858291d071d9,Domestic producer prices,measure,0.7849860462157668,semantic-hybrid,False,semantic centroid/neighbor measure fallback,"[""occ_004cbe5f634b6a4e5fa5"", ""occ_019be3528b4c5012a30e"", ""occ_01efa333ca3b929a8b32"", ""occ_024e81012406b7dfb80f"", ""occ_032f75b24caa382119fc"", ""occ_035a58a6f3a9981f913e"", ""occ_045bab3580f08788ead7"", ""occ_04970f4e3ce39168f430"", ""occ_04973f43399f5f49d698"", ""occ_04b0a297ac017e653e54"", ""occ_053985a4fb9dfd3b8570"", ""occ_0561422487de9cdf89dc"", ""occ_061c452bd9a1d41dbf0e"", ""occ_069b83e4b334767b522e"", ""occ_06f7209af9cf9d43e898"", ""occ_07ca0b5e16a4230631fa"", ""occ_08711cd596b2d1574564"", ""occ_09986128280895cdd0fc"", ""occ_09c29d816f01fbb4d9c2"", ""occ_0a088c8b07ec812d45b1"", ""occ_0a2368a3109b62a31883"", ""occ_0a3c005f43d405e95f04"", ""occ_0ae5f8e27bd436bb1d58"", ""occ_0af7f97a9ce05514c782"", ""occ_0b9819a05a96ac568f1e"", ""occ_0ba9f7725416e2296257"", ""occ_0c5114c1f00628215314"", ""occ_0c924652e331f6d30b41"", ""occ_0ce87af2dbf2d48f7202"", ""occ_0cec14b468093e36e4a2"", ""occ_0d16924b4e0b7c03db83"", ""occ_0d3d0d4fec659313b8b4"", ""occ_0d78d1d56fe3af848e70"", ""occ_0dfdfc34c07756535a56"", ""occ_0e7efe6f24bc5601aba0"", ""occ_0fd57272214922e16ed3"", ""occ_101600a4cf76bf537582"", ""occ_10c290c85061e8436e02"", ""occ_115c6dfd95d350023990"", ""occ_119c3c759474ba2da11d"", ""occ_11c2817cb231adcd520b"", ""occ_12407fac1412de48fc9f"", ""occ_125c6dd7461f8ede6c5e"", ""occ_12802ce5a8fb4f0c4539"", ""occ_12ce07b115dc5f7bb8e2"", ""occ_1313e89fadfc2d8a595c"", ""occ_136f1f3ca8c6833d01dc"", ""occ_1479372df6dfb1bbce33"", ""occ_15a51e01f6c0f72fc393"", ""occ_16018c8c6b6ecd07e40e"", ""occ_165c9fce63c3afb976b9"", ""occ_1678bfe267c741c7b026"", ""occ_16d5d1241b9473cf1c0d"", ""occ_1782f350fd18839db5d0"", ""occ_187cbda1f81230d7d672"", ""occ_1906b144a242bc6d91b4"", ""occ_1a352506d6d6a540a6dc"", ""occ_1a3e586dbec66e18611d"", ""occ_1a84b08ccf545c959a98"", ""occ_1a8e27d4214bc24fdf09"", ""occ_1b1c6dabf7bd18226d53"", ""occ_1b3d912d449b1a6af282"", ""occ_1b4b9ed8680bc38a7baa"", ""occ_1b76cfdabc7c4628d2ee"", ""occ_1c4b9fcebbecfc917b54"", ""occ_1c7dc892cd9cad06fc76"", ""occ_1c9c013ab4455a6827b4"", ""occ_1d16569e13bb43d00916"", ""occ_1d32ed7019e39486384b"", ""occ_1d369ef501ab36624e5d"", ""occ_1de3efe0f318d0dcd25c"", ""occ_1e563565179ce7e3ed45"", ""occ_1ed5035f0b68127ed815"", ""occ_209a12e377e40271c5a2"", ""occ_20c01d93da95a897daf3"", ""occ_21af12da0265a25be985"", ""occ_220192d48cfddb788f3c"", ""occ_2276b4706680d5885742"", ""occ_2306b9be93050e33b2ff"", ""occ_230c0434728697f42902"", ""occ_24c9044dd0de5fdc0a94"", ""occ_24f1a0f278f009a276a9"", ""occ_251645b1416816c80726"", ""occ_25541c5746381574bbc7"", ""occ_256676ba43f9f50c97ee"", ""occ_25f5d47d264fdac78671"", ""occ_261a652ba294b174a747"", ""occ_2691541824bb60e28543"", ""occ_27b38aa7d9c5cd13baf3"", ""occ_27c47d9c9c484f2bf985"", ""occ_27eca8b6e237afcfceda"", ""occ_28bfc2753b6e67cf012e"", ""occ_28ebe156c3a34c3f68e6"", ""occ_293c27d4caca5e1112cb"", ""occ_2962879d52e6d701100f"", ""occ_29b160b70aee39a3e320"", ""occ_2a0c8bcd878c603e97e8"", ""occ_2a2567e66fde63c0ed33"", ""occ_2ab8477402bd9a2ed4df"", ""occ_2abffc4f93f7abeb5f23"", ""occ_2b6d120a9f88a5660346"", ""occ_2bded772972d40288a06"", ""occ_2cc2720a44555e21e19d"", ""occ_2cf21d5d79894f70b063"", ""occ_2d1e1f06c9f7d74db069"", ""occ_2d6eda6c424c2b41396b"", ""occ_2ddc1d8dc25703e374d3"", ""occ_2e3ed34363aa7d43d319"", ""occ_2f771c787b51f57d730a"", ""occ_2f90b46431dc4c48cdfc"", ""occ_30212ef7f46473c03abd"", ""occ_308b70049d3cd32946ce"", ""occ_30d4516e880054dcca85"", ""occ_30d77f1555ace9cffd0b"", ""occ_30df160479b77868cfdb"", ""occ_310f73784828804ff1b0"", ""occ_3255cf65478cb54bcc44"", ""occ_327eb4c4ab2357f82e96"", ""occ_32908b50581df5052984"", ""occ_32ca85568e8c9b135bee"", ""occ_334238e8f0c326e64614"", ""occ_336390f959eee64f83b2"", ""occ_33a5f57929db54f75b8b"", ""occ_33b243cfe135751ee7ed"", ""occ_3493febadc8762eafd17"", ""occ_34a0fbfa7930fa02e40f"", ""occ_34e294fc8b4c9fe5aaba"", ""occ_35e6e013cb64469d4996"", ""occ_361ad58464bfeb3634ab"", ""occ_365f55934f6509fdbb80"", ""occ_367c6ef591724d4b4c22"", ""occ_3689ffd66fe2c70220a4"", ""occ_36d631a512153e885ac9"", ""occ_3705b4ec8dbac6f99443"", ""occ_378b0745e96223617e94"", ""occ_37baee295c89853d539b"", ""occ_37d8c8334ccca03378f8"", ""occ_37dc0fd28b61eda363df"", ""occ_37f7b75508a540798c62"", ""occ_38181c6462d16d294297"", ""occ_39da19e225786ea6a8df"", ""occ_39e5283b6bc259336f3b"", ""occ_3a390f32ea39ea9d6a00"", ""occ_3aa3d41f8ec4f734dcba"", ""occ_3b41494f030633ccea12"", ""occ_3b6465ca1d28d09b60ab"", ""occ_3b9bcb0214805937ac84"", ""occ_3bd682725f2c25a390a1"", ""occ_3be28a63bcd7eb606252"", ""occ_3c0acc8b7fcccfbec109"", ""occ_3c466e350ea115788125"", ""occ_3d1e22e191dbf468cb4e"", ""occ_3d9b69a79d92276062a7"", ""occ_3dcffe7ce76afa128dbd"", ""occ_3de2941cfdfb6843ee2f"", ""occ_3e3b7c4f247908c2e34d"", ""occ_3fa5fed05e4f1311a0f0"", ""occ_3fa8ff349fe672074461"", ""occ_3fb6b9c00425e2580600"", ""occ_3fc496ffda891df60521"", ""occ_403e8da6d1d6d7235236"", ""occ_408cce8f52250bbce477"", ""occ_409d76a4d83f03b97c44"", ""occ_40fa1a25272ef7e8caf3"", ""occ_41206f04e2eb94f0439f"", ""occ_413e39bbb7ce7e6839e3"", ""occ_414fcdc4d9e4953333e0"", ""occ_416214b9d155c0ca4cac"", ""occ_41f57c5f2ba24fcb1745"", ""occ_427b26e7878e837d0bcf"", ""occ_429418b22a3a8681ebc5"", ""occ_42e424f144cd2e1775ea"", ""occ_42ee1f4fac335e488963"", ""occ_4356919354762b3fe84d"", ""occ_436adafd9e8d7d66665b"", ""occ_43c3dc48227cf41e4658"", ""occ_43d867f3fd714ea1bd83"", ""occ_444f4dff2a3c5255724e"", ""occ_4460c271c5af46f24477"", ""occ_44a4cbf05f5aa212401a"", ""occ_451af1a07066ce123b7f"", ""occ_4538851c95e6a85ae759"", ""occ_45458e8d53699bf77932"", ""occ_45480aee2c277fdb6bbb"", ""occ_4588eb5819cd4a162f48"", ""occ_45b0896c29fb88f9cf40"", ""occ_461de409f12c83c1b70e"", ""occ_4695307f12dafc101894"", ""occ_4697eaf7c71cbdddea5c"", ""occ_46a135a6a555e067319a"", ""occ_47528384c6c210ff8286"", ""occ_477096a7c9d51a625c8f"", ""occ_47dd07447205de9cf127"", ""occ_482972bd01218ad90fe6"", ""occ_488ee756eae60e57f886"", ""occ_4908991348b7e1420f33"", ""occ_49532bfa094e0ee7ed59"", ""occ_4958a2430cef59aa00ee"", ""occ_4963391e8401e0442f6c"", ""occ_49b1649f906279e7d8ee"", ""occ_4a28f1cadf89b37985fb"", ""occ_4a4ce1463d17d285c407"", ""occ_4ac37c8d59cbf307f5ef"", ""occ_4adbfbc292d9b17374e6"", ""occ_4b2163536a809263bda0"", ""occ_4b22ac47d8dbe1306705"", ""occ_4b49f129618fdde092d3"", ""occ_4bba720c278fd7e84750"", ""occ_4bd877d3e8f7b35fa9f7"", ""occ_4bf6777715dddbc8aff9"", ""occ_4c1d8b1f8cf8a703531c"", ""occ_4c2ee5a37b7c63b82a82"", ""occ_4c412e7607af6296221a"", ""occ_4c84039349e4b4584a3f"", ""occ_4cc6e6126488668ab72d"", ""occ_4cff4409efc3bd33c3ee"", ""occ_4d222dee0d3977c1848f"", ""occ_4d3d129924a09225ae71"", ""occ_4d3d66de666248b3ef87"", ""occ_4e46b1ce8e9f7a8a0346"", ""occ_4e4d6aded5ac810da581"", ""occ_4e4f98a32ae61b937e55"", ""occ_4f0201ec2640a0fc45d9"", ""occ_4fae89a9c28a952319ee"", ""occ_4ffb43825f8458df8ba0"", ""occ_504adbdc190810a4742f"", ""occ_50651a1f2962878743fb"", ""occ_509523ea325360a3718f"", ""occ_50d6201b5577b7b2da51"", ""occ_51064e3a7e23603221aa"", ""occ_510ee0348b1c98c10b24"", ""occ_5160d9985e5f68ee441b"", ""occ_516fd7f9b2c582bb7013"", ""occ_52422f91f636e3260938"", ""occ_528a41a8cc16501d6c8b"", ""occ_5292fc5a2f83323df767"", ""occ_52ad635023cc69a166d2"", ""occ_52d87852482e3169bfc4"", ""occ_52f2205fc7756eb2855e"", ""occ_53c3012a820adfa1da45"", ""occ_53c55c7e65bb7a77beb0"", ""occ_5421da6a68d599af0d32"", ""occ_55853254bb1f5bca62e4"", ""occ_5655759e73f30e47c99a"", ""occ_56688d4e4ece616a3ebf"", ""occ_5671b542efa5d5b2470d"", ""occ_577d072ca2264199976d"", ""occ_5781f5ddc07cae6a5622"", ""occ_57de0b9fa0d81e2d72cf"", ""occ_584d9d9aa86fe636e14e"", ""occ_589d83a0f04b1207a0c9"", ""occ_59242ab4ae81b1fe7de3"", ""occ_5942f6c971380efd360a"", ""occ_596e232fc22c122405d6"", ""occ_5a06f2fe4cf39411c46e"", ""occ_5a50290ea867f1fcd478"", ""occ_5ab9f332152c9f4f7f0e"", ""occ_5ae0015b53f24da1cf78"", ""occ_5af7a1db222e0289324f"", ""occ_5b2378d70ce5777a630d"", ""occ_5b26751cdec7e1658bef"", ""occ_5c02328bdb3ac50fb047"", ""occ_5c6ebc6fac9321281ee9"", ""occ_5c957da0ce9bd05fd695"", ""occ_5ccc9d9cd56751b7ad96"", ""occ_5cd839a511e257838b8e"", ""occ_5d8791e90b8015fc87b7"", ""occ_5d8b1e3667c2045d3011"", ""occ_5d9338c492f801ad7658"", ""occ_5e63daf7a8e7ac44ac67"", ""occ_5edd5b8c922f74b00271"", ""occ_5eff2287ae6e4105097c"", ""occ_5f167d421cfec381e869"", ""occ_5f6d4d5bd1a1160411ff"", ""occ_60108e9f16072880fad1"", ""occ_60590418ae253821e745"", ""occ_607ebd2512d0747fc438"", ""occ_60eaf4953767ffcd3467"", ""occ_622818af3c787ee1496f"", ""occ_6261676e510f58ae48d1"", ""occ_62a21653b7ce60d2e488"", ""occ_62d7f4657b93c813d1f9"", ""occ_63131983f5c8daeaf6a9"", ""occ_63438aaa872a2ef89ef9"", ""occ_6350341a33f762829bdd"", ""occ_63707fea4ec69bd64330"", ""occ_63b2e03159e7b79f534f"", ""occ_63cb077b525aafba9ffa"", ""occ_64d810744f5c28c52b76"", ""occ_6504f5dec66c81dd2b0f"", ""occ_65a187cda7a7ebb035ae"", ""occ_65b7390430d30fc1e875"", ""occ_661c075939dc77bdfa8c"", ""occ_66388c2d7444a028a7ab"", ""occ_663fbc268de298cdc9a3"", ""occ_66b9ad5606d4981e7358"", ""occ_6700682b9fa760c9de30"", ""occ_680ef6498448a82459cc"", ""occ_682fe96b221315bce946"", ""occ_68c0130b9809e674e22d"", ""occ_6935d800543e32d1d4df"", ""occ_697b0e09e19d470bd4bb"", ""occ_69d9a552abe4847af843"", ""occ_6a26b840fe3a9c7b47ba"", ""occ_6a282bc03849b2deb077"", ""occ_6a34e29e4b2ce62af836"", ""occ_6a50dd36fc4467e1f4fe"", ""occ_6a5893ca65b4fcb33868"", ""occ_6a596ca9363242a9b6b9"", ""occ_6ad6b5efa34dde4c739e"", ""occ_6b1f15f0aadd867900bc"", ""occ_6b4d476329b8ae7d4f6b"", ""occ_6b84215c7e52163f72e9"", ""occ_6b89e40b2672ba42e358"", ""occ_6bca5a74754415fd2003"", ""occ_6c36d9ad375ba1120d7d"", ""occ_6c387c54b29efdf6d369"", ""occ_6d1c6956501fe308740c"", ""occ_6d6900da88f4a9670c2b"", ""occ_6dddfd8124617d8303fa"", ""occ_6e1850b6c33d40b87393"", ""occ_6e27f92043b22cc82ec5"", ""occ_6e37bf84cec7d0c7a931"", ""occ_6e65fef5431645a8e63a"", ""occ_6e6d73da6247ad06b9bc"", ""occ_6f443c16794116131f48"", ""occ_6fae3e7305d525f7fa73"", ""occ_6fbe9097688daba20891"", ""occ_6fc8d238cf5fa56cf8e8"", ""occ_6fe63f4261b8d756299b"", ""occ_6fee428642c65df91858"", ""occ_700fac376bfee1b38801"", ""occ_70207a167a870176ee1e"", ""occ_705ca74a83b4a47bfdca"", ""occ_711bb4e8e2ed5e56f5df"", ""occ_71f2097475c77465a04d"", ""occ_729ccf3e8d7c13815a84"", ""occ_72d613e7d91af264fe4c"", ""occ_732dcfef2244cbd441aa"", ""occ_74ea223ec5178233abcd"", ""occ_7537aaf6e8adc55b13e6"", ""occ_75c3feaa00569bd8e35a"", ""occ_75ee658c0af270a0a332"", ""occ_75fc204a77cce5a0b728"", ""occ_76054b68bd46573e127b"", ""occ_763daff77bddffb01389"", ""occ_7718fc64c95f8b5f9cf7"", ""occ_77279f0261309c7c6199"", ""occ_781fbe03c17b31831bb8"", ""occ_789f62c9ac77b851db95"", ""occ_78f5fe61863a8182eefb"", ""occ_796195c905aff8eed549"", ""occ_7996cd3041df3d87d6b3"", ""occ_7a3122fbff773422047f"", ""occ_7a5ad2878dc75a5e0fa2"", ""occ_7af279a3270937935637"", ""occ_7cc7967193f231c31e34"", ""occ_7d1d88516b1ef84c2c3d"", ""occ_7eccdcabcebb237c8f88"", ""occ_7ed9fe511296eb3a3a2a"", ""occ_7f50ffabcef4b836937f"", ""occ_7f66d733de92ad0d79a8"", ""occ_7f6853aa72bdab9feba8"", ""occ_7fb59f14d3e223858b21"", ""occ_8021c9a72c6c29da2212"", ""occ_8038572b500b317b1b71"", ""occ_804c7bcf21bff07133ff"", ""occ_80817bba2aad56dd6864"", ""occ_80f5beeb7c375043d289"", ""occ_81203770e37ef1aec9a4"", ""occ_816c77f03d7289cd050c"", ""occ_81b18ee786f28a844a34"", ""occ_81b432e5941d06bcf8bc"", ""occ_820244bf58cd0ad260e7"", ""occ_8224377cbb57b8d0efb7"", ""occ_824d9bbec57aa21b18ac"", ""occ_82bfa65390cae861f956"", ""occ_83371d1919aed4fe029d"", ""occ_836f477975bdde333bb6"", ""occ_83d4f17413376e371b03"", ""occ_84126272c881f4c35cdc"", ""occ_841937b1f55f354b5082"", ""occ_8447f5c16797c9e38b8b"", ""occ_849fd576d305d55415bd"", ""occ_84d571561e4ce3cc4ad3"", ""occ_84e5c78a25b782081597"", ""occ_84f577b818314da259d4"", ""occ_85053ea9d13c41e967fe"", ""occ_854c7de6c9e7040806eb"", ""occ_858f54dcfa1bb8150fd1"", ""occ_8603c8573ce5d80bc780"", ""occ_8644f3aeb5fa020634e9"", ""occ_867c34e7595433a0a84d"", ""occ_86d9fc75cbc55659c038"", ""occ_87041555fa60c1973f35"", ""occ_873f4bd4e45b07c66cc4"", ""occ_8782796107acae820cec"", ""occ_87e65f8c8c9769a28541"", ""occ_87f8056f283b2087be55"", ""occ_884602ecfc2bb0ed1878"", ""occ_888a16058989a5d24de6"", ""occ_88aa4b25552aea6bda7a"", ""occ_891a7b6b0eff5ad264f9"", ""occ_894a1a9236a4bcf70aef"", ""occ_8a502498b2af25cd9ccc"", ""occ_8a971f58cff06b9136f9"", ""occ_8b5dc524bdeda48ebc3f"", ""occ_8b802ca684bb13c90298"", ""occ_8ba06c668eda6cd6e132"", ""occ_8ba258260a262c6be9d7"", ""occ_8baffee87167b866197d"", ""occ_8d23df10c1f16ee05ed9"", ""occ_8d47ce27f2e49f4976d4"", ""occ_8dd00b0689a4858f8e4b"", ""occ_8df0bf57b3c7e010aeef"", ""occ_8dff34c4da05eec0d66a"", ""occ_8e3852cd0ee6883bdb99"", ""occ_8e78cebb5834b4f4831f"", ""occ_8e9ce8080d03056e62d7"", ""occ_8f3d045c78fa97907dea"", ""occ_8fcf74b4815f09425279"", ""occ_900e082967aa91fdfe6a"", ""occ_902d25108f0d6a5fdff9"", ""occ_906c09d1cdae311753cd"", ""occ_907d5dbef7dd6c60910f"", ""occ_90dbb7f01bc675f186cb"", ""occ_90f38152cd6e075e72d4"", ""occ_90f9de4f8dd10e88bd09"", ""occ_9120a6c9045562d687f1"", ""occ_92071be8d8beee8effca"", ""occ_92153e3f3557ab9bddfa"", ""occ_928f1c94ef8ab8beb367"", ""occ_92b08ff874dde85ac61a"", ""occ_92e1d4726d0dde56ca63"", ""occ_92f4282dfc8776360782"", ""occ_931d15d46f121d566046"", ""occ_934bf6fa6ec73eb60b74"", ""occ_93c54c20d419b0536d28"", ""occ_93ec6a2b26e9232fc153"", ""occ_93fb811553569192940f"", ""occ_93fe96fb73efeb5314d4"", ""occ_940ab59ed3d38db1354b"", ""occ_944a67bb59c94412f230"", ""occ_947233ff87aa4e9d6a39"", ""occ_9484903d21d0eed87ad3"", ""occ_94f4a1aa8cf2b2a741fa"", ""occ_9593330748fba06ab5fd"", ""occ_9623970f1a6a504f966c"", ""occ_96383c3bf0a4bc1458d9"", ""occ_96a1d1fc1b6edd25de89"", ""occ_9767f43300181facd964"", ""occ_97bfdf1dfc560e49e544"", ""occ_9828e46971617ed9eaa3"", ""occ_9879b581604c2f7d93ac"", ""occ_989a2b5b7831f73c6dbf"", ""occ_9901a01f1ec621c445ea"", ""occ_990a70076f3592baee5c"", ""occ_99365aa4f5dd570159bd"", ""occ_9968ec6944d54ef68df4"", ""occ_9973e22ad4039251b74e"", ""occ_998e44a45cf714d12f5b"", ""occ_99f4a8abb9c1f10debb4"", ""occ_9a39374355004c7f3783"", ""occ_9b87ab6714921d894f59"", ""occ_9ba2996bcab7c1e82b20"", ""occ_9bcfd478fb93831a6081"", ""occ_9bd4e58f11a7ca4da17d"", ""occ_9bf25e17cc71f6069c77"", ""occ_9c47ad9222683e49ef0e"", ""occ_9c66c761a6e7019f76a0"", ""occ_9c9c8fe26e68fc7b1451"", ""occ_9d268bf17409e87f33cd"", ""occ_9d57016e5fbe357704d1"", ""occ_9d78a6709e3b42742af6"", ""occ_9d88671db85da66b38c1"", ""occ_9dac7da441eb62275cf7"", ""occ_9dc866bdb0be3922e936"", ""occ_9e7b7b380f3d332b889a"", ""occ_9e8606e50e60e3591f21"", ""occ_9e91350b1f85d93b93af"", ""occ_9edec26041b5ad4998e5"", ""occ_9f7fe74e99f01e30ef16"", ""occ_9f909d941a1ec6d906c7"", ""occ_a0211f254ba07212b384"", ""occ_a0383c011367e4375482"", ""occ_a0a1e79d7f680f388c3f"", ""occ_a0a9813f2135e1a07f8b"", ""occ_a16ceaf8891b9d32ad30"", ""occ_a17796e04785c982a2b3"", ""occ_a2274e918ad0bc120067"", ""occ_a26668df03c31a56e980"", ""occ_a2bf5fc4a01cb415526c"", ""occ_a35eed8b95300155b496"", ""occ_a36ab23404cdbfc7c66d"", ""occ_a37fd9e9ee463929771a"", ""occ_a3dc8c69c3662aa2e18b"", ""occ_a40e1d9438edf144c5b8"", ""occ_a4147f1a53799a72db05"", ""occ_a492afe76905027751fc"", ""occ_a49ae1cb01eb6e6c5d09"", ""occ_a4dad2f40f0cc3e7d04c"", ""occ_a61dd05433e1deea4363"", ""occ_a69b24da9af4188be851"", ""occ_a6a5ce14991ef4508d3a"", ""occ_a6bfacbf36ca05187ab4"", ""occ_a7766a3b3f4d2c2cc320"", ""occ_a7d3583724532f13872d"", ""occ_a84f007ea58ae23bc8d4"", ""occ_a85cdd9c26314c198a6c"", ""occ_a869fd6cfb02676d042c"", ""occ_a94ebcee86c3442cca7f"", ""occ_a9720a33b4b02e9bddd1"", ""occ_a9a2afb919930262d5bc"", ""occ_a9a769d7463edbda0520"", ""occ_aaec94d334464e975ad6"", ""occ_ab5d0124fc61610d5ad6"", ""occ_ac39bd5138538b76c5f5"", ""occ_ac8affdb0bffc0193e57"", ""occ_ac8de39f91536181b474"", ""occ_ad212b96fb7d5731d913"", ""occ_adc0b6709316c9f50fd0"", ""occ_ae16705b114ef8c2bc21"", ""occ_ae19681d636e80de42c7"", ""occ_ae5bf3a45a4eba1cf43f"", ""occ_aeaca7019a8bf9b66baa"", ""occ_aeb4bcecd9564bd90e9e"", ""occ_aec7598ef6f92a2710e5"", ""occ_af4d9d750c5de99d8e8f"", ""occ_b00053ab21276003f491"", ""occ_b04bc12b89085dab1d82"", ""occ_b05a08b92a7806450bed"", ""occ_b0d4e5106796d3e6c508"", ""occ_b0daec9ba4764604ede2"", ""occ_b12f7c6261ebc1044228"", ""occ_b1500f6a6b705855ccad"", ""occ_b2189033ea44b9404445"", ""occ_b23aba1243a6cefe59ed"", ""occ_b28bb0d4c438ffb9758a"", ""occ_b2ccd63f441553117ae9"", ""occ_b327fd1cacd7eb57894c"", ""occ_b395323943100b65f698"", ""occ_b3df2d07356e0cb8d437"", ""occ_b3e99ca6914196ff247b"", ""occ_b41ce50ee2a7607d2151"", ""occ_b42ae880b8a1413f7463"", ""occ_b4524ad2e27f011c85c3"", ""occ_b4e93fa0907ec3fd2fbd"", ""occ_b50a291861d11d2b5944"", ""occ_b512ed785402a6a562c6"", ""occ_b59c6957ccfeb89a5f85"", ""occ_b5edbd0fdba07aa047d5"", ""occ_b69e491b89073f761281"", ""occ_b6c3154b220ef487d42b"", ""occ_b73c16f48cc94baf56fd"", ""occ_b776b1d799f517907b03"", ""occ_b872efc6459bcb4e35e1"", ""occ_b900d105dc535ece4a4d"", ""occ_ba4efefadd46e13834c3"", ""occ_bb3e5b299ad4277aa36b"", ""occ_bb703c35b6d40d47389d"", ""occ_bca11743d40eb24f3662"", ""occ_bcb489ab5ad7d9a77526"", ""occ_bcd3a2502c2f571b484f"", ""occ_bd37dec1967f5471b97b"", ""occ_bd49e2a51a89adcfefbd"", ""occ_bd674819ee0d1cebc203"", ""occ_bde0d6ce5c98e2009ceb"", ""occ_bebcdd6ec6cc1bd51b66"", ""occ_bfb88b1b934b54de5046"", ""occ_c0d18205ecd2d151de82"", ""occ_c1127abfa9cec92695c1"", ""occ_c12a20a89a44f7bc85a7"", ""occ_c1336e6462a935c66c20"", ""occ_c1f6970206ea7fdc70ad"", ""occ_c213662226337717b3f9"", ""occ_c2a50c1d7de1683ed078"", ""occ_c2f0d0409e3d123f9ab8"", ""occ_c300cad0e579ec6785d0"", ""occ_c37452df4d35bc7af7d6"", ""occ_c3d990e9b522626a4d50"", ""occ_c3f616d1d22c194f4712"", ""occ_c40f6a73056f3640878c"", ""occ_c4248cd244715523a4da"", ""occ_c4ca9745ab96561998ad"", ""occ_c4eb56c8c493b9317365"", ""occ_c4f394577b8871bc4952"", ""occ_c55174346285fa5dee82"", ""occ_c55bedde4baa60a1464a"", ""occ_c5b2b522bb37cc5ab0b4"", ""occ_c762b9443d0e91ca0658"", ""occ_c77c509e3cd774ff87ce"", ""occ_c78564652b6ee914d8c8"", ""occ_c7f9d29cef13b2e9d4f8"", ""occ_c80490804ca2f6452c66"", ""occ_c822a28700de68effaa2"", ""occ_c8698fe655fee6acbd45"", ""occ_c86c17228838a5a7d28b"", ""occ_c94d5b850e6ca0013ba4"", ""occ_c9555a5dbb49adae9a80"", ""occ_c9821bad70ccb4184667"", ""occ_c9a166fecd694fbf0c60"", ""occ_ca3ec5d2b25a4d9fb2c7"", ""occ_cb5dfd0183fe6d57d0e5"", ""occ_cba0a3decd2e6a11e355"", ""occ_cbadcc8edd6530dd5136"", ""occ_cc3fd26b7f89517a2edd"", ""occ_cc70112f4a026009ae81"", ""occ_cd56701632197e1d0067"", ""occ_cd7680421a8716f5576a"", ""occ_cda1aa732941ee4961f1"", ""occ_cdc2fd39591d58205b11"", ""occ_cddd7a710f47af58d936"", ""occ_ce2548dc9865bbd737db"", ""occ_ce510612f21d6b5ee477"", ""occ_ce9f6206003ee32238c8"", ""occ_cea1759823ef806e5441"", ""occ_cf133b99a9d7c2017305"", ""occ_cf7691d1b812de92bfe0"", ""occ_cfba44c491fbaddca1fa"", ""occ_cfc638fa830ca82bcdff"", ""occ_cfdf3bd7f212a3226d33"", ""occ_d00316eee85ee9ba2e3a"", ""occ_d0355f8b6a9d37794eca"", ""occ_d06de0bb1d645a6eb944"", ""occ_d0a0a4dbcbfea6383198"", ""occ_d0e54cfc55699e927caa"", ""occ_d15bdc104bd2ea5ae739"", ""occ_d160a87db2e6c890a0e7"", ""occ_d16cb65899afd1f22367"", ""occ_d1cb6ad455289c7a7876"", ""occ_d1de94d7db73b1008fd5"", ""occ_d20ddf5af60c546a7354"", ""occ_d29125c3ecbde835c96a"", ""occ_d2a767c51e4af2efce13"", ""occ_d38a4018cc7a37d9b1a5"", ""occ_d38a96eac057e39dc998"", ""occ_d394e1780cbe81e61b15"", ""occ_d3ce99775c13dc346dc7"", ""occ_d3f3b3f95cd655c8f2a6"", ""occ_d44d622ec50a994dad15"", ""occ_d46840cced987dca9e53"", ""occ_d4aac3a013f4d703b4f2"", ""occ_d4ba3a7699ebeb1a70c0"", ""occ_d50762658378aa1bfd0a"", ""occ_d582b6ecfe56c21cd85d"", ""occ_d5904cbb213254198392"", ""occ_d59fb0741e07f51d7e8b"", ""occ_d5bded7ac16b1cf7c204"", ""occ_d5be78ccdfc8a0148536"", ""occ_d5cf2e2bcc6f90a5eca1"", ""occ_d65af015e8d9c855dad0"", ""occ_d665c5ee3065b69f8de3"", ""occ_d761c1d9576eca359cd1"", ""occ_d7a0f569e3f93fb4c52c"", ""occ_d81c191700b2c5618fe0"", ""occ_d8eaf2f95eae598d1351"", ""occ_d8f8e59c5d68e2371f55"", ""occ_d8ff717a30cf369e2f5b"", ""occ_d97224e46d9f11c76196"", ""occ_d9a449f7c28fd990e8ff"", ""occ_d9ad9f1547b275ce0013"", ""occ_d9c8cec412142cf45342"", ""occ_d9e1c71e2a5643d448e6"", ""occ_da15640daf6d3f9f292f"", ""occ_da45faa4e9a44cebbe29"", ""occ_da748bb05a4a01d7d184"", ""occ_dab0b79d722b0472b43f"", ""occ_db00a7db31b5e61814ed"", ""occ_dbfb2200bd9f49f19460"", ""occ_dc322e7ea9eea389c54a"", ""occ_dc93fd729aa6451ceff4"", ""occ_dd2390fa9a385b253f0c"", ""occ_de01ba32398c79c6bf86"", ""occ_de457a18c48297b3439a"", ""occ_dea5daf4d5e247c98191"", ""occ_def635dde3f3eaff2bf1"", ""occ_df4547e590dcc846520a"", ""occ_e0584b4219bb83fd24c7"", ""occ_e1147032ab3420e77690"", ""occ_e133fa6de9667ddc2361"", ""occ_e1727a81532fe839b740"", ""occ_e1cfd0ff9fbc206fe464"", ""occ_e1dcd49352d12bf5e9fe"", ""occ_e1e6a69e428d8b17b452"", ""occ_e1f230fff9d9d65eb5eb"", ""occ_e210e9fb80c41a51457f"", ""occ_e28444de225003b8392e"", ""occ_e2cebbfbca7eab02ad3f"", ""occ_e2f1bfc5221b076c5a1c"", ""occ_e3075035d98696c6cf8f"", ""occ_e3b3485067aabf70766f"", ""occ_e43dc0fb245bf532ec16"", ""occ_e46a2419c9a40ecbd040"", ""occ_e5bc4f72f397d508a6e5"", ""occ_e5df7bae570b2458ae02"", ""occ_e630eb434f1c1d3b63dd"", ""occ_e66ed770e0930121b7d1"", ""occ_e6a06004c4bbc0c42f66"", ""occ_e72aa437064bf2469622"", ""occ_e73c2192ae3dd1940b08"", ""occ_e7736cb42cdd937bf0a5"", ""occ_e7a3b2125748961259fd"", ""occ_e7b138b10345f0248a6b"", ""occ_e7cb8fd8ea2de0c5871b"", ""occ_e7e0c786ed114958a84a"", ""occ_e8544ccf95b3d50234b5"", ""occ_e8eea7acbd24fb68e2b6"", ""occ_e9036a4c473f5e6f9322"", ""occ_e903fe8f4e0c897ec149"", ""occ_e904acb0c004d44de5d8"", ""occ_e939d17c33bb5d09acb5"", ""occ_e9654c0960333b0a30c7"", ""occ_e9b92d841e6617790b3e"", ""occ_ea28325bebc050ba77ff"", ""occ_ea879897ce8117579ab1"", ""occ_ea998f6c6143f967c596"", ""occ_eb441339bc9c38d04957"", ""occ_eb468421e40a19801b7d"", ""occ_ec5d008275f0b9445592"", ""occ_ec81bf63c0abea6c4cc4"", ""occ_ecae5b54ab35d7d41862"", ""occ_ed77ad1bde1b28afb7f3"", ""occ_eead8098a32436486cac"", ""occ_ef7f4810bfdffdedb8d6"", ""occ_eff0ed5fd50577711e6f"", ""occ_f0c888db26743df1a2c7"", ""occ_f177ff21dfb50ac3aab3"", ""occ_f246bfac869f9abb0832"", ""occ_f297deb33c33e1eedb08"", ""occ_f304550e3c074f10cf3d"", ""occ_f33638a5d8bb54552629"", ""occ_f36c9a74cead5737faa2"", ""occ_f3d6ff99284a1ff43070"", ""occ_f4ee794a8139d398f646"", ""occ_f5c3db967f830652b246"", ""occ_f605ab6ea671dc0d6053"", ""occ_f6236dfbe26f52385668"", ""occ_f667f8ba9d4e43fca034"", ""occ_f6d3035551df370751f8"", ""occ_f70cc397f335843e0c7b"", ""occ_f7704462e0511793a160"", ""occ_f7cf623b27085d322894"", ""occ_f804b96674337097dc29"", ""occ_f833b03443616ed940b9"", ""occ_f84d029991b35df260d2"", ""occ_f8fbca5e9841e951604a"", ""occ_fa45b94496a8cf4c14e3"", ""occ_fa5553d85959653ff95b"", ""occ_fb0208c5fa052030e2a4"", ""occ_fb4cbf70343a4e7230f3"", ""occ_fb78f0e38fa9ad9d0cf2"", ""occ_fb7b324f6ed2fc97a52e"", ""occ_fb90c0863264746bd079"", ""occ_fbcaa96cc99beb6bb857"", ""occ_fc01203df37712728976"", ""occ_fc64d181fad4f5703280"", ""occ_fce9a30128114e180be2"", ""occ_fd6e4c7f4bbfac50c416"", ""occ_fdabdcb2c5d00903e47e"", ""occ_fe232f60be67a9194751"", ""occ_fe498c35180ee71e3289"", ""occ_fe4b8c646b452a8a42be"", ""occ_feb1aa3c379f28c4b305"", ""occ_fec4360be75e6e67a962"", ""occ_ff0754b27a47b45d870d"", ""occ_ff6a75cb20416dbaea20""]",run_1f27e7f7434a9d682f85
term_24916e7dbdf0a43895a0,Domestic producer prices - capital,measure,0.88,semantic-hybrid,True,title evidence with measure lexical cue,"[""occ_31e3beacdc16a7c51e7b""]",run_1f27e7f7434a9d682f85
term_1cffd66b8825402d8cd6,Domestic producer prices - capital goods,measure,0.88,semantic-hybrid,True,title evidence with measure lexical cue,"[""occ_b2cc2da25e07bc1eb592""]",run_1f27e7f7434a9d682f85
term_bfdf174c0141cf130056,Domestic producer prices - consumer,measure,0.88,semantic-hybrid,True,title evidence with measure lexical cue,"[""occ_d12cfcbb3f67361dd6cc"", ""occ_eda73fa79566cd996683""]",run_1f27e7f7434a9d682f85
term_c2d0179c7cd68ff9bdc4,Domestic producer prices - consumer durables,measure,0.88,semantic-hybrid,True,title evidence with measure lexical cue,"[""occ_b7ef5732dfb9b28b6353""]",run_1f27e7f7434a9d682f85
term_d3259c0a506408ea96d9,Domestic producer prices - consumer non-durables,measure,0.88,semantic-hybrid,True,title evidence with measure lexical cue,"[""occ_ae371c9bce8d70a570fe""]",run_1f27e7f7434a9d682f85
term_ebb8bef4d41b8ff4cc33,Domestic producer prices - energy,measure,0.88,semantic-hybrid,True,title evidence with measure lexical cue,"[""occ_48c973c2493e1b689b64""]",run_1f27e7f7434a9d682f85
term_4c8b2580f83438491d0f,Domestic producer prices - intermediate,measure,0.88,semantic-hybrid,True,title evidence with measure lexical cue,"[""occ_e2bd9430cd4930817f94""]",run_1f27e7f7434a9d682f85
term_fe4e2ce249094bf3ed20,Domestic producer prices - intermediate goods,measure,0.88,semantic-hybrid,True,title evidence with measure lexical cue,"[""occ_f9b86e812ceb9c753290""]",run_1f27e7f7434a9d682f85
term_9dbbcc4f8da2f29988f9,Domestic producer prices - manufacturing,measure,0.88,semantic-hybrid,True,title evidence with measure lexical cue,"[""occ_2997d4a3613c6ecc06e3""]",run_1f27e7f7434a9d682f85
term_2072c0522c89759f5493,Domestic producer prices - total,measure,0.88,semantic-hybrid,True,title evidence with measure lexical cue,"[""occ_390d99d1575ca6503a85""]",run_1f27e7f7434a9d682f85
term_7ba0bd238424535c85cc,Domestic producer prices - total industry,measure,0.88,semantic-hybrid,True,title evidence with measure lexical cue,"[""occ_fe4439b00ab4793927f2""]",run_1f27e7f7434a9d682f85
term_2d923d4d67a086f99327,Domestic producer prices - total industry (excluding,measure,0.88,semantic-hybrid,True,title evidence with measure lexical cue,"[""occ_0433a53d8fee213cdbc9""]",run_1f27e7f7434a9d682f85
term_69327073f7813ae25062,Domestic producer prices - total industry (excluding construction,measure,0.88,semantic-hybrid,True,title evidence with measure lexical cue,"[""occ_01e5ac224ba7f5742d43""]",run_1f27e7f7434a9d682f85
term_2a0305468dfa4b8a1343,Domestic producer prices - total industry (excluding construction),measure,0.88,semantic-hybrid,True,title evidence with measure lexical cue,"[""occ_67b2c991123f9cb7ec3f""]",run_1f27e7f7434a9d682f85
term_1b96528f406ce1224c34,domestic product at market prices,measure,0.88,semantic-hybrid,True,title evidence with measure lexical cue,"[""occ_013b40643d979f35aeab"", ""occ_2fee7760703a8b4ffe11"", ""occ_4f795e56eca38119129a"", ""occ_9fc9f83d7e8d4468e68a"", ""occ_ae3944d38872761b85bb""]",run_1f27e7f7434a9d682f85
term_485e0bd5c2ec92a1596c,domestic product at market prices - ENP-East,measure,0.88,semantic-hybrid,True,title evidence with measure lexical cue,"[""occ_50bfcf2c2f03bb9861c9""]",run_1f27e7f7434a9d682f85
term_afe4ed1decb83f954feb,domestic product at market prices - ENP-East countries,measure,0.88,semantic-hybrid,True,title evidence with measure lexical cue,"[""occ_dc4fded1d7c304867ea4""]",run_1f27e7f7434a9d682f85
term_eac0c1540ef03089e1d8,domestic product at market prices - ENP-South,measure,0.88,semantic-hybrid,True,title evidence with measure lexical cue,"[""occ_c47b0201a5d659177190""]",run_1f27e7f7434a9d682f85
term_cb86616ce8a96c3e469a,domestic product at market prices - ENP-South countries,measure,0.88,semantic-hybrid,True,title evidence with measure lexical cue,"[""occ_28e7277669768a0f36fe""]",run_1f27e7f7434a9d682f85
term_f090b674238862d7a601,domestic product at market prices by,measure,0.88,semantic-hybrid,True,title evidence with measure lexical cue,"[""occ_1075d94fb5aa9cb3a5aa"", ""occ_4b789a655ff776eb53aa""]",run_1f27e7f7434a9d682f85
term_603534810237ab32035d,domestic product at market prices by expenditure,measure,0.88,semantic-hybrid,True,title evidence with measure lexical cue,"[""occ_3d8ce1769687666b8a13"", ""occ_c8f7d489d0cbfb39ebd4""]",run_1f27e7f7434a9d682f85
term_5e3278d054e57e82e4e3,domestic product at market prices by expenditure - ENP-East,measure,0.88,semantic-hybrid,True,title evidence with measure lexical cue,"[""occ_ba2afc10209549ef45d3""]",run_1f27e7f7434a9d682f85
term_616423229663b7408486,domestic product at market prices by expenditure - ENP-South,measure,0.88,semantic-hybrid,True,title evidence with measure lexical cue,"[""occ_ad848d1757fc7749ad24""]",run_1f27e7f7434a9d682f85
term_2aa0a614209a30fbe681,"domestic product, current prices",measure,0.88,semantic-hybrid,True,title evidence with measure lexical cue,"[""occ_af14e97b791d570f5b75""]",run_1f27e7f7434a9d682f85
term_0fa0b917179e24b0ae18,Dry pulses and protein crops for the production,measure,0.88,semantic-hybrid,True,title evidence with measure lexical cue,"[""occ_e12a0cb599379f9f3a02""]",run_1f27e7f7434a9d682f85
term_7850094491fdcb8c4867,"Dry pulses and protein crops for the production of grain (including seed and mixtures of cereals and pulses) by area, production and humidity",measure,0.88,semantic-hybrid,True,title evidence with measure lexical cue,"[""occ_0e48772960962661c0f0""]",run_1f27e7f7434a9d682f85
term_94ee3913b0ab400d07d5,dwellings by degree of urbanisation - total population,measure,0.88,semantic-hybrid,True,title evidence with measure lexical cue,"[""occ_b8ac130fb720215e5616""]",run_1f27e7f7434a9d682f85
term_54575ea6ddf4b94a3e34,dwellings by tenure status - total population,measure,0.88,semantic-hybrid,True,title evidence with measure lexical cue,"[""occ_2da2fc4718d4d378bac6""]",run_1f27e7f7434a9d682f85
term_abb2694be71a2077fa44,Early retirement among persons who receive an old-age pension,measure,0.7670947962939463,semantic-hybrid,False,semantic centroid/neighbor measure fallback,"[""occ_294a1541555cc95fc47f""]",run_1f27e7f7434a9d682f85
term_87a18ba204311287fa85,Economic accounts for agriculture (EAA),measure,0.7683984713294303,semantic-hybrid,False,semantic centroid/neighbor measure fallback,"[""occ_eeda3fe7929cde4f1c9e""]",run_1f27e7f7434a9d682f85
term_8d27fdc63100bcd5faca,Economic losses from weather- and climate-related extremes,measure,0.7616129385683896,semantic-hybrid,False,semantic centroid/neighbor measure fallback,"[""occ_045ee0f95eec0f94ddb0""]",run_1f27e7f7434a9d682f85
term_682783fb949341bb799e,ECU/ exchange rates versus national,measure,0.7714618981592638,semantic-hybrid,False,semantic centroid/neighbor measure fallback,"[""occ_30e6cbdf562acced2ab6""]",run_1f27e7f7434a9d682f85
term_0571a3291c58a9b311fe,ECU/ exchange rates versus national currencies,measure,0.7732870368350814,semantic-hybrid,False,semantic centroid/neighbor measure fallback,"[""occ_7752062cef7785d5c978""]",run_1f27e7f7434a9d682f85
term_f47a4e77ea4dee048203,education - as % of the total population,measure,0.88,semantic-hybrid,True,title evidence with measure lexical cue,"[""occ_316180478be51a3fbb57""]",run_1f27e7f7434a9d682f85
term_d94ee78f02fbb7b1ca22,education - as % of the total population of,measure,0.88,semantic-hybrid,True,title evidence with measure lexical cue,"[""occ_bf424f808c30b92bab1f""]",run_1f27e7f7434a9d682f85
term_c8251b50de31ec97dee7,education - as % of the total population of post-compulsory,measure,0.88,semantic-hybrid,True,title evidence with measure lexical cue,"[""occ_fc0711f3a0311d62dad3""]",run_1f27e7f7434a9d682f85
term_2a38d7e84cbf57af3580,education - as % of total active population,measure,0.88,semantic-hybrid,True,title evidence with measure lexical cue,"[""occ_c39d04a517c2536e35fb""]",run_1f27e7f7434a9d682f85
term_acbc289e147f4844e89e,education in constant prices,measure,0.88,semantic-hybrid,True,title evidence with measure lexical cue,"[""occ_91266c8aa52c63e24316""]",run_1f27e7f7434a9d682f85
term_86e2a804402da4e30410,education level - as % of total public expenditure,measure,0.88,semantic-hybrid,True,title evidence with measure lexical cue,"[""occ_ce994895a754c8846d9b""]",run_1f27e7f7434a9d682f85
term_8f05e32ff0bda8f107f5,educational attainment level (population,measure,0.88,semantic-hybrid,True,title evidence with measure lexical cue,"[""occ_a4755fb8177bf1f24fe0""]",run_1f27e7f7434a9d682f85
term_059abd032e86c294740b,educational attainment level (population aged,measure,0.88,semantic-hybrid,True,title evidence with measure lexical cue,"[""occ_07efdd6fe54817eee328""]",run_1f27e7f7434a9d682f85
term_68199304db80ea4a64f2,educational institutions - as % of total or current expenditure,measure,0.88,semantic-hybrid,True,title evidence with measure lexical cue,"[""occ_803131b2e3411920cbcd""]",run_1f27e7f7434a9d682f85
term_5fec9dc4211a8d76d0c6,Effect of social transfers on income,measure,0.88,semantic-hybrid,True,title evidence with measure lexical cue,"[""occ_0d37fe34ba83dfb39e9c""]",run_1f27e7f7434a9d682f85
term_014a32887a90a0812a7d,Effect of social transfers on income quintile,measure,0.88,semantic-hybrid,True,title evidence with measure lexical cue,"[""occ_f61802591ba884077138""]",run_1f27e7f7434a9d682f85
term_b948c85dea4a3f30a017,Effect of social transfers on income quintile share,measure,0.88,semantic-hybrid,True,title evidence with measure lexical cue,"[""occ_84d41d45df797867e8fe""]",run_1f27e7f7434a9d682f85
term_0bc9d7812026d642cd23,Effect of social transfers on income quintile share ratio S80/S20,measure,0.88,semantic-hybrid,True,title evidence with measure lexical cue,"[""occ_c0efaa740efa305d9e9a""]",run_1f27e7f7434a9d682f85
term_96c53a211a12237449dc,Effect of taxes and social transfers on income,measure,0.88,semantic-hybrid,True,title evidence with measure lexical cue,"[""occ_e50ba718d9ce5c89dd03""]",run_1f27e7f7434a9d682f85
term_a4a4b3edcc8d7cd6085f,Effect of taxes and social transfers on income quintile share ratio S80/S20,measure,0.88,semantic-hybrid,True,title evidence with measure lexical cue,"[""occ_4b3928bf68dc6bf3606f""]",run_1f27e7f7434a9d682f85
term_b497e3e11540fe74180e,Effect of taxes on income,measure,0.88,semantic-hybrid,True,title evidence with measure lexical cue,"[""occ_566dfb16cf79ba1611cb""]",run_1f27e7f7434a9d682f85
term_86c8dceaae592f8c55bf,Effect of taxes on income quintile,measure,0.88,semantic-hybrid,True,title evidence with measure lexical cue,"[""occ_00264925d5b45fb33ab2""]",run_1f27e7f7434a9d682f85
term_08f5fbbca3f0e4fa333c,Effect of taxes on income quintile share,measure,0.88,semantic-hybrid,True,title evidence with measure lexical cue,"[""occ_0e6f6ef14497ecd8bfaa""]",run_1f27e7f7434a9d682f85
term_7da718a99d57bf16778a,Effect of taxes on income quintile share ratio,measure,0.88,semantic-hybrid,True,title evidence with measure lexical cue,"[""occ_07dfcc11a2436e889ef5""]",run_1f27e7f7434a9d682f85
term_5a81cbeed5828801de9a,Effect of taxes on income quintile share ratio S80/S20,measure,0.88,semantic-hybrid,True,title evidence with measure lexical cue,"[""occ_719b86e11d42e215a2f0""]",run_1f27e7f7434a9d682f85
term_30ff965105ebb3ac9650,emissions from production,measure,0.88,semantic-hybrid,True,title evidence with measure lexical cue,"[""occ_c570a7dfa3f55ef5a3c1""]",run_1f27e7f7434a9d682f85
term_700745de6ece028d0ad8,emissions from production activities,measure,0.88,semantic-hybrid,True,title evidence with measure lexical cue,"[""occ_c95f525c58bf85904301""]",run_1f27e7f7434a9d682f85
term_79585f5cefb40c0d93d2,employed in goods road transport enterprises by employment,measure,0.88,semantic-hybrid,True,title evidence with measure lexical cue,"[""occ_b7911320c580ac64e663""]",run_1f27e7f7434a9d682f85
term_67f5c83397e51923fcc4,Employed persons being able to choose their methods of work or to influence their pace of work by sex and age,measure,0.7868956348985088,semantic-hybrid,False,semantic centroid/neighbor measure fallback,"[""occ_1d596e67e3adc474e05d""]",run_1f27e7f7434a9d682f85
term_38a4dd1719d721f6707f,Employed persons being able to influence decisions that affect their work by sex and age,measure,0.7727198059815942,semantic-hybrid,False,semantic centroid/neighbor measure fallback,"[""occ_2f5fd2a35ea693653fea""]",run_1f27e7f7434a9d682f85
term_6811242889b15f0f2c53,Employed persons being self-employed without employees by sex,measure,0.7825202875620468,semantic-hybrid,False,semantic centroid/neighbor measure fallback,"[""occ_a462609ec76e69df5f2c""]",run_1f27e7f7434a9d682f85
term_9a8ebfd08c41183b90a2,Employed persons discriminated at work during the last 12 months by sex and age,measure,0.7658894310456869,semantic-hybrid,False,semantic centroid/neighbor measure fallback,"[""occ_37571fee32d0d86922d5""]",run_1f27e7f7434a9d682f85
term_a87beaaa85561f1d9ec4,Employed persons expecting a possible loss of their job in the next 6 months by sex and age,measure,0.7845630302137847,semantic-hybrid,False,semantic centroid/neighbor measure fallback,"[""occ_590707f7f0b86251c38e""]",run_1f27e7f7434a9d682f85
term_33750ee4fd39e39a099d,Employed persons exposed to employment-related,measure,0.88,semantic-hybrid,True,title evidence with measure lexical cue,"[""occ_cbda59ee9c4f709bdec0""]",run_1f27e7f7434a9d682f85
term_68610611fdd0df73fe52,Employed persons exposed to employment-related physical,measure,0.88,semantic-hybrid,True,title evidence with measure lexical cue,"[""occ_c3e141f03756e4571515""]",run_1f27e7f7434a9d682f85
term_41d0b9000d96bbc17a22,"Employed persons exposed to employment-related physical, psychological",measure,0.88,semantic-hybrid,True,title evidence with measure lexical cue,"[""occ_ed0e007ef1985a0c75de""]",run_1f27e7f7434a9d682f85
term_9bbf76d7b8767f8df47e,"Employed persons exposed to employment-related physical, psychological or",measure,0.88,semantic-hybrid,True,title evidence with measure lexical cue,"[""occ_0f11bf739b6fd54edff0""]",run_1f27e7f7434a9d682f85
term_25afea5a7addd2535b88,"Employed persons exposed to employment-related physical, psychological or sexual violence in the last 12 months by sex and age",measure,0.88,semantic-hybrid,True,title evidence with measure lexical cue,"[""occ_072d52ab8b1b74fb9d2b""]",run_1f27e7f7434a9d682f85
term_817b7e03ecaf77871a16,Employed persons having more than one job by sex,measure,0.783852839237091,semantic-hybrid,False,semantic centroid/neighbor measure fallback,"[""occ_e4f7285b3cfe7e68a3cd""]",run_1f27e7f7434a9d682f85
term_c38600f740d42b451cc7,Employed persons having the opportunity to use their knowledge and skills in their current job by sex and age,measure,0.7688285467839983,semantic-hybrid,False,semantic centroid/neighbor measure fallback,"[""occ_19f51156a526fab1f79f""]",run_1f27e7f7434a9d682f85
term_449702facc8165f6c065,Employed persons having to work at very high speed or to tight deadlines by sex and age,measure,0.7863003821275172,semantic-hybrid,False,semantic centroid/neighbor measure fallback,"[""occ_b1a80784cdaaf7302faa""]",run_1f27e7f7434a9d682f85
term_0c34b3dc4838d861a368,Employed persons participating in job-related non-formal education and training in the past 12 months by sex and age,measure,0.761305314063221,semantic-hybrid,False,semantic centroid/neighbor measure fallback,"[""occ_9fd8f928cfa22a044a67""]",run_1f27e7f7434a9d682f85
term_a653b2ed389f5293e773,Employed persons thinking that they do useful work by sex and age,measure,0.780577019639646,semantic-hybrid,False,semantic centroid/neighbor measure fallback,"[""occ_e6c7c064b3ee362a4378""]",run_1f27e7f7434a9d682f85
term_1acfc2ff79aa8cd4608b,Employed persons whose work experience and job skills would be helpful to find another job by sex and age,measure,0.7661124433315155,semantic-hybrid,False,semantic centroid/neighbor measure fallback,"[""occ_8bbb676e81aa21ae175c""]",run_1f27e7f7434a9d682f85
term_34fc1133332fa3eefb76,Employed persons with information and communications technology (ICT) education by sex,measure,0.7602086977318865,semantic-hybrid,False,semantic centroid/neighbor measure fallback,"[""occ_319dc1b61c11feccd923""]",run_1f27e7f7434a9d682f85
term_81955330eb1fb2110930,Employed persons working part-time,measure,0.7897141271669537,semantic-hybrid,False,semantic centroid/neighbor measure fallback,"[""occ_00d90a62f84648f27314"", ""occ_01a4a5e1e675a3c70b53"", ""occ_0775d6e14a4acb7a8e86"", ""occ_08b5056205b5da692060"", ""occ_0a3533c40516ff013f1b"", ""occ_0c2398d3c17fbbaad5de"", ""occ_0e3f6d0711d60efcbec0"", ""occ_0f2a5ad3993cce0830d7"", ""occ_0f7661f4c47bb11c5800"", ""occ_1147c77dbc94797db497"", ""occ_12792d85f730292c9714"", ""occ_147af67b9a9330c88c77"", ""occ_156c78327d2d3a51cbc8"", ""occ_17bbc2d9a60585f6481e"", ""occ_185fabd9885332bf457a"", ""occ_18974bc89cf3a81ea8f3"", ""occ_19d01c8788e72dff30ef"", ""occ_1a56b0f1de512c3905c9"", ""occ_1ae4d06c1ea2f1e1dbd9"", ""occ_1bc82ff53673ab83026f"", ""occ_1c12f0f76c59bb9bcc1b"", ""occ_1d213e23090b639cc052"", ""occ_231dec0e4d3a186763a6"", ""occ_24874b9a39f47dc59b6e"", ""occ_26616b202984eddcc3b2"", ""occ_27628f7c92a73eac6e0e"", ""occ_28dafe58830324cd3fba"", ""occ_29411f25d3f1e2554e7a"", ""occ_2945e215688bdefe5f89"", ""occ_2ca9cfbf863dffcbc36d"", ""occ_30667454b0abfce05128"", ""occ_30b865b2ef8b42696f8e"", ""occ_321e21072a675540b1b2"", ""occ_32a4c3c757a4afa7356b"", ""occ_34cb83562af7a0db7936"", ""occ_35f37136153c90cfb660"", ""occ_376c11fb9d05927a09e1"", ""occ_37aa057ff6c931644134"", ""occ_3851e02e95977b55b2a7"", ""occ_39758acb9c7776f4d682"", ""occ_39ffbff6e839229328de"", ""occ_3a081a7ae87cab946a30"", ""occ_3a56c25e92cfb1fb7355"", ""occ_3b1b42fde3c82c27d9d3"", ""occ_3b6f50b3cf853bbf0ae9"", ""occ_3bb4785200623cf6ac3c"", ""occ_3dc1ba89d2a288dbbff7"", ""occ_3f204365c3d5a456c9f3"", ""occ_3f7ab10be06bc35f4678"", ""occ_4144eaf5de7b9b50ad33"", ""occ_414bcbc4621a2a127049"", ""occ_41ddf3adba9dfb000c13"", ""occ_42161a51fa0216125a39"", ""occ_47a859a56e18042bb338"", ""occ_4afec0fc519ae32464c1"", ""occ_4c7e251b97eccaaab36c"", ""occ_4c887a893300c403928a"", ""occ_4e0ce2a3da3a30cf6002"", ""occ_4fb52f3a5d7080eeb8fc"", ""occ_4fbff9c878ce0df1fea8"", ""occ_533a61d7c52d7de24bd6"", ""occ_5816d7a43209d33c153d"", ""occ_5d088cf4b54527ca25d7"", ""occ_5da10922dc42ca875a06"", ""occ_5f4a1309097a8dd2d89a"", ""occ_5f6a2ddf45440de66acc"", ""occ_609cac9704b7cb29dfdd"", ""occ_60e9975c794dfb219dfc"", ""occ_61685647957fbb6f55d4"", ""occ_661c6982ff529dbbf7a6"", ""occ_69a286c6c87c1db80a85"", ""occ_6b29414aa77a4346b6c7"", ""occ_6c9e5b89a0651a083f85"", ""occ_6f6235a9d27de08608d8"", ""occ_718e1b02ad88918d2f94"", ""occ_739194bd0900bd94c8ae"", ""occ_75278e11580547457e53"", ""occ_76c46303eeeebfd3f822"", ""occ_76f0f4a4f7c9277b7b9b"", ""occ_77462c6787b139253ae2"", ""occ_78e04b5ddb6e8d0e385b"", ""occ_7a9a99aceaf0a184fba5"", ""occ_7b6b6b618406626521be"", ""occ_7eb3e74db0075d76ab69"", ""occ_7fd8543978b722fdcde9"", ""occ_802511cb2b13bcc06aa3"", ""occ_8389b0a26d41465b9f43"", ""occ_8391f471ca5ac33fb431"", ""occ_8536d84c8c1656ded0d8"", ""occ_88b53ec2d113cf04b376"", ""occ_88cae23a96043b93a11b"", ""occ_8937eaf656430efd48f9"", ""occ_8bdaca4c3a734d696580"", ""occ_8c10e9d5b08f93cf8507"", ""occ_8c82603a720a7e7f6cda"", ""occ_8c914ac78e7b29aecebb"", ""occ_8ebd280ca60be6ac25c6"", ""occ_9003bb3f4ad2e8e5ed72"", ""occ_90d1f6ea753673aef1f6"", ""occ_9120d193f0cc884a1e92"", ""occ_93360efc48f5f4c48e13"", ""occ_9615e83558af3edff5f9"", ""occ_97efad558a853c84033e"", ""occ_980a21cc10a284a16033"", ""occ_9a95224f67c8015daf37"", ""occ_9bbe03b8ac88fa67bde3"", ""occ_9d053f202bb38ec4f02f"", ""occ_9d795af9b220481064b9"", ""occ_a062cfe3eb960cfc7c22"", ""occ_a19bd6929177050230e0"", ""occ_a1cd6079750eb7170d2b"", ""occ_a1e50bf287a9c26a7b28"", ""occ_a2242822b971004a77c3"", ""occ_a246961c25718c05eeab"", ""occ_a4c8d1503f32cc8d735f"", ""occ_a7b31de87a90f4ff4640"", ""occ_a91444417c086029f293"", ""occ_abacfd209a8ca6909bb3"", ""occ_ac4838b6018654f3c47a"", ""occ_ac83deb5a42f91fef2ce"", ""occ_b39581bcb52bfdd361c4"", ""occ_b3b918544b0458ab6680"", ""occ_b5362337ba95f947d78c"", ""occ_b7c2148b9e1b850a9cc5"", ""occ_b9143f62bdcaca63ee53"", ""occ_baa72a133773b96d752e"", ""occ_bc2ad87302a770913542"", ""occ_bc5c69cb271f1960b298"", ""occ_bc94394e7842741286a3"", ""occ_bd45a1006665e11197ba"", ""occ_bf126305c90e0c09bdd1"", ""occ_bff068f1acd5b960f483"", ""occ_c22f58412945bd5a5596"", ""occ_c29f0dc3d019e47da5b9"", ""occ_c2d076e14e1e47514a39"", ""occ_c35265649707dbef344d"", ""occ_c39d496cd75d59425759"", ""occ_c495026f870dd0c1c31e"", ""occ_c49ae07fbf637178815c"", ""occ_c5440c8b66320a412ecb"", ""occ_c565f43b2557fdcf50fc"", ""occ_c6979432cb40fdb32271"", ""occ_ce8d0fb29e3f5069da70"", ""occ_cf8e8acb695e06d7bf8b"", ""occ_d209c4c1209408214065"", ""occ_d27aa72ec6b504738380"", ""occ_d2838427505d482ee3ac"", ""occ_d2d4dc324f2c5d87e8de"", ""occ_d3cc958a254b3346a913"", ""occ_d5544d63c6c08f989238"", ""occ_d6408bfd4de9f65857e2"", ""occ_d7b5b9fc8963e41924fb"", ""occ_d7f4bff5129e0b0b0751"", ""occ_d92273bf3c062badc8b4"", ""occ_ddb4181e67da151fbe21"", ""occ_df176fb89ce1c04dd9b0"", ""occ_df1c09ce19e1715eccb6"", ""occ_e02b55b874b19d3b52f4"", ""occ_e0473f8e8b661e615fa0"", ""occ_e4ff0eabe59be2eb6918"", ""occ_e61e32b9521a08e3d698"", ""occ_e69346f26bd43550c86f"", ""occ_e75adca7d03a6b9c5302"", ""occ_e7c2e3c777fa0d283dbf"", ""occ_eb147987cadefb5dde4e"", ""occ_ec3e1c375f812c85fc90"", ""occ_eea7eb64e9a35906a867"", ""occ_f0c3693de637048adabf"", ""occ_f24d60597c21bef06547"", ""occ_f363cf8a76d04843e28b"", ""occ_f3782ac44919e0b41aba"", ""occ_f60b3fbd4a59b58d920d"", ""occ_f79ecf0b9245fcfa151d"", ""occ_f7dced7737bde3cf132e"", ""occ_f7ea21efbaf3cdf7679f"", ""occ_f920050a4e02e530f87e"", ""occ_f932af4ab2cb1e02bc23"", ""occ_f979f159bd5f9eeb8699"", ""occ_fb0c6c387c4bc7ed0d96"", ""occ_fb6ee998a4f6d96f73a2"", ""occ_fe3064443658edaf6ce9"", ""occ_fe3b286b98dbc26b97b9"", ""occ_fe4a14ef45404c76a487"", ""occ_fe902f10710a30816a43"", ""occ_ff25b9da4ea51ec54553"", ""occ_fff9656eb097f1c38813""]",run_1f27e7f7434a9d682f85
term_dccb66bcbe9859e7cb38,Employed persons working part-time - annual data,measure,0.8071388164130278,semantic-hybrid,False,semantic centroid/neighbor measure fallback,"[""occ_35abb6da1f4553130a82""]",run_1f27e7f7434a9d682f85
term_8ea013c292910f2529ed,employees (excluding apprentices) by employment,measure,0.88,semantic-hybrid,True,title evidence with measure lexical cue,"[""occ_212bf66c1f00da51c907""]",run_1f27e7f7434a9d682f85
term_3576df44407edac45f62,employees (excluding apprentices) by employment contract,measure,0.88,semantic-hybrid,True,title evidence with measure lexical cue,"[""occ_225c49554b5188178b69""]",run_1f27e7f7434a9d682f85
term_03409264fe7229fc7948,Employees with temporary contracts - annual data,measure,0.7771922733485549,semantic-hybrid,False,semantic centroid/neighbor measure fallback,"[""occ_2051af32fad0d2ac4b30""]",run_1f27e7f7434a9d682f85
term_202329c7429a78bb2b9c,"Employers' actual social contributions, revenue",measure,0.7656366142580111,semantic-hybrid,False,semantic centroid/neighbor measure fallback,"[""occ_450b38cae498c776e169""]",run_1f27e7f7434a9d682f85
term_ca743b9337ba4d9b8d54,Employment,measure,0.88,semantic-hybrid,True,title evidence with measure lexical cue,"[""occ_4007880b3f83e7e147d6""]",run_1f27e7f7434a9d682f85
term_11c4a9e34883bb93a6d2,Employment and economic,measure,0.88,semantic-hybrid,True,title evidence with measure lexical cue,"[""occ_da4354cdf30ad91626f5""]",run_1f27e7f7434a9d682f85
term_374c245285dd33edf19f,Employment and economic activity,measure,0.88,semantic-hybrid,True,title evidence with measure lexical cue,"[""occ_2c45496ae674d2efa23b""]",run_1f27e7f7434a9d682f85
term_3975fde3be8673d043a1,Employment and economic activity branches,measure,0.88,semantic-hybrid,True,title evidence with measure lexical cue,"[""occ_9ea5b002447a7f698e26""]",run_1f27e7f7434a9d682f85
term_b5d071d9bc5b609ac5e4,Employment and employment,measure,0.88,semantic-hybrid,True,title evidence with measure lexical cue,"[""occ_17b71724bc9d419ed64a""]",run_1f27e7f7434a9d682f85
term_bba35e79e1adeb1d7a66,Employment and employment rates,measure,0.88,semantic-hybrid,True,title evidence with measure lexical cue,"[""occ_4171382e90cd9627a356""]",run_1f27e7f7434a9d682f85
term_9393c37dd7b3ab08b69d,Employment and employment rates (aged,measure,0.88,semantic-hybrid,True,title evidence with measure lexical cue,"[""occ_57e8425efc7d540349f1""]",run_1f27e7f7434a9d682f85
term_7f9537ecc058b673caf6,Employment and employment rates (aged 20-64,measure,0.88,semantic-hybrid,True,title evidence with measure lexical cue,"[""occ_1cc71ade80afaa4771ad""]",run_1f27e7f7434a9d682f85
term_2c7c71271d2c173ad16f,Employment and employment rates (aged 20-64) by,measure,0.88,semantic-hybrid,True,title evidence with measure lexical cue,"[""occ_c086d3b5db8c7189f0e5""]",run_1f27e7f7434a9d682f85
term_6a33f33bcda42090451b,Employment and employment rates (aged 20-64) by sex,measure,0.88,semantic-hybrid,True,title evidence with measure lexical cue,"[""occ_2c71d5da53fb0de31239""]",run_1f27e7f7434a9d682f85
term_795d9ad98feaa090e492,Employment and employment rates (aged 20-64) by sex - ENP-East countries,measure,0.88,semantic-hybrid,True,title evidence with measure lexical cue,"[""occ_8bf2b04420367c1ebae4""]",run_1f27e7f7434a9d682f85
term_7409f7a2a9ce93758f4d,employment by age,measure,0.88,semantic-hybrid,True,title evidence with measure lexical cue,"[""occ_ef1dfe06b82460d23f54""]",run_1f27e7f7434a9d682f85
term_1e6139a25f8f432fdb40,employment by age group,measure,0.88,semantic-hybrid,True,title evidence with measure lexical cue,"[""occ_960e15ab5423c5bb9e43""]",run_1f27e7f7434a9d682f85
term_e223aa413b6befb2a812,employment by age group - ENP-South,measure,0.88,semantic-hybrid,True,title evidence with measure lexical cue,"[""occ_232dbe38b2015d7cd438""]",run_1f27e7f7434a9d682f85
term_3fedc7390c1b3d146ecd,employment by age group - ENP-South countries,measure,0.88,semantic-hybrid,True,title evidence with measure lexical cue,"[""occ_727032c5cab0ef487166""]",run_1f27e7f7434a9d682f85
term_353a2a6e92a14f02a173,Employment by professional,measure,0.88,semantic-hybrid,True,title evidence with measure lexical cue,"[""occ_a325972e3bb4a23a5c42""]",run_1f27e7f7434a9d682f85
term_ec9454af09d7d3861fda,Employment by professional status,measure,0.88,semantic-hybrid,True,title evidence with measure lexical cue,"[""occ_f66dc08c994bf00b0e9b""]",run_1f27e7f7434a9d682f85
term_92854340661f930c05f7,Employment by professional status - ENP-South,measure,0.88,semantic-hybrid,True,title evidence with measure lexical cue,"[""occ_1885bedb30139acaf431""]",run_1f27e7f7434a9d682f85
term_5992c9ed3e19ee9f1cca,Employment by professional status - ENP-South countries,measure,0.88,semantic-hybrid,True,title evidence with measure lexical cue,"[""occ_c20c304dc9148ff9d9ca""]",run_1f27e7f7434a9d682f85
term_6fa6fe151559dac3db15,employment by sex,measure,0.88,semantic-hybrid,True,title evidence with measure lexical cue,"[""occ_2d2415c5a53d7f3f3276""]",run_1f27e7f7434a9d682f85
term_7222b4430267209c516b,Employment characteristics,measure,0.88,semantic-hybrid,True,title evidence with measure lexical cue,"[""occ_8c4dcf12ff016a6be67b""]",run_1f27e7f7434a9d682f85
term_02585899e65ec6317e15,employment contract,measure,0.88,semantic-hybrid,True,title evidence with measure lexical cue,"[""occ_742a0b45386668a3b7de""]",run_1f27e7f7434a9d682f85
term_ffe58d6d46f320614d00,Employment expectations,measure,0.88,semantic-hybrid,True,title evidence with measure lexical cue,"[""occ_8c118ba7f6160e37812f"", ""occ_f6d5cd37c9fd649d10e4""]",run_1f27e7f7434a9d682f85
term_eb258cbdacc25d3af08e,Employment expectations by,measure,0.88,semantic-hybrid,True,title evidence with measure lexical cue,"[""occ_a55ec70d06a094fbadb2""]",run_1f27e7f7434a9d682f85
term_1216e5cffc0c3beaacd4,Employment expectations by sectors,measure,0.88,semantic-hybrid,True,title evidence with measure lexical cue,"[""occ_818989d77335f38c75ea""]",run_1f27e7f7434a9d682f85
term_a5c9e443dfb7c240a1b6,Employment expectations indicator,measure,0.88,semantic-hybrid,True,title evidence with measure lexical cue,"[""occ_ba972ce7112f901053c8""]",run_1f27e7f7434a9d682f85
term_43db8df34426b67b5207,employment gap,measure,0.88,semantic-hybrid,True,title evidence with measure lexical cue,"[""occ_544624fd04846813d897"", ""occ_69ff0c9b6d064011ba14"", ""occ_b8c9557dd9ff0df24697""]",run_1f27e7f7434a9d682f85
term_87c22d68e6cd418f0993,employment gap by,measure,0.88,semantic-hybrid,True,title evidence with measure lexical cue,"[""occ_33f11a76bc391de15b49""]",run_1f27e7f7434a9d682f85
term_4d78d6ebca192b736a44,employment gap by degree,measure,0.88,semantic-hybrid,True,title evidence with measure lexical cue,"[""occ_89914e5081afdebb3b82""]",run_1f27e7f7434a9d682f85
term_76c28ec5246a7b571a56,employment gap by degree of,measure,0.88,semantic-hybrid,True,title evidence with measure lexical cue,"[""occ_f81a76b4326f34299c6c""]",run_1f27e7f7434a9d682f85
term_c679866500768cefd8cb,employment gap by degree of urbanisation,measure,0.88,semantic-hybrid,True,title evidence with measure lexical cue,"[""occ_c9b6a2472db9ea25050d""]",run_1f27e7f7434a9d682f85
term_3a10f3b127ba10a3f94c,"employment gap, by",measure,0.88,semantic-hybrid,True,title evidence with measure lexical cue,"[""occ_a8370c766e24b71d3200""]",run_1f27e7f7434a9d682f85
term_4c47acee90f0923e6e61,"employment gap, by type",measure,0.88,semantic-hybrid,True,title evidence with measure lexical cue,"[""occ_71964d0b6438fa8345f6""]",run_1f27e7f7434a9d682f85
term_d69d34127c885dacb4b2,"employment gap, by type of",measure,0.88,semantic-hybrid,True,title evidence with measure lexical cue,"[""occ_4d27df3a004c54b55066""]",run_1f27e7f7434a9d682f85
term_6a5340feadb562beb181,"employment gap, by type of employment",measure,0.88,semantic-hybrid,True,title evidence with measure lexical cue,"[""occ_15a4a03834df10a2ece7""]",run_1f27e7f7434a9d682f85
term_ce69d0431d04cf83175f,Employment growth,measure,0.88,semantic-hybrid,True,title evidence with measure lexical cue,"[""occ_77a3e0a36a8c6e4469c1"", ""occ_9d1a87b7855e37e40fb3""]",run_1f27e7f7434a9d682f85
term_a10f95fff125a222fb24,Employment growth (domestic,measure,0.88,semantic-hybrid,True,title evidence with measure lexical cue,"[""occ_e321075e2122e0f5d5f6""]",run_1f27e7f7434a9d682f85
term_16c65e641310f0497e58,Employment growth (domestic concept,measure,0.88,semantic-hybrid,True,title evidence with measure lexical cue,"[""occ_893055b5900201db861e""]",run_1f27e7f7434a9d682f85
term_ed103e759eb80d6441c5,Employment growth (domestic concept),measure,0.88,semantic-hybrid,True,title evidence with measure lexical cue,"[""occ_1944bd032556336f496a""]",run_1f27e7f7434a9d682f85
term_ee1f4e1ad49d19e4653d,Employment growth (domestic concept) - ENP-East,measure,0.88,semantic-hybrid,True,title evidence with measure lexical cue,"[""occ_c219ef0c476189f8d469""]",run_1f27e7f7434a9d682f85
term_65afc991fda4bfad6726,Employment growth (domestic concept) - ENP-East countries,measure,0.88,semantic-hybrid,True,title evidence with measure lexical cue,"[""occ_2c9d88f3ea977e13a84f""]",run_1f27e7f7434a9d682f85
term_55a06c248cf679db5574,Employment in Foreign,measure,0.88,semantic-hybrid,True,title evidence with measure lexical cue,"[""occ_035c5bd498b08a0ddbec"", ""occ_3cf15ac30f2fa4932a7e""]",run_1f27e7f7434a9d682f85
term_f1457b1e373878c8004e,Employment in Foreign Affiliates,measure,0.88,semantic-hybrid,True,title evidence with measure lexical cue,"[""occ_a2151415d910fce73cf8""]",run_1f27e7f7434a9d682f85
term_d6b9a7ca24dfad674a18,Employment in Foreign Affiliates of,measure,0.88,semantic-hybrid,True,title evidence with measure lexical cue,"[""occ_6713e597149c767a5c9a""]",run_1f27e7f7434a9d682f85
term_f7ae76bb1a3178a26460,Employment in Foreign Affiliates of Domestic,measure,0.88,semantic-hybrid,True,title evidence with measure lexical cue,"[""occ_cd34455cfd8bdf7dac26""]",run_1f27e7f7434a9d682f85
term_598b44b5a3281568bbc3,Employment in Foreign Affiliates of Domestic Enterprises,measure,0.88,semantic-hybrid,True,title evidence with measure lexical cue,"[""occ_a9a660db3948ecf36680""]",run_1f27e7f7434a9d682f85
term_328e113f0cd9257a7196,Employment in Foreign Controlled,measure,0.88,semantic-hybrid,True,title evidence with measure lexical cue,"[""occ_c84e13ea04b9a70a891b""]",run_1f27e7f7434a9d682f85
term_249f821d698e17073d0f,Employment in Foreign Controlled Enterprises,measure,0.88,semantic-hybrid,True,title evidence with measure lexical cue,"[""occ_883b076da54383722837""]",run_1f27e7f7434a9d682f85
term_71953a9bc09e460d3a36,Employment in waterways,measure,0.88,semantic-hybrid,True,title evidence with measure lexical cue,"[""occ_02c8bf8daabfa84bd6da"", ""occ_764577bce4982ceb2c1a""]",run_1f27e7f7434a9d682f85
term_496313f671c261a12724,Employment in waterways transport,measure,0.88,semantic-hybrid,True,title evidence with measure lexical cue,"[""occ_c7cc24baf3f5337f1b6b"", ""occ_cd31abfe620427f217b9""]",run_1f27e7f7434a9d682f85
term_e48c094d5be3e0d6e0e2,Employment in waterways transport enterprises,measure,0.88,semantic-hybrid,True,title evidence with measure lexical cue,"[""occ_197cd798ae54150491fa"", ""occ_5ae87efaaafec0203f15""]",run_1f27e7f7434a9d682f85
term_12950c2efbc96fe51d88,Employment in waterways transport enterprises by,measure,0.88,semantic-hybrid,True,title evidence with measure lexical cue,"[""occ_a283eff1e2f76b6381b7"", ""occ_f7f7bbf4cb258f6b4b6a""]",run_1f27e7f7434a9d682f85
term_5a1787e6ffc3fa2fac4f,Employment in waterways transport enterprises by number,measure,0.88,semantic-hybrid,True,title evidence with measure lexical cue,"[""occ_ac5a90b64409e283cf54""]",run_1f27e7f7434a9d682f85
term_76f2a7886786c4670ca5,Employment in waterways transport enterprises by number of,measure,0.88,semantic-hybrid,True,title evidence with measure lexical cue,"[""occ_a6746221f9f055b3bd59""]",run_1f27e7f7434a9d682f85
term_079ed5d6db4e3900293a,Employment in waterways transport enterprises by number of vessels in enterprises,measure,0.88,semantic-hybrid,True,title evidence with measure lexical cue,"[""occ_8406134bb1d1f3a64490""]",run_1f27e7f7434a9d682f85
term_289d3ad56aa1ffc52628,Employment in waterways transport enterprises by sex,measure,0.88,semantic-hybrid,True,title evidence with measure lexical cue,"[""occ_cd08c009b8d86a7f23fd""]",run_1f27e7f7434a9d682f85
term_10683833ea7f75996adf,employment nor,measure,0.88,semantic-hybrid,True,title evidence with measure lexical cue,"[""occ_368f5d51ff142fbac781"", ""occ_a9088dbf7fea107d7ac3"", ""occ_d52ba481283edfc76b5e"", ""occ_d7ee6b586a9888551c02""]",run_1f27e7f7434a9d682f85
term_98ccf44d2931bdcf2215,Employment rate,measure,0.7779254098131932,semantic-hybrid,False,semantic centroid/neighbor measure fallback,"[""occ_0d235f35f9cf3b6d24d5"", ""occ_1b8c9b14837c680fff82"", ""occ_38bec5271b7d25274768"", ""occ_5a5b5fd9768eeddaaeba"", ""occ_62041fe576ae18d687d2"", ""occ_7bbc3d2b8ba3c39917ce"", ""occ_b9d04de2f9131d68802b"", ""occ_ca9caebfcad6b49b94e3"", ""occ_f4ffccf0c87ba8bcf55e""]",run_1f27e7f7434a9d682f85
term_a7658bf5d5a04ec16954,employment rate (age,measure,0.88,semantic-hybrid,True,title evidence with measure lexical cue,"[""occ_0786a183036d86753993""]",run_1f27e7f7434a9d682f85
term_5877a50d0f773fa39f46,employment rate (age group,measure,0.88,semantic-hybrid,True,title evidence with measure lexical cue,"[""occ_b3f9b3a231409749358f""]",run_1f27e7f7434a9d682f85
term_2d5089f6a505b639d408,employment rate (age group 20-29,measure,0.88,semantic-hybrid,True,title evidence with measure lexical cue,"[""occ_e60ba945d1aa6c1f9bc1""]",run_1f27e7f7434a9d682f85
term_2f5938edafc45e28963b,Employment rate by,measure,0.88,semantic-hybrid,True,title evidence with measure lexical cue,"[""occ_3c862cac161e830728a0"", ""occ_b54b39a550a6a0dd5537"", ""occ_f11b2f0cdf5c6957c6de""]",run_1f27e7f7434a9d682f85
term_6a05457df916fa51e4b7,Employment rate by citizenship,measure,0.88,semantic-hybrid,True,title evidence with measure lexical cue,"[""occ_d534eee17732afb3221b""]",run_1f27e7f7434a9d682f85
term_11690bfa78e5b9ada064,Employment rate by sex,measure,0.88,semantic-hybrid,True,title evidence with measure lexical cue,"[""occ_49048b5d05fb8cbfeb77"", ""occ_7fdbe4c56a72f6831906""]",run_1f27e7f7434a9d682f85
term_e08c997b67e91d9e281f,Employment rate of,measure,0.88,semantic-hybrid,True,title evidence with measure lexical cue,"[""occ_4244f2aecdcd0d42cedc"", ""occ_96b99ff9d03e7eb0c476"", ""occ_fc8a55ba6f230f1aebf2""]",run_1f27e7f7434a9d682f85
term_efadc66d4ce4ac4d54a1,Employment rate of low,measure,0.88,semantic-hybrid,True,title evidence with measure lexical cue,"[""occ_ea64f85c4fdb84bac791""]",run_1f27e7f7434a9d682f85
term_1e115e85e5c057f9d5a6,Employment rate of low skilled,measure,0.88,semantic-hybrid,True,title evidence with measure lexical cue,"[""occ_9081df07d145d76931c5""]",run_1f27e7f7434a9d682f85
term_b9a7892bbcc56f925a40,Employment rate of low skilled persons,measure,0.88,semantic-hybrid,True,title evidence with measure lexical cue,"[""occ_7dfda7e710532593d88d""]",run_1f27e7f7434a9d682f85
term_dfd2c6107e00a7c3c301,Employment rate of low skilled persons (age,measure,0.88,semantic-hybrid,True,title evidence with measure lexical cue,"[""occ_1706f6b941991b06da6a""]",run_1f27e7f7434a9d682f85
term_555f7a6cb0ef8f621f71,Employment rate of low skilled persons (age group,measure,0.88,semantic-hybrid,True,title evidence with measure lexical cue,"[""occ_78cf42aa67eacc6e8177""]",run_1f27e7f7434a9d682f85
term_a7ebeda4912ad87981e2,Employment rate of low skilled persons (age group 20-64),measure,0.88,semantic-hybrid,True,title evidence with measure lexical cue,"[""occ_1392ba912a48ba780702""]",run_1f27e7f7434a9d682f85
term_99ce89726710b8fb5fe1,Employment rate of non-EU,measure,0.88,semantic-hybrid,True,title evidence with measure lexical cue,"[""occ_b707223c2ad3c13876ef""]",run_1f27e7f7434a9d682f85
term_a7a691e2ba2a681c484a,Employment rate of non-EU nationals,measure,0.88,semantic-hybrid,True,title evidence with measure lexical cue,"[""occ_d48e7abb2b3be06bbc2d""]",run_1f27e7f7434a9d682f85
term_c5715c87859cb8de9f6d,Employment rate of non-EU nationals (age,measure,0.88,semantic-hybrid,True,title evidence with measure lexical cue,"[""occ_ee366369fa60500c14e9""]",run_1f27e7f7434a9d682f85
term_52dc6dd3ccdd89752429,Employment rate of non-EU nationals (age group,measure,0.88,semantic-hybrid,True,title evidence with measure lexical cue,"[""occ_b37a274061ad7a281121""]",run_1f27e7f7434a9d682f85
term_a6ec76a4cb1ad6932069,Employment rate of non-EU nationals (age group 20-64),measure,0.88,semantic-hybrid,True,title evidence with measure lexical cue,"[""occ_098946f8ab673c18044f""]",run_1f27e7f7434a9d682f85
term_a4d554f5a53b1f74f1ee,Employment rate of older,measure,0.88,semantic-hybrid,True,title evidence with measure lexical cue,"[""occ_3661cfc54e9611ce749b""]",run_1f27e7f7434a9d682f85
term_506716493a7a07dc617f,Employment rate of older workers,measure,0.88,semantic-hybrid,True,title evidence with measure lexical cue,"[""occ_11fcc7c72256173c72ae""]",run_1f27e7f7434a9d682f85
term_4423f61ae44a1942434f,"Employment rate of older workers, age",measure,0.88,semantic-hybrid,True,title evidence with measure lexical cue,"[""occ_d5b988d6428894a0d566""]",run_1f27e7f7434a9d682f85
term_7d374ddc6024ef6a22f2,"Employment rate of older workers, age group",measure,0.88,semantic-hybrid,True,title evidence with measure lexical cue,"[""occ_aa37d32e78eb5eed1601""]",run_1f27e7f7434a9d682f85
term_cc6c389a3a5b9ede456e,"Employment rate of older workers, age group 55-64",measure,0.88,semantic-hybrid,True,title evidence with measure lexical cue,"[""occ_093c82c81f7448293506""]",run_1f27e7f7434a9d682f85
term_e52f221fe5c55bbac515,Employment rates,measure,0.88,semantic-hybrid,True,title evidence with measure lexical cue,"[""occ_14f22be6d7552615c5bd"", ""occ_d164fc1784d3ea4cc1cc""]",run_1f27e7f7434a9d682f85
term_fbce014f7985b9a23412,Employment rates (aged,measure,0.88,semantic-hybrid,True,title evidence with measure lexical cue,"[""occ_88212701a0e4adb5d9a1""]",run_1f27e7f7434a9d682f85
term_6e839b15259abe26937f,Employment rates (aged 15-64,measure,0.88,semantic-hybrid,True,title evidence with measure lexical cue,"[""occ_d9e32caaf36dbdc8f69a""]",run_1f27e7f7434a9d682f85
term_f1eedf11d57021613de4,Employment rates (aged 15-64) by,measure,0.88,semantic-hybrid,True,title evidence with measure lexical cue,"[""occ_b46da52bcd007e379c3e""]",run_1f27e7f7434a9d682f85
term_c9fa520584151533f5a2,Employment rates (aged 15-64) by sex,measure,0.88,semantic-hybrid,True,title evidence with measure lexical cue,"[""occ_5e0fc3b7216f7b6d6f8a""]",run_1f27e7f7434a9d682f85
term_fb7a8583a8373628577e,Employment rates (aged 15-64) by sex - ENP-South,measure,0.88,semantic-hybrid,True,title evidence with measure lexical cue,"[""occ_d10ebb24f1f4f7387e0e""]",run_1f27e7f7434a9d682f85
term_27a95e3ef428412228a6,Employment rates (aged 15-64) by sex - ENP-South countries,measure,0.88,semantic-hybrid,True,title evidence with measure lexical cue,"[""occ_65619d8c6db62d7f0765""]",run_1f27e7f7434a9d682f85
term_b8a07baee823b061517c,Employment rates of,measure,0.88,semantic-hybrid,True,title evidence with measure lexical cue,"[""occ_5cca7f59fd08a54c107e""]",run_1f27e7f7434a9d682f85
term_6417fc908821208ba49d,Employment rates of recent,measure,0.88,semantic-hybrid,True,title evidence with measure lexical cue,"[""occ_05299ae3cab10cbff5d2""]",run_1f27e7f7434a9d682f85
term_178890956c1e3c7acc0d,Employment rates of recent graduates,measure,0.88,semantic-hybrid,True,title evidence with measure lexical cue,"[""occ_ef409043ef3ed3606ea7""]",run_1f27e7f7434a9d682f85
term_bb459238014f52251c41,employment size class,measure,0.88,semantic-hybrid,True,title evidence with measure lexical cue,"[""occ_49be1d18c8106ce757d7""]",run_1f27e7f7434a9d682f85
term_e8e32733ef3e7b9f997f,employment size classes,measure,0.88,semantic-hybrid,True,title evidence with measure lexical cue,"[""occ_05ec7fbfaa182e35804b"", ""occ_08320b491113b9a28fd5""]",run_1f27e7f7434a9d682f85
term_1d5b458cef4420331f55,"Employment status, self-employed (%)",measure,0.7735522838495117,semantic-hybrid,False,semantic centroid/neighbor measure fallback,"[""occ_2e71bde128c8911a878f"", ""occ_87e7843bfeb32b275a7d"", ""occ_c02ef86bdc44ec452edf"", ""occ_d6dcd8386e34d064b847"", ""occ_dacb911c304c37e50422"", ""occ_dc2a10b6e5e6fb79d847""]",run_1f27e7f7434a9d682f85
term_41eea1dd6cd743c9e612,"Employment status, wage worker (%)",measure,0.7607211386037771,semantic-hybrid,False,semantic centroid/neighbor measure fallback,"[""occ_13a2bcf867e46b64c0a3"", ""occ_3d51d06cf9aa6319f544"", ""occ_46576eb9b9491326fa83"", ""occ_a5b8e447ef23126b2ce4"", ""occ_b78f3fec94ce407e1539"", ""occ_f5179c051a71e31da536""]",run_1f27e7f7434a9d682f85
term_034e41ba37329332d177,"Employment, domestic",measure,0.88,semantic-hybrid,True,title evidence with measure lexical cue,"[""occ_bf33c0137626d0501eb2"", ""occ_e63d4e7f11cbae1466a1""]",run_1f27e7f7434a9d682f85
term_27403ee3a08ef6612373,"Employment, domestic concept",measure,0.88,semantic-hybrid,True,title evidence with measure lexical cue,"[""occ_62004064f4061717212d"", ""occ_c5df37801dcfd14f0e3d""]",run_1f27e7f7434a9d682f85
term_8e3284a7541d67adb592,"Employment, domestic concept - annual",measure,0.88,semantic-hybrid,True,title evidence with measure lexical cue,"[""occ_c12ff14eead48e181feb""]",run_1f27e7f7434a9d682f85
term_defff23a8f88d8548c58,"Employment, domestic concept - annual data",measure,0.88,semantic-hybrid,True,title evidence with measure lexical cue,"[""occ_92d9dcb33fdc3d88e697""]",run_1f27e7f7434a9d682f85
term_e74b0b68daf6ab98bfae,"Employment, domestic concept - Total",measure,0.88,semantic-hybrid,True,title evidence with measure lexical cue,"[""occ_491279500b449ded2f92""]",run_1f27e7f7434a9d682f85
term_c53b9b84ba66508a12ae,end-of-life recycling input rates,measure,0.7648892929090763,semantic-hybrid,False,semantic centroid/neighbor measure fallback,"[""occ_258eaf8e25e933982a28""]",run_1f27e7f7434a9d682f85
term_d436732bf0a63018f520,end-of-life recycling input rates (EOL-RIR),measure,0.775601355336448,semantic-hybrid,False,semantic centroid/neighbor measure fallback,"[""occ_693681887a51f994754c""]",run_1f27e7f7434a9d682f85
term_8ca9ad295a66219fdae6,energy production,measure,0.88,semantic-hybrid,True,title evidence with measure lexical cue,"[""occ_34107b53f1531c8e66b5"", ""occ_a5e74e155c6c55fb8953""]",run_1f27e7f7434a9d682f85
term_3a1f13a1362b5daee097,energy production (transformation,measure,0.88,semantic-hybrid,True,title evidence with measure lexical cue,"[""occ_f92ef9d539f57b7267c8""]",run_1f27e7f7434a9d682f85
term_d5d185d44cff925727d6,energy products - % of GDP,measure,0.88,semantic-hybrid,True,title evidence with measure lexical cue,"[""occ_ae4e14577cf57e4b3f6e""]",run_1f27e7f7434a9d682f85
term_4ec0e947d574c827a19a,enrolment rates by,measure,0.7797907088817732,semantic-hybrid,False,semantic centroid/neighbor measure fallback,"[""occ_65cb59a52284d4c17052"", ""occ_66cc579db3aaceb51f9b""]",run_1f27e7f7434a9d682f85
term_cec47eedc6eabc84d674,enrolment rates by sex,measure,0.7833185596838488,semantic-hybrid,False,semantic centroid/neighbor measure fallback,"[""occ_877d57e731ae51e7455e"", ""occ_b8cc00336c021b37cf25""]",run_1f27e7f7434a9d682f85
term_15dd5bc3f6f6a73f0ce7,enrolment rates by sex and,measure,0.7773220480766362,semantic-hybrid,False,semantic centroid/neighbor measure fallback,"[""occ_0e2296f07658c71c30d3"", ""occ_7b0074261917da3410aa""]",run_1f27e7f7434a9d682f85
term_875ada57423038e70812,enrolment rates by sex and education,measure,0.7693891359019258,semantic-hybrid,False,semantic centroid/neighbor measure fallback,"[""occ_838dad59d78ea9465bf7"", ""occ_98aab5ffad7e1faa034f""]",run_1f27e7f7434a9d682f85
term_44b4bbb61a86064f5d97,enrolment rates by sex and education level,measure,0.7628548417864479,semantic-hybrid,False,semantic centroid/neighbor measure fallback,"[""occ_46e8ae8dba4df0693781"", ""occ_d40294f6b3ab5edd142b""]",run_1f27e7f7434a9d682f85
term_a7aa9735d6247bab5460,Enterprise R&D Expenditures,measure,0.88,semantic-hybrid,True,title evidence with measure lexical cue,"[""occ_2e20268205f4205573e5""]",run_1f27e7f7434a9d682f85
term_f5dc2c9ba4f92dfda8ae,Enterprise R&D Expenditures in,measure,0.88,semantic-hybrid,True,title evidence with measure lexical cue,"[""occ_1acebca2a0e296d0b077""]",run_1f27e7f7434a9d682f85
term_832eec348258e13ecf64,Enterprise R&D Expenditures in Foreign,measure,0.88,semantic-hybrid,True,title evidence with measure lexical cue,"[""occ_826116ecab8354876c0c""]",run_1f27e7f7434a9d682f85
term_1f3a7b016708dfdec6a8,Enterprise R&D Expenditures in Foreign Controlled,measure,0.88,semantic-hybrid,True,title evidence with measure lexical cue,"[""occ_d76228fa21f569151e4e""]",run_1f27e7f7434a9d682f85
term_9ca2880781cd53b68018,Enterprise R&D Expenditures in Foreign Controlled Enterprises,measure,0.88,semantic-hybrid,True,title evidence with measure lexical cue,"[""occ_b1be7cd4b6c364a21aad""]",run_1f27e7f7434a9d682f85
term_4908fe3824df50586b59,enterprises by employment,measure,0.88,semantic-hybrid,True,title evidence with measure lexical cue,"[""occ_202ca6473bee6bbaa1bd""]",run_1f27e7f7434a9d682f85
term_1300004df199426f062e,enterprises by employment size,measure,0.88,semantic-hybrid,True,title evidence with measure lexical cue,"[""occ_70f98119d2a3b5ca487b""]",run_1f27e7f7434a9d682f85
term_c1e5304c6c2cba84352d,enterprises carrying out cross trade by employment,measure,0.88,semantic-hybrid,True,title evidence with measure lexical cue,"[""occ_592ac4d1ce278eaacf3b""]",run_1f27e7f7434a9d682f85
term_7739c8e473aa72014a8c,enterprises carrying out cross trade by employment size,measure,0.88,semantic-hybrid,True,title evidence with measure lexical cue,"[""occ_559b6a0523ff390e3f5f""]",run_1f27e7f7434a9d682f85
term_a7dc8cac0fc93496f776,Enterprises employing IVT participants by size class,measure,0.7694316574853433,semantic-hybrid,False,semantic centroid/neighbor measure fallback,"[""occ_c4968d3957fe41fc6077""]",run_1f27e7f7434a9d682f85
term_09a03dbab4a735b23acc,enterprises with 10 employed persons or more,measure,0.7613369355510031,semantic-hybrid,False,semantic centroid/neighbor measure fallback,"[""occ_111329cf6cdd86ca2db6"", ""occ_3d1b5c4a860be1bda7fc"", ""occ_3e4763f97c99c28ca2f7"", ""occ_4566dc9d585cfa1ae46a"", ""occ_5368655aa2d995f7ce38"", ""occ_5bc97da8f2e19a221680"", ""occ_64d3477d9ec61a968f42"", ""occ_7afe8f279b7b0cc46074"", ""occ_7ebae0f3d2a47e5e6a26"", ""occ_899cffa0cfc053637832"", ""occ_addad56cd77bc3d64996"", ""occ_d790ab5f1bf7f63b05eb"", ""occ_dc6fcffce23c44e55d39"", ""occ_ea21aa31c184576f8aa2"", ""occ_eaf64389d83046c00c78""]",run_1f27e7f7434a9d682f85
term_e888e22c5419656c9acf,Enterprises with members in other EEA countries - number,measure,0.7640935897001742,semantic-hybrid,False,semantic centroid/neighbor measure fallback,"[""occ_0128323365ed6d782d61"", ""occ_05b9adb4008be8316b05"", ""occ_07b9af63ba7938a1e080"", ""occ_0aeea668f87b94082965"", ""occ_1b529b14c1876042595c"", ""occ_1bcedb36b11477124985"", ""occ_2da2dd92b3693590bf1b"", ""occ_34e894625633e5f12d2a"", ""occ_35aa4444134f5500b964"", ""occ_36c146c2cbdf2d384afd"", ""occ_3dfa13a8e3c0f4359e3a"", ""occ_409f172ce4fe6cd67451"", ""occ_40f26c80a4e47d83e6ca"", ""occ_46e0b4eb387eb41885d7"", ""occ_47b132696e946099c221"", ""occ_575c731276fc8adf0376"", ""occ_5df2eb5ec7c03a7b644d"", ""occ_622ce6fa2119aac1f5c5"", ""occ_6c05ca5d1fb153039076"", ""occ_70978bc08a1eb5d86fb8"", ""occ_73a8f43b60e383af4b72"", ""occ_7c323ac8c794b5060162"", ""occ_7c8438a7568ef3439de1"", ""occ_87ac83a06809f00c67e8"", ""occ_87fd162d73b95713cd48"", ""occ_88eaa3db7434830b2048"", ""occ_895fcfd8a6439ccaee22"", ""occ_8b0d710ee3fcb3e9deb8"", ""occ_8ef9db7f8474cc3a0190"", ""occ_949b160574e8f9e70017"", ""occ_9b40e012763b59445187"", ""occ_a3abd1c6b0eb9cbd7a80"", ""occ_a689d43e9fe680a9066e"", ""occ_aa642653a76ef6de1044"", ""occ_aa6d307b3156b7cb811b"", ""occ_b874b43a70dd7864df0e"", ""occ_ba7ce67a17521a9d9b98"", ""occ_bb91e9b2caec74fde688"", ""occ_bcda404655b3c0a8d826"", ""occ_c2523bc3d0c3c4d50020"", ""occ_c7e1071ad7472feac4cd"", ""occ_d1438da978e0ff5b46f9"", ""occ_d576c56565881b16bfcb"", ""occ_d6bfffde88d60bd39cb3"", ""occ_d844f8d47e405169013d"", ""occ_d9156238057e99ba140d"", ""occ_e2c0cec2afd2e34092c1"", ""occ_e4d19480703500b3fd33"", ""occ_e613cd50b18663cfc6ed"", ""occ_e969c149bd1c69235de9"", ""occ_ef003dfd23df25242cce"", ""occ_efbb519f2c328aa298bf"", ""occ_f09fb7e5ccb34328fdf8"", ""occ_f2f1b60175bb54904eb3"", ""occ_f47462e72273f34ce91d"", ""occ_f4d142bffa1e92e4c2ce"", ""occ_f8578bfc644944dcea92"", ""occ_fa848e7134b90cae57a7"", ""occ_fae36decd44775a77341""]",run_1f27e7f7434a9d682f85
term_8a218df68d47b926a3cf,equivalised disposable income,measure,0.88,semantic-hybrid,True,title evidence with measure lexical cue,"[""occ_182e1c669e1e03fe8e68"", ""occ_4757c102a0d2ac4a8bfd""]",run_1f27e7f7434a9d682f85
term_f95e4165091e9bc7e208,equivalised disposable income before social transfers,measure,0.88,semantic-hybrid,True,title evidence with measure lexical cue,"[""occ_c713bfd2e432d134ea52"", ""occ_e60a93527b1e174219c4""]",run_1f27e7f7434a9d682f85
term_4c575e1e45ab32e3c846,equivalised disposable income by,measure,0.88,semantic-hybrid,True,title evidence with measure lexical cue,"[""occ_b1c301b3f04af3619772""]",run_1f27e7f7434a9d682f85
term_75ce9ba265b2d291c461,equivalised disposable income by age,measure,0.88,semantic-hybrid,True,title evidence with measure lexical cue,"[""occ_ec2ccf84ce2b9771a25c""]",run_1f27e7f7434a9d682f85
term_a2d87ef729e6fb9322e8,estate other than main residence by income,measure,0.88,semantic-hybrid,True,title evidence with measure lexical cue,"[""occ_eb4824fc8d17266eacdf""]",run_1f27e7f7434a9d682f85
term_5d4db6d4e559831d2668,estate other than main residence by income quantile,measure,0.88,semantic-hybrid,True,title evidence with measure lexical cue,"[""occ_3db03cea03aa571f24a7""]",run_1f27e7f7434a9d682f85
term_17f5a8997b1599638bbd,EU27 (from) population,measure,0.88,semantic-hybrid,True,title evidence with measure lexical cue,"[""occ_df532c06d2cbf5651b42""]",run_1f27e7f7434a9d682f85
term_09e1aee2eae3f6f961d2,"Ever-partnered women who have experienced violence by an intimate partner, by country of birth",measure,0.88,semantic-hybrid,True,title evidence with measure lexical cue,"[""occ_6bdff78c7bd5956aff72""]",run_1f27e7f7434a9d682f85
term_6136824e0e85d6ad98d1,exchange rates versus national,measure,0.7645405680341228,semantic-hybrid,False,semantic centroid/neighbor measure fallback,"[""occ_6810171569374ebf9713""]",run_1f27e7f7434a9d682f85
term_6f8fdcb1dded2bf12cd9,exchange rates versus national currencies,measure,0.7706989019459003,semantic-hybrid,False,semantic centroid/neighbor measure fallback,"[""occ_6f2a89e31ee5dd0b4353""]",run_1f27e7f7434a9d682f85
term_f30f9cb6f5c7e047e35b,excluding apprentices) by employment,measure,0.88,semantic-hybrid,True,title evidence with measure lexical cue,"[""occ_552df99e924f3b7f2e2a""]",run_1f27e7f7434a9d682f85
term_b5df101a04a132e00dd8,excluding apprentices) by employment contract,measure,0.88,semantic-hybrid,True,title evidence with measure lexical cue,"[""occ_7978d9a2d639e552fbb4""]",run_1f27e7f7434a9d682f85
term_3afb8a9d7c36bba5d988,excluding major mineral wastes per GDP,measure,0.88,semantic-hybrid,True,title evidence with measure lexical cue,"[""occ_176b0ab004e712039ef6""]",run_1f27e7f7434a9d682f85
term_e0ab6a0236c8fbba65d8,excluding major mineral wastes per GDP unit,measure,0.88,semantic-hybrid,True,title evidence with measure lexical cue,"[""occ_07f5216e2f07220b8b67""]",run_1f27e7f7434a9d682f85
term_72ea10973cd865bbf89b,excluding non-defaultable instruments - % of GDP,measure,0.88,semantic-hybrid,True,title evidence with measure lexical cue,"[""occ_b39601ecbf660b75deb3""]",run_1f27e7f7434a9d682f85
term_2c5d67d5ed8f169a4163,expectancy at birth,measure,0.88,semantic-hybrid,True,title evidence with measure lexical cue,"[""occ_6d2373d93fbafa57eead"", ""occ_aa137dc45cdb2a6b43d1"", ""occ_ada5e93cec8ca685cb06""]",run_1f27e7f7434a9d682f85
term_221cbfb6ee8793597ea0,expectancy at birth by,measure,0.88,semantic-hybrid,True,title evidence with measure lexical cue,"[""occ_949dc003b53bf31f4f8a"", ""occ_b378cf838328be1c3425"", ""occ_e5bba5a0f6900eb2cdf0""]",run_1f27e7f7434a9d682f85
term_1a5ee1f757287fa990c5,expectancy at birth by sex,measure,0.88,semantic-hybrid,True,title evidence with measure lexical cue,"[""occ_588ac72f4ec0880582ff"", ""occ_806e7367bc865ec87fa8"", ""occ_8abc7de10edad7b29395""]",run_1f27e7f7434a9d682f85
term_b4ced760d035c7fd2518,expectancy at birth by sex - ENP-South,measure,0.88,semantic-hybrid,True,title evidence with measure lexical cue,"[""occ_d58452fa35f840c12923""]",run_1f27e7f7434a9d682f85
term_d6bc2460ef80387f97a0,expectancy at birth by sex - ENP-South countries,measure,0.88,semantic-hybrid,True,title evidence with measure lexical cue,"[""occ_5d8665113ce3debdc143""]",run_1f27e7f7434a9d682f85
term_404df12b23a905f6fcda,expenditure - % of GDP,measure,0.88,semantic-hybrid,True,title evidence with measure lexical cue,"[""occ_073ec174579e63ef2602""]",run_1f27e7f7434a9d682f85
term_904984bc53d001778454,expenditure - % of GDP - ENP-East,measure,0.88,semantic-hybrid,True,title evidence with measure lexical cue,"[""occ_161e4f0631f93bfe2c10""]",run_1f27e7f7434a9d682f85
term_743ee92dbbbdb5254438,expenditure by function,measure,0.88,semantic-hybrid,True,title evidence with measure lexical cue,"[""occ_b5410a4aaa57f9ee7faf""]",run_1f27e7f7434a9d682f85
term_ca2b7f491e1b54912a0b,expenditure of general,measure,0.88,semantic-hybrid,True,title evidence with measure lexical cue,"[""occ_3997592bbfd71e68ef3a""]",run_1f27e7f7434a9d682f85
term_b4834240effa5004d1bb,expenditure of general government,measure,0.88,semantic-hybrid,True,title evidence with measure lexical cue,"[""occ_0104203a9f1d81cbe68f""]",run_1f27e7f7434a9d682f85
term_e6e93f10741c9d86725b,expenditure on education,measure,0.88,semantic-hybrid,True,title evidence with measure lexical cue,"[""occ_1176d99f784c31aaceac"", ""occ_71e5720f6f7a42ffb790"", ""occ_8f251ae75cdfc24fc5af"", ""occ_96a41f288193c8f41d55""]",run_1f27e7f7434a9d682f85
term_b22b18b77a892738a5ba,expenditure on education - ENP-East,measure,0.88,semantic-hybrid,True,title evidence with measure lexical cue,"[""occ_9afc06fa0d312e47573d""]",run_1f27e7f7434a9d682f85
term_260e112074708d4f47be,expenditure on education - ENP-East countries,measure,0.88,semantic-hybrid,True,title evidence with measure lexical cue,"[""occ_a153476e0b62172df3de""]",run_1f27e7f7434a9d682f85
term_1b18f0b2768d7dd26eab,expenditure on education - ENP-South,measure,0.88,semantic-hybrid,True,title evidence with measure lexical cue,"[""occ_c8c3215cf45dd6fec743""]",run_1f27e7f7434a9d682f85
term_c9cd90892f0c59bb529b,expenditure on education - ENP-South countries,measure,0.88,semantic-hybrid,True,title evidence with measure lexical cue,"[""occ_5df7cd229612dfec7476""]",run_1f27e7f7434a9d682f85
term_16b580190eeb18be86a6,Expenditure on education in,measure,0.88,semantic-hybrid,True,title evidence with measure lexical cue,"[""occ_3cec440ced26371a5576""]",run_1f27e7f7434a9d682f85
term_826144ba68940aea0897,Expenditure on education in constant,measure,0.88,semantic-hybrid,True,title evidence with measure lexical cue,"[""occ_1f8f3360aa45db0e524d""]",run_1f27e7f7434a9d682f85
term_9c16d79cea97b0714de5,Expenditure on education in constant prices,measure,0.88,semantic-hybrid,True,title evidence with measure lexical cue,"[""occ_9ca5873dfb0e41e0d5c8""]",run_1f27e7f7434a9d682f85
term_e8c286280f2e3bde9526,expenditure on environmental,measure,0.88,semantic-hybrid,True,title evidence with measure lexical cue,"[""occ_3415197dc917e2af056e""]",run_1f27e7f7434a9d682f85
term_baa742710f2754f011ae,expenditure on environmental protection,measure,0.88,semantic-hybrid,True,title evidence with measure lexical cue,"[""occ_70b29a7f8dc538f23e0d""]",run_1f27e7f7434a9d682f85
term_140f340c4e9f9c6b334e,expenditure on healthcare,measure,0.88,semantic-hybrid,True,title evidence with measure lexical cue,"[""occ_72bac5673eab262db68a""]",run_1f27e7f7434a9d682f85
term_d4b126f906609c17519c,Expenditure on public,measure,0.88,semantic-hybrid,True,title evidence with measure lexical cue,"[""occ_1801ad2c88a01a753f50""]",run_1f27e7f7434a9d682f85
term_85cb67dc2e57b7ffd062,Expenditure on public educational,measure,0.88,semantic-hybrid,True,title evidence with measure lexical cue,"[""occ_0bfcb7de1e2295e5e123""]",run_1f27e7f7434a9d682f85
term_b1fb19c84fd17e2fd413,Expenditure on public educational institutions,measure,0.88,semantic-hybrid,True,title evidence with measure lexical cue,"[""occ_3bbd79ce2f858c7a6a87""]",run_1f27e7f7434a9d682f85
term_c8500cf55cc888acb2c3,Expenditure on public educational institutions - as,measure,0.88,semantic-hybrid,True,title evidence with measure lexical cue,"[""occ_1e49a0a1b806eb18c93f""]",run_1f27e7f7434a9d682f85
term_89fadd88129635a47b24,Expenditure on public educational institutions - as % of,measure,0.88,semantic-hybrid,True,title evidence with measure lexical cue,"[""occ_13c198f7848358793125""]",run_1f27e7f7434a9d682f85
term_567eb61c3f09d148d2a5,Expenditure on public educational institutions - as % of total,measure,0.88,semantic-hybrid,True,title evidence with measure lexical cue,"[""occ_f07d0b5f671b2acdc0aa""]",run_1f27e7f7434a9d682f85
term_bf772c90f95cd422ec1d,Expenditure on public educational institutions - as % of total or current expenditure,measure,0.88,semantic-hybrid,True,title evidence with measure lexical cue,"[""occ_ca9a3487054885a857c1""]",run_1f27e7f7434a9d682f85
term_0d752fa41e09bba6e3ba,Expenditure on road,measure,0.88,semantic-hybrid,True,title evidence with measure lexical cue,"[""occ_2cd476ce382f4d7a1f2d""]",run_1f27e7f7434a9d682f85
term_724b1f931a9bf93733d9,Expenditure on road transport,measure,0.88,semantic-hybrid,True,title evidence with measure lexical cue,"[""occ_048ac13e5492026905de""]",run_1f27e7f7434a9d682f85
term_a5401bdfb78829273164,Expenditure on road transport vehicles,measure,0.88,semantic-hybrid,True,title evidence with measure lexical cue,"[""occ_3c3b12a79dfbfa9df9a8""]",run_1f27e7f7434a9d682f85
term_a1fe966fecd5970f3802,Expenditure on road transport vehicles and,measure,0.88,semantic-hybrid,True,title evidence with measure lexical cue,"[""occ_b3df6f49672cf7ff8b9d""]",run_1f27e7f7434a9d682f85
term_7091625654a90d71f02d,Expenditure on road transport vehicles and road,measure,0.88,semantic-hybrid,True,title evidence with measure lexical cue,"[""occ_38b862fe98a683713f28""]",run_1f27e7f7434a9d682f85
term_27f5a1f9c59e1b87dc68,Expenditure on road transport vehicles and road infrastructure,measure,0.88,semantic-hybrid,True,title evidence with measure lexical cue,"[""occ_2f05573fd47fd8f1031e""]",run_1f27e7f7434a9d682f85
term_65191613d641c710df5b,Expenditure on rolling,measure,0.88,semantic-hybrid,True,title evidence with measure lexical cue,"[""occ_366f61d956845dd92afd""]",run_1f27e7f7434a9d682f85
term_3cb4a87ace172d83c8c3,Expenditure on rolling stock,measure,0.88,semantic-hybrid,True,title evidence with measure lexical cue,"[""occ_419beea7fe85c72bc634""]",run_1f27e7f7434a9d682f85
term_92344576548e820d70fd,Expenditure on rolling stock and,measure,0.88,semantic-hybrid,True,title evidence with measure lexical cue,"[""occ_232398886d3d82f324a5""]",run_1f27e7f7434a9d682f85
term_5e072538771cb86781f5,Expenditure on rolling stock and railway,measure,0.88,semantic-hybrid,True,title evidence with measure lexical cue,"[""occ_0c8dce470a35ed46194f""]",run_1f27e7f7434a9d682f85
term_46da92b563b9ffdccb55,Expenditure on rolling stock and railway infrastructure,measure,0.88,semantic-hybrid,True,title evidence with measure lexical cue,"[""occ_6ca78a38a3433418f1e0""]",run_1f27e7f7434a9d682f85
term_fa235f936ff3b835afb3,Expenditure on social,measure,0.88,semantic-hybrid,True,title evidence with measure lexical cue,"[""occ_056169414e627395ffda"", ""occ_a87286b549db851182f0"", ""occ_fb318e1d21a75103cc2e"", ""occ_fed7cb7faa9e497626c6""]",run_1f27e7f7434a9d682f85
term_eac8a612899297bcaec1,Expenditure on social protection,measure,0.88,semantic-hybrid,True,title evidence with measure lexical cue,"[""occ_0b72ca315b2d2d53638d"", ""occ_1ae2794ddba7d22ecf60"", ""occ_48b741bef2ec31b246ad"", ""occ_5d578dab3f92f1cb32b6""]",run_1f27e7f7434a9d682f85
term_c0fbd1c9e60a80925eae,Expenditure on social protection as,measure,0.88,semantic-hybrid,True,title evidence with measure lexical cue,"[""occ_653b36a2759b7cd7cc7c""]",run_1f27e7f7434a9d682f85
term_1921c5c61888e61bcbc9,Expenditure on social protection by,measure,0.88,semantic-hybrid,True,title evidence with measure lexical cue,"[""occ_091bc0560980a9784004""]",run_1f27e7f7434a9d682f85
term_6e80a6ca3ae0ebf52856,Expenditure on social protection by type,measure,0.88,semantic-hybrid,True,title evidence with measure lexical cue,"[""occ_4626e5652105e1a6cb36""]",run_1f27e7f7434a9d682f85
term_6e93b26be01ea80e29ed,Expenditure on social protection per,measure,0.88,semantic-hybrid,True,title evidence with measure lexical cue,"[""occ_5fc8841d3b801bb9d5db"", ""occ_8f889f72e0bd2d9f6853""]",run_1f27e7f7434a9d682f85
term_c0c99d4db4d77e290f77,Expenditure on social protection per inhabitant,measure,0.88,semantic-hybrid,True,title evidence with measure lexical cue,"[""occ_08e24635359e509b282e"", ""occ_31a770ae1483ac271d36""]",run_1f27e7f7434a9d682f85
term_aead5de8eb0517ab72ab,Expenditure on social protection per inhabitant at,measure,0.88,semantic-hybrid,True,title evidence with measure lexical cue,"[""occ_a90a2f29c9e30a811181""]",run_1f27e7f7434a9d682f85
term_18e7249d8bfb620aa23e,Expenditure on social protection per inhabitant at constant,measure,0.88,semantic-hybrid,True,title evidence with measure lexical cue,"[""occ_7b8b8b401d2205c7dd06""]",run_1f27e7f7434a9d682f85
term_a87ced2df78c51659769,Expenditure on social protection per inhabitant at constant prices,measure,0.88,semantic-hybrid,True,title evidence with measure lexical cue,"[""occ_6e379af2e166acfe8e4f""]",run_1f27e7f7434a9d682f85
term_61b60ca3567a57ee6e3d,Expenditure on social protection per inhabitant in,measure,0.88,semantic-hybrid,True,title evidence with measure lexical cue,"[""occ_dbd2498b17c7de2350c9""]",run_1f27e7f7434a9d682f85
term_30dd549a4d0eb8151b25,Expenditure on social protection per inhabitant in PPS,measure,0.88,semantic-hybrid,True,title evidence with measure lexical cue,"[""occ_8b8986f52ddba0eaea94""]",run_1f27e7f7434a9d682f85
term_e9cda4e909fe7a2765e0,Expenditure on waterway,measure,0.88,semantic-hybrid,True,title evidence with measure lexical cue,"[""occ_298880207395c063d0f6""]",run_1f27e7f7434a9d682f85
term_cf3029eb12a80919242a,Expenditure on waterway transport,measure,0.88,semantic-hybrid,True,title evidence with measure lexical cue,"[""occ_c1518a3cc96ec4d05749""]",run_1f27e7f7434a9d682f85
term_b21503da58ff6b9be811,Expenditure on waterway transport infrastructure,measure,0.88,semantic-hybrid,True,title evidence with measure lexical cue,"[""occ_13c3a270bc49e11948df""]",run_1f27e7f7434a9d682f85
term_4fb6351e8bf5859bc4ac,Expenditure on waterway transport infrastructure and,measure,0.88,semantic-hybrid,True,title evidence with measure lexical cue,"[""occ_31c5f92ce477420f4d1b""]",run_1f27e7f7434a9d682f85
term_e94d54d68c1a1fd5154e,Expenditure on waterway transport infrastructure and freight,measure,0.88,semantic-hybrid,True,title evidence with measure lexical cue,"[""occ_184cd862738b821e6ae7""]",run_1f27e7f7434a9d682f85
term_0121d15f00fd5074d0bf,Expenditure on waterway transport infrastructure and freight vessels,measure,0.88,semantic-hybrid,True,title evidence with measure lexical cue,"[""occ_2e60e4bb6e233202feb8""]",run_1f27e7f7434a9d682f85
term_dde7cd66229b46fd2567,expenditure per night,measure,0.88,semantic-hybrid,True,title evidence with measure lexical cue,"[""occ_546b63e26fe05509534d""]",run_1f27e7f7434a9d682f85
term_79a8ccd55d477e649721,expenditure per trip,measure,0.88,semantic-hybrid,True,title evidence with measure lexical cue,"[""occ_967248ea7703bc84d720""]",run_1f27e7f7434a9d682f85
term_15d9653e0ee18d00f188,"expenditure, current",measure,0.88,semantic-hybrid,True,title evidence with measure lexical cue,"[""occ_96dec3deed8324f2f4f6""]",run_1f27e7f7434a9d682f85
term_2315e7ac90aa4ec54b89,"expenditure, current prices",measure,0.88,semantic-hybrid,True,title evidence with measure lexical cue,"[""occ_522e9df31e33a4d4ea52""]",run_1f27e7f7434a9d682f85
term_f5aa5087830dc9dc8399,"expenditure, volumes",measure,0.88,semantic-hybrid,True,title evidence with measure lexical cue,"[""occ_2503e6cd6e5a6b33f529""]",run_1f27e7f7434a9d682f85
term_92cd401aa64fc6d20c3e,"Exports of goods & services, as a share of GDP (%)",measure,0.761580226390743,semantic-hybrid,False,semantic centroid/neighbor measure fallback,"[""occ_0fc48c2de53b0a6ce1e0"", ""occ_4f0efa0aa4648c5ad645"", ""occ_586fd3bcd463964a3b90"", ""occ_5aa26d967a81eddc2236"", ""occ_7d88793c0af233545048"", ""occ_dc4634f0d59b17bb188a"", ""occ_e1a71b8d5fd9ad62d760"", ""occ_f58a85e47dc34f294f5e"", ""occ_fd68918cd6eacc236cfa""]",run_1f27e7f7434a9d682f85
term_af395f1610bfa9afa413,Exports of goods - machinery and transport equipment,measure,0.88,semantic-hybrid,True,title evidence with measure lexical cue,"[""occ_eefa8f395d18b1594df8""]",run_1f27e7f7434a9d682f85
term_2d343edae94071bef3d4,"Exports of goods - mineral fuels, lubricants and related materials",measure,0.7650927364892134,semantic-hybrid,False,semantic centroid/neighbor measure fallback,"[""occ_4c53b8d13ec40a0aeb16""]",run_1f27e7f7434a9d682f85
term_233266d63f959636da6c,Exports of goods and services in % of GDP,measure,0.88,semantic-hybrid,True,title evidence with measure lexical cue,"[""occ_313625d77e3d8c31047b""]",run_1f27e7f7434a9d682f85
term_5812395fd08da5567a97,exposed to employment-related,measure,0.88,semantic-hybrid,True,title evidence with measure lexical cue,"[""occ_9bb09083adfc1277b568""]",run_1f27e7f7434a9d682f85
term_34580ac53e5eaa1c79e8,exposed to employment-related physical,measure,0.88,semantic-hybrid,True,title evidence with measure lexical cue,"[""occ_5e8aa607655ec4144f88""]",run_1f27e7f7434a9d682f85
term_8b81b517347179947fc2,"exposed to employment-related physical, psychological",measure,0.88,semantic-hybrid,True,title evidence with measure lexical cue,"[""occ_d483b50319225796b7ea""]",run_1f27e7f7434a9d682f85
term_f98c68c67133ddf86700,"External balance of goods and services, current prices",measure,0.88,semantic-hybrid,True,title evidence with measure lexical cue,"[""occ_007cb65eb02b9c764c10""]",run_1f27e7f7434a9d682f85
term_1d47ea87a339d2065cad,"external debt - annual data, % of GDP",measure,0.88,semantic-hybrid,True,title evidence with measure lexical cue,"[""occ_705dec61dc39e1d6bf9e""]",run_1f27e7f7434a9d682f85
term_251267626bc1f0456539,"external debt - quarterly data, % of GDP",measure,0.88,semantic-hybrid,True,title evidence with measure lexical cue,"[""occ_9017a597c70791c5118a""]",run_1f27e7f7434a9d682f85
term_2a9f7a94f088b292e614,factor income,measure,0.88,semantic-hybrid,True,title evidence with measure lexical cue,"[""occ_6385738f96e19cfe761f""]",run_1f27e7f7434a9d682f85
term_006ecd13a17f79856644,FDI stocks in % of GDP,measure,0.88,semantic-hybrid,True,title evidence with measure lexical cue,"[""occ_41edc3da334fc009cf85"", ""occ_cfa48c26fe56709147cb""]",run_1f27e7f7434a9d682f85
term_cb4d4c302e8a7c623591,Final consumption - other sectors - households - energy use,measure,0.7906726490748038,semantic-hybrid,False,semantic centroid/neighbor measure fallback,"[""occ_1315869377bb3327f39b"", ""occ_82436a66f80aa35dc105"", ""occ_84dd0590f5573592cf98"", ""occ_99743f820b3758c05f29"", ""occ_d6ae35533c21636c4e20""]",run_1f27e7f7434a9d682f85
term_2cc131ee8447129834c4,Final consumption expenditure of,measure,0.88,semantic-hybrid,True,title evidence with measure lexical cue,"[""occ_4e3d9a8e7eb34facd3fb"", ""occ_6b31af30fc2706a0ce3c"", ""occ_c5d886fcd90697c99756"", ""occ_e8909bf274f12e869724"", ""occ_ea1a59b965680387a676""]",run_1f27e7f7434a9d682f85
term_5b8c123a91a68022d492,Final consumption expenditure of general,measure,0.88,semantic-hybrid,True,title evidence with measure lexical cue,"[""occ_3795a4c043dfb1bd5526""]",run_1f27e7f7434a9d682f85
term_bfe3e941a978934b32fe,Final consumption expenditure of households,measure,0.88,semantic-hybrid,True,title evidence with measure lexical cue,"[""occ_263872ae9b67803ed0ee"", ""occ_5720381cd99f2efb798b"", ""occ_a7ff5a36d23d70b903be"", ""occ_d1fbfe1f8aef1b16dcf2""]",run_1f27e7f7434a9d682f85
term_926241806a2327bceb58,"Final consumption expenditure of households & NPISHs, as a share of GDP (%)",measure,0.7664788440410879,semantic-hybrid,False,semantic centroid/neighbor measure fallback,"[""occ_1eed57965737913a82f5"", ""occ_3600346bb789103b8d56"", ""occ_400dfe2478aef2aa7bf3"", ""occ_6040c6396c3f05c2d179"", ""occ_b1ef998a95dbce7aae31"", ""occ_be1f9f97c67e3104a613"", ""occ_c0a0e5229ee5d8d74144"", ""occ_cb190daff9717a047924"", ""occ_e6f70bd6e6b30de2df8e""]",run_1f27e7f7434a9d682f85
term_e0741f8d4320e29df655,Final consumption expenditure of households and,measure,0.88,semantic-hybrid,True,title evidence with measure lexical cue,"[""occ_09893d85f708dd6d4408"", ""occ_8a88720a12b3af14fd3b"", ""occ_93e9beac189976608ffe"", ""occ_ad75555e3d65c712fd15""]",run_1f27e7f7434a9d682f85
term_ee9ccd055475c4cdd9a5,Final consumption expenditure of households and non-profit,measure,0.88,semantic-hybrid,True,title evidence with measure lexical cue,"[""occ_6d39e63ed12b5c637850"", ""occ_ef4addea9caca4e73bbd""]",run_1f27e7f7434a9d682f85
term_78400a6d6412ae4efa9d,Final consumption expenditure of households and non-profit institutions,measure,0.88,semantic-hybrid,True,title evidence with measure lexical cue,"[""occ_51773bc7bf40e6e011a3"", ""occ_52ed01daa7d82d9accf0""]",run_1f27e7f7434a9d682f85
term_576044526eb51f91f5a5,Final consumption expenditure of households and non-profit institutions serving households,measure,0.7766063990197375,semantic-hybrid,False,semantic centroid/neighbor measure fallback,"[""occ_b4520c237473cd978648"", ""occ_fafd811df9e1ebfb0617""]",run_1f27e7f7434a9d682f85
term_f1ad67c786a97690fa75,Final consumption expenditure of households and non-profit institutions serving households - annual data,measure,0.88,semantic-hybrid,True,title evidence with measure lexical cue,"[""occ_8e312b1f4907fa891669""]",run_1f27e7f7434a9d682f85
term_0c9ff61611e8156fba00,Final consumption expenditure of households and NPISH,measure,0.88,semantic-hybrid,True,title evidence with measure lexical cue,"[""occ_a2813b4c8d2cbc48d006"", ""occ_d67111e8ece57c13318f""]",run_1f27e7f7434a9d682f85
term_33a626eb4fd1fdb4e808,"Final consumption expenditure of households and NPISH, current",measure,0.88,semantic-hybrid,True,title evidence with measure lexical cue,"[""occ_fa7a82338bd089804e75""]",run_1f27e7f7434a9d682f85
term_115d903267dadba6da0f,"Final consumption expenditure of households and NPISH, current prices",measure,0.88,semantic-hybrid,True,title evidence with measure lexical cue,"[""occ_dea8ef4c0a90f282df60""]",run_1f27e7f7434a9d682f85
term_5bd6cc28bc0c9ce94e30,"Final consumption expenditure of households and NPISH, volumes",measure,0.88,semantic-hybrid,True,title evidence with measure lexical cue,"[""occ_6e3f9d21bb8e110760ca""]",run_1f27e7f7434a9d682f85
term_7e8e3cf5913a62cf61f9,"final consumption expenditure, current",measure,0.88,semantic-hybrid,True,title evidence with measure lexical cue,"[""occ_8158f691681bfec23577""]",run_1f27e7f7434a9d682f85
term_147a3f7aa81ab3322f80,"final consumption expenditure, current prices",measure,0.88,semantic-hybrid,True,title evidence with measure lexical cue,"[""occ_07dcc8ecaa1295d2b343""]",run_1f27e7f7434a9d682f85
term_717040c4aae130bb1bc6,"final consumption expenditure, volumes",measure,0.88,semantic-hybrid,True,title evidence with measure lexical cue,"[""occ_4f5b6b86259a34034198""]",run_1f27e7f7434a9d682f85
term_51b6aaaec47f6dd4ede6,Final energy consumption by agriculture and forestry sector – tonne of oil equivalent per hectare of UAA,measure,0.7647319581354385,semantic-hybrid,False,semantic centroid/neighbor measure fallback,"[""occ_799e44969f4bd1e3d1bc""]",run_1f27e7f7434a9d682f85
term_d3109d94fd4d7783795d,Final energy consumption by sector,measure,0.7730292534117525,semantic-hybrid,False,semantic centroid/neighbor measure fallback,"[""occ_389de900988af221f982""]",run_1f27e7f7434a9d682f85
term_d43ad409983010b09e28,Final energy consumption by sector - ENP-South countries,measure,0.7611489192926505,semantic-hybrid,False,semantic centroid/neighbor measure fallback,"[""occ_11a98767086568b7fa18""]",run_1f27e7f7434a9d682f85
term_d1a4526bc314fb5316ee,Final energy consumption in households per capita,measure,0.778881716707968,semantic-hybrid,False,semantic centroid/neighbor measure fallback,"[""occ_a25618c9e2a10d6db05e""]",run_1f27e7f7434a9d682f85
term_da47405a6a7d3f912301,Financial account - annual data,measure,0.7749867414300564,semantic-hybrid,False,semantic centroid/neighbor measure fallback,"[""occ_986d204356bdef88d9b8""]",run_1f27e7f7434a9d682f85
term_d1a57151199d56c5e07f,Financial aid to students by education level - as % of total public expenditure,measure,0.88,semantic-hybrid,True,title evidence with measure lexical cue,"[""occ_1155f6065012042aa487""]",run_1f27e7f7434a9d682f85
term_45cff6bf89ed3f2f6fc7,"Financial derivatives and employee stock options - annual data, million units of national currency",measure,0.7614137576531672,semantic-hybrid,False,semantic centroid/neighbor measure fallback,"[""occ_5043c74b57641ac5fd93""]",run_1f27e7f7434a9d682f85
term_33d27a1425fbb8fc6f85,fixed capital formation at current prices,measure,0.88,semantic-hybrid,True,title evidence with measure lexical cue,"[""occ_0f5bce823c998ca48e05""]",run_1f27e7f7434a9d682f85
term_213070b47aa8a2ee8cb6,"fixed capital formation, current prices",measure,0.88,semantic-hybrid,True,title evidence with measure lexical cue,"[""occ_30a337ce5da948f7dffe""]",run_1f27e7f7434a9d682f85
term_a63712e12248336eed24,"flow, consolidated - % GDP",measure,0.88,semantic-hybrid,True,title evidence with measure lexical cue,"[""occ_4666cc8b6943271362a2""]",run_1f27e7f7434a9d682f85
term_98ca2faf1d14d8708941,"flow: debt securities by sectors, consolidated - % of GDP",measure,0.88,semantic-hybrid,True,title evidence with measure lexical cue,"[""occ_cade6c77a2658c914700""]",run_1f27e7f7434a9d682f85
term_407f4f820392e17477d7,"flow: debt securities by sectors, non-consolidated - % of GDP",measure,0.88,semantic-hybrid,True,title evidence with measure lexical cue,"[""occ_d23bf6567013d667961e""]",run_1f27e7f7434a9d682f85
term_55482c2cde48f1b0dc42,"flow: loans by sectors, consolidated - % of GDP",measure,0.88,semantic-hybrid,True,title evidence with measure lexical cue,"[""occ_6642f11392df57546351""]",run_1f27e7f7434a9d682f85
term_13c248372e520f16cf60,"flow: loans by sectors, non-consolidated - % of GDP",measure,0.88,semantic-hybrid,True,title evidence with measure lexical cue,"[""occ_50fe0a7bcdc24a77d3b2""]",run_1f27e7f7434a9d682f85
term_fec54cc195039d203451,"flows) - annual data, % of GDP",measure,0.88,semantic-hybrid,True,title evidence with measure lexical cue,"[""occ_e2b978d59d5df955307a""]",run_1f27e7f7434a9d682f85
term_a7ea921ae535eee47205,for cross trade and employment,measure,0.88,semantic-hybrid,True,title evidence with measure lexical cue,"[""occ_f55df81965e4ed5ca059""]",run_1f27e7f7434a9d682f85
term_8ed2ddc77449e06f5b2d,for cross trade and employment size,measure,0.88,semantic-hybrid,True,title evidence with measure lexical cue,"[""occ_37631644fe6321b8b084""]",run_1f27e7f7434a9d682f85
term_c0160d4413e48205358b,for cross trade and employment size class,measure,0.88,semantic-hybrid,True,title evidence with measure lexical cue,"[""occ_5edb12a6ca6ed9115715""]",run_1f27e7f7434a9d682f85
term_127c9ab28b1bde465d90,for personal purposes - % of total population,measure,0.88,semantic-hybrid,True,title evidence with measure lexical cue,"[""occ_d660c1255215b822fe97""]",run_1f27e7f7434a9d682f85
term_9aeeb2ba12063e8868ca,for the production of grain,measure,0.88,semantic-hybrid,True,title evidence with measure lexical cue,"[""occ_93bf36f0fda60d98b40c""]",run_1f27e7f7434a9d682f85
term_be80fbc390b62576f8a4,for the production of grain (including,measure,0.88,semantic-hybrid,True,title evidence with measure lexical cue,"[""occ_174eabdce98e8226d952""]",run_1f27e7f7434a9d682f85
term_ee3f716aefc5ab1c4e71,for the production of grain (including seed,measure,0.88,semantic-hybrid,True,title evidence with measure lexical cue,"[""occ_a5e329c4db2d95c480fa""]",run_1f27e7f7434a9d682f85
term_57c910fcc96014284b74,for the production of grain (including seed) by,measure,0.88,semantic-hybrid,True,title evidence with measure lexical cue,"[""occ_039a96e693caa9d50c93""]",run_1f27e7f7434a9d682f85
term_d0693aca279427abdaf1,"force participation rate, aged",measure,0.7654517517804833,semantic-hybrid,False,semantic centroid/neighbor measure fallback,"[""occ_7817331d1c91e97eefe4""]",run_1f27e7f7434a9d682f85
term_f3ae2a10579c3fbd217e,Foreign-born population,measure,0.88,semantic-hybrid,True,title evidence with measure lexical cue,"[""occ_b12de16630c2906b3010""]",run_1f27e7f7434a9d682f85
term_9b7524b7f4b26277115a,formation at current prices,measure,0.88,semantic-hybrid,True,title evidence with measure lexical cue,"[""occ_7c043d788dba51f86066""]",run_1f27e7f7434a9d682f85
term_1ddf49e88ca24d083e69,"formation, current prices",measure,0.88,semantic-hybrid,True,title evidence with measure lexical cue,"[""occ_821f87bc6ff5c132839f""]",run_1f27e7f7434a9d682f85
term_39de1f14cd5fe4b343a1,Freight and mail air transport (including national transport),measure,0.88,semantic-hybrid,True,title evidence with measure lexical cue,"[""occ_e90db48686abc5990769""]",run_1f27e7f7434a9d682f85
term_5e2d8a28ef31383d28d4,Freight and mail air transport (including national transport) - ENP-South countries,measure,0.88,semantic-hybrid,True,title evidence with measure lexical cue,"[""occ_6e394b25b5b551af6199""]",run_1f27e7f7434a9d682f85
term_f354ea1081d17071b4ab,Freight and mail air transport over national territory (including territorial sea),measure,0.88,semantic-hybrid,True,title evidence with measure lexical cue,"[""occ_73a5227eec547f06f2e6""]",run_1f27e7f7434a9d682f85
term_f72917bd52f166b5a3b5,freight transport relative to GDP,measure,0.88,semantic-hybrid,True,title evidence with measure lexical cue,"[""occ_425d1209e606130e97ea""]",run_1f27e7f7434a9d682f85
term_8ebf348c2b4c251f60d2,from production activities,measure,0.88,semantic-hybrid,True,title evidence with measure lexical cue,"[""occ_cf7edda074cba6a2278b""]",run_1f27e7f7434a9d682f85
term_11036a6b94163f715f04,full-time employment,measure,0.88,semantic-hybrid,True,title evidence with measure lexical cue,"[""occ_5f617aa74c1a81527277""]",run_1f27e7f7434a9d682f85
term_d10f426b97cc3ddf8eda,gap in part-time employment,measure,0.88,semantic-hybrid,True,title evidence with measure lexical cue,"[""occ_dc86d509477fcf641afc""]",run_1f27e7f7434a9d682f85
term_6cd0acffce1bfa576faa,"gap, by type of employment",measure,0.88,semantic-hybrid,True,title evidence with measure lexical cue,"[""occ_34d0e33cf96b502e9009""]",run_1f27e7f7434a9d682f85
term_926c7cf87c321b3f3f60,gases emissions from production,measure,0.88,semantic-hybrid,True,title evidence with measure lexical cue,"[""occ_4b7a203bef8efd01f387""]",run_1f27e7f7434a9d682f85
term_0a1b4d3a6476324d85ab,gases emissions from production activities,measure,0.88,semantic-hybrid,True,title evidence with measure lexical cue,"[""occ_f13764c1cba3be7c9c6d""]",run_1f27e7f7434a9d682f85
term_0766970ca4659731e828,GBARD in total general government expenditure,measure,0.88,semantic-hybrid,True,title evidence with measure lexical cue,"[""occ_bc9ea51327ac6059eb79""]",run_1f27e7f7434a9d682f85
term_4f64b141c573903f4583,GDP (stocks in % of GDP),measure,0.7962047404587612,semantic-hybrid,False,semantic centroid/neighbor measure fallback,"[""occ_05ee0bb7f0f79c0a5816"", ""occ_07aceea726876a3830fc"", ""occ_09623986d2edd5baf21e"", ""occ_1098a383ebf577add8ec"", ""occ_143ffd464984447c363c"", ""occ_16490416e9b1339cbec7"", ""occ_1be419322a5bdd16981d"", ""occ_20c5acb42da96e8f066d"", ""occ_257414b53762e45cf085"", ""occ_2b2e3c26b166471e85f9"", ""occ_2c9d8875d3c8151e7ccd"", ""occ_2eaae83881fe57740391"", ""occ_2ff577606e3fd647a94f"", ""occ_3b90812851a7e3a52cc2"", ""occ_3d174a05593673b13904"", ""occ_3de806515da3de570c0c"", ""occ_3f6545528043186eea29"", ""occ_3fd95836117de5570fec"", ""occ_40635cbaefe7eb045790"", ""occ_42ef520aeb7c97c2611e"", ""occ_4acf798f5e674e93122e"", ""occ_4afc4c028f8d89a3c995"", ""occ_4fd00261ff943185332e"", ""occ_50d424676249ca23cd3a"", ""occ_53f79f657e454f2a0423"", ""occ_5523f60575c172fcae0c"", ""occ_5736a49890192d550e1a"", ""occ_6547b9f2fc95b332e4e6"", ""occ_6c12cbb025657cebec19"", ""occ_6ce95f872c40ee1ad7e8"", ""occ_6d8193bee4382d128f18"", ""occ_6dcb56d5881061419989"", ""occ_75af19deaca17181b7f2"", ""occ_798d6da754e349a85310"", ""occ_79f7f0918275c0f2d864"", ""occ_7bffac1a389c279d678a"", ""occ_7cd4d8bcbf5f68a48497"", ""occ_7d1e77b2cd9c8c784b92"", ""occ_7d69ec1a593ecb6ce1de"", ""occ_95596821bf34052b5adb"", ""occ_9b673f00199b659d0933"", ""occ_9eae88cd2c372b990f14"", ""occ_a5f944eefc0637d63398"", ""occ_a7ce53774b898d95d737"", ""occ_b107559d6d115e91576e"", ""occ_b1909fc2525b04e99317"", ""occ_b3d05ba8b1651cc97719"", ""occ_b411f76ae3f37c861f57"", ""occ_b88d0ecf55bf763821d7"", ""occ_bb186e59fdf7994b6b4e"", ""occ_bc42df9840635a06118a"", ""occ_c29b6e3e3b29099e544a"", ""occ_c34133421a4968e33eff"", ""occ_c47998ffd5180f627d1d"", ""occ_ce67055a4445ee1d99a4"", ""occ_d1efcf5a7cfe820d149e"", ""occ_d332d327d4cd237267a3"", ""occ_d57805f114ca7c5e36aa"", ""occ_d6cd9bcf12606cb80f03"", ""occ_da554200b065fea17630"", ""occ_df2a4271f0a9b6684dad"", ""occ_e80b19d45b35e1c0d323"", ""occ_e8625e4a6da0e3f6ab0c"", ""occ_e87bfa363885eab4cf1d"", ""occ_eb3fc8e7bd26d883eb29"", ""occ_ecf5be43337a0c967528"", ""occ_ee6e5f1caf8cf831d59d"", ""occ_f4ad87e8b05a7a2da363"", ""occ_f95c36d9a9fdc0983ea4"", ""occ_fc89dc718837fd741bfd"", ""occ_ff1c23e8b7b043cc5576""]",run_1f27e7f7434a9d682f85
term_6c5cac28e829684263ca,GDP by institutional,measure,0.88,semantic-hybrid,True,title evidence with measure lexical cue,"[""occ_0cafa4b517dbb519b35d""]",run_1f27e7f7434a9d682f85
term_55d441bd3316813815be,GDP by institutional sectors,measure,0.88,semantic-hybrid,True,title evidence with measure lexical cue,"[""occ_849cc2a289e6b0f38b37""]",run_1f27e7f7434a9d682f85
term_366e31423c1da3f1342b,GDP deflator,measure,0.88,semantic-hybrid,True,title evidence with measure lexical cue,"[""occ_24b1db45813a07e07fe9""]",run_1f27e7f7434a9d682f85
term_df0276f8dedb65bc5eba,GDP growth,measure,0.88,semantic-hybrid,True,title evidence with measure lexical cue,"[""occ_2be728ed0c4232b6b9b6""]",run_1f27e7f7434a9d682f85
term_c61e442a1fe8a4a83384,GDP growth rate,measure,0.88,semantic-hybrid,True,title evidence with measure lexical cue,"[""occ_d4b199b88ebbfabcbdca""]",run_1f27e7f7434a9d682f85
term_b6da7fd873e63d28af46,GDP growth rate - volume,measure,0.88,semantic-hybrid,True,title evidence with measure lexical cue,"[""occ_a35d1a0d605ed12e451d""]",run_1f27e7f7434a9d682f85
term_c52976d54185b4b0017b,GDP per capita,measure,0.88,semantic-hybrid,True,title evidence with measure lexical cue,"[""occ_2bb13d043b4d47e8ed1b"", ""occ_33d18e19c28a85369050"", ""occ_49df0ec5b582cf4a2cf2"", ""occ_5b5ce4246f9f84e4df84""]",run_1f27e7f7434a9d682f85
term_9e84cb8a8d6fcf1ee81a,GDP per capita in,measure,0.88,semantic-hybrid,True,title evidence with measure lexical cue,"[""occ_b322218bf6fea15e9f13""]",run_1f27e7f7434a9d682f85
term_2c295ea215a5bc746b20,GDP per capita in PPS,measure,0.88,semantic-hybrid,True,title evidence with measure lexical cue,"[""occ_ab325750047ba37f0a6e""]",run_1f27e7f7434a9d682f85
term_6665672e751ad07cbe62,GDP weights,measure,0.88,semantic-hybrid,True,title evidence with measure lexical cue,"[""occ_1fd05186db4b385a0989""]",run_1f27e7f7434a9d682f85
term_16ac614ca1b3bd904552,GDP weights used,measure,0.88,semantic-hybrid,True,title evidence with measure lexical cue,"[""occ_ddcc2536959886c5006b""]",run_1f27e7f7434a9d682f85
term_0bb9e5d643bd0849fb55,GDP weights used in,measure,0.88,semantic-hybrid,True,title evidence with measure lexical cue,"[""occ_a4b0d29322f47e703c30""]",run_1f27e7f7434a9d682f85
term_63e138883fc6f5b3559b,GDP weights used in the,measure,0.88,semantic-hybrid,True,title evidence with measure lexical cue,"[""occ_bbbb25485ff683b6bbb2""]",run_1f27e7f7434a9d682f85
term_de7d13bd8364e1ebd35b,GDP weights used in the calculation,measure,0.88,semantic-hybrid,True,title evidence with measure lexical cue,"[""occ_66800e2fb79ab3354e6c""]",run_1f27e7f7434a9d682f85
term_ee32f82e2c4088dd82d9,GDP weights used in the calculation of,measure,0.88,semantic-hybrid,True,title evidence with measure lexical cue,"[""occ_97695270fa69e9bf5297""]",run_1f27e7f7434a9d682f85
term_ad1fb7b7dd2df7d2ee19,GDP weights used in the calculation of the,measure,0.88,semantic-hybrid,True,title evidence with measure lexical cue,"[""occ_5096def042371d491593""]",run_1f27e7f7434a9d682f85
term_a7f8640f667814e9fbfc,GDP weights used in the calculation of the global specific indicator,measure,0.88,semantic-hybrid,True,title evidence with measure lexical cue,"[""occ_464f84d8643be992f321""]",run_1f27e7f7434a9d682f85
term_c1da79f95b731b29b5c4,Gender differences in the aggregate replacement ratio for pensions (excluding other social benefits),measure,0.7702280048650951,semantic-hybrid,False,semantic centroid/neighbor measure fallback,"[""occ_2ab673fcf180331dd027"", ""occ_c07c6c9298f5e7b99162""]",run_1f27e7f7434a9d682f85
term_c897546a5e6549a9e418,Gender differences in the aggregate replacement ratio for pensions (excluding other social benefits) - EU-SILC survey,measure,0.7612424801015066,semantic-hybrid,False,semantic centroid/neighbor measure fallback,"[""occ_0bbb5d5e957d2a29801c""]",run_1f27e7f7434a9d682f85
term_21d170c2e7a3bf71c257,Gender differences in the at-risk-of-poverty rate by,measure,0.7615615698245907,semantic-hybrid,False,semantic centroid/neighbor measure fallback,"[""occ_787df09f512c9db5a22f"", ""occ_ce467359695048c96bd5""]",run_1f27e7f7434a9d682f85
term_8a7bb0a359c8c41aaac3,Gender differences in the at-risk-of-poverty rate by age,measure,0.7631754436998668,semantic-hybrid,False,semantic centroid/neighbor measure fallback,"[""occ_3e3a9b15fb5fbf04aaec"", ""occ_e2b99ed84565a91d5c8a""]",run_1f27e7f7434a9d682f85
term_5479800523a2f98e9675,Gender differences in the at-risk-of-poverty rate by age - EU-SILC survey,measure,0.7660829327930767,semantic-hybrid,False,semantic centroid/neighbor measure fallback,"[""occ_07d73a955e919ec74a1d""]",run_1f27e7f7434a9d682f85
term_61e85e027c44ab4683b8,Gender differences in the relative income,measure,0.88,semantic-hybrid,True,title evidence with measure lexical cue,"[""occ_4463ac4f1e5092328429"", ""occ_8ebc3a3061a2d1986a20""]",run_1f27e7f7434a9d682f85
term_4246615d9a48834058fa,Gender differences in the relative income of,measure,0.88,semantic-hybrid,True,title evidence with measure lexical cue,"[""occ_09febc995392ac4512ac"", ""occ_c31d2a6378b17abc890e""]",run_1f27e7f7434a9d682f85
term_6eef0a8b6d3338822dee,Gender differences in the relative income of elderly,measure,0.88,semantic-hybrid,True,title evidence with measure lexical cue,"[""occ_e8c75b789753bceb8127""]",run_1f27e7f7434a9d682f85
term_2e238609443153c1dccf,Gender differences in the relative income of elderly people (65+),measure,0.88,semantic-hybrid,True,title evidence with measure lexical cue,"[""occ_1a64facce516b414ce06""]",run_1f27e7f7434a9d682f85
term_99869cc8c80491bbbd12,Gender differences in the relative income of elderly people (65+) - EU-SILC survey,measure,0.88,semantic-hybrid,True,title evidence with measure lexical cue,"[""occ_cfd8e19e648b96138500""]",run_1f27e7f7434a9d682f85
term_5656604e789ceb3395e9,Gender differences in the relative income of older,measure,0.88,semantic-hybrid,True,title evidence with measure lexical cue,"[""occ_941aaa1bf83d2f8b2ca7""]",run_1f27e7f7434a9d682f85
term_38c1e42ad3a781b8ce27,Gender differences in the relative income of older people,measure,0.88,semantic-hybrid,True,title evidence with measure lexical cue,"[""occ_72a0ef5f6b0be3f1fa4b""]",run_1f27e7f7434a9d682f85
term_09a908de463198bdf18f,Gender differences in the relative income of older people - EU-SILC survey,measure,0.88,semantic-hybrid,True,title evidence with measure lexical cue,"[""occ_e6e19ba9ec72ac374e50""]",run_1f27e7f7434a9d682f85
term_5d5dc23867821f2a5249,Gender employment,measure,0.88,semantic-hybrid,True,title evidence with measure lexical cue,"[""occ_229eae563609fc48261a"", ""occ_50adde81520745930779"", ""occ_9b9209337980dea4a8a6""]",run_1f27e7f7434a9d682f85
term_c7ee91110d164407d42e,Gender employment gap by,measure,0.88,semantic-hybrid,True,title evidence with measure lexical cue,"[""occ_284e2c923c842366b650""]",run_1f27e7f7434a9d682f85
term_f324f5ece1a6aac5840b,Gender employment gap by degree,measure,0.88,semantic-hybrid,True,title evidence with measure lexical cue,"[""occ_cb917858d4e0a1065d7c""]",run_1f27e7f7434a9d682f85
term_7dbbf2c726f1a390d050,Gender employment gap by degree of,measure,0.88,semantic-hybrid,True,title evidence with measure lexical cue,"[""occ_3e34c050014909bda9ef""]",run_1f27e7f7434a9d682f85
term_523b5db9b2693145b25e,Gender employment gap by degree of urbanisation,measure,0.88,semantic-hybrid,True,title evidence with measure lexical cue,"[""occ_86515de1900fac3caf92""]",run_1f27e7f7434a9d682f85
term_0e3e8ae54b2648685f68,"Gender employment gap, by",measure,0.88,semantic-hybrid,True,title evidence with measure lexical cue,"[""occ_69fce7c0def72f571791""]",run_1f27e7f7434a9d682f85
term_5e9368adf24d6ca0805e,"Gender employment gap, by type",measure,0.88,semantic-hybrid,True,title evidence with measure lexical cue,"[""occ_92d12053ec39f16256df""]",run_1f27e7f7434a9d682f85
term_101997d5f4d50dff669f,"Gender employment gap, by type of",measure,0.88,semantic-hybrid,True,title evidence with measure lexical cue,"[""occ_06e28d5c449ba61d3671""]",run_1f27e7f7434a9d682f85
term_9718df264a1793a565c9,"Gender employment gap, by type of employment",measure,0.88,semantic-hybrid,True,title evidence with measure lexical cue,"[""occ_cc816a2af3982e2586f5""]",run_1f27e7f7434a9d682f85
term_f36eb226e177a37eccaa,Gender gap in part-time employment,measure,0.88,semantic-hybrid,True,title evidence with measure lexical cue,"[""occ_2c53883401544eb0f3f6""]",run_1f27e7f7434a9d682f85
term_5870b15b468e197d3cf4,Gender overall earnings gap,measure,0.7722898571740804,semantic-hybrid,False,semantic centroid/neighbor measure fallback,"[""occ_b0e3bacb45000a7d7966""]",run_1f27e7f7434a9d682f85
term_8d1eed4bf9192cca8176,Gender pay gap in unadjusted form by age and NACE Rev. 2 activity (B-S except O),measure,0.7643738116382531,semantic-hybrid,False,semantic centroid/neighbor measure fallback,"[""occ_dd118cd86d06474df8b6""]",run_1f27e7f7434a9d682f85
term_ff8f716f6efc64ba6764,Gender pay gap in unadjusted form by age and NACE Rev. 2 activity (B-S except O) - structure of earnings survey methodology,measure,0.7668168480315889,semantic-hybrid,False,semantic centroid/neighbor measure fallback,"[""occ_53df71753c4f17a617dc""]",run_1f27e7f7434a9d682f85
term_24283d88c622e3ec1f99,Gender pay gap in unadjusted form by type of ownership and NACE Rev. 2 activity (B-S except O),measure,0.7626046390353796,semantic-hybrid,False,semantic centroid/neighbor measure fallback,"[""occ_cd4bbcda92056c3a01c6""]",run_1f27e7f7434a9d682f85
term_b38503b9535f4b5d07a5,General government deficit (-) and surplus (+),measure,0.767524767168273,semantic-hybrid,False,semantic centroid/neighbor measure fallback,"[""occ_1ad20dc55821901fc144"", ""occ_84b8b708783afc4e2d4b""]",run_1f27e7f7434a9d682f85
term_7a6fd71f55032e1ecddb,General government deficit (-) and surplus (+) - annual data,measure,0.7867901293238947,semantic-hybrid,False,semantic centroid/neighbor measure fallback,"[""occ_561832f8e6808a026f29""]",run_1f27e7f7434a9d682f85
term_7f2a053fa33b8561fda4,General government deficit (-) and surplus (+) - quarterly data,measure,0.7836063779119882,semantic-hybrid,False,semantic centroid/neighbor measure fallback,"[""occ_7649074f8a75900c4c3e""]",run_1f27e7f7434a9d682f85
term_d568e02e14bc35c58cb8,General government employment,measure,0.88,semantic-hybrid,True,title evidence with measure lexical cue,"[""occ_a05a667637c32962a2fa""]",run_1f27e7f7434a9d682f85
term_721e72e4abed42872355,general government expenditure,measure,0.88,semantic-hybrid,True,title evidence with measure lexical cue,"[""occ_083c0e54da864f730453"", ""occ_694d7ea2e970721d0730"", ""occ_71f9aea31d1551be4e75""]",run_1f27e7f7434a9d682f85
term_74476ab2b5d7e1bdf1aa,General government expenditure by,measure,0.88,semantic-hybrid,True,title evidence with measure lexical cue,"[""occ_8057b3b94974b99babae""]",run_1f27e7f7434a9d682f85
term_e7c0eb872bd0448f567a,General government expenditure by function,measure,0.88,semantic-hybrid,True,title evidence with measure lexical cue,"[""occ_c8fe58e4572ae533ed58""]",run_1f27e7f7434a9d682f85
term_6c1d352d8a52937a1ba2,General government gross debt - annual data,measure,0.7734676024165476,semantic-hybrid,False,semantic centroid/neighbor measure fallback,"[""occ_6cf39abecde8a2172116""]",run_1f27e7f7434a9d682f85
term_0cf259f3c91fe4f1dc28,General government gross debt - quarterly data,measure,0.77240259279604,semantic-hybrid,False,semantic centroid/neighbor measure fallback,"[""occ_a46222c2dc07a13fcc56""]",run_1f27e7f7434a9d682f85
term_e438de3225c9725c995d,General government gross fixed capital formation - annual data,measure,0.7632121800317259,semantic-hybrid,False,semantic centroid/neighbor measure fallback,"[""occ_d1600e95cb95252589bf""]",run_1f27e7f7434a9d682f85
term_626238b9a90b5256c8ae,General government total expenditure,measure,0.88,semantic-hybrid,True,title evidence with measure lexical cue,"[""occ_eff5a1ee550dba930ae9""]",run_1f27e7f7434a9d682f85
term_305a0e9bdc8bb3519d41,General government total expenditure on,measure,0.88,semantic-hybrid,True,title evidence with measure lexical cue,"[""occ_41f3bbaf0819fff198b1""]",run_1f27e7f7434a9d682f85
term_d1b2e3eb6fc873b02527,General government total expenditure on law,measure,0.88,semantic-hybrid,True,title evidence with measure lexical cue,"[""occ_c1066968b41c20b394cf""]",run_1f27e7f7434a9d682f85
term_537dee1205ecb32bbdaa,General government total expenditure on law courts,measure,0.88,semantic-hybrid,True,title evidence with measure lexical cue,"[""occ_d99b0d3e1fdd8bfe1717""]",run_1f27e7f7434a9d682f85
term_6c7a214fb2c5b693093e,generated by households by year,measure,0.7813156724823174,semantic-hybrid,False,semantic centroid/neighbor measure fallback,"[""occ_fd5890a48f980f3c1704""]",run_1f27e7f7434a9d682f85
term_db87d8a44a39eca870dc,generated by households by year and,measure,0.777919823000874,semantic-hybrid,False,semantic centroid/neighbor measure fallback,"[""occ_61d2fa204f031ba6244a""]",run_1f27e7f7434a9d682f85
term_ee2afe83c4ebb049d844,generated by households by year and waste,measure,0.770246534938501,semantic-hybrid,False,semantic centroid/neighbor measure fallback,"[""occ_f3e5a9bd5115400c69c8""]",run_1f27e7f7434a9d682f85
term_2a0f787fbd72a2d7c3e7,Generation of waste by households - ENP-South countries,measure,0.7667195056225357,semantic-hybrid,False,semantic centroid/neighbor measure fallback,"[""occ_5e5cf0cc1d1227a2d7f0""]",run_1f27e7f7434a9d682f85
term_3a96181f535cf675fed7,Generation of waste excluding major mineral wastes per GDP unit,measure,0.88,semantic-hybrid,True,title evidence with measure lexical cue,"[""occ_2f039029ec990b0ef850""]",run_1f27e7f7434a9d682f85
term_87a753574448dc6084bb,Gini coefficient of equivalised disposable income,measure,0.7850900500605228,semantic-hybrid,False,semantic centroid/neighbor measure fallback,"[""occ_2b112d7082056cf8ab23"", ""occ_543e3b0790749968681d"", ""occ_6dadc21dfa70262dc284"", ""occ_e535fcfdc976c627c194""]",run_1f27e7f7434a9d682f85
term_49d1c97f52f01d6626d1,Gini coefficient of equivalised disposable income before,measure,0.88,semantic-hybrid,True,title evidence with measure lexical cue,"[""occ_ae6062d4538d30034e2a"", ""occ_b63f196ac33dcd4b1721""]",run_1f27e7f7434a9d682f85
term_525cef34c25d639afa56,Gini coefficient of equivalised disposable income before social,measure,0.88,semantic-hybrid,True,title evidence with measure lexical cue,"[""occ_f005c633fda39ae3c43e"", ""occ_fd1ff161e116527d885b""]",run_1f27e7f7434a9d682f85
term_0e2307e31f6b17f4428d,Gini coefficient of equivalised disposable income before social transfers (pensions excluded from social transfers),measure,0.88,semantic-hybrid,True,title evidence with measure lexical cue,"[""occ_2ee48ebc75e6cd991609""]",run_1f27e7f7434a9d682f85
term_5b8a86d13344cbd5b242,Gini coefficient of equivalised disposable income before social transfers (pensions included in social transfers),measure,0.88,semantic-hybrid,True,title evidence with measure lexical cue,"[""occ_8b090dd4fe631014471c""]",run_1f27e7f7434a9d682f85
term_611241ecf839e22d52ae,Gini coefficient of equivalised disposable income by,measure,0.88,semantic-hybrid,True,title evidence with measure lexical cue,"[""occ_2829fee251298e2d2fa6""]",run_1f27e7f7434a9d682f85
term_577b998e77e6ecacb649,Gini coefficient of equivalised disposable income by age,measure,0.88,semantic-hybrid,True,title evidence with measure lexical cue,"[""occ_51b2068453d268213386""]",run_1f27e7f7434a9d682f85
term_fc07b47631d01b3c08c3,Gini coefficient on household population,measure,0.88,semantic-hybrid,True,title evidence with measure lexical cue,"[""occ_009719c8e9a730ada7d2""]",run_1f27e7f7434a9d682f85
term_736a9f4b4c1850998f3c,Gini coefficient on household population - experimental,measure,0.88,semantic-hybrid,True,title evidence with measure lexical cue,"[""occ_a487b8fa50be68b0e1e2""]",run_1f27e7f7434a9d682f85
term_48f8ab7f344df9f62f58,Gini coefficient on household population - experimental statistics,measure,0.88,semantic-hybrid,True,title evidence with measure lexical cue,"[""occ_d8669d17b582f62122b8""]",run_1f27e7f7434a9d682f85
term_97046a60a1a8925deedd,goods and services in % of GDP,measure,0.88,semantic-hybrid,True,title evidence with measure lexical cue,"[""occ_a3bebf2d369d875e4943"", ""occ_d92d605841a5bd9012b6""]",run_1f27e7f7434a9d682f85
term_71fb5d2425a66327336c,"goods and services, current prices",measure,0.88,semantic-hybrid,True,title evidence with measure lexical cue,"[""occ_6b5967ad84c5c3fce794""]",run_1f27e7f7434a9d682f85
term_4a9d877274999bcc8639,goods road transport enterprises by employment,measure,0.88,semantic-hybrid,True,title evidence with measure lexical cue,"[""occ_44266767b6f562b68afd"", ""occ_d110b47550b60b7aa801""]",run_1f27e7f7434a9d682f85
term_441b95df1e1343cc904e,goods road transport enterprises by employment size,measure,0.88,semantic-hybrid,True,title evidence with measure lexical cue,"[""occ_65ba3997873c6dbf930e"", ""occ_86d9a9478839fbc12e15""]",run_1f27e7f7434a9d682f85
term_7c7d663e6be11fcca38d,goods road transport enterprises by employment size classes,measure,0.7787084000513026,semantic-hybrid,False,semantic centroid/neighbor measure fallback,"[""occ_9474fb98f1a68226a14a"", ""occ_da23691486f699939774""]",run_1f27e7f7434a9d682f85
term_6f657ad56da603744e65,Goods road transport enterprises by number of vehicles,measure,0.88,semantic-hybrid,True,title evidence with measure lexical cue,"[""occ_492f0925d2895c749f48""]",run_1f27e7f7434a9d682f85
term_a8781b86da3b752f69bd,Goods transport by rail,measure,0.88,semantic-hybrid,True,title evidence with measure lexical cue,"[""occ_a9a479d53d674a5b0d5b""]",run_1f27e7f7434a9d682f85
term_83f4130ed4f379e5ebf9,Goods transport by road,measure,0.88,semantic-hybrid,True,title evidence with measure lexical cue,"[""occ_1c6422094d8f3fe633ee""]",run_1f27e7f7434a9d682f85
term_454b60d6038aeaf7dfdf,Goods transport by waterways,measure,0.88,semantic-hybrid,True,title evidence with measure lexical cue,"[""occ_dfecc2ff81e20a096aba""]",run_1f27e7f7434a9d682f85
term_047c9239143df8136f91,Goods transported,measure,0.88,semantic-hybrid,True,title evidence with measure lexical cue,"[""occ_b2000a12ad6137d53015""]",run_1f27e7f7434a9d682f85
term_1575199f961fd6cde6d7,Goods transported (detailed reporting only ),measure,0.88,semantic-hybrid,True,title evidence with measure lexical cue,"[""occ_617f51fc60e8b4ca28bc""]",run_1f27e7f7434a9d682f85
term_f68670e75aff7b03543b,Goods transported (detailed reporting only ) - quarterly data,measure,0.88,semantic-hybrid,True,title evidence with measure lexical cue,"[""occ_536334f3a08513d80a8c""]",run_1f27e7f7434a9d682f85
term_7abc3292942090afa980,Goods transported by rail,measure,0.88,semantic-hybrid,True,title evidence with measure lexical cue,"[""occ_99fe970fa19897c2756d""]",run_1f27e7f7434a9d682f85
term_57558496f0fd3ea26847,Goods transported by rail - ENP-East countries,measure,0.88,semantic-hybrid,True,title evidence with measure lexical cue,"[""occ_772e9192ed6de46b2c2b""]",run_1f27e7f7434a9d682f85
term_7b36a7699313ac1e7386,Goods transported by type of consignment,measure,0.88,semantic-hybrid,True,title evidence with measure lexical cue,"[""occ_3470a2531d6d4293a874""]",run_1f27e7f7434a9d682f85
term_c8965b3ed2a1c67748b5,"Government bond yields, 10 years' maturity - annual data",measure,0.7629056245926646,semantic-hybrid,False,semantic centroid/neighbor measure fallback,"[""occ_f896805e36650935b98c""]",run_1f27e7f7434a9d682f85
term_960dfb3909fe26a1a0db,"Government bond yields, 10 years' maturity - monthly data",measure,0.76420514868111,semantic-hybrid,False,semantic centroid/neighbor measure fallback,"[""occ_74b52adbef70733e56ec""]",run_1f27e7f7434a9d682f85
term_d2086073216e51f6ae79,Government deficit/surplus and debt - ENP-East countries,measure,0.7628521496880604,semantic-hybrid,False,semantic centroid/neighbor measure fallback,"[""occ_05a1bed0c057a22662c9""]",run_1f27e7f7434a9d682f85
term_5340f52ad0bc5ca5db94,government employment,measure,0.88,semantic-hybrid,True,title evidence with measure lexical cue,"[""occ_a6718bcecaa73f4b9a21""]",run_1f27e7f7434a9d682f85
term_754a89387a653562cc53,government expenditure,measure,0.88,semantic-hybrid,True,title evidence with measure lexical cue,"[""occ_2f96d02304a582af4b08"", ""occ_37aa1c5df71bff219b64"", ""occ_e5134e8ae90b64dd47d8""]",run_1f27e7f7434a9d682f85
term_8dd230545f5c1509f35e,government expenditure by,measure,0.88,semantic-hybrid,True,title evidence with measure lexical cue,"[""occ_51315dde7df9e583acd0""]",run_1f27e7f7434a9d682f85
term_1af016a4627d19e2cb1c,government expenditure by function,measure,0.88,semantic-hybrid,True,title evidence with measure lexical cue,"[""occ_b070510bb408cab30295""]",run_1f27e7f7434a9d682f85
term_92288cc1ff6b99598bc9,Government final consumption expenditure,measure,0.88,semantic-hybrid,True,title evidence with measure lexical cue,"[""occ_0a9cf8f8cd2f4735bbc0"", ""occ_b7424cf79a68812f095e""]",run_1f27e7f7434a9d682f85
term_39b59e6b87b11a8f5757,"Government final consumption expenditure, current",measure,0.88,semantic-hybrid,True,title evidence with measure lexical cue,"[""occ_48343f1a1589b412e27c""]",run_1f27e7f7434a9d682f85
term_3dfd8e54220a5a7f4b4c,"Government final consumption expenditure, current prices",measure,0.88,semantic-hybrid,True,title evidence with measure lexical cue,"[""occ_34f1d4ef55caa9a39f56""]",run_1f27e7f7434a9d682f85
term_a3b5edd80874bf518515,"Government final consumption expenditure, volumes",measure,0.88,semantic-hybrid,True,title evidence with measure lexical cue,"[""occ_15c9dcd7a70b9f2e168c""]",run_1f27e7f7434a9d682f85
term_000d0c45492699547811,Government support to agricultural research and development,measure,0.88,semantic-hybrid,True,title evidence with measure lexical cue,"[""occ_de7d7611ebf42c7e94bd""]",run_1f27e7f7434a9d682f85
term_84940349d366bf49cdcd,government total expenditure,measure,0.88,semantic-hybrid,True,title evidence with measure lexical cue,"[""occ_96555e98d5a6b2bc6c33""]",run_1f27e7f7434a9d682f85
term_53413d7d129e22355407,government total expenditure on,measure,0.88,semantic-hybrid,True,title evidence with measure lexical cue,"[""occ_13b36d3dc2e84c88c9b9""]",run_1f27e7f7434a9d682f85
term_d7894fa33b1b034dad98,government total expenditure on law,measure,0.88,semantic-hybrid,True,title evidence with measure lexical cue,"[""occ_98d9df5b34c96c5117e1""]",run_1f27e7f7434a9d682f85
term_3efa7c6237e4cd8b0785,government total expenditure on law courts,measure,0.88,semantic-hybrid,True,title evidence with measure lexical cue,"[""occ_88194c35208e30e88b11""]",run_1f27e7f7434a9d682f85
term_c09913cf45bdb5830bad,Graduates at doctoral level by sex and age groups - per 1000 of population aged 25-34,measure,0.88,semantic-hybrid,True,title evidence with measure lexical cue,"[""occ_4f06b1d80d8635ed26de""]",run_1f27e7f7434a9d682f85
term_75f99b8a1b5911e78516,"Graduates at doctoral level, in science, math., computing, engineering, manufacturing, construction, by sex - per 1000 of population aged 25-34",measure,0.88,semantic-hybrid,True,title evidence with measure lexical cue,"[""occ_7da133760c7995fce964""]",run_1f27e7f7434a9d682f85
term_03f6cea24e5477ac14c6,"Grain maize and corn-cob-mix by area, production",measure,0.88,semantic-hybrid,True,title evidence with measure lexical cue,"[""occ_813581518506a8a64f64""]",run_1f27e7f7434a9d682f85
term_9838c696b0ffa051ac3c,"Grain maize and corn-cob-mix by area, production and",measure,0.88,semantic-hybrid,True,title evidence with measure lexical cue,"[""occ_5f81e099e481843f61b0""]",run_1f27e7f7434a9d682f85
term_b86ab4699fecadbd4c05,"Grain maize and corn-cob-mix by area, production and humidity",measure,0.88,semantic-hybrid,True,title evidence with measure lexical cue,"[""occ_e16f3822f3571b76bd5c""]",run_1f27e7f7434a9d682f85
term_a42f6f49f0d22fbc8143,Grapes by production,measure,0.88,semantic-hybrid,True,title evidence with measure lexical cue,"[""occ_dccbcc750072a793374d""]",run_1f27e7f7434a9d682f85
term_0aca079273b377c6970a,"Green maize by area, production",measure,0.88,semantic-hybrid,True,title evidence with measure lexical cue,"[""occ_e9d8e1df8f1c60880459""]",run_1f27e7f7434a9d682f85
term_9f1ad2c97a4e9a883eec,"Green maize by area, production and",measure,0.88,semantic-hybrid,True,title evidence with measure lexical cue,"[""occ_f20a2ef98f7919cf5b74""]",run_1f27e7f7434a9d682f85
term_9f5d8553695db4a24cad,"Green maize by area, production and humidity",measure,0.88,semantic-hybrid,True,title evidence with measure lexical cue,"[""occ_ad80a6c7333b6c435346""]",run_1f27e7f7434a9d682f85
term_dc5a7f9e51e371f4900d,Greenhouse gases emissions from production,measure,0.88,semantic-hybrid,True,title evidence with measure lexical cue,"[""occ_67f1e1892056b11c55b1""]",run_1f27e7f7434a9d682f85
term_0e3fb5e8571efdb988ec,Greenhouse gases emissions from production activities,measure,0.88,semantic-hybrid,True,title evidence with measure lexical cue,"[""occ_ae9f11f8973188ece8e9""]",run_1f27e7f7434a9d682f85
term_8fe3dda6b4e2c4ae6057,Gross debt-to-income,measure,0.88,semantic-hybrid,True,title evidence with measure lexical cue,"[""occ_4303f05314917baa1660""]",run_1f27e7f7434a9d682f85
term_01ae5a4292548a0830e8,Gross debt-to-income ratio,measure,0.88,semantic-hybrid,True,title evidence with measure lexical cue,"[""occ_ebbd42a466b0341c3d48""]",run_1f27e7f7434a9d682f85
term_40155cac7bd218a632dd,Gross debt-to-income ratio of,measure,0.88,semantic-hybrid,True,title evidence with measure lexical cue,"[""occ_4d8fd849dcf0964b1be1""]",run_1f27e7f7434a9d682f85
term_ffaf9a30e0d7a69ee461,Gross debt-to-income ratio of households,measure,0.88,semantic-hybrid,True,title evidence with measure lexical cue,"[""occ_15cf40bd6e30a453b23d""]",run_1f27e7f7434a9d682f85
term_49db7acc54bc2943fa50,gross disposable income,measure,0.795399350760145,semantic-hybrid,False,semantic centroid/neighbor measure fallback,"[""occ_1b7269e43cf395c51854"", ""occ_5b92ff916e8c595998a3"", ""occ_78d3d688866853acd54c""]",run_1f27e7f7434a9d682f85
term_b64f606af45124cb24c3,gross disposable income of,measure,0.88,semantic-hybrid,True,title evidence with measure lexical cue,"[""occ_d06f969d158b33190378"", ""occ_d72fce510bdb8ea58753""]",run_1f27e7f7434a9d682f85
term_aedddfc7c5927955b6ce,gross disposable income of households,measure,0.88,semantic-hybrid,True,title evidence with measure lexical cue,"[""occ_644611671ad00f8c351e"", ""occ_6b0c1a98bc891cee2573""]",run_1f27e7f7434a9d682f85
term_0cf25088e91f0d75b6ef,Gross disposable income of households in real terms per capita (2008=100),measure,0.7729735296123997,semantic-hybrid,False,semantic centroid/neighbor measure fallback,"[""occ_02efc2ad460b8a2e8b79"", ""occ_08eef90f499dab8cf386"", ""occ_14ad3de6a83a32fe3118"", ""occ_15fac1eeaf9073117c07"", ""occ_1d3e920a25e51fa23618"", ""occ_2174d820b3b5ab8f4a6e"", ""occ_29d12efc4d619ee7a158"", ""occ_2c32a61073a36e08d0fc"", ""occ_42bbfcd4b56efec3f573"", ""occ_49e891345ff8325cae19"", ""occ_54fd51573e4faf9530ec"", ""occ_5a610b226604693d41ae"", ""occ_5b63704ec80508b793fb"", ""occ_62b8e2e6ba6b5e65b279"", ""occ_6f2fb4c7823cd94460ba"", ""occ_70bacb1d9df70da1b30f"", ""occ_735356bb66b29fb79cbc"", ""occ_7e47f429ad680cac4541"", ""occ_8e21a6c8f25639707afc"", ""occ_9943901044a646f54934"", ""occ_9b120774482f2baa2085"", ""occ_9e75997b7a69ad1ec164"", ""occ_a648fca095219564dc16"", ""occ_a94c82dbfe799f505ab6"", ""occ_b1e1017fa8a45975813d"", ""occ_c8802b0e0e9759cd6aad"", ""occ_c918099e547fc22eb3f8"", ""occ_c93636c99698fa85d088"", ""occ_d0ca9185ddd5b6fcc491"", ""occ_d3ad143c43480624ec15"", ""occ_d6132ce254b19d87f854"", ""occ_e470eb27f277e36e4ebe"", ""occ_ea6d6e44adf39f5886bb"", ""occ_f25d4de898ad47a7186c""]",run_1f27e7f7434a9d682f85
term_4dd840bd4f7fc2734167,gross disposable income of households per,measure,0.88,semantic-hybrid,True,title evidence with measure lexical cue,"[""occ_2a527ea309b4068e5bc6""]",run_1f27e7f7434a9d682f85
term_4d90805530a9fc6b3a92,gross disposable income of households per capita,measure,0.88,semantic-hybrid,True,title evidence with measure lexical cue,"[""occ_d5797e599cebcbd4b482""]",run_1f27e7f7434a9d682f85
term_67e1bd6f6bd9d73edf0f,gross disposable income of households per capita in,measure,0.88,semantic-hybrid,True,title evidence with measure lexical cue,"[""occ_bd4f80d4f51856120020""]",run_1f27e7f7434a9d682f85
term_1a1df2b9b7e56c3cf206,Gross domestic expenditure,measure,0.88,semantic-hybrid,True,title evidence with measure lexical cue,"[""occ_34db06367228f9718529"", ""occ_44bcede0322d85de7de0""]",run_1f27e7f7434a9d682f85
term_e17d45928ae381fecfb0,Gross domestic expenditure on,measure,0.88,semantic-hybrid,True,title evidence with measure lexical cue,"[""occ_0ed8b7962a993bded020"", ""occ_bd2c4b8c4257dfc01801""]",run_1f27e7f7434a9d682f85
term_c8cd7098cacdb7163717,Gross domestic expenditure on R,measure,0.88,semantic-hybrid,True,title evidence with measure lexical cue,"[""occ_42ac2697ff0c5ad6fc36""]",run_1f27e7f7434a9d682f85
term_5dbf470b6af363a1c1ca,Gross domestic expenditure on R&D,measure,0.88,semantic-hybrid,True,title evidence with measure lexical cue,"[""occ_c5b2a9fd69922a17ad5e""]",run_1f27e7f7434a9d682f85
term_5f214685ee30d8ff19fb,Gross domestic expenditure on R&D (GERD,measure,0.88,semantic-hybrid,True,title evidence with measure lexical cue,"[""occ_f0f11996047beae25abe""]",run_1f27e7f7434a9d682f85
term_03fbe91d9fb3780da7f3,Gross domestic expenditure on R&D (GERD),measure,0.88,semantic-hybrid,True,title evidence with measure lexical cue,"[""occ_f0a391a4210adfb3c367""]",run_1f27e7f7434a9d682f85
term_bb99d2a7feab68e085df,Gross domestic expenditure on R&D (GERD) - ENP-East,measure,0.88,semantic-hybrid,True,title evidence with measure lexical cue,"[""occ_176b15e06bf9fa29b7d9""]",run_1f27e7f7434a9d682f85
term_e147987d892497288288,Gross domestic expenditure on R&D (GERD) - ENP-East countries,measure,0.88,semantic-hybrid,True,title evidence with measure lexical cue,"[""occ_312376981f0edbe3d1c9""]",run_1f27e7f7434a9d682f85
term_c5191d018687b62114d6,Gross domestic expenditure on research,measure,0.88,semantic-hybrid,True,title evidence with measure lexical cue,"[""occ_bbd84623ba3cc072835a""]",run_1f27e7f7434a9d682f85
term_ffb5b517dc3a94544888,Gross domestic expenditure on research and,measure,0.88,semantic-hybrid,True,title evidence with measure lexical cue,"[""occ_b4cf2b86821756decf71""]",run_1f27e7f7434a9d682f85
term_e6e5014e9fd27adc6864,Gross domestic expenditure on research and development,measure,0.88,semantic-hybrid,True,title evidence with measure lexical cue,"[""occ_87e27ecf9b699b174bdd""]",run_1f27e7f7434a9d682f85
term_51019ce55874da6fa572,Gross domestic expenditure on research and development (R,measure,0.88,semantic-hybrid,True,title evidence with measure lexical cue,"[""occ_785313e5e0a369693bec""]",run_1f27e7f7434a9d682f85
term_157213bbb658b7604c19,Gross domestic expenditure on research and development (R&D),measure,0.88,semantic-hybrid,True,title evidence with measure lexical cue,"[""occ_b051b15bab84d0e80cf5""]",run_1f27e7f7434a9d682f85
term_aac60d413c9e876f1617,Gross domestic product at market prices,measure,0.8051959349220936,semantic-hybrid,False,semantic centroid/neighbor measure fallback,"[""occ_0073fa6b84978432ea73"", ""occ_01027f2e9b5b39c7b37f"", ""occ_017a8020e19f6e8dd7b8"", ""occ_01ae19186e9e789a9923"", ""occ_036bc497087b85b6dee4"", ""occ_03d0ac310256013c34b8"", ""occ_04fa4196fd6bf4754f17"", ""occ_061d8a1256b3e7e122af"", ""occ_0687b802e712b147f5e1"", ""occ_0714a59e41e01d97664b"", ""occ_081a16b721ebe0340b5e"", ""occ_09da5c5e9b8e4765315b"", ""occ_09ffe2b316f73810a095"", ""occ_0b1044d2686d458b1977"", ""occ_0b375dcd1aca06c07f84"", ""occ_0b6f3dfc75bc913084ed"", ""occ_0c11827fda0a91356633"", ""occ_0c46e0b493079b07888e"", ""occ_0c803c6728e753662ab8"", ""occ_0d706e07f4893f8e07a2"", ""occ_0d8cb9063cec859cf92a"", ""occ_0e421e6da4d91539134f"", ""occ_0ee7edb000f93e90a22f"", ""occ_0f97d2c2f04696e307c5"", ""occ_0fc0e33b8b54080207b0"", ""occ_1037464300d0c7eed185"", ""occ_103966efaaf26a5040a7"", ""occ_119b3f82756e9bcc7f93"", ""occ_11bcf2dc7ea209438c36"", ""occ_12568ac4eb6e9c06f350"", ""occ_12ef966a21004ddc94c2"", ""occ_13739fe30117ec6092e4"", ""occ_1374eb7a3d5a6a06cedd"", ""occ_13ffae05ce7dd4fedbc7"", ""occ_1554899f8698de3b7bbe"", ""occ_15b4aa49ea16bb175f5d"", ""occ_165d270811bd0b02c94f"", ""occ_168299d5dbd95e663e58"", ""occ_16d58d85fc2bcb91f4bf"", ""occ_1733877c8386659f514a"", ""occ_17a145d797fb246ed2af"", ""occ_182e735c6adb257a7462"", ""occ_1896761731adaec980ad"", ""occ_18e0b2c6276d9270512d"", ""occ_1a0d7b90a56d5363d035"", ""occ_1ae3d77940fda4dd17a3"", ""occ_1c490496ba96220c4c5c"", ""occ_1c4a372efe0e77a4d1d7"", ""occ_1c90d87e618c41c793a8"", ""occ_1d060ea364ec32888de6"", ""occ_1d8c8a18636f1f34d966"", ""occ_1da35f42bebf5b6103ca"", ""occ_1dea33b0c845a0c2a3e4"", ""occ_1e80129fffa3ebaa9fc4"", ""occ_1ef74c354458bc38b59b"", ""occ_200468d5c5db9731bc26"", ""occ_201a253b9cf269e95896"", ""occ_20231e4fee157aa880bd"", ""occ_208292968fe5264e7495"", ""occ_20a975fc7b7cdd955a37"", ""occ_2102bd0801e2fd61c543"", ""occ_21bb90db5a86912f62b3"", ""occ_21cacd6d6693937e9681"", ""occ_21cfefe0ecb736228c19"", ""occ_2228aaeadc66eeb58f3a"", ""occ_2232f3c7db95526575b8"", ""occ_23b62e60eff7ca7d331b"", ""occ_24ad0f04277f48913a86"", ""occ_251e755efefdc0073549"", ""occ_2531470cb841187bc5f1"", ""occ_25cada7b1c983524a163"", ""occ_2616e9568e831583010b"", ""occ_264d90d0c95b6d449cd4"", ""occ_266153e8ec8625e81221"", ""occ_2685074e0dfcce458c61"", ""occ_26cfccf76a89480838f0"", ""occ_27dd8401dad081f7ded1"", ""occ_292cb6331c0dc180c518"", ""occ_29c14b8ca07b0d6de3f3"", ""occ_2b574b4078f8658195a4"", ""occ_2c8268a5f09d252cddbc"", ""occ_2caa57a884065f9a4b3c"", ""occ_2d086b7892e7de4481ea"", ""occ_2e33f8db78bd8f07c44b"", ""occ_2f36978f1aaa35634bdc"", ""occ_2fba8f72b12d01759115"", ""occ_31943369eba9e2d5b838"", ""occ_31bf1f9e9b4b76624569"", ""occ_31c3cd5a79f372b153e6"", ""occ_32a17063ef019bb6f4db"", ""occ_32abce3ff7421473d231"", ""occ_3341164fb4d918adb9b7"", ""occ_33a774d6fe12b5b5d7cc"", ""occ_3419cb275ae9da84362b"", ""occ_341fdfb66b8a03a5f2e1"", ""occ_3566dc2182d2944d9d73"", ""occ_357d9ad7c72c4419dd51"", ""occ_35acf95f43cc04485bbc"", ""occ_35b853b3341ef46a330d"", ""occ_3679c553eb570a6801d3"", ""occ_369edf684582c0123aa5"", ""occ_36f499e250e7afb8321e"", ""occ_37d352901a137bbcaa14"", ""occ_38ac8750ac33b62c8258"", ""occ_392c9120af9a866288fa"", ""occ_39a48de3b12ac2c1b989"", ""occ_3a2a73e15800850a8376"", ""occ_3b27cbfd5fd3892fea97"", ""occ_3b731960d4f81db57111"", ""occ_3ba9b488cfcd8c2084dd"", ""occ_3c820ad85b42c1f9d111"", ""occ_3ee48677fc5177af5467"", ""occ_3f66d024969951da1372"", ""occ_3f9c610fefc04732c6be"", ""occ_3fc2395ac2185feac714"", ""occ_40de6391224a09622b91"", ""occ_40ed2c614b926e3616dc"", ""occ_423e70c611f1450778d5"", ""occ_428df057e9588b4ce6c2"", ""occ_42f4d6468d958b5ccae6"", ""occ_42f878ad0e53542de4ff"", ""occ_43b12934f4c9831b792f"", ""occ_44c167bc297176e44eec"", ""occ_4520dd5d333491ba62da"", ""occ_45a69cb4ccb43a2a7cf3"", ""occ_45a70b045bc1b14a65a0"", ""occ_45de23d7ef40510210b1"", ""occ_4615ff071dc54a31d873"", ""occ_4635c42f59ffa506bc41"", ""occ_4635d07e0138119081f4"", ""occ_47aa8b18d76fa51c81cb"", ""occ_48bc1bbfa9d70b541457"", ""occ_49466bc6bae243ba1c0b"", ""occ_49b2b7bf9f4d2f593dd1"", ""occ_4a4bcc79d3a59eb8b139"", ""occ_4a5a32fbcbc2421f2ce3"", ""occ_4a916c4a1ca614f8023a"", ""occ_4acf9858bd595246bc7c"", ""occ_4b4ed2286d5c661716cc"", ""occ_4bf89c71143b0f42fffe"", ""occ_4c017933fc5a5758d156"", ""occ_4c1aaca33f61de2d83ab"", ""occ_4d5b2424dad446f59a7b"", ""occ_4d8836827ccf1a43caba"", ""occ_4dae592b34f36bf3dd7a"", ""occ_4e406be6552d5221b685"", ""occ_4e788ec9086cbc033147"", ""occ_4f6010a7a4ddd3f43198"", ""occ_4fee8aae92f230a3da45"", ""occ_5142c069f869daf4f3b3"", ""occ_527ae1aa3f304323732b"", ""occ_53401ee6abb02298a7e0"", ""occ_53533114fbb1245bffb0"", ""occ_537c6d7c9a316feb47b1"", ""occ_53e37c071ffc87b7b29a"", ""occ_54f42ad9d034ab70bbbb"", ""occ_550197f21052dbafe58f"", ""occ_55ec36abc2289ab21df2"", ""occ_56ae8f7534cf1ce96a9d"", ""occ_56d9bf41ebcc5952fde2"", ""occ_5747205a9fa44a91593c"", ""occ_576515b51bf31f05dfc9"", ""occ_578154098b3d3b8d1bb7"", ""occ_57f7e0f01f5d5ffbcb4f"", ""occ_595b90ac4d8b1d5d66d0"", ""occ_5ab3c34e25c534129f83"", ""occ_5ab4c251dc12e483d499"", ""occ_5ab5e14916d1ef0cf029"", ""occ_5b3e7e98e54b5cfdfad3"", ""occ_5b5d7bdebe02407d66e8"", ""occ_5b60866bf9ba4eb5f24c"", ""occ_5ccee56822876df6d409"", ""occ_5d8d1d75be25472244bd"", ""occ_5dec3485bf95b03defad"", ""occ_5e664121d55f8a49561e"", ""occ_604dc602744d9ee025e7"", ""occ_6153bac1456204366c0e"", ""occ_617217cce003751107d6"", ""occ_62c15acf42636050a375"", ""occ_62e7871b17de727fc179"", ""occ_63d4c0a7434735ad0476"", ""occ_64996cc92f1e9251f440"", ""occ_64a325bad1b30a0b9ff4"", ""occ_64e71351f50a9921f52a"", ""occ_65ce9aba8fc33427e694"", ""occ_669d47898a0308a88d0c"", ""occ_6724149542fa97fe304f"", ""occ_676934d711fafd447ef0"", ""occ_677df47a64ddcc532047"", ""occ_6893c3dbd33bad5ece4f"", ""occ_68c72e8c98625facfa70"", ""occ_6909d76707c3cc5223f0"", ""occ_692e8ac7bbe9d7e87914"", ""occ_69440c87aed2fc45545c"", ""occ_698f50389ed57d21a003"", ""occ_6a3533864beca28658da"", ""occ_6a626185970f74c1f22b"", ""occ_6ad0c2e12d4fcf6dc79f"", ""occ_6ad759ee82498eca355a"", ""occ_6ae651df4f108807188e"", ""occ_6ae703448c6bee1b86e4"", ""occ_6b2d86c141079f1628ca"", ""occ_6b84e7371663fddab891"", ""occ_6c5cfe10f95a5e3a33af"", ""occ_6c8e170d6f74c4f56750"", ""occ_6d7f1280bc1a4066728f"", ""occ_6e045076a6d092781b88"", ""occ_713ea01f574155e7d1c3"", ""occ_72a54e52326ba4c9cbcb"", ""occ_75993e6655abc9dee1c3"", ""occ_76237ff927563f94cea8"", ""occ_762a2d90ee0f1dada602"", ""occ_767b1863374b61177015"", ""occ_76e0b65f415c3588a2fd"", ""occ_773fba2bb431913644db"", ""occ_77d7461a976725477d6b"", ""occ_77f97a107ee1c7653c7b"", ""occ_780d19383c540ba87113"", ""occ_7865aae4fb2e1a31cf11"", ""occ_7911214118f422cc4361"", ""occ_7a503e0224f13a870032"", ""occ_7c98313837421cee598a"", ""occ_7ce54d356fc3cfd3fac6"", ""occ_7d3148bb2d8f6fc825f7"", ""occ_7e23ad91802a08751609"", ""occ_7fcb7c9607103b058d0e"", ""occ_7ff1a1c267e0ac20ac11"", ""occ_800b818f0c0b980e9b8d"", ""occ_830ec4836eb3bb7e0cf9"", ""occ_8331f27970a422bec7d0"", ""occ_834fb751aa7484cae7ea"", ""occ_83504cc22a0d0ef55a54"", ""occ_835738956becc7e70a92"", ""occ_83cbbe1fa3bf1089163c"", ""occ_840a3cf4556d65492e35"", ""occ_84e56a36496ed9e53e08"", ""occ_84eb3d8c4b3d3a3e37ac"", ""occ_85fc8b8d07c53bc486e7"", ""occ_867c89b54c3a44446faf"", ""occ_8694b9c5476bfb0ead33"", ""occ_86f307d86aa96d536dc4"", ""occ_87314aa9c4b2dfb63876"", ""occ_884178f52d57f081baac"", ""occ_885024908367db9812b6"", ""occ_896ce4f7a7f05e0939b9"", ""occ_8a085214c55745b3dfb8"", ""occ_8a8363d369c21a643122"", ""occ_8ac004fae4e9b34f53c7"", ""occ_8b873314c464f31b6ed8"", ""occ_8bb3a02d8db891e7c919"", ""occ_8be43370470127a63d9b"", ""occ_8c3c832c6ab52bfe4dc3"", ""occ_8c75c71dab0d347b9eff"", ""occ_8cd14cc5c31e2507e503"", ""occ_8e4e3e4d5af7f2844495"", ""occ_8fb8968c3b2b0f1223c1"", ""occ_92b09ffb87c701d3bf2f"", ""occ_92bb7f0266bad49b7317"", ""occ_9328e87f9d5beae164e6"", ""occ_937265de870e0f4cf701"", ""occ_94a2c1246d07b9ef63b5"", ""occ_94bc396da53299d5ee3c"", ""occ_95154269f3db2990b3c7"", ""occ_95a055bf57468ada944d"", ""occ_9651f88ffb76356c75f8"", ""occ_96c968c5091a9355d143"", ""occ_97cad26e8042dec7b1ab"", ""occ_9861f3c3f41b95b33f2e"", ""occ_98c9ddf8bf5a2b50d8cf"", ""occ_99bea267458dff6f4f2f"", ""occ_9aa9d5a218a109bbf07b"", ""occ_9e2c0d32c0b54e06108f"", ""occ_9e95f2e6f54e5213d0fb"", ""occ_9ea2e52f3cc33ca24be1"", ""occ_9f3d93f17d56c8ad99f4"", ""occ_9fd27ff7f8ffc3f542f5"", ""occ_9fe57dfdca3c3780b63e"", ""occ_a0400966f09a6a3ff181"", ""occ_a06fc01c0406e79a03b0"", ""occ_a13c86d32dd82d80aebb"", ""occ_a2fc85d77a1397af3041"", ""occ_a3affaf8211119038a07"", ""occ_a42b96549e5f936f1e64"", ""occ_a50110f2444ed41c8dd4"", ""occ_a69d65613c4675c1b636"", ""occ_a783e7c4afcbd1474281"", ""occ_a80c1324e398a48b3585"", ""occ_a84239bf8f05940c2e8c"", ""occ_a86f54d3efc78fd0f17d"", ""occ_a906d463ac295b66b5ba"", ""occ_aaba2a0eee56d10a1504"", ""occ_ab7b107dcacb7adb6530"", ""occ_ab8fbd863520003420a2"", ""occ_ac8e37dfbbe7076363e1"", ""occ_acf246d56b383481811d"", ""occ_add6d9327d2b54b35698"", ""occ_ae3274bf8c79ab6594f8"", ""occ_ae5958a1cc76a4aa2bfe"", ""occ_ae7408fc0110e14677b1"", ""occ_ae8b3b6fba2cf9efac7f"", ""occ_b011cbd2ee9880ec75ca"", ""occ_b04591d2659a6e111892"", ""occ_b0716b079c5b48eb1d27"", ""occ_b16b160f8568fd562e54"", ""occ_b1bccb01462acacfe982"", ""occ_b273a967dcaf85bbe3da"", ""occ_b2ba77440d169609c950"", ""occ_b2e43e60accf33a048af"", ""occ_b320e43385c2d1d00893"", ""occ_b4db86bca9f98b55cbb0"", ""occ_b67a624c03d27317b882"", ""occ_b68192cfc9cd79a3ea03"", ""occ_b6b3a3fa1b64330d66b9"", ""occ_b7d54853ae792ee27e0c"", ""occ_b7ec9a4a282fa1d4b8ff"", ""occ_b8071b74de63921bd8d8"", ""occ_b8d48396eb96977c9499"", ""occ_b90c8f6ea377465aa0ac"", ""occ_ba9c5455ee9bbbbb1c4d"", ""occ_bc3e42f93f7d2c175ff3"", ""occ_bc9a1c56a720a60a8fb8"", ""occ_bca187b1dbda04fbd4ac"", ""occ_bcccec3ae4b105b297a1"", ""occ_bccf14080336b5b6a0b6"", ""occ_bd66e4718828e91e94cc"", ""occ_bdc695c226df4c0487d7"", ""occ_be90f10431992693aaae"", ""occ_bf15d8fe8fde22e349c8"", ""occ_c0a29d156b69f675d250"", ""occ_c161e2c29bf549802c1e"", ""occ_c18059c65a968b850201"", ""occ_c2268cfd119d82ee0506"", ""occ_c23ca3988035ae3e77b5"", ""occ_c28caf0bb1531cf0ff06"", ""occ_c309a8b0452a827aed43"", ""occ_c39e9d0adf51bff5c197"", ""occ_c3fd8cbbade51b78237c"", ""occ_c478edebd31d9f96ab67"", ""occ_c49781fc4bf5cbc4636c"", ""occ_c7ada6b7b1573a007da7"", ""occ_c863d503a8c9bbe268e6"", ""occ_c9d017c86a3f1b26370c"", ""occ_ca8a0937c7dc9519749e"", ""occ_ca9c2303bdc688caa72b"", ""occ_cace8a8d573dc1f0dd3a"", ""occ_cbd8053e34dea19e4cff"", ""occ_cc16674183fd61599d0f"", ""occ_cc2652f9fb20ad6b030a"", ""occ_cc4b0ea8f377c9220471"", ""occ_cc692722c126f7558377"", ""occ_cc7c21f809fd1aa86e58"", ""occ_ccd35d54f26e8088a57f"", ""occ_ccf1e64c062a7a8d1e50"", ""occ_cd69fd01a421ddf1bb07"", ""occ_cd7b06c43ec7a93552e0"", ""occ_cd82d1809d22ebd630c6"", ""occ_cedf23d9a47477a0e897"", ""occ_cf69f2a0c26b0058c4fb"", ""occ_cfd8dbc3936ada403a8d"", ""occ_d13b11cff4cb7aab6dac"", ""occ_d175db0b2e2ab4600cc7"", ""occ_d248502c7afd179dc2ea"", ""occ_d29217820b2bbc0bb371"", ""occ_d363024a1a29872d6bec"", ""occ_d370bc234d2e66364325"", ""occ_d4170a4c67083e0535a7"", ""occ_d49d5279ac324a056633"", ""occ_d5c091488f095b82d701"", ""occ_d5e2fd43cd40977c8fc4"", ""occ_d5f62397a631d8cf41e2"", ""occ_d707ad9e6b70e3fddae3"", ""occ_d73618267eadab39bc93"", ""occ_d882057fb75e74321ae9"", ""occ_d90495b23aaa18259d15"", ""occ_d959841fb8ff9b2dddc8"", ""occ_da5d64491ad0e19de399"", ""occ_dae941e4b8b4dc53c2f5"", ""occ_db963393e5579837228b"", ""occ_db9a2664548268e47124"", ""occ_dbdf03cd39725ffee404"", ""occ_dc067abe6008ffe9219d"", ""occ_dc5c2d76ebaf22ae7c6f"", ""occ_dcdb5b446495d6f3a704"", ""occ_dcf0698cd315d9b9e5ff"", ""occ_dd456180eabbe69554ab"", ""occ_dd7269722b5460fdf56d"", ""occ_ddc9aac0524d4e1cee74"", ""occ_ddd438f2718aa784d8c0"", ""occ_df796df011f63778c58a"", ""occ_df7ffcc4f5ac7e1eeb24"", ""occ_df82c5d931f7ee1ac4db"", ""occ_dfd5be4fe21a6b748aab"", ""occ_dfe7e1b5880748dafd46"", ""occ_e0796d3030080584251c"", ""occ_e10d45e3b65f7ea61816"", ""occ_e13f12066a125cec7d00"", ""occ_e14a05fd9c0ac774168e"", ""occ_e186d3a89a721f2de490"", ""occ_e2827173d09e3389b7cf"", ""occ_e348d53583ef9fbaa672"", ""occ_e3b0b7378d0f7f481d19"", ""occ_e3f5686e2040bc9fba85"", ""occ_e4691323e12f281d5a07"", ""occ_e526a436da31b8ea5797"", ""occ_e52c33669e3522c75305"", ""occ_e5951875169e9b7b2c95"", ""occ_e5fa7d80a4cdf02558ff"", ""occ_e6071235425b585b5219"", ""occ_e644bd5fb99640ebd50c"", ""occ_e782745692e55f327146"", ""occ_e8484db9877132fad2e1"", ""occ_e971da4060417cfa713a"", ""occ_e99f035134766e46364a"", ""occ_eace590583f2e6488fa9"", ""occ_eb7ac5dd50aed0a539ba"", ""occ_eba179bd862247abece3"", ""occ_ec23f64cfff9319b8b0a"", ""occ_ec2403ff7f12b21b5be8"", ""occ_ec421f6e14fc3864e334"", ""occ_ecd5be16d0dbb537edd9"", ""occ_ecea0d145a6fdefbaa30"", ""occ_ed4be60969ad47ff4092"", ""occ_edf901e73bca25cb3ca6"", ""occ_ee1acdf418c1389c72ba"", ""occ_ee2835e05857ae854a89"", ""occ_ee895628263566eca8c6"", ""occ_ee9c777471ca865a4033"", ""occ_ef0ee52a227d61c92651"", ""occ_efb7216bccec394ecc0b"", ""occ_f02ce015c847a9e6681b"", ""occ_f08a923ff94b466bfeaa"", ""occ_f0e75edcb33eff6fa218"", ""occ_f1b15875e4a46e83e85c"", ""occ_f1ca4330e2ffd23c06aa"", ""occ_f240678ddb8076045422"", ""occ_f26c64f47c0e5e3ab84a"", ""occ_f387a7302cafc2c896ef"", ""occ_f44423a585d1e92e0125"", ""occ_f4809dd1521b5c521e6b"", ""occ_f48ad84ee6d612493d4f"", ""occ_f535ff276e8d36de0596"", ""occ_f56155d4f976d5317a45"", ""occ_f5c6f7dd803d7734f3b3"", ""occ_f661a1f22078c4db29c6"", ""occ_f685f031ec836b471837"", ""occ_f6b54845f7ff947ab19d"", ""occ_f72ddc89832215145c12"", ""occ_f866ba1f2f47dc491e6f"", ""occ_f88183e4fc62d7e8eb08"", ""occ_f9ade7122ab526bd553a"", ""occ_fa4d63fee33da9d7cd60"", ""occ_fa89e77b279d6d6f8b29"", ""occ_fa8ad9d6b36699980775"", ""occ_fab0b40b7242e2591a32"", ""occ_fad7d086ba056d61ba98"", ""occ_fb976af9a43a1d1b6d5f"", ""occ_fbc3fed816a93566e053"", ""occ_fde10d32c6c632a5ac81"", ""occ_fe401032656617f210bc"", ""occ_fe57a395fde0f15e4967"", ""occ_fe82f0db6f6879f553ea"", ""occ_fe9767727e445099cf2b"", ""occ_fea96d35e9efee52d71e"", ""occ_ff0ea1e18cd72b7617ab""]",run_1f27e7f7434a9d682f85
term_7b0314c48be67584fc6f,Gross domestic product at market prices - ENP-East,measure,0.88,semantic-hybrid,True,title evidence with measure lexical cue,"[""occ_4ba06cf85f8bbeae70d2""]",run_1f27e7f7434a9d682f85
term_9f55fe8d95776762c3e3,Gross domestic product at market prices - ENP-East countries,measure,0.88,semantic-hybrid,True,title evidence with measure lexical cue,"[""occ_82fc6d35365e653cdabd""]",run_1f27e7f7434a9d682f85
term_bc2d5c52e80464a4aab9,Gross domestic product at market prices - ENP-South,measure,0.88,semantic-hybrid,True,title evidence with measure lexical cue,"[""occ_891a8f28e5898c4c3f1f""]",run_1f27e7f7434a9d682f85
term_930c45421b51de6645cd,Gross domestic product at market prices - ENP-South countries,measure,0.88,semantic-hybrid,True,title evidence with measure lexical cue,"[""occ_d1cef5211afe8298fdfe""]",run_1f27e7f7434a9d682f85
term_9a4c06f1440af3ab1a91,Gross domestic product at market prices by,measure,0.88,semantic-hybrid,True,title evidence with measure lexical cue,"[""occ_a498a08fd1f1b0a40d09"", ""occ_fdca6d988faf1047b06b""]",run_1f27e7f7434a9d682f85
term_cec938ba052542d9d4b6,Gross domestic product at market prices by expenditure,measure,0.88,semantic-hybrid,True,title evidence with measure lexical cue,"[""occ_75745eb8e8cc25b18428"", ""occ_c9bdf6f0a238fce49ff6""]",run_1f27e7f7434a9d682f85
term_3300b84d8d1e1cbc3fa4,Gross domestic product at market prices by expenditure - ENP-East countries,measure,0.88,semantic-hybrid,True,title evidence with measure lexical cue,"[""occ_299b67cf97a97afb74f2""]",run_1f27e7f7434a9d682f85
term_dc071a8bc9f2763851ec,Gross domestic product at market prices by expenditure - ENP-South countries,measure,0.88,semantic-hybrid,True,title evidence with measure lexical cue,"[""occ_9b72a2919134950ae9ec""]",run_1f27e7f7434a9d682f85
term_8c80a20920007a0c2a77,"Gross domestic product, current prices",measure,0.88,semantic-hybrid,True,title evidence with measure lexical cue,"[""occ_ae02dc2f129e1b429a79""]",run_1f27e7f7434a9d682f85
term_b28f611947fbb9543e41,"Gross domestic product, volumes",measure,0.88,semantic-hybrid,True,title evidence with measure lexical cue,"[""occ_1b5753fe2c5edf26f04c""]",run_1f27e7f7434a9d682f85
term_ffc7bb0753c75dfca669,Gross earnings,measure,0.8052253178508157,semantic-hybrid,False,semantic centroid/neighbor measure fallback,"[""occ_02b8a6303fa87d58640a"", ""occ_03d3217d690e4e447d74"", ""occ_0439dc7823ce03bbaa49"", ""occ_046687bc6eadc1a45964"", ""occ_051cc06378b5b25d6a4a"", ""occ_055006febf1ad8aecc33"", ""occ_06a7a0d2a236b195c5f0"", ""occ_0799628c7515c5269f73"", ""occ_07b22265bc5b87b8e8ce"", ""occ_07ba68ff09639701cc25"", ""occ_07fa943d3f212fed76a2"", ""occ_091a30046c00b2f61447"", ""occ_09afb7a1e86983df0132"", ""occ_0aba7895b684031ea50d"", ""occ_0ad676cb2ef697939e28"", ""occ_0b7a7117c74e4e6ab807"", ""occ_0c4001324c6d3e3e7d1f"", ""occ_0c6a4112e63bc7deaaa5"", ""occ_0da19f6f7cd2d7084135"", ""occ_0e092830ac7e3e790327"", ""occ_0e83ffbca0fcfb414d82"", ""occ_0ed3e3793fc073410967"", ""occ_106fca010920e1e50295"", ""occ_10e058d1dd52422f2a91"", ""occ_11053124146ec896081f"", ""occ_11271ad9d151df800e2d"", ""occ_1224a6e6cf01f6bb6b8a"", ""occ_1258305485baba0c2926"", ""occ_12e1f9658aba1831a71d"", ""occ_1324701fe5aa472cd921"", ""occ_14f3183d234d69e7cb0e"", ""occ_155a2b7f94c6c2d90f73"", ""occ_17329232f57eb5881ce8"", ""occ_177d1f42340d85082df2"", ""occ_17e32102676d6b899419"", ""occ_1814be6a5e78de1fde4d"", ""occ_18a52e68aeb03a5bc3e6"", ""occ_18e739947832a167d906"", ""occ_18efdeeff45e2fe92cb9"", ""occ_19b79b434823bf7ad5dc"", ""occ_19d0a9e2e0704759dbcd"", ""occ_19fc00447477757097c7"", ""occ_1aa7d20d18e171a653fb"", ""occ_1de9c46183609ba8b064"", ""occ_1e27e4486b32c427d1ab"", ""occ_1e2c7551d2cbd728f2e8"", ""occ_1e7da479e0d7a5d66ba8"", ""occ_1ec5ec824b06924654ad"", ""occ_1f49d34261bff91bb579"", ""occ_1f9b31f8876981df2b18"", ""occ_1fead81622244b03d165"", ""occ_22169d96d7e4e495b22a"", ""occ_22dfea661e48a22bd3d1"", ""occ_249f9a261a3d11457778"", ""occ_24ffd04255fc2858ddcb"", ""occ_251611796e01f54de546"", ""occ_256f41467cbc5ad98a50"", ""occ_25df566b71f8225acae0"", ""occ_265161f1e04e385630d9"", ""occ_26d712cd87cccadada22"", ""occ_272a6893dd824eaa4bc4"", ""occ_280ba15d80a6cfc0b4c3"", ""occ_28ec4edacb7f210e2483"", ""occ_2927fc09683eb4e8d59c"", ""occ_2acdf25b7061527b8b83"", ""occ_2ad1bf234afef5dae506"", ""occ_2b49b5fd61e1a9e3ad5d"", ""occ_2c409eead81e8fbb38d5"", ""occ_2d2b1e841aa1bb9fa88d"", ""occ_2dd7b84e414ec2274c61"", ""occ_2e575c45b147250be58c"", ""occ_30d36eef6f9488f7e25e"", ""occ_30d48b0f36898a03de4f"", ""occ_318e3826ca6c28b37287"", ""occ_31c2b8b21399be98da76"", ""occ_31e722a580d0535eb4fa"", ""occ_32923db6654c2701770f"", ""occ_32e7818c0e9ebe33aeae"", ""occ_3489dd0f4ead1a36ed79"", ""occ_348eb5dcdf0f83db9a9f"", ""occ_35f1be185d43ae50d19f"", ""occ_363856f640fa70ceabb2"", ""occ_365a386aafc5b6cf4a72"", ""occ_36623d95e50f50d9bbdc"", ""occ_3676c3f2a9a54360e10e"", ""occ_371eca595e7d32171f85"", ""occ_38a0b0a3b685614fc4c0"", ""occ_39377d45a95f427f3ff5"", ""occ_39993bd26e7ce277d9f2"", ""occ_39f7529cb19f05f98113"", ""occ_3ae952deb51761acebd0"", ""occ_3b15d4d6ccbc1792e3c8"", ""occ_3b175b5aa2402380d351"", ""occ_3dda24bf6d76689cbd0b"", ""occ_3f4add4262ebf523db33"", ""occ_3f8c9d69912f3e05a93f"", ""occ_40481dd53a2cc1efe7de"", ""occ_41829d628c2d9f3a9fde"", ""occ_41e1d668af491d747cd3"", ""occ_41e7ebb5a1e33cc27c88"", ""occ_4332af16016126645138"", ""occ_433d8147df7c8186c095"", ""occ_43a6d12af5e5051f6d37"", ""occ_4416ac6052cab23665cd"", ""occ_44453b8e753ddd66e0dc"", ""occ_44b22478cec378c2cbb2"", ""occ_44c786dffd717370875b"", ""occ_44ccf59a4d1ee8e1474c"", ""occ_451f5d4efd4eaa5360d1"", ""occ_453fa01184acb88a6c20"", ""occ_45b5f484cc7357404f05"", ""occ_46d66e0c0ed6ba86839c"", ""occ_4705dc9c70eee5ad123f"", ""occ_4760d90aac0577496025"", ""occ_484ce0373b5890cc9721"", ""occ_495fe2653f626ee1e65e"", ""occ_4a6d61b4ca84b4a8bf57"", ""occ_4a8920be8312427374ae"", ""occ_4b5068b741da1a4b7840"", ""occ_4b6cc966be7ac9d11841"", ""occ_4bea2a1af85e0d60c1e5"", ""occ_4c472bb08332fa72a84b"", ""occ_4c88a10c0800352291a7"", ""occ_4d4fee40bfe7ca1e238a"", ""occ_4daade8148bf3ca2777e"", ""occ_4e5413d0f52993caaf6c"", ""occ_4e60b0e2806c7e9e584a"", ""occ_4e98f70230e3a4d8ac26"", ""occ_4ee42e39558b8b0ad5fe"", ""occ_4f194e83bb793838a458"", ""occ_4f436671db38c1457618"", ""occ_4f4c2228f576a26b8318"", ""occ_5041d1498d1257187812"", ""occ_50f454796146e8dbcd43"", ""occ_510a7fe904ab4d4111c6"", ""occ_512b48fda2f654094078"", ""occ_518149c8c3d0dee6f8ab"", ""occ_51a763889dc5cbd8b1ea"", ""occ_52ff45851e0469e69a0a"", ""occ_532e10f12a3f293ae445"", ""occ_53803e8291649c0dc9aa"", ""occ_5388e8aa31aa0cc366e8"", ""occ_5650df138441f65e1bfa"", ""occ_5730d84bd92017b38d7b"", ""occ_57a801757b3c797e5f32"", ""occ_58c3854a91cd00aa5cae"", ""occ_58d33d8b226e9887775f"", ""occ_5a69e98979ef2ea1f813"", ""occ_5af09484dca1b95c0e3f"", ""occ_5b37ce8415fc5849eb95"", ""occ_5e42412cefa6095bf2a4"", ""occ_5f5a8112829f7d4da9f6"", ""occ_5fb0d151414e5ae41b43"", ""occ_615d0598f64dae5bc34e"", ""occ_619aef5665f59850bf9b"", ""occ_6220521c9e3ffb8177ba"", ""occ_62367d541cb88e475ab7"", ""occ_636d5c578b4ec2ef2bc5"", ""occ_63a9d3a592550004331a"", ""occ_63af2d6f2c09756215d7"", ""occ_63be2c4ab0bba902b8bf"", ""occ_6456136f626463993070"", ""occ_653980aaf6952408b2fa"", ""occ_6541a293bee8b177c84e"", ""occ_659995e81e4e4c256c66"", ""occ_65c9174540cf471bcfbe"", ""occ_66d79927fc4894ed856b"", ""occ_67794bf64913773863a3"", ""occ_678e907dcacfb6daf168"", ""occ_6797d91a1e7978b4b563"", ""occ_6805120e2b6aef9e76aa"", ""occ_68a2f7bac08887765bd7"", ""occ_68e23e58faea44e23c90"", ""occ_6a70903bd484fe6fd3ec"", ""occ_6ad878885816bda4d72f"", ""occ_6aef07ddba475ae31434"", ""occ_6b676ed0f3f591cdf348"", ""occ_6b7cd994470d2a95847a"", ""occ_6be62adf6479287d3dbb"", ""occ_6c7cebea02e48ed8eb5a"", ""occ_6d9255aede19593dc672"", ""occ_6e51df0083bfcb73d6be"", ""occ_6e6a90c4995b9945a993"", ""occ_6e75b409e7b0893cbaa8"", ""occ_6e9e57f0d67fec3959bf"", ""occ_6ed1105161fdb6eb6ca2"", ""occ_7058c516501ccd7c5f46"", ""occ_70c3590f5b86dd4d8d41"", ""occ_7149a7c301f63bd04cb3"", ""occ_71d799ea67f76951e000"", ""occ_71f2235f7f06daa317f3"", ""occ_73b320d0a6c6bc6ac333"", ""occ_73d7007dec7a1fd7bbfb"", ""occ_749640670c7166ed44e6"", ""occ_74fbcb8edf64d46854ed"", ""occ_75de6ccdc44eff4a5cc7"", ""occ_7693124140665b62bc6e"", ""occ_7727df2db0388ce99571"", ""occ_77650445cbdb8e6886cd"", ""occ_77afc90a4456cf144204"", ""occ_7858352ef5fa01dad651"", ""occ_79e015cb88e35b9420d7"", ""occ_7a4ecc98bb672e2190cb"", ""occ_7a8fe15b975846a0bb75"", ""occ_7ab79d0a199c43b81bf3"", ""occ_7adc7a65439d1c6a810e"", ""occ_7c9c6799b9e1e6d05669"", ""occ_7d59dd0c4b5a6d50a03c"", ""occ_7dd303646aab3c4ca3ca"", ""occ_7ddf5dd5a028b931644b"", ""occ_7ed8c27779bd04f9d1ce"", ""occ_7f2bf1a8cc6fd815859e"", ""occ_7f5750405a4b23449b3d"", ""occ_7fbe8c47c59d21398069"", ""occ_8191cb24dd7cc37d08a7"", ""occ_81bc5aaabdf78270a0bb"", ""occ_82c35400a76c3d7e3a61"", ""occ_839b2cfd7e55bca89c83"", ""occ_83a1e0789b26efc66158"", ""occ_843d45b6df5103ae3d8f"", ""occ_84ffd76aa71605963023"", ""occ_850100c56500d89f239a"", ""occ_8529ba88d3bbc04b57de"", ""occ_85bd8007110778726f9b"", ""occ_86e371d643863a045ac1"", ""occ_8745903b44f3b22c9684"", ""occ_87488831ed30d997f2ed"", ""occ_87b7414b84528176ec53"", ""occ_87eada9ade64a09fd0c2"", ""occ_8850e5dc1fc39cb0b642"", ""occ_88f3de9d8ecca417cb18"", ""occ_8921b623897b2634e310"", ""occ_8926f9716689fd2a4a93"", ""occ_89c57fc52234fa96390c"", ""occ_89cdb684322058a782ce"", ""occ_8a3f25a69d450d2dd1eb"", ""occ_8b95a906044c2cf58b5a"", ""occ_8bfe87542187c2d081a7"", ""occ_8c75607b1069515a82d8"", ""occ_8c92d8e0e73cbb42a4aa"", ""occ_8c9f9aa358882ed573b7"", ""occ_8cb06dd31357f7d574fc"", ""occ_8d84db327031f7988b3c"", ""occ_8e9a4222dd88861d0024"", ""occ_8f5a4c7d149da5023d34"", ""occ_8f870505508e8d585610"", ""occ_9057b5fe4126958e097b"", ""occ_9123854456be865da492"", ""occ_912a1826b42b583ba4bf"", ""occ_930f32baa3bf3ecb0820"", ""occ_93e061749572a31cbb51"", ""occ_93e782b43715660d833b"", ""occ_9538df0b684242ba6d75"", ""occ_956a9436b34209c25a37"", ""occ_95ef307d05f19160bda0"", ""occ_96902f2a91d5f5bd37ab"", ""occ_97851ea14494d2acc35d"", ""occ_978838e892a1f53a5731"", ""occ_97f06d0e3ece5d62c65a"", ""occ_982ca705ae76c8a8cf34"", ""occ_9852c730390f59f74855"", ""occ_9860f04f026ca7b754ac"", ""occ_98f96a409a7d7fc4617f"", ""occ_9901b3cacdadf9a2aa55"", ""occ_993a460212da1f91df80"", ""occ_9ab69f54e086598c0b0e"", ""occ_9b6c15e30a89eb99e1bb"", ""occ_9b6ee34437fadd0663ff"", ""occ_9cc4621d49f9c0c4018a"", ""occ_9dcdbb4a605d664be91e"", ""occ_a0a6d50144fc69d2bb02"", ""occ_a0e40f8d32f1e5ec357b"", ""occ_a1d2fa71c3d3e624e395"", ""occ_a21e75c2b3eb3635ce46"", ""occ_a2f337ad443a62067458"", ""occ_a50ef2b392e8dc23911a"", ""occ_a58638aa6e6dde51f9ac"", ""occ_a833f5bf22d39ab69751"", ""occ_a8c861060747cdbe0b41"", ""occ_aa59e30d87da953482b1"", ""occ_ac670e01b31b6b5870e2"", ""occ_ac86fc3ab553a154bdb7"", ""occ_ad5b091f072199ad6c64"", ""occ_ad8a5e207ed05b944399"", ""occ_ae6cbfa7d8e8a42f0738"", ""occ_ae6e900d2d76390900d8"", ""occ_af39e2b0249928a0e0c7"", ""occ_af8cb9c83f148883a6f2"", ""occ_af9f07bc76584dc3c26a"", ""occ_b137008dacb1e0568b1d"", ""occ_b2edda7e4e719bbd5093"", ""occ_b2ee44f42d0a2e9b16de"", ""occ_b3bbb8870b1cf275db69"", ""occ_b4162965fc04c61e2ed2"", ""occ_b4aedbd008f81ee8ec5d"", ""occ_b58f30819fb1a862075a"", ""occ_b65055ffaf3a1efb2041"", ""occ_b6f403e805e4ce95ef7d"", ""occ_b70d3863a933b73afa0b"", ""occ_b778bc73134b27035f73"", ""occ_b897eb13ac837e87a402"", ""occ_b8ed5e1a4d19702dcbf7"", ""occ_b90f7ed102bc731da0a3"", ""occ_b999e4606bacfb13d540"", ""occ_ba79725270867d9cba6b"", ""occ_baad8b706690ef75f8b0"", ""occ_bd13a66f5361d4a562b5"", ""occ_bd3c65be110e802e8d4b"", ""occ_bd704ec9f46376cbe973"", ""occ_bd7f22e23d8ef06d4259"", ""occ_bdfc74ab54028ff48836"", ""occ_beef529330f0ed50f902"", ""occ_c070409c835def245fb7"", ""occ_c09ab35e04348c009117"", ""occ_c1931c611ce18abb351c"", ""occ_c1b02e663b55d993983e"", ""occ_c27b59ebe2fa97e93598"", ""occ_c311a3723da54e10bda6"", ""occ_c34edaa5bd74b8e48f9d"", ""occ_c415e03cb459d912504f"", ""occ_c4329fd61ff77d437b23"", ""occ_c45a15a3469b177f84ab"", ""occ_c4ee27ecccd0890c89d5"", ""occ_c5f64d2017d55857842e"", ""occ_c6230920fd8d9608a6f8"", ""occ_c626ba8015d11e67186c"", ""occ_c6ca8b2631e0f111bd92"", ""occ_c708607f64aed4f347f0"", ""occ_c7f3ccc874fe501c1ad7"", ""occ_c8ece9038f8b53167705"", ""occ_c98d13dd883343ccd753"", ""occ_c9d0f064f4e000b755f3"", ""occ_cafc3070463ea5308260"", ""occ_cb0e14b81d39c3cc37af"", ""occ_cbc55cdc0e4c3d1b725d"", ""occ_cbf42d7032838635771e"", ""occ_cc36ba4f4295807226a5"", ""occ_cc556c9a5a154c5615ee"", ""occ_cf607c31d6040eb74586"", ""occ_cfcaa5e87bd4d5afe8f7"", ""occ_d085bda83326e85ee51f"", ""occ_d094f189d9716b6deff3"", ""occ_d09de491fbd22796c100"", ""occ_d0a8df19b1cb8ccc81c4"", ""occ_d1a06fb7bce4fd0d4437"", ""occ_d31f04b08ee8498fc048"", ""occ_d3533cb7b75baf49fb34"", ""occ_d4260df70e3ff10a9d9f"", ""occ_d46d3d3b18e7c87afd86"", ""occ_d490476246bdacf59a2b"", ""occ_d4c52cb483fb2f4f05a1"", ""occ_d4c90297bf6ec4ab609e"", ""occ_d4ffbf00036efbdc76ec"", ""occ_d52ecf3c943495794f6d"", ""occ_d5689574fcc85961742c"", ""occ_d59a58bf545504122774"", ""occ_d6784c1a3eaee967ece9"", ""occ_d6afb4a596be7487113a"", ""occ_d70b6ba36c0810ddf13c"", ""occ_d73de5001ef707bcbdaa"", ""occ_d80935a979a92a322101"", ""occ_d90e91f9cbd9af88645e"", ""occ_d991b9d5aea6b5546648"", ""occ_da0c8954c83a18fc2f93"", ""occ_da2a0bbb7815e8264fc3"", ""occ_da83030e891b8f878342"", ""occ_db468edad91ff4d5959e"", ""occ_db7b29c7f6a122e9a2ff"", ""occ_db7c956b10ef56d68972"", ""occ_dbf110d8a19ac42fb7bc"", ""occ_dcd48ef228f62370b0fb"", ""occ_dd005cf290c200af60b9"", ""occ_ddf443ed81b6c6807acb"", ""occ_df457cfcc9a70d56b7b4"", ""occ_df5ea1731bd4b8e59dcb"", ""occ_dfa6c482122192c47ccb"", ""occ_dfadc15730ee60fbabb0"", ""occ_dfaf0595d1dce8c90f88"", ""occ_dfdd7ec5dbd2053edd87"", ""occ_e053e8af740a6c312cf1"", ""occ_e121089749906396f544"", ""occ_e1868295c96852e76ec7"", ""occ_e1d12f319effcf58ea04"", ""occ_e38b0ceda359c456d438"", ""occ_e3d1ca5397e89a5a8119"", ""occ_e4633911aefd1932a276"", ""occ_e5b04e27db0f6f29c0f8"", ""occ_e69090618bcf0fdf4741"", ""occ_e79681382a036b531d91"", ""occ_e83a6796db4d9449c795"", ""occ_e9b98792a4afce921d5e"", ""occ_ea19078cf2b365aa1718"", ""occ_eb7aeed8af72df89a230"", ""occ_ec91a9cd3164bdcd1411"", ""occ_ed8e678efbf3faa6f7f9"", ""occ_ee47f21039b291ffc518"", ""occ_ee99acb6305b4df07060"", ""occ_eeee9bc5687f239cf5bb"", ""occ_f108959197ef009461b9"", ""occ_f28453c2606a27bf4216"", ""occ_f2fba8ddb7d3b0605bb6"", ""occ_f33dab81f0c7de1faf90"", ""occ_f45466523439886db75a"", ""occ_f472db7c2c082c037ca9"", ""occ_f4d99dacdd2d66454fc5"", ""occ_f52ccbde1189dd77e6f7"", ""occ_f5479e2bb38977961442"", ""occ_f56e1a561023bab413b7"", ""occ_f57495d4f9bfc9ed1c0b"", ""occ_f5b65419644c8f177569"", ""occ_f6327ed28ca8a92b48eb"", ""occ_f66ddc4b7deeb65114c4"", ""occ_f6f6b1629680d0a707e4"", ""occ_f780a2133e53cc6bf7be"", ""occ_f7fc63eab0d815f1b0ab"", ""occ_f814ebcdfe7c43c7b512"", ""occ_fa7a72fb1ad0b2d75329"", ""occ_fb17e16572221611f393"", ""occ_fbd5cf3cb24fd0425748"", ""occ_fc72bfb261ac8c3e88f7"", ""occ_fce9e5ac0b44d71a8cde"", ""occ_fd09c7d5187ef0350d8c"", ""occ_fd2c6f47ac0af5c7cdf4"", ""occ_fd51c9f1d750da7f7e6d"", ""occ_fd583867c28fa016bb32"", ""occ_fd92aac013e0a3906efd"", ""occ_fdb043364551f698a10b"", ""occ_fe529a52dee8d95c7ecd"", ""occ_fef99dc3fdcb81128377"", ""occ_ff448eca8747f6c6ef8d""]",run_1f27e7f7434a9d682f85
term_b909730e54c564d77499,Gross fixed capital formation at current prices,measure,0.88,semantic-hybrid,True,title evidence with measure lexical cue,"[""occ_11ad8583ca63f1074074""]",run_1f27e7f7434a9d682f85
term_aa4e3596e1241a2aafa1,"Gross fixed capital formation, current prices",measure,0.88,semantic-hybrid,True,title evidence with measure lexical cue,"[""occ_659c19818870f471fb29""]",run_1f27e7f7434a9d682f85
term_a8c49a0906a8cbf03f1e,Gross household saving rate (B8G/(B6G+D8Net)*100),measure,0.793441192596753,semantic-hybrid,False,semantic centroid/neighbor measure fallback,"[""occ_0a0c0a838c2ee7fed757"", ""occ_0c6f029d3c2dc8ff8daf"", ""occ_0d3ba07b7ee413e2f96f"", ""occ_130fa40b3d2f2d73b115"", ""occ_137c078a5479ff45406a"", ""occ_1422742b5e4c4aa46dd8"", ""occ_14e92fa6c5b3abbfd1fb"", ""occ_1d2eb2288d541f9998a5"", ""occ_2580dfd0dd21a7a8316b"", ""occ_2865e0a06eb00997430a"", ""occ_28e8be53df4d1ebf7cab"", ""occ_294037acda43773b41e6"", ""occ_2abc8f0bf762221ef77f"", ""occ_2d006aebafe6b7e1746b"", ""occ_342e3fc51adf7278f343"", ""occ_35a70a94c341a41d0206"", ""occ_3a1567657dfae1c74332"", ""occ_3a436ab5e7f45dca456f"", ""occ_40d8eb873c72004701aa"", ""occ_4afda523da020648d707"", ""occ_4c9837b601183c3556bf"", ""occ_4daa5e7793614beec96a"", ""occ_501d09677994ad8e2925"", ""occ_52ef89146431b20292e3"", ""occ_5646db3543cb17254b2e"", ""occ_574487700c50d6d0d606"", ""occ_5f660e899a75e6da9e6f"", ""occ_5f7c0a893f2369290501"", ""occ_683dc5542ca6aff90ab0"", ""occ_699ac84f4cf9d0031252"", ""occ_6afcf6f61a265b53f2e4"", ""occ_6eb02038d9f3b41f97bb"", ""occ_711c5ccc4e5a0bc4fa66"", ""occ_732523d63fd7ced27005"", ""occ_78bd0a6e830c82683458"", ""occ_7bf72ca53a6dcecf14eb"", ""occ_820d2ff3b4173af629fe"", ""occ_8bd15df6a6b564663dce"", ""occ_94bc8721fbad88b83651"", ""occ_9714cd1c721821734fb9"", ""occ_9b928b3edae80d820d4a"", ""occ_a016da7d49970555cf0d"", ""occ_a10c95fb3f4a9b405e53"", ""occ_a77856d74465cfc93c70"", ""occ_ac1dadb21443d463c6c5"", ""occ_ae292d426efa7e4e501d"", ""occ_af8582520e6546ca9a15"", ""occ_b0b9d179fb86748a71c9"", ""occ_b3d8aa3225c479475551"", ""occ_b460c457528a0ea5918c"", ""occ_b4c6b40f0bcaa60efc36"", ""occ_ba96761c58f22edbd79f"", ""occ_c7469c33657c421bb7c0"", ""occ_cfe750332dc718e851f2"", ""occ_d2be6d7160c435a14864"", ""occ_d2d3fc31caa2cc642067"", ""occ_d5b68bede34f8eaadefa"", ""occ_d6c6d62a70403cd6c6fb"", ""occ_d7fc7724050d322c304a"", ""occ_def154c642eb15237d35"", ""occ_e3b923105ab75491a23d"", ""occ_e6dbdaabc448921d949c"", ""occ_e996a99bd45f1bcf1e68"", ""occ_eabad49c2a18bc6f4ff1"", ""occ_f00d62fb16210ea3397f"", ""occ_f1866f1d5228c239fb59"", ""occ_f512fc2a39f89432bd9f"", ""occ_f74754b313d2accbc7b9"", ""occ_f7a2d57342a4d0ffde96"", ""occ_fa158b761108b5a3ded3"", ""occ_fb49b702454dc0d1cbbe"", ""occ_fc42c595eaae667198fb""]",run_1f27e7f7434a9d682f85
term_54a3bcdbf8f08629560f,Gross national income,measure,0.8009202452398289,semantic-hybrid,False,semantic centroid/neighbor measure fallback,"[""occ_2ec1798d556dbdfa6fa6"", ""occ_c96c877e9d3479c0bb80"", ""occ_ceb3b7137d20b423f797""]",run_1f27e7f7434a9d682f85
term_bdda8414256d9fd53988,Gross national income (GNI,measure,0.88,semantic-hybrid,True,title evidence with measure lexical cue,"[""occ_37ba374bbbd5917cbe11""]",run_1f27e7f7434a9d682f85
term_8821b8ca0578c3f64ff2,Gross national income (GNI) per,measure,0.88,semantic-hybrid,True,title evidence with measure lexical cue,"[""occ_4006d4a867753200e38b""]",run_1f27e7f7434a9d682f85
term_dabaa8001f873ce3c478,Gross national income (GNI) per capita,measure,0.88,semantic-hybrid,True,title evidence with measure lexical cue,"[""occ_9c9ebc773b9f4ca45136""]",run_1f27e7f7434a9d682f85
term_ca26072caf692d06580c,"Gross non-performing loans, domestic and foreign entities",measure,0.7759685033533591,semantic-hybrid,False,semantic centroid/neighbor measure fallback,"[""occ_55443d5e3b342d9193de"", ""occ_7ae5a714e1101501ffc4""]",run_1f27e7f7434a9d682f85
term_9b6f86fd9bc8527af967,"Gross non-performing loans, domestic and foreign entities - % of gross loans (source:)",measure,0.7667439128283962,semantic-hybrid,False,semantic centroid/neighbor measure fallback,"[""occ_2e4b9b417608723a73c1"", ""occ_44bc642561042b13a75c""]",run_1f27e7f7434a9d682f85
term_1ea84992273a06fc0a81,Gross profit share of non-financial corporations (B2G_B3G/B1Q*100),measure,0.7699034210015567,semantic-hybrid,False,semantic centroid/neighbor measure fallback,"[""occ_00781bf15ab9db8ef97a"", ""occ_02591781dc349c2bf77d"", ""occ_17d90b606a266c0a3de5"", ""occ_1c68da80558e31437136"", ""occ_1e253eb0cbdf53ee326c"", ""occ_3205b5b0cbb7ccbd0fd6"", ""occ_36a2cf199a1dccfc42d2"", ""occ_40f4a1126cbb2d5c375e"", ""occ_487ece8f74532709bdad"", ""occ_496d3a2eb7dc4a471077"", ""occ_547fe9a26292b677bcfb"", ""occ_5738e2b8782d3c998d56"", ""occ_5abf4c895bdf045c0c51"", ""occ_5f2d9ffd6b12da8f6ccf"", ""occ_6389f0a4411952a3bdca"", ""occ_6c476074b17622b6da81"", ""occ_7dfc378f5f4d122e30f6"", ""occ_830076c90b6a07fe4074"", ""occ_85e788f3e872b9c25215"", ""occ_94f3575b75c8cbf68832"", ""occ_9a693ecb7c5810b1578b"", ""occ_a82758bafb973a960633"", ""occ_a8e05369b94f10192e90"", ""occ_b5e4e1986a16552b2f51"", ""occ_b6e29a90066c79e7e4dc"", ""occ_b85a45f7d396771da032"", ""occ_bde1ad047af158d308a1"", ""occ_bde2a97302c260919ec7"", ""occ_be85a6c23d0df28bd128"", ""occ_d44329b3130b81155eea"", ""occ_d678c33a2ea1d51e39b2"", ""occ_dce4df143e36e520cd38"", ""occ_dda88a117598a1866bf2"", ""occ_e1f05c40aae1e9255481"", ""occ_e2c4267b54d4c7125e57"", ""occ_e601409c4ee467c5e606"", ""occ_ee5d3d3ada747eabe4b3"", ""occ_f526ecdafb9c5730c8a0"", ""occ_f60781b8ff5106982ea8"", ""occ_f7522ed646c9064b203f"", ""occ_ff2a52efd0ebba1474ac""]",run_1f27e7f7434a9d682f85
term_bbc9c8f1c8ec53aaf4fe,Gross remuneration in nominal terms / real terms,measure,0.8100600530691767,semantic-hybrid,False,semantic centroid/neighbor measure fallback,"[""occ_0f76545981ba451651b9"", ""occ_163556dbb33497145692"", ""occ_23089cd7cba5a9795720"", ""occ_23338a633b710f5b09fb"", ""occ_266c4cb25baab06ad087"", ""occ_27947e46f49e37f0240e"", ""occ_2e96cbdda4cfc70a488f"", ""occ_32f3770360e56ac09362"", ""occ_39a6ed393da02c213ca5"", ""occ_4132335a839ed1d4b214"", ""occ_413363052a22e9668d21"", ""occ_42dd4d8f8277688f9482"", ""occ_46fd4bd41894817a363b"", ""occ_471793137638ab7b30af"", ""occ_4eee17d59417ad147201"", ""occ_4f6f71198c114699a385"", ""occ_5544183e65664f698889"", ""occ_5bdccd4a28d8aef37658"", ""occ_603f868aef97d4345ee6"", ""occ_644b9819da9c986992c8"", ""occ_69ce311b3689dc6df0b5"", ""occ_72fa4d9fec166a23d939"", ""occ_76998b57403d4332a7a6"", ""occ_76ecd212c8db8e6389e8"", ""occ_7feab97a593cb2db4914"", ""occ_843ad64ff1c3c10de37a"", ""occ_882ad8cdbce4dc0e1283"", ""occ_8cc716ff86d50e5ce9a2"", ""occ_94cad8e7474768396467"", ""occ_9840d2365398768105bc"", ""occ_99689b233aa3c150ac9e"", ""occ_9e57b0699f4095054fdf"", ""occ_9f50826c6ac8cc3b6313"", ""occ_a0ee3bd5dcfd89ac577b"", ""occ_a236a29fdd653548f163"", ""occ_a6a501d1e4de2bb3e98d"", ""occ_aa6bb526fb2b939b6fab"", ""occ_abed58ce69aa388d2237"", ""occ_af9671744b4abc87ad43"", ""occ_b09bdff97926ab905380"", ""occ_b17363e47153d60f589c"", ""occ_b3d34562f03601c5cd17"", ""occ_b415e01c9fde0b35f92f"", ""occ_b469b0440cf9cfddeb47"", ""occ_b78d143f398e5e4b8187"", ""occ_b990bfbcc99be2d63595"", ""occ_baee0add35279935c0ef"", ""occ_c1dc58f058dde56b394a"", ""occ_c422b4433a9ae822ffeb"", ""occ_c55602760eeb6651d3ed"", ""occ_deaa0f4e00f7ce2ff73e"", ""occ_e3f0da5d5c256d46b338"", ""occ_e8c79715dbfdb7fcbabc"", ""occ_ea887f998bf96454f074"", ""occ_eafffd4caf485b9b6d8e"", ""occ_ebee5783fae26a58a3fb"", ""occ_ef62bfe4e1930574765e"", ""occ_f03b0bdd62bc151884bb"", ""occ_f1da627166fe2d9fc967"", ""occ_f2979acaaee14c3c7628"", ""occ_fb1bfcb21ee918a04fdf"", ""occ_ff670f467697eb43e739""]",run_1f27e7f7434a9d682f85
term_93a92a996ee8636645fa,Gross value added - NACE,measure,0.88,semantic-hybrid,True,title evidence with measure lexical cue,"[""occ_1a949dceb77051c4a28f"", ""occ_3a4486ff47b628b1694d"", ""occ_3e747be4d1ccaffacb47"", ""occ_5c16f3cd87a9b7e5bd91"", ""occ_5c8e45bff0193aaf91d8"", ""occ_644ce035bc16e0dbbf18"", ""occ_71fee9618533698d7e0b"", ""occ_7ae6fc6c734f4dc076fc"", ""occ_7b6313bf5134d4399711"", ""occ_81de54b84d142c989d96"", ""occ_84d8ba8f500fd4f67c4d"", ""occ_8fea6124a2a76811fb38"", ""occ_a74627ce0ce2f6d05f87"", ""occ_a79715c9d5475514f70d"", ""occ_ba3b49a9212a1959c4be"", ""occ_c61c0f66abea3304bc3e"", ""occ_cc8bd9d4434810c0b507"", ""occ_d88a3a2cc7e8fb73c0dd"", ""occ_e34126fd4616e0a7e6ce"", ""occ_ea316f8325bc7c3e3150"", ""occ_ece282534477ba383c09"", ""occ_f15360ab8fac9c39974e"", ""occ_f2ec03f79ab0d8737ae5"", ""occ_ffc8ca8e7a9caa116533""]",run_1f27e7f7434a9d682f85
term_bc6f5734be5c0a013c37,Gross value added - NACE Rev,measure,0.88,semantic-hybrid,True,title evidence with measure lexical cue,"[""occ_020b9e9e247b92abc174"", ""occ_121ff44c74a5b9810947"", ""occ_230382eea38be8fa4516"", ""occ_2323404f5223c9cbc815"", ""occ_25e2bc57307dbd2c0138"", ""occ_300ba53865f96f40dc98"", ""occ_3bc9b13cfaa41c8ec31e"", ""occ_478f8fa3fcd8641c5c3e"", ""occ_5cf118cfcfce6a6af430"", ""occ_6fd3f899e429e807fa23"", ""occ_73c107c8003077f5607a"", ""occ_86bf323618ca32da44b7"", ""occ_903979454b67f6c159cb"", ""occ_965493c762f187ffdbc9"", ""occ_9f9af87ea2b8b1fd461f"", ""occ_a2085e74278f162e247e"", ""occ_a30f0f0c2bb9295dfdcc"", ""occ_a758c7372a31145e2c5c"", ""occ_af63aee0d6d2e10ef2cb"", ""occ_bcca920536efc88d3c83"", ""occ_d17fc45d029d4b8012ef"", ""occ_e27b67c95b0db61f45f7"", ""occ_f04c35f26d9558fac101"", ""occ_f22defe800277e756102""]",run_1f27e7f7434a9d682f85
term_f69b2004f76c86f09b48,Gross value added - NACE Rev. 2,measure,0.88,semantic-hybrid,True,title evidence with measure lexical cue,"[""occ_06737f95976dd6ba10f6"", ""occ_1e9d667434607c7fb9a8"", ""occ_21c1e4b0d07de8ed71fa"", ""occ_23029bfc1e9542452973"", ""occ_249f6cd5f51a47120b21"", ""occ_385bd528bb9ffe37de5b"", ""occ_47206f909ff69adcca57"", ""occ_4f2a31918a335c5fc802"", ""occ_54ca89dac8c520f4b807"", ""occ_5a7ef3fedc2fd6530636"", ""occ_894b39094bcc45fbb7aa"", ""occ_9201d6c75c670d0e4039"", ""occ_a7e19eabb243cfe885bd"", ""occ_b5495e85b39cb5b7d7e1"", ""occ_b6c7e97d81ea133fe3f1"", ""occ_bc4fe5a2f63a4e0334aa"", ""occ_bd72f5c9877ea7379dc9"", ""occ_c926a9f5a4b33688524b"", ""occ_d0e09b460a7547d7a892"", ""occ_dc83cad35911fad1866b"", ""occ_efc2d4345042b88ea8d4"", ""occ_f577b30341ef706ec87b"", ""occ_f6887a7474a1b1797538"", ""occ_fe419b25980a47ba74d8""]",run_1f27e7f7434a9d682f85
term_c7e481c1c24a9a40b170,Gross value added - NACE Rev. 2: - current,measure,0.88,semantic-hybrid,True,title evidence with measure lexical cue,"[""occ_b90e12797d2e70547869""]",run_1f27e7f7434a9d682f85
term_523720a52ca07c570e36,Gross value added - NACE Rev. 2: - current prices,measure,0.88,semantic-hybrid,True,title evidence with measure lexical cue,"[""occ_d69e2d77dd94b588d592""]",run_1f27e7f7434a9d682f85
term_de1275695e85a9ad231b,Gross value added - NACE Rev. 2: - volumes,measure,0.88,semantic-hybrid,True,title evidence with measure lexical cue,"[""occ_2152786c1a52ad99f16c""]",run_1f27e7f7434a9d682f85
term_93af8307818599ab6492,Gross value added - NACE Rev. 2: A,measure,0.88,semantic-hybrid,True,title evidence with measure lexical cue,"[""occ_002c210cd1b2c207a05d"", ""occ_7a54cc0f1f233f2de54b""]",run_1f27e7f7434a9d682f85
term_033fc78dae8c098f285e,Gross value added - NACE Rev. 2: A - current,measure,0.88,semantic-hybrid,True,title evidence with measure lexical cue,"[""occ_25abdb5567d8f22d7788""]",run_1f27e7f7434a9d682f85
term_1b36ae99c8e59f36e985,Gross value added - NACE Rev. 2: A - current prices,measure,0.88,semantic-hybrid,True,title evidence with measure lexical cue,"[""occ_c41bece5472e93e5d1a3""]",run_1f27e7f7434a9d682f85
term_284c77bb50fa6394ff34,Gross value added - NACE Rev. 2: A - volumes,measure,0.88,semantic-hybrid,True,title evidence with measure lexical cue,"[""occ_ace1b263291f020a0e8b""]",run_1f27e7f7434a9d682f85
term_06fc6772cadd4c4688a0,Gross value added - NACE Rev. 2: B-E,measure,0.88,semantic-hybrid,True,title evidence with measure lexical cue,"[""occ_d58ec0774d96f55b13a7"", ""occ_d7270163e18d94ed4cca""]",run_1f27e7f7434a9d682f85
term_e627eb2b6cef0cf15347,Gross value added - NACE Rev. 2: B-E - current prices,measure,0.88,semantic-hybrid,True,title evidence with measure lexical cue,"[""occ_7304097929e43d5dfb37""]",run_1f27e7f7434a9d682f85
term_b02ae624a643197bb062,Gross value added - NACE Rev. 2: B-E - volumes,measure,0.88,semantic-hybrid,True,title evidence with measure lexical cue,"[""occ_48f2767cd94062dcb64b""]",run_1f27e7f7434a9d682f85
term_c90b6dfba814a36b5f66,Gross value added - NACE Rev. 2: C,measure,0.88,semantic-hybrid,True,title evidence with measure lexical cue,"[""occ_09c41ef323d0afd43707"", ""occ_68da636c6fcac7b52572""]",run_1f27e7f7434a9d682f85
term_955163537605797e6689,Gross value added - NACE Rev. 2: C - current,measure,0.88,semantic-hybrid,True,title evidence with measure lexical cue,"[""occ_78d58a1f30319965f9b8""]",run_1f27e7f7434a9d682f85
term_8cddf207ccad91a60de9,Gross value added - NACE Rev. 2: C - current prices,measure,0.88,semantic-hybrid,True,title evidence with measure lexical cue,"[""occ_d9af56e7807b701289d1""]",run_1f27e7f7434a9d682f85
term_43b3e9a5541c91515e12,Gross value added - NACE Rev. 2: C - volumes,measure,0.88,semantic-hybrid,True,title evidence with measure lexical cue,"[""occ_423ab5dd4e8d9dbb7aea""]",run_1f27e7f7434a9d682f85
term_50c1406a7075550a7b11,Gross value added - NACE Rev. 2: F,measure,0.88,semantic-hybrid,True,title evidence with measure lexical cue,"[""occ_0cee6fbbfa1379dd1a63"", ""occ_881cae96b76f3788cc69""]",run_1f27e7f7434a9d682f85
term_82eb1340c391b7a76256,Gross value added - NACE Rev. 2: F - current,measure,0.88,semantic-hybrid,True,title evidence with measure lexical cue,"[""occ_6379133fae41ae3538ca""]",run_1f27e7f7434a9d682f85
term_aa9dcb3b1b5e3cb0f0d6,Gross value added - NACE Rev. 2: F - current prices,measure,0.88,semantic-hybrid,True,title evidence with measure lexical cue,"[""occ_b1117268c547fdb1d746""]",run_1f27e7f7434a9d682f85
term_bca0c3b7c19ae02f790f,Gross value added - NACE Rev. 2: F - volumes,measure,0.88,semantic-hybrid,True,title evidence with measure lexical cue,"[""occ_9d21b61dcdc11cd5bff4""]",run_1f27e7f7434a9d682f85
term_13cbfa3c8339e7d9e544,Gross value added - NACE Rev. 2: G-I,measure,0.88,semantic-hybrid,True,title evidence with measure lexical cue,"[""occ_7983184da1b32809fffa"", ""occ_a4e6dc0e87de5dcaaf5c""]",run_1f27e7f7434a9d682f85
term_ce2cdc7f7b3486cc640f,Gross value added - NACE Rev. 2: G-I - current prices,measure,0.88,semantic-hybrid,True,title evidence with measure lexical cue,"[""occ_b7f70c260fb0f39b9c30""]",run_1f27e7f7434a9d682f85
term_4a7ca24e09ef4e55de2f,Gross value added - NACE Rev. 2: G-I - volumes,measure,0.88,semantic-hybrid,True,title evidence with measure lexical cue,"[""occ_10d3dc4422b74418a121""]",run_1f27e7f7434a9d682f85
term_a87228af237fab740ba6,Gross value added - NACE Rev. 2: J,measure,0.88,semantic-hybrid,True,title evidence with measure lexical cue,"[""occ_2a0908ff91f5fdde77d8"", ""occ_9a1dab3cd304fa05e914""]",run_1f27e7f7434a9d682f85
term_74b8a89650e11e9256a6,Gross value added - NACE Rev. 2: J - current,measure,0.88,semantic-hybrid,True,title evidence with measure lexical cue,"[""occ_f3d9cb1f52905e165591""]",run_1f27e7f7434a9d682f85
term_120e767f33d49114efb9,Gross value added - NACE Rev. 2: J - current prices,measure,0.88,semantic-hybrid,True,title evidence with measure lexical cue,"[""occ_f900942e94cef6d0f0fb""]",run_1f27e7f7434a9d682f85
term_f9712695721fec6734d3,Gross value added - NACE Rev. 2: J - volumes,measure,0.88,semantic-hybrid,True,title evidence with measure lexical cue,"[""occ_fd2a7a5798c2ad8aab89""]",run_1f27e7f7434a9d682f85
term_74bd6e2a6955b554e087,Gross value added - NACE Rev. 2: K,measure,0.88,semantic-hybrid,True,title evidence with measure lexical cue,"[""occ_81d8ac5bb4f09dcb39b7"", ""occ_a3448cce08b624eabd89""]",run_1f27e7f7434a9d682f85
term_646e182c4632ca162045,Gross value added - NACE Rev. 2: K - current,measure,0.88,semantic-hybrid,True,title evidence with measure lexical cue,"[""occ_1f4c4a639c0f0721a694""]",run_1f27e7f7434a9d682f85
term_132a92984b672ddddfbe,Gross value added - NACE Rev. 2: K - current prices,measure,0.88,semantic-hybrid,True,title evidence with measure lexical cue,"[""occ_23cf0d95ea62d6c76f56""]",run_1f27e7f7434a9d682f85
term_d9fb3aeefcbd7e2f796a,Gross value added - NACE Rev. 2: K - volumes,measure,0.88,semantic-hybrid,True,title evidence with measure lexical cue,"[""occ_4cf3000868b21fd67867""]",run_1f27e7f7434a9d682f85
term_2f09479027e23b726244,Gross value added - NACE Rev. 2: L,measure,0.88,semantic-hybrid,True,title evidence with measure lexical cue,"[""occ_c86d323ad711f1906a16"", ""occ_cb4d6e8c498ac07e7a33""]",run_1f27e7f7434a9d682f85
term_3c8119ac88585f7272f9,Gross value added - NACE Rev. 2: L - current,measure,0.88,semantic-hybrid,True,title evidence with measure lexical cue,"[""occ_330f882531b3347da8d3""]",run_1f27e7f7434a9d682f85
term_7f231a9b7cbedf86f343,Gross value added - NACE Rev. 2: L - current prices,measure,0.88,semantic-hybrid,True,title evidence with measure lexical cue,"[""occ_e20f0480fcbf2465054c""]",run_1f27e7f7434a9d682f85
term_8d79218e8970c663f49b,Gross value added - NACE Rev. 2: L - volumes,measure,0.88,semantic-hybrid,True,title evidence with measure lexical cue,"[""occ_328b6228bc8a75e8b4b9""]",run_1f27e7f7434a9d682f85
term_253a7405c57e58b764e4,Gross value added - NACE Rev. 2: M,measure,0.88,semantic-hybrid,True,title evidence with measure lexical cue,"[""occ_2467e27c4038648aad78"", ""occ_ea21a923b26e7af5d088""]",run_1f27e7f7434a9d682f85
term_d56e3819087acbee3b8e,Gross value added - NACE Rev. 2: M_N,measure,0.88,semantic-hybrid,True,title evidence with measure lexical cue,"[""occ_2ea5733c92cc19bbb72b"", ""occ_9ae2be66854ddf904a60""]",run_1f27e7f7434a9d682f85
term_6b43fbddf11cc0d86ec7,Gross value added - NACE Rev. 2: M_N - current prices,measure,0.88,semantic-hybrid,True,title evidence with measure lexical cue,"[""occ_d206a9b91c5018cccb87""]",run_1f27e7f7434a9d682f85
term_6a4b2ac0d5193a131324,Gross value added - NACE Rev. 2: M_N - volumes,measure,0.88,semantic-hybrid,True,title evidence with measure lexical cue,"[""occ_47412dda18d8326bd892""]",run_1f27e7f7434a9d682f85
term_f8bc54b84da4ac2fb2a3,Gross value added - NACE Rev. 2: O-Q,measure,0.88,semantic-hybrid,True,title evidence with measure lexical cue,"[""occ_2a2a38ccdf56939f3f13"", ""occ_451ea46a75356b23c8cc""]",run_1f27e7f7434a9d682f85
term_45e5d4ea6d3cfabd1255,Gross value added - NACE Rev. 2: O-Q - current prices,measure,0.88,semantic-hybrid,True,title evidence with measure lexical cue,"[""occ_cb457eebbd911c693afe""]",run_1f27e7f7434a9d682f85
term_904fdc9e8e59b47185f3,Gross value added - NACE Rev. 2: O-Q - volumes,measure,0.88,semantic-hybrid,True,title evidence with measure lexical cue,"[""occ_45c8bfd8afad73044c69""]",run_1f27e7f7434a9d682f85
term_b5856af080b04db83fb9,Gross value added - NACE Rev. 2: R-U,measure,0.88,semantic-hybrid,True,title evidence with measure lexical cue,"[""occ_a09d7ebff9779c8f1452"", ""occ_b6d2accdba686f1a310f""]",run_1f27e7f7434a9d682f85
term_2a7c2482523dd275c758,Gross value added - NACE Rev. 2: R-U - current prices,measure,0.88,semantic-hybrid,True,title evidence with measure lexical cue,"[""occ_e084e5283f8f73fafe4e""]",run_1f27e7f7434a9d682f85
term_05a5d4d4a9fe9df881fb,Gross value added - NACE Rev. 2: R-U - volumes,measure,0.88,semantic-hybrid,True,title evidence with measure lexical cue,"[""occ_483bc6c6d34e3adc003f""]",run_1f27e7f7434a9d682f85
term_f5aaa5fc6a434e6a8c31,Gross value added by,measure,0.88,semantic-hybrid,True,title evidence with measure lexical cue,"[""occ_036e8ae1c3d07696a876"", ""occ_df1df85b323b527b4723""]",run_1f27e7f7434a9d682f85
term_7b14b367f153f0478857,Gross value added by industry,measure,0.88,semantic-hybrid,True,title evidence with measure lexical cue,"[""occ_4bb11a988269112dba60"", ""occ_679f4cc07a9cd90d3e9a""]",run_1f27e7f7434a9d682f85
term_1051d57eb5fc00308680,Gross value added by industry - ENP-East,measure,0.88,semantic-hybrid,True,title evidence with measure lexical cue,"[""occ_cc5dd1802a24afff8084""]",run_1f27e7f7434a9d682f85
term_df1a5ad7a443268181aa,Gross value added by industry - ENP-East countries,measure,0.88,semantic-hybrid,True,title evidence with measure lexical cue,"[""occ_7d1f6afae9fddb20c968""]",run_1f27e7f7434a9d682f85
term_46377f4348a5dad9645b,Gross value added by industry - ENP-South,measure,0.88,semantic-hybrid,True,title evidence with measure lexical cue,"[""occ_058cd5615826bd2ce59b""]",run_1f27e7f7434a9d682f85
term_9fbaa45e3349ea71692d,Gross value added by industry - ENP-South countries,measure,0.88,semantic-hybrid,True,title evidence with measure lexical cue,"[""occ_fe49b6feb0058dbb1db3""]",run_1f27e7f7434a9d682f85
term_12c66eaf8c3ea38e3510,Gross value added in,measure,0.88,semantic-hybrid,True,title evidence with measure lexical cue,"[""occ_533b05cf32e5fccbc146""]",run_1f27e7f7434a9d682f85
term_07de82fa5f074fdb8062,Gross value added in environmental,measure,0.88,semantic-hybrid,True,title evidence with measure lexical cue,"[""occ_ebc431984e7e2aa95730""]",run_1f27e7f7434a9d682f85
term_dcc4843cbb8676788c11,Gross value added in environmental goods,measure,0.88,semantic-hybrid,True,title evidence with measure lexical cue,"[""occ_2d6d32e08c23271d8691""]",run_1f27e7f7434a9d682f85
term_21b0e454925fed6112f1,Gross value added in environmental goods and,measure,0.88,semantic-hybrid,True,title evidence with measure lexical cue,"[""occ_cd5e31baca5433475a6c""]",run_1f27e7f7434a9d682f85
term_07dfa1b9d2a708fa3a5d,Gross value added in environmental goods and services,measure,0.88,semantic-hybrid,True,title evidence with measure lexical cue,"[""occ_89506aa13a0704a381cb""]",run_1f27e7f7434a9d682f85
term_07eb873c84a3b89ea386,Gross value added in environmental goods and services sector,measure,0.88,semantic-hybrid,True,title evidence with measure lexical cue,"[""occ_abc0dbd4f982a0486c3d""]",run_1f27e7f7434a9d682f85
term_3a01ff295c524ac90e7d,Gross value added of,measure,0.88,semantic-hybrid,True,title evidence with measure lexical cue,"[""occ_9626be0454b8430a38e7""]",run_1f27e7f7434a9d682f85
term_ea91b93ff5adb4596079,Gross value added of the,measure,0.88,semantic-hybrid,True,title evidence with measure lexical cue,"[""occ_76c17ec94154b46b2ff8""]",run_1f27e7f7434a9d682f85
term_2d73a93d4e12227dafed,Gross value added of the agricultural,measure,0.88,semantic-hybrid,True,title evidence with measure lexical cue,"[""occ_cd33af9e40df860149a6""]",run_1f27e7f7434a9d682f85
term_38c663b569ebe677c2d6,Gross value added of the agricultural industry,measure,0.88,semantic-hybrid,True,title evidence with measure lexical cue,"[""occ_32c188c3ed6692705634""]",run_1f27e7f7434a9d682f85
term_eaf087c6fa01d7737cc7,Gross value added of the agricultural industry - basic,measure,0.88,semantic-hybrid,True,title evidence with measure lexical cue,"[""occ_68103d50282eb21ae622""]",run_1f27e7f7434a9d682f85
term_fb061a2388528d4de67d,Gross value added of the agricultural industry - basic and producer prices,measure,0.88,semantic-hybrid,True,title evidence with measure lexical cue,"[""occ_5b57ecb874eef1dc74ad""]",run_1f27e7f7434a9d682f85
term_77db762d503f8c2112f8,Gross weight of dry bulk goods transported in short sea shipping from/to the top 5 EU ports for dry bulk goods,measure,0.88,semantic-hybrid,True,title evidence with measure lexical cue,"[""occ_36c6932bfade4795568d""]",run_1f27e7f7434a9d682f85
term_a3d75e6ab93d57a34493,Gross weight of goods handled - ENP-East countries,measure,0.7875848563413479,semantic-hybrid,False,semantic centroid/neighbor measure fallback,"[""occ_1bffb05ebc62f6375775""]",run_1f27e7f7434a9d682f85
term_4618a6767a89ca968bfa,Gross weight of goods handled in all ports by direction - ENP-South countries,measure,0.7723373957604232,semantic-hybrid,False,semantic centroid/neighbor measure fallback,"[""occ_9e43c44b6e7130a4d460""]",run_1f27e7f7434a9d682f85
term_ab5cb6d657cfb86e547d,gross weight of goods handled in each port,measure,0.7762278429784927,semantic-hybrid,False,semantic centroid/neighbor measure fallback,"[""occ_98d53c9cc94124f17d66""]",run_1f27e7f7434a9d682f85
term_627ade544c615b55fb84,gross weight of goods handled in main ports,measure,0.7700198459823944,semantic-hybrid,False,semantic centroid/neighbor measure fallback,"[""occ_c0a1c694d0279a62e68e""]",run_1f27e7f7434a9d682f85
term_519a9dfb2e517a85e0fb,"gross weight of goods handled in main ports, by direction",measure,0.7651630166991994,semantic-hybrid,False,semantic centroid/neighbor measure fallback,"[""occ_7ee3c83fea86dde6cebd""]",run_1f27e7f7434a9d682f85
term_e040defee705c6539725,"gross weight of goods handled in main ports, by type of cargo",measure,0.7809972099544429,semantic-hybrid,False,semantic centroid/neighbor measure fallback,"[""occ_a1ee097ec50b82f6ca74""]",run_1f27e7f7434a9d682f85
term_077a8076be5b370a2fad,"gross weight of goods handled in main ports, by type of traffic",measure,0.7856725132405553,semantic-hybrid,False,semantic centroid/neighbor measure fallback,"[""occ_eb4a944ef7fa026b22cd""]",run_1f27e7f7434a9d682f85
term_22bf5de16e0fdc3b7d93,"gross weight of goods handled in main ports, by various types of partner geographical areas",measure,0.7779099921222723,semantic-hybrid,False,semantic centroid/neighbor measure fallback,"[""occ_1a53c28b4286f408aade""]",run_1f27e7f7434a9d682f85
term_988b99bd2801c8911f55,gross weight of goods in containers handled in each port,measure,0.7735391143056515,semantic-hybrid,False,semantic centroid/neighbor measure fallback,"[""occ_dd7517a56a5fdd4b384b""]",run_1f27e7f7434a9d682f85
term_684770e20fcc03635ea1,Gross weight of goods in containers transported in short sea shipping from/to the top 5 EU ports for goods in containers,measure,0.88,semantic-hybrid,True,title evidence with measure lexical cue,"[""occ_8f847478aafa82ac0033""]",run_1f27e7f7434a9d682f85
term_32c1d4321267fe4eb962,gross weight of goods in Ro-Ro units handled in each port,measure,0.7733723302726555,semantic-hybrid,False,semantic centroid/neighbor measure fallback,"[""occ_b50ec2fbe73f6cc5de81""]",run_1f27e7f7434a9d682f85
term_9cedd100584c1a2e3c09,Gross weight of goods in Ro-ro units transported in short sea shipping from/to the top 5 EU ports for goods in Ro-ro units,measure,0.88,semantic-hybrid,True,title evidence with measure lexical cue,"[""occ_c1b571bcd7906e276fb7""]",run_1f27e7f7434a9d682f85
term_f05dc66b43a245fd67c2,gross weight of goods transported to/from main ports,measure,0.88,semantic-hybrid,True,title evidence with measure lexical cue,"[""occ_3c8c1b4a5f92883b3fa2""]",run_1f27e7f7434a9d682f85
term_4888eefe70fe4ed02e10,"gross weight of goods transported to/from main ports, by direction",measure,0.88,semantic-hybrid,True,title evidence with measure lexical cue,"[""occ_b0c0c421fb034a207468""]",run_1f27e7f7434a9d682f85
term_eb450627122a1664dc13,"gross weight of goods transported to/from main ports, by type of cargo for each sea region of partner ports",measure,0.88,semantic-hybrid,True,title evidence with measure lexical cue,"[""occ_748ae9c83f66ed3dd8fb""]",run_1f27e7f7434a9d682f85
term_e6cd08c5e530a7d55c17,Gross weight of liquid bulk goods transported in short sea shipping from/to the top 5 EU ports for liquid bulk goods,measure,0.88,semantic-hybrid,True,title evidence with measure lexical cue,"[""occ_7cba52314f2e8ba1ebc1""]",run_1f27e7f7434a9d682f85
term_913f0f4642fbb87690ee,group - % over the population,measure,0.88,semantic-hybrid,True,title evidence with measure lexical cue,"[""occ_4b6059c88ca8545ce816""]",run_1f27e7f7434a9d682f85
term_f2c4350646da02c97d65,group of country of birth,measure,0.88,semantic-hybrid,True,title evidence with measure lexical cue,"[""occ_0ed8fd47634378bc7d79""]",run_1f27e7f7434a9d682f85
term_c46fb124e37a8b2daa9e,groups - per 1000 of population,measure,0.88,semantic-hybrid,True,title evidence with measure lexical cue,"[""occ_63f9718bb10dc58535e6""]",run_1f27e7f7434a9d682f85
term_75c468d1aee4d0868cc1,groups - per 1000 of population aged,measure,0.88,semantic-hybrid,True,title evidence with measure lexical cue,"[""occ_d9b65806039bc9575165""]",run_1f27e7f7434a9d682f85
term_c66f3a2367f468a2d50a,groups - per 1000 of population aged 25-34,measure,0.88,semantic-hybrid,True,title evidence with measure lexical cue,"[""occ_15fad6a15f7f59f120c9""]",run_1f27e7f7434a9d682f85
term_3dbc7e5444fb23d6d899,Harmonised risk indicator 1 for pesticides by categorisation of active substances,measure,0.88,semantic-hybrid,True,title evidence with measure lexical cue,"[""occ_55bfe0c670345e67ed34""]",run_1f27e7f7434a9d682f85
term_8c7807efb14d27a81ec1,have wished to stay longer in employment,measure,0.88,semantic-hybrid,True,title evidence with measure lexical cue,"[""occ_3185572b382b96bd57db""]",run_1f27e7f7434a9d682f85
term_b28741ef4ee8a1420a20,Health care expenditure,measure,0.88,semantic-hybrid,True,title evidence with measure lexical cue,"[""occ_ec022bce8478ca79bf2b""]",run_1f27e7f7434a9d682f85
term_6877ac7bdf8d2c604486,Health care expenditure - % of,measure,0.88,semantic-hybrid,True,title evidence with measure lexical cue,"[""occ_4eabef49344fc1b6947d""]",run_1f27e7f7434a9d682f85
term_90a64ab3d5b20b8a69eb,Health care expenditure - % of GDP,measure,0.88,semantic-hybrid,True,title evidence with measure lexical cue,"[""occ_92ad4069f088bd0c1753""]",run_1f27e7f7434a9d682f85
term_15efa487913f58000d1c,Health care expenditure - % of GDP - ENP-East,measure,0.88,semantic-hybrid,True,title evidence with measure lexical cue,"[""occ_74aaec40e6152bcf9782""]",run_1f27e7f7434a9d682f85
term_7a46a9a0691b4a23f53b,Health care expenditure - % of GDP - ENP-East countries,measure,0.88,semantic-hybrid,True,title evidence with measure lexical cue,"[""occ_79cf1b473c0eea02e3e8""]",run_1f27e7f7434a9d682f85
term_d675150861a7520caaf3,Healthy life years at birth,measure,0.88,semantic-hybrid,True,title evidence with measure lexical cue,"[""occ_07e1958e1478d6d01c6f"", ""occ_8659794ebbf4d17b40d6""]",run_1f27e7f7434a9d682f85
term_8c6d7b160f619ca2a31e,Healthy life years at birth by,measure,0.88,semantic-hybrid,True,title evidence with measure lexical cue,"[""occ_13bc6b44a936a2c32ab4"", ""occ_55755126f0d9109a6e7b""]",run_1f27e7f7434a9d682f85
term_8c0da67ed1006687b002,Healthy life years at birth by sex,measure,0.88,semantic-hybrid,True,title evidence with measure lexical cue,"[""occ_cf887005960b9b22e6e2"", ""occ_d29f59311ddcc641426a""]",run_1f27e7f7434a9d682f85
term_22006f00d0c02b4d1917,hens population,measure,0.88,semantic-hybrid,True,title evidence with measure lexical cue,"[""occ_97eb4b1fbdd88473275d""]",run_1f27e7f7434a9d682f85
term_ef744a3044f6224cc0a6,hens population - annual,measure,0.88,semantic-hybrid,True,title evidence with measure lexical cue,"[""occ_b90cc08533f872a9c944""]",run_1f27e7f7434a9d682f85
term_7f3a1242bc7c43f6db49,hens population - annual data,measure,0.88,semantic-hybrid,True,title evidence with measure lexical cue,"[""occ_ba8c4ceed9935bf8f1cd""]",run_1f27e7f7434a9d682f85
term_9b83e3239cd2a5b6767f,HICP - transport,measure,0.88,semantic-hybrid,True,title evidence with measure lexical cue,"[""occ_ddd2242245793029d431""]",run_1f27e7f7434a9d682f85
term_3bb933f61e9606e644aa,holdings by agricultural area,measure,0.88,semantic-hybrid,True,title evidence with measure lexical cue,"[""occ_e9202f3db441707fe649""]",run_1f27e7f7434a9d682f85
term_c3e49d8aa7de7677d251,hour in the last month) by price,measure,0.88,semantic-hybrid,True,title evidence with measure lexical cue,"[""occ_6d137bea68045e593ad9""]",run_1f27e7f7434a9d682f85
term_92d27c569c6c27c589e6,hour in the last month) by price setting,measure,0.88,semantic-hybrid,True,title evidence with measure lexical cue,"[""occ_2e1a661da2afb95a3f65""]",run_1f27e7f7434a9d682f85
term_f63ca7db3f4c38990267,Hours spent in CVT courses by size class - per person employed in all enterprises,measure,0.7682706973732001,semantic-hybrid,False,semantic centroid/neighbor measure fallback,"[""occ_62943d432633315e2c66""]",run_1f27e7f7434a9d682f85
term_103c901d723551fc6505,Hours spent in CVT courses by size class - per person employed in enterprises providing CVT courses,measure,0.7896997649875499,semantic-hybrid,False,semantic centroid/neighbor measure fallback,"[""occ_8f62be6a424c1a48f767""]",run_1f27e7f7434a9d682f85
term_889e83c0402a09059be4,Hours worked per week of full-time employment,measure,0.88,semantic-hybrid,True,title evidence with measure lexical cue,"[""occ_879750daa3868ffa4609""]",run_1f27e7f7434a9d682f85
term_0d3cf257f4215b83229b,House price,measure,0.88,semantic-hybrid,True,title evidence with measure lexical cue,"[""occ_2a48029521ba13fac3ed"", ""occ_4587af458c30517f82cb"", ""occ_607b31491c6081458491"", ""occ_647efbaf628e5078467b"", ""occ_66bd38748c01c38a0778"", ""occ_b85bb47ab2a445f9a0fe""]",run_1f27e7f7434a9d682f85
term_617f5c8256ea90658138,House price index (= 100,measure,0.88,semantic-hybrid,True,title evidence with measure lexical cue,"[""occ_7445f047a85abba5376c""]",run_1f27e7f7434a9d682f85
term_53a4355232fa8ec64f34,House price index (= 100),measure,0.88,semantic-hybrid,True,title evidence with measure lexical cue,"[""occ_5eae3f3b2cf7d182ee12""]",run_1f27e7f7434a9d682f85
term_5fbc89a00804aead0853,House price index (= 100) - quarterly,measure,0.88,semantic-hybrid,True,title evidence with measure lexical cue,"[""occ_5cabbf3da90bdd8e573d""]",run_1f27e7f7434a9d682f85
term_95b646dd7227ccce08b4,House price index (= 100) - quarterly data,measure,0.88,semantic-hybrid,True,title evidence with measure lexical cue,"[""occ_4fe249746295828a714b""]",run_1f27e7f7434a9d682f85
term_b47b154a36c123212d47,House price index - Item,measure,0.88,semantic-hybrid,True,title evidence with measure lexical cue,"[""occ_e4d42b925c802f2df478""]",run_1f27e7f7434a9d682f85
term_b287058763b62e747ffb,House price index - Item weights,measure,0.88,semantic-hybrid,True,title evidence with measure lexical cue,"[""occ_44c76ae8105c4507839d""]",run_1f27e7f7434a9d682f85
term_3a4e77480ce6563c451f,House price index - quarterly,measure,0.88,semantic-hybrid,True,title evidence with measure lexical cue,"[""occ_ce49f2dbb763dfbadb01""]",run_1f27e7f7434a9d682f85
term_7fd0142c8dd981cee687,House price index - quarterly data,measure,0.88,semantic-hybrid,True,title evidence with measure lexical cue,"[""occ_68b988f66554c2a11cc1""]",run_1f27e7f7434a9d682f85
term_20521c72e6cabba7e964,"House price index, deflated",measure,0.88,semantic-hybrid,True,title evidence with measure lexical cue,"[""occ_3f4920f08d71d78ce92d"", ""occ_47b61ef2ebae4ecb6ccd""]",run_1f27e7f7434a9d682f85
term_e0f29f96d8d8757cf4be,"House price index, deflated - annual",measure,0.88,semantic-hybrid,True,title evidence with measure lexical cue,"[""occ_28229e04167d30f9ba36""]",run_1f27e7f7434a9d682f85
term_4d5be5b88085385db32d,"House price index, deflated - annual data",measure,0.88,semantic-hybrid,True,title evidence with measure lexical cue,"[""occ_eded6b61ff20cd050ffb""]",run_1f27e7f7434a9d682f85
term_906d850b5d5057fa2434,"House price index, deflated - quarterly",measure,0.88,semantic-hybrid,True,title evidence with measure lexical cue,"[""occ_a98a381ca750e4340b0f""]",run_1f27e7f7434a9d682f85
term_cf8712dfc9d708cb8fa1,"House price index, deflated - quarterly data",measure,0.88,semantic-hybrid,True,title evidence with measure lexical cue,"[""occ_b9d1e1e2493920a661de""]",run_1f27e7f7434a9d682f85
term_14fbb936b6af82a1ad80,"House price index, nominal",measure,0.88,semantic-hybrid,True,title evidence with measure lexical cue,"[""occ_b9e14d82cb812bff193a""]",run_1f27e7f7434a9d682f85
term_690cb6526d5084ac54b1,"House price index, nominal - annual",measure,0.88,semantic-hybrid,True,title evidence with measure lexical cue,"[""occ_6b8c92ff209bff238a20""]",run_1f27e7f7434a9d682f85
term_3987c647edbf48762f80,"House price index, nominal - annual data",measure,0.88,semantic-hybrid,True,title evidence with measure lexical cue,"[""occ_8eb2185c251cfcffd7f4""]",run_1f27e7f7434a9d682f85
term_b42b72d1ef59e78b9232,House sales,measure,0.88,semantic-hybrid,True,title evidence with measure lexical cue,"[""occ_40ea3223e1f9da517b2d"", ""occ_73cdc07757bc293e63ba""]",run_1f27e7f7434a9d682f85
term_cfa2d9dc55de5e3d7d30,House sales - number,measure,0.88,semantic-hybrid,True,title evidence with measure lexical cue,"[""occ_244ad7064c736b3895eb""]",run_1f27e7f7434a9d682f85
term_1c397ab6dd2350e5f988,House sales - number and,measure,0.88,semantic-hybrid,True,title evidence with measure lexical cue,"[""occ_760c4bf896de29a9a6f6""]",run_1f27e7f7434a9d682f85
term_cd2e3d72989af950c229,House sales - number and index,measure,0.88,semantic-hybrid,True,title evidence with measure lexical cue,"[""occ_783f2a898edcd749168d""]",run_1f27e7f7434a9d682f85
term_6c72f8ffeed200b8ceb9,House sales - number and index (=100,measure,0.88,semantic-hybrid,True,title evidence with measure lexical cue,"[""occ_8fff71a93ff3b7da4021""]",run_1f27e7f7434a9d682f85
term_178302d0b9e82c3ea6df,"House sales - number and index (=100), annual",measure,0.88,semantic-hybrid,True,title evidence with measure lexical cue,"[""occ_b29f56ad385560488c54""]",run_1f27e7f7434a9d682f85
term_d47300ffaf337f995f13,"House sales - number and index (=100), annual data",measure,0.88,semantic-hybrid,True,title evidence with measure lexical cue,"[""occ_5f0a1f12eab7e804284c""]",run_1f27e7f7434a9d682f85
term_0b687869bf6e1e540205,House sales - value,measure,0.88,semantic-hybrid,True,title evidence with measure lexical cue,"[""occ_ff03fbf57f197b057324""]",run_1f27e7f7434a9d682f85
term_dfd97e7662592bf9cdb0,House sales - value and,measure,0.88,semantic-hybrid,True,title evidence with measure lexical cue,"[""occ_e1386d0d14985570de11""]",run_1f27e7f7434a9d682f85
term_16b481c64820dd0d9c0d,House sales - value and index,measure,0.88,semantic-hybrid,True,title evidence with measure lexical cue,"[""occ_1818e8e5a5a3c16b8464""]",run_1f27e7f7434a9d682f85
term_ecb88b511b59e1d37007,House sales - value and index (=100,measure,0.88,semantic-hybrid,True,title evidence with measure lexical cue,"[""occ_3c60dde6dcfacf1be3ea""]",run_1f27e7f7434a9d682f85
term_e672dc0f4d3f2641779a,"House sales - value and index (=100), annual",measure,0.88,semantic-hybrid,True,title evidence with measure lexical cue,"[""occ_f4bfdba8c3f078ebc510""]",run_1f27e7f7434a9d682f85
term_48fc1ea3059120d115be,"House sales - value and index (=100), annual data",measure,0.88,semantic-hybrid,True,title evidence with measure lexical cue,"[""occ_7f6a4019f183a86bf3c4""]",run_1f27e7f7434a9d682f85
term_244adf8ec03c79612b49,Household and NPISH final consumption expenditure,measure,0.7947907204170802,semantic-hybrid,False,semantic centroid/neighbor measure fallback,"[""occ_012c660a0f4653a33357"", ""occ_02227daa2168535c128a"", ""occ_024b13d1a5eb693d9d1f"", ""occ_0270ef08c3b6b79a04ba"", ""occ_027743a94ed8f120e1f3"", ""occ_03cc1ee6828c54cbe4aa"", ""occ_042895dd944e5ea2ffff"", ""occ_0506120efad3b0d6e66f"", ""occ_051e6c6908cb34c21026"", ""occ_07c650854c94af8a9479"", ""occ_0907238fdef362ae00a3"", ""occ_09a8479b813387556641"", ""occ_09dfcb240bc9c42bd81d"", ""occ_09ee9ef99c0e516f821a"", ""occ_09ef251eff814c40c797"", ""occ_0b9488e72831bcb46c08"", ""occ_0cc07c00e8cf4dbf1810"", ""occ_0d130c11804b99fca351"", ""occ_0dc610bb699a2e5d204b"", ""occ_104c2ae8ffe49165dc60"", ""occ_117fecf2fc9739392973"", ""occ_11fa82775614592eca5e"", ""occ_1316cb89e3f1f47ac415"", ""occ_13415ceab8049e6fe44e"", ""occ_14354f5f910528bb1dbc"", ""occ_145940c3b74a006404ee"", ""occ_15af3d51efc669f72354"", ""occ_15eee9a2a41ad39ac873"", ""occ_1695352cc10e2597f49d"", ""occ_16d6dd3d6520acb85d49"", ""occ_18439fe8decb058fdd27"", ""occ_18825d4f67ec85e7e466"", ""occ_199f05cc84a9a0cf3963"", ""occ_1ba152c10e45a47335d9"", ""occ_1ec2067ddd8c0fbef83d"", ""occ_1fcf5b13dabfa9fcfd13"", ""occ_1fff2cb86d1ced5dd2d1"", ""occ_20747bfe28d8e1595f39"", ""occ_21b3f217af563f4ae7e1"", ""occ_21cb69a775201f11f61b"", ""occ_22dee9d2cb445f8be45b"", ""occ_22e8f1513bf103ce2dd6"", ""occ_2305ab4fc19e01d36b1d"", ""occ_2490e6b15c987ad083a6"", ""occ_2494c221ffca1ff8f295"", ""occ_24a83199097eca6af206"", ""occ_2510b31e3757ba889006"", ""occ_25a38c16bbb5bdd06537"", ""occ_268ac7b92131ee847b8d"", ""occ_2854561f4c0635524b62"", ""occ_2870919e5045990d4958"", ""occ_296e040c791c0fa84432"", ""occ_2974a28f5328c425a365"", ""occ_29bbdb294dccb4af65cd"", ""occ_2ab12208cacd4ef2bbb2"", ""occ_2bf4ac74843e6c634f4e"", ""occ_2c18a258a642b6f250a7"", ""occ_2c2d75bfdcc3f284bd7d"", ""occ_2d4f9ec4e14167a779d7"", ""occ_2dd3088b76015a675eab"", ""occ_2fe614f5105c61408f4b"", ""occ_302b208375ba6557a2ed"", ""occ_308f9ffea0697e9b7a1b"", ""occ_30dff8fd92c3b384b97f"", ""occ_313465876c613556cbf1"", ""occ_324b2f875e571ac92226"", ""occ_325e9592aa0d5c26f096"", ""occ_32f2cc298891ec056318"", ""occ_3488537b480bd098b87a"", ""occ_348c497d658d1f95f439"", ""occ_3545100a857e6fa975bc"", ""occ_35bee9da22041fd1da03"", ""occ_36d296b5ee82804881f6"", ""occ_3785fbb5be3d157408d0"", ""occ_37c6c4dd875aa3bfcfb1"", ""occ_399f65571dcb862fb005"", ""occ_3a440faa953f081ec307"", ""occ_3a68e5e61cbfdfdeb7d5"", ""occ_3a9e60c24cd03a1d1ca6"", ""occ_3aa6b690225f6dba9979"", ""occ_3b74d9522e6f919bd38e"", ""occ_3c24804f63a16d5573ae"", ""occ_3c698b54a513c69b262b"", ""occ_3c727c142bb1475b90ce"", ""occ_3e957c6737fe077c1421"", ""occ_41158754c6bbe34c1d84"", ""occ_41d851a12254d52b19bb"", ""occ_4217fa7c5affb02841c3"", ""occ_43ae010cd709ab0d2f14"", ""occ_43f54f5bf002acd1d8af"", ""occ_44af62b238492d2538bd"", ""occ_44af6a70ef5bda52f5cb"", ""occ_46cdf1ebf1ae766601c3"", ""occ_47942df10543fd1b3ec3"", ""occ_49b29f840950db21740e"", ""occ_49ec10b96b63815b9030"", ""occ_4a1a6f98f830f394c3c2"", ""occ_4a4bb217639aa8fb19d1"", ""occ_4b667e57f2d85d3c81ea"", ""occ_4b9b34ae572ebf9caf14"", ""occ_4cbc39438b55c9890455"", ""occ_4f074211f59901108450"", ""occ_4f45388665ad493817f9"", ""occ_519232acd8908bad2d8a"", ""occ_5340ef6a43d2b77add86"", ""occ_536c48ca299998c28e5c"", ""occ_536e3a317e0da252cdae"", ""occ_54585bbc2e991e7dd7cd"", ""occ_55b9f78807a7207c7ffd"", ""occ_55c3cbf3e9d429aca758"", ""occ_5750a87116b6033af126"", ""occ_5766251ab02fbc73ca30"", ""occ_57903791f3887cd94c64"", ""occ_58234549502eb33dba46"", ""occ_585b0ea5115fbd38a15a"", ""occ_58ffaa1b7825b9e3cb80"", ""occ_59b5af1f095085a92f81"", ""occ_5a73ed15b501aef980ae"", ""occ_5b43b85de236c09dace2"", ""occ_5b4aafa0236fa4d7bae2"", ""occ_5be3f9c055a1258e3c8f"", ""occ_5bf54dd57c76672c52ca"", ""occ_5c02c70196b8fa9f4b4a"", ""occ_5c4afc53f170e2faae42"", ""occ_5ee97fc7e127f61deb23"", ""occ_5ffeb7d1f4d8db4ca8e1"", ""occ_60f29f90c8d0fd9c2a83"", ""occ_618d467e119ab1740358"", ""occ_61d19a58c5a77f2bd54b"", ""occ_63bc11106b19c88f8053"", ""occ_63eb115757124ee218b0"", ""occ_6413ef16ae6668fe8e1e"", ""occ_64c6287337b4ab8e2dab"", ""occ_65f6e2d5e665b19a3878"", ""occ_6627564166ecade37cbc"", ""occ_6630d29ecbb931865566"", ""occ_67ab779dcab8f1934de4"", ""occ_68a4be7428b2ef5d7dbb"", ""occ_68c10819f68ed328ba63"", ""occ_69c653e781a212bd397b"", ""occ_69fb939711dc7d6d1772"", ""occ_6b86687a95e2f86e0c19"", ""occ_6be42303e4c6a0a2e624"", ""occ_6cb36f46383105c446ce"", ""occ_6d548f606db739c66950"", ""occ_6e9b40b517d7234f9aa8"", ""occ_6edaf5a6e7c556ea05a2"", ""occ_6f71f5410fb0b86c36f9"", ""occ_727a13e20eba5727ecf2"", ""occ_72f722421ef56a73917e"", ""occ_73dd674a5708385c64c7"", ""occ_7438d3a13e4b997cbf16"", ""occ_7586de2af9ab662daa98"", ""occ_77b32454c4390cb63dff"", ""occ_77ea6db74ac95ef728cc"", ""occ_79689585e98ad9554db2"", ""occ_79b1d6395edecd25aa29"", ""occ_79e1bebe63e15dadfbbc"", ""occ_7a6fe83e334efe4fdba8"", ""occ_7b2c4dfca4e96f5b012e"", ""occ_7caa0ab2719e9dc1e222"", ""occ_7d0685fbee8bf3cbe83c"", ""occ_7d1cbe8127679b45140e"", ""occ_7da86bed6bf40df66f2a"", ""occ_7f6549dd4c0ece0116bf"", ""occ_7f6800b17cd20ec11928"", ""occ_7fdb0457f1f3f97db499"", ""occ_819ac61084d12718feae"", ""occ_828919c1c23816c0c2eb"", ""occ_84602faafc6ed0725350"", ""occ_85074ab78dab2b9b4add"", ""occ_853a864384f3a8255dc4"", ""occ_88571a0963cada3b1c54"", ""occ_8866aa5c8ac70af76a3b"", ""occ_88924f8803e1c697fdd5"", ""occ_893312f65801e021cd41"", ""occ_89bf83990898a657be5a"", ""occ_8a1de1c2f38606eb2970"", ""occ_8dd9c4e765b8e5863119"", ""occ_8f1f3f3d5ec33a2a0ce3"", ""occ_8f5a3b3ddad566f1ba39"", ""occ_8fed5bdd6437853dd3d3"", ""occ_90248a9b2418f9660837"", ""occ_90b861cb1fe40e2c750d"", ""occ_929586cd84baa60f4e84"", ""occ_9353ee3c9ec2611d0821"", ""occ_93987cb8de3a1ea54591"", ""occ_93ced7a3ff6611af0986"", ""occ_94fc1860400d5e7a9d25"", ""occ_95565c73b90ebd84bf37"", ""occ_95eb5b43cc3be189c4a5"", ""occ_9825f3f3bff9b7a7705c"", ""occ_9830b8f819f2ed630f96"", ""occ_9adc6fba4ea2b10e73a6"", ""occ_9d2c055bfab42f6b92c7"", ""occ_9dbbf2ed0b346022a402"", ""occ_9ddf3b74b9496b15fa1c"", ""occ_9e3f7350f42ee3bf96be"", ""occ_9f5e1bcf4c4e04409a4c"", ""occ_a07bc86586bc891bd69f"", ""occ_a1ca28d6798f159c3e7a"", ""occ_a285cfecfb136146e470"", ""occ_a286799010574e8ccb30"", ""occ_a2a8bf154990cd7c9b14"", ""occ_a2b43a734aad90bddd70"", ""occ_a33e897a38f6c4ecff6b"", ""occ_a34c7bdd56f67f5bd130"", ""occ_a5b5a1055f7e7ab45338"", ""occ_a75338bc1d683d860fc3"", ""occ_a9612e922d903d84a7a0"", ""occ_ac1dd441dee4c0f35e06"", ""occ_ad15ac638b386019d63b"", ""occ_adb8f908ef81439016d7"", ""occ_ae22d0cfc370c0867b90"", ""occ_ae89eb52e0a8d8bda2fe"", ""occ_b21539b9cf5e530e1378"", ""occ_b2c01ebf45132294c985"", ""occ_b4b419267022d95aff36"", ""occ_b701c52b78e16877a568"", ""occ_b7d1e35bc369d958b305"", ""occ_b85144aef1d598a8512c"", ""occ_b932a5f2e475fa378338"", ""occ_b9341feab13f941f104d"", ""occ_b9375a05879c31d18854"", ""occ_b9706eb98ad590ab3f9f"", ""occ_ba73e113b1ff8e480e82"", ""occ_bc630c5d497d66e9c3b6"", ""occ_bdb96d7dc7b38043318f"", ""occ_bf1d203644a96ac9e7d0"", ""occ_c0e169aaac13d8fbffc6"", ""occ_c184ffd43232a658bd5f"", ""occ_c18eb4a4f9ac9b12dc91"", ""occ_c1fb6252b83ea23d57b9"", ""occ_c214fdd6fd01097401ad"", ""occ_c2c47f916364fdf7183c"", ""occ_c35230df3b1d283d6556"", ""occ_c402b3f5096fa4983508"", ""occ_c5a49f49325a36bbc60b"", ""occ_c609958cb2e487442584"", ""occ_c67af6c6823089621751"", ""occ_c6de36f88b071e3906e4"", ""occ_c6fad4222f287de35f79"", ""occ_c752d7a7c7217ce5b488"", ""occ_c7560651763c0ca3d1ae"", ""occ_c764605f03ae33263505"", ""occ_c793eff49dee84eb1aaf"", ""occ_caea456609046b9a4e16"", ""occ_cb5c783379cd30fb1f64"", ""occ_cbe144f3717ad63da394"", ""occ_cc2e89c3863d19172571"", ""occ_cc90c3ad76853010909a"", ""occ_ccc6cb758ce872e446f2"", ""occ_ccd10b5c50b8970d1513"", ""occ_ccd9f4f40b849f1c4798"", ""occ_cd4ff945d8f2ca085770"", ""occ_cd51aed448b41797c44c"", ""occ_cdbef6579c67f368bd89"", ""occ_d0ab3b6d4108e3bf1402"", ""occ_d0f8d2e3b4dbce052f6b"", ""occ_d1cc77cb682f76a02df7"", ""occ_d2ae387cd1876d7fbc20"", ""occ_d313db780376c98719ef"", ""occ_d404b725433549800386"", ""occ_d6015e3e859a4f0aff37"", ""occ_d67df1fd47ac44d8c504"", ""occ_d7bf183cd260dc2daf4b"", ""occ_d888267648ae59d48110"", ""occ_d8a7e887ef469c8f610d"", ""occ_d9afac6474884822a89f"", ""occ_d9d10a68999291c26de3"", ""occ_d9e6b4807a66232234f0"", ""occ_da69af8f1df60e118ab3"", ""occ_da983b16d385d01428e7"", ""occ_dad18ad308f4d4022e94"", ""occ_db5c2dc877f56e3142f2"", ""occ_db5ec070b7351b3d53a5"", ""occ_db8c93fb67eea83a55ef"", ""occ_dbee39d73a860c14f231"", ""occ_dc0860f96dd1841c7902"", ""occ_dd2c69e7923eefcf0fbc"", ""occ_de1e4db86b4da220c52b"", ""occ_de5dd8bb27350a09d40b"", ""occ_e0e4944f73ce8cfeff55"", ""occ_e2c78ce041f059d51d2c"", ""occ_e2f74c88aa95cf795bb6"", ""occ_e33cb5a60dee861d9b4e"", ""occ_e5d106036c8b37c73960"", ""occ_e5f8ccf535901ab5ee03"", ""occ_e633c2aa51d889db32d5"", ""occ_e6738521124dc3cfae66"", ""occ_e6bcd0cfc6c08d45c2e9"", ""occ_e6c4c56e7d3b6a786b4a"", ""occ_e7c14dc50d3a522df5f2"", ""occ_e8378c0b195166f20238"", ""occ_e84cd903687909fb222a"", ""occ_e8d1d9ea27319f78a83f"", ""occ_e94f3093332dda3de112"", ""occ_e9c074dae2fb98a76678"", ""occ_ea05c11bf0b9c40f3600"", ""occ_ea2a644a335e31036bef"", ""occ_ea59be8e5676e8b4be40"", ""occ_eb1c2e2f4c81467b0be7"", ""occ_ebd0db9838ade3b53a85"", ""occ_ec11e61e7349a0295a8e"", ""occ_ec29fc04d18fa765ba9e"", ""occ_ee12758c126f05d96be0"", ""occ_ee9550ccc0aac3e07608"", ""occ_ef865eef03a40298bf98"", ""occ_f059b998a3d3ab7cf0fd"", ""occ_f0ce25b2941bd3601534"", ""occ_f0f9c86647d30536db40"", ""occ_f13f53fbfe539c9f1eac"", ""occ_f1c51672e5cad4212cdd"", ""occ_f34efa1796871e11980a"", ""occ_f375ebaad2856b25fe80"", ""occ_f37dfba1eb1d9c30eb39"", ""occ_f43d92f9b8f44bee8d1d"", ""occ_f4aee05f81f9770549aa"", ""occ_f4c0a6f056fea953a3fc"", ""occ_f5878cb7e71b71c7b35a"", ""occ_f694d55f4ea77bce75e0"", ""occ_f6c5eec3b2cc0aa13fbb"", ""occ_f6fad6fdd59259a4764f"", ""occ_fa6f47f1a5df0745c2ea"", ""occ_fb450b783bea2c8b2009"", ""occ_fbeaa2170f3795943022"", ""occ_fc32a4c45ec2574962b2"", ""occ_fcfdf0b8be7d3242bb63"", ""occ_fe0a94e1a822a916e1c9"", ""occ_ff87dfa94ae34927423a""]",run_1f27e7f7434a9d682f85
term_2b65c9ec8a672b8152af,Household consumption volumes of electricity by consumption bands,measure,0.7909735411635522,semantic-hybrid,False,semantic centroid/neighbor measure fallback,"[""occ_9db32bc691becee57cde""]",run_1f27e7f7434a9d682f85
term_7802ebcc68fd8f857547,Household consumption volumes of gas by consumption bands,measure,0.7909277577725887,semantic-hybrid,False,semantic centroid/neighbor measure fallback,"[""occ_7bf82179eafcb8f34b02""]",run_1f27e7f7434a9d682f85
term_ab72e901afb98632b9bd,household population,measure,0.88,semantic-hybrid,True,title evidence with measure lexical cue,"[""occ_a044f5c294a8ff13036a""]",run_1f27e7f7434a9d682f85
term_d46770ebcd55ccd8baf3,household population - experimental,measure,0.88,semantic-hybrid,True,title evidence with measure lexical cue,"[""occ_82f0dca44851930fff24""]",run_1f27e7f7434a9d682f85
term_9be9b721c5f28d6cfb46,household population - experimental statistics,measure,0.88,semantic-hybrid,True,title evidence with measure lexical cue,"[""occ_2ba801f5a6aced60fab3""]",run_1f27e7f7434a9d682f85
term_c2eac31babcbf50d29ec,Household saving rate,measure,0.7940506849422665,semantic-hybrid,False,semantic centroid/neighbor measure fallback,"[""occ_3abbde9c9da73d521759"", ""occ_4e03e7240749b7c40eac""]",run_1f27e7f7434a9d682f85
term_5ac66553cf6d1848357e,Households by size (number of persons),measure,0.7825378755300828,semantic-hybrid,False,semantic centroid/neighbor measure fallback,"[""occ_ec7266d3f717374f56dd""]",run_1f27e7f7434a9d682f85
term_d322d3c6423d5473a829,Households investment rate,measure,0.7888354868908855,semantic-hybrid,False,semantic centroid/neighbor measure fallback,"[""occ_16e621e571f758209302""]",run_1f27e7f7434a9d682f85
term_628455a11573ca2bb70f,Households located in rural areas,measure,0.7633768299294404,semantic-hybrid,False,semantic centroid/neighbor measure fallback,"[""occ_00643c42ec96bd75acd8"", ""occ_0726b87f32b18b1decd3"", ""occ_0be2591e3a932956dd28"", ""occ_0c9f692184148a43cf63"", ""occ_12edf7de1e3cea195358"", ""occ_187140232ee6574260e0"", ""occ_19fe6f200a9e6031de12"", ""occ_1ba79adb9ea72c62baee"", ""occ_1e8e37ec770bbe55e6b1"", ""occ_28faa8555714396de2b5"", ""occ_2b2cff3bb3ba0db69594"", ""occ_2c4c4b9a8e08b4a0630a"", ""occ_34dbc0de662dc0ec5f77"", ""occ_3925d90d65bb684d9157"", ""occ_3a476c27299a8f8c8269"", ""occ_474162c67021bdbe58ff"", ""occ_4a02c1df646aa967c613"", ""occ_4abf975300ea8dd71ce7"", ""occ_4bfe83c2fe68bfe88ac7"", ""occ_4db58ba8d80100993129"", ""occ_4f1213505c88e9017c7a"", ""occ_4fccfa345258d59fd821"", ""occ_545febeca064f0d2b5a5"", ""occ_584d0f8f78804c5aa602"", ""occ_5ad6d107328dd1895f0e"", ""occ_60d577c95a3fdaebc0e9"", ""occ_6230e93bd8002ded1fe1"", ""occ_62cf0b31f6c7a5c88402"", ""occ_64f521facb8010596860"", ""occ_65b03b7f423433e12851"", ""occ_69780809de0dddcad775"", ""occ_6ea57ab3d622623f9c1d"", ""occ_6f8722084355256ec96e"", ""occ_7126c30928aca5f0695b"", ""occ_7264955a66730948ea00"", ""occ_786e843c681a53ad3d9c"", ""occ_790e6fb8045b7a912100"", ""occ_794eab3599a63a4ff4c5"", ""occ_7e8ea24e8102a959cd8f"", ""occ_8008f6ac70ab16e4ad9c"", ""occ_80586ba1b748639c8c5e"", ""occ_81e0495afe36bcdee5fa"", ""occ_84f925439b5dcce34c1b"", ""occ_8fe6d6faf44e68753308"", ""occ_97c57cc6dd45a23895e1"", ""occ_9b9ca39cb66472754065"", ""occ_9c0d853f70698c56fa19"", ""occ_9dcd5174b982574e8481"", ""occ_9fabcccb14385af13385"", ""occ_9fd580313bfa50c5a0ac"", ""occ_a546295d01a5c69490c3"", ""occ_a5550c6fd6163ed12a51"", ""occ_a90cdaf3b730c6406a1c"", ""occ_abcf126f6c25f8e3a335"", ""occ_ad38906c01a7efc7d1e3"", ""occ_aeaa66abd85a8eb3d1fe"", ""occ_b25c5c65c27da05ecc89"", ""occ_b355362d9d940f717c98"", ""occ_b4278e4af88e0d5e5f96"", ""occ_b64ec12ed004bc8815d7"", ""occ_c0e5ff586e65fd31a696"", ""occ_c20f6904036aabd53e7b"", ""occ_c41bd04131cad3b7193c"", ""occ_c77005888a7f894f0690"", ""occ_cb2d0b3d5b6530e533c5"", ""occ_cca4123f8187a7766781"", ""occ_d75bd6677a75e6ae0163"", ""occ_e6f9e189b72acbc421a5"", ""occ_eace9a4a6150953f1b88"", ""occ_eb2442ec0f67a684a570"", ""occ_ecd074048b524f6f4502"", ""occ_eff56e20665c2ecc0003"", ""occ_f50b1a62359cc871b7c0"", ""occ_f64aa4f7301134421be1"", ""occ_fa11e9298cae6134a80f"", ""occ_ff3fa95a7e954c61bcfd""]",run_1f27e7f7434a9d682f85
term_e078531806d3a6d4ed9d,Households maintaining the same standard of living using savings by duration and risk of poverty threshold,measure,0.7638265855517374,semantic-hybrid,False,semantic centroid/neighbor measure fallback,"[""occ_d8b9a9b48241b339ccc6""]",run_1f27e7f7434a9d682f85
term_13651020ba78c81c5a10,"Households' actual social contributions, revenue",measure,0.7811195018177552,semantic-hybrid,False,semantic centroid/neighbor measure fallback,"[""occ_2dd6f0179899436e02e4""]",run_1f27e7f7434a9d682f85
term_16f40810805c9cc57397,Households; non-profit institutions serving households,measure,0.7631054928661728,semantic-hybrid,False,semantic centroid/neighbor measure fallback,"[""occ_008d6d37a94112867ab0"", ""occ_010c264b6c3ef0148426"", ""occ_01b2dab925fe914fd95b"", ""occ_022663820994eb006a77"", ""occ_026d00170c2c070519b0"", ""occ_027efc3b2492ff42ac47"", ""occ_02f5f79f50a0121061ae"", ""occ_0304ef242da4042d9538"", ""occ_0388562ba49417c302c8"", ""occ_0404a7f59051faa42b3a"", ""occ_04f2be1a1f04d64eb2a5"", ""occ_051a8aea58ee37c2272f"", ""occ_05465438a2b494b4c132"", ""occ_05c008fdc0029bc7b653"", ""occ_05d057a523ecc70567cf"", ""occ_06380206b69ae6229d36"", ""occ_0654c8bb59f10c50095c"", ""occ_09610928346cbc813930"", ""occ_09922c82d3c35cd9708b"", ""occ_0bdf33844b5ae382f3c7"", ""occ_0cc4b56297875ca735a5"", ""occ_0cd79d2cb37350049f89"", ""occ_0de4bd702c1f86c19166"", ""occ_0efb2b6191a5c59837c0"", ""occ_0f641a5801f9760fa483"", ""occ_142310165847f6a9a92f"", ""occ_16fca96e51761985818a"", ""occ_175d19cbd5fb43a6b307"", ""occ_18561198f72e1e2826d0"", ""occ_19479a61a6e9e3dd037a"", ""occ_196d787a7e40e67b4251"", ""occ_1b7def6f5a3c3bd3e3f8"", ""occ_1b85818dc5f4433fc5de"", ""occ_1cf78377a2bf6415f16b"", ""occ_1d1508b2894b07546355"", ""occ_1df99bf75b3cb2390cae"", ""occ_1f9e4867a08f2f2d0277"", ""occ_21831bb4631c3b482e8e"", ""occ_232458a466e5d6a40796"", ""occ_23d5695eed0fc9f4596d"", ""occ_23f76b611f81b8f0fcf8"", ""occ_24b077c8e586a8f96ed7"", ""occ_26f440c4ce48b3c8478e"", ""occ_2757f29d17b18b2fa119"", ""occ_27d9333f8d45368d4574"", ""occ_285331a2e3338a5ebe71"", ""occ_28cf583d04ce1bb6fffd"", ""occ_28d0c779158489df5f0c"", ""occ_2a8ad0f6ff88033500ba"", ""occ_2bb317036746f32461ad"", ""occ_2bb56e7e4ce89d48270a"", ""occ_2d3190701be5c1a7a84e"", ""occ_2e1dc6b2b6b04d5ab52f"", ""occ_2ed443890809beca2560"", ""occ_2ede542c2504eda8e470"", ""occ_304d1fe04c2161e6111b"", ""occ_32021299f7898743ac3f"", ""occ_3221cd8ab21cebb81aa2"", ""occ_32e0626a666eb188c905"", ""occ_345f3fc79cf9b4e3e87e"", ""occ_34de1d2944fb79760116"", ""occ_377dc3d75bae934c3013"", ""occ_37801828ca9c27d40a2c"", ""occ_37c4592c17954c32212d"", ""occ_37f65ffc218f921dae34"", ""occ_38ca15898512a5527770"", ""occ_38ddee8f094ee9f38937"", ""occ_39a0b4484438472d0e32"", ""occ_39f2b297554c7de6d168"", ""occ_3a024b995694ab153a42"", ""occ_3a5c5396e2ff926a22e8"", ""occ_3a76cd96346e2cd46e7c"", ""occ_3d989373b0f6afa1df1b"", ""occ_3e0abb7c4f91b7f45fa0"", ""occ_3fe0dc962ddab2c513cc"", ""occ_4051c2daf18a9b6b8de5"", ""occ_40f5ac5d42ba67c9f667"", ""occ_45cfd2e691ac37986b28"", ""occ_4ad3a1d77e36ed3f5ca2"", ""occ_4cece8fc861fa39e810d"", ""occ_518a3647940a0f9bee4b"", ""occ_54701b974626039eaf43"", ""occ_54ec839ecc56b6cd372f"", ""occ_56a53994b8f2f8051da7"", ""occ_56bf3936304762d14db7"", ""occ_57448582a4507ba1fcc2"", ""occ_576a7e29798812c9c348"", ""occ_57adeb9e8ec84d453e6e"", ""occ_5863498027994642d274"", ""occ_5a496addc1230efec2e3"", ""occ_5b6bcecdd88eb52a05b1"", ""occ_5cac0c7b4c266b45f95d"", ""occ_5e016dee0c19ed0e2ae3"", ""occ_5f9129cf698d8d295851"", ""occ_60c4fe3458077f5161fb"", ""occ_61eae0d51ed68429de43"", ""occ_625ca7ce3de95f2fe270"", ""occ_659327998f39a1d94629"", ""occ_67a50d2780282acaf6eb"", ""occ_6908c353eeff5d846f2e"", ""occ_6a6638125ea272e831d5"", ""occ_6a9ec28252be0189f818"", ""occ_6b6219c5f2fa9b0e30b7"", ""occ_6b715a0f0a21b167de49"", ""occ_6c7325b2463eb4cf316d"", ""occ_6cf4b2a552f82b4a9a98"", ""occ_6d52d4cd9ed5ca99f27c"", ""occ_6ea57d1ff06b694cf059"", ""occ_705df8fa33d0e36efb15"", ""occ_7091be61d24e2eca2f67"", ""occ_71f8b235e8dc56f4b339"", ""occ_72fe23b2c747fd8673ff"", ""occ_731b6f44edc1039128b8"", ""occ_73ec890065a704b817f8"", ""occ_74c9ba02c3dbf89987f7"", ""occ_750588202b0c99f75ac3"", ""occ_766b1471af45560a8eee"", ""occ_77758435c3aad75935c8"", ""occ_77ff3612d81e058bd927"", ""occ_780b8cadfc719d1bb48e"", ""occ_795871cd0a792aec36a8"", ""occ_7981bbb8283bd76c536b"", ""occ_79f185478b3b17697a8a"", ""occ_7a850287592e26ba161e"", ""occ_7adeebd84a563e9f2c53"", ""occ_7b551736b32339e8973a"", ""occ_7c15092f659d4b5f0e16"", ""occ_7c3e93573e0cc966c75e"", ""occ_7e8b64b5604230a81324"", ""occ_7f45170117a6b9c32547"", ""occ_8208adfd4c683668c9b4"", ""occ_8284f625e346dc237742"", ""occ_83d97756090fbbb4d777"", ""occ_83ebda9a0b80b26df5ac"", ""occ_8453938648b789daca5f"", ""occ_8504a5bd2f2ad5b71072"", ""occ_853d0361b426b8e5dd50"", ""occ_85ae922a9fbf15b77764"", ""occ_85d4e91f7beae75c0cfc"", ""occ_866c8d3987958b840fef"", ""occ_88b02bf45644e0cb70c7"", ""occ_89d85e5593d9f575792a"", ""occ_8cdb5bd06df6d5a751be"", ""occ_8db50907635c45d233a7"", ""occ_8e3cbf09d662fca65e58"", ""occ_8f315f78bda156a1f857"", ""occ_922be32518f395bd401d"", ""occ_9323266748b2c948d09e"", ""occ_93c9d9d3df642f9c1ee8"", ""occ_93df57f2a65b1de7cdca"", ""occ_95faf03ec83fef7bee81"", ""occ_98a4213154c106c656c0"", ""occ_9a99bfd09f673a191035"", ""occ_9ad408121c36a40daf46"", ""occ_9b5f6dc399e0a757ded8"", ""occ_9c8d5ffdef2c8f37020f"", ""occ_9cb1c95ab88cc4a87995"", ""occ_9cc87fb347377b8962f1"", ""occ_9eeaf772287ae24c5313"", ""occ_9f1d16c4ecbf42fb5d2f"", ""occ_a064689d00f4a2468d34"", ""occ_a20f6012505e22b7a87a"", ""occ_a458648cdadd0b0848e4"", ""occ_a4f4c48a751f5a6ce598"", ""occ_a65eeaca16e3f7faf877"", ""occ_a6fcfb11151c22c17591"", ""occ_a743f12da28a7e60ea78"", ""occ_a827b3cad88323f1830e"", ""occ_a8ec9aa9ca88c625613e"", ""occ_a94a303797c9adbfdf23"", ""occ_ab33261036c40acdf277"", ""occ_ac6b8a393e65f7673f51"", ""occ_aedc06b98cd4334fcd9c"", ""occ_b1b96ffd54a1fc61376e"", ""occ_b3263bf6e8709e372f04"", ""occ_b45e1d12b962fe768fee"", ""occ_b678eeaf6bb033a0c32d"", ""occ_b684a69ee883379531ec"", ""occ_b798fe128e4a3043bc5e"", ""occ_ba25136bae7ee8adf76d"", ""occ_bacf0bfb8bdb6853021a"", ""occ_bb8dae49f8c0c4e80b32"", ""occ_bc8b9e845a641382b287"", ""occ_bcc795fca3c467d7e5f1"", ""occ_bcd2706c857862743422"", ""occ_bd15ee4812b52821ead6"", ""occ_c044fbfe6ff150840fa1"", ""occ_c06a684437a125670d76"", ""occ_c080c54f744476800510"", ""occ_c0a9f193d396fb34409b"", ""occ_c0b586e495c923e3c2b3"", ""occ_c221d0ded14dcc5eb3b8"", ""occ_c33d509a2868f3b46227"", ""occ_c41eec84e0a2d1943889"", ""occ_c478af3605453689a39b"", ""occ_c47ed368da76e0edb783"", ""occ_c58b60c98b4e6945e552"", ""occ_c6ae46d144b23b24264a"", ""occ_c71290ac82b01085cf39"", ""occ_c91202b9581b834251a7"", ""occ_c942a95bbd39b116bddc"", ""occ_c9d4c60616ad742c37ca"", ""occ_ca36f714052355172574"", ""occ_ca881c6cfb4da33d8961"", ""occ_cabb07b36df0aade18eb"", ""occ_cad9dee4498ae69c6bfa"", ""occ_cbe4615be40125c106a7"", ""occ_cc30be0558809b110a90"", ""occ_cd60a61b29907ae4c5e3"", ""occ_ce888eacb3a4bf0c7ca6"", ""occ_d0f020892bde9752606d"", ""occ_d1babd0ed04cb1294710"", ""occ_d28d5d3ad2421fc3e6c5"", ""occ_d51762301c492e6809e0"", ""occ_d52a163763e93f7812e2"", ""occ_d74bd356f5083f5d836d"", ""occ_d8435cf53e1b0a80a579"", ""occ_d960fe0867e37c220bf9"", ""occ_d9d8333c81f12c3c911f"", ""occ_da4a7e56c9eabba4dbd1"", ""occ_da74f6431cface2f0ce6"", ""occ_daef30f70c188d2c074f"", ""occ_db012343b9ddc7d6655f"", ""occ_dbdc1b3a5146a1828e9a"", ""occ_dc25b952b8871805fc14"", ""occ_dc2af302901b9251183b"", ""occ_dc748d972e63a6621adc"", ""occ_dcca9d2cc6a1808fdeb6"", ""occ_dd3e88ee01aabed1867a"", ""occ_dd4aceea1004543fcde6"", ""occ_de1938b1f6613915d181"", ""occ_e0f0a816aca90bd66f94"", ""occ_e136114c7f753fb0f068"", ""occ_e2459b27b95ff7ad7ec4"", ""occ_e28c9ea32f09585026cb"", ""occ_e337350bb6b8d0bbdb0c"", ""occ_e3a77b752301ecc8ac7e"", ""occ_e43ef83ffc7ff5d6af8a"", ""occ_e5094d0a6ef783a7569e"", ""occ_e655338b217494fc41ca"", ""occ_e80400fa4e3ab8a812fe"", ""occ_e8fb023b07e1e55041a2"", ""occ_ea6050c9262c4cb2d613"", ""occ_eaabc071c8eff0a616b2"", ""occ_eb6f2176517de20b2162"", ""occ_eba24c02ea03141bdc49"", ""occ_ed2d16b25b5595abb638"", ""occ_ef74eafdedf3b3b75fbd"", ""occ_f005f35f8d0ae29ac688"", ""occ_f0df355b34f240f28e0b"", ""occ_f1fef274bbb837cb1417"", ""occ_f39a0bf3f600f525b782"", ""occ_f41b4617eafbf9282035"", ""occ_f4b93480cb86035728f1"", ""occ_f7986a04bfbf7ac5a1c7"", ""occ_f963d7d25b007e895120"", ""occ_fabf0e0906ebfed70005"", ""occ_faf31467dd88000fb1ed"", ""occ_fb2ae408a6d6a3021cf6"", ""occ_fbe6f3bfab7c2f9102ee"", ""occ_fbfd1f841bb32ae1de44"", ""occ_fc5da64dfe5fbd37ca2d"", ""occ_fd2ec9bd2310f5b334c5"", ""occ_fdc6eea21881ddfa70ca"", ""occ_fe10e02b558d3795637e"", ""occ_ff16c3374e78c384845f"", ""occ_ff73907254a3630eec01""]",run_1f27e7f7434a9d682f85
term_b439eb668f8bececa991,Housing cost overburden rate by age,measure,0.7710271517777547,semantic-hybrid,False,semantic centroid/neighbor measure fallback,"[""occ_dc4c50aa418df7c88b01""]",run_1f27e7f7434a9d682f85
term_f1c41298a092699698ce,Housing cost overburden rate by age group,measure,0.7683419736361851,semantic-hybrid,False,semantic centroid/neighbor measure fallback,"[""occ_1c14854ed73faae66ad4""]",run_1f27e7f7434a9d682f85
term_075a9bc4ea7de07a021d,Housing cost overburden rate by degree,measure,0.7619037502936684,semantic-hybrid,False,semantic centroid/neighbor measure fallback,"[""occ_9702dd5bfc96013e5bd9"", ""occ_dff2abeda9d431f022a4""]",run_1f27e7f7434a9d682f85
term_e5a087fe045675b2ba5b,Housing cost overburden rate by degree of,measure,0.7646581509511393,semantic-hybrid,False,semantic centroid/neighbor measure fallback,"[""occ_22ab9e814ed0c07394c1"", ""occ_874db49a0cb590497e0b""]",run_1f27e7f7434a9d682f85
term_71d6b52e7184ae0052c0,Housing cost overburden rate by household,measure,0.7696217772578626,semantic-hybrid,False,semantic centroid/neighbor measure fallback,"[""occ_7d60009dd40b72871c8b""]",run_1f27e7f7434a9d682f85
term_1d36fabdc211d3d3ebf1,Housing cost overburden rate by household type,measure,0.7744031809521867,semantic-hybrid,False,semantic centroid/neighbor measure fallback,"[""occ_cd5d6d66d669ebdf841b""]",run_1f27e7f7434a9d682f85
term_3f3aa3e25e106b5d80ce,Housing cost overburden rate by household type - EU-SILC,measure,0.7655091681163315,semantic-hybrid,False,semantic centroid/neighbor measure fallback,"[""occ_248e7f72bbf303e18c7f""]",run_1f27e7f7434a9d682f85
term_07b9b39822df193edc53,Housing cost overburden rate by household type - EU-SILC survey,measure,0.7672351714905289,semantic-hybrid,False,semantic centroid/neighbor measure fallback,"[""occ_81c9257ba6b9d312685a""]",run_1f27e7f7434a9d682f85
term_3a0b721e15c7acc5b329,Housing cost overburden rate by income,measure,0.88,semantic-hybrid,True,title evidence with measure lexical cue,"[""occ_0cb9e4e82ef9e8e1d263"", ""occ_8f5f3ca5c90d7e1f36f3""]",run_1f27e7f7434a9d682f85
term_bf76785e1783edcc57fa,Housing cost overburden rate by income quintile,measure,0.7793750592253145,semantic-hybrid,False,semantic centroid/neighbor measure fallback,"[""occ_3524044f76e90f67def1"", ""occ_e9e4fd1216693b984acd""]",run_1f27e7f7434a9d682f85
term_fc728444a091d367f04d,Housing cost overburden rate by income quintile - EU-SILC,measure,0.88,semantic-hybrid,True,title evidence with measure lexical cue,"[""occ_01518a927079816d5763""]",run_1f27e7f7434a9d682f85
term_d3a86d6b1442368c3650,Housing cost overburden rate by income quintile - EU-SILC survey,measure,0.88,semantic-hybrid,True,title evidence with measure lexical cue,"[""occ_328c74eba1fcc2cdd2b6""]",run_1f27e7f7434a9d682f85
term_0ec08294e9e4467775da,Housing cost overburden rate by NUTS,measure,0.7727197323087611,semantic-hybrid,False,semantic centroid/neighbor measure fallback,"[""occ_8dabae2471be7f0b0bca""]",run_1f27e7f7434a9d682f85
term_9f1a63e49db6eadaf2e7,Housing cost overburden rate by NUTS 2,measure,0.7687478540769904,semantic-hybrid,False,semantic centroid/neighbor measure fallback,"[""occ_9699723d51654902e5c5""]",run_1f27e7f7434a9d682f85
term_2be1d31fb00e3d64b28f,Housing cost overburden rate by poverty status,measure,0.761404251381487,semantic-hybrid,False,semantic centroid/neighbor measure fallback,"[""occ_3c5bd52106d31a12c950"", ""occ_664dd7f774b8468bbee9""]",run_1f27e7f7434a9d682f85
term_b3dfa72ef2decd264f8b,Housing cost overburden rate by sex,measure,0.7761525038524842,semantic-hybrid,False,semantic centroid/neighbor measure fallback,"[""occ_b2574620e364f56a4310""]",run_1f27e7f7434a9d682f85
term_049d0c0be509410fae85,Housing cost overburden rate by sex - EU-SILC,measure,0.7693135816136973,semantic-hybrid,False,semantic centroid/neighbor measure fallback,"[""occ_634ec0774a17ad1b3313""]",run_1f27e7f7434a9d682f85
term_ce6acb5890a7891864e9,Housing cost overburden rate by sex - EU-SILC survey,measure,0.7637837521394284,semantic-hybrid,False,semantic centroid/neighbor measure fallback,"[""occ_dc809bf1f9bd92d693ab""]",run_1f27e7f7434a9d682f85
term_2e025dde95a25caa14de,housing deprivation rate by degree,measure,0.7603199620326507,semantic-hybrid,False,semantic centroid/neighbor measure fallback,"[""occ_b5ce10c4b82c1567d524""]",run_1f27e7f7434a9d682f85
term_3a5fb83e9d7d9151f2a9,housing deprivation rate by income,measure,0.88,semantic-hybrid,True,title evidence with measure lexical cue,"[""occ_1753ccd837127f578ffa""]",run_1f27e7f7434a9d682f85
term_9d51e8980fd7dd9b3f9a,housing deprivation rate by income quintile,measure,0.88,semantic-hybrid,True,title evidence with measure lexical cue,"[""occ_772a12d4723eb9ca7eaa""]",run_1f27e7f7434a9d682f85
term_c9c999d6f509701296b1,Housing deprivation rate by number,measure,0.7624061076216068,semantic-hybrid,False,semantic centroid/neighbor measure fallback,"[""occ_f1d54bc6c32c9e5c929f""]",run_1f27e7f7434a9d682f85
term_1bcfc773a90845ab8414,Housing deprivation rate by number of item,measure,0.76923260021399,semantic-hybrid,False,semantic centroid/neighbor measure fallback,"[""occ_794f9ff0766e763e1791""]",run_1f27e7f7434a9d682f85
term_aaee9a58a408d38fc854,Housing deprivation rate by number of item - EU-SILC,measure,0.7616818743980073,semantic-hybrid,False,semantic centroid/neighbor measure fallback,"[""occ_60f2b8241a59b8797cc7""]",run_1f27e7f7434a9d682f85
term_993da552a6a30c796cd7,Housing deprivation rate by number of item - EU-SILC survey,measure,0.7617431686474412,semantic-hybrid,False,semantic centroid/neighbor measure fallback,"[""occ_3eb886e959d08e0a1241""]",run_1f27e7f7434a9d682f85
term_243ce5b96332191b1a03,ICT sector at current prices,measure,0.88,semantic-hybrid,True,title evidence with measure lexical cue,"[""occ_85024ce5a8fb5dc3f738""]",run_1f27e7f7434a9d682f85
term_eaf9e43f9dcc59029fbc,ICT sector in Gross value added,measure,0.88,semantic-hybrid,True,title evidence with measure lexical cue,"[""occ_70f33e6b6891aad5efc6"", ""occ_7212c79d96ba055874a8""]",run_1f27e7f7434a9d682f85
term_ccd43cd1a6217021eace,ICT sector personnel in total employment,measure,0.88,semantic-hybrid,True,title evidence with measure lexical cue,"[""occ_b15d3fc568798dc1955c"", ""occ_f82c84b91f8a86019889""]",run_1f27e7f7434a9d682f85
term_deb2e815950573294b63,Import dependency on third countries by fuel type,measure,0.7725676195829758,semantic-hybrid,False,semantic centroid/neighbor measure fallback,"[""occ_bf46ca8becfef19fe7de""]",run_1f27e7f7434a9d682f85
term_279299320420f1e79451,Import prices - capital,measure,0.88,semantic-hybrid,True,title evidence with measure lexical cue,"[""occ_0312bd4acc358aa1d8c2""]",run_1f27e7f7434a9d682f85
term_b5b8d388f2ef30d9a63b,Import prices - capital goods,measure,0.88,semantic-hybrid,True,title evidence with measure lexical cue,"[""occ_c6e75cb2e7aefd928dff""]",run_1f27e7f7434a9d682f85
term_5b655c3bc522fae7cdbc,Import prices - consumer,measure,0.88,semantic-hybrid,True,title evidence with measure lexical cue,"[""occ_9b5c33d5de6359751fd9"", ""occ_b8f67b54ee23e252e504""]",run_1f27e7f7434a9d682f85
term_fa079b5a5c445856b3d5,Import prices - consumer durables,measure,0.88,semantic-hybrid,True,title evidence with measure lexical cue,"[""occ_d11da2a6bc236774b02c""]",run_1f27e7f7434a9d682f85
term_113fb5fe2b429e592b11,Import prices - consumer non-durables,measure,0.88,semantic-hybrid,True,title evidence with measure lexical cue,"[""occ_4f392b58049d72c3e031""]",run_1f27e7f7434a9d682f85
term_7f7f8f2bae40a43e4463,Import prices - intermediate,measure,0.88,semantic-hybrid,True,title evidence with measure lexical cue,"[""occ_015e3ebaf4266843d561""]",run_1f27e7f7434a9d682f85
term_01e9da427b6abfa900c2,Import prices - intermediate goods,measure,0.88,semantic-hybrid,True,title evidence with measure lexical cue,"[""occ_e02a8309759fefd4cfb2""]",run_1f27e7f7434a9d682f85
term_1db7e88dc0bc19d4fa1a,Import prices - manufacturing,measure,0.88,semantic-hybrid,True,title evidence with measure lexical cue,"[""occ_3cbab9c9c748c536711c""]",run_1f27e7f7434a9d682f85
term_6efaddb11ded1e48b70b,Import prices - total,measure,0.88,semantic-hybrid,True,title evidence with measure lexical cue,"[""occ_a1d5b5e81b9c8e08e2e9""]",run_1f27e7f7434a9d682f85
term_22efcbdc7e86854e5717,Import prices - total industry,measure,0.88,semantic-hybrid,True,title evidence with measure lexical cue,"[""occ_8080d2b2140395439331""]",run_1f27e7f7434a9d682f85
term_66eb75abbd7816e50146,"Imports of goods & services, as a share of GDP (%)",measure,0.766896896441531,semantic-hybrid,False,semantic centroid/neighbor measure fallback,"[""occ_232a96ea64bd8cf2a1a8"", ""occ_47d8c9f54687b32f10e1"", ""occ_52f44dd5d266a033a00a"", ""occ_788c1a8b3f9a51113e7c"", ""occ_88f60cb482e4163552f0"", ""occ_a419b197351a1a0a52d6"", ""occ_a9c68b305087921a5578"", ""occ_d5a28638432e58cbec9e"", ""occ_f4815bc41abb285f9812""]",run_1f27e7f7434a9d682f85
term_c4e193b79f7c26d0cd98,Imports of goods - machinery and transport equipment,measure,0.88,semantic-hybrid,True,title evidence with measure lexical cue,"[""occ_2db08bf1f7c39b75f2a1""]",run_1f27e7f7434a9d682f85
term_6e013eaf01ca71a8b4dd,Imports of goods and services in % of GDP,measure,0.88,semantic-hybrid,True,title evidence with measure lexical cue,"[""occ_96d11273d5c8fc9b64a1""]",run_1f27e7f7434a9d682f85
term_6fd4f21951e5555445fa,in adjusted gross disposable income,measure,0.88,semantic-hybrid,True,title evidence with measure lexical cue,"[""occ_f2d40d6a6213782804d3""]",run_1f27e7f7434a9d682f85
term_d412d1580f8b285945b4,in adjusted gross disposable income of,measure,0.88,semantic-hybrid,True,title evidence with measure lexical cue,"[""occ_542bf91af6036d04bfc9""]",run_1f27e7f7434a9d682f85
term_f20ee48367b6929e2993,in adjusted gross disposable income of households,measure,0.88,semantic-hybrid,True,title evidence with measure lexical cue,"[""occ_a1368c9f8a059c9fe06e""]",run_1f27e7f7434a9d682f85
term_109d238d4517f19d9ec7,in adjusted gross disposable income of households per,measure,0.88,semantic-hybrid,True,title evidence with measure lexical cue,"[""occ_f5fbe665929e46baa269""]",run_1f27e7f7434a9d682f85
term_10f7d9d8268b997928c1,in constant prices,measure,0.88,semantic-hybrid,True,title evidence with measure lexical cue,"[""occ_55a863116bcc1b6a86a5""]",run_1f27e7f7434a9d682f85
term_d037f1bfef2639f76f33,in gender employment,measure,0.88,semantic-hybrid,True,title evidence with measure lexical cue,"[""occ_b9a59934d25fabaf525d""]",run_1f27e7f7434a9d682f85
term_7644a68a1f67f41a4992,in gender employment gap,measure,0.88,semantic-hybrid,True,title evidence with measure lexical cue,"[""occ_93d30a14af07152bf597""]",run_1f27e7f7434a9d682f85
term_951847a5b275b841a0b8,in goods road transport enterprises by employment,measure,0.88,semantic-hybrid,True,title evidence with measure lexical cue,"[""occ_c064181edbafe13fa1bd""]",run_1f27e7f7434a9d682f85
term_0b35f7b02638df417329,in goods road transport enterprises by employment size,measure,0.88,semantic-hybrid,True,title evidence with measure lexical cue,"[""occ_cd014cad076ccb1b5ecf""]",run_1f27e7f7434a9d682f85
term_718ed030d8c48d607f54,in Gross value added,measure,0.88,semantic-hybrid,True,title evidence with measure lexical cue,"[""occ_b15bf5b5f078132c6c64"", ""occ_d2ce400b4c4cd9d9d2e6""]",run_1f27e7f7434a9d682f85
term_eea96ae34c20ada0e40a,in long-term unemployment,measure,0.88,semantic-hybrid,True,title evidence with measure lexical cue,"[""occ_37c19346daca18392126""]",run_1f27e7f7434a9d682f85
term_b04b2b47c31db6abe35b,in long-term unemployment rates,measure,0.88,semantic-hybrid,True,title evidence with measure lexical cue,"[""occ_2d5dfdd749290c8ab2b3""]",run_1f27e7f7434a9d682f85
term_d3145e3c8e75b3c9efe6,in part-time employment,measure,0.88,semantic-hybrid,True,title evidence with measure lexical cue,"[""occ_01380c1905e9dacf88fe""]",run_1f27e7f7434a9d682f85
term_f404f9266ef4579451f2,in post-compulsory education - as % of the total population,measure,0.88,semantic-hybrid,True,title evidence with measure lexical cue,"[""occ_dc8ba49b903d8ea17bdd""]",run_1f27e7f7434a9d682f85
term_3ec6792ebd825c9c04d9,in the last month) by price,measure,0.88,semantic-hybrid,True,title evidence with measure lexical cue,"[""occ_68c4f5f16be9a70dbb88""]",run_1f27e7f7434a9d682f85
term_566c1d9b738390bed2f2,in the last month) by price setting,measure,0.88,semantic-hybrid,True,title evidence with measure lexical cue,"[""occ_4e0cb207f419a12f063e""]",run_1f27e7f7434a9d682f85
term_7ee52c64572080744b94,in the last month) by price setting - experimental,measure,0.88,semantic-hybrid,True,title evidence with measure lexical cue,"[""occ_77533b031e86be2c9c95""]",run_1f27e7f7434a9d682f85
term_9b9f1c1e887006820089,in the relative income,measure,0.88,semantic-hybrid,True,title evidence with measure lexical cue,"[""occ_688d2f8ab1e9dd4e7f33"", ""occ_ce53cd267bb7e037ffed""]",run_1f27e7f7434a9d682f85
term_f234bcb87fb0130526b7,in the relative income of,measure,0.88,semantic-hybrid,True,title evidence with measure lexical cue,"[""occ_3cfdc6f05d7e0be8397a"", ""occ_cb2fb7e1a37e3bc3bf9d""]",run_1f27e7f7434a9d682f85
term_85dd579ff045c878a68a,in the relative income of elderly,measure,0.88,semantic-hybrid,True,title evidence with measure lexical cue,"[""occ_4afb46ce41fa62f97f6d""]",run_1f27e7f7434a9d682f85
term_0e0471deb965d57d3483,in the relative income of elderly people,measure,0.88,semantic-hybrid,True,title evidence with measure lexical cue,"[""occ_f54ae9166726131a3c91""]",run_1f27e7f7434a9d682f85
term_ad1c16ab38e9700e1485,in the relative income of older,measure,0.88,semantic-hybrid,True,title evidence with measure lexical cue,"[""occ_a4c792b199c4f775f784""]",run_1f27e7f7434a9d682f85
term_a07ac9a799cbe3c066c3,in the relative income of older people,measure,0.88,semantic-hybrid,True,title evidence with measure lexical cue,"[""occ_61a6c480929c2923fb3f""]",run_1f27e7f7434a9d682f85
term_13f06b51437585afce2d,in total employment,measure,0.88,semantic-hybrid,True,title evidence with measure lexical cue,"[""occ_6a9d1e028b234968d415"", ""occ_c94e116a9b6319af4186""]",run_1f27e7f7434a9d682f85
term_811dadf944d046d07497,in total general government expenditure,measure,0.88,semantic-hybrid,True,title evidence with measure lexical cue,"[""occ_60a337d9587aea5eb7be""]",run_1f27e7f7434a9d682f85
term_3436929cd393fd825663,in tourism for personal purposes - % of total population,measure,0.88,semantic-hybrid,True,title evidence with measure lexical cue,"[""occ_ea1ceacbf0a0a1fd0071""]",run_1f27e7f7434a9d682f85
term_8062d3af0b84294899e7,in under-occupied dwellings by tenure status - total population,measure,0.88,semantic-hybrid,True,title evidence with measure lexical cue,"[""occ_a416bca934e791974aa2""]",run_1f27e7f7434a9d682f85
term_f8b8d4685a58c4e867cb,In-work at-risk-of-poverty rate,measure,0.770066744247993,semantic-hybrid,False,semantic centroid/neighbor measure fallback,"[""occ_07d379f2793d87affbe4"", ""occ_45b650afe03fb6cafbcf"", ""occ_50de2da04ceb56eecd42"", ""occ_a728dbd9ce9162ec910a"", ""occ_c49cc6a6a51acb3c2eda"", ""occ_c50938c7cfc4ff87582e""]",run_1f27e7f7434a9d682f85
term_2b6587db02bf3fec6d5d,In-work at-risk-of-poverty rate by,measure,0.7751522907469894,semantic-hybrid,False,semantic centroid/neighbor measure fallback,"[""occ_32a086e4d16d980bd25d"", ""occ_6e98597c9ce32dd905c9"", ""occ_8668109095095e4b372d"", ""occ_86b17c390760902a27cd"", ""occ_a260c7aa0979895d5227""]",run_1f27e7f7434a9d682f85
term_c5be6a9d8d7c99c363ff,In-work at-risk-of-poverty rate by full-/part-time,measure,0.7649883162421007,semantic-hybrid,False,semantic centroid/neighbor measure fallback,"[""occ_14d8bde6c6962aa8e410""]",run_1f27e7f7434a9d682f85
term_aeaf7a1a1a198d5019cf,In-work at-risk-of-poverty rate by full-/part-time work,measure,0.769903812151151,semantic-hybrid,False,semantic centroid/neighbor measure fallback,"[""occ_5e03c6e9788969e6bac8""]",run_1f27e7f7434a9d682f85
term_d34392322518419c6738,In-work at-risk-of-poverty rate by months,measure,0.7615665798949456,semantic-hybrid,False,semantic centroid/neighbor measure fallback,"[""occ_a53917966263bea16f50""]",run_1f27e7f7434a9d682f85
term_aace2b06375724ddd46c,In-work at-risk-of-poverty rate by sex,measure,0.7800985549403918,semantic-hybrid,False,semantic centroid/neighbor measure fallback,"[""occ_0f4647f566cc03ee0071""]",run_1f27e7f7434a9d682f85
term_e1ece86e4134eed64b25,In-work at-risk-of-poverty rate by working,measure,0.768993367652739,semantic-hybrid,False,semantic centroid/neighbor measure fallback,"[""occ_ce2360cc8a1ed3e12161""]",run_1f27e7f7434a9d682f85
term_ad8266aed47b060559b7,In-work at-risk-of-poverty rate by working time,measure,0.7702948527673403,semantic-hybrid,False,semantic centroid/neighbor measure fallback,"[""occ_4b51172ade9c13012dc9""]",run_1f27e7f7434a9d682f85
term_9d0543636f6b8b6ea38d,In-work at-risk-of-poverty rate by working time - EU-SILC,measure,0.7627537779021905,semantic-hybrid,False,semantic centroid/neighbor measure fallback,"[""occ_6f53b0ef87d491b79b99""]",run_1f27e7f7434a9d682f85
term_76fade4abf1e960cf052,Incidence of job mismatches by country (%),measure,0.767593669946289,semantic-hybrid,False,semantic centroid/neighbor measure fallback,"[""occ_19d3eb8207d228ea5ef1"", ""occ_386bf2510c2143b1e840"", ""occ_40cde17349874b81b62c"", ""occ_4c296dc7ef064af445e9"", ""occ_52ebb8a1fbb1e7c56ca4"", ""occ_613e0656795e80db13bf"", ""occ_9eb1f5d873cd3d317d75"", ""occ_acca68a1d089cfd6796a"", ""occ_b62c31b6986aca704f31"", ""occ_c553efb7daac056ac4c3"", ""occ_c781c99a9961cb6c8666"", ""occ_dab8eda1ab41e95b3a33""]",run_1f27e7f7434a9d682f85
term_65b61f9f67746e21eae4,Incidence of job mismatches by field of education Agriculture (%),measure,0.7695317034472168,semantic-hybrid,False,semantic centroid/neighbor measure fallback,"[""occ_02a7a3a87c6a1dcddab8"", ""occ_03e10fb4fa202e828e76"", ""occ_1730767be7ae175b642d"", ""occ_4a538d96d9a05b187c7b"", ""occ_74c6151f70b352b1b4b8"", ""occ_77fce8c92860971327cb"", ""occ_7cddb3ab5987cff61102"", ""occ_8eecbba19fdc4a46bb1a"", ""occ_92c25249161f91879dc0"", ""occ_940da0fcc77e38d95566"", ""occ_953dd250796fc912a34e"", ""occ_a33c345bafcab5fc7acd""]",run_1f27e7f7434a9d682f85
term_9ac263f40d0cdab6e19b,including health expenditure,measure,0.88,semantic-hybrid,True,title evidence with measure lexical cue,"[""occ_8a8d69f65eb84da654cf""]",run_1f27e7f7434a9d682f85
term_0388239da703c3da3a94,including national transport,measure,0.88,semantic-hybrid,True,title evidence with measure lexical cue,"[""occ_ad0594e914ee7e0e44c8""]",run_1f27e7f7434a9d682f85
term_45d631dc9b758e9d61a4,income (GNI,measure,0.88,semantic-hybrid,True,title evidence with measure lexical cue,"[""occ_88dd6e1ff7ea98fed91c""]",run_1f27e7f7434a9d682f85
term_73bb4c883628bf647980,income (GNI) per,measure,0.88,semantic-hybrid,True,title evidence with measure lexical cue,"[""occ_1dd64923b57dc3f7a5ce""]",run_1f27e7f7434a9d682f85
term_fd376c2a23d56f6ca9d4,income (GNI) per capita,measure,0.88,semantic-hybrid,True,title evidence with measure lexical cue,"[""occ_dff82b9b644a6d0026cc""]",run_1f27e7f7434a9d682f85
term_8f2c7a826faf673c7c9a,income distribution,measure,0.88,semantic-hybrid,True,title evidence with measure lexical cue,"[""occ_72c2c86b889d7bb49c14""]",run_1f27e7f7434a9d682f85
term_d466d5485f051716b0d8,income distribution S80/S20 income quintile share ratio,measure,0.88,semantic-hybrid,True,title evidence with measure lexical cue,"[""occ_7d5542c3c5dc5ccbafd7""]",run_1f27e7f7434a9d682f85
term_beb8a1f4e219e16f7ef1,income from agricultural,measure,0.88,semantic-hybrid,True,title evidence with measure lexical cue,"[""occ_515e45850aecf8c2a7c6""]",run_1f27e7f7434a9d682f85
term_bcf3784f7cc18e86dd02,income from agricultural activity,measure,0.88,semantic-hybrid,True,title evidence with measure lexical cue,"[""occ_7ebe6883b3f5b2edd209""]",run_1f27e7f7434a9d682f85
term_4d34114e7ce3aed52b51,Income from intellectual,measure,0.88,semantic-hybrid,True,title evidence with measure lexical cue,"[""occ_12bdbe2f6c77faddd709""]",run_1f27e7f7434a9d682f85
term_4130a227eb1528af8b2c,Income from intellectual property,measure,0.88,semantic-hybrid,True,title evidence with measure lexical cue,"[""occ_10e1b9fd04f6d6f2040e""]",run_1f27e7f7434a9d682f85
term_114521391a28b344c289,Income from intellectual property rights,measure,0.88,semantic-hybrid,True,title evidence with measure lexical cue,"[""occ_ff72dc9c711ff55d3551""]",run_1f27e7f7434a9d682f85
term_13c10f9f2f57ec37d10d,Income from intellectual property rights for,measure,0.88,semantic-hybrid,True,title evidence with measure lexical cue,"[""occ_f8ea4a754b23c226469d""]",run_1f27e7f7434a9d682f85
term_8f4f111b719f2253674a,Income from intellectual property rights for computer,measure,0.88,semantic-hybrid,True,title evidence with measure lexical cue,"[""occ_c62e80a558f56a896b9d""]",run_1f27e7f7434a9d682f85
term_e419e19674142f6f64cc,Income from intellectual property rights for computer services,measure,0.88,semantic-hybrid,True,title evidence with measure lexical cue,"[""occ_300575be152d92c77ca5""]",run_1f27e7f7434a9d682f85
term_2f79d989599ad75e4339,Income in real,measure,0.88,semantic-hybrid,True,title evidence with measure lexical cue,"[""occ_060ca00f74de302722eb""]",run_1f27e7f7434a9d682f85
term_14cd6806f27744ef9ee1,Income in real terms,measure,0.88,semantic-hybrid,True,title evidence with measure lexical cue,"[""occ_7edc0d1ef95f362ebfe7""]",run_1f27e7f7434a9d682f85
term_f01da43afd1412e05252,Income in real terms (SILC,measure,0.88,semantic-hybrid,True,title evidence with measure lexical cue,"[""occ_2c8811f416afc626733e""]",run_1f27e7f7434a9d682f85
term_8a3a0955f29d1030ccaf,Income in real terms (SILC=100,measure,0.88,semantic-hybrid,True,title evidence with measure lexical cue,"[""occ_1d9219ec8d09f4939b5a""]",run_1f27e7f7434a9d682f85
term_28e6144223bf5a76d0ee,Income in real terms (SILC=100),measure,0.88,semantic-hybrid,True,title evidence with measure lexical cue,"[""occ_62f9b321337b5fbb917b""]",run_1f27e7f7434a9d682f85
term_21aa5d41bf77822df3dc,Income inequality,measure,0.88,semantic-hybrid,True,title evidence with measure lexical cue,"[""occ_863fe5d62ffb32c1192f""]",run_1f27e7f7434a9d682f85
term_f90409a66de1a8517d8b,Income inequality for,measure,0.88,semantic-hybrid,True,title evidence with measure lexical cue,"[""occ_07ef96ea2bd4943fd37f""]",run_1f27e7f7434a9d682f85
term_2d3fc55aaad2d2df41d5,Income inequality for older,measure,0.88,semantic-hybrid,True,title evidence with measure lexical cue,"[""occ_e42171f204f8d972a654""]",run_1f27e7f7434a9d682f85
term_d1255f52cdca607165d0,Income inequality for older people,measure,0.88,semantic-hybrid,True,title evidence with measure lexical cue,"[""occ_84f622f9d09686ce390f""]",run_1f27e7f7434a9d682f85
term_89a137277adb46311e44,Income inequality for older people - EU-SILC,measure,0.88,semantic-hybrid,True,title evidence with measure lexical cue,"[""occ_eb6e4e65cf710180baf1""]",run_1f27e7f7434a9d682f85
term_55eb5e8e6a2e6b24d8d3,Income inequality for older people - EU-SILC survey,measure,0.88,semantic-hybrid,True,title evidence with measure lexical cue,"[""occ_7946887357e08c09f31a""]",run_1f27e7f7434a9d682f85
term_3094ab4270b4a3804a33,income per month,measure,0.88,semantic-hybrid,True,title evidence with measure lexical cue,"[""occ_cabae1333d280192e106""]",run_1f27e7f7434a9d682f85
term_d1c48438048edf5ffda4,income quintile,measure,0.88,semantic-hybrid,True,title evidence with measure lexical cue,"[""occ_182c093ce841a5d36f9e"", ""occ_1bc0ac30c28693ce7325"", ""occ_2d678d7486b255cbf62d"", ""occ_54feb6aa30bc8e854194"", ""occ_639d8762063532c3d51f"", ""occ_7b2bb4a8a534f09a561d"", ""occ_7f4e02e9e377466e3d87"", ""occ_8ab02fc61418f03b34fa"", ""occ_a948caa38ed12a0156ac"", ""occ_ae76964ea1d7e666acb5"", ""occ_b49dc38fb1259197388f"", ""occ_dc8f5e4b3e6da232138b"", ""occ_ea9901dccd17413af587"", ""occ_ecafa4f73e5fecc95f59""]",run_1f27e7f7434a9d682f85
term_3f673b5cdf0568611d5f,Income quintile share,measure,0.88,semantic-hybrid,True,title evidence with measure lexical cue,"[""occ_04a7e7fdaf65cf15ebb4"", ""occ_42ed2f1e6501cdb3364d"", ""occ_6483a01dde17b66545d9"", ""occ_82211ea737f1c655a627"", ""occ_ae77e15dd80f320e78d9""]",run_1f27e7f7434a9d682f85
term_6d3be3da0d8ac1667b39,Income quintile share ratio,measure,0.7640847769373309,semantic-hybrid,False,semantic centroid/neighbor measure fallback,"[""occ_446e1416391088b38747"", ""occ_7a9113a222a2762dca2a"", ""occ_8bd18a8851d39758aaec"", ""occ_92c5137a8cd234f65dd5"", ""occ_a865505fe65665920e99""]",run_1f27e7f7434a9d682f85
term_424f3fc4b4d3ae3e9054,Income quintile share ratio (S80/S20,measure,0.88,semantic-hybrid,True,title evidence with measure lexical cue,"[""occ_72c543c00542000e8706""]",run_1f27e7f7434a9d682f85
term_b8c42933ccdbc31264a9,Income quintile share ratio (S80/S20) by,measure,0.88,semantic-hybrid,True,title evidence with measure lexical cue,"[""occ_1b58a0bdac0c200b6ac5""]",run_1f27e7f7434a9d682f85
term_dbffea080c0d5fdff163,Income quintile share ratio (S80/S20) by sex,measure,0.88,semantic-hybrid,True,title evidence with measure lexical cue,"[""occ_e28129c7178b92e5df0e""]",run_1f27e7f7434a9d682f85
term_5d312d9399e448f96b94,Income quintile share ratio - S80/S20,measure,0.88,semantic-hybrid,True,title evidence with measure lexical cue,"[""occ_36df9a295c14b9031068"", ""occ_4146fc606b190132fe1d""]",run_1f27e7f7434a9d682f85
term_999d0681b385a82f9583,Income quintile share ratio - S80/S20 - ENP-East,measure,0.88,semantic-hybrid,True,title evidence with measure lexical cue,"[""occ_ef9174be0386fe31f4f7""]",run_1f27e7f7434a9d682f85
term_9d5a4b6bdd9d740a605a,Income quintile share ratio - S80/S20 - ENP-East countries,measure,0.88,semantic-hybrid,True,title evidence with measure lexical cue,"[""occ_ae1d3cc697d50c8b6dc7""]",run_1f27e7f7434a9d682f85
term_b120dc07f8c4d5098ff4,Income quintile share ratio - S80/S20 - ENP-South,measure,0.88,semantic-hybrid,True,title evidence with measure lexical cue,"[""occ_1529b359a901e07327c6""]",run_1f27e7f7434a9d682f85
term_6d86dd447f76de1a4400,Income quintile share ratio - S80/S20 - ENP-South countries,measure,0.88,semantic-hybrid,True,title evidence with measure lexical cue,"[""occ_74294d96cacfec9a1e9b""]",run_1f27e7f7434a9d682f85
term_ee0fd303d4b2abd55408,Income quintile share ratio S80/S20,measure,0.88,semantic-hybrid,True,title evidence with measure lexical cue,"[""occ_62bce41852d94a9764d4""]",run_1f27e7f7434a9d682f85
term_f9a99065ce61b98a2776,Income quintile share ratio S80/S20 by,measure,0.88,semantic-hybrid,True,title evidence with measure lexical cue,"[""occ_a1c9e1acabfed880dc36""]",run_1f27e7f7434a9d682f85
term_003956d623284ebf7cdc,Income quintile share ratio S80/S20 by NUTS,measure,0.88,semantic-hybrid,True,title evidence with measure lexical cue,"[""occ_6e9303cbca90a6c0074f""]",run_1f27e7f7434a9d682f85
term_340305a3638888f523c2,Income quintile share ratio S80/S20 by NUTS 2,measure,0.88,semantic-hybrid,True,title evidence with measure lexical cue,"[""occ_9378fc39925236d0688a""]",run_1f27e7f7434a9d682f85
term_5714bc6f1087bc9fb5f0,Income quintile share ratio S80/S20 by NUTS 2 region,measure,0.88,semantic-hybrid,True,title evidence with measure lexical cue,"[""occ_f466bfd878e35f9127ee""]",run_1f27e7f7434a9d682f85
term_2ca60a1a2c078f5af88f,income ratio,measure,0.88,semantic-hybrid,True,title evidence with measure lexical cue,"[""occ_94e77efdcd1a2f3d52d8""]",run_1f27e7f7434a9d682f85
term_8c54ab9943252bf2328f,income ratio (60,measure,0.88,semantic-hybrid,True,title evidence with measure lexical cue,"[""occ_61ca4e10701aa1dd4da7""]",run_1f27e7f7434a9d682f85
term_e78ead5ff9462035b29a,Income share,measure,0.88,semantic-hybrid,True,title evidence with measure lexical cue,"[""occ_3c0d48675d4653b175c2""]",run_1f27e7f7434a9d682f85
term_a4fd090cec8e1020e100,Income share of,measure,0.88,semantic-hybrid,True,title evidence with measure lexical cue,"[""occ_73dd9e3dd2f83ee1db32""]",run_1f27e7f7434a9d682f85
term_61d6578307d72eef8ba1,Income share of the,measure,0.88,semantic-hybrid,True,title evidence with measure lexical cue,"[""occ_7ffabe10315253ecc52d""]",run_1f27e7f7434a9d682f85
term_e7738569d0e405e84e86,Income share of the bottom,measure,0.88,semantic-hybrid,True,title evidence with measure lexical cue,"[""occ_55fd2973d2f2a75abfc8""]",run_1f27e7f7434a9d682f85
term_11c74f006fe356ed37d5,Income share of the bottom 40,measure,0.88,semantic-hybrid,True,title evidence with measure lexical cue,"[""occ_8949d076dc4ff095c63a""]",run_1f27e7f7434a9d682f85
term_ef26c5c94e372f2e66d8,Income share of the bottom 40 % of,measure,0.88,semantic-hybrid,True,title evidence with measure lexical cue,"[""occ_3394c93ce18d26d4fc83""]",run_1f27e7f7434a9d682f85
term_c48afc510ae312d8c715,Income share of the bottom 40 % of the,measure,0.88,semantic-hybrid,True,title evidence with measure lexical cue,"[""occ_7f753ec717180e181087""]",run_1f27e7f7434a9d682f85
term_25037dcefaa4c67fcebb,Income share of the bottom 40 % of the population,measure,0.88,semantic-hybrid,True,title evidence with measure lexical cue,"[""occ_81f410f0677c0a08a76f""]",run_1f27e7f7434a9d682f85
term_c99835b4cb00d5a6b69d,index (= 100) - quarterly data,measure,0.7621700668406725,semantic-hybrid,False,semantic centroid/neighbor measure fallback,"[""occ_b93d39d466aea8603181""]",run_1f27e7f7434a9d682f85
term_e6e37ad89105ff93c297,Indicator A of the income,measure,0.88,semantic-hybrid,True,title evidence with measure lexical cue,"[""occ_e76d759c337f9ed7d3d4""]",run_1f27e7f7434a9d682f85
term_c1b8746b7d1dab732689,Indicator A of the income from,measure,0.88,semantic-hybrid,True,title evidence with measure lexical cue,"[""occ_7cca8b0c736d27575e64""]",run_1f27e7f7434a9d682f85
term_6c431b96f09ee33e0935,Indicator A of the income from agricultural,measure,0.88,semantic-hybrid,True,title evidence with measure lexical cue,"[""occ_12d9ee3df69beb053c08""]",run_1f27e7f7434a9d682f85
term_9ada14c39440e5583682,Indicator A of the income from agricultural activity,measure,0.88,semantic-hybrid,True,title evidence with measure lexical cue,"[""occ_1b61fcf6a6318edfc06e""]",run_1f27e7f7434a9d682f85
term_a85c9fdd4971578c07ab,Indicator A: Index of the real income of factors in agriculture per annual work unit,measure,0.7660481789801256,semantic-hybrid,False,semantic centroid/neighbor measure fallback,"[""occ_0a73e306d2cebfb6b7b1"", ""occ_21788de75c542793fdbe"", ""occ_2293e6fda00728bb51ce"", ""occ_23e3a60c32c08cac217d"", ""occ_2485d2f1daf2ad3a7fc1"", ""occ_25032525f549a6fa192e"", ""occ_26e58c324e28dcf2c87f"", ""occ_379705131d4db46a6c73"", ""occ_3a818d3854e8077f4ad0"", ""occ_44353c7b4554f3cb39f3"", ""occ_4c40a8ef564b478287c0"", ""occ_6818fd0bf9fb971b6b04"", ""occ_7631f657ed881e164eda"", ""occ_7bf6a9c9fecffd1a07b5"", ""occ_7c750b078c13b6d4969e"", ""occ_839f03191b8f64682262"", ""occ_8a20ecbdafb9d44a45ac"", ""occ_8c0dbb04a009dd59f9a5"", ""occ_906e736803e0318d5ceb"", ""occ_9111411f3d16b8db06b0"", ""occ_ac15356d63458c971cde"", ""occ_b217562ef1c99def040d"", ""occ_b9953a0ad47224c55d17"", ""occ_bd0b7b72aa87fe8249dc"", ""occ_bd6dce33225c3e28ad7c"", ""occ_c971cdadce1fbf4ecd69"", ""occ_cd9969965fc6094c6c94"", ""occ_cef1106e4051696651cb"", ""occ_d3146a497fb9e72737fa"", ""occ_e40bb80f48c82fe85768"", ""occ_e74b57cbe4571f436e8f"", ""occ_eeecb8dce66d26adc051"", ""occ_f1084261df053e7c5572"", ""occ_f10863364dfcd611ffaa""]",run_1f27e7f7434a9d682f85
term_c8a8180188495f72bff2,"indices, total agricultural production",measure,0.88,semantic-hybrid,True,title evidence with measure lexical cue,"[""occ_271d0dbd0761f89f2171""]",run_1f27e7f7434a9d682f85
term_6546427389295c837822,Industrial and construction production,measure,0.88,semantic-hybrid,True,title evidence with measure lexical cue,"[""occ_a7462a115d2520e991c3""]",run_1f27e7f7434a9d682f85
term_8122ee4400ee91589341,Industrial and construction production volume,measure,0.88,semantic-hybrid,True,title evidence with measure lexical cue,"[""occ_7cf524ce65a7e1408fd6""]",run_1f27e7f7434a9d682f85
term_86c6296d5245a05d0ec6,Industrial and construction production volume index,measure,0.88,semantic-hybrid,True,title evidence with measure lexical cue,"[""occ_3746bae270ac5755e279""]",run_1f27e7f7434a9d682f85
term_c220751eda73e9feb911,Industrial and construction production volume index - calendar,measure,0.88,semantic-hybrid,True,title evidence with measure lexical cue,"[""occ_cdd7ff7a33b21602bb21""]",run_1f27e7f7434a9d682f85
term_17ee8a4c71e8ddaa17f3,Industrial and construction production volume index - calendar adjusted,measure,0.88,semantic-hybrid,True,title evidence with measure lexical cue,"[""occ_337e09962052af51e2dd""]",run_1f27e7f7434a9d682f85
term_324b9884a59c48c27271,Industrial and construction production volume index - calendar adjusted - ENP-East countries,measure,0.88,semantic-hybrid,True,title evidence with measure lexical cue,"[""occ_b2f9dd55550fd112fa92""]",run_1f27e7f7434a9d682f85
term_8fdc4658af12af23dd1f,industrial production,measure,0.88,semantic-hybrid,True,title evidence with measure lexical cue,"[""occ_f04aede446cd96d01e81""]",run_1f27e7f7434a9d682f85
term_b32a1d1288f14e758930,industrial production price,measure,0.88,semantic-hybrid,True,title evidence with measure lexical cue,"[""occ_c6a589dbe5aab1ad7d11""]",run_1f27e7f7434a9d682f85
term_135dd5131abacbc1444b,industrial production price index,measure,0.88,semantic-hybrid,True,title evidence with measure lexical cue,"[""occ_518581864f400a9fd2bd""]",run_1f27e7f7434a9d682f85
term_1989d2c0f665f5cacedb,industrial production price index - ENP-East,measure,0.88,semantic-hybrid,True,title evidence with measure lexical cue,"[""occ_3ddcda25696775bc5f1a""]",run_1f27e7f7434a9d682f85
term_51b72510af502fcc11d8,industrial production price index - ENP-East countries,measure,0.88,semantic-hybrid,True,title evidence with measure lexical cue,"[""occ_b0760a364c38937ffc2e""]",run_1f27e7f7434a9d682f85
term_5c03e71ea3e0055cbbbf,industry - basic and producer prices,measure,0.88,semantic-hybrid,True,title evidence with measure lexical cue,"[""occ_c09ed7928fb317b457fe""]",run_1f27e7f7434a9d682f85
term_d233d62b2b7b05652fe0,Inequality of income,measure,0.88,semantic-hybrid,True,title evidence with measure lexical cue,"[""occ_345a07039ae14f3cde79"", ""occ_704d2a28fae1332a2ceb""]",run_1f27e7f7434a9d682f85
term_ac3a2131e4f6dda678a5,Inequality of income distribution,measure,0.77534819735184,semantic-hybrid,False,semantic centroid/neighbor measure fallback,"[""occ_3ee1ed94e7f5ca19c6a1"", ""occ_60703d56806cbb714cc2""]",run_1f27e7f7434a9d682f85
term_2c25b69586af0b1cf099,Inequality of income distribution S80/S20,measure,0.88,semantic-hybrid,True,title evidence with measure lexical cue,"[""occ_b3c050ed9b5b0325e87e""]",run_1f27e7f7434a9d682f85
term_a569a61e8eec5207c552,Inequality of income distribution S80/S20 income,measure,0.88,semantic-hybrid,True,title evidence with measure lexical cue,"[""occ_fa39f1bf621b13a3d56f""]",run_1f27e7f7434a9d682f85
term_454fc37cea214ee0e931,Inequality of income distribution S80/S20 income quintile,measure,0.88,semantic-hybrid,True,title evidence with measure lexical cue,"[""occ_0d05cd5366d5e3fe4b22""]",run_1f27e7f7434a9d682f85
term_f0a7582e31ed73212293,Inequality of income distribution S80/S20 income quintile share,measure,0.88,semantic-hybrid,True,title evidence with measure lexical cue,"[""occ_8905501af1213d4eef13""]",run_1f27e7f7434a9d682f85
term_6e3300b3b76ec6fc07b9,Inequality of income distribution S80/S20 income quintile share ratio,measure,0.88,semantic-hybrid,True,title evidence with measure lexical cue,"[""occ_9d800f32fc2179827f35""]",run_1f27e7f7434a9d682f85
term_720ba7a9b58779717a67,Inequality of income distribution S80/S20 income quintile share ratio - EU-SILC and ECHP surveys,measure,0.88,semantic-hybrid,True,title evidence with measure lexical cue,"[""occ_0b9159b3ddb2951fccb1""]",run_1f27e7f7434a9d682f85
term_d967450f11473362fed1,influenza of population,measure,0.88,semantic-hybrid,True,title evidence with measure lexical cue,"[""occ_4733b1c7a9ff22ca907a""]",run_1f27e7f7434a9d682f85
term_732cc6cd783d4b68d0c4,influenza of population aged,measure,0.88,semantic-hybrid,True,title evidence with measure lexical cue,"[""occ_2471f6903cea8cd360df""]",run_1f27e7f7434a9d682f85
term_37ab07c20a8d38097e9e,inhabitant at constant prices,measure,0.88,semantic-hybrid,True,title evidence with measure lexical cue,"[""occ_2f70aeeb5bc47a27a8ff""]",run_1f27e7f7434a9d682f85
term_c03a52cc2ba7c4bc07ff,institutions - as % of total or current expenditure,measure,0.88,semantic-hybrid,True,title evidence with measure lexical cue,"[""occ_65dcbb2fe60d2636354a""]",run_1f27e7f7434a9d682f85
term_2719cc6e4a6d8d27c29f,instruments - % of GDP,measure,0.88,semantic-hybrid,True,title evidence with measure lexical cue,"[""occ_a41c93ee81ce3c576a5e""]",run_1f27e7f7434a9d682f85
term_73ea45b2dc4757620c42,intensity by degree of urbanisation (population,measure,0.88,semantic-hybrid,True,title evidence with measure lexical cue,"[""occ_39f602c22693e8e7600a""]",run_1f27e7f7434a9d682f85
term_6ca530e901f9e00a8fa4,intensity by degree of urbanisation (population aged,measure,0.88,semantic-hybrid,True,title evidence with measure lexical cue,"[""occ_197ea131ed5d16fe76c3""]",run_1f27e7f7434a9d682f85
term_136a3057ce93ecdc5363,intensity by degree of urbanisation (population aged 0,measure,0.88,semantic-hybrid,True,title evidence with measure lexical cue,"[""occ_216f3116bb2176357e25""]",run_1f27e7f7434a9d682f85
term_45595b75cb639976a8ce,intensity by NUTS 2 region (population,measure,0.88,semantic-hybrid,True,title evidence with measure lexical cue,"[""occ_edbea56ddf87ea51bfd5""]",run_1f27e7f7434a9d682f85
term_212219955a71e975728b,intensity by NUTS 2 region (population aged,measure,0.88,semantic-hybrid,True,title evidence with measure lexical cue,"[""occ_8a9992602fe018201ffb""]",run_1f27e7f7434a9d682f85
term_cf163f1af84838e140a0,intensity by NUTS 2 region (population aged 0,measure,0.88,semantic-hybrid,True,title evidence with measure lexical cue,"[""occ_ee1c9ea8925b0229565b""]",run_1f27e7f7434a9d682f85
term_9ebdea1799457a0cf45f,intensity of the household (population,measure,0.88,semantic-hybrid,True,title evidence with measure lexical cue,"[""occ_882174c6bab38a06fe90""]",run_1f27e7f7434a9d682f85
term_8d240473f88066720e67,intensity of the household (population aged,measure,0.88,semantic-hybrid,True,title evidence with measure lexical cue,"[""occ_e2ad0b26f0072761d44d""]",run_1f27e7f7434a9d682f85
term_cf087b591d57aba704d9,intensity of the household (population aged 18,measure,0.88,semantic-hybrid,True,title evidence with measure lexical cue,"[""occ_9e77a89cf8ae11e2d3ca""]",run_1f27e7f7434a9d682f85
term_5e935115f03d60038257,intensity of the household (population aged 18 to,measure,0.88,semantic-hybrid,True,title evidence with measure lexical cue,"[""occ_8acc0f11ddf35d3a4d1e""]",run_1f27e7f7434a9d682f85
term_82b7fe67bbdc1c16a580,intensity of the households with income,measure,0.88,semantic-hybrid,True,title evidence with measure lexical cue,"[""occ_923198be2a930f3e39ae""]",run_1f27e7f7434a9d682f85
term_298537bd938ecb957c81,intensity of the households with income from,measure,0.88,semantic-hybrid,True,title evidence with measure lexical cue,"[""occ_856c3b5ad94c5856fda5""]",run_1f27e7f7434a9d682f85
term_38ba2358660daf911510,intensity of the households with income from benefits,measure,0.88,semantic-hybrid,True,title evidence with measure lexical cue,"[""occ_67e2f90f6f184c8c4c05""]",run_1f27e7f7434a9d682f85
term_dc01d1a7b8d8da52cbd7,interest rates - annual,measure,0.7700270490714141,semantic-hybrid,False,semantic centroid/neighbor measure fallback,"[""occ_c400d14c9547dbb3e768""]",run_1f27e7f7434a9d682f85
term_f1f84e1debd7e0a8ca25,interest rates - annual data,measure,0.7775724669842904,semantic-hybrid,False,semantic centroid/neighbor measure fallback,"[""occ_fd09d66a5640382ba2b5""]",run_1f27e7f7434a9d682f85
term_905b6f050712ee1c507e,interest rates - ENP-East countries,measure,0.7626577301576883,semantic-hybrid,False,semantic centroid/neighbor measure fallback,"[""occ_605a623edad3d6848d4e""]",run_1f27e7f7434a9d682f85
term_ade8b78e836c892cb5da,Interests receivable and similar income,measure,0.88,semantic-hybrid,True,title evidence with measure lexical cue,"[""occ_8b9bfd90967879ec2a87""]",run_1f27e7f7434a9d682f85
term_0ea8ae5097c20c552985,Interests receivable and similar income by,measure,0.88,semantic-hybrid,True,title evidence with measure lexical cue,"[""occ_89e6bbf0b33db4f8d269""]",run_1f27e7f7434a9d682f85
term_e9a99632a5e342b4b239,Interests receivable and similar income by product,measure,0.88,semantic-hybrid,True,title evidence with measure lexical cue,"[""occ_508d158d2fe47801d99f""]",run_1f27e7f7434a9d682f85
term_6fb3170f0776386278f9,"international investment position - quarterly data, % of GDP",measure,0.88,semantic-hybrid,True,title evidence with measure lexical cue,"[""occ_087e1a85add46aa40124""]",run_1f27e7f7434a9d682f85
term_a1db663747f4e485ac74,international investment position excluding non-defaultable instruments - % of GDP,measure,0.88,semantic-hybrid,True,title evidence with measure lexical cue,"[""occ_b648643f62980a7bab2c""]",run_1f27e7f7434a9d682f85
term_18e4be30cbe2563cec14,International trade as a share of GDP,measure,0.88,semantic-hybrid,True,title evidence with measure lexical cue,"[""occ_be8524187c659d05cd1c""]",run_1f27e7f7434a9d682f85
term_e662c33ccdfdcf578a9d,"International trade of and enlargement countries, by, total product",measure,0.764893830506352,semantic-hybrid,False,semantic centroid/neighbor measure fallback,"[""occ_59c83dfc21036716bb40""]",run_1f27e7f7434a9d682f85
term_1c8ae8b58738ff04da05,"intimate partner, by country of birth",measure,0.88,semantic-hybrid,True,title evidence with measure lexical cue,"[""occ_6c1bbd18fb33f7ad5f22""]",run_1f27e7f7434a9d682f85
term_39539252ead85e587ef0,Intra-mural Business Enterprise R&D Expenditures,measure,0.88,semantic-hybrid,True,title evidence with measure lexical cue,"[""occ_326ef95300fae634e053""]",run_1f27e7f7434a9d682f85
term_64e2f7250779e6a76397,Intra-mural Business Enterprise R&D Expenditures in,measure,0.88,semantic-hybrid,True,title evidence with measure lexical cue,"[""occ_8e93c7bb49a4be849794""]",run_1f27e7f7434a9d682f85
term_c164dece8022b8148716,Intra-mural Business Enterprise R&D Expenditures in Foreign,measure,0.88,semantic-hybrid,True,title evidence with measure lexical cue,"[""occ_2fd32996758f8dea52b1""]",run_1f27e7f7434a9d682f85
term_3ea65693dfee62b7d7d9,Intra-mural Business Enterprise R&D Expenditures in Foreign Controlled Enterprises,measure,0.88,semantic-hybrid,True,title evidence with measure lexical cue,"[""occ_6452a42dca2d173b1a9c""]",run_1f27e7f7434a9d682f85
term_39bc8890b81078c7e9a7,"investment liabilities (flows) - annual data, % of GDP",measure,0.88,semantic-hybrid,True,title evidence with measure lexical cue,"[""occ_50ef297e9cdcd6114190""]",run_1f27e7f7434a9d682f85
term_0f461a7df04be2036411,"investment liabilities (stocks) - annual data, % of GDP",measure,0.88,semantic-hybrid,True,title evidence with measure lexical cue,"[""occ_5c4d693dbe98991fcc2c""]",run_1f27e7f7434a9d682f85
term_375a4364cac49233813d,"investment position - quarterly data, % of GDP",measure,0.88,semantic-hybrid,True,title evidence with measure lexical cue,"[""occ_418abfb8bbad8c05606c""]",run_1f27e7f7434a9d682f85
term_d4df0c98cf34ae847ab7,investment position excluding non-defaultable instruments - % of GDP,measure,0.88,semantic-hybrid,True,title evidence with measure lexical cue,"[""occ_623536f1cf27019d3afb""]",run_1f27e7f7434a9d682f85
term_69abef339ed08e447687,Investment rate of non-financial,measure,0.765359044538379,semantic-hybrid,False,semantic centroid/neighbor measure fallback,"[""occ_ea3563cf7606b721ca26""]",run_1f27e7f7434a9d682f85
term_0e49656bced68841efab,Investment rate of non-financial corporations,measure,0.760804259366442,semantic-hybrid,False,semantic centroid/neighbor measure fallback,"[""occ_6b544d2a8cb3c290aa78""]",run_1f27e7f7434a9d682f85
term_a9cdb76e69a39594441c,Investment share of GDP,measure,0.88,semantic-hybrid,True,title evidence with measure lexical cue,"[""occ_9e5d25b6d0c3db7301e8""]",run_1f27e7f7434a9d682f85
term_db58b19d2f4974e3b82f,Investment share of GDP by,measure,0.88,semantic-hybrid,True,title evidence with measure lexical cue,"[""occ_69150e5142005cd43a4b""]",run_1f27e7f7434a9d682f85
term_ae3717017e25f07225d8,Investment share of GDP by institutional,measure,0.88,semantic-hybrid,True,title evidence with measure lexical cue,"[""occ_5607eb31eb1e210cd07f""]",run_1f27e7f7434a9d682f85
term_71e8da9a79f9decbfde7,Investment share of GDP by institutional sectors,measure,0.88,semantic-hybrid,True,title evidence with measure lexical cue,"[""occ_c446e61faf55ce905e70""]",run_1f27e7f7434a9d682f85
term_07c88bf3aece412e87e2,Involuntary temporary employment,measure,0.88,semantic-hybrid,True,title evidence with measure lexical cue,"[""occ_f875b60dca6809c4eec4""]",run_1f27e7f7434a9d682f85
term_5de95c935e54b28c5aa1,Inward FDI stocks in % of GDP,measure,0.88,semantic-hybrid,True,title evidence with measure lexical cue,"[""occ_d7dea4df7da165d3c3d0""]",run_1f27e7f7434a9d682f85
term_df382bf16b9d1fa11f35,Job vacancies in number and %,measure,0.7760532808014091,semantic-hybrid,False,semantic centroid/neighbor measure fallback,"[""occ_12f642c8fb0c5ba54427""]",run_1f27e7f7434a9d682f85
term_de83bea9b69a36b0cd62,"Job vacancies in number and % - NACE Rev. 2, B-S, quarterly data",measure,0.7699947985242555,semantic-hybrid,False,semantic centroid/neighbor measure fallback,"[""occ_f410c5ab609a5649dde3""]",run_1f27e7f7434a9d682f85
term_99c242e9c411ed5bc403,Jobless households by sex,measure,0.784589381785426,semantic-hybrid,False,semantic centroid/neighbor measure fallback,"[""occ_414c0d97ef9b4c8e0f07""]",run_1f27e7f7434a9d682f85
term_99c79d1ff6ee5fbe0201,Labour cost for LCI (compensation of employees plus taxes minus subsidies),measure,0.7778853487001373,semantic-hybrid,False,semantic centroid/neighbor measure fallback,"[""occ_0087abae8d78f687203a"", ""occ_00ed1aa1bf8372fa66db"", ""occ_00f1f2466ea6cb6c8533"", ""occ_03feb8959d94180d3993"", ""occ_090a69c58f7004c152d2"", ""occ_0985b96ee261b0bccb85"", ""occ_09b21a97ddfd10429a2f"", ""occ_0cf2578f5371ecef93ad"", ""occ_0d4580cc92195a5a66de"", ""occ_0e02e55de4b60fe927ff"", ""occ_115dd7d034eaa1bd359e"", ""occ_119adecd00b25632777d"", ""occ_128d0097f71b3714e5ee"", ""occ_136030b9f1bafd7347c4"", ""occ_17644a3941cab33abcdc"", ""occ_18158db64b5368e5b07b"", ""occ_1a22bd9e9e6dbf43d3b2"", ""occ_1ab8b8eb021e35fda746"", ""occ_1d93d57a8d3b8614f9eb"", ""occ_1dad7304a199a311ce5b"", ""occ_1df34d9577ca1b8775d6"", ""occ_1e3e05fb4759c46f8570"", ""occ_1efa2ea96b646cf8594c"", ""occ_225efc28132d3d727f1a"", ""occ_25f57fa633b3b403e433"", ""occ_2dd8de3167a194978dc9"", ""occ_387e34cfb8aaf0e19da1"", ""occ_3972f263282f204ea313"", ""occ_3b59061c097cebeafe8d"", ""occ_3ce4602d2e5dcc37a0c5"", ""occ_3f18dd1c0e330885bf73"", ""occ_3f22fbc20f863de8dfd6"", ""occ_4053fc63f40a977941f5"", ""occ_41056b9400fdb13428c0"", ""occ_493c3da7dcae9c92e3dd"", ""occ_49400fbbf1a0b4693156"", ""occ_498882f9a6f70e21a399"", ""occ_4c33e6d5c87745a42794"", ""occ_4e2c0e60c1c53210151c"", ""occ_50100ef19eb8c0f919d9"", ""occ_507976b9840e3c0d7ce8"", ""occ_50c9384c5cc35f954240"", ""occ_5213e2452c89d00711c5"", ""occ_534d1c7336671da703a6"", ""occ_55079521d838e2a64643"", ""occ_56835b1286927cef3652"", ""occ_5836231bdb5434292cf1"", ""occ_5b9c79c5a8d6c71d7950"", ""occ_5c3ab34a858febef6254"", ""occ_5f0e6ef52c209b1fa15d"", ""occ_5f4f609a030edf13431a"", ""occ_61130d3ce7c71a02a0c8"", ""occ_66d8e99b154220294cba"", ""occ_67e51d9e77953d9627ca"", ""occ_68431a5e6963753c5788"", ""occ_6cd13618ede79cc4e4be"", ""occ_73438c26b7febd559306"", ""occ_76652dd8ac367bf5a286"", ""occ_7869c80efb2b3caff34c"", ""occ_7beb0b6e91cac618fcb8"", ""occ_8324989da5456b3f47cb"", ""occ_846f3639584689a2689c"", ""occ_85747ce29af28920b7a1"", ""occ_87fd5c588dd24252435a"", ""occ_882263b63b7543828c32"", ""occ_889205b157bd275d3c94"", ""occ_88b44a8196c156646f97"", ""occ_8945373731b2a09c6c3d"", ""occ_8ba2da8317b2888ed162"", ""occ_8dec1a99d23eccde35f5"", ""occ_8fc933cb09da99bb5ceb"", ""occ_903517da7d60bcf7c5af"", ""occ_90c07d06963a89a209ba"", ""occ_92e5b402d934de9bcc41"", ""occ_945f94ec01293d74c7e9"", ""occ_a2d133b4ff8abe0ec05e"", ""occ_a2dc1076dfee319a8e83"", ""occ_a2f1ee8d463182518cbe"", ""occ_a454195154c434cc4d37"", ""occ_a98f121a6a4b0f6a4b78"", ""occ_aa2290fb34891e77c76b"", ""occ_adfb3bfecbcdce72a152"", ""occ_af5728cdd7f3dc671463"", ""occ_b153d0132863b3ea77fc"", ""occ_b2ba8c4943603301fef4"", ""occ_b9274749f38695e6436e"", ""occ_b9b25aff80c65a3c5fdb"", ""occ_bab5ae9a419be87e9b17"", ""occ_baeb824074fab6285a81"", ""occ_be0464a67f5ee4bfe10f"", ""occ_beb3754684de6ec335bf"", ""occ_cf3e1d2bed90c0f87eb0"", ""occ_cfa4c3716a0fdcae5ea6"", ""occ_d0872fd50ef8b60231fc"", ""occ_d2d8f00d965e17f82d16"", ""occ_d2e44fa287a9ae013ffa"", ""occ_d32a35184be26ddef86e"", ""occ_d4d6674116b0cb81d3d7"", ""occ_d964be64bbb04a527e0b"", ""occ_db77c92a386cd6dcfcf5"", ""occ_e75b7a448e523c177072"", ""occ_e79d68dddbd9e38d95f8"", ""occ_ec24d6892923d038ca06"", ""occ_f4d9e0632c6de103a7c8"", ""occ_f6c6dbefecebaeb9fe09"", ""occ_f89a302fbf22d0f7594a"", ""occ_fb4d797420f78f2fda3f"", ""occ_fb81313bb91de512a803"", ""occ_fe7ecdf46b751b66f827"", ""occ_ffbe7c4905f3f15eb4f9""]",run_1f27e7f7434a9d682f85
term_4f7be2e9d4e6a8abdd41,Labour cost index by,measure,0.7971652135422516,semantic-hybrid,False,semantic centroid/neighbor measure fallback,"[""occ_7114f3b310f14013917f"", ""occ_7b47ada188871e2b42d6"", ""occ_cdcd44bea7d069e067b4""]",run_1f27e7f7434a9d682f85
term_cecab96bbdd3aa648359,Labour cost index by NACE,measure,0.7840550269940113,semantic-hybrid,False,semantic centroid/neighbor measure fallback,"[""occ_5ae61279470627c9f94b"", ""occ_db3fdc06404d260d73e4"", ""occ_df67e66293db654154f7""]",run_1f27e7f7434a9d682f85
term_d2bfcdf266e1fd0f4c8b,Labour cost index by NACE Rev,measure,0.7669715475897955,semantic-hybrid,False,semantic centroid/neighbor measure fallback,"[""occ_048eab1af132141575a7"", ""occ_0492ea5e235a91d320ba"", ""occ_0ac0b65b2cbbb712a10b""]",run_1f27e7f7434a9d682f85
term_d178568b81b4ed95d6f6,Labour cost index by NACE Rev. 1.1 activity - country weights,measure,0.775021166704581,semantic-hybrid,False,semantic centroid/neighbor measure fallback,"[""occ_d2ab38360f8e35a3e3a8""]",run_1f27e7f7434a9d682f85
term_a3d227555e61d2cc9ca7,Labour cost index by NACE Rev. 2 activity,measure,0.7654202536901502,semantic-hybrid,False,semantic centroid/neighbor measure fallback,"[""occ_a48c23a331b128e1de47""]",run_1f27e7f7434a9d682f85
term_6d69e5aac4a1746ce2d6,Labour cost index by NACE Rev. 2 activity - country weights,measure,0.7738575590659511,semantic-hybrid,False,semantic centroid/neighbor measure fallback,"[""occ_e6ea3590e57a6889c9df""]",run_1f27e7f7434a9d682f85
term_d30751528da606361a4c,labour cost performance related to the euro area,measure,0.7775527941530748,semantic-hybrid,False,semantic centroid/neighbor measure fallback,"[""occ_d4b4d4d418ebc4c2f4ed""]",run_1f27e7f7434a9d682f85
term_ecb3740c0681f03cb2da,Labour costs annual data,measure,0.8023071346132079,semantic-hybrid,False,semantic centroid/neighbor measure fallback,"[""occ_d1e5aa9102e23e392c11""]",run_1f27e7f7434a9d682f85
term_433b28e5d5959ebe95c5,Labour costs annual data - NACE Rev. 2,measure,0.7721444588794633,semantic-hybrid,False,semantic centroid/neighbor measure fallback,"[""occ_1c0f332fe73ed18273b9""]",run_1f27e7f7434a9d682f85
term_d4aa2da18e57450987af,Labour costs other than wages and salaries,measure,0.8021476574310964,semantic-hybrid,False,semantic centroid/neighbor measure fallback,"[""occ_0189104a11a366788e8c"", ""occ_04de0671a89eafd65765"", ""occ_14b982113b280aeeba75"", ""occ_1522cc2a2dd48686c2d5"", ""occ_217cd2974b90405b3da1"", ""occ_2453d6807ea784e0d9a3"", ""occ_25599fb3832bca2f7b9e"", ""occ_2891e6dced9088704f17"", ""occ_2cc5bbc05cefe54dd54d"", ""occ_2f31e3d0f216740ae2b3"", ""occ_38eb5b920f3f5f9b5915"", ""occ_41e11ea506c134cfc65d"", ""occ_44dfa9a57533624da7c0"", ""occ_5530b8f87e384d85f842"", ""occ_55c8502425d7120bd4ed"", ""occ_5a38f1651f638d7bce96"", ""occ_64e34a1664e901fd3ef4"", ""occ_6dfef3bb87b8956d8374"", ""occ_7782f56551bce1e26a41"", ""occ_788a2d72798b15f949e8"", ""occ_7a8bfb9f0c3bb4b30bfc"", ""occ_80ecb9d7587b0dc82f92"", ""occ_8322888d3658a2668287"", ""occ_8961a4ed79aa2de216e2"", ""occ_a354f95ce842a18bf645"", ""occ_aa80c99b80fcd5aa02b3"", ""occ_ab26e9c6c371150d266b"", ""occ_ab58b4ede4d61de4c841"", ""occ_bc46d1778d8f830f7d78"", ""occ_bdfa844af6ce92f2d8d6"", ""occ_c86b4249666ac0dfe4fd"", ""occ_cef870b02d81bdcc3766"", ""occ_da2c0d8042ace1f38f5f"", ""occ_dbf4c0ca18d7e5405a8b"", ""occ_e47de3c239c0515980de"", ""occ_eae15afb654dfedd3cc4"", ""occ_eae556b5cda669db4f40"", ""occ_ec18deb96c2abc3ebcbd"", ""occ_f75d9805d0534d69cdbc"", ""occ_fe5f005963d3d85d9cce""]",run_1f27e7f7434a9d682f85
term_6d6b162b44e39efd0b33,Labour force participation rate,measure,0.7780543498550757,semantic-hybrid,False,semantic centroid/neighbor measure fallback,"[""occ_842452f6cb78c75f443b"", ""occ_d0fa1c6332b88c01c7fb""]",run_1f27e7f7434a9d682f85
term_bf62ba0a493fe9746380,"Labour force participation rate, aged",measure,0.7842874181229806,semantic-hybrid,False,semantic centroid/neighbor measure fallback,"[""occ_f38bc209fbdda5bdac4f""]",run_1f27e7f7434a9d682f85
term_2c1b124f7af4739cc516,Labour input - total industry (excluding construction),measure,0.7803515724066483,semantic-hybrid,False,semantic centroid/neighbor measure fallback,"[""occ_9ae1faba5ccd0ad44dd8""]",run_1f27e7f7434a9d682f85
term_91d027ea4d5deef0a2ef,Labour productivity in GDP,measure,0.88,semantic-hybrid,True,title evidence with measure lexical cue,"[""occ_9bbc353dabc385f34307""]",run_1f27e7f7434a9d682f85
term_4c4c02486b5237af63f9,Labour productivity in GDP (constant,measure,0.88,semantic-hybrid,True,title evidence with measure lexical cue,"[""occ_774559af3f7e1acea41d""]",run_1f27e7f7434a9d682f85
term_6670ea3deb987bd67d5e,Labour productivity in GDP (constant prices,measure,0.88,semantic-hybrid,True,title evidence with measure lexical cue,"[""occ_0c67280a9d78ccac3833""]",run_1f27e7f7434a9d682f85
term_49340c17d6ed99c42089,Labour productivity in GDP (constant prices) per,measure,0.88,semantic-hybrid,True,title evidence with measure lexical cue,"[""occ_f36cb35dda1e5887cda5""]",run_1f27e7f7434a9d682f85
term_e18dfe0b7f2acc56925f,Labour productivity in GDP (constant prices) per person,measure,0.88,semantic-hybrid,True,title evidence with measure lexical cue,"[""occ_fa928f27510915774838""]",run_1f27e7f7434a9d682f85
term_ce67cd86ecfdda211083,Labour productivity in GDP (constant prices) per person employed,measure,0.88,semantic-hybrid,True,title evidence with measure lexical cue,"[""occ_ae20e6196014639ef9e4""]",run_1f27e7f7434a9d682f85
term_f17f855c2456eeb7b95d,Labour productivity in GDP (constant prices) per person employed - ENP-East countries,measure,0.88,semantic-hybrid,True,title evidence with measure lexical cue,"[""occ_8d057684200f2bb21b2c""]",run_1f27e7f7434a9d682f85
term_3a5c25e4a8f2ee67c2b2,Labour productivity per hour worked - annual data,measure,0.7861094689263143,semantic-hybrid,False,semantic centroid/neighbor measure fallback,"[""occ_07ef7cf43c9ba04c20b5""]",run_1f27e7f7434a9d682f85
term_e129bf7dda6918f25883,Labour productivity per person employed and hour worked (=100),measure,0.7773094260476462,semantic-hybrid,False,semantic centroid/neighbor measure fallback,"[""occ_cc824f2aa7993f7bbd3b""]",run_1f27e7f7434a9d682f85
term_5b55d9f64e803056fde9,Labour transitions from temporary to permanent contracts by sex -3-year average,measure,0.787372822551385,semantic-hybrid,False,semantic centroid/neighbor measure fallback,"[""occ_56b3b70ab209b0e72d4e"", ""occ_640bc63f49f1b352992a""]",run_1f27e7f7434a9d682f85
term_46c78c45f8f9496604a8,land prices,measure,0.88,semantic-hybrid,True,title evidence with measure lexical cue,"[""occ_1064ba9623122e2dd234""]",run_1f27e7f7434a9d682f85
term_eefc544c1138ec1c359a,land prices by,measure,0.88,semantic-hybrid,True,title evidence with measure lexical cue,"[""occ_3a9010f708fa05f68505""]",run_1f27e7f7434a9d682f85
term_ab473b13355f9e3e144c,land prices by region,measure,0.88,semantic-hybrid,True,title evidence with measure lexical cue,"[""occ_984621667fa0469b5491""]",run_1f27e7f7434a9d682f85
term_5a109a7d2dd0afa3eeac,land prices by region - historical,measure,0.88,semantic-hybrid,True,title evidence with measure lexical cue,"[""occ_fb82eeda6cc3ad44c0f7""]",run_1f27e7f7434a9d682f85
term_a99577c4be946999fa9b,land prices by region - historical data,measure,0.88,semantic-hybrid,True,title evidence with measure lexical cue,"[""occ_702018f93f78df41a089""]",run_1f27e7f7434a9d682f85
term_fb5f3a2682404537cd2f,land renting prices,measure,0.88,semantic-hybrid,True,title evidence with measure lexical cue,"[""occ_8b77c1fedce669a809c9""]",run_1f27e7f7434a9d682f85
term_27d33e6fbefbfd07eac8,land renting prices for,measure,0.88,semantic-hybrid,True,title evidence with measure lexical cue,"[""occ_c9b8216624c2415a49d7""]",run_1f27e7f7434a9d682f85
term_e4cf441e798a39e33841,land renting prices for one,measure,0.88,semantic-hybrid,True,title evidence with measure lexical cue,"[""occ_799e4ce74b864d535eb0""]",run_1f27e7f7434a9d682f85
term_34206dc0047537f68c99,land renting prices for one year,measure,0.88,semantic-hybrid,True,title evidence with measure lexical cue,"[""occ_ae1a427f38f145fa13ff""]",run_1f27e7f7434a9d682f85
term_f9345f546529699959d9,land renting prices for one year by,measure,0.88,semantic-hybrid,True,title evidence with measure lexical cue,"[""occ_9d3c7d12ac2131c36afa""]",run_1f27e7f7434a9d682f85
term_b82a2b5444f606c2ea54,land renting prices for one year by region,measure,0.88,semantic-hybrid,True,title evidence with measure lexical cue,"[""occ_3a2c30fc1c6933cbf0c4""]",run_1f27e7f7434a9d682f85
term_412b7ab9083db9e82b94,last month) by price,measure,0.88,semantic-hybrid,True,title evidence with measure lexical cue,"[""occ_8e7ce847da430af12b69""]",run_1f27e7f7434a9d682f85
term_2be331f06d9a68d31f3a,last month) by share of platform income,measure,0.88,semantic-hybrid,True,title evidence with measure lexical cue,"[""occ_5f5fbb484f46d32a7402""]",run_1f27e7f7434a9d682f85
term_517c053e94763166b211,last month) by share of platform income in,measure,0.88,semantic-hybrid,True,title evidence with measure lexical cue,"[""occ_3dcf89f02bcd18d27ef1""]",run_1f27e7f7434a9d682f85
term_9aec9416f35680f516f6,Laying hens population,measure,0.88,semantic-hybrid,True,title evidence with measure lexical cue,"[""occ_d0e785d4e13cf291dd9d""]",run_1f27e7f7434a9d682f85
term_29b6574b44db73a56e63,Laying hens population - annual,measure,0.88,semantic-hybrid,True,title evidence with measure lexical cue,"[""occ_a47fc90cf5eaedcf70c4""]",run_1f27e7f7434a9d682f85
term_d186ea2cd1615cb2621c,Laying hens population - annual data,measure,0.88,semantic-hybrid,True,title evidence with measure lexical cue,"[""occ_7ba6b7eebcec9f2d24c0""]",run_1f27e7f7434a9d682f85
term_8b64f87e5bd4b34aaf86,level - as % of total public expenditure,measure,0.88,semantic-hybrid,True,title evidence with measure lexical cue,"[""occ_2941d6b963a3de75f685""]",run_1f27e7f7434a9d682f85
term_180584c6af18cd2408fd,level by NUTS 2 region - % of the population,measure,0.88,semantic-hybrid,True,title evidence with measure lexical cue,"[""occ_d16ff43a3a410b0dfce2"", ""occ_d44e9738f8f722089cea""]",run_1f27e7f7434a9d682f85
term_0502a6d764eb382c65e2,level by sex - % of the population,measure,0.88,semantic-hybrid,True,title evidence with measure lexical cue,"[""occ_c433f092e2b8ce8fbc7e"", ""occ_d34c75f8b5bbb6519e2d"", ""occ_f916a3a013efe2bfb2a8""]",run_1f27e7f7434a9d682f85
term_21226a125734525ad107,level by sex - % of the population of,measure,0.88,semantic-hybrid,True,title evidence with measure lexical cue,"[""occ_8b55f3590dbc8bb70d07"", ""occ_cbeef586dac76762cd26"", ""occ_ce35d518e86071e80d77""]",run_1f27e7f7434a9d682f85
term_4866ae275dcc212bf3d9,level by sex - % of the population of the,measure,0.88,semantic-hybrid,True,title evidence with measure lexical cue,"[""occ_4587aa57704c2087d3d5"", ""occ_567e3705d37482026e68"", ""occ_a27a6db290c1169ba5c1""]",run_1f27e7f7434a9d682f85
term_196c001c7546d3a62aa9,Level of internet access - households,measure,0.7718639111090752,semantic-hybrid,False,semantic centroid/neighbor measure fallback,"[""occ_d8b9b7135674159dcac1""]",run_1f27e7f7434a9d682f85
term_4b6b246102c01107fda7,"level, by sex - as % of the population",measure,0.88,semantic-hybrid,True,title evidence with measure lexical cue,"[""occ_5489b5c0b957ebf3caf9""]",run_1f27e7f7434a9d682f85
term_aff36d45063e0d1c4a3a,"level, by sex - as % of the population of",measure,0.88,semantic-hybrid,True,title evidence with measure lexical cue,"[""occ_18bf551721971af91fc7""]",run_1f27e7f7434a9d682f85
term_43bc1c770b4cf3471328,"liabilities (flows) - annual data, % of GDP",measure,0.88,semantic-hybrid,True,title evidence with measure lexical cue,"[""occ_ab98c632fe883e7db734""]",run_1f27e7f7434a9d682f85
term_1676ec2bb4f45ab1d950,"liabilities (stocks) - annual data, % of GDP",measure,0.88,semantic-hybrid,True,title evidence with measure lexical cue,"[""occ_45110319a1a56a7b26f6""]",run_1f27e7f7434a9d682f85
term_58a65e37a4e44ab613c4,Life expectancy at birth by,measure,0.88,semantic-hybrid,True,title evidence with measure lexical cue,"[""occ_236908d2a2f4af1d029d"", ""occ_a8dd48c3d4ecf87ac70c"", ""occ_cbf81eaaa8112d29ea5b""]",run_1f27e7f7434a9d682f85
term_6e664d7a7b8f893c6a3d,Life expectancy at birth by sex - ENP-South,measure,0.88,semantic-hybrid,True,title evidence with measure lexical cue,"[""occ_a2fcf9edda5ea86a055f""]",run_1f27e7f7434a9d682f85
term_f6876eaedf46f3589cd0,Life expectancy at birth by sex - ENP-South countries,measure,0.88,semantic-hybrid,True,title evidence with measure lexical cue,"[""occ_9789d2061afb4e432e43""]",run_1f27e7f7434a9d682f85
term_defa7d67b36d13cb3c3a,life recycling input rates,measure,0.7744738901189295,semantic-hybrid,False,semantic centroid/neighbor measure fallback,"[""occ_30a307c2d918a9370f59""]",run_1f27e7f7434a9d682f85
term_96f5f41468dd8eec5bcf,life years at birth,measure,0.88,semantic-hybrid,True,title evidence with measure lexical cue,"[""occ_3e38f1e4886de3ce7fb8"", ""occ_eb19e276a7a0018d25f9""]",run_1f27e7f7434a9d682f85
term_90a65b60d49376a915ec,life years at birth by,measure,0.88,semantic-hybrid,True,title evidence with measure lexical cue,"[""occ_3b0b01497c5c0328056f"", ""occ_cee2f3a4d488ac0184c5""]",run_1f27e7f7434a9d682f85
term_3a01a79693b01b007690,life years at birth by sex,measure,0.88,semantic-hybrid,True,title evidence with measure lexical cue,"[""occ_b1e2cf01f477d1feb21d"", ""occ_c84f2831d6ce8563e3a2""]",run_1f27e7f7434a9d682f85
term_e93678a4925dbb2d0e97,Live births and,measure,0.88,semantic-hybrid,True,title evidence with measure lexical cue,"[""occ_7b12202eda7c223951c7""]",run_1f27e7f7434a9d682f85
term_a337bff5527dfc3c9713,Live births and crude,measure,0.88,semantic-hybrid,True,title evidence with measure lexical cue,"[""occ_bc9d65e53ff8e9a42bdb""]",run_1f27e7f7434a9d682f85
term_998170f54632c362f369,Live births and crude birth,measure,0.88,semantic-hybrid,True,title evidence with measure lexical cue,"[""occ_e76af5f4ba9f20513f79""]",run_1f27e7f7434a9d682f85
term_ae811119ae4287ceef98,Live births and crude birth rate,measure,0.88,semantic-hybrid,True,title evidence with measure lexical cue,"[""occ_dddf5ec047c007e87440""]",run_1f27e7f7434a9d682f85
term_47ead53796b0ad6f4802,Loans (excluding mortgages on purchase of main residence) by income quintile,measure,0.88,semantic-hybrid,True,title evidence with measure lexical cue,"[""occ_42510c75d199d26e0f0f""]",run_1f27e7f7434a9d682f85
term_3f02d25a9624d598916d,"loans by sectors, consolidated - % of GDP",measure,0.88,semantic-hybrid,True,title evidence with measure lexical cue,"[""occ_9a082a50bb4f90074c90""]",run_1f27e7f7434a9d682f85
term_6a2efc95f21d6f25d22c,"loans by sectors, non-consolidated - % of GDP",measure,0.88,semantic-hybrid,True,title evidence with measure lexical cue,"[""occ_19c71ca6941a74ff16af""]",run_1f27e7f7434a9d682f85
term_d40869f01637c1c11956,"loans, by sectors, consolidated - % of GDP",measure,0.88,semantic-hybrid,True,title evidence with measure lexical cue,"[""occ_27765be424587314dcd0""]",run_1f27e7f7434a9d682f85
term_d719a8152a5e0534ba98,"loans, by sectors, non-consolidated - % of GDP",measure,0.88,semantic-hybrid,True,title evidence with measure lexical cue,"[""occ_e0679b1dd6f1948deda0""]",run_1f27e7f7434a9d682f85
term_5512aed5f8ceee261261,Long-term unemployment rate,measure,0.88,semantic-hybrid,True,title evidence with measure lexical cue,"[""occ_3e2c3b35e0766d07b872"", ""occ_6fb953531006391647de"", ""occ_f52179bad4aa8b392a0f""]",run_1f27e7f7434a9d682f85
term_77b20c66fbdcd209c5c4,Long-term unemployment rate by,measure,0.88,semantic-hybrid,True,title evidence with measure lexical cue,"[""occ_12fa463c60696adeee7f"", ""occ_d12ab6100ca76a7d9651""]",run_1f27e7f7434a9d682f85
term_d3e9231fa5288ba36887,Long-term unemployment rate by sex,measure,0.88,semantic-hybrid,True,title evidence with measure lexical cue,"[""occ_0fbb8efc6aa16476ff76"", ""occ_2a0fd9c58eb983f3d0e9""]",run_1f27e7f7434a9d682f85
term_4e12c1c623a28c7a0a4f,"Long-term unemployment rate, % of",measure,0.88,semantic-hybrid,True,title evidence with measure lexical cue,"[""occ_ddeab23952d6de2d0f67""]",run_1f27e7f7434a9d682f85
term_6eda086219680f307428,"Long-term unemployment rate, % of active",measure,0.88,semantic-hybrid,True,title evidence with measure lexical cue,"[""occ_d45359de7333253680d1""]",run_1f27e7f7434a9d682f85
term_0170dacd2a1bc670ce2e,"Long-term unemployment rate, % of active population",measure,0.88,semantic-hybrid,True,title evidence with measure lexical cue,"[""occ_f8e565c202137cb5345f""]",run_1f27e7f7434a9d682f85
term_5ad08c5e3dbee119bcc0,"Long-term unemployment rate, % of active population aged",measure,0.88,semantic-hybrid,True,title evidence with measure lexical cue,"[""occ_631b2d932ef45279d7a4""]",run_1f27e7f7434a9d682f85
term_8bb310c92f161e04aeb0,"Long-term unemployment rate, % of active population aged 15-74",measure,0.88,semantic-hybrid,True,title evidence with measure lexical cue,"[""occ_e3bc567b440bf4c7300c""]",run_1f27e7f7434a9d682f85
term_f87577266e188ac56aa9,long-term unemployment rates,measure,0.88,semantic-hybrid,True,title evidence with measure lexical cue,"[""occ_65e7c70fdede01bc1657"", ""occ_9b96b7c632ddfaa14452""]",run_1f27e7f7434a9d682f85
term_bf55aa28b3d193dbf475,Long-term unemployment rates by,measure,0.88,semantic-hybrid,True,title evidence with measure lexical cue,"[""occ_761163bb0059f0fb57fa""]",run_1f27e7f7434a9d682f85
term_6273fd9149de8fb6704b,Long-term unemployment rates by sex,measure,0.88,semantic-hybrid,True,title evidence with measure lexical cue,"[""occ_c82d920ac0882b08217e""]",run_1f27e7f7434a9d682f85
term_0fc206cf39067f4cf3b8,Long-term unemployment rates by sex - ENP-East,measure,0.88,semantic-hybrid,True,title evidence with measure lexical cue,"[""occ_54d921b960f0b1cae4de""]",run_1f27e7f7434a9d682f85
term_06310cc3ee57698adc4b,Long-term unemployment rates by sex - ENP-East countries,measure,0.88,semantic-hybrid,True,title evidence with measure lexical cue,"[""occ_f022c8700deb875907bd""]",run_1f27e7f7434a9d682f85
term_a06c27cf3ca8e71de7f5,longer in employment,measure,0.88,semantic-hybrid,True,title evidence with measure lexical cue,"[""occ_e3af0036deb57d30b82e""]",run_1f27e7f7434a9d682f85
term_90445505cc2998032e3c,low work intensity by degree of urbanisation (population,measure,0.88,semantic-hybrid,True,title evidence with measure lexical cue,"[""occ_fa9ee187c1f316df5def""]",run_1f27e7f7434a9d682f85
term_e4ccbbfe8b2db26a1eb4,low work intensity by NUTS 2 region (population,measure,0.88,semantic-hybrid,True,title evidence with measure lexical cue,"[""occ_57bc6c96c85369755019""]",run_1f27e7f7434a9d682f85
term_b87a4dd1a839bc86ce87,Low-wage earners as a proportion of all employees (excluding apprentices) by age,measure,0.7759261925290237,semantic-hybrid,False,semantic centroid/neighbor measure fallback,"[""occ_d3fd49cc24763faa5477""]",run_1f27e7f7434a9d682f85
term_57896bda73fe719211f7,Low-wage earners as a proportion of all employees (excluding apprentices) by employment contract,measure,0.88,semantic-hybrid,True,title evidence with measure lexical cue,"[""occ_c5cd9d34580de8cbba5d""]",run_1f27e7f7434a9d682f85
term_464cf3813e91585290d8,Low-wage earners as a proportion of all employees (excluding apprentices) by sex,measure,0.7855703304490297,semantic-hybrid,False,semantic centroid/neighbor measure fallback,"[""occ_98282532631ef3dfc51b""]",run_1f27e7f7434a9d682f85
term_6c058c5ecc85fa44defe,main residence by income,measure,0.88,semantic-hybrid,True,title evidence with measure lexical cue,"[""occ_fc3c23f0fbc2703cf4b1""]",run_1f27e7f7434a9d682f85
term_3477b725f64eeda69832,main residence by income quantile,measure,0.88,semantic-hybrid,True,title evidence with measure lexical cue,"[""occ_4cd81345ade5caee66c7""]",run_1f27e7f7434a9d682f85
term_9c855fa9ff210d56668c,main residence) by income,measure,0.88,semantic-hybrid,True,title evidence with measure lexical cue,"[""occ_a34105fd21f84050230b""]",run_1f27e7f7434a9d682f85
term_6ea423faaa555f4cd6c2,main residence) by income quintile,measure,0.88,semantic-hybrid,True,title evidence with measure lexical cue,"[""occ_507b837eb336bf579cca""]",run_1f27e7f7434a9d682f85
term_8363a2d5e57272fba3ab,"maize and corn-cob-mix by area, production",measure,0.88,semantic-hybrid,True,title evidence with measure lexical cue,"[""occ_db0991d8cfe968c7b7c5""]",run_1f27e7f7434a9d682f85
term_2f395eaf17d8678e82cd,"maize and corn-cob-mix by area, production and",measure,0.88,semantic-hybrid,True,title evidence with measure lexical cue,"[""occ_8769c1579aea5b148281""]",run_1f27e7f7434a9d682f85
term_6066c4745e05b00ef3bd,"maize and corn-cob-mix by area, production and humidity",measure,0.88,semantic-hybrid,True,title evidence with measure lexical cue,"[""occ_778cbf6418718a8d21d1""]",run_1f27e7f7434a9d682f85
term_6dc068cd8893888502f2,"maize by area, production",measure,0.88,semantic-hybrid,True,title evidence with measure lexical cue,"[""occ_5beecff23dc50e905a05""]",run_1f27e7f7434a9d682f85
term_3434dd81973edbbf7360,"maize by area, production and",measure,0.88,semantic-hybrid,True,title evidence with measure lexical cue,"[""occ_c3b48414011542f766fe""]",run_1f27e7f7434a9d682f85
term_c58f4d48c9a23d3b6451,"maize by area, production and humidity",measure,0.88,semantic-hybrid,True,title evidence with measure lexical cue,"[""occ_b023025e6f219715701d""]",run_1f27e7f7434a9d682f85
term_5248b5345b4ee2ed3542,major mineral wastes per GDP,measure,0.88,semantic-hybrid,True,title evidence with measure lexical cue,"[""occ_c24a77c1caf422bfb79e""]",run_1f27e7f7434a9d682f85
term_0be44b79a4b36b76774f,major mineral wastes per GDP unit,measure,0.88,semantic-hybrid,True,title evidence with measure lexical cue,"[""occ_4b4d705f41d5c0501c94""]",run_1f27e7f7434a9d682f85
term_d1857e7c6b5ae0c9dbd7,"manufacturing, construction, by sex - per 1000 of population",measure,0.88,semantic-hybrid,True,title evidence with measure lexical cue,"[""occ_a4ad6a21191928d0112c""]",run_1f27e7f7434a9d682f85
term_e157e5c7f05a0049cc46,Maritime goods transport performed in the Exclusive Economic Zone of the countries,measure,0.88,semantic-hybrid,True,title evidence with measure lexical cue,"[""occ_7c580259aeb4bc3d3ff2""]",run_1f27e7f7434a9d682f85
term_cf4d38e388c2bc56090a,Maritime passenger transport performed in the Exclusive Economic Zone of the countries,measure,0.88,semantic-hybrid,True,title evidence with measure lexical cue,"[""occ_576413ff415d773f8fde""]",run_1f27e7f7434a9d682f85
term_eb0740949292b76319ec,Maritime transport infrastructure,measure,0.88,semantic-hybrid,True,title evidence with measure lexical cue,"[""occ_84c69f772c9aeab3d271""]",run_1f27e7f7434a9d682f85
term_c6b8e720436e1d8a19f2,Maritime transport infrastructure: ports,measure,0.88,semantic-hybrid,True,title evidence with measure lexical cue,"[""occ_557c246cfdcb093aad3c""]",run_1f27e7f7434a9d682f85
term_422013898bdc7aa0ad06,Maritime transport of freight by NUTS 2 region,measure,0.88,semantic-hybrid,True,title evidence with measure lexical cue,"[""occ_dcaa418773d480809992""]",run_1f27e7f7434a9d682f85
term_0ecae0b5473fbb8ae729,Maritime transport of passengers by NUTS 2 region,measure,0.88,semantic-hybrid,True,title evidence with measure lexical cue,"[""occ_69dcc20f1760698f4a3f""]",run_1f27e7f7434a9d682f85
term_30414e909aa2ac963d4f,market interest rates - annual data,measure,0.7670126938164673,semantic-hybrid,False,semantic centroid/neighbor measure fallback,"[""occ_a9e07b615e741718b5b1""]",run_1f27e7f7434a9d682f85
term_55d49229b86c245dd206,Market output and output for own final use,measure,0.7684355760890847,semantic-hybrid,False,semantic centroid/neighbor measure fallback,"[""occ_8d3f9c48e6b7726b1254""]",run_1f27e7f7434a9d682f85
term_0ce86853c1afbeeb533f,"Market output, output for own final use and payments for non-market output",measure,0.7824994071441157,semantic-hybrid,False,semantic centroid/neighbor measure fallback,"[""occ_7581d1da174466d9d434""]",run_1f27e7f7434a9d682f85
term_aed2451655421970bc85,market prices,measure,0.88,semantic-hybrid,True,title evidence with measure lexical cue,"[""occ_8430ea0ee8832c220c02""]",run_1f27e7f7434a9d682f85
term_5a62747e9b2bbc98b77e,Market production,measure,0.88,semantic-hybrid,True,title evidence with measure lexical cue,"[""occ_729f35802c341cc7c4ac""]",run_1f27e7f7434a9d682f85
term_87397ba66bbc3b7bd381,Market production - annual,measure,0.88,semantic-hybrid,True,title evidence with measure lexical cue,"[""occ_06aeaee1140a05881a19""]",run_1f27e7f7434a9d682f85
term_012b2e24a75dae7a8801,Market production - annual data,measure,0.88,semantic-hybrid,True,title evidence with measure lexical cue,"[""occ_7a41f8d1d44dfc58f116""]",run_1f27e7f7434a9d682f85
term_2208c6306774c1f0e6aa,material and social deprivation rate,measure,0.7810558362216194,semantic-hybrid,False,semantic centroid/neighbor measure fallback,"[""occ_2eebd367a062aecbec4c"", ""occ_331d991139b30bfbe7f0"", ""occ_9edc8ca1678333f8fdad"", ""occ_a299024983ac98fa0000"", ""occ_a5643d4eb02e56ad31ab"", ""occ_cad63b2339bbaf5d7707"", ""occ_fee839958b2a9641f92b""]",run_1f27e7f7434a9d682f85
term_81ee571891fdd2d6a7c4,Material and social deprivation rate by,measure,0.7872502764501701,semantic-hybrid,False,semantic centroid/neighbor measure fallback,"[""occ_181f102f6e0252b81bf4"", ""occ_70076583cb99f3c4c804"", ""occ_9caf2a20a32dc2661755"", ""occ_b6add49cf00a076bdbee"", ""occ_df5e79f6a24c70636f39""]",run_1f27e7f7434a9d682f85
term_499bd94cd8c71dfef716,material and social deprivation rate by age,measure,0.7795011071309843,semantic-hybrid,False,semantic centroid/neighbor measure fallback,"[""occ_e95a1e2cb9fba76f5232""]",run_1f27e7f7434a9d682f85
term_26fb51e4f4a8750885a2,material and social deprivation rate by age group,measure,0.7699143479867164,semantic-hybrid,False,semantic centroid/neighbor measure fallback,"[""occ_eb1a04c18236ee05a0d7""]",run_1f27e7f7434a9d682f85
term_c1d8bb923e3112420fde,Material and social deprivation rate by degree,measure,0.7725635032104596,semantic-hybrid,False,semantic centroid/neighbor measure fallback,"[""occ_6b7a959059ece6d84ee3""]",run_1f27e7f7434a9d682f85
term_1830370479fc9fa01265,Material and social deprivation rate by degree of,measure,0.7761896310693956,semantic-hybrid,False,semantic centroid/neighbor measure fallback,"[""occ_e92ebf1c3877b3f7a5f2""]",run_1f27e7f7434a9d682f85
term_464bfc8a3b5cd666eacd,Material and social deprivation rate by NUTS,measure,0.7807698918759729,semantic-hybrid,False,semantic centroid/neighbor measure fallback,"[""occ_a6c0f9fabe7d969bf4cc""]",run_1f27e7f7434a9d682f85
term_24ed5e554e0a699913f8,Material and social deprivation rate by NUTS 2,measure,0.782208141291918,semantic-hybrid,False,semantic centroid/neighbor measure fallback,"[""occ_80220f54b9403ad518ad""]",run_1f27e7f7434a9d682f85
term_25efa649f43352764d4c,Material and social deprivation rate by NUTS 2 region,measure,0.7710979285839975,semantic-hybrid,False,semantic centroid/neighbor measure fallback,"[""occ_902bcfbb38688cc3f195""]",run_1f27e7f7434a9d682f85
term_e5c9fb5a0d00fe8c55cc,material and social deprivation rate by sex,measure,0.7822256385364657,semantic-hybrid,False,semantic centroid/neighbor measure fallback,"[""occ_cfddd830a74f4ab08a50""]",run_1f27e7f7434a9d682f85
term_0d95951009486317782b,Material and social deprivation rate by tenure,measure,0.7627812531038156,semantic-hybrid,False,semantic centroid/neighbor measure fallback,"[""occ_af72cd52e778a73f067c""]",run_1f27e7f7434a9d682f85
term_1aeb00fd065517b0fbdc,Material and social deprivation rate by tenure status,measure,0.760308950081698,semantic-hybrid,False,semantic centroid/neighbor measure fallback,"[""occ_e76db129d732bea49224""]",run_1f27e7f7434a9d682f85
term_2a61a5fde49fd3de3915,material and social deprivation rate for,measure,0.7848235438663125,semantic-hybrid,False,semantic centroid/neighbor measure fallback,"[""occ_51f47c7e820e74c5e67c""]",run_1f27e7f7434a9d682f85
term_2e14a556b48fd4144a31,material deprivation rate,measure,0.7835649750605557,semantic-hybrid,False,semantic centroid/neighbor measure fallback,"[""occ_3c7e6f89152e07af438f"", ""occ_69e752ebb5bd57a26179"", ""occ_7885db3a10f73fed8eae"", ""occ_a4f7329c1725c298b9cf"", ""occ_a9cf16f5e1b4efcd9eb4"", ""occ_aca6e1959b8b4b684d94"", ""occ_b1957fdde5dfdf026dc2"", ""occ_c5931725cf724a358430""]",run_1f27e7f7434a9d682f85
term_eb37aaee376c230547ee,material deprivation rate by,measure,0.7908289290849015,semantic-hybrid,False,semantic centroid/neighbor measure fallback,"[""occ_2ce534296f538f7ca291"", ""occ_578bff4322e9668f6397"", ""occ_58db075ede9d66a548b3"", ""occ_61cc4bb226eb9e41925e"", ""occ_736164194db98ee5ad5c"", ""occ_91a90994cf24e2569343"", ""occ_d150d71182472d7ba718"", ""occ_d253d6742c07e15e4b81""]",run_1f27e7f7434a9d682f85
term_dd766f6aff30338ffecb,Material Deprivation rate by age,measure,0.7926934314176401,semantic-hybrid,False,semantic centroid/neighbor measure fallback,"[""occ_0c95c2ee153bbdd21f1e"", ""occ_461ded352b5bb2114cb8""]",run_1f27e7f7434a9d682f85
term_7f618447d6453b450364,Material Deprivation rate by age group,measure,0.7822619483349488,semantic-hybrid,False,semantic centroid/neighbor measure fallback,"[""occ_c81692ba85b2cb29955d""]",run_1f27e7f7434a9d682f85
term_7e09537e054cb306f93d,Material Deprivation rate by age group - EU-SILC,measure,0.7620640509823848,semantic-hybrid,False,semantic centroid/neighbor measure fallback,"[""occ_bd035443cf3b7a7965dd""]",run_1f27e7f7434a9d682f85
term_3db57a1bdb4c25533549,material deprivation rate by educational,measure,0.7716438254110441,semantic-hybrid,False,semantic centroid/neighbor measure fallback,"[""occ_21f92ef25ed1935813a1""]",run_1f27e7f7434a9d682f85
term_62a51af28609f308150d,material deprivation rate by household,measure,0.7885489028824609,semantic-hybrid,False,semantic centroid/neighbor measure fallback,"[""occ_0993f66b0954633cabf2""]",run_1f27e7f7434a9d682f85
term_c6c222d1874d70461034,Material Deprivation rate by sex,measure,0.789932062702065,semantic-hybrid,False,semantic centroid/neighbor measure fallback,"[""occ_c741d531ad6ba61c3fea""]",run_1f27e7f7434a9d682f85
term_0a3adc9cbb011a942f42,Material Deprivation rate by sex - EU-SILC,measure,0.7755179024593492,semantic-hybrid,False,semantic centroid/neighbor measure fallback,"[""occ_85575a2df9bf51ba3827""]",run_1f27e7f7434a9d682f85
term_c31d6940aad158e57968,Material Deprivation rate by sex - EU-SILC survey,measure,0.7639477063600224,semantic-hybrid,False,semantic centroid/neighbor measure fallback,"[""occ_98d5ae9840662c61400b""]",run_1f27e7f7434a9d682f85
term_11918d3ccdf621567f1b,material deprivation rate by tenure,measure,0.7700482101952447,semantic-hybrid,False,semantic centroid/neighbor measure fallback,"[""occ_aa8602f15ddb0832e8a7""]",run_1f27e7f7434a9d682f85
term_d82cc80c4a0dcdaa7a56,material deprivation rate by tenure status,measure,0.7664062680669665,semantic-hybrid,False,semantic centroid/neighbor measure fallback,"[""occ_74ef2f97a62a5ea7ffe3""]",run_1f27e7f7434a9d682f85
term_f29cf3e22a389054d0e2,material use rate by material,measure,0.7679688633846146,semantic-hybrid,False,semantic centroid/neighbor measure fallback,"[""occ_9515f3cd44c1041d2b2b""]",run_1f27e7f7434a9d682f85
term_03839aaf70925b18562f,material use rate by material type,measure,0.7750336248771991,semantic-hybrid,False,semantic centroid/neighbor measure fallback,"[""occ_35d38abf5b55b5d354eb""]",run_1f27e7f7434a9d682f85
term_81cc282a753dba008375,Mean age of women at childbirth and,measure,0.88,semantic-hybrid,True,title evidence with measure lexical cue,"[""occ_e53b5e6ec75dcfeba485""]",run_1f27e7f7434a9d682f85
term_60112935e458f8130eed,Mean age of women at childbirth and at,measure,0.88,semantic-hybrid,True,title evidence with measure lexical cue,"[""occ_2d999118e83099f52ec3""]",run_1f27e7f7434a9d682f85
term_078d046c57799f9a57b5,Mean age of women at childbirth and at birth of first child,measure,0.88,semantic-hybrid,True,title evidence with measure lexical cue,"[""occ_a00e2f1a07fbb8a1c41a""]",run_1f27e7f7434a9d682f85
term_a4abb059f538c91197bb,Mean annual earnings by NUTS 1 region (enterprises with 10 employees or more),measure,0.7680213793348,semantic-hybrid,False,semantic centroid/neighbor measure fallback,"[""occ_4ef2a40a2742fa3a5a96"", ""occ_840c8b168871177be30e"", ""occ_a102daa4f410d86ff88b"", ""occ_e146e594878262c44427""]",run_1f27e7f7434a9d682f85
term_724fd5a61646c07b9ee6,Mean consumption expenditure,measure,0.88,semantic-hybrid,True,title evidence with measure lexical cue,"[""occ_730089d3a48953da11d1"", ""occ_751914450732b78f4d21"", ""occ_e64e88865be6dcd026c2"", ""occ_f496139b2886639611c3""]",run_1f27e7f7434a9d682f85
term_6d74ce8b77ff2dfa763c,Mean consumption expenditure by,measure,0.88,semantic-hybrid,True,title evidence with measure lexical cue,"[""occ_5a5e5a6c221ba2cf8524""]",run_1f27e7f7434a9d682f85
term_f6ae12fd7ee563d0416b,Mean consumption expenditure by number,measure,0.88,semantic-hybrid,True,title evidence with measure lexical cue,"[""occ_9931fb776f566e1ae200""]",run_1f27e7f7434a9d682f85
term_c054e773edcb3bcaf89c,Mean consumption expenditure by number of,measure,0.88,semantic-hybrid,True,title evidence with measure lexical cue,"[""occ_af27a16554f99fa0be64""]",run_1f27e7f7434a9d682f85
term_ee6c75b8c0d6bfb30084,Mean consumption expenditure by number of active,measure,0.88,semantic-hybrid,True,title evidence with measure lexical cue,"[""occ_ed4cf33a2473f0ba41c3""]",run_1f27e7f7434a9d682f85
term_45b9a362994ac998a029,Mean consumption expenditure by number of active persons,measure,0.88,semantic-hybrid,True,title evidence with measure lexical cue,"[""occ_0f551fb414265ef2dc05""]",run_1f27e7f7434a9d682f85
term_842c3e4b0df4aff6d7de,Mean consumption expenditure of,measure,0.88,semantic-hybrid,True,title evidence with measure lexical cue,"[""occ_2073a977e366a01725b3"", ""occ_d361b90c2540e1df258b""]",run_1f27e7f7434a9d682f85
term_79ff7ac0ec8710efabc9,Mean consumption expenditure of private,measure,0.88,semantic-hybrid,True,title evidence with measure lexical cue,"[""occ_c3b410cf35437ded3e6e"", ""occ_dc99c0f397aadb9a8836""]",run_1f27e7f7434a9d682f85
term_1c230901746c4ea7a1b9,Mean consumption expenditure of private households,measure,0.88,semantic-hybrid,True,title evidence with measure lexical cue,"[""occ_8094305f711065d86501"", ""occ_a9ba52e8edc95ebad38e""]",run_1f27e7f7434a9d682f85
term_404ed42b22ecaa62e068,Mean consumption expenditure of private households on,measure,0.88,semantic-hybrid,True,title evidence with measure lexical cue,"[""occ_3ebf72a5938665471732"", ""occ_ddd1a633be22854713fd""]",run_1f27e7f7434a9d682f85
term_c5df7057b9f5ad1ff232,Mean consumption expenditure of private households on cultural,measure,0.88,semantic-hybrid,True,title evidence with measure lexical cue,"[""occ_44eb8637ef979b01edf8""]",run_1f27e7f7434a9d682f85
term_c14bca743ac5884f17e2,Mean consumption expenditure of private households on cultural goods and services by income quintile,measure,0.88,semantic-hybrid,True,title evidence with measure lexical cue,"[""occ_077b74638fc483123d0d""]",run_1f27e7f7434a9d682f85
term_43c0c83e112869827ec6,Mean consumption expenditure of private households on sporting,measure,0.88,semantic-hybrid,True,title evidence with measure lexical cue,"[""occ_cc215efadbcc77c5d419""]",run_1f27e7f7434a9d682f85
term_fcbaef808b290197842f,Mean consumption expenditure of private households on sporting goods and services by income quintile,measure,0.88,semantic-hybrid,True,title evidence with measure lexical cue,"[""occ_2e40bd3bfad9b9773a86""]",run_1f27e7f7434a9d682f85
term_7f9dd3c79ddf7d434e77,Mean consumption expenditure per,measure,0.88,semantic-hybrid,True,title evidence with measure lexical cue,"[""occ_852d487e7c0d33f0c9c2""]",run_1f27e7f7434a9d682f85
term_ed8a7c180e76bd51f2a2,Mean consumption expenditure per household,measure,0.88,semantic-hybrid,True,title evidence with measure lexical cue,"[""occ_54b1611ba3ad6bc786bc""]",run_1f27e7f7434a9d682f85
term_d35f2a6e442c11e77aa3,Mean consumption expenditure per household and,measure,0.88,semantic-hybrid,True,title evidence with measure lexical cue,"[""occ_c82c6cb3df061ba9e59e""]",run_1f27e7f7434a9d682f85
term_2124329c6e6c3f95650a,Mean consumption expenditure per household and per,measure,0.88,semantic-hybrid,True,title evidence with measure lexical cue,"[""occ_d38116712417e19d7632""]",run_1f27e7f7434a9d682f85
term_71b28405f480839c2c65,Mean consumption expenditure per household and per adult,measure,0.88,semantic-hybrid,True,title evidence with measure lexical cue,"[""occ_be3aaf99e213bd032de8""]",run_1f27e7f7434a9d682f85
term_20ca9ef9e116900d5e88,Mean consumption expenditure per household and per adult equivalent,measure,0.88,semantic-hybrid,True,title evidence with measure lexical cue,"[""occ_c7459fe218580054cbea""]",run_1f27e7f7434a9d682f85
term_6a8cfa8880429fc81362,Mean duration of commuting time one-way between work and home by sex and age,measure,0.7744585999651463,semantic-hybrid,False,semantic centroid/neighbor measure fallback,"[""occ_7177e90028ba32ada162""]",run_1f27e7f7434a9d682f85
term_32c3020dedd89665cc03,Mean hourly earnings by NUTS 1 region (enterprises with 10 employees or more),measure,0.7683540992402855,semantic-hybrid,False,semantic centroid/neighbor measure fallback,"[""occ_969253a93b6a44557cd0"", ""occ_ded11a7c436a66a448f5""]",run_1f27e7f7434a9d682f85
term_da0eebfa00f372b7cb5b,Meat (total production,measure,0.88,semantic-hybrid,True,title evidence with measure lexical cue,"[""occ_58a04da653c17e5efcd9""]",run_1f27e7f7434a9d682f85
term_e10167245fc767be14f4,Meat (total production),measure,0.88,semantic-hybrid,True,title evidence with measure lexical cue,"[""occ_9b797ca52e018daf2d36""]",run_1f27e7f7434a9d682f85
term_aeaee419e62acf4048d5,Meat production,measure,0.88,semantic-hybrid,True,title evidence with measure lexical cue,"[""occ_9d746a1f685e7e36c911"", ""occ_c422f466db80ab0719ac""]",run_1f27e7f7434a9d682f85
term_0630f319a844bb1908fa,Meat production - ENP-East,measure,0.88,semantic-hybrid,True,title evidence with measure lexical cue,"[""occ_f0a14f826a86487f8b30""]",run_1f27e7f7434a9d682f85
term_dda222aaf1cad0d16ff4,Meat production - ENP-East countries,measure,0.88,semantic-hybrid,True,title evidence with measure lexical cue,"[""occ_2c8135896404f2cda5d9""]",run_1f27e7f7434a9d682f85
term_eceb28920ec410eed17e,Meat production - ENP-South,measure,0.88,semantic-hybrid,True,title evidence with measure lexical cue,"[""occ_3c223c729b7dc6b7f5cb""]",run_1f27e7f7434a9d682f85
term_08f3dd440b4f4e4ac60d,Meat production - ENP-South countries,measure,0.88,semantic-hybrid,True,title evidence with measure lexical cue,"[""occ_83677e2a7ee351c49b94""]",run_1f27e7f7434a9d682f85
term_f7373141e70e62bc181d,Median age of residents by sex and country of birth,measure,0.88,semantic-hybrid,True,title evidence with measure lexical cue,"[""occ_4f5a610df239a4af58cd""]",run_1f27e7f7434a9d682f85
term_e47ff7e1d39c637a9458,Median equivalised income,measure,0.7958982200885465,semantic-hybrid,False,semantic centroid/neighbor measure fallback,"[""occ_00522143925ef5e2e631"", ""occ_00637ceed59ee8647c25"", ""occ_011be51a9baeac925e68"", ""occ_0183b1658f527fb843ea"", ""occ_0192676f9f1012a7f314"", ""occ_01d78d972448c820923f"", ""occ_01f4709df8e0ca76ffbe"", ""occ_020d05d0a8f2c669c699"", ""occ_02cc39c14ddc4b39c44d"", ""occ_02cd6112bcc8b33d4a54"", ""occ_02de8ebc8901519ee6a5"", ""occ_03027976e628342cee57"", ""occ_032415f85ad4da779083"", ""occ_0355e82464d95e65b14f"", ""occ_039605bba6cd30402f15"", ""occ_0399af59ccc4c8cdca05"", ""occ_03b8dd575e9813e4ca23"", ""occ_03d6e970d0a12afa699d"", ""occ_041aff0504b0663fa556"", ""occ_0450ff04280a02e66cc0"", ""occ_0452215602c9c7dd1ea1"", ""occ_04a49361bd7b8e90304f"", ""occ_04eb6225d5f6ce7bb710"", ""occ_050d67d1b7df86435e73"", ""occ_0578242308b5a1b2fee3"", ""occ_058cf8b5749976c376d3"", ""occ_058d853241c4af0482d0"", ""occ_060fda67a1dfed1dbbff"", ""occ_063d7072d072eab1ac90"", ""occ_064f07728a39dbbe7761"", ""occ_0677165f6856ee288584"", ""occ_0692efefa7299208ffc8"", ""occ_075e05b244e05c48a601"", ""occ_0779858ecdaa7414cc39"", ""occ_07c3b65d7b14ec171d28"", ""occ_07cc3935f7df390ff83a"", ""occ_088570d92f97ac73ecf8"", ""occ_08c397c2af16a3d45001"", ""occ_094e5b631db9c2fb40a9"", ""occ_0963c86d981b093b36fa"", ""occ_0964101a810c1a51ebad"", ""occ_09b1e1ff988ac01a9d26"", ""occ_09e3cb3aa0a29ed2a0a8"", ""occ_0a4131806ddcc9c13630"", ""occ_0b217952417e4cffbbca"", ""occ_0b3ef55ba8bf71f10bcc"", ""occ_0ba5e2f9ab0ccdbde17d"", ""occ_0bbfe3a548ef3c5e510f"", ""occ_0be2f9e1ccc2c7c60827"", ""occ_0c1e92a4cb3176ecb51e"", ""occ_0c374ddd42111a5ba87d"", ""occ_0c7cf7261fe41b1ea8c8"", ""occ_0c85268c6559651f658b"", ""occ_0ca070ae5d402666a679"", ""occ_0cd6ddeec4784aa594c5"", ""occ_0cf2815f9f4fe5853bdf"", ""occ_0d3959716b5bd5498346"", ""occ_0d52993badb575b34c67"", ""occ_0d719d70d05b71df9649"", ""occ_0e04a6482c1c2270641b"", ""occ_0e3264419e7e5c2ba656"", ""occ_0e7cc070d02cb9e8cf73"", ""occ_0e816401d9bd7aa464b3"", ""occ_0efe9059986b73d1f54f"", ""occ_0f0062686c2920f75ee2"", ""occ_0f27bf1e0195aa4a52fe"", ""occ_0f2b9db7da48349a6eb2"", ""occ_0f5f6c795764863139fd"", ""occ_101eb8d94d4ce68a1d14"", ""occ_104c772c85828b08d9c8"", ""occ_111bbe1d54b53a8308ba"", ""occ_113e950d8f83a67e8add"", ""occ_114014d6bba36e6ec37f"", ""occ_1147ee3b890ddaac84e6"", ""occ_11860e0b6c013a96dea1"", ""occ_11edd82f416ddf451e1b"", ""occ_1201d1b50396555ef455"", ""occ_12139223636270c9e42d"", ""occ_123cdd601201bcf097b0"", ""occ_125ada1ba660ecab1389"", ""occ_126bae924b18d5666520"", ""occ_1293441ac8e9952464b3"", ""occ_12d74ec5d3832e55d52e"", ""occ_1303b6219deb98ca3360"", ""occ_138a382dda4bbcae807b"", ""occ_1393237ceac5e1bd1527"", ""occ_13f198a7080c8d2ee489"", ""occ_1413fde58edec7a586d7"", ""occ_1417dc6f9f39a004b51a"", ""occ_142608e61ac1dad39f10"", ""occ_14307f8866bdbfecc61d"", ""occ_14c1900a276953236aea"", ""occ_14e65cdc8f9791cbe93f"", ""occ_14e6fcd51760c4815288"", ""occ_150837ce8e5a5e0b11ac"", ""occ_1510435c5a87e5a4b7f1"", ""occ_155b27170bdd810746ce"", ""occ_155d3237df5a53cc4461"", ""occ_1570dd761cf16733ebdc"", ""occ_15c8870e3e2bd3e82c18"", ""occ_15dd90fae335e6cc9e37"", ""occ_16379daf2e63a6427719"", ""occ_164b268e7a78fbc81748"", ""occ_16e1c95849f17f980deb"", ""occ_1733f656f3802d0bd9d9"", ""occ_1783718f69d94981dea1"", ""occ_178623e36aa41f8c42a1"", ""occ_182df407ba436e80739b"", ""occ_186ff5e8a8336bece2f3"", ""occ_1890b1d3047e50b99927"", ""occ_18c27f3ae3fdb3783d98"", ""occ_18edb4783854b925f783"", ""occ_18fee53ad5d69d400f91"", ""occ_190f84cb7247c8f67388"", ""occ_1971aaad833d1c36edad"", ""occ_19a258f4ac8e95045b8e"", ""occ_19f06ab94918ae858e15"", ""occ_1a951d2bcbb15f171e16"", ""occ_1a9fd75ab4f4243ee710"", ""occ_1aaa4b8ae42e9dc429c7"", ""occ_1ab2da177ae0a857f46f"", ""occ_1ab9bf661afb30efcbf0"", ""occ_1af92ce218a47e676928"", ""occ_1b2454c4c5b94556ef16"", ""occ_1b2905a3efffab97a53c"", ""occ_1b4b29fb760ad1f59a62"", ""occ_1b63ede771e7f4d5dad3"", ""occ_1bad1afddcd12476ed60"", ""occ_1bea7cc3313d2c459fce"", ""occ_1c3e6d561ca2ef842390"", ""occ_1c670f353f31c701e83c"", ""occ_1c6d996317acb743f9a1"", ""occ_1c6f963aaea0cbc50e80"", ""occ_1c991f393240ce1745c7"", ""occ_1c9bd76285a751af544b"", ""occ_1d02dceb25a25361f549"", ""occ_1d5efba80a03dee3c64b"", ""occ_1d6d8829d754b34d1e28"", ""occ_1d80b4823b6c3277b5ab"", ""occ_1d949007391af91a3cf4"", ""occ_1da771a2580f343646aa"", ""occ_1dd1311307a85c5c7e47"", ""occ_1e0ae2b4bee7705e591f"", ""occ_1e1e2c85eabb1f005796"", ""occ_1e2ba7f31f650d2350dd"", ""occ_1e4d7576be9f99ca1af1"", ""occ_1ea9529ddc8bd8c852d3"", ""occ_1ebff81ec3ac3f2465c1"", ""occ_1fc85968e417d0c88929"", ""occ_2013652d8bfd71059ab1"", ""occ_20434b697df9e5f4a23f"", ""occ_20b751ee4aef682e98b7"", ""occ_20e1bf93f7f1929d7e71"", ""occ_210c95294d0a8c86f8b1"", ""occ_21254a39b9d0ad19fbae"", ""occ_21265c7d15c46e45af45"", ""occ_21aad6a05d8186d509eb"", ""occ_21cb410d330a22a902ba"", ""occ_220f4661b6e6dfe74203"", ""occ_222911133a2639e6435a"", ""occ_228737fecb028a95bd03"", ""occ_22f8692e2586eb5c79fe"", ""occ_2332f4102ffbdc924106"", ""occ_233a00f250b1a5160746"", ""occ_23516bcce709b6307956"", ""occ_23d1f55d7b84d687fc89"", ""occ_24506a5998349e27d4be"", ""occ_24bdd7322a01d0f69131"", ""occ_2504326d4cd67f8e6a22"", ""occ_251132da9055b3d17f65"", ""occ_25239e6680b6a392a9cb"", ""occ_25291522661263b9a269"", ""occ_2537b50a0d290a9358a4"", ""occ_25816d9802f152d830d8"", ""occ_258e8965fa6095bbd6f8"", ""occ_25b614b4ce26d03e9570"", ""occ_25f24174ea20122d0255"", ""occ_2611d3f3b1944a2a92a1"", ""occ_2613220d45dba3bc08da"", ""occ_261abe51c05839fcdcf2"", ""occ_262193f17bc54722c702"", ""occ_2662f4c44d7438c9ef6f"", ""occ_26d6774a01f833d7206c"", ""occ_26ecd1f8c3fd4b270742"", ""occ_271e4227aa16bfa1c4ac"", ""occ_27fd927247069ad2acdc"", ""occ_283459f9cd1f81c04a73"", ""occ_28483e52184e5832c115"", ""occ_286c372354d511a892e5"", ""occ_2874183c44280c53418d"", ""occ_287af2473017235c0c05"", ""occ_28c64741b942efb70199"", ""occ_28cf61ffd1b9d0fb0314"", ""occ_28f7fa517bb5626d1468"", ""occ_292f8f1b154b3cfe0869"", ""occ_296dada5e4f5d43653dd"", ""occ_29825ade04a653f402fd"", ""occ_29adac6a6a724c7d19cd"", ""occ_2a293da23be01909b9b3"", ""occ_2a2c2dcffeccef85bacd"", ""occ_2a321d95ce444d4cf538"", ""occ_2a37caf88c929ff0cda0"", ""occ_2a8ce25afeb20aa904a8"", ""occ_2ab364395a8eb4f4b2a7"", ""occ_2ac2894a196e9398b1a5"", ""occ_2b3a024ec56828cd613e"", ""occ_2b6b44585af9086afabf"", ""occ_2c0263d022e8e419343a"", ""occ_2c6d99e8cf82011162a4"", ""occ_2c6e81556857838ea38b"", ""occ_2ca32d15227030621f4e"", ""occ_2cd5a8067dd92d49f2d5"", ""occ_2ce46ccc59cb9b62afbd"", ""occ_2d07f7e87a4fe5a22f57"", ""occ_2d38363db4513cf5572d"", ""occ_2d41913262f97b24ac46"", ""occ_2d5ba7ed4ada48d9e0e7"", ""occ_2d653b2abf1a95adac05"", ""occ_2d6abe0790d33311a2dc"", ""occ_2d7a4ce96fbe0b05e97a"", ""occ_2d9c431cd62d07dbd25e"", ""occ_2dce5476e559cf85bd08"", ""occ_2de28d2013bdd243827a"", ""occ_2df2ecc796f7f3167111"", ""occ_2e489a5277af73933e0f"", ""occ_2e7d781bb9d28e7e0d8c"", ""occ_2ea61648e40c1ae35732"", ""occ_2f8975f9c0b783c5dac4"", ""occ_2fb16dac00adfa257a48"", ""occ_3018b7fd6354e8245e93"", ""occ_304e96ac4fd9649f8043"", ""occ_30a92c7a8b0c3f3a251f"", ""occ_30ce1f1f2c698e4299f2"", ""occ_3136be2c265fa5c8ccb0"", ""occ_31c405f2a4ad26143496"", ""occ_320a8f6e55421c034159"", ""occ_3231f3839e942642d9fb"", ""occ_332364735680e7a93539"", ""occ_3325eda38249c78964be"", ""occ_333dd19c8611cba3b8d5"", ""occ_3380beca3572711dc381"", ""occ_339e1201797420d4b422"", ""occ_339f09b97163482e9537"", ""occ_33f0b8a52429303e180d"", ""occ_342692751412fb92d54b"", ""occ_34fc1e81fd58bf7f2e87"", ""occ_35be5c0801babfcc1a5a"", ""occ_35ee450dbceb4589efb9"", ""occ_361feb3d66f16db99960"", ""occ_36a2ff2d8a8eaad9478f"", ""occ_36a3bf4426bbd257e7a6"", ""occ_36c2b12118b06e903bd4"", ""occ_36e77a35cd740dc21cd2"", ""occ_36fa8457ad99b9da91fb"", ""occ_3706f22b2e8a20ab6676"", ""occ_3756359caebffd2008e0"", ""occ_37b926f51e678c5e5725"", ""occ_38366837531fa6d574a5"", ""occ_386506ceae44aa3a0c4e"", ""occ_38db085e533d86f355ec"", ""occ_38f219e2c28a1aac535f"", ""occ_39181dc320e0f9a33af6"", ""occ_3920146e2d59c0cc7836"", ""occ_394dd1348181f97f3828"", ""occ_395da9712350e7c3f353"", ""occ_3990ad76defc3727fe94"", ""occ_39ed60d1294cc95d699a"", ""occ_3a5acc788124d04eb5ea"", ""occ_3ae2b85c49b634a5ff96"", ""occ_3af3807a12e03ac79b70"", ""occ_3b2dc456ae56902dc510"", ""occ_3b386587c296eed40986"", ""occ_3b64930f9c5f5d500687"", ""occ_3b82c704dfbff7240a4c"", ""occ_3bbb28c47a6d4a50053e"", ""occ_3bc9449036986669ff76"", ""occ_3bca6d1240c86dea00c4"", ""occ_3c1a7670780a61a89c48"", ""occ_3c28e243bfcd41610ecb"", ""occ_3c46e437c1a8c175b2c5"", ""occ_3c492bd8ee040772f0fa"", ""occ_3cb4f560c4b8411af2db"", ""occ_3cbb888593d3fdb20fc0"", ""occ_3d41be560e3061791da8"", ""occ_3d48ba5848b6e6e90422"", ""occ_3d9d65c97f2be02d6a0c"", ""occ_3dce835e78c8d9043aca"", ""occ_3e311eb20bb8ff6e112d"", ""occ_3e973e2455ff600e59b5"", ""occ_3e988ee35ebc0857ab21"", ""occ_3f008a81f6c7a8231157"", ""occ_3f36b892fb4b1daccd74"", ""occ_3f4d0a43ebb89fb175d4"", ""occ_3fa272230823c7b8a6a5"", ""occ_3ff8a560211663ff32f0"", ""occ_400147330ec051122288"", ""occ_401ef7bb055446943063"", ""occ_4035968f705ff07a2fdd"", ""occ_4070c9089c9b7f54abb0"", ""occ_4081fbd01edcc3c877ef"", ""occ_4083659ea06a6eab30cc"", ""occ_408cfc7092140365a8f1"", ""occ_40bed57b66c530ecf748"", ""occ_40cb6c7fa975a2842eb0"", ""occ_41369207bd9e006faaa7"", ""occ_414a61ae434732c69ba4"", ""occ_4158b19e9c91ac359213"", ""occ_41ce02adcc759491f6db"", ""occ_41cfead5139f89a9ed56"", ""occ_41e84fb0d5c4f57303a0"", ""occ_4262b39bb17ef69496bc"", ""occ_42b1c1e1fe6cf7ea6f74"", ""occ_436357faa71e95e80c47"", ""occ_43a1885251dcc9cd85e8"", ""occ_43b1a78216b4928093c7"", ""occ_43d1ce0df648386400b1"", ""occ_43ed0813cc45d78bc10d"", ""occ_445d38e5b825242d9690"", ""occ_449c897d9391b3d3c58c"", ""occ_44b14c53fe41b9ae15ca"", ""occ_44cc764b5c51bc989bbb"", ""occ_44e1c9f1f7d8c20e4ccc"", ""occ_452480c410e0809bc0a1"", ""occ_452fbb939b6f4bcba5df"", ""occ_454e26c3457fe5f8ee82"", ""occ_4551bef632e187a2378b"", ""occ_4563309a9f98c0ab8e1c"", ""occ_457705c61aa8d91f4428"", ""occ_45c2d81b0b2b4dcb92f6"", ""occ_45c5a481acdf41668ae4"", ""occ_45c7b6981bfad83c2a77"", ""occ_45ddb021bc7cb68df622"", ""occ_45e7ecd53bc76074933a"", ""occ_46bc80bba26a69840f5a"", ""occ_4779e333e884d48f9db7"", ""occ_479af02b174f9d8ac3b5"", ""occ_479c900304f488fc3994"", ""occ_47a24a8c4db565c7aacf"", ""occ_484aa874e1dfa14befdc"", ""occ_48f8ac9294a6c43df20c"", ""occ_492c71156b13b31729c5"", ""occ_499ae8a1e59f3f85c650"", ""occ_49aa5da6649941a84492"", ""occ_49be00cd7ed23ac98ee7"", ""occ_49e1cacf2b090c2dcea0"", ""occ_49f16a60a3e2a9b312e3"", ""occ_4a42c62a91ee087fb05a"", ""occ_4a537c3ab69c174f16f5"", ""occ_4a993c43595b4a15a9fb"", ""occ_4ad1807495e42d656c6a"", ""occ_4ae298d2dbe91beb13ef"", ""occ_4af8bf4c5a7cd29e1c5c"", ""occ_4afe23563f62f51ffc66"", ""occ_4b974b693a77733f5fd7"", ""occ_4bb946b0bd416159a001"", ""occ_4bd424dd3e49b10e9d7f"", ""occ_4be84a270f8960e96da8"", ""occ_4c2166813763e2acd324"", ""occ_4c29a940ff46effae254"", ""occ_4c5c794e7038bac253dd"", ""occ_4cef8a97e40af5965fd1"", ""occ_4d8b77eb9af0a6add8e1"", ""occ_4d8df5fe7b8d9521fb8c"", ""occ_4dda20c0db6a49a96f31"", ""occ_4dec1777e4e8769df1e1"", ""occ_4e041e8bba626e661c50"", ""occ_4e068ccb759bdb55e279"", ""occ_4e0a729852400f10a829"", ""occ_4e1579031f241ed1b4a7"", ""occ_4e2d2f06838a4e6a47c9"", ""occ_4e55aa0c8972016a5eed"", ""occ_4e7923d70c72c34931f8"", ""occ_4eb4695ed7fe07ea331c"", ""occ_4f6de7c7f6803b29ee61"", ""occ_4f70f2afe07ad6360fc5"", ""occ_4fd9e10bc82872d69890"", ""occ_4ff6ff26b60bd1d122e7"", ""occ_5010251860de5a829c6c"", ""occ_50195f8f0c32ddc2fb65"", ""occ_5080d622149f5e35a87c"", ""occ_50b6985523532799e762"", ""occ_50d7c15d537aad53005f"", ""occ_50efac5a6bcfc42ad93c"", ""occ_5104f65661e2f9f34dba"", ""occ_51f57cf56adec319d27d"", ""occ_523e1796f1b688bb7605"", ""occ_5265dd2f7a8c4ed4d633"", ""occ_527b371fa9eb368d754d"", ""occ_52aaa62524cf7794fb6f"", ""occ_52b155ff5101804d6948"", ""occ_52ea3d46dc53adf7c8e4"", ""occ_52f7e206f72151177e8a"", ""occ_5326843dd374b9a16053"", ""occ_535fef5df9e338615951"", ""occ_53d7e8245b77a1384875"", ""occ_53e87c290367fd753283"", ""occ_540b90d5dfd5b8a9e846"", ""occ_543dc8d22cc487ed30d9"", ""occ_5456baed06ee80574653"", ""occ_5458d232cc7ec0853269"", ""occ_55547d45da560203bd36"", ""occ_55a53826c23c550af804"", ""occ_55ba77479da2dc1e6351"", ""occ_56015e7d0ee7c2ad78fb"", ""occ_561264a34b9fbf946551"", ""occ_561b28fd14593a4efe4d"", ""occ_563f8924b4c9cd979b2a"", ""occ_564316e253802f38d892"", ""occ_56aed74f8ffb5039d37e"", ""occ_56bc4463e057a890cab1"", ""occ_56fdb751f23d2e9ce8a6"", ""occ_5757d6ad18743bdcf14d"", ""occ_575bfaff7fd8627e0087"", ""occ_576ab73cd65d964d7ce5"", ""occ_580ab624c2ba4bef0c78"", ""occ_580da2402651fc5ab9fd"", ""occ_58147161c452202cb521"", ""occ_586d136933519c2aecc5"", ""occ_58bbc62bae147c268975"", ""occ_58e7d35c35d788c8a82d"", ""occ_58fcceaaa6d666bdc076"", ""occ_593820bdfa1725702563"", ""occ_59663049a533aebb0f39"", ""occ_59672752c49454f75a9c"", ""occ_5994bf651af3bf2f6312"", ""occ_59adf19a6567d7728ab6"", ""occ_59b487d61bb7d9eb412a"", ""occ_59b87307be56ad729b5d"", ""occ_59ded41a5f1167f06c8b"", ""occ_5a1c76f176d533014398"", ""occ_5a6e473ac2b3ebde6966"", ""occ_5a83b9efd52da26fd974"", ""occ_5ab3cfd4352f085ba1f6"", ""occ_5ab64f4ea7fd7235d4e6"", ""occ_5af0ec64ac0fa6bc5146"", ""occ_5b5e622079eb4cc1f62d"", ""occ_5b61317a0fbfd0918039"", ""occ_5b8ece0054634a800c8d"", ""occ_5ba2d65e8d7d7828abbd"", ""occ_5bcf97a09a9dca267818"", ""occ_5bf4bcef62e8bc4d586e"", ""occ_5c0bb7ef595f032f210c"", ""occ_5c3137320e43122c5978"", ""occ_5c31bcb7456d117264ce"", ""occ_5c5e5e0e0097348bfa42"", ""occ_5c821bb9edd1a3be4a68"", ""occ_5c8638c2020fef3abdd7"", ""occ_5d0052de557f526a4f62"", ""occ_5d26d95f8e329f4e4f70"", ""occ_5d2c28c7e581af8c63fd"", ""occ_5d36a9e6b75b29fc3ab6"", ""occ_5da8abd9bf4fc535e4be"", ""occ_5e2f7206b8674d947ed6"", ""occ_5eb013bd44463588f1be"", ""occ_5ef357c3dfeeb8249b4f"", ""occ_5fbb6067fb0c742b5e13"", ""occ_600544dd6be42945874a"", ""occ_607a8fabc78a72851ace"", ""occ_608163452df0bd4776db"", ""occ_608b4fe8eb6c077b8bb2"", ""occ_613a3f054e20d11ecadc"", ""occ_6194c299d06be923b838"", ""occ_61c7633784985ab02a29"", ""occ_61e24e387a986fdd265a"", ""occ_62010f3304601d005c6a"", ""occ_621604d7368b890c8324"", ""occ_62367977964d489ee2a8"", ""occ_627344ca79572988da50"", ""occ_6324a170ea8ad8297f81"", ""occ_635107ddf8fd8f76bc24"", ""occ_6389605d2dc7fe4bc2cc"", ""occ_638f038ef168c1aa77af"", ""occ_63a66595713fefca436b"", ""occ_63d15642a6c62b0f3c6c"", ""occ_63f59e3689240e16ff1e"", ""occ_644503faff5309ba81a8"", ""occ_64457ced45506d1c4f81"", ""occ_646b73586a63749e7978"", ""occ_648a4effc1d4dcaf87d9"", ""occ_64920857e1e2614ec943"", ""occ_64c111d11edd74c806a6"", ""occ_64ded420267b59558726"", ""occ_64edbc8075cd3ece5487"", ""occ_651e2e6c5536f16cd4b8"", ""occ_6570f5437a9f1d92cc20"", ""occ_657fe61d8b7ed6837fdb"", ""occ_658fff4ce96caafb47b4"", ""occ_65c2c82e8118bdef4217"", ""occ_65dfc13adbc104433187"", ""occ_65ecffaeed809458c264"", ""occ_665c085176ae8e4974ad"", ""occ_66779f4977e73179a556"", ""occ_66cf932fa55a905d7d2d"", ""occ_67103045062702a7893c"", ""occ_67378bacdad8c4eb49d4"", ""occ_67708eacee0908ce70b1"", ""occ_6779b582ac3a0b1b458b"", ""occ_67c06a489b1c9e12a05b"", ""occ_67c1011bf421b2682a54"", ""occ_67ed73a1e4e0d9d27604"", ""occ_6948583193128f7b2dd2"", ""occ_697c97fe5355301ba25c"", ""occ_69c5b2d92f45be943aa1"", ""occ_6a36913476e37addb25d"", ""occ_6a5b4076bd59e5b659de"", ""occ_6a6a183080af9284a8fd"", ""occ_6b1ec9a17be924c91585"", ""occ_6b386f810a27d5963021"", ""occ_6b53847f1bda82fe5eb6"", ""occ_6bca816b8342663da130"", ""occ_6bd751dce1cbb098b659"", ""occ_6bdddad7256f9e848448"", ""occ_6c3b9de96fe80b62534e"", ""occ_6c61cd896e5cb706b3a5"", ""occ_6c693de7d09d31aecf1d"", ""occ_6c728f20488be5606cc1"", ""occ_6cf5fe44856ebe45df61"", ""occ_6cf631e5c6eb91436b82"", ""occ_6cf8b8f08ab1930155b2"", ""occ_6d02d4f77d6f437cea5f"", ""occ_6d045c48024947c2393e"", ""occ_6d7e45ed1ac51408b398"", ""occ_6d902db3a858056d4ac3"", ""occ_6e1d66d85a22391a71e1"", ""occ_6e62c0a271fa99f73017"", ""occ_6e714a9d9a0c2ea0e46e"", ""occ_6f069f98b1848d1afa43"", ""occ_6f990d4427fda876abd4"", ""occ_6fb69acff26a327ae8db"", ""occ_6fc41bea1e0a07828399"", ""occ_7002dcb121290d852b24"", ""occ_701265805c0a359cb2f3"", ""occ_7037366a6cd24a600dab"", ""occ_7058b10eec2470c70cc3"", ""occ_709d8477fbdc767c248d"", ""occ_70cbc7d0c49a14262fe2"", ""occ_70da26e4da78edccd178"", ""occ_710438f4adcea3bc69d7"", ""occ_71975028ccfd26400842"", ""occ_71c37f75a21fb0e7de2c"", ""occ_71c9cb7b2853c3231483"", ""occ_721a316ad12b52229200"", ""occ_723ee15c189863a3dee5"", ""occ_72ae51b6a7489aff241c"", ""occ_72c253ceda8183e7b5c1"", ""occ_732dd33d64fb68f2195e"", ""occ_7365500121bcdf0a11b5"", ""occ_739bc2a297a4eddf3a4f"", ""occ_73e12a61c4513adb5100"", ""occ_73f2ef0b4de79d935eb0"", ""occ_73f92d991a19cebe5429"", ""occ_7516445842f70a83c20c"", ""occ_75167ce44457f2975d85"", ""occ_75203cd1181d3ccd94f2"", ""occ_75443b95b1715eb9ca0a"", ""occ_75afd5ba7f018cab8733"", ""occ_75c6deda604f07a42e49"", ""occ_75e764d17696c275a215"", ""occ_76025f573dcb19431a12"", ""occ_773da47891d0fe288378"", ""occ_77869c5c89d01364ab55"", ""occ_7796f4d3e6c2ddc55a49"", ""occ_77bef6c4873f6e064e58"", ""occ_77e6bacf373201808bee"", ""occ_77eaa0df40210fc17a18"", ""occ_780a9dad9b79442c4806"", ""occ_7820acdb77354e9fe505"", ""occ_7871f259d60bf7989aaf"", ""occ_7886c333c73860fdfcd8"", ""occ_7887bebb6e388d8efd8b"", ""occ_7894141e1b09fe6236d6"", ""occ_78d2561bb7675f862450"", ""occ_78f8edacc3d5f144d110"", ""occ_798eaa79210f8ab27be5"", ""occ_79bc5b2307e6a878f950"", ""occ_79d60cbf68bf9144ae66"", ""occ_79d6da2c3070f6177476"", ""occ_79fc35b76fecd63778e6"", ""occ_7a29558d5008d66a05de"", ""occ_7afc66de029f207a9e8b"", ""occ_7b1ddadc5c8c93d61e8e"", ""occ_7b2a7b5312b0b2c20127"", ""occ_7b70556715d59b396515"", ""occ_7b92e50794c4ccdf9dcb"", ""occ_7b9b71231cc0be0d2fc3"", ""occ_7bc6e595b2caf69808d8"", ""occ_7c168d64a7ace761c23f"", ""occ_7c28500e67e4b7416c4e"", ""occ_7c3874cb49095865cc67"", ""occ_7c4280c32746667931c3"", ""occ_7c62732be9bbfae77409"", ""occ_7c668174423e4f4beb27"", ""occ_7cf491d21e6fd0a3425f"", ""occ_7d144d77774a47a5c9ad"", ""occ_7d716d56fb33343a36aa"", ""occ_7dd75ffddc4c71e40107"", ""occ_7ddd0814a6198fe0efa5"", ""occ_7df63fdb34986c3b2f3a"", ""occ_7e932cc4208ee506bce4"", ""occ_7ea8a7569987fa0433c8"", ""occ_7efa610be32c6704b0aa"", ""occ_7f5cdf0d120f687f9b91"", ""occ_7fb3940b333f56eb47a5"", ""occ_7ff858cd0db4e2da3d16"", ""occ_80596beb5e769fc7e6e4"", ""occ_808185e65fdf76fc5ea7"", ""occ_8103800eb4c498d61082"", ""occ_811a1db9d2a11ba12d07"", ""occ_812586e7d58cced4f31d"", ""occ_81288a78529d89ec0069"", ""occ_816bdcd6d2f29df7b9eb"", ""occ_817fb91367d00b9c09e6"", ""occ_8192e8bf22921cd8cb45"", ""occ_81a1ac916bf835b9c9a8"", ""occ_8228f43ceaf11fedb18f"", ""occ_82b1cd02b015909fd2c0"", ""occ_82d440a3d1077b414d25"", ""occ_8344eb924599ec56f160"", ""occ_8353dfb19c72410a6fcf"", ""occ_83e1e020e1a1c6129695"", ""occ_84b74f40d04a8d50058e"", ""occ_851e5304a2a2c5ba62f2"", ""occ_855fb842adde9f02c384"", ""occ_8567f920bbf03fb90819"", ""occ_8572d687679dab8d68c2"", ""occ_857cb48a55feb8efbccf"", ""occ_85afcfc31548d8d2b2d7"", ""occ_8621ee146f176357891a"", ""occ_8630ab17fcf6ea2a4d49"", ""occ_8661245042e693f365de"", ""occ_86631ce98bdc722a96a2"", ""occ_8672ed59846309a5cf04"", ""occ_8681a471fc49d85641a9"", ""occ_86a30d0dc6dc8306e67d"", ""occ_86bc25c3415ab1427f93"", ""occ_86fd63cbef3de5a122ba"", ""occ_8733e53950509e91c8f1"", ""occ_8737040b98f641ed27c0"", ""occ_8777c9895233d85229d3"", ""occ_8797ee04cc67dd7df15e"", ""occ_87afd89f3a85366b027c"", ""occ_87ed3d614b2e5b2eed74"", ""occ_880758be530ab9eaa194"", ""occ_8843eebb36884c845abc"", ""occ_889d6468709afc79eec7"", ""occ_88c5687b0f8af5402d6b"", ""occ_88d91be88fe2c46a9e5d"", ""occ_89057fd5c7fc8334ed56"", ""occ_8952ed9ab2cb594c8925"", ""occ_89a5d438ef05d0d624ae"", ""occ_89f566a507770a387575"", ""occ_8a25c767652b7c19e60f"", ""occ_8a5dd8d78f0674e85f3a"", ""occ_8a7fba99c272c87c56af"", ""occ_8a896e267fd002b4cf80"", ""occ_8ae5f7c11e274182945e"", ""occ_8b00eac4257c4ad00e9f"", ""occ_8b068261d7b8060ca813"", ""occ_8b0700f0e904a7c71f8d"", ""occ_8b0b0f6e22f0779d66e3"", ""occ_8b9b450e2e70e2ab4940"", ""occ_8be8efd9d1400df91257"", ""occ_8c01bc49e900f8bd0b9e"", ""occ_8c16f501edf747280501"", ""occ_8c29e50379391ce7ec9e"", ""occ_8c45ff605d0afdc838dc"", ""occ_8ca4315201396db48a41"", ""occ_8cca19799cbcf15ccb16"", ""occ_8ccb68cace1f014f3a39"", ""occ_8cdecfdfba511602002e"", ""occ_8d0990653b0d4453a320"", ""occ_8d32a23db71919cde1f6"", ""occ_8d7cdc30d1aedccdf38b"", ""occ_8d8170c1d2f3e6ef1388"", ""occ_8d9748fae9c528933292"", ""occ_8db5fa2c52b321be2c2a"", ""occ_8e0d7fd609952a249c64"", ""occ_8e61ec427eb53fc10906"", ""occ_8e77ca30c7b7fb74cf49"", ""occ_8ea37724f633dea47489"", ""occ_8eb20b0bb8b4e2141ab9"", ""occ_8ec69fa1da35a1c76150"", ""occ_8ee9f2ad724a922f63d3"", ""occ_8ef848de9692ac0cd99b"", ""occ_8efc626282220285df4b"", ""occ_8f0abfb33247740ef99c"", ""occ_8f12ffa128fd0e1f29e7"", ""occ_8f3704e011087f76b5d1"", ""occ_8fc7b785fec305eb41c7"", ""occ_90098ddf3f462c723088"", ""occ_9029ae572ba87e6ebc22"", ""occ_904910ca40d344df04ab"", ""occ_906c953e1e8c5cf4bcb0"", ""occ_90c541613c947c4ed1cf"", ""occ_90e11b311141190043bf"", ""occ_90f6741ece270d5b8b7d"", ""occ_90fe8fe576eeaa0346c9"", ""occ_9102e16bcaf2e471b9d3"", ""occ_915e878ba8969723ec22"", ""occ_919dc73dd6e0db7d3f47"", ""occ_9204a830853490552a99"", ""occ_921da5330ae2d9bfece9"", ""occ_9225efa38f0c0e243f8b"", ""occ_922dc5163167b15effaa"", ""occ_923be04d53642cddc7e3"", ""occ_92a600cb96274f039713"", ""occ_92b38a4e368e9494e48c"", ""occ_92d1dea7c9be53ebc322"", ""occ_92d5587f6a114e783de1"", ""occ_933eb990273d774a6e2a"", ""occ_935491cf262703a9cfac"", ""occ_93ac3e2d57c7f4dacb57"", ""occ_93b36b21c9745f326e96"", ""occ_93c0c64d3e81bd70571a"", ""occ_945ce2d4dc93d064ef0f"", ""occ_946dece472686a2fa4a9"", ""occ_94a0ccd6bdc3f6c69eb4"", ""occ_9500f25d928f51d5480b"", ""occ_951735db52e5efd6f33c"", ""occ_957541f07a47e6746d05"", ""occ_95c181b01d520c230e9c"", ""occ_95cf66858774e76fda81"", ""occ_95d205b8d340f6bf1321"", ""occ_95e7c2f109efc3322315"", ""occ_95f316cc004781ba380c"", ""occ_96255ebe49fd7f8dc1a7"", ""occ_96fd6418a3a0c007bc24"", ""occ_971e1f2527c8ff4a5169"", ""occ_9733a983d71faeee8626"", ""occ_97502da4b466da5b2864"", ""occ_97571bc866d3eaa894f0"", ""occ_977836c032e7f167f260"", ""occ_97864da10d4a0d65dacf"", ""occ_97cf0b92235a26676d61"", ""occ_97e4b73a393b7f33bba7"", ""occ_98013fbf42556a5e255d"", ""occ_9824c2ce3d2545e11d59"", ""occ_982f3073709410eac874"", ""occ_98399f291cfe5d563a6d"", ""occ_98444b7b29fa6118ffc2"", ""occ_98851edac29f3d0749ad"", ""occ_98f30f6174d50e311942"", ""occ_9914d58620e97a717255"", ""occ_992781ceab3ffa2c6693"", ""occ_99458c87596c27fd4150"", ""occ_99c2244e615d3ef557d3"", ""occ_99d0b8dad4dd8f99bf6e"", ""occ_9a152adf45fed819c46e"", ""occ_9a569970b36256c03eb2"", ""occ_9a691eb6c2707e22c12b"", ""occ_9a7f18f3f068d5195830"", ""occ_9aba7bda750e63a5ca3b"", ""occ_9aeec1f7e0216b3c98c8"", ""occ_9b14a0f46daa6247eeff"", ""occ_9c5504aba099902d0312"", ""occ_9cd8df1ab16a87b48815"", ""occ_9ce2dc577b9ff176e1d7"", ""occ_9ce5bc7090978ad8a1d2"", ""occ_9d24923c05df8cee4400"", ""occ_9d61d5f752909a9fa70c"", ""occ_9d760aa0f0e371cc3e53"", ""occ_9df9327a419d8fd6f7b6"", ""occ_9e0b12b10f48d8c1cbc5"", ""occ_9e14e633008695d8e211"", ""occ_9e279675898b6a8bf6e7"", ""occ_9e5ccf0553ec0b5f2b2d"", ""occ_9eb096f5aa9db41d986e"", ""occ_9ebdd9f368eb10bc41df"", ""occ_9ec44bf661804a6257cb"", ""occ_9eee30da2bc78c33dea6"", ""occ_9ef4c3897e78dd2836cc"", ""occ_9f8e3672020a473ce646"", ""occ_9fcf190942f2e4e69ffb"", ""occ_a01716a9e76e58dbcd0d"", ""occ_a04a14e1af012a66bb5e"", ""occ_a09d4cacfda4f106aa4c"", ""occ_a0fd703a675118491e54"", ""occ_a10b1041a3f3924b88f3"", ""occ_a177b9d287e0352b0edd"", ""occ_a18b8516162b04e60dae"", ""occ_a1ab2100fcf42becbf95"", ""occ_a1ea805e4e2629283bf7"", ""occ_a211ae6771a50f7e0c5d"", ""occ_a2456b849d5c828cd757"", ""occ_a2509b6fa073788a9b85"", ""occ_a297ab70f6f9ae0f3f95"", ""occ_a2d1693912f03b61f277"", ""occ_a30cda7d7217d101b764"", ""occ_a37e7abd592e17341ad6"", ""occ_a397a9233c772f0db433"", ""occ_a3e4f00991577bd8e036"", ""occ_a3fa2440724d91dcc15a"", ""occ_a4012c080ae128dfdc7d"", ""occ_a403fe85c0c13b1768f8"", ""occ_a40770315dc3989637ab"", ""occ_a4755dd2ae01c0dcb9ef"", ""occ_a47ecdb7235212017951"", ""occ_a4c47cafbf9398193dc8"", ""occ_a4d8e7d920b6d5afd14a"", ""occ_a507b6d8a7b60ae1c12e"", ""occ_a5b4d9bb5daaa94d6098"", ""occ_a5cdf9c8369b10632872"", ""occ_a5dc6250ce69cfe1209a"", ""occ_a5e83c9364578cab6bd5"", ""occ_a5f77aa0fc35a7391e2a"", ""occ_a6155796fc9b2aa522fa"", ""occ_a670ba16e24677cb5c6c"", ""occ_a67210ea3299c6eff10e"", ""occ_a68b7c701476c72b9569"", ""occ_a70e8d60e25ebadd254c"", ""occ_a74ec5ec854a2fed7576"", ""occ_a77e8bf3d8d70748e1df"", ""occ_a82e16b5102d9474d43b"", ""occ_a8387f45a6f62d6f34d2"", ""occ_a8c6664563ceeb30e044"", ""occ_a8e2e537663b388c6197"", ""occ_a9334c288b6409426668"", ""occ_a9e2da948091f73dd52f"", ""occ_aa0577248427799ff5ff"", ""occ_aa19fd9d01fe15140eaa"", ""occ_aa2117b1e8475a681842"", ""occ_aa6810847078652f84f6"", ""occ_aa8ff5a611f9b36ae3a1"", ""occ_aaa463104a2e7f735520"", ""occ_aae6030431fd67db4305"", ""occ_ab176fb61514449be3f7"", ""occ_ac07ddb961b1a1f16e69"", ""occ_ac3facb4ee7e13deb36c"", ""occ_ac695248876a0f100fce"", ""occ_ac8886094cf660a9bb98"", ""occ_ad06e2f5b2a4ff0fef4b"", ""occ_ad085b57c79d4614804d"", ""occ_ad2881758192a9a3e4d1"", ""occ_ad6be55568e0ec5f39cb"", ""occ_adb162ae9d34f28fed43"", ""occ_ae2729ac57732827aa79"", ""occ_ae3cca987477af8e1324"", ""occ_ae7eeee91ec667abfff9"", ""occ_aea94491ab85068f9f65"", ""occ_aeb385d407ff14a3e590"", ""occ_aef9decf2bf584351eb5"", ""occ_af7e351cfe62ea9b228c"", ""occ_af86a0c07f73187fc890"", ""occ_af914346eaee80a2a139"", ""occ_afb25538117ff2037f09"", ""occ_afdb733c8191825c24b1"", ""occ_b173002a78dbc6ed30fa"", ""occ_b1a0f354e6b047b84f56"", ""occ_b1dbebdda075097d4c50"", ""occ_b24787539a68d5f36e40"", ""occ_b35022197062d9b11fa2"", ""occ_b364a964ac255172fe60"", ""occ_b3807e047991773323e7"", ""occ_b38ebc613ae556358245"", ""occ_b3c5f32d4b35ecd14e61"", ""occ_b4017ad36211f709275f"", ""occ_b4203f70a1eca726b6ef"", ""occ_b46b608e3db4ac1b67e1"", ""occ_b4d269c67dcc67723288"", ""occ_b5145ce96411078218db"", ""occ_b5224ae8b3ded35d8048"", ""occ_b52ce91f49d364cb8ecc"", ""occ_b53d5d39dabc0137af3b"", ""occ_b563485f30b181c89552"", ""occ_b57c3bca898eddab791d"", ""occ_b59bde339b2ba2b8fb8a"", ""occ_b6082c4ea56428e0e76c"", ""occ_b618087ec40112805ecf"", ""occ_b624580cd0cf543a5c0f"", ""occ_b66d1678fc1086a7d0c5"", ""occ_b684f39c7bba82d2e419"", ""occ_b6d7f8734ef49e312c80"", ""occ_b6f4cf152c113ffce100"", ""occ_b7026a55cb54cf97f45d"", ""occ_b73d3f9149fd1f30dfbf"", ""occ_b78d227f174fa61e5c60"", ""occ_b7af5da0bef9551d180f"", ""occ_b7c0705815ce1c72375d"", ""occ_b7deaa1c00828660b7a6"", ""occ_b7e722a094726e8d10c7"", ""occ_b7ed3d856bb2b06b15fe"", ""occ_b8053952a0cf5ded6b84"", ""occ_b86c1aad4c67580564e7"", ""occ_b8d0cecc65406ad010e8"", ""occ_b9de80b478b081328f7e"", ""occ_b9e4c2719710aa9dbde3"", ""occ_ba15775b8b09979a4ef4"", ""occ_ba1bbbadc58c44dbc4bb"", ""occ_ba24b3bc25ccdcea515c"", ""occ_ba2dbd8387179e7732ec"", ""occ_ba57fd395ec6d9961a5d"", ""occ_bad931a42c2c31478829"", ""occ_bba7946922796e7e7ce4"", ""occ_bc43d15ee79036b264aa"", ""occ_bc903799fa46653a35b0"", ""occ_bcaf5747ea7e60fc5482"", ""occ_bcd41c977a1c01e956db"", ""occ_bcf3b22e7de4126d1552"", ""occ_bd0c07c077c08545abf2"", ""occ_bd1c8c42dd93d0ef309c"", ""occ_bd2e366438d6286fb6fc"", ""occ_bd621c8931fc40ecaabc"", ""occ_bd9f3c07b36398da4b23"", ""occ_be24fa3f54f5fa071df0"", ""occ_beb11c2a2744261b91a2"", ""occ_bee6408d1d63b13c9f13"", ""occ_bf309753501257010cfc"", ""occ_bf422019e19c4aa9e75b"", ""occ_bf68464d36aac8e21760"", ""occ_bf9be185c07bcb991ddb"", ""occ_bfa84525f413f4edb501"", ""occ_c00c946d940459609ea7"", ""occ_c06b3bbbac91eda83330"", ""occ_c0718edd5ca541a6c473"", ""occ_c0e7bdd4c5ca5d0ceb8a"", ""occ_c1757119127e0c52d517"", ""occ_c1b4005617c8af700d62"", ""occ_c1c317acf6c78075fc00"", ""occ_c25a58779cbb66789e19"", ""occ_c271b7b21b2e1a2be8ec"", ""occ_c2833d1ac3f935981298"", ""occ_c2e72631ced34f53a1d5"", ""occ_c30e536b1cd253500581"", ""occ_c32a06d8d83c7b11bb99"", ""occ_c38c7f71041421899f84"", ""occ_c39b107fec10212cad46"", ""occ_c3b8402ecf47920081a1"", ""occ_c3b8685a03bb1a322a5d"", ""occ_c3cfa734709ff8ff5d6a"", ""occ_c408c4113ecc862dca62"", ""occ_c420caede15d5fcc943a"", ""occ_c4a19b9632db4b54c6bb"", ""occ_c4a95670f918b571f588"", ""occ_c5aed3e6dd8ec295d8cd"", ""occ_c5bfb7e832b8bbab189a"", ""occ_c5d4d40046fb50b3388e"", ""occ_c5dcae1d766102b3ccd1"", ""occ_c5f74d98be54619e9bf0"", ""occ_c6435a11daa771b2b2f0"", ""occ_c65817eca5c3496b8729"", ""occ_c68482814b40335dafb3"", ""occ_c6c2eec98f1b93a76d52"", ""occ_c6d301f310523a49a1cd"", ""occ_c78be0eab88f43e32414"", ""occ_c7975085cf15d3cef50e"", ""occ_c802e80aeed2fbac39d2"", ""occ_c80ad2d7671b21e4a9cb"", ""occ_c837e3b70b189a7c4659"", ""occ_c855840c1e920a3602a4"", ""occ_c88947bf755631cb6a50"", ""occ_c97efa78a71ea29b8341"", ""occ_c985c1aec7fb2eeaae42"", ""occ_c9d6c9aa7856ab32fcbf"", ""occ_c9df89452df8be3feb0d"", ""occ_ca329203acf775128a8d"", ""occ_ca72c0dc41c9e8d0dea0"", ""occ_caf2fca9c3585a378c4f"", ""occ_caffc3650e7c9caade23"", ""occ_cb07caa13b5bb80f5874"", ""occ_cb8176bbb6d5def0944b"", ""occ_cbb93fc65d3d10625308"", ""occ_cbda2eceb7b31a45476d"", ""occ_cc377ac4ff569ae85d96"", ""occ_cc7691fef6a2b998a418"", ""occ_cce7764f5b74e278b09f"", ""occ_ccfae0bb2daa9bf7afb6"", ""occ_cd2d63f7f1583f634c50"", ""occ_cd9d6c5f0a1505e99a0d"", ""occ_cd9eea2675964b40bcf4"", ""occ_cdbaf82e79ff4bfa29b6"", ""occ_ce16f412ab10d7ac650b"", ""occ_ce5eb21118e47db2b779"", ""occ_ce65299fdfc2b7dd09be"", ""occ_ce6ef8b2d8e038641a30"", ""occ_ce86ed56dabc19a062b0"", ""occ_cea836de9f3c6ff2935c"", ""occ_ceaf55b38a4770d03d62"", ""occ_cec1ba36b0bd8034bd9b"", ""occ_cf5c94c52c597df25bde"", ""occ_cfb4d167f43ee3761020"", ""occ_d01264187e6078c47366"", ""occ_d0d1004ceedd38802b07"", ""occ_d0e8b7f1a351f055f47a"", ""occ_d0ec5ee5b1c696fa12dd"", ""occ_d0f8aa97f08b5faa8756"", ""occ_d16452262e1fe7b927f7"", ""occ_d24dfb3b4224a4343c05"", ""occ_d2774ea7d82f96311e18"", ""occ_d299a73302036c5a31e9"", ""occ_d2a67a802399a7245105"", ""occ_d2d902ccd615d3bcbef6"", ""occ_d2edce725331cef3ba7e"", ""occ_d30cde04039d88a219da"", ""occ_d31a22054f05b58a9831"", ""occ_d32d560adbdfb895f688"", ""occ_d36a9a45a4155891c3fb"", ""occ_d3a8c4148dd40786b622"", ""occ_d3b8be3acee11d91532b"", ""occ_d4835fbb6076e1dc058c"", ""occ_d4e22a6683b80a43c19e"", ""occ_d4e2e8363a1f43d2d8c1"", ""occ_d4fb76c14b3c40072395"", ""occ_d505d2ed50a59af62245"", ""occ_d529f82ba7a34ccda8c3"", ""occ_d5351af840eddf55129f"", ""occ_d57ca9d7a084e20b2ec6"", ""occ_d59fdaa590fb5c5ba4d3"", ""occ_d5f1a9c7ccc4545d20c3"", ""occ_d628833456fa304f393d"", ""occ_d643e04a495dfb9d133a"", ""occ_d64aecf3d56d1af34375"", ""occ_d6643baffa50bd13db20"", ""occ_d74ba4543ac4fe505413"", ""occ_d795d7164124375e094d"", ""occ_d798318cfce7d3b2808e"", ""occ_d7a06056a6f711ece9fd"", ""occ_d7c489b1e23cdf80b170"", ""occ_d816c7ba43735cc9763f"", ""occ_d84ff2a6ee6c81547c80"", ""occ_d8c54234ba6fd89f3f5f"", ""occ_d95e872225b98352a455"", ""occ_d961f6c40a6f8ad3e836"", ""occ_d97891b6ddfd3b5b78de"", ""occ_da3947fa56a3c32ec548"", ""occ_da9c5f5c76399a102490"", ""occ_daa0759a24d99716f266"", ""occ_dab0728a0ee73248fb11"", ""occ_dabb97ffcc5aa91735e6"", ""occ_db17bbf73347124b5b6f"", ""occ_db26c911917d7d3bfc58"", ""occ_db311d4e45d6beffc4cb"", ""occ_db35dd4166bf77c170ad"", ""occ_dba476a3be1bf5bc17e4"", ""occ_dc799a1cd52a0addbaf8"", ""occ_dc80ce185a33f84c6e47"", ""occ_dcdd977dd439422aeca0"", ""occ_dd376c89b416339a300a"", ""occ_dd87ee4443b85ccd0d44"", ""occ_dde81d998d76dca9dd45"", ""occ_de007e29b4e0545a59c1"", ""occ_de0221a1067d5cb0e2f7"", ""occ_de12044bb8d5c50d528d"", ""occ_de30773d5fd992fbedff"", ""occ_de5194480c2ca1f0b630"", ""occ_df43e730989b069bfd88"", ""occ_df5c3a53b7b965552729"", ""occ_dfdd6ee393183e5a9238"", ""occ_e020451d3870885d1965"", ""occ_e0306ff4607e5149f20b"", ""occ_e03b13d6813d613ffa58"", ""occ_e04209f44407219ca3fc"", ""occ_e0b36d9973f1aa15329e"", ""occ_e0ca7372d6d876d997ac"", ""occ_e0d5d51e6e54394f4ff3"", ""occ_e0d8afb9ead1818aafef"", ""occ_e1af99468f91d033f075"", ""occ_e1b48b9d6f7cdee6254c"", ""occ_e1f6c3909c37e6af6de3"", ""occ_e30e5b92c510e0bc7fe7"", ""occ_e324ddc284e45fd389f5"", ""occ_e387f533b59a50f5f91e"", ""occ_e3a7d2294987b8d084db"", ""occ_e3f48180c5e393cfa8a4"", ""occ_e476f3b171ce98496c1a"", ""occ_e47a0e641f5040fe41f2"", ""occ_e4eb05d3bf48275036cb"", ""occ_e59a9a956b60ffe0cbb2"", ""occ_e5c6668c5bc8b1767b9e"", ""occ_e5cd52f5d4fe2297dc5c"", ""occ_e63afb8dbfc3c9d8e98e"", ""occ_e6542ebcbf733ba6ef15"", ""occ_e6972249e1b08dc0171e"", ""occ_e702c0f93627665dbbbe"", ""occ_e7cf8551a603a89f173d"", ""occ_e8d6cd63954d7b434b4d"", ""occ_e8db83d5c6939cc7a505"", ""occ_e8dd324ef84f69e65fe0"", ""occ_e911688240332fe704b2"", ""occ_e94ddf402e01be60ac96"", ""occ_e952e46beb5d37977ea0"", ""occ_e9568cf6233ec50a439b"", ""occ_e9c451760e1988dff88e"", ""occ_e9c494d50a484c699ff7"", ""occ_e9f2908e42429c0d2233"", ""occ_ea041aecab51efb60012"", ""occ_ea2535a6686e93133126"", ""occ_ea2593840d31d0754271"", ""occ_ea2afb8a1618352dde1c"", ""occ_eab201dffe05be97fbd1"", ""occ_eb2643a4e200407c4e64"", ""occ_eb3669c418bb1210cbd4"", ""occ_eb707bc6e7a408c2024c"", ""occ_eb7eae8671dcdb54ea16"", ""occ_ebf40fd8d8eee2b74cc1"", ""occ_ec1d20e4b6c888f54943"", ""occ_ec36e3353ba31af40b1a"", ""occ_ec388720caae1a633ac4"", ""occ_ec50fad950c3331cac97"", ""occ_ecc7779ed4cd1ecedadb"", ""occ_eccd328771625977410c"", ""occ_ece80ff2caef00803888"", ""occ_ed19a7ed47442768a807"", ""occ_ed69fe858af501506589"", ""occ_ed6a961d3b73b31b430d"", ""occ_ed6d02443619921a063f"", ""occ_ed6e2c50d61e2005d378"", ""occ_ed830bfd4fcad3ecad49"", ""occ_eda5c5aad07428cee818"", ""occ_ee0adb9ee9da1f456a30"", ""occ_ee16ff6b3f726417795d"", ""occ_ee689d6f63f92eef13f2"", ""occ_ee6fa5eb7b7d0596f452"", ""occ_ee72ec8a75876d04c4aa"", ""occ_ee7b0547b0e358c117de"", ""occ_eed5a894e19617ea31bd"", ""occ_eee25474001144779c08"", ""occ_ef0ea3f1e81279b75e56"", ""occ_ef3831f59f03ba461b3a"", ""occ_ef3a17a20946c32ea183"", ""occ_ef5663989b8c797d8e62"", ""occ_ef7a30926ae7a6b240fe"", ""occ_efdf1a53040efe789399"", ""occ_efe02fb7e592ad04eb35"", ""occ_efebf26c0c99c8e899e0"", ""occ_f033c1bacbd3ad62861d"", ""occ_f0875c923916617f5641"", ""occ_f0cab49e8c8ab012118c"", ""occ_f0e3a79ae57022292ff7"", ""occ_f1259273a36725ea2a78"", ""occ_f150aabf9765b4fa9e21"", ""occ_f15ca7d69ceec7cfc8ee"", ""occ_f17dedd32b7fb8f08ae8"", ""occ_f1a182da252cbe65c2bc"", ""occ_f1d50384c77e14d53506"", ""occ_f1ecd564fad6dc2584e0"", ""occ_f208464a8a199134dcb7"", ""occ_f269bfac4461360f7b02"", ""occ_f2816010388940736db9"", ""occ_f2c23b50362edd243804"", ""occ_f3577d8c1e2523157430"", ""occ_f3ae118da4e7ecf4a7e1"", ""occ_f3b1615702e954ae35f0"", ""occ_f3b3037b5c4c2c1399ed"", ""occ_f3d53e68d0796ae53fcc"", ""occ_f40f276c1d574ca34ed4"", ""occ_f41dfa0386bd5f63a588"", ""occ_f44f3a6b7081fa8c5b9f"", ""occ_f49a823f37dea99c7f0a"", ""occ_f4c7cf6db64a3a80d872"", ""occ_f4e425549df7a2610b04"", ""occ_f5721affdb7e93b25342"", ""occ_f574ed160f0b90f23842"", ""occ_f5aa041567149695e096"", ""occ_f5cbc6eafa427791abac"", ""occ_f5e7703bb0283d4f5a6e"", ""occ_f623dc5cb274a49bb61b"", ""occ_f65fc05d1a5eca66ce30"", ""occ_f6ba971bfa6e083f4af0"", ""occ_f6f33f50a9fd4c129a97"", ""occ_f7b4f8e48bab31a876f6"", ""occ_f7c8292038303800bfba"", ""occ_f7d9efe8e453b75f47b1"", ""occ_f83f49655fb4afc95944"", ""occ_f8687b75d6b639463f49"", ""occ_f894bec6b4cd086c7283"", ""occ_f8d1af093453b2646eab"", ""occ_f962a1069c32e2b0dc3e"", ""occ_f9cadbb0d1be6e7a0947"", ""occ_faa12860fc47847495b9"", ""occ_fb0901767a15329ebd8b"", ""occ_fb99581164f75ab95de2"", ""occ_fbba5a054ddae8ba4876"", ""occ_fbbef3d21cf0e263c051"", ""occ_fbf5ccd84d767190cc6f"", ""occ_fbf9327e2d7d9aad4a04"", ""occ_fc5062110e0a719dbff8"", ""occ_fc82fd28199481758da7"", ""occ_fc910400a228f3252613"", ""occ_fcf774d005c3336906e8"", ""occ_fd8094c078e9d8a8b05f"", ""occ_fd8c96172efbce5a71e7"", ""occ_fd9619a2c9a71ce521da"", ""occ_fdb67baab41f170f84ff"", ""occ_fdecc96856f13c75081c"", ""occ_fe077586fca61135b8e4"", ""occ_fef5fc15116b1864e4a9"", ""occ_ff3791f131f025e1d920"", ""occ_ff5a6d9d487cec0367df"", ""occ_ff6386bc572d648df7f1"", ""occ_ff8595f6d274af4625ba"", ""occ_ff8e36309315705d4b53""]",run_1f27e7f7434a9d682f85
term_70b2f17db107db8eea23,"Median hourly earnings, all employees (excluding apprentices) by sex",measure,0.7885447683320056,semantic-hybrid,False,semantic centroid/neighbor measure fallback,"[""occ_555db4eda697af3b029f""]",run_1f27e7f7434a9d682f85
term_8b42b7afde2970f7db70,median income,measure,0.88,semantic-hybrid,True,title evidence with measure lexical cue,"[""occ_1ff6199af273390e5af9"", ""occ_62ccd0db6c3b9d93cc6b""]",run_1f27e7f7434a9d682f85
term_f722d1f41d929e7de3ad,median income ratio,measure,0.88,semantic-hybrid,True,title evidence with measure lexical cue,"[""occ_526c006638e9296edf7b"", ""occ_617082c02d1704cee11f""]",run_1f27e7f7434a9d682f85
term_e67b27eeeaf083525032,median income ratio (60,measure,0.88,semantic-hybrid,True,title evidence with measure lexical cue,"[""occ_26eaa11a6b4efa50d5dc""]",run_1f27e7f7434a9d682f85
term_219a21091f2da92a7e70,median income ratio (65,measure,0.88,semantic-hybrid,True,title evidence with measure lexical cue,"[""occ_34173d291857130140cc""]",run_1f27e7f7434a9d682f85
term_81ba75668fcb8e40f157,median income ratio (65+) - EU-SILC,measure,0.88,semantic-hybrid,True,title evidence with measure lexical cue,"[""occ_feb74b5979f645e96309""]",run_1f27e7f7434a9d682f85
term_76d2ad010c7d821be0b8,median income ratio (65+) - EU-SILC and,measure,0.88,semantic-hybrid,True,title evidence with measure lexical cue,"[""occ_32d161326ede47b3cf3b""]",run_1f27e7f7434a9d682f85
term_d3b384d9c8278d692dd6,median income ratio (65+) - EU-SILC and ECHP,measure,0.88,semantic-hybrid,True,title evidence with measure lexical cue,"[""occ_b17585d834793edec43a""]",run_1f27e7f7434a9d682f85
term_d7cdb5925f069c0cd31c,Median of the housing cost burden distribution by age group,measure,0.7609079340290074,semantic-hybrid,False,semantic centroid/neighbor measure fallback,"[""occ_59e796e6f1564a1a4d22""]",run_1f27e7f7434a9d682f85
term_b9d2e73ff923d9dee35f,Median of the housing cost burden distribution by age group - EU-SILC survey,measure,0.7707850223056804,semantic-hybrid,False,semantic centroid/neighbor measure fallback,"[""occ_9fea2838bd12a3a8ba1f""]",run_1f27e7f7434a9d682f85
term_a0644a72261e0774098f,Median of the housing cost burden distribution by degree of urbanisation - EU-SILC survey,measure,0.7624564298704859,semantic-hybrid,False,semantic centroid/neighbor measure fallback,"[""occ_0478e9d159d6b3712011""]",run_1f27e7f7434a9d682f85
term_0adc473ae8e233996caa,Median of the housing cost burden distribution by sex,measure,0.760907998508114,semantic-hybrid,False,semantic centroid/neighbor measure fallback,"[""occ_2f0e4efccd4268e97a28""]",run_1f27e7f7434a9d682f85
term_1406e6db0d2dd0703c65,Median of the housing cost burden distribution by sex - EU-SILC survey,measure,0.7785154148479493,semantic-hybrid,False,semantic centroid/neighbor measure fallback,"[""occ_359ec9f302e586a8172d""]",run_1f27e7f7434a9d682f85
term_aa9c07b48f0e13f252ba,Median relative income,measure,0.88,semantic-hybrid,True,title evidence with measure lexical cue,"[""occ_307ef5822cd1b28bd1e7"", ""occ_36a068ac9b13b3d786a0""]",run_1f27e7f7434a9d682f85
term_51577e5597ef08350211,Median relative income of,measure,0.88,semantic-hybrid,True,title evidence with measure lexical cue,"[""occ_98bfcbfbaf3f53bdb0c2"", ""occ_b7c52823cd6628a17cab""]",run_1f27e7f7434a9d682f85
term_57fb20fa0ebb3311ba5f,Median relative income of elderly,measure,0.88,semantic-hybrid,True,title evidence with measure lexical cue,"[""occ_5472ffe3c39909c85d0c"", ""occ_7cdd4fc9edda49fa233f""]",run_1f27e7f7434a9d682f85
term_126f1c47aefcedb88cc8,Median relative income of elderly people,measure,0.7824113277764987,semantic-hybrid,False,semantic centroid/neighbor measure fallback,"[""occ_2582152d9032b7f09ef3"", ""occ_cf7b38617b0ef63153ce""]",run_1f27e7f7434a9d682f85
term_2a9aadf1b728e35c5c59,Median relative income of elderly people (60,measure,0.88,semantic-hybrid,True,title evidence with measure lexical cue,"[""occ_22082487732483f0afc6""]",run_1f27e7f7434a9d682f85
term_1847b10ff62e7ccf2fbb,Median relative income of elderly people (60+),measure,0.88,semantic-hybrid,True,title evidence with measure lexical cue,"[""occ_e53ae81c2c11382ce52f""]",run_1f27e7f7434a9d682f85
term_bf81c2d3d1cc5637ab87,Median relative income of elderly people (60+) - EU-SILC,measure,0.88,semantic-hybrid,True,title evidence with measure lexical cue,"[""occ_6020fdf7f37c5c09511b""]",run_1f27e7f7434a9d682f85
term_074ac00adbe5f73a2af1,Median relative income of elderly people (60+) - EU-SILC survey,measure,0.88,semantic-hybrid,True,title evidence with measure lexical cue,"[""occ_85fa6fd6fe5a940b926f""]",run_1f27e7f7434a9d682f85
term_79f77bacad013d31639f,Median relative income of elderly people - EU-SILC,measure,0.88,semantic-hybrid,True,title evidence with measure lexical cue,"[""occ_eaa667b07efe5e0e92fb""]",run_1f27e7f7434a9d682f85
term_aae6ecbce1ea4c04530e,Median relative income of elderly people - EU-SILC survey,measure,0.88,semantic-hybrid,True,title evidence with measure lexical cue,"[""occ_84e4a0bbc432a4d9567b""]",run_1f27e7f7434a9d682f85
term_6437c215218b06dfb2ec,Median saving rate,measure,0.7680196168389173,semantic-hybrid,False,semantic centroid/neighbor measure fallback,"[""occ_0dc1921547d73cd85d83"", ""occ_0de000c0a469b81d83bf"", ""occ_9ac3fd8e58e2c37e0a1f"", ""occ_d7a971ffcdace0305a17"", ""occ_df6ea5dce8d43f6c485d""]",run_1f27e7f7434a9d682f85
term_7c3957b0262e06190e8d,Median saving rate by,measure,0.7713815325578876,semantic-hybrid,False,semantic centroid/neighbor measure fallback,"[""occ_26da8a58f8125212117c"", ""occ_46e19f7f6d0bcb280f58"", ""occ_7f0e75bbee8e2e051ea3"", ""occ_b3ac5bb7e2fb8dc5d0aa"", ""occ_f65edb033f68b8970f00""]",run_1f27e7f7434a9d682f85
term_3e9b0b9b2246bc93d84e,Median saving rate by activity,measure,0.7810294749394956,semantic-hybrid,False,semantic centroid/neighbor measure fallback,"[""occ_954ba42262d236adbee1""]",run_1f27e7f7434a9d682f85
term_cb6eff3ef7337e5d358a,Median saving rate by activity status,measure,0.7749138104660331,semantic-hybrid,False,semantic centroid/neighbor measure fallback,"[""occ_b5a85e6b1beceea1d6ab""]",run_1f27e7f7434a9d682f85
term_8bd2252c28762794b8ec,Median saving rate by activity status of,measure,0.772946598801093,semantic-hybrid,False,semantic centroid/neighbor measure fallback,"[""occ_aa159d27de89d89ea77e""]",run_1f27e7f7434a9d682f85
term_420beb2407aff9ef1291,Median saving rate by activity status of the,measure,0.7727388527912308,semantic-hybrid,False,semantic centroid/neighbor measure fallback,"[""occ_960066a83ffd354e0dc3""]",run_1f27e7f7434a9d682f85
term_9ee08997e384c877afe6,Median saving rate by activity status of the reference person,measure,0.7607462972274536,semantic-hybrid,False,semantic centroid/neighbor measure fallback,"[""occ_96818d85f11815a65a07""]",run_1f27e7f7434a9d682f85
term_793fe685236958908e80,Median saving rate by activity status of the reference person - experimental statistics,measure,0.7623649104280509,semantic-hybrid,False,semantic centroid/neighbor measure fallback,"[""occ_37b57a7ed13593402e68""]",run_1f27e7f7434a9d682f85
term_b0ac1e619dbcf90874c7,Median saving rate by degree,measure,0.770895765534029,semantic-hybrid,False,semantic centroid/neighbor measure fallback,"[""occ_417930943fef7cdd2efe""]",run_1f27e7f7434a9d682f85
term_dbda245b971bc03da527,Median saving rate by degree of,measure,0.7715542589752593,semantic-hybrid,False,semantic centroid/neighbor measure fallback,"[""occ_61bdcf007bd039366f86""]",run_1f27e7f7434a9d682f85
term_91a0760b24a48aa31d27,Median saving rate by degree of urbanisation,measure,0.7627300700138075,semantic-hybrid,False,semantic centroid/neighbor measure fallback,"[""occ_8cf1a9f1ec6bebe7b6be""]",run_1f27e7f7434a9d682f85
term_fa1a68a98f1dbbce5260,Median saving rate by degree of urbanisation - experimental,measure,0.7615414954467985,semantic-hybrid,False,semantic centroid/neighbor measure fallback,"[""occ_b75073229fb834053366""]",run_1f27e7f7434a9d682f85
term_2156e9607e5ae3109b47,Median saving rate by degree of urbanisation - experimental statistics,measure,0.7634937123267078,semantic-hybrid,False,semantic centroid/neighbor measure fallback,"[""occ_d16b58372b8441a318fe""]",run_1f27e7f7434a9d682f85
term_48ec4830878d9739d792,Median saving rate by household,measure,0.7716399648113252,semantic-hybrid,False,semantic centroid/neighbor measure fallback,"[""occ_c7ebc327619a1908f6cd""]",run_1f27e7f7434a9d682f85
term_b7f2a600fd0019a5a880,Median saving rate by household type,measure,0.7787187597262536,semantic-hybrid,False,semantic centroid/neighbor measure fallback,"[""occ_158f7db0afb95517de94""]",run_1f27e7f7434a9d682f85
term_792c9fae74cf22d859c5,Median saving rate by household type - experimental,measure,0.7808131662957978,semantic-hybrid,False,semantic centroid/neighbor measure fallback,"[""occ_8fab88b58bec65208e5f""]",run_1f27e7f7434a9d682f85
term_952aa7e323169db0e35c,Median saving rate by household type - experimental statistics,measure,0.7855961953656849,semantic-hybrid,False,semantic centroid/neighbor measure fallback,"[""occ_2d431bb88bf6044b32fc""]",run_1f27e7f7434a9d682f85
term_79f76789f1ae9176f229,Median saving rate by income,measure,0.88,semantic-hybrid,True,title evidence with measure lexical cue,"[""occ_6ba1ca968e135b7f1614""]",run_1f27e7f7434a9d682f85
term_751662a2365b33aba273,Median saving rate by income quintile,measure,0.88,semantic-hybrid,True,title evidence with measure lexical cue,"[""occ_b3bbc74874eacc80fac4""]",run_1f27e7f7434a9d682f85
term_b1a5f454e0da44a54017,Median saving rate by income quintile - experimental,measure,0.88,semantic-hybrid,True,title evidence with measure lexical cue,"[""occ_83e746c95ccf377c49a7""]",run_1f27e7f7434a9d682f85
term_6d3a4e9e00dfe2d6b031,Median saving rate by income quintile - experimental statistics,measure,0.88,semantic-hybrid,True,title evidence with measure lexical cue,"[""occ_b8196d6fdf9c395410b4""]",run_1f27e7f7434a9d682f85
term_88f59db8b74e5d6f1178,Median saving rate by the,measure,0.7671695180392484,semantic-hybrid,False,semantic centroid/neighbor measure fallback,"[""occ_48348d2f510d8757dc35""]",run_1f27e7f7434a9d682f85
term_ecea96ebb43f573e017f,Median saving rate by the self-declared,measure,0.7649816298972155,semantic-hybrid,False,semantic centroid/neighbor measure fallback,"[""occ_fc9fa3cf6ac794d1e498""]",run_1f27e7f7434a9d682f85
term_11fe1d82feac090a045b,Median saving rate by the self-declared level,measure,0.766914814018954,semantic-hybrid,False,semantic centroid/neighbor measure fallback,"[""occ_ffccf74ed74160e47286""]",run_1f27e7f7434a9d682f85
term_14ef7f94e7fc07c1f370,Median saving rate by the self-declared level of,measure,0.7673669786359697,semantic-hybrid,False,semantic centroid/neighbor measure fallback,"[""occ_b8137665c87b40be89ee""]",run_1f27e7f7434a9d682f85
term_b5e12f35a334f8a51dd6,Median saving rate by the self-declared level of difficulty to make ends meet,measure,0.7600494511427092,semantic-hybrid,False,semantic centroid/neighbor measure fallback,"[""occ_b7d6d3227ce90aa712c6""]",run_1f27e7f7434a9d682f85
term_bb06bea62e42c3e4f664,Median saving rate by the self-declared level of difficulty to make ends meet - experimental statistics,measure,0.7680746087748832,semantic-hybrid,False,semantic centroid/neighbor measure fallback,"[""occ_573be892dedba5103b3a""]",run_1f27e7f7434a9d682f85
term_980429c0ce5885410cb5,Men aged 18-59 living in jobless households: share of men aged 18-59 who are living in households where no-one works,measure,0.7669909441379358,semantic-hybrid,False,semantic centroid/neighbor measure fallback,"[""occ_04301728bfa96d8276f1"", ""occ_0d611c8e4b05fe5e9e30"", ""occ_131fd4e192e55407edec"", ""occ_14023e582f0beaed69e6"", ""occ_1a1cd6420b7280342b66"", ""occ_1c4f384a99ab4b2e63b8"", ""occ_24f047a0a0d846c63c41"", ""occ_2c1d9e09b348ec22a205"", ""occ_2f48acc7e3bf02bf5139"", ""occ_47f0ee392afafa7ff160"", ""occ_4df7f245435c8a10f0db"", ""occ_637e73a02d690c23e7b4"", ""occ_6b37f8fe54a2a85d164a"", ""occ_6c4a28aa6a08fd6b1889"", ""occ_7af66fccc487990dc5ec"", ""occ_7afe209dedbdd786d4ba"", ""occ_89f23637ab389149ebe7"", ""occ_9ef548174727cd54b7de"", ""occ_a9480341849835828ac9"", ""occ_aec53832543f0608ac11"", ""occ_bbfc51b3161aba5da617"", ""occ_be7289b750740c3d055b"", ""occ_c13eecf2e20bc1afe07c"", ""occ_caa98d76b0d870c56e3c"", ""occ_ce02b8de13c688fd7a0a"", ""occ_d44eaf56c0a7f6b95d36"", ""occ_d547f9b0f78be8bdc4d2"", ""occ_e0b8958d0e4d8d09598c"", ""occ_e2bbe62b71150e5c7eb9"", ""occ_e6b092dffb52648b01c8"", ""occ_ec3e408069581055804f"", ""occ_f35cd7b9472572f636f5"", ""occ_f4537452f1fbe05786f6"", ""occ_fa11a544b11e619eab69"", ""occ_fb90a04d77b0d951cb27"", ""occ_ff0520676e02b667b802""]",run_1f27e7f7434a9d682f85
term_8a78d643d56e6217e407,mineral wastes per GDP,measure,0.88,semantic-hybrid,True,title evidence with measure lexical cue,"[""occ_a4e808f75b54501b51c4""]",run_1f27e7f7434a9d682f85
term_423b54a954bd0a90b304,mineral wastes per GDP unit,measure,0.88,semantic-hybrid,True,title evidence with measure lexical cue,"[""occ_bf2d4fb6d63a85312acb""]",run_1f27e7f7434a9d682f85
term_b61bf04e7a77cfdc39a0,"Modal split of air, sea and freight transport",measure,0.88,semantic-hybrid,True,title evidence with measure lexical cue,"[""occ_a65ef0f362e070490040""]",run_1f27e7f7434a9d682f85
term_c3cd9054646b135d0b4e,"Modal split of air, sea and passenger transport",measure,0.88,semantic-hybrid,True,title evidence with measure lexical cue,"[""occ_6965470f4d85cab53988""]",run_1f27e7f7434a9d682f85
term_c81d6ee622d33c0e63b4,Modal split of freight transport,measure,0.88,semantic-hybrid,True,title evidence with measure lexical cue,"[""occ_4483cde52d9531171880""]",run_1f27e7f7434a9d682f85
term_0e55239557086d5399b3,Money market interest rates - annual data,measure,0.7676931061047307,semantic-hybrid,False,semantic centroid/neighbor measure fallback,"[""occ_dfe68ec4a052ba286d1c""]",run_1f27e7f7434a9d682f85
term_a99ca240ee68502382af,Money supply and official reserves,measure,0.7747141545469355,semantic-hybrid,False,semantic centroid/neighbor measure fallback,"[""occ_a5ae8ec5137cf8461463""]",run_1f27e7f7434a9d682f85
term_49d40cb44423a906dd78,Money supply and official reserves - ENP-East countries,measure,0.7707924352355853,semantic-hybrid,False,semantic centroid/neighbor measure fallback,"[""occ_73d55059971d706282e1""]",run_1f27e7f7434a9d682f85
term_527a9a5640b8adc5df70,month) by share of platform income,measure,0.88,semantic-hybrid,True,title evidence with measure lexical cue,"[""occ_218622de1ff3b31dc962""]",run_1f27e7f7434a9d682f85
term_2a10f585b1b50ce77775,month) by share of platform income in,measure,0.88,semantic-hybrid,True,title evidence with measure lexical cue,"[""occ_b46b01d31600ad99ba7c""]",run_1f27e7f7434a9d682f85
term_83cc6e75ae698d5a900c,month) by share of platform income in their,measure,0.88,semantic-hybrid,True,title evidence with measure lexical cue,"[""occ_5204b886f2240cc97736""]",run_1f27e7f7434a9d682f85
term_586a448269018dd8022b,Monthly earnings by economic control (enterprises with 10 employed persons or more),measure,0.7939821320732868,semantic-hybrid,False,semantic centroid/neighbor measure fallback,"[""occ_333e12eb264759f486f2"", ""occ_3ae73c9cdf083c18ed83"", ""occ_817333b5f32eaef32676"", ""occ_df945bcf2f2a13e4a461""]",run_1f27e7f7434a9d682f85
term_8b9cf20ca850b997c677,"Monthly earnings by economic control (enterprises with 10 employed persons or more) - NACE Rev. 1.1, C-O excluding L",measure,0.7702203683404932,semantic-hybrid,False,semantic centroid/neighbor measure fallback,"[""occ_0245fc45fc2f9aaa7e55""]",run_1f27e7f7434a9d682f85
term_091cd45345c47686d877,"Monthly earnings by economic control (enterprises with 10 employed persons or more) - NACE Rev. 2, B-S excluding O",measure,0.7616519875602098,semantic-hybrid,False,semantic centroid/neighbor measure fallback,"[""occ_0acd498e9449d196d28d"", ""occ_6fcb29a81da2bb66efa7"", ""occ_f1c3e43a7fadb70451b5""]",run_1f27e7f7434a9d682f85
term_1528193b118a167de769,Monthly earnings by quantiles and contractual working time (enterprises with 10 employed persons or more),measure,0.7945609420439732,semantic-hybrid,False,semantic centroid/neighbor measure fallback,"[""occ_314825a6bf0951cd2166"", ""occ_9bb08dc3ddc3dac821ce"", ""occ_d0127642f46feaa7962c""]",run_1f27e7f7434a9d682f85
term_ad4bf0916f918dd2c845,"Monthly earnings by quantiles and contractual working time (enterprises with 10 employed persons or more) - NACE Rev. 1.1, C-O excluding L",measure,0.7818822966879083,semantic-hybrid,False,semantic centroid/neighbor measure fallback,"[""occ_a7b26d61bcef705b1c9b""]",run_1f27e7f7434a9d682f85
term_cbeb5ff501e35233c9bf,"Monthly earnings by quantiles and contractual working time (enterprises with 10 employed persons or more) - NACE Rev. 2, B-S excluding O",measure,0.7721034440673591,semantic-hybrid,False,semantic centroid/neighbor measure fallback,"[""occ_310edc23fc73426f5230"", ""occ_3f1dc033e277bac7b6ab""]",run_1f27e7f7434a9d682f85
term_cf0a5469425b83fe2769,Monthly minimum wage as a proportion of average monthly earnings (%),measure,0.7736491445495276,semantic-hybrid,False,semantic centroid/neighbor measure fallback,"[""occ_67614d36fcf3fa3bfd58"", ""occ_e047dc748e16783c95a7""]",run_1f27e7f7434a9d682f85
term_fc144f098e238dc0d6f2,Monthly minimum wage as a proportion of the mean gross monthly earnings,measure,0.7752842898204949,semantic-hybrid,False,semantic centroid/neighbor measure fallback,"[""occ_01d186f6b2dfa6c70015"", ""occ_030369010ed5bf995ff4"", ""occ_04c132232e431f191ae4"", ""occ_04c9a35761662e3dbed0"", ""occ_062466173b5aae9b8941"", ""occ_0944bb87bbee88b6dc0f"", ""occ_0e69e9425375ab2a8952"", ""occ_0f6e0194b2119c2bf759"", ""occ_1883b6cfaa3fb532839c"", ""occ_197a8266898eafbdb5f0"", ""occ_1af6133d5fcc5a612014"", ""occ_2053c9ec507fa8cb176f"", ""occ_26376ead89aa2825081f"", ""occ_28911a0d97aa677399df"", ""occ_2b18bb9f864030c92194"", ""occ_2c6e6fcdf33b7a4e3043"", ""occ_2ef4e1bb712c5815f0e8"", ""occ_32af7ebc49750ef26572"", ""occ_36d307c0ae5978ab0721"", ""occ_3b2968acabefcf9b7607"", ""occ_3c406fed59aa450980b2"", ""occ_3fbdeaf17d5aaeb9e6f3"", ""occ_3fc19bd9b1b82543e740"", ""occ_400dd087d015cd8d5a69"", ""occ_40af6f00a5dbf46f428b"", ""occ_4f8d132177b6df0f0eba"", ""occ_4faaaa9a607632024450"", ""occ_50c3b199c7f5fc9677de"", ""occ_5391d402f2528fb054e8"", ""occ_587110e3090cd4acc2ff"", ""occ_58f1f6cc025b1595c62c"", ""occ_5e209bdf56e002f89d92"", ""occ_5eeb974715d0e3d38458"", ""occ_616fdf4d1ce44a2bc27d"", ""occ_61db6b9d0dc2b39f0ad2"", ""occ_6243e30ba95f311c1b41"", ""occ_665440b940ac5aef7bdd"", ""occ_67f83c3b87a2a91a2ff1"", ""occ_6c575227ca0f3898e7e2"", ""occ_6ee78249989ae396f8b8"", ""occ_71b61a6773bc430f8aaa"", ""occ_72d00b26d5c26464cae5"", ""occ_75b272a8a5d2d22bd7fc"", ""occ_7ba139d3a5b8a56a8ac9"", ""occ_7e327620afeca0376422"", ""occ_88fbd2531a0b138557d6"", ""occ_8c95cfe10c0c44b053fa"", ""occ_8d434df929f002d88bc1"", ""occ_92e3b518f0399e8a2749"", ""occ_95283d95aaa81ec1e725"", ""occ_96f75f069fe67583b53f"", ""occ_977e57920b6c0dfce3a2"", ""occ_99309927b8b45512745e"", ""occ_9a6a52141a3c692a1c5a"", ""occ_9ad6e9eae38391ffeddc"", ""occ_9fb8c8661819fde537bf"", ""occ_a173f48e5b52443d39e5"", ""occ_a44e8f40e287987b7f57"", ""occ_a47c0c144e54e00d0707"", ""occ_a962f85df4cffceb5196"", ""occ_aaaefd382925652f4213"", ""occ_b372a3beb30922fc49ef"", ""occ_b5bf74a21483179090df"", ""occ_b83d5513119d0ec68c36"", ""occ_bc59efff56cb1a90c0fd"", ""occ_bcdd7eef067d052b498d"", ""occ_c64cae93392046f8c8ef"", ""occ_c73fac6384f53b38f25d"", ""occ_c82fb3c6db9ef1e2b49a"", ""occ_cdc8922ad9aecdeb1f29"", ""occ_ce46c72eb3c99dbc1154"", ""occ_d1349c78ffe47491c82f"", ""occ_d5c70282e56c7b3417e4"", ""occ_d87d9320348fe0a39641"", ""occ_dd3b6657d162378cd191"", ""occ_ddecf196b5d6a694db3e"", ""occ_ea08c2f44669fe19a8fe"", ""occ_ecc594723431807f55b2"", ""occ_ef53ea9d55ce0df1f8fe"", ""occ_f228c528b75bf9a1f00c"", ""occ_f629eea75f0bd52a10ea"", ""occ_f67abf4bfdcaee8a4d62"", ""occ_f6e63fa7380609af18f7"", ""occ_fbca2d21b69e7a91b801"", ""occ_ff26a2469cf98083cf9d"", ""occ_ff450ab09df85f1e7de4""]",run_1f27e7f7434a9d682f85
term_73b109ef1445b90ae075,Monthly minimum wage as a proportion of the median gross monthly earnings,measure,0.7708188589291425,semantic-hybrid,False,semantic centroid/neighbor measure fallback,"[""occ_0177ab058233eb7010f3"", ""occ_0220a18d8514160771ee"", ""occ_0384979b84265c39476f"", ""occ_05f3f5f6eca5f158f8ad"", ""occ_082a73351603ff049222"", ""occ_0b22c125da3091a4fe8b"", ""occ_0bc263f7914a1ae4bfe8"", ""occ_0cf23c8b7054ff6e76bb"", ""occ_0ed567ba99e5ae860fd0"", ""occ_134fc960c234c55af915"", ""occ_1af010ac9a9d9c2c44dd"", ""occ_1b150315a4d09ab6ef94"", ""occ_2218a06764424cd38a84"", ""occ_2651df8e1a8c65c335bc"", ""occ_2860a64701cf32f6f993"", ""occ_2de97650a5ab6d50cac2"", ""occ_32f74d2f1088ed4fe7d9"", ""occ_340caeefb91e6fc549de"", ""occ_3643f6776a1155b1afd8"", ""occ_4653caa10130719bcc43"", ""occ_47414e73ba6537506bad"", ""occ_53942cd4a54a3e0641c5"", ""occ_54696f2cf36abfa521e6"", ""occ_54ec289960e8735e902c"", ""occ_6a742422eb055c529d61"", ""occ_6c295b736ff3f38d0d0d"", ""occ_770ab2130b4696d3f470"", ""occ_7877b0cbae6526b20da9"", ""occ_8023b99d21a2beece72e"", ""occ_8378b07666c984a3c5d1"", ""occ_8450282c6253b944a706"", ""occ_86c4a982af2461bc6fd4"", ""occ_87747dcf67ed95915940"", ""occ_8b42e60c31980106b428"", ""occ_8f3451de8a2efe73b193"", ""occ_91b1b34f02e7f7a7ed72"", ""occ_a01cd1a90f0ed313aa0a"", ""occ_a32ba88ee1870336fb27"", ""occ_a977b5478c2360d9b84a"", ""occ_b0b70f2ea38675144b01"", ""occ_b17bebb8a9c5e786a90c"", ""occ_b299d127ed02e48ac72f"", ""occ_b3592c5781166f361791"", ""occ_b41cd2021d052c6088c7"", ""occ_bd7d168666ea633d9b24"", ""occ_c794974da7f7d941662a"", ""occ_c9b06d200282e3712f3b"", ""occ_c9e3bbf4136b9e158e84"", ""occ_d184517516244b1f0d76"", ""occ_dec4c28b4ccf9d0c8982"", ""occ_e62f21df91d5ec3c6370"", ""occ_e9343a2752b409b1acef"", ""occ_eb6f49a1ab3b2e272044"", ""occ_ec1929c36efd1f436394"", ""occ_f38007bccf234d6aba09"", ""occ_f59dda5ac0e08c099e61"", ""occ_fc4cdcbae9a43c6cd51d""]",run_1f27e7f7434a9d682f85
term_a49c26fe4b88ef6eb988,mortgages on purchase of main residence) by income,measure,0.88,semantic-hybrid,True,title evidence with measure lexical cue,"[""occ_f9c36e3b1a0030aa5f62""]",run_1f27e7f7434a9d682f85
term_d61614bd76f0a1dc87ad,Moving 12-months average rate of change,measure,0.7648934382288889,semantic-hybrid,False,semantic centroid/neighbor measure fallback,"[""occ_011338360a7369b031f7"", ""occ_01432f9d1137c266bc41"", ""occ_048b9f3e858835aa739f"", ""occ_074e9a0f5f203898f8b6"", ""occ_09124abf98c3100f27c3"", ""occ_11540e87ce7cdb1df88b"", ""occ_15cd70417f40f3ed6a9a"", ""occ_1e413e8220d504937fb0"", ""occ_1e68ce9025fcf9feb7ad"", ""occ_1ea1dbf54a519a036b04"", ""occ_20c1d887076f8e452df1"", ""occ_2171770e29a86360fdde"", ""occ_2db5274a45d459767872"", ""occ_3438d75b986bf3a2ce0c"", ""occ_39a370ecdc55932a96e2"", ""occ_4091df8edfdd52d94f62"", ""occ_4188573378829c4f8876"", ""occ_45c744e6767a27c1bf65"", ""occ_46b08761c9cc03463fc9"", ""occ_4798003d04dd788df9a3"", ""occ_4e62ba64d8bf0e36a512"", ""occ_4eda3e06e66e7db27abf"", ""occ_5419048c972cf44d7d12"", ""occ_57be723c9ce97ca125ea"", ""occ_589f384bd231e73af6e6"", ""occ_58d0738ffcfd84531e4f"", ""occ_594876a4b06acc1b15f1"", ""occ_5cd829760a0fd6f518ca"", ""occ_5e06177c743c973e03a9"", ""occ_5ed25a84dfe94baf0736"", ""occ_66ec92bff0eb73e47819"", ""occ_6800397f1ae4abfb037d"", ""occ_6a75d5cf7155407bdb9c"", ""occ_6b6e1039e2d273262c0b"", ""occ_6c31c3c800d1d5e828ee"", ""occ_6db789d98e7db6a69be5"", ""occ_6ee984bd041cb4c2ca8a"", ""occ_714b97dfcbbadabd24b9"", ""occ_7429e0ce2f36946d2469"", ""occ_7638c5eb05917f1018a7"", ""occ_7f63c2ac3a31a096c6f0"", ""occ_851e1f364222f62085a5"", ""occ_85d3d70a739a1f43e3c7"", ""occ_860beb0270baf6584c7c"", ""occ_87e4dc4ab15ff4e67d30"", ""occ_881247a59b983f75d664"", ""occ_8d556e1a31468940b0f9"", ""occ_8d8c2cc9a9e1286bc5b1"", ""occ_8e50d2c9537397e094f4"", ""occ_90ea3dd98acd505bb5de"", ""occ_9112a407da6965521335"", ""occ_949f6e2ad66d217dc64d"", ""occ_987880b180bebaca67fa"", ""occ_9976e6b7be88d0492ff6"", ""occ_9cc90a1c71065d9859c6"", ""occ_9d1679477b1b09355ceb"", ""occ_a3b1f3c48de9f4c375f2"", ""occ_a7706feb29009770134e"", ""occ_a7f36ee0f0926d4d62b6"", ""occ_a9abfcdb6b141d820232"", ""occ_ad2daa088757673a8af8"", ""occ_ad6f1255fd29d5e88df2"", ""occ_b6acb1c1bf56f960268c"", ""occ_b941b078e8eb0aad274e"", ""occ_be503c6a88f98ebcc807"", ""occ_bf3d3796c6d2f6afe2dd"", ""occ_c1361a91ec7d7ca91685"", ""occ_ca94cd0ef6dfa2203412"", ""occ_e21e49c7f44473b65237"", ""occ_e270c36838216f791b98"", ""occ_e3f17fe288fa7010a986"", ""occ_e6a21d7b6aaecb0bd1dd"", ""occ_e724c660fd3d810b93fe"", ""occ_e7dbb6bb60f8a705233a"", ""occ_e838704564ad389255f2"", ""occ_eb56ad63185b0eba551f"", ""occ_ed6c7b86c0499e763346"", ""occ_f242b4ad27973654a4f1"", ""occ_f5667e7bcdc2a4d1fda1"", ""occ_fb88ee6196c503379b9f"", ""occ_fd55276aaa2c72a040eb"", ""occ_ff4556449e9b61ef5477""]",run_1f27e7f7434a9d682f85
term_082bdc6b724360067c76,NACE Rev. 1.1 activity and employment,measure,0.88,semantic-hybrid,True,title evidence with measure lexical cue,"[""occ_6ebe0a3e784fbb899690""]",run_1f27e7f7434a9d682f85
term_7ebcdc4bb3ed39b23621,NACE Rev. 1.1 activity and employment status,measure,0.88,semantic-hybrid,True,title evidence with measure lexical cue,"[""occ_4ffdeb4df6322b00adc1"", ""occ_6c3122436074bbb974b8""]",run_1f27e7f7434a9d682f85
term_336270b69f2d18677f52,National expenditure,measure,0.88,semantic-hybrid,True,title evidence with measure lexical cue,"[""occ_b9f5350fc58f00f57234""]",run_1f27e7f7434a9d682f85
term_0d5fd67bb0a57cb103ff,National expenditure on,measure,0.88,semantic-hybrid,True,title evidence with measure lexical cue,"[""occ_eb6f6b2fbe87051d9b02""]",run_1f27e7f7434a9d682f85
term_3daccebc097df6a6afc6,National expenditure on environmental,measure,0.88,semantic-hybrid,True,title evidence with measure lexical cue,"[""occ_9742ec095f95151c4776""]",run_1f27e7f7434a9d682f85
term_8c5599186ab207fa39cc,National expenditure on environmental protection,measure,0.88,semantic-hybrid,True,title evidence with measure lexical cue,"[""occ_f571dfb91ef40a8d9ceb""]",run_1f27e7f7434a9d682f85
term_d6640f5639722392140b,national income,measure,0.88,semantic-hybrid,True,title evidence with measure lexical cue,"[""occ_6ed4ea749f96317b6789"", ""occ_9f1074fd44952ab46f9a"", ""occ_e0f7b018f49544817b56""]",run_1f27e7f7434a9d682f85
term_43979a2fdc10528624fc,national income (GNI,measure,0.88,semantic-hybrid,True,title evidence with measure lexical cue,"[""occ_9ef17fffb196c60c3bd1""]",run_1f27e7f7434a9d682f85
term_3b8698a0ab9664191fb4,national income (GNI) per,measure,0.88,semantic-hybrid,True,title evidence with measure lexical cue,"[""occ_137186280967406912cf""]",run_1f27e7f7434a9d682f85
term_aef08d6754e558929a90,national income (GNI) per capita,measure,0.88,semantic-hybrid,True,title evidence with measure lexical cue,"[""occ_7db60eb833121c8becd4""]",run_1f27e7f7434a9d682f85
term_c9900249dee9d8e54331,"National income/Balance of primary incomes, gross",measure,0.7998355515491107,semantic-hybrid,False,semantic centroid/neighbor measure fallback,"[""occ_0a2201ee0d50bf276f6f"", ""occ_1358d25ab2ca69c731b8"", ""occ_1971420525843815026c"", ""occ_21e081c9fba8eabc723c"", ""occ_2399b941cc6c1283cd8b"", ""occ_2b4915716aee57e63523"", ""occ_366aad171023231e1398"", ""occ_3c686311967a4c21e53c"", ""occ_40f6cb0de8112362a418"", ""occ_42a998b05bf9c49288fa"", ""occ_5bb6b198dd73b9d5052c"", ""occ_5e3d813c94dd772fa109"", ""occ_642377906dd0da727e96"", ""occ_8be2a11f3508132019cc"", ""occ_91e3ca54a798d851c84d"", ""occ_9f1f4dc469a9c8de8742"", ""occ_a1dea93a887bf8efdb2c"", ""occ_a59d77daeafe92847f54"", ""occ_baf8e11ace76bcf28fa1"", ""occ_c522dce641cac4a645a0"", ""occ_cd720130041dc60da299"", ""occ_d45f59d4ec0b7db025f6"", ""occ_def1bcfde2b6e44827c2"", ""occ_e4027cb5d04a333ba032"", ""occ_e4823503fe33a9a107d3"", ""occ_e52f7fef50b58eb4144d"", ""occ_fe2115b0b22b08123174""]",run_1f27e7f7434a9d682f85
term_f32b7749e3c9ff7974e4,National passenger road transport performance by type of vehicles registered in the,measure,0.88,semantic-hybrid,True,title evidence with measure lexical cue,"[""occ_3bb3e65a1c2de409b06e""]",run_1f27e7f7434a9d682f85
term_6392dbd83bedde9a7947,nationality of client and employment,measure,0.88,semantic-hybrid,True,title evidence with measure lexical cue,"[""occ_78b24638490c0a60d176""]",run_1f27e7f7434a9d682f85
term_34243a7d02b1ed590701,nationality of client and employment size,measure,0.88,semantic-hybrid,True,title evidence with measure lexical cue,"[""occ_50c55d6df993fdfb51e6""]",run_1f27e7f7434a9d682f85
term_338df1297217a5704939,neither in employment,measure,0.88,semantic-hybrid,True,title evidence with measure lexical cue,"[""occ_b04e7c947c8511541d3a"", ""occ_f11a461b9774e13ec74f""]",run_1f27e7f7434a9d682f85
term_5f011d5fd346d2b99cb9,neither in employment nor,measure,0.88,semantic-hybrid,True,title evidence with measure lexical cue,"[""occ_2e69b68cf4aaec445a42"", ""occ_c3831e6c5d31e2b576fc""]",run_1f27e7f7434a9d682f85
term_9d083990d69df07a3fc1,Net enrolment rates,measure,0.7791233520017689,semantic-hybrid,False,semantic centroid/neighbor measure fallback,"[""occ_633b71e89f9840da3966"", ""occ_f1ac4b208624f574723e""]",run_1f27e7f7434a9d682f85
term_655233d4c2e253906854,Net enrolment rates by,measure,0.7834403954866082,semantic-hybrid,False,semantic centroid/neighbor measure fallback,"[""occ_a54c678b4e9a9a7b2e41"", ""occ_b18cf6424d25c27f0e7b""]",run_1f27e7f7434a9d682f85
term_b28c3d86b370d24e9743,Net enrolment rates by sex,measure,0.7862396499837755,semantic-hybrid,False,semantic centroid/neighbor measure fallback,"[""occ_7b43edf4ab1efce4e8f1"", ""occ_cfdd8533440e26727770""]",run_1f27e7f7434a9d682f85
term_ab22984b8996e8917b91,Net enrolment rates by sex and,measure,0.7768694774448139,semantic-hybrid,False,semantic centroid/neighbor measure fallback,"[""occ_6d9fc00de1e6cde88d4c"", ""occ_e1982ddbb80b65627725""]",run_1f27e7f7434a9d682f85
term_b30435d5dab8e34ec1b2,Net enrolment rates by sex and education,measure,0.7774512815231738,semantic-hybrid,False,semantic centroid/neighbor measure fallback,"[""occ_358948877629a2a6bc92"", ""occ_821d2e68f35506cff432""]",run_1f27e7f7434a9d682f85
term_29f8b8c11df41416a6ac,Net enrolment rates by sex and education level,measure,0.7699205556761879,semantic-hybrid,False,semantic centroid/neighbor measure fallback,"[""occ_2d49d3320fa185b2f636"", ""occ_8aa04a395e5b83d503ff""]",run_1f27e7f7434a9d682f85
term_5c1b156bf1e3cc20b804,"Net external debt - annual data, % of GDP",measure,0.88,semantic-hybrid,True,title evidence with measure lexical cue,"[""occ_24e032cdcde99d9ecd54""]",run_1f27e7f7434a9d682f85
term_cd3886f7e671857294d0,"Net external debt - quarterly data, % of GDP",measure,0.88,semantic-hybrid,True,title evidence with measure lexical cue,"[""occ_4079bde7b8482c46889c""]",run_1f27e7f7434a9d682f85
term_a262739a6b294b80602b,Net international investment position - annual data,measure,0.7655374284677922,semantic-hybrid,False,semantic centroid/neighbor measure fallback,"[""occ_f21f0965fcd70b442bc7""]",run_1f27e7f7434a9d682f85
term_4b419433504b08218669,"Net international investment position - quarterly data, % of GDP",measure,0.88,semantic-hybrid,True,title evidence with measure lexical cue,"[""occ_29cb666fe2e3d3286327""]",run_1f27e7f7434a9d682f85
term_5aa8c2375b016a280a45,Net international investment position excluding non-defaultable instruments - % of GDP,measure,0.88,semantic-hybrid,True,title evidence with measure lexical cue,"[""occ_91dcf41cb351a510256f""]",run_1f27e7f7434a9d682f85
term_45617dd9fa7133af2c3b,Net lending (+)/net borrowing (-),measure,0.7639668699742822,semantic-hybrid,False,semantic centroid/neighbor measure fallback,"[""occ_042ae34e50b2f87e82d9"", ""occ_04c9ed0d180f711b8203"", ""occ_0625c36a5f53ea54f165"", ""occ_066125e7b3dd90919809"", ""occ_083f805103651ec5ab0e"", ""occ_0849a3fd5d5ed26b60bd"", ""occ_0886a8a09e40290cb4d8"", ""occ_08f43e51368dc8ff29d6"", ""occ_0a2f7a81600d30f246e7"", ""occ_0c51979fbd96ed8ce3ad"", ""occ_0ca9dbd9251bea954fdf"", ""occ_0d70cd8d1c624326c8ee"", ""occ_0d9a5510b87faee8cb12"", ""occ_0dcfb6d365c0485926e6"", ""occ_0f41f9e46cd5e951d39b"", ""occ_1033e872682a4e8f5ddd"", ""occ_104de5d98533501d4bd9"", ""occ_10c241ab2ff25802525e"", ""occ_117ffc6c71004c139b5b"", ""occ_130326e0784ebd5505ea"", ""occ_134dc800b2c4f3fd17e9"", ""occ_137b0b3ba57832aa65a9"", ""occ_13fb8cc5e56f1fe4b42e"", ""occ_164b8aba3cba6cc9d2e2"", ""occ_1770f59ebb462a040e6c"", ""occ_18eb7bd3a7acac352274"", ""occ_18ec676b156a4f4ec267"", ""occ_1ae724bcf6dc8339d2ce"", ""occ_1ba8cb03a9d485281f9b"", ""occ_1ca34534359f0e199c72"", ""occ_1d9e37e9c064ad98c309"", ""occ_1e1e40945bf8ef8b2f1b"", ""occ_1f331e201d8ebc04d58f"", ""occ_22d8057f092082194c5c"", ""occ_24c225adafd23bee515d"", ""occ_24fb335321dc8905adaa"", ""occ_2655776fc401d1d65c8c"", ""occ_273a9498469f2ebe862a"", ""occ_28bd377310c9a8e57518"", ""occ_298ffcfa484bf45fc736"", ""occ_29f04f24b3458d3c9e43"", ""occ_2a1fd02c359a8f646a77"", ""occ_2a6ffc0d0809eac5b86f"", ""occ_2ad4f0884b6ee7ae3ee6"", ""occ_2b9fd708c2ae4d5ce73c"", ""occ_2c21f1548e2d1db7100a"", ""occ_2ede95ce844f11ab6144"", ""occ_32d217b1574dcf8ca569"", ""occ_338d008e788ff56efb51"", ""occ_33b240dd7f1c617fde67"", ""occ_33b76bc11368a2a817f7"", ""occ_344a001f7bc2f6abdfa1"", ""occ_345b6e20ffbf2e6a24b1"", ""occ_34738e52fc6a08ba1646"", ""occ_34f6aa6caf3259db4b0e"", ""occ_35576aa31e9755d88815"", ""occ_36686bfe799afea1af2b"", ""occ_3819e889f95661934976"", ""occ_3b22eddb2ec675cd9035"", ""occ_3b437dd078cc50d2ed77"", ""occ_3bcfb1d96fb34c60c306"", ""occ_3c35161261f5c1572d58"", ""occ_3e02f44ca1552135eda1"", ""occ_3fa0b0e5cc8f261eacc4"", ""occ_4027965d1f13dc9ff203"", ""occ_404e66ae221772215c02"", ""occ_406ab53b4ffb468cfa4f"", ""occ_42f48d7ca0715f151245"", ""occ_42f5676d4c6716af4f93"", ""occ_44bb657d27f83614255f"", ""occ_44db7e49cf860e5c9b49"", ""occ_45c3a2724fa03b321166"", ""occ_4612488eda9d4b454093"", ""occ_47d9baae2cf478460cc7"", ""occ_491a82e0d738e84d142f"", ""occ_4a4495beccf1f0d856dd"", ""occ_4e07e791d73d6fcaebde"", ""occ_4f2407855669d93f49ba"", ""occ_4f324b47b4647caf0573"", ""occ_506438702f5c6a730694"", ""occ_51682caa8c7a6f176140"", ""occ_538b8d274e824dcf1cf0"", ""occ_54bf051e79bfd9946a7c"", ""occ_55715b6b9508a88b90cb"", ""occ_5627bc7e9cb33756251c"", ""occ_57e675b6fff530574c65"", ""occ_584a57c0798f51b1ee6b"", ""occ_593ff9fc89cb5333f0db"", ""occ_5a7e09e5729387239d0f"", ""occ_5af324ea3e31cf8004d0"", ""occ_5b0f0c3daef5912b6f4c"", ""occ_5c9bdb39e94dfa51a450"", ""occ_5d29f1e993010ea6d5ee"", ""occ_5ef0b4fa8eb8eb14ef91"", ""occ_5f15341eaf4e0c60f34e"", ""occ_60347dde7e1cebddd2b7"", ""occ_61f2e7658ea5b1359797"", ""occ_635d057abf6f7c3041d6"", ""occ_64840d541075964e5d72"", ""occ_65448a95b451b656d3fc"", ""occ_656fdbf7c5cdb38a4bff"", ""occ_66f8f0aadf28b5fce193"", ""occ_67052b49466535c8ac31"", ""occ_6978a0c5e702aeaad6d7"", ""occ_6b0e0bc6b2311eeb500d"", ""occ_6bf78072b552b1b903ad"", ""occ_6ed0dc846d6694258e03"", ""occ_6fef87d90d45fd21f1f4"", ""occ_7067d44d12b95cd21d5c"", ""occ_70ba585e014093b87d2b"", ""occ_70e5d6a0782b2e8a5f06"", ""occ_7206be376de269fe3ed7"", ""occ_7320a0bbc54629d36d6b"", ""occ_7489f02a9675998241c3"", ""occ_74dbea624ffc95b909a2"", ""occ_7812469b082da9fc3bb2"", ""occ_7931eb8070eead6e911f"", ""occ_7a4c8b9d7040443bafa8"", ""occ_7a700841e420a885dc94"", ""occ_7a933de31af4cf899737"", ""occ_7c2f3acbe5f2ed2ca59f"", ""occ_7ce29acd27b980f7a342"", ""occ_7e2b425ed14da8f73ee8"", ""occ_7f3baa557108534ce1ef"", ""occ_822145d030624fcb8bb7"", ""occ_8231934c4645852818c1"", ""occ_82badf2cf0b0e02e6a24"", ""occ_82f5570ffc892b6b0e20"", ""occ_84079899421df16bc3da"", ""occ_849b38ad67bcf00e1ccd"", ""occ_8568aaeb35edfe72a90c"", ""occ_8760474fa74557ca7b27"", ""occ_888452e36ddfec512960"", ""occ_8c70e5b31b5afa35de64"", ""occ_8d86f0a15770035f31da"", ""occ_8dafca81785895eadbbb"", ""occ_8f3eab0aa599b991c7bb"", ""occ_8f87a33c5fd6ca8b50bf"", ""occ_8fbd0afd115008750a71"", ""occ_9157f16b8e4a5bb67705"", ""occ_91b37fcde8392633fcd6"", ""occ_92da3e8836d3789e94b8"", ""occ_93d5a44f82e5e16c1c89"", ""occ_97997dadc47b79e5df14"", ""occ_99327bbb3e2ac6c38e8a"", ""occ_9b39aa865618d5cacc9e"", ""occ_9c47761cc672e1261537"", ""occ_9c9fc83b05328ac95c99"", ""occ_9dca84fe96f3cb8d6b9a"", ""occ_9dea5289145b5a034bb3"", ""occ_9e07f82ce96948b47e32"", ""occ_9e8b1916e527c71298eb"", ""occ_a10825b9edacf2102bf8"", ""occ_a218c2c66065aee64c5e"", ""occ_a69a50cd8aefe22b3257"", ""occ_a7527ce1e1cad33d395b"", ""occ_a82d150e93ee45988245"", ""occ_a9a33e4001b38963207b"", ""occ_abed08e3776bdae319fe"", ""occ_ac8a245c3cc6bbe0e11f"", ""occ_accb06ffe6d013f82162"", ""occ_af4d911864995452f391"", ""occ_b018a7bf15d6207e6ad9"", ""occ_b0969b0ac1fdc972444a"", ""occ_b3266febb8f540365d75"", ""occ_b56e699a8d5b1e3d475e"", ""occ_b6aeac966c0ace0daccc"", ""occ_b7b4d35537d34bb2c8b3"", ""occ_b81d8d9ea634029c2d08"", ""occ_b839e72089a7ce12f5b6"", ""occ_b85492b1f3da09a9c1cb"", ""occ_b8ac847676c4c87e0542"", ""occ_b9282bfa603d96cddf6e"", ""occ_b9a9014c0036046b9c7f"", ""occ_b9b95bfe23f2b78e23fc"", ""occ_bceca4f711d30db5ece4"", ""occ_bd2f51b43336d44fde9e"", ""occ_bd3f0947acde8b8482dc"", ""occ_bd94edd0800f45b09859"", ""occ_bf9743f0df14ecd4f319"", ""occ_bfa9977cab376ff3f782"", ""occ_c010063bae9d8bb66ac8"", ""occ_c0dc53ca6e8facbe2070"", ""occ_c165d63bf2235dc87b43"", ""occ_c17596137cd1a74e24e4"", ""occ_c21a3755836f7f815b7a"", ""occ_c2f6bd404c698bcaeae9"", ""occ_c2fd9546a14ad69550b9"", ""occ_c457d2afd76fb37d9ef3"", ""occ_c58a0f3d49c5e2d0a7ab"", ""occ_c643b48b78135689261e"", ""occ_c64dc312354790f443cd"", ""occ_c65d5660fea4065b659c"", ""occ_c6adea74321faae96b0a"", ""occ_c7a55e140be1e79b8889"", ""occ_c959681522d8f9978cbf"", ""occ_caec951f103c07007d75"", ""occ_cce96b1fdc4a5504821d"", ""occ_ce882a9c3e208ee7679e"", ""occ_cf1ba391f10502eb1ee8"", ""occ_cfccabc49c3532f51702"", ""occ_d142968f1a157517e616"", ""occ_d216b34308a93816fe29"", ""occ_d21f691ea6dbf7d6cb62"", ""occ_d4eaa173e2f744ffe93c"", ""occ_d647a95b80e589014a7d"", ""occ_d8aae510823ebc0a1cf4"", ""occ_d8ed7d11dddd7cd08bf9"", ""occ_df4ddc586a44c0811d56"", ""occ_dfadbc62afaeb69c6588"", ""occ_e33ef8101036d23f1d70"", ""occ_e44ed433c3a825fa05b4"", ""occ_e630d3b9965d1b163032"", ""occ_e6f29da84f695457d99f"", ""occ_e7fb89ccfca034245bbf"", ""occ_e81630180a8cfa841aee"", ""occ_e8464c06e919aec579d1"", ""occ_ea6f8ea04a20c4656094"", ""occ_eaaa732ffa6fd41f3907"", ""occ_eaabf82870bfc81bcb5c"", ""occ_eb32e06de3fd75bde8cc"", ""occ_eb3da674d1a6c7c3e614"", ""occ_eb83e48a4d2445b64c6d"", ""occ_ebba3cbc5c71603b6048"", ""occ_ec84f873d3ddd50fcf5d"", ""occ_ee0fd989bfbb9564c064"", ""occ_ee9b1e20db6368f0abc4"", ""occ_f542149b7c094654a1cd"", ""occ_f74f3b418f32b401a09c"", ""occ_f7fd0a9b954ddcb4974e"", ""occ_f86c689b98ad10eb9bd0"", ""occ_fcbe9acdc3d724404e02"", ""occ_fd9012f4d907589f5582"", ""occ_fdfe3fe214d239d40d19"", ""occ_ff97a4d92a59db1276c1"", ""occ_ffc95061b8a2b6e982d8""]",run_1f27e7f7434a9d682f85
term_782fd49825f46d4558ca,Net Lending/Borrowing (current and capital account),measure,0.7893949907539788,semantic-hybrid,False,semantic centroid/neighbor measure fallback,"[""occ_8b78a3c6b8f915da4d19""]",run_1f27e7f7434a9d682f85
term_c0a11c11528f5fec2584,Net Lending/Borrowing (current and capital account) - annual data,measure,0.7787505620663683,semantic-hybrid,False,semantic centroid/neighbor measure fallback,"[""occ_3109c13a234a92fbf504""]",run_1f27e7f7434a9d682f85
term_c37adfd759e8659167ff,Net liabilities (liabilities minus assets),measure,0.7854843272569338,semantic-hybrid,False,semantic centroid/neighbor measure fallback,"[""occ_0185cd18a8ef4ede0247"", ""occ_067bf5ef990db451485f"", ""occ_0aa0af0c444a4c4e1a78"", ""occ_0e465bf70e8528a877bd"", ""occ_0ef3ab3e4e7953dac3a8"", ""occ_137bbd08ed1ae372c6e2"", ""occ_1393104d72ad724b64b9"", ""occ_1a96936ebbf5b655bca4"", ""occ_1e9ccd27366023b1cc79"", ""occ_24736629b0a944c33e51"", ""occ_257537c0c54ae211ae9d"", ""occ_360cafba9eb8cae45fde"", ""occ_39072bfce94de33723b1"", ""occ_3c214faf478a56720419"", ""occ_3e747a8bd5d742611433"", ""occ_3ec83cf886348b41f2a7"", ""occ_431b1bf440ac6902e47e"", ""occ_4414165da55e4cdb9c89"", ""occ_449a16dc657045bcad13"", ""occ_45e0de29644b40daaa5d"", ""occ_4764413fa53e1ec430ae"", ""occ_4acc8600e6080d70882b"", ""occ_4f84285f34171900ab03"", ""occ_5132c376936c8a435241"", ""occ_523b15dfa0465b2b172a"", ""occ_5481ba07307dc316c455"", ""occ_5c3bd6eca535e6e88836"", ""occ_5f423a6b3f2bbf8aa420"", ""occ_6555e72914f8a40c0a1a"", ""occ_7687c99efb1e8a42b408"", ""occ_785859f61e2cafae155d"", ""occ_79e6fbc13da29fc39f72"", ""occ_7cef35d1ea729f1b38ea"", ""occ_86f7e4953e428ff6c973"", ""occ_8a9097d0f35f993bc959"", ""occ_90802aa896536b4f564d"", ""occ_94cc2e2bf62696e10586"", ""occ_9b554c78d7b4e81aa238"", ""occ_a098b0b8af750b6b9f5f"", ""occ_a6a6384ffe701f988f7a"", ""occ_a76e1dbd8fffcc495c7d"", ""occ_ae9f401b6b7f224feee0"", ""occ_b3f659b0418b5a9ed990"", ""occ_b46bb0e1925b0cff3ca0"", ""occ_b9851fa324340da6b55e"", ""occ_bc80d904dc26565e1356"", ""occ_c1125ff2b90e84fe20ff"", ""occ_c39965f5c4418b5d693b"", ""occ_c4815e1795e8b71b66b6"", ""occ_ca1bed17ac42f108389c"", ""occ_d2658e70a2d641c8edcd"", ""occ_d68afe08f00a5f2671f4"", ""occ_e4e3f8129a072fccb1aa"", ""occ_e5c07d1becdab7e208da"", ""occ_f439a0f0b32d19ef171f""]",run_1f27e7f7434a9d682f85
term_2bf9f4453f3761077e8d,Net occupancy rate,measure,0.7752239250224899,semantic-hybrid,False,semantic centroid/neighbor measure fallback,"[""occ_c17f21ddc20b8824a93a"", ""occ_f2cc0314b2e5f9b3d5b5""]",run_1f27e7f7434a9d682f85
term_9d9561a47f07d415fa7c,Net occupancy rate of,measure,0.7678331398422844,semantic-hybrid,False,semantic centroid/neighbor measure fallback,"[""occ_7913e8ee13d1fe111320"", ""occ_b779125d7825619d4b0a""]",run_1f27e7f7434a9d682f85
term_e3b324ed4f0fd4c11f17,Net remuneration in nominal terms / real terms,measure,0.8116882339207477,semantic-hybrid,False,semantic centroid/neighbor measure fallback,"[""occ_00282ed127ea8396fe27"", ""occ_01751b830331dbbe8d1b"", ""occ_048cf57e95abe3944508"", ""occ_0627e568a95f52d79bd4"", ""occ_0630430afada75cb9e73"", ""occ_06bb046dd482e6f3925d"", ""occ_0737363c890ed876bf2b"", ""occ_077a4fcafa961d3ffd80"", ""occ_09521896ceec5cf39a94"", ""occ_0d1aecd7216fa3fedfb8"", ""occ_106eb19e020cb440652a"", ""occ_10b57a0345b89949310a"", ""occ_10cb4300fb6d2e41e673"", ""occ_13148d5cfe4a069ac27f"", ""occ_1501bf1c3c70166a93d6"", ""occ_15402c3620408f5435cd"", ""occ_18181e6472d97268e8de"", ""occ_188ac05a94fc6d1ddb4e"", ""occ_196e3c965e848d12abdd"", ""occ_1ea408672866d813eb70"", ""occ_1fa80997abba2f16dbcc"", ""occ_26bedeeefb60e0e6db25"", ""occ_296c9c65e64ad7dc52e1"", ""occ_2a886014d8971c6183ec"", ""occ_2aa9157b11ca14c14673"", ""occ_2bfc3977a0bc39f9b9f9"", ""occ_30e530aa7f27f0e55253"", ""occ_33182a6b019ddc7ec80d"", ""occ_34c5f01973e79c0bedc5"", ""occ_373bdc8acabe27c4b10c"", ""occ_3d82a92155ac65708972"", ""occ_3f18230ca237f42465cf"", ""occ_3f8683603d48e9993b79"", ""occ_464c4bb685efb8f8f616"", ""occ_46d6cd0e3d51cd4d171b"", ""occ_485cf98e395e90219a91"", ""occ_4b37839e5a6bbe5a4787"", ""occ_4d3e8cc39f9617fa0ee1"", ""occ_4d8131879dae2cb46bc7"", ""occ_516a8f17861ef79ced95"", ""occ_51d666b322cf9cd31ac5"", ""occ_520e00dee8b7b59364e5"", ""occ_53b8c436ac3b54bd14af"", ""occ_59092fe19add51bf3b6f"", ""occ_5ad3e47a74b3dce80319"", ""occ_5aeb5c55b4720d579deb"", ""occ_5b4053e11436e7c7d5c6"", ""occ_5b58600a773c334bd7ca"", ""occ_5b74624acc5c37751e90"", ""occ_5b8def2c7fe324db8965"", ""occ_5ba2c67fd08fbd5bbbdb"", ""occ_5dea950f1d8a156d568a"", ""occ_5e3016384d2487ff7180"", ""occ_628a89f628e69be3af7c"", ""occ_6337b7d150da0533241d"", ""occ_661c401821cc65f55d9c"", ""occ_680ec67e53e4fd959271"", ""occ_69aa009cf131a39c0e1f"", ""occ_6c98c65b7e51904c8f0e"", ""occ_7275533b3d55b1131c99"", ""occ_72f4c160a932fa690e47"", ""occ_73fe86dd0a5eea9f87c7"", ""occ_7433f51006e6a3f53da3"", ""occ_7897d12ab897afee3f43"", ""occ_7c5b31bf11b132d89516"", ""occ_7cc968b3c577062f8f96"", ""occ_7e9066c88b94efa1f362"", ""occ_7eee48284839d47096db"", ""occ_824815b0a3ae41a8ad72"", ""occ_8295060ccf16436c4d70"", ""occ_86e36e122cda1514cee5"", ""occ_87857658cc34a1bd6a0d"", ""occ_898297985a3ebf4a1eed"", ""occ_8a0343c12217345a806f"", ""occ_8ac2ce77b2df4f2ed456"", ""occ_8bf475e2c9eb10326724"", ""occ_8e65b6b2c295601b03cc"", ""occ_8e9e22edd4982599f3aa"", ""occ_8ea03c98f65783604fd5"", ""occ_8ec3b7541779366397a2"", ""occ_93281535edab8ae77cf8"", ""occ_9358c579e412f7b017eb"", ""occ_945272147864499bebcf"", ""occ_959c6fb4f2da5fc84bee"", ""occ_962a5b763bca90a3894b"", ""occ_9971e2d218f1ac339a6a"", ""occ_997eb8474b3693764f24"", ""occ_99f56c27e65e19be0058"", ""occ_9c04acfed01007b0f4e4"", ""occ_9e8f8301ea1807372da8"", ""occ_a0e3a30422771d27b9c7"", ""occ_a1c105ebba3bd40f32c0"", ""occ_a2837300ff08d3100f53"", ""occ_a488299d9f667b0fe3e9"", ""occ_a84f75b524811b3d1081"", ""occ_a8a9ab980d302368eb58"", ""occ_ae5d20534b5082c08a51"", ""occ_af85ed76d201c894d6be"", ""occ_b29fdab9c8e5b4a1cefc"", ""occ_b41de2263712821be82a"", ""occ_b5bf81a574aa4e92f15b"", ""occ_b6224d5fe767b749eb36"", ""occ_b63794e719f19677c13d"", ""occ_b6daa964a35308bb851f"", ""occ_b9c516845f697a29bff6"", ""occ_bb82a158de3a2fd6ca78"", ""occ_bc2a3901a1ba476c0fe3"", ""occ_bc2d71d1b6ec1058a8b1"", ""occ_bc5253af3a194189f324"", ""occ_bd22c6b52b3395a8beb6"", ""occ_be020a6db11675babfa3"", ""occ_be1d06b6fb4e147468f0"", ""occ_c52d6deefada971bc594"", ""occ_c558ce7e407d20d1c85f"", ""occ_c5a1a391d554a30b856d"", ""occ_c97db66a44f75c6e4a4d"", ""occ_cae7159ddec6f8191a27"", ""occ_cc39ba233a9f0d6dbfa9"", ""occ_cc897818166ec800d998"", ""occ_cd4a9c6be2fb0a602af9"", ""occ_cf2c874b6d7ad2d695e4"", ""occ_d2d62830188c73b328a7"", ""occ_d62b815d746926086197"", ""occ_db55b4437a11883e55aa"", ""occ_dc4c6af3087a7a6db218"", ""occ_dc79b49e677676052000"", ""occ_de56507f8981bb0c0cd4"", ""occ_dffd331eb5d5d6e90458"", ""occ_e08462ff533cd295224e"", ""occ_e34ba0365136ae1f23b8"", ""occ_e51f69fb2f2df047c773"", ""occ_e6e18b7c76d2d7e2a617"", ""occ_e90fa6fad604b1f3d7af"", ""occ_ea47a148a81f3ca6aea9"", ""occ_ebcb09924ef84e7c8b24"", ""occ_ec62884a283b1df29c77"", ""occ_ec633e2f92eb26a49111"", ""occ_eddac4b811f60a12d571"", ""occ_ee6ca8fa826afdb5ca0e"", ""occ_ef695ced29b299a355a6"", ""occ_f04064bfd3cad1b47b2b"", ""occ_f5fc2052f376b5c48432"", ""occ_f633274fd8f0b59fe98b"", ""occ_f684933709447fd38d1b"", ""occ_f69270004ef2d2ec2aca"", ""occ_f81ad14dbb53cbc6e14d"", ""occ_f8984e068461b800c2bf"", ""occ_f995f689ed56f3ed5081"", ""occ_fcf6178c9ccf1d7dc0a5"", ""occ_fd85f2e6e3c27cb55d28"", ""occ_fe59c6cc94ae8cde8045"", ""occ_fecd804e3d726a7ae61c""]",run_1f27e7f7434a9d682f85
term_328d20a1e7038fca8192,"Net social contributions, revenue",measure,0.7662819066270888,semantic-hybrid,False,semantic centroid/neighbor measure fallback,"[""occ_0ecdd2240eeae18fc60b""]",run_1f27e7f7434a9d682f85
term_895c550b60e4a6b50ad4,Net trade balance of energy products,measure,0.7677601502861334,semantic-hybrid,False,semantic centroid/neighbor measure fallback,"[""occ_76f2ccb5954f6f5107c5""]",run_1f27e7f7434a9d682f85
term_06536802769bc978a649,Net trade balance of energy products - % of GDP,measure,0.88,semantic-hybrid,True,title evidence with measure lexical cue,"[""occ_86fd6702fbcc5183e3ff""]",run_1f27e7f7434a9d682f85
term_a233a29921c690953c2a,Nominal labour productivity per person,measure,0.7967169161292522,semantic-hybrid,False,semantic centroid/neighbor measure fallback,"[""occ_01582100c921e39a4d3a"", ""occ_037248ea71951f517ec8"", ""occ_0527d72aefbc79297ba9"", ""occ_055631d345411d4aaa75"", ""occ_07d63eddf3c9df0fb8a7"", ""occ_0bc96a40d06d112ec62a"", ""occ_0cc2e812da5f359d7c5b"", ""occ_0dc09e3d9891fe84fff4"", ""occ_1244ca25e1e01d84981d"", ""occ_12b86a861b2d0eea57c3"", ""occ_13c7ccbde5bed1dd2447"", ""occ_154b816240e1917d8b45"", ""occ_19af4273c7af70a5df21"", ""occ_1bad89b3a5fa19db6bc5"", ""occ_270a31aa6d0e0248430c"", ""occ_2d68600595bd590fc007"", ""occ_3048b1363157a6a3826f"", ""occ_316c78cbf1ae296d6807"", ""occ_37b77a3d6f0fc5176d24"", ""occ_3df290e1b9c293486786"", ""occ_40206e129a96b5ff3114"", ""occ_419d950feb33e5251551"", ""occ_460f782e260f30de1a7f"", ""occ_4a3b9c365bc65169eac1"", ""occ_4a3e6009dbab5d893a4a"", ""occ_56932d9b5a662b29f334"", ""occ_5bad136e66bf312f6750"", ""occ_5cfa59650b13adcf2cb2"", ""occ_5d0b098e6c8e0f2c62dd"", ""occ_5d4908a5badd48e97729"", ""occ_66e9d7dafc6087c31c6c"", ""occ_74e12e145877ca73ea44"", ""occ_7d899546c49a827b8559"", ""occ_82ef67ad9c4a9f9a4872"", ""occ_8608f726c2e3465902e3"", ""occ_8b71f1eeb125465bef8a"", ""occ_90b007a67fbc71d07662"", ""occ_91ad2a2af47258d06545"", ""occ_93b7f559b80af098f1cc"", ""occ_93c6fd5ca7771ff82b13"", ""occ_996243954f8c9a73ad72"", ""occ_997b22b9f15a07317ff1"", ""occ_a1af79eec57d3a65ba25"", ""occ_a7b2bbf0a3df73421d86"", ""occ_a9782761ac77d8fae041"", ""occ_adc14150e7690dc845af"", ""occ_b0c38cf5ed9a2a57940a"", ""occ_b1c4aaea60be851faa59"", ""occ_c5b710e8ba6e2f1e7e2b"", ""occ_cdc9036153b3a8a028d8"", ""occ_cdddf667b9c84b6a7f55"", ""occ_ce072ed7c7a47374a352"", ""occ_d1a45af132281b3f4272"", ""occ_d75f90a4b859f6488c60"", ""occ_d7d1f82d2630d0cceac8"", ""occ_db7b4b39759dcef8099b"", ""occ_dcafcf3ebf4ba711f921"", ""occ_dff68592834e5b93c42a"", ""occ_e85db7335615904d221a"", ""occ_ec0e58b38144bebe37de"", ""occ_edd0c8b608acd2c54b69"", ""occ_ee2d3c24118cde61a290"", ""occ_f3f76828d3b6d9af234f"", ""occ_fa3fe1ca0b08d87f862b"", ""occ_fe7cf2eeaf403708165d"", ""occ_fea9a62b2425b00c4064""]",run_1f27e7f7434a9d682f85
term_3fa3e3c07ff9cbd2baf9,Nominal labour productivity per person employed,measure,0.7977516726284767,semantic-hybrid,False,semantic centroid/neighbor measure fallback,"[""occ_4497533a7bdaed2852fa""]",run_1f27e7f7434a9d682f85
term_bdc10b08b6773785e230,Nominal unit labour cost based on hours worked,measure,0.7808962133926824,semantic-hybrid,False,semantic centroid/neighbor measure fallback,"[""occ_00ac5657bb41b5df442a"", ""occ_015b989ed853ec28803b"", ""occ_03574c799adea399c68e"", ""occ_0370db0571d3ba4ccecc"", ""occ_04816031187d83d48799"", ""occ_04888218791dc1c231d4"", ""occ_0568a90a8aadaa9593f6"", ""occ_05e6b428da2e0045a0c3"", ""occ_060bcc9c5a7b5324e092"", ""occ_069b329c400cf85d1639"", ""occ_0a069834c37acb9e4ac7"", ""occ_0abc4bfe48518fe7b974"", ""occ_0c51c50e3ffe490df4b0"", ""occ_0c699b44a1c9e8aa7997"", ""occ_0c721b5783f6dc2050ae"", ""occ_0cfa81531eb78df4cab5"", ""occ_0df5ea61751ea68b8692"", ""occ_0dfd80512e0da183af51"", ""occ_0e66a84312cedc7f8c7c"", ""occ_0ea88e7412bfbc47fb72"", ""occ_0f99689fc3078967beca"", ""occ_0fc50d8512d900c2d5bc"", ""occ_151fdfd5881a626d2488"", ""occ_153490d40f0bd72b362b"", ""occ_156bcfa7d8c09c2484b8"", ""occ_15c32bbf6589591d50ff"", ""occ_16f46523a0a16c5e37c0"", ""occ_1732e1ad5e410ca25f22"", ""occ_177dd8221e264e6dbb7b"", ""occ_17b043d5663b9c027143"", ""occ_17f6ca2d41bb731520ef"", ""occ_1a5c27f8e35e837839ea"", ""occ_1b936ecfa84039e582f2"", ""occ_1bd1d3c18c710db6c482"", ""occ_1ed9f1efae3fc2f04836"", ""occ_1ef8a3b2e3d83258d56d"", ""occ_2111e0138fdf97523a94"", ""occ_21b4df6704312a36d54b"", ""occ_21d70ebe85c98818bf3f"", ""occ_2320dce030e84aa7871c"", ""occ_254a8828992c2cd39ca1"", ""occ_25b595e293e97cc5dcab"", ""occ_260194721e07bd1d1df0"", ""occ_2e1aab69f45dab45d9f5"", ""occ_2e7082cb4b9bb3819031"", ""occ_2e78a3cf4b00a6e2c193"", ""occ_2f4838324895663161e0"", ""occ_30152b3c8887f0211329"", ""occ_31447b605cd43cc8f080"", ""occ_331c27354c128c55d746"", ""occ_35ca2f446863bc3dc8b7"", ""occ_361967ea97cdbcae09b7"", ""occ_38531c9394b46485b420"", ""occ_3b8faa37ef56cdff92b1"", ""occ_3c40bb68076e32a5600b"", ""occ_3d5afc5bf15dbb3ea5c1"", ""occ_3e4abce5b3afa41adc23"", ""occ_43a4b3b1ff1e0e752d39"", ""occ_43c94e1f477fd62af9af"", ""occ_43fe8743c5fee64de970"", ""occ_4478810257d7e00bdc69"", ""occ_4677e604968cfd88af92"", ""occ_48178d6b2f166e25e127"", ""occ_48fa1e191106e4d25065"", ""occ_4b52521b5e4e0bdebb65"", ""occ_4cad5638b7290875537c"", ""occ_4cba9472b78c9516e155"", ""occ_4d70a9cb60e54185cf5a"", ""occ_4ee5f22079c845b31756"", ""occ_4f20cb9c762444183afd"", ""occ_5100675d0e66ea269f23"", ""occ_51cb1ebfa7bd7dbc1fe3"", ""occ_532336c17378ff7dcc38"", ""occ_532f476198d0f293b7fa"", ""occ_54a36276b796a36b8ee6"", ""occ_54fd67129ab7af1f1628"", ""occ_57b921cafac0526be815"", ""occ_5840eb6aec828739aa86"", ""occ_5a3bf3b07effded6e9c4"", ""occ_5a99fb1e9954daaefeeb"", ""occ_5b4be2afe9d4b844f83b"", ""occ_5b834106a4a4ae7c2e03"", ""occ_5f063244f59b4f0de071"", ""occ_6081d76ab861a8ac7c9e"", ""occ_6189d4947b676a71fcef"", ""occ_63983a222f58507f46ae"", ""occ_639da413cfaa63dcf8b8"", ""occ_662225b84c5b487ba4ca"", ""occ_66f9e248fbf039e0aa02"", ""occ_670325132220b9f58650"", ""occ_68b254b60a2959e9bab9"", ""occ_69fa2abcea10b5aac323"", ""occ_6a19a2fbedb4d4b760fc"", ""occ_6a3e3444861df351454c"", ""occ_6a5f4569720457814fb7"", ""occ_6b3f15ad41c98810b204"", ""occ_6f869093e399e99f9873"", ""occ_6fd6bfffb6beb828fe16"", ""occ_70a7cd69b5cab49a4a45"", ""occ_70cf5e32f5b963560e12"", ""occ_7286bfefcc6368782676"", ""occ_742b44359e638abbb5ac"", ""occ_78090e8b6fa1a89a9f3c"", ""occ_78aae7ec7b520fe09156"", ""occ_7932d66d29801f33e61e"", ""occ_795252434077a2890336"", ""occ_79608ca99677cc0e2f1c"", ""occ_7ba01ca5fca994078c3e"", ""occ_7c1da5bdc56e0abba137"", ""occ_7cdc259d3c36b799ddd2"", ""occ_7d780ca04fe00a56d0c8"", ""occ_7e0602ee3261a778a1f9"", ""occ_8399ed87998493226a36"", ""occ_83ee2686c0869d40740a"", ""occ_8660caae042e9cbc27c7"", ""occ_8679281484cb000f380a"", ""occ_8689ae927343151c2068"", ""occ_871187fc6d6f0f5a93e4"", ""occ_87b08220a390de097822"", ""occ_89469b0836dbd90de17f"", ""occ_8982f8ce52752d6d7e7e"", ""occ_8ab6505aa69b9e1e5e80"", ""occ_8b84b20fe627661a124f"", ""occ_8cf54abbf50182ace19d"", ""occ_8d5f492f408222c104af"", ""occ_8f4fd8193a30ed023ca8"", ""occ_8fe41bb109ba7d7e7c75"", ""occ_9165693cf996786b8525"", ""occ_957bcd9a35ec7903279e"", ""occ_96278e145a927ef2e552"", ""occ_99d4b8b128f7957cc973"", ""occ_9bbb42306a210083093d"", ""occ_9d3c5f71bfcb7670c0e1"", ""occ_a19e565a98c4ab3913e5"", ""occ_a5fc809bf8f4dee3abb8"", ""occ_a6516661b4ee7cf33d28"", ""occ_a74a9dd6856f154d565b"", ""occ_aa5eaa56ec8b40e768ac"", ""occ_aa7389a6c7f507bc4e9a"", ""occ_adbefc1ad7aece146c47"", ""occ_b022bbbb043a4c6af253"", ""occ_b037977a823078a80b27"", ""occ_b0c8ea43968cfafc1f40"", ""occ_b36ea986a9311868a1a8"", ""occ_b421e440970b57d69e7f"", ""occ_b557592672be065b36d6"", ""occ_b67288c3575a7fd8df18"", ""occ_b86a246aa02d2bfde3ba"", ""occ_b8ad1f5fa4ff6b6c2e8a"", ""occ_ba583b477de81b4d8d6a"", ""occ_bbbf00ba3d15783d5ecf"", ""occ_bc260d4ee57f38fd2718"", ""occ_bd12e5be77a255ad6923"", ""occ_be32b3d81e695a5dc94d"", ""occ_c0f9b201186f59a515e4"", ""occ_c10f0323ab8d7c41c295"", ""occ_c1e7646f8dcc2da2cf45"", ""occ_c317a59a76d0c2f47cf3"", ""occ_c3f658814e9fcab5355f"", ""occ_c4869d5aa2d3b6869692"", ""occ_c51147265e9cc45224b0"", ""occ_c515dac3e146d30e9e10"", ""occ_c5c651800210e216d4c7"", ""occ_c6febffa70803c048967"", ""occ_c7d72ee95e892c433fd5"", ""occ_c874353b841ec679bdca"", ""occ_ce29481c178badf3b887"", ""occ_cf51ea8ce14ec99fd54f"", ""occ_cf8361666a3b3002e44f"", ""occ_d08493ea873a00ed2b1b"", ""occ_d0d720b82791129420c1"", ""occ_d3cd382f3c73334f718f"", ""occ_d5428d4054c7cbf8e5ed"", ""occ_d5f9a2e58a379669b717"", ""occ_d69146d93213b3920875"", ""occ_d7e5317c6335b7aded04"", ""occ_d878738a531507fb88f1"", ""occ_d9142ca828c3b7db7130"", ""occ_da3c53f75ed70bd49887"", ""occ_da693a998740fb064e6f"", ""occ_da83a6e49a38b079b5f1"", ""occ_dcff273661830539e413"", ""occ_ddc9ff036401f0926d0a"", ""occ_de0a9f0f59d863c7fbf5"", ""occ_de18a19c1be52d0ed453"", ""occ_de78117b2cccfd721ee4"", ""occ_e26c8f0a9bb7fd0a0cca"", ""occ_e3a6017f7a3a875f1eb6"", ""occ_e3d93810c8c7587045c7"", ""occ_e605efee722a989319da"", ""occ_e8438c8f72096f9f96d5"", ""occ_ec35d5e15e8cf50bae0e"", ""occ_ec6dc740961849fe73f2"", ""occ_edbb3e50dbd57fd66c30"", ""occ_ef2a564df3d2066d4773"", ""occ_f255fd51ffb172f3a80b"", ""occ_f3d72b6b23c84efaf7ac"", ""occ_f46ae4a7c7c4b4f0aead"", ""occ_f5daddde61ef910dc24b"", ""occ_f6cae45a5e2659deef4f"", ""occ_f752b713de2237eaf479"", ""occ_fa5008a86da0a45bdb3a"", ""occ_fed7d66436ad5572a24a""]",run_1f27e7f7434a9d682f85
term_61e929acd34d034a9728,Nominal unit labour cost based on persons,measure,0.8026723512044824,semantic-hybrid,False,semantic centroid/neighbor measure fallback,"[""occ_0251f1a67f541a01e860"", ""occ_04082e6af51895385eff"", ""occ_0d146843ff904d7a0ab6"", ""occ_1bb966aad18e91ac92c6"", ""occ_267e8174ae6f93ca1218"", ""occ_2d24cab47e82b87d634f"", ""occ_357117f9e7b348d9e614"", ""occ_379fb67f93049fb65f91"", ""occ_39e026d2938a1ceda95c"", ""occ_3fe374e83aa2a13b9b58"", ""occ_428e333a50891eb7edf4"", ""occ_51b755ef7d37c0feb8b0"", ""occ_539fdd43a1468db38bea"", ""occ_58fcb078d80a1bf57f79"", ""occ_598fdebdd86e11b56786"", ""occ_5a66c9799c5a13f75779"", ""occ_706463e28486bd1e1384"", ""occ_7306b641016dde15a617"", ""occ_7684a5852cfd1603ccf6"", ""occ_78b6beb0d05aa33df0ac"", ""occ_7a27d92fa0561ef9388b"", ""occ_7fd1dc60f07eb255b604"", ""occ_81a6415fc346be44c34a"", ""occ_863e63a9e093c8b99749"", ""occ_910a706bf30c6ac86cde"", ""occ_959c4ae40953053fb868"", ""occ_975550910cfc100821a3"", ""occ_9bc66588e060b47e8a50"", ""occ_a53c93a7c1af4d5f0add"", ""occ_aec0befb0f7cf3d7bf34"", ""occ_c83a9fa850ee52341d41"", ""occ_ccd09bf09c6479db3673"", ""occ_d8a97f777220abe6ad12"", ""occ_e6e89f6d5772bf00f0bd"", ""occ_ee15b727baf20e9adc42"", ""occ_fefb5a1d34da2fe7d005""]",run_1f27e7f7434a9d682f85
term_573d2bb6014d5ec1ca2f,Nominal unit labour cost growth,measure,0.7864732692608686,semantic-hybrid,False,semantic centroid/neighbor measure fallback,"[""occ_5a5cf4d5a1cc73b3d554"", ""occ_6405cd6e7b815bdd5d9d""]",run_1f27e7f7434a9d682f85
term_9dd5837c0cb6fabc0373,Nominal unit labour cost growth - ENP-East countries,measure,0.7978741906872823,semantic-hybrid,False,semantic centroid/neighbor measure fallback,"[""occ_f306ff08bedab580f02a""]",run_1f27e7f7434a9d682f85
term_cfdc945fe1cdf450011e,Nominal unit labour cost per hour worked,measure,0.766615551891083,semantic-hybrid,False,semantic centroid/neighbor measure fallback,"[""occ_0f6c21af27ba50d9c4e3"", ""occ_811f4a2c8c3bb95bcae1""]",run_1f27e7f7434a9d682f85
term_a4c8cf545d7af29ef214,"Nominal wage index, ( A+B ) (index)",measure,0.7967092013238104,semantic-hybrid,False,semantic centroid/neighbor measure fallback,"[""occ_2bf73f66fbbe7a72e2a6"", ""occ_ebe076401f8695bf83b7""]",run_1f27e7f7434a9d682f85
term_e60d689794bc13d56b38,"Nominal wage index, ( D+E ) (index)",measure,0.8025677502780788,semantic-hybrid,False,semantic centroid/neighbor measure fallback,"[""occ_1cbe234b8f6cbfda7ca4"", ""occ_268dc39e0d9918ea2912""]",run_1f27e7f7434a9d682f85
term_5312019549de4b6d421d,"Nominal wage index, ( H+J+K ) (index)",measure,0.7980378162772587,semantic-hybrid,False,semantic centroid/neighbor measure fallback,"[""occ_35898c5d86aeda721568"", ""occ_49c2ce8887485bd2d4fc""]",run_1f27e7f7434a9d682f85
term_7c6409813183e1013a88,"Nominal wage index, ( L+M+N+O ) (index)",measure,0.7930376442268927,semantic-hybrid,False,semantic centroid/neighbor measure fallback,"[""occ_23692abd727d1fc3d3d6"", ""occ_c17716b43a8f4adfc9a9""]",run_1f27e7f7434a9d682f85
term_fdc6d69ade8537f5bcac,non-consolidated - % of GDP,measure,0.88,semantic-hybrid,True,title evidence with measure lexical cue,"[""occ_789add9f15af3ab6f8a6"", ""occ_96a3fd09b7177624aa25"", ""occ_a78fb21f4f4068851273"", ""occ_df9cb3d99fcf8282189f""]",run_1f27e7f7434a9d682f85
term_91f9e49c88c8dcb6bcde,non-defaultable instruments - % of GDP,measure,0.88,semantic-hybrid,True,title evidence with measure lexical cue,"[""occ_710e0465eb474b78b975""]",run_1f27e7f7434a9d682f85
term_5cb1785dd3f1be3b9d22,"Non-financial corporations debt, consolidated - % of GDP",measure,0.88,semantic-hybrid,True,title evidence with measure lexical cue,"[""occ_91c60b45605191127e95""]",run_1f27e7f7434a9d682f85
term_4a3ed11b3dd16242d215,Non-household consumption volumes of electricity by consumption bands,measure,0.7795360933155164,semantic-hybrid,False,semantic centroid/neighbor measure fallback,"[""occ_04d9a0640225d7fbfdad""]",run_1f27e7f7434a9d682f85
term_0a5e4b3cdcecd942446d,Non-household consumption volumes of gas by consumption bands,measure,0.781113007331862,semantic-hybrid,False,semantic centroid/neighbor measure fallback,"[""occ_3b92e36ab8a3d17e1c6e""]",run_1f27e7f7434a9d682f85
term_6e98ec4873b72e02d420,non-housing bills by income,measure,0.88,semantic-hybrid,True,title evidence with measure lexical cue,"[""occ_0d1930d55b711e8296dc""]",run_1f27e7f7434a9d682f85
term_7d1e3f75d65c35f61e64,non-housing bills by income quintile,measure,0.88,semantic-hybrid,True,title evidence with measure lexical cue,"[""occ_19ed64132d23bb67ff77""]",run_1f27e7f7434a9d682f85
term_a89a27a6e0b9da832ffc,"Non-market output, other",measure,0.7674258818233319,semantic-hybrid,False,semantic centroid/neighbor measure fallback,"[""occ_a42740c2e414654a8175""]",run_1f27e7f7434a9d682f85
term_263d991d45081b9fceba,"non-partner, by country of birth",measure,0.88,semantic-hybrid,True,title evidence with measure lexical cue,"[""occ_67039d7ab300b075a7d9""]",run_1f27e7f7434a9d682f85
term_82fabc023f2bc6fa3dcc,"number and index (=100), annual data",measure,0.7697555924801314,semantic-hybrid,False,semantic centroid/neighbor measure fallback,"[""occ_bf27a47653bdcfba5bdf""]",run_1f27e7f7434a9d682f85
term_e5122b2bba66f017eaa9,number and load capacity of goods transport wagons,measure,0.88,semantic-hybrid,True,title evidence with measure lexical cue,"[""occ_f7c5fa65299410fd6c93""]",run_1f27e7f7434a9d682f85
term_975f92a4a6ba860bd35f,Number of accidents at work by NACE Rev. 1.1 activity and employment status,measure,0.88,semantic-hybrid,True,title evidence with measure lexical cue,"[""occ_aa0c5c357c862ebec283""]",run_1f27e7f7434a9d682f85
term_29335b9de1a1d1e849cb,number of enterprises by size class of investments,measure,0.7635776521371578,semantic-hybrid,False,semantic centroid/neighbor measure fallback,"[""occ_663f10ce5d2b1ee6474d""]",run_1f27e7f7434a9d682f85
term_7c74fe65c86da7bdbcd9,number of enterprises by size class of members,measure,0.7647435975891864,semantic-hybrid,False,semantic centroid/neighbor measure fallback,"[""occ_b3f73833fdce61089ea8""]",run_1f27e7f7434a9d682f85
term_44182a54b9802a05ffb2,Number of enterprises carrying out cross trade by employment size class,measure,0.88,semantic-hybrid,True,title evidence with measure lexical cue,"[""occ_2d8bdefbe89e8afa21f4""]",run_1f27e7f7434a9d682f85
term_9560cd093859db0ca542,Number of enterprises carrying out cross trade by reasons for cross trade and employment size class,measure,0.88,semantic-hybrid,True,title evidence with measure lexical cue,"[""occ_d0f911b58ad096319629""]",run_1f27e7f7434a9d682f85
term_abd74cab62a22713b235,Number of enterprises carrying out cross trade by type of cross trade and employment size class,measure,0.88,semantic-hybrid,True,title evidence with measure lexical cue,"[""occ_466dd36d85b278268863""]",run_1f27e7f7434a9d682f85
term_3e83381871c5ed1e6d8f,NUTS 2 region (population,measure,0.88,semantic-hybrid,True,title evidence with measure lexical cue,"[""occ_8167fc0db4a748e37c89""]",run_1f27e7f7434a9d682f85
term_ba8249487f497995ac54,NUTS 2 region - % of the population,measure,0.88,semantic-hybrid,True,title evidence with measure lexical cue,"[""occ_0de1a4501b2a7ae9a676"", ""occ_ed2ee078c25fa95478d8""]",run_1f27e7f7434a9d682f85
term_2f25a8967fee399e3f43,NUTS 2 region - % of the population of,measure,0.88,semantic-hybrid,True,title evidence with measure lexical cue,"[""occ_1c782c5434d10c3d3767"", ""occ_67c9f6f7b59265ff3e0f""]",run_1f27e7f7434a9d682f85
term_0e0757c7dbe45cf6a1ab,NUTS 2 region - % of the population of the,measure,0.88,semantic-hybrid,True,title evidence with measure lexical cue,"[""occ_b47806267711f5fc1495"", ""occ_c837e8ec22038642c600""]",run_1f27e7f7434a9d682f85
term_46e753fdf9cdeff075cc,"Oats and spring cereal mixtures by area, production",measure,0.88,semantic-hybrid,True,title evidence with measure lexical cue,"[""occ_de5d556fbda030c0bdbc""]",run_1f27e7f7434a9d682f85
term_41e0d6bfe368e5f58f50,"Oats and spring cereal mixtures by area, production and humidity",measure,0.88,semantic-hybrid,True,title evidence with measure lexical cue,"[""occ_50089080b0ab7a3302b8""]",run_1f27e7f7434a9d682f85
term_feae880ea0af08196cbc,occupancy rate of bed-places and bedrooms,measure,0.76323150098798,semantic-hybrid,False,semantic centroid/neighbor measure fallback,"[""occ_5411801447366a685e0b"", ""occ_caf6043da8b21d723768""]",run_1f27e7f7434a9d682f85
term_fd5c1ff96894a74ae72d,occupancy rate of bed-places and bedrooms in,measure,0.7622263241289987,semantic-hybrid,False,semantic centroid/neighbor measure fallback,"[""occ_31340f5efb0d96beb887"", ""occ_69c3cce8146c91298ced""]",run_1f27e7f7434a9d682f85
term_5e7570d25f411638a16b,Occupational status attainment by job mismatch and country NO,measure,0.7796508200906788,semantic-hybrid,False,semantic centroid/neighbor measure fallback,"[""occ_0e3d0117b013e7b26678"", ""occ_0fbd7a84d203a65182e7"", ""occ_403238e0c6ec0ebcf83e"", ""occ_67e439829aaabef347c1"", ""occ_6a3c1ab1c40208e8a545"", ""occ_8cb32a67311b4327adc2"", ""occ_bc77fd41ecdbade42666"", ""occ_bf0d7fd968cae2f296a7"", ""occ_c0581ddf5761efc500fd"", ""occ_c21ca959a8479c064828"", ""occ_d68802c00ae5ae68ed73"", ""occ_e138f43467190145f493""]",run_1f27e7f7434a9d682f85
term_536037333c2e0be96dda,of 3 by sex - as % of the population,measure,0.88,semantic-hybrid,True,title evidence with measure lexical cue,"[""occ_01dc482ae7171576835c""]",run_1f27e7f7434a9d682f85
term_3eb27997ff1fbf821e23,of all employees (excluding apprentices) by employment,measure,0.88,semantic-hybrid,True,title evidence with measure lexical cue,"[""occ_1f508c9baddcc2e39ff2""]",run_1f27e7f7434a9d682f85
term_4242270a8005c064cebd,of all employees (excluding apprentices) by employment contract,measure,0.88,semantic-hybrid,True,title evidence with measure lexical cue,"[""occ_268c5a9d7d2b671e45ff""]",run_1f27e7f7434a9d682f85
term_55b6303e52622e8e5f90,of annual expenditure,measure,0.88,semantic-hybrid,True,title evidence with measure lexical cue,"[""occ_f9574a0032ba5085f934""]",run_1f27e7f7434a9d682f85
term_56949852213bbb05d0b0,of annual expenditure per,measure,0.88,semantic-hybrid,True,title evidence with measure lexical cue,"[""occ_c40ac33834554d627e2e""]",run_1f27e7f7434a9d682f85
term_c9e8ad517dd17baf66f3,of annual expenditure per student,measure,0.88,semantic-hybrid,True,title evidence with measure lexical cue,"[""occ_92fc50ca0d4dfc94e007""]",run_1f27e7f7434a9d682f85
term_28438c100b9e1ecfb1a3,of annual expenditure per student at,measure,0.88,semantic-hybrid,True,title evidence with measure lexical cue,"[""occ_6058e72a94a60b760b8c""]",run_1f27e7f7434a9d682f85
term_a3c82e3b6a69a8cb1139,of annual expenditure per student at the,measure,0.88,semantic-hybrid,True,title evidence with measure lexical cue,"[""occ_6f2373495bd406f31f31""]",run_1f27e7f7434a9d682f85
term_3fcd3d6d701166a07ba4,of annual expenditure per student at the tertiary,measure,0.88,semantic-hybrid,True,title evidence with measure lexical cue,"[""occ_1c661df829df89304d6f""]",run_1f27e7f7434a9d682f85
term_91219e31724af99b0eb6,of corresponding age population,measure,0.88,semantic-hybrid,True,title evidence with measure lexical cue,"[""occ_a13399b9568078132b62""]",run_1f27e7f7434a9d682f85
term_af49a763eab7e81b1ecf,of country of birth,measure,0.88,semantic-hybrid,True,title evidence with measure lexical cue,"[""occ_b6771c32aabd0c747024""]",run_1f27e7f7434a9d682f85
term_715f73c655a07a74f8d3,of cross trade and employment,measure,0.88,semantic-hybrid,True,title evidence with measure lexical cue,"[""occ_d86db509de4120774f43""]",run_1f27e7f7434a9d682f85
term_339c31fc94d979303341,of cross trade and employment size,measure,0.88,semantic-hybrid,True,title evidence with measure lexical cue,"[""occ_705f2d810a54447364a4""]",run_1f27e7f7434a9d682f85
term_dd760ae67ae0c1636529,of cross trade and employment size class,measure,0.88,semantic-hybrid,True,title evidence with measure lexical cue,"[""occ_7c9fd21de8d493c57288""]",run_1f27e7f7434a9d682f85
term_16488a6a677eed808c0a,of death - potential,measure,0.88,semantic-hybrid,True,title evidence with measure lexical cue,"[""occ_35d2701f73d3281c489e""]",run_1f27e7f7434a9d682f85
term_c508eda382131e83bb96,of death - potential years,measure,0.88,semantic-hybrid,True,title evidence with measure lexical cue,"[""occ_1c35cf246261a71b6eea""]",run_1f27e7f7434a9d682f85
term_3cd815c6ae038a254faf,of death - potential years of,measure,0.88,semantic-hybrid,True,title evidence with measure lexical cue,"[""occ_35a7ef385a68415e8727""]",run_1f27e7f7434a9d682f85
term_75268c5e2bb37931a427,of death - potential years of life,measure,0.88,semantic-hybrid,True,title evidence with measure lexical cue,"[""occ_82230ae4be0922188748""]",run_1f27e7f7434a9d682f85
term_e6c80f9339d77dd147f9,of death - potential years of life lost,measure,0.88,semantic-hybrid,True,title evidence with measure lexical cue,"[""occ_9d3a7b1fe2641f530063""]",run_1f27e7f7434a9d682f85
term_e82fd9f89f51cb742a80,of death - potential years of life lost by,measure,0.88,semantic-hybrid,True,title evidence with measure lexical cue,"[""occ_9f90be8ff451f5629af1""]",run_1f27e7f7434a9d682f85
term_bc533228319d2622a79d,"of death, by sex",measure,0.88,semantic-hybrid,True,title evidence with measure lexical cue,"[""occ_c495499cacac6da965dc""]",run_1f27e7f7434a9d682f85
term_ded0d564be1f69fe9f2e,of energy products - % of GDP,measure,0.88,semantic-hybrid,True,title evidence with measure lexical cue,"[""occ_5e532cf58adc993f75d7""]",run_1f27e7f7434a9d682f85
term_f0e0d196b7008c72953d,of enterprises carrying out cross trade by employment,measure,0.88,semantic-hybrid,True,title evidence with measure lexical cue,"[""occ_0055e1c3cb7f4052aeeb""]",run_1f27e7f7434a9d682f85
term_94add236a6dc094df9fb,of equivalised disposable income,measure,0.88,semantic-hybrid,True,title evidence with measure lexical cue,"[""occ_1adb36503085deb9027a"", ""occ_27810f853380ed11644f"", ""occ_361471f3664e92e0a96f"", ""occ_ce4ca1e12ee0b7cfe4c4""]",run_1f27e7f7434a9d682f85
term_0dc12e38880a621aff3a,of equivalised disposable income before,measure,0.88,semantic-hybrid,True,title evidence with measure lexical cue,"[""occ_719a300a304cf554d883"", ""occ_acf5d0f04dd09270616b""]",run_1f27e7f7434a9d682f85
term_2cc5feb912afb30a9d78,of equivalised disposable income before social,measure,0.88,semantic-hybrid,True,title evidence with measure lexical cue,"[""occ_2d0c5693e479e7410a3f"", ""occ_77714fc32854f7fecb3e""]",run_1f27e7f7434a9d682f85
term_25f6fd08e19e43fe8817,of equivalised disposable income before social transfers,measure,0.88,semantic-hybrid,True,title evidence with measure lexical cue,"[""occ_7c27f98fb4361e6eac11"", ""occ_8337e4106df9b9f0aa5c""]",run_1f27e7f7434a9d682f85
term_a74ddab878d611366fbc,of equivalised disposable income by,measure,0.88,semantic-hybrid,True,title evidence with measure lexical cue,"[""occ_30f801aba5d4ea2845e9""]",run_1f27e7f7434a9d682f85
term_6669653816da398dd2c9,of equivalised disposable income by age,measure,0.88,semantic-hybrid,True,title evidence with measure lexical cue,"[""occ_e1d3dfd088ada8de5713""]",run_1f27e7f7434a9d682f85
term_a7ff3dba54c590c29e60,of EU27 (from) population,measure,0.88,semantic-hybrid,True,title evidence with measure lexical cue,"[""occ_025843f19c07c25b7e91""]",run_1f27e7f7434a9d682f85
term_b35bfa65f2ef146aa2ed,of freight transport relative to GDP,measure,0.88,semantic-hybrid,True,title evidence with measure lexical cue,"[""occ_1283520649569dbc1098""]",run_1f27e7f7434a9d682f85
term_e6e03ba80620c0a0890d,of full-time employment,measure,0.88,semantic-hybrid,True,title evidence with measure lexical cue,"[""occ_3c91ff87ff837a5d9998""]",run_1f27e7f7434a9d682f85
term_efef264aae9b766fb62f,of GBARD in total general government expenditure,measure,0.88,semantic-hybrid,True,title evidence with measure lexical cue,"[""occ_8030a4ac0c2cf23677b0""]",run_1f27e7f7434a9d682f85
term_36311a6ce19654a5f9f5,of GDP by institutional,measure,0.88,semantic-hybrid,True,title evidence with measure lexical cue,"[""occ_5fbf550f765fa13e1237""]",run_1f27e7f7434a9d682f85
term_1a7b0e77b35af536f5e5,of GDP by institutional sectors,measure,0.88,semantic-hybrid,True,title evidence with measure lexical cue,"[""occ_070d33aa317118551671""]",run_1f27e7f7434a9d682f85
term_84233aca942b046bc22e,of goods and services in % of GDP,measure,0.88,semantic-hybrid,True,title evidence with measure lexical cue,"[""occ_4fb593d2b8cede498404"", ""occ_cdba16b7a490301fffcf""]",run_1f27e7f7434a9d682f85
term_de542411f5a622397e6e,"of goods and services, current prices",measure,0.88,semantic-hybrid,True,title evidence with measure lexical cue,"[""occ_cb34060d1f8fc8628914""]",run_1f27e7f7434a9d682f85
term_8b8f719e373bef7553b4,of gross national income,measure,0.88,semantic-hybrid,True,title evidence with measure lexical cue,"[""occ_fe14c8674fa40fa20812""]",run_1f27e7f7434a9d682f85
term_ccc70db1d21d59c17f96,of income distribution,measure,0.88,semantic-hybrid,True,title evidence with measure lexical cue,"[""occ_450a69a3ee1e745e54d5"", ""occ_96800f6620362cd9190e""]",run_1f27e7f7434a9d682f85
term_d39935e8f9dd5a681c32,of income distribution S80/S20,measure,0.88,semantic-hybrid,True,title evidence with measure lexical cue,"[""occ_ed940be88dbeb915860d""]",run_1f27e7f7434a9d682f85
term_2a8c24c5273e2631f4de,of income distribution S80/S20 income,measure,0.88,semantic-hybrid,True,title evidence with measure lexical cue,"[""occ_54ca454f8de066788771""]",run_1f27e7f7434a9d682f85
term_fdb01d8982309901ac39,of income distribution S80/S20 income quintile,measure,0.88,semantic-hybrid,True,title evidence with measure lexical cue,"[""occ_338c79cb882d84353a5e""]",run_1f27e7f7434a9d682f85
term_aad7396182e90d092d27,of income distribution S80/S20 income quintile share,measure,0.88,semantic-hybrid,True,title evidence with measure lexical cue,"[""occ_4f2a2b7fe4e5ab5362b1""]",run_1f27e7f7434a9d682f85
term_8e68d314bee79b30195b,of main residence) by income,measure,0.88,semantic-hybrid,True,title evidence with measure lexical cue,"[""occ_0f97a312a89a18e8333d""]",run_1f27e7f7434a9d682f85
term_063d7cc2bf6807586876,of main residence) by income quintile,measure,0.88,semantic-hybrid,True,title evidence with measure lexical cue,"[""occ_cdad94d46887cc1abd8b""]",run_1f27e7f7434a9d682f85
term_8284a4a424b65d0aa16c,of passenger transport relative to GDP,measure,0.88,semantic-hybrid,True,title evidence with measure lexical cue,"[""occ_a365224aa00018b0d13b"", ""occ_b2ecb7b0b23eeb4c5264""]",run_1f27e7f7434a9d682f85
term_4c09453ad5f6e75f612b,of population (age,measure,0.88,semantic-hybrid,True,title evidence with measure lexical cue,"[""occ_2f80fbe8e4354627eaad""]",run_1f27e7f7434a9d682f85
term_ebf3dc00b64bfe082eb7,of population (age group,measure,0.88,semantic-hybrid,True,title evidence with measure lexical cue,"[""occ_96fe3934134c4731d1cf""]",run_1f27e7f7434a9d682f85
term_9b03adcf9b8e40af8292,of population (age group 25-64,measure,0.88,semantic-hybrid,True,title evidence with measure lexical cue,"[""occ_0b3a5aac8457dfb9c900""]",run_1f27e7f7434a9d682f85
term_3bac8e5df49e7b535476,of population (age group 25-64) in,measure,0.88,semantic-hybrid,True,title evidence with measure lexical cue,"[""occ_0d5070c439979b38241c""]",run_1f27e7f7434a9d682f85
term_b2e3748fb2cd6c7ff269,of population (age group 25-64) in private,measure,0.88,semantic-hybrid,True,title evidence with measure lexical cue,"[""occ_0e88df85b41239004026""]",run_1f27e7f7434a9d682f85
term_6c05cc7043fa89d3fd0b,of population (age group 25-64) in private households,measure,0.88,semantic-hybrid,True,title evidence with measure lexical cue,"[""occ_2a6eab7516785b2f055a""]",run_1f27e7f7434a9d682f85
term_f2ab22f6f50254c503bb,of population aged,measure,0.88,semantic-hybrid,True,title evidence with measure lexical cue,"[""occ_6f6ccb91a9dfd6daae06""]",run_1f27e7f7434a9d682f85
term_e23f8c33dbbb2791cad5,of population aged 65,measure,0.88,semantic-hybrid,True,title evidence with measure lexical cue,"[""occ_128d58a409e681354e07""]",run_1f27e7f7434a9d682f85
term_cc6b7d4b1c2c64aed2e7,of population aged 65 and,measure,0.88,semantic-hybrid,True,title evidence with measure lexical cue,"[""occ_92ed795c8bb0634eda88""]",run_1f27e7f7434a9d682f85
term_c6c0ffc74ac133ff07f9,of population aged 65 and over,measure,0.88,semantic-hybrid,True,title evidence with measure lexical cue,"[""occ_5b2529c16507e392b489""]",run_1f27e7f7434a9d682f85
term_c21eef84d350dd34f6d7,of population by household,measure,0.88,semantic-hybrid,True,title evidence with measure lexical cue,"[""occ_c5eff526d4923c6945f0""]",run_1f27e7f7434a9d682f85
term_f98845fabb8bf4c6c0d5,of population by household types,measure,0.88,semantic-hybrid,True,title evidence with measure lexical cue,"[""occ_6dbe969a6815bb4a05bc""]",run_1f27e7f7434a9d682f85
term_f72deb9cd0c0bf9b27cb,of population by household types - EU-SILC,measure,0.88,semantic-hybrid,True,title evidence with measure lexical cue,"[""occ_2c502508e9f30f3786eb""]",run_1f27e7f7434a9d682f85
term_16777d85a71a4e41b134,of population by household types - EU-SILC survey,measure,0.88,semantic-hybrid,True,title evidence with measure lexical cue,"[""occ_c6f00f364e83a845f0a9""]",run_1f27e7f7434a9d682f85
term_e0740ff53f868887eb33,of producer prices,measure,0.88,semantic-hybrid,True,title evidence with measure lexical cue,"[""occ_d336ab4bfaccb5833b50""]",run_1f27e7f7434a9d682f85
term_d9142701baeeefee18db,of producer prices of,measure,0.88,semantic-hybrid,True,title evidence with measure lexical cue,"[""occ_ee5b620536cf899d44f0""]",run_1f27e7f7434a9d682f85
term_40a3534784cf4b027285,of producer prices of agricultural,measure,0.88,semantic-hybrid,True,title evidence with measure lexical cue,"[""occ_60d690ecd32d5a679d48""]",run_1f27e7f7434a9d682f85
term_a0401be615d033847f06,of producer prices of agricultural products,measure,0.88,semantic-hybrid,True,title evidence with measure lexical cue,"[""occ_76d60eb5002f7af7e7fb""]",run_1f27e7f7434a9d682f85
term_29ff500c6492896d631c,of producer prices of agricultural products - survey,measure,0.88,semantic-hybrid,True,title evidence with measure lexical cue,"[""occ_f03cf29e4acc56ff5b75""]",run_1f27e7f7434a9d682f85
term_bcfb8a141806698d50f9,of purchase prices,measure,0.88,semantic-hybrid,True,title evidence with measure lexical cue,"[""occ_9ca2c9b96f9da9111761""]",run_1f27e7f7434a9d682f85
term_af64ed5d91bfdc38264b,of purchase prices of,measure,0.88,semantic-hybrid,True,title evidence with measure lexical cue,"[""occ_9e0e8c2ad5ae31ece27a""]",run_1f27e7f7434a9d682f85
term_435dec8d0c86dc9d4de7,of purchase prices of the,measure,0.88,semantic-hybrid,True,title evidence with measure lexical cue,"[""occ_d91865f31ed637f3ae8f""]",run_1f27e7f7434a9d682f85
term_02a1179d346c345bc8d9,of purchase prices of the means,measure,0.88,semantic-hybrid,True,title evidence with measure lexical cue,"[""occ_ca767b99c4a6c51decd9""]",run_1f27e7f7434a9d682f85
term_98f2fec3ec706ab4f8e3,of purchase prices of the means of,measure,0.88,semantic-hybrid,True,title evidence with measure lexical cue,"[""occ_90cb469bb5bd6e296edb""]",run_1f27e7f7434a9d682f85
term_330d30ab7777ef60f0a4,of residents by sex and country of birth,measure,0.88,semantic-hybrid,True,title evidence with measure lexical cue,"[""occ_da96a823aeddcebd283a""]",run_1f27e7f7434a9d682f85
term_cc92bd5471a6b190ef68,of sales - automotive,measure,0.88,semantic-hybrid,True,title evidence with measure lexical cue,"[""occ_d7b860afc2b3af5438a7""]",run_1f27e7f7434a9d682f85
term_3189a9e4fda04e45570e,of sales - automotive fuel,measure,0.88,semantic-hybrid,True,title evidence with measure lexical cue,"[""occ_69de50651ec79448678e""]",run_1f27e7f7434a9d682f85
term_549a45085fa8ec14e92c,of sales - non,measure,0.88,semantic-hybrid,True,title evidence with measure lexical cue,"[""occ_6f8e5b1277e2f2b1430a""]",run_1f27e7f7434a9d682f85
term_625b06f28004c13cabfd,of sales - non food,measure,0.88,semantic-hybrid,True,title evidence with measure lexical cue,"[""occ_8b3521e98a2999ac54b5""]",run_1f27e7f7434a9d682f85
term_c8f9d1eff6a466e7dbeb,of sales - total,measure,0.88,semantic-hybrid,True,title evidence with measure lexical cue,"[""occ_9865aab492832f618c05""]",run_1f27e7f7434a9d682f85
term_0c555aba914440dfdfac,of social transfers on income,measure,0.88,semantic-hybrid,True,title evidence with measure lexical cue,"[""occ_a2895ef79b6dca5bd45f""]",run_1f27e7f7434a9d682f85
term_857c074022277ff7b765,of social transfers on income quintile,measure,0.88,semantic-hybrid,True,title evidence with measure lexical cue,"[""occ_91f8c7a73c0875d0fa54""]",run_1f27e7f7434a9d682f85
term_d977669a59e24a76a8cb,of social transfers on income quintile share,measure,0.88,semantic-hybrid,True,title evidence with measure lexical cue,"[""occ_f4c7e13475674163a6ac""]",run_1f27e7f7434a9d682f85
term_4d03f3ceaf3a1f28c871,of social transfers on income quintile share ratio,measure,0.88,semantic-hybrid,True,title evidence with measure lexical cue,"[""occ_f060d1f9f5c956e9095d""]",run_1f27e7f7434a9d682f85
term_6d4e9f87654cd6aef16c,of taxes and social transfers on income,measure,0.88,semantic-hybrid,True,title evidence with measure lexical cue,"[""occ_8fb1039e5866b0d8619e""]",run_1f27e7f7434a9d682f85
term_184968e3a61a65d2af6d,of taxes and social transfers on income quintile,measure,0.88,semantic-hybrid,True,title evidence with measure lexical cue,"[""occ_6c2a679808a0703427e2""]",run_1f27e7f7434a9d682f85
term_f64f58dd5bc6e9cb9fb0,of taxes on income,measure,0.88,semantic-hybrid,True,title evidence with measure lexical cue,"[""occ_bb46d304cf71b9ef7966""]",run_1f27e7f7434a9d682f85
term_18452aa44f1f931f7eea,of taxes on income quintile,measure,0.88,semantic-hybrid,True,title evidence with measure lexical cue,"[""occ_7bc6251a862664e55ef5""]",run_1f27e7f7434a9d682f85
term_c757fa4744c415e98749,of taxes on income quintile share,measure,0.88,semantic-hybrid,True,title evidence with measure lexical cue,"[""occ_288633a759deaf94794c""]",run_1f27e7f7434a9d682f85
term_dd925e6f612ea78ce619,of taxes on income quintile share ratio,measure,0.88,semantic-hybrid,True,title evidence with measure lexical cue,"[""occ_ee83c7381324ac9a00a7""]",run_1f27e7f7434a9d682f85
term_4f9da6ae9bebde5678a9,of taxes on income quintile share ratio S80/S20,measure,0.88,semantic-hybrid,True,title evidence with measure lexical cue,"[""occ_945ab32c414b83a855a1""]",run_1f27e7f7434a9d682f85
term_64ff5da4b3d6df0d17b5,of the agricultural industry - basic and producer prices,measure,0.88,semantic-hybrid,True,title evidence with measure lexical cue,"[""occ_d49001ff614d9789a863""]",run_1f27e7f7434a9d682f85
term_350815aec651f7202201,of the bottom 40 % of the population,measure,0.88,semantic-hybrid,True,title evidence with measure lexical cue,"[""occ_1c6f060491d3a28b82bc""]",run_1f27e7f7434a9d682f85
term_04576be26a5cf759d12f,of the household (population,measure,0.88,semantic-hybrid,True,title evidence with measure lexical cue,"[""occ_fae96bd30ad48613cc73""]",run_1f27e7f7434a9d682f85
term_8e0805d6510d56b13680,of the households with income,measure,0.88,semantic-hybrid,True,title evidence with measure lexical cue,"[""occ_1eebcea662cb293f2cd1""]",run_1f27e7f7434a9d682f85
term_b294c679925332dfbcc4,of the households with income from,measure,0.88,semantic-hybrid,True,title evidence with measure lexical cue,"[""occ_df7927ddc0a47d87af86""]",run_1f27e7f7434a9d682f85
term_90fd4a14fe1fec46075e,of the households with income from benefits,measure,0.88,semantic-hybrid,True,title evidence with measure lexical cue,"[""occ_88cad6f7ca83047e0ef2""]",run_1f27e7f7434a9d682f85
term_1faa375bf0558d7e5ade,of the ICT sector in Gross value added,measure,0.88,semantic-hybrid,True,title evidence with measure lexical cue,"[""occ_0cc609c71c9a69b8ec06"", ""occ_a2771cdfb896be3c3146""]",run_1f27e7f7434a9d682f85
term_32100290aecff7e1f4cb,of the ICT sector personnel in total employment,measure,0.88,semantic-hybrid,True,title evidence with measure lexical cue,"[""occ_15748fce450e24de9f00"", ""occ_1ade996a494389546cee""]",run_1f27e7f7434a9d682f85
term_4ebb1cf5782a5b1d8219,of the income from agricultural,measure,0.88,semantic-hybrid,True,title evidence with measure lexical cue,"[""occ_599d92a29d8bc59122fe""]",run_1f27e7f7434a9d682f85
term_2eeb5a72a439ed8d061c,of the income from agricultural activity,measure,0.88,semantic-hybrid,True,title evidence with measure lexical cue,"[""occ_19f8d2f58783a738d0cb""]",run_1f27e7f7434a9d682f85
term_daa27156d1d9738043c7,of the total population,measure,0.88,semantic-hybrid,True,title evidence with measure lexical cue,"[""occ_ae59a7c2bb19593ccc47""]",run_1f27e7f7434a9d682f85
term_f294ea427eedac52e382,of total active population,measure,0.88,semantic-hybrid,True,title evidence with measure lexical cue,"[""occ_27fc7e47cf5a7cb0ed9c""]",run_1f27e7f7434a9d682f85
term_6f53bf06e7434d663e27,of total or current expenditure,measure,0.88,semantic-hybrid,True,title evidence with measure lexical cue,"[""occ_58f2fe9a9f3e220150fe""]",run_1f27e7f7434a9d682f85
term_69fa78dfe6f16c5aee34,of total population,measure,0.88,semantic-hybrid,True,title evidence with measure lexical cue,"[""occ_026af83b876056ab6e88"", ""occ_737d0248accc814e2fed"", ""occ_93b0bda028a4be2eac85"", ""occ_a636eb6fc5a3bed28b63"", ""occ_ad96fe71f4c4984d1ee9""]",run_1f27e7f7434a9d682f85
term_f164d785878d2a279ce8,of total population considering,measure,0.88,semantic-hybrid,True,title evidence with measure lexical cue,"[""occ_6ea7ccf3866b42b2be69""]",run_1f27e7f7434a9d682f85
term_d0b9ef668d5856e01b92,of total population considering their,measure,0.88,semantic-hybrid,True,title evidence with measure lexical cue,"[""occ_949f3bd5b456b5b0f749""]",run_1f27e7f7434a9d682f85
term_39f78cb4402b6601cea7,of total population considering their dwelling,measure,0.88,semantic-hybrid,True,title evidence with measure lexical cue,"[""occ_ef27306cad8458908d54""]",run_1f27e7f7434a9d682f85
term_f1dddaef919fb52e8ef6,of total population considering their dwelling as,measure,0.88,semantic-hybrid,True,title evidence with measure lexical cue,"[""occ_2f3e1afab92f3d1df0a7""]",run_1f27e7f7434a9d682f85
term_54c8170313d2e5ce04ab,of total population considering their dwelling as too,measure,0.88,semantic-hybrid,True,title evidence with measure lexical cue,"[""occ_7783b2990efed99c29c6""]",run_1f27e7f7434a9d682f85
term_fdab02f25e3130c9a9b3,of total population having,measure,0.88,semantic-hybrid,True,title evidence with measure lexical cue,"[""occ_b5401507edd206464472""]",run_1f27e7f7434a9d682f85
term_258b27cb9372338c33f9,of total population having neither,measure,0.88,semantic-hybrid,True,title evidence with measure lexical cue,"[""occ_4930e6c471a9161b785c""]",run_1f27e7f7434a9d682f85
term_b3a5d287285130766f55,of total population having neither a,measure,0.88,semantic-hybrid,True,title evidence with measure lexical cue,"[""occ_50e2eb6efc217f0326a1""]",run_1f27e7f7434a9d682f85
term_deaff4064e0355d2807e,of total population having neither a bath,measure,0.88,semantic-hybrid,True,title evidence with measure lexical cue,"[""occ_cfa610d6220dba8248c0""]",run_1f27e7f7434a9d682f85
term_dbcda969531ee2c0ece1,"of total population having neither a bath, nor",measure,0.88,semantic-hybrid,True,title evidence with measure lexical cue,"[""occ_d7f30b643e475f126db4""]",run_1f27e7f7434a9d682f85
term_b1fb035bdc0ef709aa55,of total population living,measure,0.88,semantic-hybrid,True,title evidence with measure lexical cue,"[""occ_dcbb92664b31bddd9a43""]",run_1f27e7f7434a9d682f85
term_b3b27b806bc8818a7a28,of total population living in,measure,0.88,semantic-hybrid,True,title evidence with measure lexical cue,"[""occ_2a996ec62be14ea57ef3""]",run_1f27e7f7434a9d682f85
term_788fe6301c547cd5200f,of total population living in a,measure,0.88,semantic-hybrid,True,title evidence with measure lexical cue,"[""occ_899f9ab3850a94078224""]",run_1f27e7f7434a9d682f85
term_bb095e9382107859db01,of total population living in a dwelling,measure,0.88,semantic-hybrid,True,title evidence with measure lexical cue,"[""occ_397c96e397e98a6f88c6""]",run_1f27e7f7434a9d682f85
term_bfc2b2dd3a279e549ad8,of total population living in a dwelling with,measure,0.88,semantic-hybrid,True,title evidence with measure lexical cue,"[""occ_ed1f417354dd408fdfd2""]",run_1f27e7f7434a9d682f85
term_cf8c843bc75bb7b03f7b,of total population not,measure,0.88,semantic-hybrid,True,title evidence with measure lexical cue,"[""occ_a0f80e21c1869179d0b5""]",run_1f27e7f7434a9d682f85
term_c1af6528338b924a1f84,of total population not having,measure,0.88,semantic-hybrid,True,title evidence with measure lexical cue,"[""occ_45ec31057fe99ccf9c25""]",run_1f27e7f7434a9d682f85
term_c64d37cfa8ee113bd93c,of total population not having indoor,measure,0.88,semantic-hybrid,True,title evidence with measure lexical cue,"[""occ_b0106a767823eea5525e""]",run_1f27e7f7434a9d682f85
term_3894de8f6344f70ea3ce,of total population not having indoor flushing,measure,0.88,semantic-hybrid,True,title evidence with measure lexical cue,"[""occ_4f095ed78b104b3964be""]",run_1f27e7f7434a9d682f85
term_cc5377ec977e9223df9d,of total population not having indoor flushing toilet,measure,0.88,semantic-hybrid,True,title evidence with measure lexical cue,"[""occ_c09d688fc0004ec843b0""]",run_1f27e7f7434a9d682f85
term_70a83d2a051617248387,of total public expenditure,measure,0.88,semantic-hybrid,True,title evidence with measure lexical cue,"[""occ_830e24fae18fbd342ede""]",run_1f27e7f7434a9d682f85
term_c4a9e8e831efc4461d90,of urbanisation - total population,measure,0.88,semantic-hybrid,True,title evidence with measure lexical cue,"[""occ_f5761e88bc6a2764d1e7""]",run_1f27e7f7434a9d682f85
term_980d82603046c5c7008c,of value added,measure,0.88,semantic-hybrid,True,title evidence with measure lexical cue,"[""occ_7cd14668b100e53940f3""]",run_1f27e7f7434a9d682f85
term_a35db61e59c016f2e1e7,of waste excluding major mineral wastes per GDP,measure,0.88,semantic-hybrid,True,title evidence with measure lexical cue,"[""occ_d7095efc31e551480023""]",run_1f27e7f7434a9d682f85
term_bc664a6d04194e53473e,of women at childbirth,measure,0.88,semantic-hybrid,True,title evidence with measure lexical cue,"[""occ_3fdd8e7c959e0eaf1acf""]",run_1f27e7f7434a9d682f85
term_582bcf7e7b77e2b5ddbe,of women at childbirth and,measure,0.88,semantic-hybrid,True,title evidence with measure lexical cue,"[""occ_1eb4735997b0d474496e""]",run_1f27e7f7434a9d682f85
term_c4340709c2e15278cb74,of women at childbirth and at,measure,0.88,semantic-hybrid,True,title evidence with measure lexical cue,"[""occ_fca97c46203430d22089""]",run_1f27e7f7434a9d682f85
term_52127befcbf10a9f7e00,of women at childbirth and at birth,measure,0.88,semantic-hybrid,True,title evidence with measure lexical cue,"[""occ_1f6af8822a0455da2d37""]",run_1f27e7f7434a9d682f85
term_95b23a0abc0cf6816c43,Official development assistance as share of gross national income,measure,0.88,semantic-hybrid,True,title evidence with measure lexical cue,"[""occ_5e2b37633a9f142b1c29""]",run_1f27e7f7434a9d682f85
term_b62550d32ea4b967e7db,old in the population,measure,0.88,semantic-hybrid,True,title evidence with measure lexical cue,"[""occ_68354934565b454822ae""]",run_1f27e7f7434a9d682f85
term_e7d7b5d05b0b111a6bf6,"old, by sex - as % of the population",measure,0.88,semantic-hybrid,True,title evidence with measure lexical cue,"[""occ_33e0a6c0b3e742d6323d"", ""occ_ad6e3fd80892ce8f8b77""]",run_1f27e7f7434a9d682f85
term_b938fb5b8232d90cb968,"old, by sex - as % of the population of",measure,0.88,semantic-hybrid,True,title evidence with measure lexical cue,"[""occ_06e4acc8bc97d97593b5"", ""occ_3f1627b2c002c765bcc6""]",run_1f27e7f7434a9d682f85
term_e8a486be8d619db8be64,Olives by production,measure,0.88,semantic-hybrid,True,title evidence with measure lexical cue,"[""occ_78ff6d53e11c374be134""]",run_1f27e7f7434a9d682f85
term_26adf908d30fb1a0af1b,on education in constant prices,measure,0.88,semantic-hybrid,True,title evidence with measure lexical cue,"[""occ_3484f04d012e2295cd4b""]",run_1f27e7f7434a9d682f85
term_aa78f2de3f0487e3bfec,on household population,measure,0.88,semantic-hybrid,True,title evidence with measure lexical cue,"[""occ_3df7c685f022f4cb3360""]",run_1f27e7f7434a9d682f85
term_16e110d847685500ee79,on household population - experimental,measure,0.88,semantic-hybrid,True,title evidence with measure lexical cue,"[""occ_43123f0e119642325ce8""]",run_1f27e7f7434a9d682f85
term_29323025c59941139213,on household population - experimental statistics,measure,0.88,semantic-hybrid,True,title evidence with measure lexical cue,"[""occ_d2828fddee7af0c8db5d""]",run_1f27e7f7434a9d682f85
term_256de5f98815f0a203b9,on non-housing bills by income,measure,0.88,semantic-hybrid,True,title evidence with measure lexical cue,"[""occ_747df408acf3bfca2761""]",run_1f27e7f7434a9d682f85
term_540c13f1043af4f38734,on non-housing bills by income quintile,measure,0.88,semantic-hybrid,True,title evidence with measure lexical cue,"[""occ_0991e07b023a8f04fe84""]",run_1f27e7f7434a9d682f85
term_586c2aa4a99c50495822,on purchase of main residence) by income,measure,0.88,semantic-hybrid,True,title evidence with measure lexical cue,"[""occ_9f663873fd1ff2817527""]",run_1f27e7f7434a9d682f85
term_6336912afcb15db859d9,on purchase of main residence) by income quintile,measure,0.88,semantic-hybrid,True,title evidence with measure lexical cue,"[""occ_c638e0ecf045c54409f9""]",run_1f27e7f7434a9d682f85
term_1f55e45a996d5a68664a,on social protection per inhabitant at constant prices,measure,0.88,semantic-hybrid,True,title evidence with measure lexical cue,"[""occ_b8a5696815130d13bc24""]",run_1f27e7f7434a9d682f85
term_d7b6e22e5fdd823f5670,one hour in the last month) by price,measure,0.88,semantic-hybrid,True,title evidence with measure lexical cue,"[""occ_9614deeac52d14e73798""]",run_1f27e7f7434a9d682f85
term_6262d3fd005543470a69,or current expenditure,measure,0.88,semantic-hybrid,True,title evidence with measure lexical cue,"[""occ_0733525daab9319bf871""]",run_1f27e7f7434a9d682f85
term_542419e68aa67b967fa2,Organic production,measure,0.88,semantic-hybrid,True,title evidence with measure lexical cue,"[""occ_28a54d3eaed8cff6d0b3"", ""occ_b46e44c00ed6efb7721d""]",run_1f27e7f7434a9d682f85
term_11766febdc19e3432ee0,Organic production of,measure,0.88,semantic-hybrid,True,title evidence with measure lexical cue,"[""occ_305f92995488d2b36a23"", ""occ_68910bbd6b1b2036d122""]",run_1f27e7f7434a9d682f85
term_fb12a7e31eff35d286b5,Organic production of animal,measure,0.88,semantic-hybrid,True,title evidence with measure lexical cue,"[""occ_0327beca8d3fb9620855""]",run_1f27e7f7434a9d682f85
term_ebddfd2ef3407d39c4e4,Organic production of animal products,measure,0.88,semantic-hybrid,True,title evidence with measure lexical cue,"[""occ_21ba2bd9781f6aeb1c47""]",run_1f27e7f7434a9d682f85
term_18a08231cb366e9f6b37,Organic production of aquaculture,measure,0.88,semantic-hybrid,True,title evidence with measure lexical cue,"[""occ_c4e4995ccf0a3d4ba303""]",run_1f27e7f7434a9d682f85
term_2254084cb5bd693de12c,Organic production of aquaculture products,measure,0.88,semantic-hybrid,True,title evidence with measure lexical cue,"[""occ_eb122a7f082e9d8d5fb2""]",run_1f27e7f7434a9d682f85
term_f3560505d888f62e2902,"Other property income, expenditure",measure,0.7742375393360618,semantic-hybrid,False,semantic centroid/neighbor measure fallback,"[""occ_02d7d5205f90a4d84cb3""]",run_1f27e7f7434a9d682f85
term_01bfa02e0906be4cd6ac,"Other property income, revenue",measure,0.7727243831055604,semantic-hybrid,False,semantic centroid/neighbor measure fallback,"[""occ_cfdfe447303c80af8c42""]",run_1f27e7f7434a9d682f85
term_2ea6aaa80866d4953692,other than main residence by income,measure,0.88,semantic-hybrid,True,title evidence with measure lexical cue,"[""occ_6e9c3efbc7d7c7cca513""]",run_1f27e7f7434a9d682f85
term_a2766b9cae80877cca98,other than main residence by income quantile,measure,0.88,semantic-hybrid,True,title evidence with measure lexical cue,"[""occ_0dcba8963dd83ac9339f""]",run_1f27e7f7434a9d682f85
term_37df0f4fb93bbd845d7d,out cross trade by employment,measure,0.88,semantic-hybrid,True,title evidence with measure lexical cue,"[""occ_ee13d86b41b4b2a790d1""]",run_1f27e7f7434a9d682f85
term_637215c7005e912ba405,out cross trade by employment size,measure,0.88,semantic-hybrid,True,title evidence with measure lexical cue,"[""occ_7b9b73999ea30fa17ec0""]",run_1f27e7f7434a9d682f85
term_3b795e7d20c1159035dc,out cross trade by employment size class,measure,0.88,semantic-hybrid,True,title evidence with measure lexical cue,"[""occ_2911b56a00a05a9b6327""]",run_1f27e7f7434a9d682f85
term_17e7865303d3cff12e9f,Out-of-pocket expenditure,measure,0.88,semantic-hybrid,True,title evidence with measure lexical cue,"[""occ_f90930a987b54205d326""]",run_1f27e7f7434a9d682f85
term_53e06a60eed25a6443e4,Out-of-pocket expenditure on,measure,0.88,semantic-hybrid,True,title evidence with measure lexical cue,"[""occ_bb2309a70e84023527e4""]",run_1f27e7f7434a9d682f85
term_4b1fd1a7f6908d2872c0,Out-of-pocket expenditure on healthcare,measure,0.88,semantic-hybrid,True,title evidence with measure lexical cue,"[""occ_bee67c6470996a6d6b53""]",run_1f27e7f7434a9d682f85
term_0fcf4e988e3ce59aa8b1,Out-of-school rate by sex and age - as % of the population of the corresponding age,measure,0.88,semantic-hybrid,True,title evidence with measure lexical cue,"[""occ_5cd05fb304d2a382cb0e""]",run_1f27e7f7434a9d682f85
term_1b34471823e6b0fa25b1,Out-of-school rate in population,measure,0.88,semantic-hybrid,True,title evidence with measure lexical cue,"[""occ_16300fc1912278823047"", ""occ_21e5a0a4e637fedd1006""]",run_1f27e7f7434a9d682f85
term_9647c75501f90583d87a,Out-of-school rate in population of,measure,0.88,semantic-hybrid,True,title evidence with measure lexical cue,"[""occ_356bd4c3ced1036fff6c"", ""occ_9a50b86cbebf195f14a9""]",run_1f27e7f7434a9d682f85
term_bcc6baaa3aa3e4b257c3,Out-of-school rate in population of lower,measure,0.88,semantic-hybrid,True,title evidence with measure lexical cue,"[""occ_28c618c5095d46743dd3""]",run_1f27e7f7434a9d682f85
term_e8e2d1bfa7f73eeb0a6c,Out-of-school rate in population of lower secondary,measure,0.88,semantic-hybrid,True,title evidence with measure lexical cue,"[""occ_5f51d7a7bf31f7ae0b05""]",run_1f27e7f7434a9d682f85
term_1a17d57c3e7fc8c5a309,Out-of-school rate in population of lower secondary school,measure,0.88,semantic-hybrid,True,title evidence with measure lexical cue,"[""occ_29d10274f0a03c061e70""]",run_1f27e7f7434a9d682f85
term_d877db962664d4857680,"Out-of-school rate in population of lower secondary school age, by sex",measure,0.88,semantic-hybrid,True,title evidence with measure lexical cue,"[""occ_fdd3d38b03175844bc71""]",run_1f27e7f7434a9d682f85
term_068f71301f9d4cead66c,Out-of-school rate in population of upper,measure,0.88,semantic-hybrid,True,title evidence with measure lexical cue,"[""occ_73f3340265cd4d47fa07""]",run_1f27e7f7434a9d682f85
term_7847db3253201b93ed8c,Out-of-school rate in population of upper secondary,measure,0.88,semantic-hybrid,True,title evidence with measure lexical cue,"[""occ_744c365ebcb23c9bf277""]",run_1f27e7f7434a9d682f85
term_0c658da97e260a49acbf,Out-of-school rate in population of upper secondary school,measure,0.88,semantic-hybrid,True,title evidence with measure lexical cue,"[""occ_27daa3c1dec16081c480""]",run_1f27e7f7434a9d682f85
term_769a96867babeedc522b,"Out-of-school rate in population of upper secondary school age, by sex",measure,0.88,semantic-hybrid,True,title evidence with measure lexical cue,"[""occ_0721814a77a7c6ab69a1""]",run_1f27e7f7434a9d682f85
term_10e59bdc1566dbf4130c,output - basic and producer prices,measure,0.88,semantic-hybrid,True,title evidence with measure lexical cue,"[""occ_7b421da18b5ed14f4c7c"", ""occ_e5c642a766f990e94f23""]",run_1f27e7f7434a9d682f85
term_84c96995e5ca8437bcca,Output of the agricultural industry,measure,0.88,semantic-hybrid,True,title evidence with measure lexical cue,"[""occ_cbfbe4db32ad1ab190d5""]",run_1f27e7f7434a9d682f85
term_a1ccdeee056213c3adca,Output of the agricultural industry - basic and producer prices,measure,0.88,semantic-hybrid,True,title evidence with measure lexical cue,"[""occ_6e40ad60c65d9e7d11b0""]",run_1f27e7f7434a9d682f85
term_3992b935b7626c5f87e1,Outward FDI stocks in % of GDP,measure,0.88,semantic-hybrid,True,title evidence with measure lexical cue,"[""occ_77f5944d2bcdeed18098""]",run_1f27e7f7434a9d682f85
term_42cae154d41664ee9de6,over - per 1000 of corresponding age population,measure,0.88,semantic-hybrid,True,title evidence with measure lexical cue,"[""occ_c1dfef96df2930742d33""]",run_1f27e7f7434a9d682f85
term_93dbe08bbf85e4c1d1bf,over the proportion of the population,measure,0.88,semantic-hybrid,True,title evidence with measure lexical cue,"[""occ_b33a9d0ecc473306b348""]",run_1f27e7f7434a9d682f85
term_d349ec8c8baa69f0be4e,over the proportion of the population by,measure,0.88,semantic-hybrid,True,title evidence with measure lexical cue,"[""occ_f5723e787666189629ea""]",run_1f27e7f7434a9d682f85
term_9ef5c751ff6f6226175f,over the proportion of the population by NUTS,measure,0.88,semantic-hybrid,True,title evidence with measure lexical cue,"[""occ_1a5957aed93d40e96faa""]",run_1f27e7f7434a9d682f85
term_6c69c371d43331f4aa28,Overall employment,measure,0.88,semantic-hybrid,True,title evidence with measure lexical cue,"[""occ_0486d36e42cd3151b0a9""]",run_1f27e7f7434a9d682f85
term_34bb2d7daaad6b23269d,Overall employment growth,measure,0.88,semantic-hybrid,True,title evidence with measure lexical cue,"[""occ_2e22ecbd469c2c5c2a16""]",run_1f27e7f7434a9d682f85
term_b8dd2946608651fb39e3,Overall index excluding energy and seasonal food,measure,0.7832645366537477,semantic-hybrid,False,semantic centroid/neighbor measure fallback,"[""occ_040b4a91d34ff596f55b"", ""occ_08d2b8c5de392c45e420"", ""occ_126f6391112ca12e84a5"", ""occ_129432a35d282ecbb476"", ""occ_151b8c9f753d9a67b30d"", ""occ_161970b5557d93d2a19d"", ""occ_162b81596b7e81d7d7c1"", ""occ_1a57466ac40759b5b454"", ""occ_1c3e473d32413424e21d"", ""occ_1e9a60a6b50899bb1e98"", ""occ_1f7098e5516709d79161"", ""occ_1fb6bdce793c7b44a3fa"", ""occ_216d8273a96e84b525d8"", ""occ_23b30fe458928feffa06"", ""occ_296445253f5a0a7f199e"", ""occ_2ad7027d5ec36b470b72"", ""occ_2ada2458cfcd9c91f87a"", ""occ_2be25911d8fa2d739f8f"", ""occ_2dd143b4a9ad7e94e63c"", ""occ_2e25f0423d812da0dbbe"", ""occ_2fb58124a259984ffe0b"", ""occ_3062f97cc3a55459c871"", ""occ_30a0e688523a3c996d7d"", ""occ_31dc7e034b8c8516442a"", ""occ_32112af9d17c433946d5"", ""occ_38c4ad775d8dbf9735cf"", ""occ_38e10776b95650489389"", ""occ_39ebf3528c7570dafe12"", ""occ_3bd7ac449c74b5ccb8a0"", ""occ_3cc36b27b262ce644d00"", ""occ_3ea39369a61b3caec92b"", ""occ_3ed0a0f73b2d2a9a6150"", ""occ_3f6688459344f8b896b1"", ""occ_406ddc6803f45906319b"", ""occ_418c21ae72e9b38996e0"", ""occ_42a732cf2d3e21a0c608"", ""occ_435eebdc350d0c1143e3"", ""occ_451b7ce6cec67655f7d8"", ""occ_459c5a676b0f5bda619e"", ""occ_475dbb23f882d30382ca"", ""occ_4a9cbe9cd8d80f3a690f"", ""occ_50629d7b55075650d320"", ""occ_50c39e0281cdd27ba28a"", ""occ_514a435d10fa61db9189"", ""occ_5364a662274effc99a65"", ""occ_5819bef7ec443d58dca6"", ""occ_58ebbf684bea68eb8c5d"", ""occ_592062602949267c73cf"", ""occ_5ab19af397a238d6228d"", ""occ_5d3f6b60f549f00e3c0f"", ""occ_5f642eed2188be3675c9"", ""occ_6046274e91e95fc17287"", ""occ_626a5c68bf796715eafa"", ""occ_6274b270034bce3666d2"", ""occ_6443ebeeaf08a7d761d3"", ""occ_658eca0fcd681c6d660c"", ""occ_6e9dd875e76c788115ea"", ""occ_6ed1f5232f58fd31d821"", ""occ_74a2768e067f5c41422b"", ""occ_77b3ac1c5d560adc7f92"", ""occ_7984b37057e15bc14452"", ""occ_7c6f33bcadb3e0d05df0"", ""occ_7e13758776f66e5401e7"", ""occ_7e2252e1329a55491e8e"", ""occ_80724a7a031e362d2d57"", ""occ_8125c451efd4778cdafa"", ""occ_828c056bcae6b48492b5"", ""occ_8617c45addda2afa6ae1"", ""occ_88684249f7732425322d"", ""occ_8f6c70cfbcacf7ca9493"", ""occ_92e5248304378694f191"", ""occ_951a2bf22cf178805b9b"", ""occ_9590a16888d5aa129859"", ""occ_9c2ce7f72eedab333f7c"", ""occ_a1b8358a5400ca96df6e"", ""occ_a3aefc39ea33c82ab4c8"", ""occ_a454a35fab6e0a95cfe3"", ""occ_a46fafa761675a71a58b"", ""occ_a4b35e7bdf6fa38bc1e0"", ""occ_a6ed20ab95a6ca03223b"", ""occ_a771ec23b8996fd41e8d"", ""occ_a8d2ed18d4c1b2b7b1a7"", ""occ_a94dabb7280e83a9161a"", ""occ_a967c88a86af4fd30bb3"", ""occ_af55e24bce9ac3dc819f"", ""occ_b39e28df50f4ac3db2dd"", ""occ_b4d958a55bf1a1a62763"", ""occ_b7d5ac28ffdfa3529bed"", ""occ_b831bde788f24e757a8b"", ""occ_b8632ec0fe4cc92d411e"", ""occ_bb19e6847d44b97bc8b3"", ""occ_bc02d4f448363e151f8c"", ""occ_be8833ff8e6cd2debf52"", ""occ_c282bf8d9235639ff6d3"", ""occ_c2a466a28b6e4c6a3ade"", ""occ_c329957a7ad7b3e2fb2a"", ""occ_c45a37942452e7313c5e"", ""occ_c4651ab6503433d10a5f"", ""occ_c5936ca9529bab6f7347"", ""occ_c844a0f417b6e5606b2a"", ""occ_c846880d03140253d04b"", ""occ_c98e8578b73b194042b3"", ""occ_cb4f4f37480489f63b3e"", ""occ_cd27b3e5984a33c04947"", ""occ_cfd162bdcd25639de959"", ""occ_d29453a56754f8cb2c1a"", ""occ_d4f904398981422d32c0"", ""occ_d8252a0ef27053853a35"", ""occ_d8918542a77fc72a8f4a"", ""occ_da4af73a9e826b90d885"", ""occ_df3c8c53245c9cf30179"", ""occ_df5d69d40766b4296abc"", ""occ_e17e3032bf1f68508a70"", ""occ_e48d7a8eadabd2e86ac2"", ""occ_ebcd663defeed0d86523"", ""occ_eecfce2fce2f956ee446"", ""occ_f06efad6f3b4a63bf7e9"", ""occ_f225757ac33002169fce"", ""occ_f5bfa5f71e636cee22ca"", ""occ_fa8b64d316084a32602b"", ""occ_fa948b7e3242cf60c1bd"", ""occ_fb4b103a11c82d528bf0"", ""occ_fc4f6cd9421b626970bf""]",run_1f27e7f7434a9d682f85
term_f7669d379fc3ddecd73a,Overall index excluding energy and unprocessed food,measure,0.7798032023490511,semantic-hybrid,False,semantic centroid/neighbor measure fallback,"[""occ_04a7f324b62279497b0a"", ""occ_0575849bfc0ff4bb6b30"", ""occ_08f18849bb8627c6c6c2"", ""occ_0c8855e6a07e86605b86"", ""occ_0cfc444d27c21c968749"", ""occ_13dbb3ee49d7efffb28a"", ""occ_144df5308c0376d74cf7"", ""occ_15b2f1069fd7ddd40cc4"", ""occ_19a08661fe8ec00e1611"", ""occ_1c0d094ab793a646e5ac"", ""occ_1c30ae079722cbcfc360"", ""occ_1c8c97d203328d9ae028"", ""occ_1dd97bab404bdf950861"", ""occ_219ed88590db60674d09"", ""occ_288cd63892470faaae86"", ""occ_2a4868d85a4441125a9b"", ""occ_2f2f841437816402c3e0"", ""occ_3110df7615d2bb2d2570"", ""occ_3280e65e3f7e09fc0313"", ""occ_337c33d7bd0bb881636e"", ""occ_33840450295903ceef12"", ""occ_377e44cd63f6f576ea26"", ""occ_3a34268b02eab03d7383"", ""occ_3ae246e07da2347859ec"", ""occ_3b18dc3c59ab0727907c"", ""occ_3b642aa05cd1bd48600f"", ""occ_3ece564f4f80e28f6898"", ""occ_3f0caa70559b824b6318"", ""occ_4071d45293ffd4ed357b"", ""occ_41ff72286759a374beeb"", ""occ_4568cf98362d1ea6f92b"", ""occ_45e52656ba46189bec22"", ""occ_4617df42d5992b1ce2a5"", ""occ_4883130bd32d03d20d6d"", ""occ_48a6465a5fa6639c6674"", ""occ_491a744dc192d4f2e8db"", ""occ_49ffcc650e6888334c1f"", ""occ_4a0bf6dcacd8b182eaac"", ""occ_4b61dbf526cf828e7491"", ""occ_4c14d1750d7b9abf3b19"", ""occ_4dd94420320f5af9db54"", ""occ_505bf5824ac77854c68a"", ""occ_56b459ef93971fc4954c"", ""occ_57eae9e761cc5f100f63"", ""occ_5a73bad8134d7d582a8d"", ""occ_5a7c7f31ca51839f519b"", ""occ_5aea1e8c3543833db326"", ""occ_63c6837a81bdce0294fe"", ""occ_67806b6cdfab236dbbfc"", ""occ_6986193b06080ecd5dad"", ""occ_6f686eb079825186915d"", ""occ_7009284ba9cc4925a1b2"", ""occ_71646e45ffe9a28ed37d"", ""occ_725bedca3f83732e91f6"", ""occ_7784fbfa8fa6945fb9a6"", ""occ_78fa5d322cecaec96da1"", ""occ_796ba3e0aee6ccf31d3e"", ""occ_7ad29969b4c72b5cef6a"", ""occ_7c62ad6ce75a35b70281"", ""occ_7d0b140ef4556e0b3534"", ""occ_7d44c840ac8710efb3de"", ""occ_85d1538c4b08f0ee879a"", ""occ_86b5081bb89a724ba8d7"", ""occ_89bfc8a3159c79cc4b90"", ""occ_8b1ae8fb4386e722d50c"", ""occ_8c75440868a05c429a79"", ""occ_8e7dc91033da6bde8d9b"", ""occ_94f0fd507e89883eec17"", ""occ_95568448f6e4e4e728de"", ""occ_9591458ed0630ab6d118"", ""occ_9653bdbfa145716c28aa"", ""occ_971b5576d9f7bcc625f4"", ""occ_981085b69bf2957b31cf"", ""occ_9a2b515a6a41c4c4a738"", ""occ_9e12c334a0f0325d6c0e"", ""occ_a200845863ef809efb42"", ""occ_a52eb90f72eb62321172"", ""occ_a881e32631d51cd66033"", ""occ_a8bc4f93e6940cde3d63"", ""occ_aa91d2c5a6acd8566b3e"", ""occ_ab05ec65305261e14354"", ""occ_ab23a72bbac6fc7eff21"", ""occ_ab6aeb1af7d62b44d91e"", ""occ_acba0c1634f5c303b43c"", ""occ_acbb7c401245f3cea0bb"", ""occ_ae2041cb78ae9cb2a702"", ""occ_b404e4d3237ebab8f83e"", ""occ_b58d5d863881c6e653aa"", ""occ_b5b2ec9a92dde1328674"", ""occ_b84bf4c47c85e23bf934"", ""occ_b97d440a234e26af8603"", ""occ_bb282f941d95811b3765"", ""occ_bc25fc405db8299676e1"", ""occ_bc3936bcc5a8146acc9c"", ""occ_c01589ff553b69960d1e"", ""occ_c1810088b974cb26a4c8"", ""occ_c33ad1ee38a1fa2b2b53"", ""occ_c5d659614d529c16a22d"", ""occ_cc0b1d19d27b4fe3a664"", ""occ_cc1ec8f0677cef26e6e7"", ""occ_ce356b37554ec112c06e"", ""occ_cf41958a2a4528816d3d"", ""occ_cf996d7a2e748b793610"", ""occ_cfebae38a12b058056f3"", ""occ_d03f66ffaacf833979e1"", ""occ_d072cd0d26e114b4a2b9"", ""occ_d13c9b5963d91eb8b93c"", ""occ_d245253075a5e8b5b191"", ""occ_d65de4f23d532cbd4332"", ""occ_d7c3f604635e3311f5d7"", ""occ_dc560cef6e34e948c97a"", ""occ_df8ca4c2f6df5fd474ae"", ""occ_e37766fa7e97bae52884"", ""occ_e65b603c508a051174ca"", ""occ_e6fc0bbf36ab31e94f68"", ""occ_ea79a87caa7b61a52bf9"", ""occ_eaec0716ef5da5faa05d"", ""occ_eb2620bb7c423bb74034"", ""occ_f36fe5b7e415b5ec8ebe"", ""occ_f4fc28ad3b6780524c25"", ""occ_f5c5d49a478a69186d35"", ""occ_f9fcaffdc4994d5a86ff"", ""occ_fccfee8c9d9080164090""]",run_1f27e7f7434a9d682f85
term_a4d8754825c2477cadfe,overburden rate by income,measure,0.88,semantic-hybrid,True,title evidence with measure lexical cue,"[""occ_6dcacf355c24bb39d18c""]",run_1f27e7f7434a9d682f85
term_3900080cf4a770ad9245,overburden rate by poverty,measure,0.766451887729439,semantic-hybrid,False,semantic centroid/neighbor measure fallback,"[""occ_1ea585013f73c3ca447d""]",run_1f27e7f7434a9d682f85
term_807407b26016fe977d56,overburden rate by poverty status,measure,0.7726111180124138,semantic-hybrid,False,semantic centroid/neighbor measure fallback,"[""occ_56985a24ef4f62986f08""]",run_1f27e7f7434a9d682f85
term_eb720416ec76705e528b,overburden rate by tenure,measure,0.7620987537733336,semantic-hybrid,False,semantic centroid/neighbor measure fallback,"[""occ_9bb9107fcf587d0cb584""]",run_1f27e7f7434a9d682f85
term_7e1eb8d0a6ee6d7f315b,Overcrowding rate by age group - population,measure,0.88,semantic-hybrid,True,title evidence with measure lexical cue,"[""occ_441f894ac4795ae41256""]",run_1f27e7f7434a9d682f85
term_c6f1ede21f14461174d1,Overcrowding rate by age group - population without,measure,0.88,semantic-hybrid,True,title evidence with measure lexical cue,"[""occ_8e09daee3fb78acff5f8""]",run_1f27e7f7434a9d682f85
term_fb157caddad903bff802,Overcrowding rate by age group - population without single-person,measure,0.88,semantic-hybrid,True,title evidence with measure lexical cue,"[""occ_078918936cc005185c9a""]",run_1f27e7f7434a9d682f85
term_462c1513203af7c8e5e2,Overcrowding rate by age group - population without single-person households - EU-SILC survey,measure,0.88,semantic-hybrid,True,title evidence with measure lexical cue,"[""occ_104e01bbe31fb42628d2""]",run_1f27e7f7434a9d682f85
term_e46c404dbc568b8c9ea1,Overcrowding rate by degree of,measure,0.7631823843463517,semantic-hybrid,False,semantic centroid/neighbor measure fallback,"[""occ_157cc8841e7485d443a7"", ""occ_80c225df12f0e34e537f""]",run_1f27e7f7434a9d682f85
term_63e72f5b64212ddf7e4f,Overcrowding rate by degree of urbanisation - total population,measure,0.88,semantic-hybrid,True,title evidence with measure lexical cue,"[""occ_bd6cc1e6d374dd26e770""]",run_1f27e7f7434a9d682f85
term_0da121d0692b793f74eb,Overcrowding rate by household,measure,0.7634522638285655,semantic-hybrid,False,semantic centroid/neighbor measure fallback,"[""occ_6c4d46b2cd50205188c0""]",run_1f27e7f7434a9d682f85
term_49ea7b801196880b7cbb,Overcrowding rate by household type,measure,0.7744625939933556,semantic-hybrid,False,semantic centroid/neighbor measure fallback,"[""occ_7daf97cf5598ef2ce5fd""]",run_1f27e7f7434a9d682f85
term_f4b596ba67329ade9743,Overcrowding rate by household type - EU-SILC,measure,0.7666250670265932,semantic-hybrid,False,semantic centroid/neighbor measure fallback,"[""occ_1d09ce5050587529fb7a""]",run_1f27e7f7434a9d682f85
term_41815656f3f686b05c6f,Overcrowding rate by household type - EU-SILC survey,measure,0.7614717105554594,semantic-hybrid,False,semantic centroid/neighbor measure fallback,"[""occ_05c6349b7f0a428824ee""]",run_1f27e7f7434a9d682f85
term_e6a38ca7e73b36cfbbd1,Overcrowding rate by poverty status - population,measure,0.88,semantic-hybrid,True,title evidence with measure lexical cue,"[""occ_b2258ac72242fb76542a""]",run_1f27e7f7434a9d682f85
term_1a925d68bf6851c31ba1,Overcrowding rate by poverty status - population without,measure,0.88,semantic-hybrid,True,title evidence with measure lexical cue,"[""occ_210278d72b25fe1ebfb4""]",run_1f27e7f7434a9d682f85
term_54e03b87a74df8d45ee1,Overcrowding rate by poverty status - population without single-person,measure,0.88,semantic-hybrid,True,title evidence with measure lexical cue,"[""occ_0c163217487ceb87a36c""]",run_1f27e7f7434a9d682f85
term_65b7a817742d84dc8b39,Overcrowding rate by poverty status - population without single-person households - EU-SILC survey,measure,0.88,semantic-hybrid,True,title evidence with measure lexical cue,"[""occ_dab4277f2626af5c6a07""]",run_1f27e7f7434a9d682f85
term_fa73e836ef7d15001a92,Overcrowding rate by sex - population,measure,0.88,semantic-hybrid,True,title evidence with measure lexical cue,"[""occ_4dcc39564e706cd246c0""]",run_1f27e7f7434a9d682f85
term_6970f27e0e7d02cea720,Overcrowding rate by sex - population without,measure,0.88,semantic-hybrid,True,title evidence with measure lexical cue,"[""occ_a895dabb3db298f19e7f""]",run_1f27e7f7434a9d682f85
term_3290913ce936c1a3fc38,Overcrowding rate by sex - population without single-person,measure,0.88,semantic-hybrid,True,title evidence with measure lexical cue,"[""occ_677c5f674d441cc8256f""]",run_1f27e7f7434a9d682f85
term_3fd6e0b789799ff8ec5e,Overcrowding rate by sex - population without single-person households,measure,0.88,semantic-hybrid,True,title evidence with measure lexical cue,"[""occ_65a3b3b594b3adc33082""]",run_1f27e7f7434a9d682f85
term_a26d81c3f985547c93b7,Overcrowding rate by sex - population without single-person households - EU-SILC survey,measure,0.88,semantic-hybrid,True,title evidence with measure lexical cue,"[""occ_59caad8f6de48a6af033""]",run_1f27e7f7434a9d682f85
term_26490cbba0bceff791ef,Overcrowding rate by tenure status - total population,measure,0.88,semantic-hybrid,True,title evidence with measure lexical cue,"[""occ_fe46346341ead9788465""]",run_1f27e7f7434a9d682f85
term_d9bc839fe38afaf3208d,parents by age group - % over the population,measure,0.88,semantic-hybrid,True,title evidence with measure lexical cue,"[""occ_79e5b8444a67bf07edb1""]",run_1f27e7f7434a9d682f85
term_9d8a7b8560a366e7d9b6,parents by age group - % over the population of,measure,0.88,semantic-hybrid,True,title evidence with measure lexical cue,"[""occ_5c8eefe8b22261fdc5a8""]",run_1f27e7f7434a9d682f85
term_919fff7719a5083919c0,part-time employment,measure,0.88,semantic-hybrid,True,title evidence with measure lexical cue,"[""occ_08b22fab3fa91d31428a"", ""occ_3091c10635dec50d2470""]",run_1f27e7f7434a9d682f85
term_c959179fd99717013cd0,Part-time employment rate,measure,0.88,semantic-hybrid,True,title evidence with measure lexical cue,"[""occ_69c433d1936138369497""]",run_1f27e7f7434a9d682f85
term_841d1329067f9e0704e3,Participants in CVT courses by sex and size class - % of persons employed in enterprises providing CVT courses,measure,0.7815020703381748,semantic-hybrid,False,semantic centroid/neighbor measure fallback,"[""occ_e03c34dabaa9cab00257""]",run_1f27e7f7434a9d682f85
term_47b9219432ba9fa33c1f,Participation in tourism for personal purposes - % of total population,measure,0.88,semantic-hybrid,True,title evidence with measure lexical cue,"[""occ_46e904aa9601cac4ba0b""]",run_1f27e7f7434a9d682f85
term_6cdcf08e0a9124c92aae,"partner, by country of birth",measure,0.88,semantic-hybrid,True,title evidence with measure lexical cue,"[""occ_91c56bc5997abb5276f5""]",run_1f27e7f7434a9d682f85
term_cbe3f0c0c63df0d8189e,Passenger air transport over national territory (including territorial sea),measure,0.88,semantic-hybrid,True,title evidence with measure lexical cue,"[""occ_b8d432920b2559e5dd9c""]",run_1f27e7f7434a9d682f85
term_9680b4f19d0a8245842f,Passenger air transport over national territory (including territorial sea) - million passenger-km,measure,0.88,semantic-hybrid,True,title evidence with measure lexical cue,"[""occ_f1a96fce30959caffa09""]",run_1f27e7f7434a9d682f85
term_ded4bcecdf6431047f86,"Passenger cars in accompanied passenger car railway transport, by type of transport",measure,0.88,semantic-hybrid,True,title evidence with measure lexical cue,"[""occ_6a2bbc5b81c052c92f40""]",run_1f27e7f7434a9d682f85
term_d4ee21213e40c0f9e7c5,Passenger road transport,measure,0.88,semantic-hybrid,True,title evidence with measure lexical cue,"[""occ_7b635c2ff64f3f40f26a""]",run_1f27e7f7434a9d682f85
term_9c01f58c839e886cff89,Passenger road transport - ENP-East countries,measure,0.88,semantic-hybrid,True,title evidence with measure lexical cue,"[""occ_0bfc9ed74ae58367ed44""]",run_1f27e7f7434a9d682f85
term_4ddff1ab211bd24b2543,passenger transport relative to GDP,measure,0.88,semantic-hybrid,True,title evidence with measure lexical cue,"[""occ_6557a52e69d5076ce08f"", ""occ_b0fc1a0e7fb619087e43""]",run_1f27e7f7434a9d682f85
term_3016d8f4c9d8fbfa2d3f,Passengers (excluding cruise passengers) transported from/to the main ports,measure,0.88,semantic-hybrid,True,title evidence with measure lexical cue,"[""occ_c992dc17c7867a936f58""]",run_1f27e7f7434a9d682f85
term_8287815d3953999fafc9,Passengers (excluding cruise passengers) transported from/to the main ports quarterly data,measure,0.88,semantic-hybrid,True,title evidence with measure lexical cue,"[""occ_c3673c0785b7fbd50fcf"", ""occ_c9b1df578aac71e63b87""]",run_1f27e7f7434a9d682f85
term_54ab3a65984d82df4910,"Passengers in accompanied passenger car railway transport, by type of transport",measure,0.88,semantic-hybrid,True,title evidence with measure lexical cue,"[""occ_10f07c04648dd2f61302""]",run_1f27e7f7434a9d682f85
term_298c39b5e6c3879b2034,Passengers transported,measure,0.88,semantic-hybrid,True,title evidence with measure lexical cue,"[""occ_7519a698d0db78675d4b""]",run_1f27e7f7434a9d682f85
term_60ede498db7097a1bd4c,Passengers transported by type of train speed,measure,0.88,semantic-hybrid,True,title evidence with measure lexical cue,"[""occ_a9b7a2f05d9c3196baee""]",run_1f27e7f7434a9d682f85
term_48b5572f1ffdef5a54f5,Payments for non-market output,measure,0.7607915040941893,semantic-hybrid,False,semantic centroid/neighbor measure fallback,"[""occ_ba1f5fbd2f275a833ccc""]",run_1f27e7f7434a9d682f85
term_4b3c957b0cfecaad8b42,People aged 18-59 living in jobless households: share of persons aged 18-59 who are living in households where no-one works,measure,0.7663681472935209,semantic-hybrid,False,semantic centroid/neighbor measure fallback,"[""occ_05709c28784ecd18dc40"", ""occ_122615f1dd48224dc873"", ""occ_13dce508e1c2eb8c0c99"", ""occ_1d139ddcf9aa775b0b62"", ""occ_20528b03db922159aeab"", ""occ_33596f44ddcb48899d03"", ""occ_420d9b4dee4560f819a7"", ""occ_442ae970a6786575c9ca"", ""occ_48a928b3bb206cab21ad"", ""occ_49600736ae0d922d5622"", ""occ_4fec965955a80e3b1ab0"", ""occ_61a8f6732f60a7b09ab1"", ""occ_62ec3c08d692b9b67b15"", ""occ_761d826257e1ebee0bd5"", ""occ_78513944f6bb653b5020"", ""occ_7b5be1d9c4a0a5929b2e"", ""occ_848ebb4c4104c0547ca0"", ""occ_858eb2a4e728a5867f8b"", ""occ_8746c286009be0a560ce"", ""occ_87d029d008a7e01b61b1"", ""occ_8fe1c9e8dd03c91aa600"", ""occ_9ed4816077d9af1920f0"", ""occ_a72e99e79014d189e660"", ""occ_ab7bbe3c380ed615cf16"", ""occ_b0578c1334ecb238dc89"", ""occ_bc8606e80bb61c9b2417"", ""occ_bfbaa9072d30f8cec152"", ""occ_c8f1d3bb37c146aabf49"", ""occ_d75d89eff7351989c861"", ""occ_d999fad5e6ce2d7b81c3"", ""occ_da00334d62cfefcc3050"", ""occ_f0f5c04bd7ec8cca74b9"", ""occ_f11fe303bbfe1a9492b8"", ""occ_f557a771163f344245d1"", ""occ_fbb40b9341ed090130fb"", ""occ_fd599ec3d3133468da02""]",run_1f27e7f7434a9d682f85
term_3aa0754256af481844cb,People at risk of poverty or social exclusion by age,measure,0.7674711490986212,semantic-hybrid,False,semantic centroid/neighbor measure fallback,"[""occ_552c5d1f747032c6a81a""]",run_1f27e7f7434a9d682f85
term_645f9acb5239d112b13e,People at risk of poverty or social exclusion by sex,measure,0.7612355178912151,semantic-hybrid,False,semantic centroid/neighbor measure fallback,"[""occ_085d95e39c0b49d94656""]",run_1f27e7f7434a9d682f85
term_91b96eb4e06488898c52,People living in households with very low work intensity,measure,0.7690583807847677,semantic-hybrid,False,semantic centroid/neighbor measure fallback,"[""occ_37a33525e2b903051f40""]",run_1f27e7f7434a9d682f85
term_cda4f4bf293e6e9e650a,People living in households with very low work intensity by sex,measure,0.7856049025818087,semantic-hybrid,False,semantic centroid/neighbor measure fallback,"[""occ_b1b57cfcacaec834c953""]",run_1f27e7f7434a9d682f85
term_2c38fafe65ca58d949f0,per 1000 of corresponding age population,measure,0.88,semantic-hybrid,True,title evidence with measure lexical cue,"[""occ_8293e27330e268dc7c46""]",run_1f27e7f7434a9d682f85
term_168ecab44379d3675cd3,per 1000 of population,measure,0.88,semantic-hybrid,True,title evidence with measure lexical cue,"[""occ_4ed8cb4dfa790075022b"", ""occ_c5edc33d14d77c001ea4""]",run_1f27e7f7434a9d682f85
term_65e12e0871ca0ad99df7,per 1000 of population aged,measure,0.88,semantic-hybrid,True,title evidence with measure lexical cue,"[""occ_afdbbb0a14e395b9448d"", ""occ_fc4b4b5b101b5b7c3d8c""]",run_1f27e7f7434a9d682f85
term_6c398553c4d684b6aba1,per 1000 of population aged 25-34,measure,0.88,semantic-hybrid,True,title evidence with measure lexical cue,"[""occ_2220923b4c86037e0a8d"", ""occ_aa715649f9c9250844bc""]",run_1f27e7f7434a9d682f85
term_e7ff8ada18e3887a9177,per GDP unit,measure,0.88,semantic-hybrid,True,title evidence with measure lexical cue,"[""occ_34cac87f0e2fd7019636""]",run_1f27e7f7434a9d682f85
term_20691e3f83652812c82e,per inhabitant at constant prices,measure,0.88,semantic-hybrid,True,title evidence with measure lexical cue,"[""occ_9dae4999626d40a11469""]",run_1f27e7f7434a9d682f85
term_137525282fb47865809b,per person employed in all enterprises,measure,0.7615406955307161,semantic-hybrid,False,semantic centroid/neighbor measure fallback,"[""occ_4059285f5b81e877f9ab"", ""occ_6c6be26ceb42c2e641b6"", ""occ_e99d5cbb2f8f557cf50f""]",run_1f27e7f7434a9d682f85
term_3cad8ca038de71ce21fa,per person employed in enterprises providing CVT courses,measure,0.7800906173809408,semantic-hybrid,False,semantic centroid/neighbor measure fallback,"[""occ_25abc96527056c741904"", ""occ_c6e4ab9d6a4226cad4c7"", ""occ_cde21180e0c61cc233a8""]",run_1f27e7f7434a9d682f85
term_af6b24ab4d402886aae7,per week of full-time employment,measure,0.88,semantic-hybrid,True,title evidence with measure lexical cue,"[""occ_2d4d0d99260f867aa271""]",run_1f27e7f7434a9d682f85
term_a0515b11073ddcd7b0da,"perpetrator, by country of birth",measure,0.88,semantic-hybrid,True,title evidence with measure lexical cue,"[""occ_23d00c80fd63fa249270"", ""occ_63fee575ad07439137b2""]",run_1f27e7f7434a9d682f85
term_2e2c2057a20e52d3b9c7,Persistent at-risk-of poverty rate by age,measure,0.7651920947688768,semantic-hybrid,False,semantic centroid/neighbor measure fallback,"[""occ_4d5293bec5473b5fe23d""]",run_1f27e7f7434a9d682f85
term_4ed0dcb07fce1bec573c,Persistent at-risk-of poverty rate by sex,measure,0.764692361474968,semantic-hybrid,False,semantic centroid/neighbor measure fallback,"[""occ_880dce06d5e864bb5b3c""]",run_1f27e7f7434a9d682f85
term_579081fdc6cfc8b9c1ec,personal purposes - % of total population,measure,0.88,semantic-hybrid,True,title evidence with measure lexical cue,"[""occ_57a4fa738c2411882aec""]",run_1f27e7f7434a9d682f85
term_f2fbd4df619ef38a72c7,personnel in total employment,measure,0.88,semantic-hybrid,True,title evidence with measure lexical cue,"[""occ_3236ed7357023efa529f"", ""occ_e8546fc99bf2d8d10dab""]",run_1f27e7f7434a9d682f85
term_d47e67a2615681a65716,persons (aged 15-24) neither in employment,measure,0.88,semantic-hybrid,True,title evidence with measure lexical cue,"[""occ_1c353a8f69fdb9481eb6""]",run_1f27e7f7434a9d682f85
term_06979c5ac2c624b9b8d8,persons (aged 15-24) neither in employment nor,measure,0.88,semantic-hybrid,True,title evidence with measure lexical cue,"[""occ_54d9a98a998cbc3d228a""]",run_1f27e7f7434a9d682f85
term_3db58ab33503f5e8f58c,persons (aged 15-24) neither in employment nor in,measure,0.88,semantic-hybrid,True,title evidence with measure lexical cue,"[""occ_2ad130ab52bfde6fe81e""]",run_1f27e7f7434a9d682f85
term_665caf7a5d93295126cd,Persons at risk of monetary poverty after social transfers,measure,0.7680770966084144,semantic-hybrid,False,semantic centroid/neighbor measure fallback,"[""occ_61e732250a16758e819e""]",run_1f27e7f7434a9d682f85
term_96ad3c5131a392b46677,Persons at risk of monetary poverty after social transfers - EU-SILC and ECHP surveys,measure,0.7775926781918702,semantic-hybrid,False,semantic centroid/neighbor measure fallback,"[""occ_3a6e2fbdfdd3d5aac2ca""]",run_1f27e7f7434a9d682f85
term_834a25062d85c3dd918f,Persons at risk of monetary poverty after social transfers by citizenship,measure,0.7626903255629348,semantic-hybrid,False,semantic centroid/neighbor measure fallback,"[""occ_e39e168a96315284b1f9""]",run_1f27e7f7434a9d682f85
term_61a3e10eb6e99356bc29,Persons at risk of poverty or social exclusion by degree of urbanisation,measure,0.7635808700498817,semantic-hybrid,False,semantic centroid/neighbor measure fallback,"[""occ_01e8457eb5df9a56685f""]",run_1f27e7f7434a9d682f85
term_4dccdfc285e402f7d63f,Persons employed in aviation and airport enterprises by sex,measure,0.7724250117865006,semantic-hybrid,False,semantic centroid/neighbor measure fallback,"[""occ_7d4ee43c09e2a6d0384f""]",run_1f27e7f7434a9d682f85
term_964dabd5c3d9c94c9292,Persons employed in circular economy sectors,measure,0.7729480007535465,semantic-hybrid,False,semantic centroid/neighbor measure fallback,"[""occ_74018dfaadffb6b2427d""]",run_1f27e7f7434a9d682f85
term_a3677d8c6276e767b3fe,Persons employed in goods road transport enterprises by employment size classes,measure,0.88,semantic-hybrid,True,title evidence with measure lexical cue,"[""occ_b16cc2d0265d2204bf7e""]",run_1f27e7f7434a9d682f85
term_83071806be9a1b00d7c3,Persons employed in goods road transport enterprises by sex,measure,0.88,semantic-hybrid,True,title evidence with measure lexical cue,"[""occ_027d8b68e15a32a8e80e""]",run_1f27e7f7434a9d682f85
term_43cbbf3cd086d84256a0,Persons employed in multinational enterprise groups by size class,measure,0.785592806372103,semantic-hybrid,False,semantic centroid/neighbor measure fallback,"[""occ_92058cc491c26e9a0bc8""]",run_1f27e7f7434a9d682f85
term_de8158adb886942a396a,Persons employed in multinational enterprise groups by size class - experimental statistics,measure,0.7890707180877174,semantic-hybrid,False,semantic centroid/neighbor measure fallback,"[""occ_75bbd19d9e799cb621d3""]",run_1f27e7f7434a9d682f85
term_8399d790e88283f98a1a,Persons employed in principal railway enterprises by sex,measure,0.78186996392372,semantic-hybrid,False,semantic centroid/neighbor measure fallback,"[""occ_b7c8fdcbc2f158ffd768""]",run_1f27e7f7434a9d682f85
term_e210738148440648af16,persons exposed to employment-related,measure,0.88,semantic-hybrid,True,title evidence with measure lexical cue,"[""occ_ba7e75dabe95b2906f44""]",run_1f27e7f7434a9d682f85
term_1b6d3215b77dddaba0d4,persons exposed to employment-related physical,measure,0.88,semantic-hybrid,True,title evidence with measure lexical cue,"[""occ_19f701513ad49065b054""]",run_1f27e7f7434a9d682f85
term_e2220140c31ccecbd8a4,"persons exposed to employment-related physical, psychological",measure,0.88,semantic-hybrid,True,title evidence with measure lexical cue,"[""occ_791c446b8519ea0c15a6""]",run_1f27e7f7434a9d682f85
term_74b59e18eac6fa4ec9f5,"persons exposed to employment-related physical, psychological or",measure,0.88,semantic-hybrid,True,title evidence with measure lexical cue,"[""occ_c4d7e34fc6c8316a19bc""]",run_1f27e7f7434a9d682f85
term_b1571061e57a161863d6,"persons exposed to employment-related physical, psychological or sexual",measure,0.88,semantic-hybrid,True,title evidence with measure lexical cue,"[""occ_82d80a44b1e72fcf07af""]",run_1f27e7f7434a9d682f85
term_fb2d1f9e0c3937daf87d,Persons having experienced housing difficulties in their lifetime by sex and current risk of poverty or social exclusion situation,measure,0.7654765071417509,semantic-hybrid,False,semantic centroid/neighbor measure fallback,"[""occ_62fedc29f64dab7368fc""]",run_1f27e7f7434a9d682f85
term_d231c73501a8c2085599,Persons having experienced housing difficulties in their lifetime by sex and group of country of birth,measure,0.88,semantic-hybrid,True,title evidence with measure lexical cue,"[""occ_bb29b44dcc98d59f1250""]",run_1f27e7f7434a9d682f85
term_efef353395c4dc08a074,Persons having experienced housing difficulties in their lifetime by sex and group of current country of citizenship,measure,0.7699274521786836,semantic-hybrid,False,semantic centroid/neighbor measure fallback,"[""occ_78f41e44e22359c51fa2""]",run_1f27e7f7434a9d682f85
term_8e51162c511e64dbb6b9,Persons having experienced housing difficulties in their lifetime by sex and type of temporary solution (effect),measure,0.7644061093832211,semantic-hybrid,False,semantic centroid/neighbor measure fallback,"[""occ_a6694260b1403f3727af""]",run_1f27e7f7434a9d682f85
term_fe74103ae4baa4ea6a16,"Persons living in households with very low work intensity, by age group",measure,0.778051277323741,semantic-hybrid,False,semantic centroid/neighbor measure fallback,"[""occ_5b0f57849b8afcca9387""]",run_1f27e7f7434a9d682f85
term_36c7bdef89a6f17bfe7e,persons neither in employment,measure,0.88,semantic-hybrid,True,title evidence with measure lexical cue,"[""occ_3817fae8ac3a8dbceeaa"", ""occ_8afbda4e6073fa8d657e""]",run_1f27e7f7434a9d682f85
term_18983997d333ba0d9bda,persons neither in employment nor,measure,0.88,semantic-hybrid,True,title evidence with measure lexical cue,"[""occ_6be7eec1935fd90bb9dd"", ""occ_95e5c8e4c277a10fa7ef""]",run_1f27e7f7434a9d682f85
term_7a722021f871709e93f4,persons neither in employment nor in,measure,0.88,semantic-hybrid,True,title evidence with measure lexical cue,"[""occ_3ae4c21c70e315c52da6"", ""occ_d71d36f759f9c339012b""]",run_1f27e7f7434a9d682f85
term_36325a2fdacb20f1ed46,persons neither in employment nor in education,measure,0.88,semantic-hybrid,True,title evidence with measure lexical cue,"[""occ_ed4d8707b5d5e0cc11fb"", ""occ_fe9dc1f9f6fcb0d3a101""]",run_1f27e7f7434a9d682f85
term_178189a786ca04308415,persons neither in employment nor in education and,measure,0.88,semantic-hybrid,True,title evidence with measure lexical cue,"[""occ_bc6dea46b981f44fab53"", ""occ_fe5ac03ee5d9807ab724""]",run_1f27e7f7434a9d682f85
term_96a5f1cccf9b1a3f52e1,Persons outside the labour force due to caring responsibilities by sex,measure,0.7771482074567179,semantic-hybrid,False,semantic centroid/neighbor measure fallback,"[""occ_74e7757f8abf89b2c3aa""]",run_1f27e7f7434a9d682f85
term_155f68a9d0bb78c1747e,Persons outside the labour force who receive a pension who would have wished to stay longer in employment,measure,0.88,semantic-hybrid,True,title evidence with measure lexical cue,"[""occ_6497f7061674ae785374""]",run_1f27e7f7434a9d682f85
term_109c7527c2782f5e5b6d,Persons owning real estate other than main residence by income quantile,measure,0.88,semantic-hybrid,True,title evidence with measure lexical cue,"[""occ_71d7c9fa014932706e61""]",run_1f27e7f7434a9d682f85
term_00883e395cea1167bd39,Persons owning real estate other than main residence by risk of poverty threshold,measure,0.7786576445675838,semantic-hybrid,False,semantic centroid/neighbor measure fallback,"[""occ_2f4c4d49dd11b3fbe7d2""]",run_1f27e7f7434a9d682f85
term_d2f14aff04e6b38ff1b0,Persons receiving benefits (other than old age benefits) by risk of poverty and work intensity of the household (population aged 18 to 64),measure,0.88,semantic-hybrid,True,title evidence with measure lexical cue,"[""occ_4398d0e5c12c89e096a1""]",run_1f27e7f7434a9d682f85
term_7298b00f10d396243185,Persons who receive a pension by type,measure,0.761591348354741,semantic-hybrid,False,semantic centroid/neighbor measure fallback,"[""occ_ca0e37a5b664f8b57574""]",run_1f27e7f7434a9d682f85
term_3fb4d8aaa9743e4baabd,"Persons with loans for purposes other than property, transport, education and daily living expenses by risk of poverty threshold",measure,0.88,semantic-hybrid,True,title evidence with measure lexical cue,"[""occ_9752f0b7f3697f5e929b""]",run_1f27e7f7434a9d682f85
term_782651427b7030ca5928,Persons with loans for transport purposes by risk of poverty threshold,measure,0.88,semantic-hybrid,True,title evidence with measure lexical cue,"[""occ_2ce4f037086b2d9922cd""]",run_1f27e7f7434a9d682f85
term_f614029de8cffb0f8f18,Persons with loans to cover daily living expenses by risk of poverty threshold,measure,0.7618926256835746,semantic-hybrid,False,semantic centroid/neighbor measure fallback,"[""occ_1a675a0a98afe4e15af0""]",run_1f27e7f7434a9d682f85
term_8ed43221228d6d3957b0,Pesticide sales,measure,0.88,semantic-hybrid,True,title evidence with measure lexical cue,"[""occ_9673be296294ffbde29b""]",run_1f27e7f7434a9d682f85
term_54018391fa24ac9b05b5,Pesticide sales by,measure,0.88,semantic-hybrid,True,title evidence with measure lexical cue,"[""occ_42f16fa9b67855ab3c77""]",run_1f27e7f7434a9d682f85
term_fccd50feb1af5904dfa2,Pesticide sales by categorisation,measure,0.88,semantic-hybrid,True,title evidence with measure lexical cue,"[""occ_9550823b80ea7e1f97ac""]",run_1f27e7f7434a9d682f85
term_0e67cb8e9a7b7e0b1c56,Pesticide sales by categorisation of,measure,0.88,semantic-hybrid,True,title evidence with measure lexical cue,"[""occ_1eba29e3aab6c63619ba""]",run_1f27e7f7434a9d682f85
term_89286216b23c4a353b5d,Pesticide sales by categorisation of active,measure,0.88,semantic-hybrid,True,title evidence with measure lexical cue,"[""occ_9779f54e7a44f8642bd7""]",run_1f27e7f7434a9d682f85
term_ee85c78292b759908a3d,Pesticide sales by categorisation of active substances,measure,0.88,semantic-hybrid,True,title evidence with measure lexical cue,"[""occ_e21eaeed48a291d46ae6""]",run_1f27e7f7434a9d682f85
term_a00be7cd961409a92864,platform income,measure,0.88,semantic-hybrid,True,title evidence with measure lexical cue,"[""occ_52d1d49926e3c115bfcd""]",run_1f27e7f7434a9d682f85
term_cecd10576c73268a45bd,pocket expenditure on healthcare,measure,0.88,semantic-hybrid,True,title evidence with measure lexical cue,"[""occ_ddf059043063595dbf45""]",run_1f27e7f7434a9d682f85
term_b571a706bfa52a45b347,Population (aged,measure,0.88,semantic-hybrid,True,title evidence with measure lexical cue,"[""occ_99c4192bbcfc8e21f90e"", ""occ_c4f7c12367505a64db10"", ""occ_d9f165e33c07eca3662f"", ""occ_fd5de6a13912f3b4fee7""]",run_1f27e7f7434a9d682f85
term_833c6f73742406bcbc0a,Population (aged 20-24,measure,0.88,semantic-hybrid,True,title evidence with measure lexical cue,"[""occ_236e58eb24616d69838f""]",run_1f27e7f7434a9d682f85
term_be07e951ae1ec2fb0846,Population (aged 20-24) who,measure,0.88,semantic-hybrid,True,title evidence with measure lexical cue,"[""occ_5293a8e9b2960b1f047e""]",run_1f27e7f7434a9d682f85
term_0c03bcfe380e1811029b,Population (aged 20-24) who completed,measure,0.88,semantic-hybrid,True,title evidence with measure lexical cue,"[""occ_d54e53518004cad4f545""]",run_1f27e7f7434a9d682f85
term_5483dd56c01fc7494e52,Population (aged 20-24) who completed at,measure,0.88,semantic-hybrid,True,title evidence with measure lexical cue,"[""occ_ed802cdf1749fd0f5af4""]",run_1f27e7f7434a9d682f85
term_965b92a0039b4ee9d00b,Population (aged 20-24) who completed at least,measure,0.88,semantic-hybrid,True,title evidence with measure lexical cue,"[""occ_a19cf0e471c9fb7b2b14""]",run_1f27e7f7434a9d682f85
term_8a6251dcad167d73dd45,Population (aged 20-24) who completed at least an,measure,0.88,semantic-hybrid,True,title evidence with measure lexical cue,"[""occ_c08dffe8a6571f110721""]",run_1f27e7f7434a9d682f85
term_3c74886439e5cd2fb286,Population (aged 20-24) who completed at least an upper secondary educational attainment level (ISCED level 3) by sex,measure,0.88,semantic-hybrid,True,title evidence with measure lexical cue,"[""occ_c47a3d1b0b67bf206387""]",run_1f27e7f7434a9d682f85
term_3499e3c7d17ee0abdf55,Population (aged 20-24) who completed at least an upper secondary educational attainment level (ISCED level 3) by sex - ENP-South countries,measure,0.88,semantic-hybrid,True,title evidence with measure lexical cue,"[""occ_ef989a44ec84b4a9b8d9""]",run_1f27e7f7434a9d682f85
term_ba64df8031ced2eac33c,Population (aged 25,measure,0.88,semantic-hybrid,True,title evidence with measure lexical cue,"[""occ_2c696c256f2145339343""]",run_1f27e7f7434a9d682f85
term_cbdb4305383a65145f59,Population (aged 25 and,measure,0.88,semantic-hybrid,True,title evidence with measure lexical cue,"[""occ_3ddff4f41ce8dd198cbd""]",run_1f27e7f7434a9d682f85
term_7be5469a6652b13a08de,Population (aged 25 and over,measure,0.88,semantic-hybrid,True,title evidence with measure lexical cue,"[""occ_e33de65b49c5f1805514""]",run_1f27e7f7434a9d682f85
term_fa297de8338f783dcb6a,Population (aged 25 and over) by,measure,0.88,semantic-hybrid,True,title evidence with measure lexical cue,"[""occ_2227590c53480cde4705""]",run_1f27e7f7434a9d682f85
term_f8c3a8c74164abccfb56,Population (aged 25 and over) by sex,measure,0.88,semantic-hybrid,True,title evidence with measure lexical cue,"[""occ_4450b32ba536169fd3e1""]",run_1f27e7f7434a9d682f85
term_79a1649f74b441d254e2,Population (aged 25 and over) by sex and,measure,0.88,semantic-hybrid,True,title evidence with measure lexical cue,"[""occ_1fbef45c880232b263b2""]",run_1f27e7f7434a9d682f85
term_99b168fc5730e52ce37d,Population (aged 25 and over) by sex and educational attainment level,measure,0.88,semantic-hybrid,True,title evidence with measure lexical cue,"[""occ_235ba5b5b8faeb8b99bb""]",run_1f27e7f7434a9d682f85
term_752a4d2a5b755187bcc4,Population (aged 25 and over) by sex and educational attainment level - ENP-South countries,measure,0.88,semantic-hybrid,True,title evidence with measure lexical cue,"[""occ_cf72b11cda8e70566b06""]",run_1f27e7f7434a9d682f85
term_e4408aef39c45d53b07f,Population (aged 30-34,measure,0.88,semantic-hybrid,True,title evidence with measure lexical cue,"[""occ_9db77b507e37d7080f97"", ""occ_f9a113d4f1b7317a9632""]",run_1f27e7f7434a9d682f85
term_13c0d0607d92080bfffc,Population (aged 30-34) who,measure,0.88,semantic-hybrid,True,title evidence with measure lexical cue,"[""occ_2142f5ecd94077ea27ae""]",run_1f27e7f7434a9d682f85
term_7bf97df8054d028996dd,Population (aged 30-34) who completed,measure,0.88,semantic-hybrid,True,title evidence with measure lexical cue,"[""occ_aac8e14228ede439b13e""]",run_1f27e7f7434a9d682f85
term_c47696119cdb9c92d7ef,Population (aged 30-34) who completed tertiary,measure,0.88,semantic-hybrid,True,title evidence with measure lexical cue,"[""occ_cfacc4f5e492e0f5ae0c""]",run_1f27e7f7434a9d682f85
term_49ce13a330988bb59723,Population (aged 30-34) who completed tertiary or,measure,0.88,semantic-hybrid,True,title evidence with measure lexical cue,"[""occ_249de5a4e1b881a655f0""]",run_1f27e7f7434a9d682f85
term_2c8c0c8c6ab4970569ba,Population (aged 30-34) who completed tertiary or equivalent education,measure,0.88,semantic-hybrid,True,title evidence with measure lexical cue,"[""occ_4426a4dafc9de5b379b6""]",run_1f27e7f7434a9d682f85
term_2bc18f78c89d4d2ce3fe,Population (aged 30-34) who completed tertiary or equivalent education - ENP-East countries,measure,0.88,semantic-hybrid,True,title evidence with measure lexical cue,"[""occ_c046a9ee53280a757c36""]",run_1f27e7f7434a9d682f85
term_34fef0d51c89c9bb3b2b,Population (aged 30-34) with,measure,0.88,semantic-hybrid,True,title evidence with measure lexical cue,"[""occ_9d63cd5bf997a9844ba8""]",run_1f27e7f7434a9d682f85
term_6d04b972f9d40bf6aa35,Population (aged 30-34) with tertiary,measure,0.88,semantic-hybrid,True,title evidence with measure lexical cue,"[""occ_19e0bd896150207325af""]",run_1f27e7f7434a9d682f85
term_fd4d63ebfe04990ab349,Population (aged 30-34) with tertiary educational,measure,0.88,semantic-hybrid,True,title evidence with measure lexical cue,"[""occ_259109eda1336ce44f89""]",run_1f27e7f7434a9d682f85
term_05e1ae55adc9f2a59adf,Population (aged 30-34) with tertiary educational attainment,measure,0.88,semantic-hybrid,True,title evidence with measure lexical cue,"[""occ_bef56ce8f211c8dcfe49""]",run_1f27e7f7434a9d682f85
term_6836018ddc7d00814c2e,Population (aged 30-34) with tertiary educational attainment level,measure,0.88,semantic-hybrid,True,title evidence with measure lexical cue,"[""occ_278f41746f9cf9aadee8""]",run_1f27e7f7434a9d682f85
term_c287e0ca5232e6163718,Population (aged 30-34) with tertiary educational attainment level by sex,measure,0.88,semantic-hybrid,True,title evidence with measure lexical cue,"[""occ_4d4c762c53e30e3f6861""]",run_1f27e7f7434a9d682f85
term_1b90afffca9ec8575b3d,population (mid-year,measure,0.88,semantic-hybrid,True,title evidence with measure lexical cue,"[""occ_4685fc3e07c26620c4b6""]",run_1f27e7f7434a9d682f85
term_a6a0bbee35ac73b4d1eb,population - annual,measure,0.88,semantic-hybrid,True,title evidence with measure lexical cue,"[""occ_ab0b0193cd59d30b055c""]",run_1f27e7f7434a9d682f85
term_f675d25c806cd0d7219b,population - annual data,measure,0.88,semantic-hybrid,True,title evidence with measure lexical cue,"[""occ_0432e4d06e4b9dd66ca0""]",run_1f27e7f7434a9d682f85
term_76bb631a1b238cc190ea,population aged,measure,0.88,semantic-hybrid,True,title evidence with measure lexical cue,"[""occ_6d11a590c887dee63589"", ""occ_9fa30f22983bf8f93cfc""]",run_1f27e7f7434a9d682f85
term_4e6af078d3d5dd8f0416,population aged 0 to 17,measure,0.88,semantic-hybrid,True,title evidence with measure lexical cue,"[""occ_01b948ed8b2dc9e0f9ea"", ""occ_a4f3ae7f9d061b781572""]",run_1f27e7f7434a9d682f85
term_115cd081bf014f5f1d4b,Population aged 15-74,measure,0.88,semantic-hybrid,True,title evidence with measure lexical cue,"[""occ_fd9fc192ecb47cae3d6f""]",run_1f27e7f7434a9d682f85
term_b5f7fddb5fb343629633,Population aged 15-74 in,measure,0.88,semantic-hybrid,True,title evidence with measure lexical cue,"[""occ_fa1846c3d5c49eb139e7""]",run_1f27e7f7434a9d682f85
term_781df898878c24bdf652,Population aged 15-74 in private,measure,0.88,semantic-hybrid,True,title evidence with measure lexical cue,"[""occ_bbcf62703e3e3f4c2f2a""]",run_1f27e7f7434a9d682f85
term_de2c10dc4ca88dbd36ca,Population aged 15-74 in private households,measure,0.88,semantic-hybrid,True,title evidence with measure lexical cue,"[""occ_4990595300ff229e0afe""]",run_1f27e7f7434a9d682f85
term_00794e6316ee6533eb31,Population aged 15-74 in private households - LFS,measure,0.88,semantic-hybrid,True,title evidence with measure lexical cue,"[""occ_74f448178abef376ca24""]",run_1f27e7f7434a9d682f85
term_c2fd3edf15d1c49a3a88,population aged 18 and over,measure,0.88,semantic-hybrid,True,title evidence with measure lexical cue,"[""occ_ee88868863259dbe4ce5""]",run_1f27e7f7434a9d682f85
term_050be19d56d9dad2e48f,population aged 18 to 64,measure,0.88,semantic-hybrid,True,title evidence with measure lexical cue,"[""occ_b31c3d57ba2fc18d1293""]",run_1f27e7f7434a9d682f85
term_a99abd2a3e994b929f5d,population aged 25-34,measure,0.88,semantic-hybrid,True,title evidence with measure lexical cue,"[""occ_71fc364a2dd1dd59ec81"", ""occ_b7b7edec159de7de40e4""]",run_1f27e7f7434a9d682f85
term_4fdeedfc17e9b429e5e8,population aged 65,measure,0.88,semantic-hybrid,True,title evidence with measure lexical cue,"[""occ_75fd0d4a381d6d4ab3a6""]",run_1f27e7f7434a9d682f85
term_832d2616d910804b3722,population aged 65 and over,measure,0.88,semantic-hybrid,True,title evidence with measure lexical cue,"[""occ_2767b1d1ad1f5fd5c448"", ""occ_cf90a94a565fdf98e39e""]",run_1f27e7f7434a9d682f85
term_e3c1ae531a0579b9816b,population by household,measure,0.88,semantic-hybrid,True,title evidence with measure lexical cue,"[""occ_7dedca765d35e6ad9207""]",run_1f27e7f7434a9d682f85
term_abb423cae092f30db01c,population by household types,measure,0.88,semantic-hybrid,True,title evidence with measure lexical cue,"[""occ_3bfb1286a8bf3b658be7""]",run_1f27e7f7434a9d682f85
term_2b63c5197b9d8134f9d0,Population change - crude,measure,0.88,semantic-hybrid,True,title evidence with measure lexical cue,"[""occ_594b67242eef1da6a927""]",run_1f27e7f7434a9d682f85
term_cc1f20099e7239adb949,Population change - crude rates,measure,0.88,semantic-hybrid,True,title evidence with measure lexical cue,"[""occ_d2d9f90d079eace2a90f""]",run_1f27e7f7434a9d682f85
term_64e20bb86a28ea7f2225,Population change - crude rates of,measure,0.88,semantic-hybrid,True,title evidence with measure lexical cue,"[""occ_e70bb5290772ef70cdd9""]",run_1f27e7f7434a9d682f85
term_9f660ff7a07a2724a413,Population change - crude rates of total,measure,0.88,semantic-hybrid,True,title evidence with measure lexical cue,"[""occ_4fcff9fd1cd7bc43b3c9""]",run_1f27e7f7434a9d682f85
term_65ee64c817be7dcb6ed7,Population change - crude rates of total change,measure,0.88,semantic-hybrid,True,title evidence with measure lexical cue,"[""occ_f7493190601ca7e5002e""]",run_1f27e7f7434a9d682f85
term_e1b7f4907c0c00ef405a,"Population change - crude rates of total change, natural",measure,0.88,semantic-hybrid,True,title evidence with measure lexical cue,"[""occ_ec5021eb585516cadd6e""]",run_1f27e7f7434a9d682f85
term_1235dd822d5ad1200534,"Population change - crude rates of total change, natural change and net migration plus adjustment",measure,0.88,semantic-hybrid,True,title evidence with measure lexical cue,"[""occ_bb76fa2224fed33156fc""]",run_1f27e7f7434a9d682f85
term_103e956ac9c608c5202a,Population connected,measure,0.88,semantic-hybrid,True,title evidence with measure lexical cue,"[""occ_44eb270b988d542a61f6"", ""occ_8314fa5e8f058d6099f9"", ""occ_981a6838c2fd5adbccc9"", ""occ_988c5ff7f85c3ea307bd"", ""occ_a1f02b684480f15c3ecf""]",run_1f27e7f7434a9d682f85
term_9f09e868696ddc0cc8e0,Population connected to,measure,0.88,semantic-hybrid,True,title evidence with measure lexical cue,"[""occ_324a8e8294e89d0ccc31"", ""occ_815d4577f65133e0977b"", ""occ_887f81ee642105df7b19"", ""occ_9a7aa8d8984d30ac36a0"", ""occ_c3c9bf9cab00e467b5e3""]",run_1f27e7f7434a9d682f85
term_91aa8c6c2da4f2b8d3c2,Population connected to at,measure,0.88,semantic-hybrid,True,title evidence with measure lexical cue,"[""occ_ebcc1c9b52da677eeca2""]",run_1f27e7f7434a9d682f85
term_dfddd6d20ba26e69d50c,Population connected to at least,measure,0.88,semantic-hybrid,True,title evidence with measure lexical cue,"[""occ_dcbd5a46f462544b7665""]",run_1f27e7f7434a9d682f85
term_c25b18053d23468d2f7b,Population connected to at least secondary,measure,0.88,semantic-hybrid,True,title evidence with measure lexical cue,"[""occ_6b054557c3eff2ff6a14""]",run_1f27e7f7434a9d682f85
term_d75d153e5b721724c77e,Population connected to at least secondary wastewater,measure,0.88,semantic-hybrid,True,title evidence with measure lexical cue,"[""occ_b0ea350eff48f51c5206""]",run_1f27e7f7434a9d682f85
term_66a7a8627044b4d0fc6a,Population connected to at least secondary wastewater treatment,measure,0.88,semantic-hybrid,True,title evidence with measure lexical cue,"[""occ_231bc3e1a6b189005efc""]",run_1f27e7f7434a9d682f85
term_e5f500e7117daadd56ec,Population connected to public,measure,0.88,semantic-hybrid,True,title evidence with measure lexical cue,"[""occ_096dc1bf83965e10e3c8"", ""occ_16365fe5fc86b67cbdad""]",run_1f27e7f7434a9d682f85
term_ea98ca98782aa8ab5cda,Population connected to public water,measure,0.88,semantic-hybrid,True,title evidence with measure lexical cue,"[""occ_3aaf4e9dada11f5eea54"", ""occ_c138e8f0abb47bc3ae35""]",run_1f27e7f7434a9d682f85
term_cf56f1dfab3dc9ee0cee,Population connected to public water supply - ENP-South,measure,0.88,semantic-hybrid,True,title evidence with measure lexical cue,"[""occ_05517f971f845d42c1c6""]",run_1f27e7f7434a9d682f85
term_cb772a85556d4c34b572,Population connected to public water supply - ENP-South countries,measure,0.88,semantic-hybrid,True,title evidence with measure lexical cue,"[""occ_fd3855a7061374af4f50""]",run_1f27e7f7434a9d682f85
term_3ee0ca088287877241f1,Population connected to wastewater,measure,0.88,semantic-hybrid,True,title evidence with measure lexical cue,"[""occ_00ea87834cb47421ab7d"", ""occ_cc868f5ac4e4cdca5c7c""]",run_1f27e7f7434a9d682f85
term_47605211d6236553c894,Population connected to wastewater collection,measure,0.88,semantic-hybrid,True,title evidence with measure lexical cue,"[""occ_9d7300503475f314e97a""]",run_1f27e7f7434a9d682f85
term_7976d1aab9b92cd961d2,Population connected to wastewater collection and,measure,0.88,semantic-hybrid,True,title evidence with measure lexical cue,"[""occ_aaa26737b279baa4045f""]",run_1f27e7f7434a9d682f85
term_25ac33df922e8f4ede4d,Population connected to wastewater collection and treatment,measure,0.88,semantic-hybrid,True,title evidence with measure lexical cue,"[""occ_a9a47e5fa9c514239319""]",run_1f27e7f7434a9d682f85
term_fc4c296a653c39b9033c,Population connected to wastewater collection and treatment systems,measure,0.88,semantic-hybrid,True,title evidence with measure lexical cue,"[""occ_f1411918364c3b11aba4""]",run_1f27e7f7434a9d682f85
term_6918aaed3bab18229b10,Population connected to wastewater collection and treatment systems - ENP-South countries,measure,0.88,semantic-hybrid,True,title evidence with measure lexical cue,"[""occ_062e8856031c64e88317""]",run_1f27e7f7434a9d682f85
term_1f0f520b54430bc6abe1,Population connected to Wastewater Treatment,measure,0.88,semantic-hybrid,True,title evidence with measure lexical cue,"[""occ_b9ae5828a352cbac181e""]",run_1f27e7f7434a9d682f85
term_eca1f3bcd2e85522d1b2,Population density - ENP-South,measure,0.88,semantic-hybrid,True,title evidence with measure lexical cue,"[""occ_3a8bf8d840e4c0c20579""]",run_1f27e7f7434a9d682f85
term_3e0305cd108e456f71c5,Population density - ENP-South countries,measure,0.88,semantic-hybrid,True,title evidence with measure lexical cue,"[""occ_79117de0fdc09ec998c7""]",run_1f27e7f7434a9d682f85
term_bab700585f697347885e,Population density by,measure,0.88,semantic-hybrid,True,title evidence with measure lexical cue,"[""occ_20c2005e96c2cef7b8c3""]",run_1f27e7f7434a9d682f85
term_fe0c0f6685791b94b92f,Population density by metropolitan,measure,0.88,semantic-hybrid,True,title evidence with measure lexical cue,"[""occ_439c271d493f8681334b""]",run_1f27e7f7434a9d682f85
term_02c811e71846f8f59a4b,Population density by metropolitan region,measure,0.88,semantic-hybrid,True,title evidence with measure lexical cue,"[""occ_2764a1ea4c90e30f7a88""]",run_1f27e7f7434a9d682f85
term_84df1ff94dfa6af179be,Population having,measure,0.88,semantic-hybrid,True,title evidence with measure lexical cue,"[""occ_7c2c8df27a3bc7d3c1c1""]",run_1f27e7f7434a9d682f85
term_dc28f73cd84fbccc0a1a,Population having neither,measure,0.88,semantic-hybrid,True,title evidence with measure lexical cue,"[""occ_587e1b77c161a53b9c09""]",run_1f27e7f7434a9d682f85
term_8168946e84f2a81655fb,Population having neither a,measure,0.88,semantic-hybrid,True,title evidence with measure lexical cue,"[""occ_f79a6683abce38bd3c19""]",run_1f27e7f7434a9d682f85
term_1ea4e01e2dca351d74f2,Population having neither a bath,measure,0.88,semantic-hybrid,True,title evidence with measure lexical cue,"[""occ_74384451ce9a4798f6e5""]",run_1f27e7f7434a9d682f85
term_4766ace968d871796f74,"Population having neither a bath, nor",measure,0.88,semantic-hybrid,True,title evidence with measure lexical cue,"[""occ_7108f63df6c0aee1db16""]",run_1f27e7f7434a9d682f85
term_cb80079ec7c2224cf83f,"Population having neither a bath, nor a",measure,0.88,semantic-hybrid,True,title evidence with measure lexical cue,"[""occ_e3c90b2e645907d78a67""]",run_1f27e7f7434a9d682f85
term_482efd012524a3bb611f,"Population having neither a bath, nor a shower",measure,0.88,semantic-hybrid,True,title evidence with measure lexical cue,"[""occ_1288cdf6db2f31ce0cde""]",run_1f27e7f7434a9d682f85
term_9a39fc3791a919f5cdb9,"Population having neither a bath, nor a shower, nor indoor flushing toilet in their household by poverty status",measure,0.88,semantic-hybrid,True,title evidence with measure lexical cue,"[""occ_96db5366249647388b89""]",run_1f27e7f7434a9d682f85
term_b035fc1763259c7aaa28,Population in jobless,measure,0.88,semantic-hybrid,True,title evidence with measure lexical cue,"[""occ_68d309ffebef189b9c2b""]",run_1f27e7f7434a9d682f85
term_f8313bc9adc3fadaa14a,Population in jobless private,measure,0.88,semantic-hybrid,True,title evidence with measure lexical cue,"[""occ_f50dd1881fb7575e1000""]",run_1f27e7f7434a9d682f85
term_23202d38f263756ed950,Population in jobless private households,measure,0.88,semantic-hybrid,True,title evidence with measure lexical cue,"[""occ_d0bc225f605d0a62926f""]",run_1f27e7f7434a9d682f85
term_6f2943a057ca115eee92,Population in jobless private households - % of,measure,0.88,semantic-hybrid,True,title evidence with measure lexical cue,"[""occ_e369c9b4bba62f44201e""]",run_1f27e7f7434a9d682f85
term_9635286e1c3606b4c4b4,Population in jobless private households - % of persons,measure,0.88,semantic-hybrid,True,title evidence with measure lexical cue,"[""occ_dee6d1a69db378938629""]",run_1f27e7f7434a9d682f85
term_40916dafda02f66d7d0e,Population in jobless private households - % of persons living,measure,0.88,semantic-hybrid,True,title evidence with measure lexical cue,"[""occ_f858d98f832e2a92a606""]",run_1f27e7f7434a9d682f85
term_883b1192f0226fbe8107,Population in jobless private households - % of persons living in private households where no-one is employed,measure,0.88,semantic-hybrid,True,title evidence with measure lexical cue,"[""occ_74ab3840924b9ea2c5a1""]",run_1f27e7f7434a9d682f85
term_ceb1c0c16f47ef86ef4e,Population living,measure,0.88,semantic-hybrid,True,title evidence with measure lexical cue,"[""occ_26cbeb931a1c0a54b74d""]",run_1f27e7f7434a9d682f85
term_5097a6f33b028c511a7b,Population living in,measure,0.88,semantic-hybrid,True,title evidence with measure lexical cue,"[""occ_341b09e590cd55228859""]",run_1f27e7f7434a9d682f85
term_32fb40ca435a4cf57556,Population living in households,measure,0.88,semantic-hybrid,True,title evidence with measure lexical cue,"[""occ_244145c09592f8840536""]",run_1f27e7f7434a9d682f85
term_ea1bb9624872bea24fac,Population living in households considering,measure,0.88,semantic-hybrid,True,title evidence with measure lexical cue,"[""occ_1299dbfdbd0b8728408e""]",run_1f27e7f7434a9d682f85
term_50a134ec1488cb0ddfcd,Population living in households considering that,measure,0.88,semantic-hybrid,True,title evidence with measure lexical cue,"[""occ_6f9d2a5c4dd70c5e042c""]",run_1f27e7f7434a9d682f85
term_1d69cbb703e9575b5f5c,Population living in households considering that they,measure,0.88,semantic-hybrid,True,title evidence with measure lexical cue,"[""occ_ad390e40c9341bbcca03""]",run_1f27e7f7434a9d682f85
term_7d3cc6176b8abee4e57d,Population living in households considering that they suffer,measure,0.88,semantic-hybrid,True,title evidence with measure lexical cue,"[""occ_c6790d011d51edb872aa""]",run_1f27e7f7434a9d682f85
term_661ea0454236ae7c181b,"Population living in households considering that they suffer from noise, by poverty status",measure,0.88,semantic-hybrid,True,title evidence with measure lexical cue,"[""occ_45237a9958344c3f43e0""]",run_1f27e7f7434a9d682f85
term_d650b9efca7e67b4d377,population mid-year,measure,0.88,semantic-hybrid,True,title evidence with measure lexical cue,"[""occ_a73b668e26f28f94f8bc""]",run_1f27e7f7434a9d682f85
term_034d313d4eef77ee4c20,population mid-year by,measure,0.88,semantic-hybrid,True,title evidence with measure lexical cue,"[""occ_4bb11e70dcef336eafe5""]",run_1f27e7f7434a9d682f85
term_ea30149e4a40ccc5ec8c,population mid-year by sex,measure,0.88,semantic-hybrid,True,title evidence with measure lexical cue,"[""occ_6af71f0f1084374402dc""]",run_1f27e7f7434a9d682f85
term_4be65469a1412e566ab6,population mid-year by sex and,measure,0.88,semantic-hybrid,True,title evidence with measure lexical cue,"[""occ_b4a918c209cd3e44eec4""]",run_1f27e7f7434a9d682f85
term_163105a5d3002c78d4ec,population mid-year by sex and age,measure,0.88,semantic-hybrid,True,title evidence with measure lexical cue,"[""occ_76b26d614fdab2ae4fbd""]",run_1f27e7f7434a9d682f85
term_46de5cb272aa44cb5f92,Population on 1,measure,0.88,semantic-hybrid,True,title evidence with measure lexical cue,"[""occ_2a448844d16d2e5e93e6"", ""occ_5077b874f8770eb64a4b"", ""occ_d5e7031e76539625b85a""]",run_1f27e7f7434a9d682f85
term_524031f933686e49df5c,Population on 1 January by,measure,0.88,semantic-hybrid,True,title evidence with measure lexical cue,"[""occ_1dfb51d38911c7219204""]",run_1f27e7f7434a9d682f85
term_9539dc0b4627c981bee2,Population on 1 January by sex,measure,0.88,semantic-hybrid,True,title evidence with measure lexical cue,"[""occ_46dea2f0aa99dec7feeb""]",run_1f27e7f7434a9d682f85
term_bb2f7b6552f05cd03951,Population on 1 January by sex and,measure,0.88,semantic-hybrid,True,title evidence with measure lexical cue,"[""occ_bfd25c851f74e56b5d39""]",run_1f27e7f7434a9d682f85
term_e610cc68e24e09c03cb4,Population on 1 January by sex and by,measure,0.88,semantic-hybrid,True,title evidence with measure lexical cue,"[""occ_8d274fc21ab63b07689c""]",run_1f27e7f7434a9d682f85
term_3a6aa3a21850433042bb,Population on 1 January by sex and by age group,measure,0.88,semantic-hybrid,True,title evidence with measure lexical cue,"[""occ_5064be743a0c5de1272a""]",run_1f27e7f7434a9d682f85
term_dda2cb1d2450d61ad67f,Population reporting,measure,0.88,semantic-hybrid,True,title evidence with measure lexical cue,"[""occ_3d5c6bad9e36c0ac3b4d""]",run_1f27e7f7434a9d682f85
term_14da1561ee0831c5d736,Population reporting occurrence,measure,0.88,semantic-hybrid,True,title evidence with measure lexical cue,"[""occ_3b9efb1f504df8dc2e8d""]",run_1f27e7f7434a9d682f85
term_b4b4286cdd622c74739d,Population reporting occurrence of,measure,0.88,semantic-hybrid,True,title evidence with measure lexical cue,"[""occ_6e36d816eec77e3339cd""]",run_1f27e7f7434a9d682f85
term_6410fd0125bb72772729,Population reporting occurrence of crime,measure,0.88,semantic-hybrid,True,title evidence with measure lexical cue,"[""occ_6f4d4f0db02fb0190b29""]",run_1f27e7f7434a9d682f85
term_7ad8b3fa3ca87fdd370e,"Population reporting occurrence of crime, violence",measure,0.88,semantic-hybrid,True,title evidence with measure lexical cue,"[""occ_5d86402750ffa10e67bc""]",run_1f27e7f7434a9d682f85
term_294f1d9af5a9ea6c70eb,"Population reporting occurrence of crime, violence or",measure,0.88,semantic-hybrid,True,title evidence with measure lexical cue,"[""occ_47f8d177e2b6655a536c""]",run_1f27e7f7434a9d682f85
term_2b5346ae7653ea701726,"Population reporting occurrence of crime, violence or vandalism",measure,0.88,semantic-hybrid,True,title evidence with measure lexical cue,"[""occ_fc6f413f9800980e14de""]",run_1f27e7f7434a9d682f85
term_9dcd6774cc4d7d3e8b99,"Population reporting occurrence of crime, violence or vandalism in their area by poverty status",measure,0.88,semantic-hybrid,True,title evidence with measure lexical cue,"[""occ_c8e266a4f0734f892c43""]",run_1f27e7f7434a9d682f85
term_574323880594c005353f,Population served,measure,0.88,semantic-hybrid,True,title evidence with measure lexical cue,"[""occ_1f0e3b1bfe9d374d2f27""]",run_1f27e7f7434a9d682f85
term_221ccfbc1c8169d7e5fd,Population served by,measure,0.88,semantic-hybrid,True,title evidence with measure lexical cue,"[""occ_6782690690f989e8db6a""]",run_1f27e7f7434a9d682f85
term_f4aaf092b2f673353e02,Population served by municipal,measure,0.88,semantic-hybrid,True,title evidence with measure lexical cue,"[""occ_68a9f972e631adb6c1f0""]",run_1f27e7f7434a9d682f85
term_1fd8ee608312159f93ce,Population served by municipal waste,measure,0.88,semantic-hybrid,True,title evidence with measure lexical cue,"[""occ_027fb75b566ce8cafcf9""]",run_1f27e7f7434a9d682f85
term_403f974fdf84f7c94d1f,Population served by municipal waste - ENP-South,measure,0.88,semantic-hybrid,True,title evidence with measure lexical cue,"[""occ_32027bfaefe4c1de11b7""]",run_1f27e7f7434a9d682f85
term_5e416bfcffb96e0462a3,Population served by municipal waste - ENP-South countries,measure,0.88,semantic-hybrid,True,title evidence with measure lexical cue,"[""occ_221e7212bf95880a34bf""]",run_1f27e7f7434a9d682f85
term_9e9e125b4eb0d4661176,Population structure,measure,0.88,semantic-hybrid,True,title evidence with measure lexical cue,"[""occ_23c305743c33fdb749b4"", ""occ_d60016c2cd5c5a69cc02""]",run_1f27e7f7434a9d682f85
term_43cd737568dbc089ea9f,Population structure by,measure,0.88,semantic-hybrid,True,title evidence with measure lexical cue,"[""occ_459ef70fe9556a7f6908"", ""occ_c0579eedb3d75b08fb08""]",run_1f27e7f7434a9d682f85
term_b279dfa325ca6c76157d,Population structure by detailed,measure,0.88,semantic-hybrid,True,title evidence with measure lexical cue,"[""occ_533cb595e29490f98363""]",run_1f27e7f7434a9d682f85
term_f48488495223fe9268b8,Population structure by detailed age,measure,0.88,semantic-hybrid,True,title evidence with measure lexical cue,"[""occ_a5bff89593605665c759""]",run_1f27e7f7434a9d682f85
term_85f46a94adae83c65aa0,Population structure by detailed age group,measure,0.88,semantic-hybrid,True,title evidence with measure lexical cue,"[""occ_7f9d0e47dee75543ac23""]",run_1f27e7f7434a9d682f85
term_b792bbff52c871715296,Population structure by sex,measure,0.88,semantic-hybrid,True,title evidence with measure lexical cue,"[""occ_c604c1fb13f44e476fe5""]",run_1f27e7f7434a9d682f85
term_029a6c0c24ecb1129a8f,Population unable,measure,0.88,semantic-hybrid,True,title evidence with measure lexical cue,"[""occ_de1e6b7228c1bb9ff503""]",run_1f27e7f7434a9d682f85
term_16d6e91ebb9551a93fa6,Population unable to,measure,0.88,semantic-hybrid,True,title evidence with measure lexical cue,"[""occ_a7b948a78166f6ab5de3""]",run_1f27e7f7434a9d682f85
term_0d48fdd4caa9e99217b2,Population unable to keep,measure,0.88,semantic-hybrid,True,title evidence with measure lexical cue,"[""occ_2343636306d09f9cc4a4""]",run_1f27e7f7434a9d682f85
term_d945dbd3a1cfbe64022a,Population unable to keep home,measure,0.88,semantic-hybrid,True,title evidence with measure lexical cue,"[""occ_7c9d9fc43e76c79331f4""]",run_1f27e7f7434a9d682f85
term_407c40a1270aff94b42a,Population unable to keep home adequately,measure,0.88,semantic-hybrid,True,title evidence with measure lexical cue,"[""occ_4690f472605edc702a9b""]",run_1f27e7f7434a9d682f85
term_c88e76a3959c3ec56e28,Population unable to keep home adequately warm,measure,0.88,semantic-hybrid,True,title evidence with measure lexical cue,"[""occ_e63c0d5cf307c15b5122""]",run_1f27e7f7434a9d682f85
term_5014ce352bce334723d0,Population unable to keep home adequately warm by,measure,0.88,semantic-hybrid,True,title evidence with measure lexical cue,"[""occ_24af20eccc1dcfb64355""]",run_1f27e7f7434a9d682f85
term_f34098c34128bcc75f40,Population unable to keep home adequately warm by poverty status,measure,0.88,semantic-hybrid,True,title evidence with measure lexical cue,"[""occ_8f5c8c65f41e470b4bd8""]",run_1f27e7f7434a9d682f85
term_bbb4bef37b0180049031,Population without,measure,0.88,semantic-hybrid,True,title evidence with measure lexical cue,"[""occ_77798847804ada2b35da""]",run_1f27e7f7434a9d682f85
term_4fca53cde49e472d8d3b,population without single-person households,measure,0.88,semantic-hybrid,True,title evidence with measure lexical cue,"[""occ_4f82cc659180d0c4644b"", ""occ_5a43089e0502f00b68cc"", ""occ_b47934cc96f1a8b96c24""]",run_1f27e7f7434a9d682f85
term_00418df7d540410d4d56,Population without the,measure,0.88,semantic-hybrid,True,title evidence with measure lexical cue,"[""occ_90e8b23b2a5c5f493671""]",run_1f27e7f7434a9d682f85
term_3a754072a4764c7b489d,Population without the citizenship,measure,0.88,semantic-hybrid,True,title evidence with measure lexical cue,"[""occ_c7e0bf78d047c2956e9a""]",run_1f27e7f7434a9d682f85
term_735f46f25b3e54dd448e,Population without the citizenship of,measure,0.88,semantic-hybrid,True,title evidence with measure lexical cue,"[""occ_23c6b2423174d8338fa3""]",run_1f27e7f7434a9d682f85
term_7657a3997e431eff5e36,Population without the citizenship of the,measure,0.88,semantic-hybrid,True,title evidence with measure lexical cue,"[""occ_42b84ec1d706cbf54336""]",run_1f27e7f7434a9d682f85
term_6cd1fd2fd112278ecb42,"position - quarterly data, % of GDP",measure,0.88,semantic-hybrid,True,title evidence with measure lexical cue,"[""occ_0cb8373d4ce78b7aec8e""]",run_1f27e7f7434a9d682f85
term_e788900f3c9dc0088747,position excluding non-defaultable instruments - % of GDP,measure,0.88,semantic-hybrid,True,title evidence with measure lexical cue,"[""occ_4475f276cb40c0049bb2""]",run_1f27e7f7434a9d682f85
term_d64dc88a41731d607993,post-compulsory education - as % of the total population,measure,0.88,semantic-hybrid,True,title evidence with measure lexical cue,"[""occ_845385bd526929d9957f""]",run_1f27e7f7434a9d682f85
term_d4d4c37cd01d17d019de,post-compulsory education - as % of the total population of,measure,0.88,semantic-hybrid,True,title evidence with measure lexical cue,"[""occ_9187bae7188a55ec047e""]",run_1f27e7f7434a9d682f85
term_3b33442ab43bc6b6c942,poverty and work intensity of the household (population,measure,0.88,semantic-hybrid,True,title evidence with measure lexical cue,"[""occ_d435ba7bb5d7b0b087e4""]",run_1f27e7f7434a9d682f85
term_97acc6c9c4e517a33046,poverty by educational attainment level (population,measure,0.88,semantic-hybrid,True,title evidence with measure lexical cue,"[""occ_5eb3d897b1ef834ec64a""]",run_1f27e7f7434a9d682f85
term_49de2bc2a2051a3d6ea0,poverty by educational attainment level (population aged,measure,0.88,semantic-hybrid,True,title evidence with measure lexical cue,"[""occ_d1edb69f236f3edc0c56""]",run_1f27e7f7434a9d682f85
term_7c562903b2c2fe7c7988,poverty by educational attainment level (population aged 18,measure,0.88,semantic-hybrid,True,title evidence with measure lexical cue,"[""occ_dd5f21c4cd69fdb8ddfa""]",run_1f27e7f7434a9d682f85
term_99bc776aac0b0d9733cc,Poverty headcount ratio by sex (proportion of persons below the national poverty line),measure,0.7820603320809395,semantic-hybrid,False,semantic centroid/neighbor measure fallback,"[""occ_4e11a63533cb599a2a34""]",run_1f27e7f7434a9d682f85
term_f8a99325ca9796e0706f,poverty or social exclusion rate for,measure,0.7625189483000785,semantic-hybrid,False,semantic centroid/neighbor measure fallback,"[""occ_794c93a2040c5d0139f9""]",run_1f27e7f7434a9d682f85
term_6b7e838e51da494ce333,poverty rate by,measure,0.767081375141843,semantic-hybrid,False,semantic centroid/neighbor measure fallback,"[""occ_035f8fcff98ae2aff9dd"", ""occ_4f27013b63cc2c5baf6f"", ""occ_5d2deb7beeee00ca6157""]",run_1f27e7f7434a9d682f85
term_5d3dfc360bcb6e71436c,poverty rate by household,measure,0.765072841426252,semantic-hybrid,False,semantic centroid/neighbor measure fallback,"[""occ_6c2cc07f641040ceb940""]",run_1f27e7f7434a9d682f85
term_933fbff7df8e6b3156bd,poverty rate by household type,measure,0.7721296612172862,semantic-hybrid,False,semantic centroid/neighbor measure fallback,"[""occ_e8745ed7aec12b89cce6""]",run_1f27e7f7434a9d682f85
term_e2698a26b72388d9cff8,poverty rate by household type - EU-SILC,measure,0.7635206418284238,semantic-hybrid,False,semantic centroid/neighbor measure fallback,"[""occ_07b8c260cee6ccad909c""]",run_1f27e7f7434a9d682f85
term_5dd9c84e0926c2c26992,poverty rate by household type - EU-SILC survey,measure,0.7603654253399071,semantic-hybrid,False,semantic centroid/neighbor measure fallback,"[""occ_2857e64e217819d440c5""]",run_1f27e7f7434a9d682f85
term_329c309bd01e72d9081e,poverty rate for adults,measure,0.7680076043655785,semantic-hybrid,False,semantic centroid/neighbor measure fallback,"[""occ_5352b1835a67bd837a5b"", ""occ_a1626ceece344bf727ee""]",run_1f27e7f7434a9d682f85
term_ec33ec4ed8103c264b03,poverty rate for the population living,measure,0.88,semantic-hybrid,True,title evidence with measure lexical cue,"[""occ_62af3af0690fa59ac2f2""]",run_1f27e7f7434a9d682f85
term_c2f055a59e551a9631c3,"poverty threshold after social transfers, income",measure,0.88,semantic-hybrid,True,title evidence with measure lexical cue,"[""occ_f31b0702fb65798f0aeb""]",run_1f27e7f7434a9d682f85
term_1d07b17201204619bd33,"poverty threshold after social transfers, income per",measure,0.88,semantic-hybrid,True,title evidence with measure lexical cue,"[""occ_04a023405c86be2d4377""]",run_1f27e7f7434a9d682f85
term_b0e0078e6102d7d65909,"poverty threshold after social transfers, income per month",measure,0.88,semantic-hybrid,True,title evidence with measure lexical cue,"[""occ_ce548d48d4b536f0db59""]",run_1f27e7f7434a9d682f85
term_42749a3cacfe0981195c,power adjusted GDP,measure,0.88,semantic-hybrid,True,title evidence with measure lexical cue,"[""occ_32af9a26eab484fb2ef3""]",run_1f27e7f7434a9d682f85
term_a33ed55aeb5dcd866d9f,power adjusted GDP per,measure,0.88,semantic-hybrid,True,title evidence with measure lexical cue,"[""occ_c811c6059d307664f2a9""]",run_1f27e7f7434a9d682f85
term_e409936aadd56d940805,power adjusted GDP per capita,measure,0.88,semantic-hybrid,True,title evidence with measure lexical cue,"[""occ_1912f6526a3efb55c143""]",run_1f27e7f7434a9d682f85
term_8f04e99919d01487e2d1,Premature deaths,measure,0.88,semantic-hybrid,True,title evidence with measure lexical cue,"[""occ_2102b0ef9ee693b5d83a""]",run_1f27e7f7434a9d682f85
term_9a2697d106e3f61973cd,Premature deaths due,measure,0.88,semantic-hybrid,True,title evidence with measure lexical cue,"[""occ_f38bb6b5f17ec32f1bc9""]",run_1f27e7f7434a9d682f85
term_70fc07824621c482a70d,Premature deaths due to,measure,0.88,semantic-hybrid,True,title evidence with measure lexical cue,"[""occ_4637d8f1d09423ea863d""]",run_1f27e7f7434a9d682f85
term_f9849ce18b8690e1529a,Premature deaths due to exposure,measure,0.88,semantic-hybrid,True,title evidence with measure lexical cue,"[""occ_3c03401e702bbfb050f0""]",run_1f27e7f7434a9d682f85
term_1f27499ed469a33b9a45,Premature deaths due to exposure to,measure,0.88,semantic-hybrid,True,title evidence with measure lexical cue,"[""occ_6ebd4bc808780d39b197""]",run_1f27e7f7434a9d682f85
term_4ad3c78786342b02b558,Premature deaths due to exposure to fine,measure,0.88,semantic-hybrid,True,title evidence with measure lexical cue,"[""occ_ce028582608e3c821a44""]",run_1f27e7f7434a9d682f85
term_3a2e428e98a6c9c075e8,Premature deaths due to exposure to fine particulate,measure,0.88,semantic-hybrid,True,title evidence with measure lexical cue,"[""occ_cf26fc3117ca8e370762""]",run_1f27e7f7434a9d682f85
term_81aca224d00b01bb9325,Premature deaths due to exposure to fine particulate matter,measure,0.88,semantic-hybrid,True,title evidence with measure lexical cue,"[""occ_f6d1e778cbbc4d45902b""]",run_1f27e7f7434a9d682f85
term_d2e8926e165b563b2364,Premature deaths due to exposure to fine particulate matter (PM2.5),measure,0.88,semantic-hybrid,True,title evidence with measure lexical cue,"[""occ_62360e679f4e47519ee6""]",run_1f27e7f7434a9d682f85
term_130a1bb93abb8ed0fbb1,Price and volume,measure,0.88,semantic-hybrid,True,title evidence with measure lexical cue,"[""occ_6f44e4e9f012ef214645""]",run_1f27e7f7434a9d682f85
term_22afb0ad94eef0597672,Price and volume convergence,measure,0.88,semantic-hybrid,True,title evidence with measure lexical cue,"[""occ_761d132d38414e147cbe""]",run_1f27e7f7434a9d682f85
term_33d18c069a67714f3aaa,Price and volume convergence between,measure,0.88,semantic-hybrid,True,title evidence with measure lexical cue,"[""occ_36a350b84adb9e46c8e8""]",run_1f27e7f7434a9d682f85
term_d34243b876495c735a24,Price and volume convergence between EU,measure,0.88,semantic-hybrid,True,title evidence with measure lexical cue,"[""occ_e802b0e7bc0828c28837""]",run_1f27e7f7434a9d682f85
term_6556f3332b89784f182f,Price and volume convergence between EU Member,measure,0.88,semantic-hybrid,True,title evidence with measure lexical cue,"[""occ_2e37bd0da4f4b3a1f27f""]",run_1f27e7f7434a9d682f85
term_f3cf73148dd08f19dbab,Price and volume convergence between EU Member States,measure,0.88,semantic-hybrid,True,title evidence with measure lexical cue,"[""occ_1f3f0cb58abe8324995e""]",run_1f27e7f7434a9d682f85
term_7143f284de597092fe23,price index,measure,0.88,semantic-hybrid,True,title evidence with measure lexical cue,"[""occ_41b59167fccd23478f63"", ""occ_4e5e6cc9437f1e7c115b"", ""occ_6a36d75144226f908ca3"", ""occ_8867e9babbb9c1576d75"", ""occ_8beb7e89971af435ec65"", ""occ_928f59d67976b7dbe224"", ""occ_9a25cc4f79e0645e10f1"", ""occ_f1e1ef97740193a1bfed""]",run_1f27e7f7434a9d682f85
term_d258c552911fc76c8baa,price index (= 100,measure,0.88,semantic-hybrid,True,title evidence with measure lexical cue,"[""occ_882edc4ede758675f0ff""]",run_1f27e7f7434a9d682f85
term_9fa88ba216d5759273f4,price index (= 100) - quarterly,measure,0.88,semantic-hybrid,True,title evidence with measure lexical cue,"[""occ_74ef8c903bbae61ee1df""]",run_1f27e7f7434a9d682f85
term_7329d6584c1d5da897d9,price index (= 100) - quarterly data,measure,0.88,semantic-hybrid,True,title evidence with measure lexical cue,"[""occ_19d04ad58821a7a9e0e6""]",run_1f27e7f7434a9d682f85
term_6b0e282095a341c19f8c,price index - ENP-East,measure,0.88,semantic-hybrid,True,title evidence with measure lexical cue,"[""occ_ff9a57f962b7c216bc34""]",run_1f27e7f7434a9d682f85
term_68af16ec02c6aacd416e,price index - ENP-East countries,measure,0.88,semantic-hybrid,True,title evidence with measure lexical cue,"[""occ_541faef03ca980a1745f""]",run_1f27e7f7434a9d682f85
term_c9334913bf49fd9375bb,price index - ENP-South,measure,0.88,semantic-hybrid,True,title evidence with measure lexical cue,"[""occ_42e26ad82696b4ee651f""]",run_1f27e7f7434a9d682f85
term_b8359498859c21a68815,price index - ENP-South countries,measure,0.88,semantic-hybrid,True,title evidence with measure lexical cue,"[""occ_525d6d167487781ac439""]",run_1f27e7f7434a9d682f85
term_12245052f5a6f2525d4d,price index - Item,measure,0.88,semantic-hybrid,True,title evidence with measure lexical cue,"[""occ_0d4ceee3381ab77b8689""]",run_1f27e7f7434a9d682f85
term_f8455818bb586bfc6538,price index - Item weights,measure,0.88,semantic-hybrid,True,title evidence with measure lexical cue,"[""occ_364a36eaadfb88eeedca""]",run_1f27e7f7434a9d682f85
term_07f85d2689bd77b1dbfe,price index - quarterly,measure,0.88,semantic-hybrid,True,title evidence with measure lexical cue,"[""occ_af9b7550e21c4e7e367e""]",run_1f27e7f7434a9d682f85
term_52fc5f40d1679ff74d4f,price index - quarterly data,measure,0.88,semantic-hybrid,True,title evidence with measure lexical cue,"[""occ_0a1a7f3a952855fc0ea8""]",run_1f27e7f7434a9d682f85
term_17ac8605df856df07d97,"price index, deflated",measure,0.88,semantic-hybrid,True,title evidence with measure lexical cue,"[""occ_77a43d68c201ff2c1c7f"", ""occ_9e527d59f0fdb6562782""]",run_1f27e7f7434a9d682f85
term_881c4d95ea32eba4a821,"price index, deflated - annual",measure,0.88,semantic-hybrid,True,title evidence with measure lexical cue,"[""occ_8dc365175ef59553b78b""]",run_1f27e7f7434a9d682f85
term_4f77e5c82530b936d324,"price index, deflated - annual data",measure,0.88,semantic-hybrid,True,title evidence with measure lexical cue,"[""occ_048a6a770fbfb86a4ff2""]",run_1f27e7f7434a9d682f85
term_c6a160e2f23d2cd22990,"price index, deflated - quarterly",measure,0.88,semantic-hybrid,True,title evidence with measure lexical cue,"[""occ_29b612baab430579b5c6""]",run_1f27e7f7434a9d682f85
term_77db513fdecb829071e7,"price index, deflated - quarterly data",measure,0.88,semantic-hybrid,True,title evidence with measure lexical cue,"[""occ_25a9d503572df49638d1""]",run_1f27e7f7434a9d682f85
term_e57f0d10cb2c23bae26c,"price index, nominal",measure,0.88,semantic-hybrid,True,title evidence with measure lexical cue,"[""occ_0e29f615a18e0650cc59""]",run_1f27e7f7434a9d682f85
term_dba77c06c65f6ed172e5,"price index, nominal - annual",measure,0.88,semantic-hybrid,True,title evidence with measure lexical cue,"[""occ_fe7ebaa400a019423c20""]",run_1f27e7f7434a9d682f85
term_d4f8da49baca503eb3aa,"price index, nominal - annual data",measure,0.88,semantic-hybrid,True,title evidence with measure lexical cue,"[""occ_1fbe5a0455b5b185cdce""]",run_1f27e7f7434a9d682f85
term_13cfdbfb8143861458e7,price indices,measure,0.88,semantic-hybrid,True,title evidence with measure lexical cue,"[""occ_42c2e4ee90d04968a74b"", ""occ_494d4d14c6e3d2f27069"", ""occ_7d136a124d123b2a682b"", ""occ_a7972fb3c94262e80a4c"", ""occ_eb19fd6d259c675ebb04""]",run_1f27e7f7434a9d682f85
term_fb664d579d680c357d30,Price indices of,measure,0.88,semantic-hybrid,True,title evidence with measure lexical cue,"[""occ_96b0bf1458dceab20da3""]",run_1f27e7f7434a9d682f85
term_9f92b70480d49902c24b,Price indices of agricultural,measure,0.88,semantic-hybrid,True,title evidence with measure lexical cue,"[""occ_1d254198c06f98394425""]",run_1f27e7f7434a9d682f85
term_4d3c1bdce0f06bc092e6,Price indices of agricultural input/output,measure,0.88,semantic-hybrid,True,title evidence with measure lexical cue,"[""occ_c5aab579f4294c876961""]",run_1f27e7f7434a9d682f85
term_17e1cb49674f2fc478e4,Price indices of agricultural input/output at,measure,0.88,semantic-hybrid,True,title evidence with measure lexical cue,"[""occ_a378595855cca671739a""]",run_1f27e7f7434a9d682f85
term_bf418fffc340eb1e53fd,Price indices of agricultural input/output at nominal,measure,0.88,semantic-hybrid,True,title evidence with measure lexical cue,"[""occ_cb90c000a91d55a51c67""]",run_1f27e7f7434a9d682f85
term_d010e2f5887e564f0f54,Price indices of agricultural input/output at nominal value,measure,0.88,semantic-hybrid,True,title evidence with measure lexical cue,"[""occ_349d8db76b2dc5c9d421""]",run_1f27e7f7434a9d682f85
term_d2ef954d82d5a2aa301b,Price indices of agricultural input/output at nominal value (= 100),measure,0.88,semantic-hybrid,True,title evidence with measure lexical cue,"[""occ_3f8cd4197a7a05b5d357""]",run_1f27e7f7434a9d682f85
term_972ac00f120899296a7d,"price indices, animals",measure,0.88,semantic-hybrid,True,title evidence with measure lexical cue,"[""occ_e84f81783a3fc21609fc""]",run_1f27e7f7434a9d682f85
term_a91c72a2290e85212bfb,"price indices, animals and",measure,0.88,semantic-hybrid,True,title evidence with measure lexical cue,"[""occ_857a160a9725964e291b""]",run_1f27e7f7434a9d682f85
term_2e18ae5e1404caa2c9e8,"price indices, animals and animal",measure,0.88,semantic-hybrid,True,title evidence with measure lexical cue,"[""occ_e48e3c91e07dac9d94be""]",run_1f27e7f7434a9d682f85
term_a48cd5f9eb1084117474,"price indices, animals and animal products",measure,0.88,semantic-hybrid,True,title evidence with measure lexical cue,"[""occ_39ad29d411d0809279ba""]",run_1f27e7f7434a9d682f85
term_42ecfe24d9024008ceba,"price indices, crop",measure,0.88,semantic-hybrid,True,title evidence with measure lexical cue,"[""occ_051c1e13a1abd2f0463e""]",run_1f27e7f7434a9d682f85
term_14cd4c1592ea392f2ae5,"price indices, crop products",measure,0.88,semantic-hybrid,True,title evidence with measure lexical cue,"[""occ_c8176e6a02fc2b6f244c""]",run_1f27e7f7434a9d682f85
term_739f4f4f51672eeb58d7,"price indices, total",measure,0.88,semantic-hybrid,True,title evidence with measure lexical cue,"[""occ_209f89cefe6db2958542"", ""occ_a0357923581dda52c530""]",run_1f27e7f7434a9d682f85
term_a8b476496a831678187e,"price indices, total agricultural",measure,0.88,semantic-hybrid,True,title evidence with measure lexical cue,"[""occ_b6d0101347b91f172eb5""]",run_1f27e7f7434a9d682f85
term_44f09359e1271dc762ce,"price indices, total agricultural production",measure,0.88,semantic-hybrid,True,title evidence with measure lexical cue,"[""occ_702dee340abbd7e2c40d""]",run_1f27e7f7434a9d682f85
term_ca29e5af3edf9e6367fc,"price indices, total means",measure,0.88,semantic-hybrid,True,title evidence with measure lexical cue,"[""occ_3fb25a43356506bfae7a""]",run_1f27e7f7434a9d682f85
term_0f72e640552c48da3240,"price indices, total means of",measure,0.88,semantic-hybrid,True,title evidence with measure lexical cue,"[""occ_fa206100920fbb68b035""]",run_1f27e7f7434a9d682f85
term_31f27a9d31fb4ba4c8cc,Price level,measure,0.88,semantic-hybrid,True,title evidence with measure lexical cue,"[""occ_b24a6e01b45a9d6e48e2""]",run_1f27e7f7434a9d682f85
term_40b19f5a21b3b4e61deb,Price level indices,measure,0.88,semantic-hybrid,True,title evidence with measure lexical cue,"[""occ_2a6fd7313f80aef76561""]",run_1f27e7f7434a9d682f85
term_a8d818c51c814138bd39,Prices (annual,measure,0.88,semantic-hybrid,True,title evidence with measure lexical cue,"[""occ_96e533e80c6009656b53""]",run_1f27e7f7434a9d682f85
term_1c171c4b3a03b29918b3,Prices (annual series,measure,0.88,semantic-hybrid,True,title evidence with measure lexical cue,"[""occ_2296b8966bda203415d4""]",run_1f27e7f7434a9d682f85
term_0dd5c6463b1a707e0a9f,Prices (annual series),measure,0.88,semantic-hybrid,True,title evidence with measure lexical cue,"[""occ_f7b5ed5d33b3ece0475d""]",run_1f27e7f7434a9d682f85
term_097c39de9fed4c4a99a2,prices - capital,measure,0.88,semantic-hybrid,True,title evidence with measure lexical cue,"[""occ_4ab4920b06d3d233c637"", ""occ_9bece12ec15794bdea02""]",run_1f27e7f7434a9d682f85
term_ac1e56680eb77d15a76a,prices - capital goods,measure,0.88,semantic-hybrid,True,title evidence with measure lexical cue,"[""occ_461b42fa5bfe602f15f8"", ""occ_544e73b5ae9c94dd659d""]",run_1f27e7f7434a9d682f85
term_dd3422dcc5e135a55237,prices - consumer,measure,0.88,semantic-hybrid,True,title evidence with measure lexical cue,"[""occ_078531c8bd98c9fec670"", ""occ_c1aec87d5622c6aa7342"", ""occ_c96a61927ab606dc02fd"", ""occ_dc3faaf255441cf535cb""]",run_1f27e7f7434a9d682f85
term_b2294700c9a1bb1a2fe7,prices - consumer durables,measure,0.88,semantic-hybrid,True,title evidence with measure lexical cue,"[""occ_57e25789fb8282054b3b"", ""occ_5f0da8052adaa85cf332""]",run_1f27e7f7434a9d682f85
term_11ae6da313fe3a672d98,prices - consumer non-durables,measure,0.88,semantic-hybrid,True,title evidence with measure lexical cue,"[""occ_062c7052483d8add4c86"", ""occ_17741600f5434320188f""]",run_1f27e7f7434a9d682f85
term_cadae0c9026109a92a9a,prices - energy,measure,0.88,semantic-hybrid,True,title evidence with measure lexical cue,"[""occ_b3f963eb493d2529f8c9""]",run_1f27e7f7434a9d682f85
term_5b14043a9dc2b0d2eccc,prices - intermediate,measure,0.88,semantic-hybrid,True,title evidence with measure lexical cue,"[""occ_373decc1a2ca722d3238"", ""occ_f3a3598b26022b794c6e""]",run_1f27e7f7434a9d682f85
term_1eadea56d4b5624014a6,prices - intermediate goods,measure,0.88,semantic-hybrid,True,title evidence with measure lexical cue,"[""occ_358a1064922752a09dfd"", ""occ_e7e1e72f0502ce54327e""]",run_1f27e7f7434a9d682f85
term_120bbbb00da57dd40c6d,prices - manufacturing,measure,0.88,semantic-hybrid,True,title evidence with measure lexical cue,"[""occ_69f99c81e3ec6e091b5c"", ""occ_f95453301eb3a1a60534""]",run_1f27e7f7434a9d682f85
term_16c9a9bbc376c1c79137,prices - total,measure,0.88,semantic-hybrid,True,title evidence with measure lexical cue,"[""occ_373a1304bd23558c916b"", ""occ_90436fd31e9a8175d73b""]",run_1f27e7f7434a9d682f85
term_6ed4dcfd89360f45d3b4,prices - total industry,measure,0.88,semantic-hybrid,True,title evidence with measure lexical cue,"[""occ_898b2783a36727827d9a"", ""occ_aee1a17636ec5d766a3b""]",run_1f27e7f7434a9d682f85
term_c31408e8e9c4d9bd79b3,prices by region,measure,0.88,semantic-hybrid,True,title evidence with measure lexical cue,"[""occ_bb338d7ecab8e2812675""]",run_1f27e7f7434a9d682f85
term_8689e44e4e54a9c49d4e,prices by region - historical,measure,0.88,semantic-hybrid,True,title evidence with measure lexical cue,"[""occ_d5c1ac027fe8544be446""]",run_1f27e7f7434a9d682f85
term_a0cac617598ae1b055b2,prices of barley,measure,0.88,semantic-hybrid,True,title evidence with measure lexical cue,"[""occ_cdacd191f8dac546eab5""]",run_1f27e7f7434a9d682f85
term_2c727740947d2ee523a8,prices of calves,measure,0.88,semantic-hybrid,True,title evidence with measure lexical cue,"[""occ_af373d8b2def280047e1""]",run_1f27e7f7434a9d682f85
term_045b6e2d1d72bcd2e18f,prices of chickens,measure,0.88,semantic-hybrid,True,title evidence with measure lexical cue,"[""occ_62330a16f980cd4c5b49""]",run_1f27e7f7434a9d682f85
term_8f5b8118a9e7cce860cc,prices of chickens (live,measure,0.88,semantic-hybrid,True,title evidence with measure lexical cue,"[""occ_359667493adaf7efd472""]",run_1f27e7f7434a9d682f85
term_3c97a2c79286163f0a90,prices of chickens (live 1st,measure,0.88,semantic-hybrid,True,title evidence with measure lexical cue,"[""occ_3cad77a91120f6b4a4a9""]",run_1f27e7f7434a9d682f85
term_b44de4482c4d10083127,prices of chickens (live 1st choice,measure,0.88,semantic-hybrid,True,title evidence with measure lexical cue,"[""occ_836d0ee0304d4dcec786""]",run_1f27e7f7434a9d682f85
term_e683fa4b3ba959d15be1,prices of fresh,measure,0.88,semantic-hybrid,True,title evidence with measure lexical cue,"[""occ_6ca66dfd717202e1e300""]",run_1f27e7f7434a9d682f85
term_9b273c3b03890d510a47,prices of fresh eggs,measure,0.88,semantic-hybrid,True,title evidence with measure lexical cue,"[""occ_a87a64804abc6475f189""]",run_1f27e7f7434a9d682f85
term_5c29fa6f7e251d392744,prices of main,measure,0.88,semantic-hybrid,True,title evidence with measure lexical cue,"[""occ_fbdb330d813662e016f7""]",run_1f27e7f7434a9d682f85
term_b4699c349cf932ef3914,prices of main crop,measure,0.88,semantic-hybrid,True,title evidence with measure lexical cue,"[""occ_1b014dba71f8535f2036""]",run_1f27e7f7434a9d682f85
term_4237324833fb52ea4141,prices of main crop potatoes,measure,0.88,semantic-hybrid,True,title evidence with measure lexical cue,"[""occ_7021bc9729c40c823a4c""]",run_1f27e7f7434a9d682f85
term_da7538818d51ab95833c,prices of maize,measure,0.88,semantic-hybrid,True,title evidence with measure lexical cue,"[""occ_f1bd049b4226cbf7674a""]",run_1f27e7f7434a9d682f85
term_ce131efeb75e38fb4e44,prices of oats,measure,0.88,semantic-hybrid,True,title evidence with measure lexical cue,"[""occ_1fef38f4a9b5be64979a""]",run_1f27e7f7434a9d682f85
term_41eda84d0b2ba9c368d7,prices of piglets,measure,0.88,semantic-hybrid,True,title evidence with measure lexical cue,"[""occ_75c8fa63aa968302dab6""]",run_1f27e7f7434a9d682f85
term_42c58da8a742eb9fd196,prices of pigs,measure,0.88,semantic-hybrid,True,title evidence with measure lexical cue,"[""occ_aabd77b02015ce35fb76""]",run_1f27e7f7434a9d682f85
term_f7016da0e3706e048181,prices of pigs (light,measure,0.88,semantic-hybrid,True,title evidence with measure lexical cue,"[""occ_e8030885272cf89749d0""]",run_1f27e7f7434a9d682f85
term_0b86d9db576a2990514e,prices of raw,measure,0.88,semantic-hybrid,True,title evidence with measure lexical cue,"[""occ_2acbea71ba7b41db5cb6""]",run_1f27e7f7434a9d682f85
term_94a731e04ca7d5573272,prices of raw cow's,measure,0.88,semantic-hybrid,True,title evidence with measure lexical cue,"[""occ_5c174de332346ab91b1b""]",run_1f27e7f7434a9d682f85
term_b0775536fe828d1cc087,prices of raw cow's milk,measure,0.88,semantic-hybrid,True,title evidence with measure lexical cue,"[""occ_aae76abd1c876931c5a9""]",run_1f27e7f7434a9d682f85
term_c02ba31ab1415e97dc65,prices of sheep,measure,0.88,semantic-hybrid,True,title evidence with measure lexical cue,"[""occ_dbabbcbece64c18ffe08""]",run_1f27e7f7434a9d682f85
term_e4fedfaeab91112ee1f1,prices of soft,measure,0.88,semantic-hybrid,True,title evidence with measure lexical cue,"[""occ_d95279bd6835d26c8096""]",run_1f27e7f7434a9d682f85
term_bc47bf94e319623dd76f,prices of soft wheat,measure,0.88,semantic-hybrid,True,title evidence with measure lexical cue,"[""occ_7dfad9a299ad0e8ac331""]",run_1f27e7f7434a9d682f85
term_17b7b20adb1fdd1cc12f,prices of sugar,measure,0.88,semantic-hybrid,True,title evidence with measure lexical cue,"[""occ_ceb2f41b6ea30a5945aa""]",run_1f27e7f7434a9d682f85
term_feee614969760fe85872,prices of sugar beet,measure,0.88,semantic-hybrid,True,title evidence with measure lexical cue,"[""occ_985960b5a5f0b722420b""]",run_1f27e7f7434a9d682f85
term_65558358cdc3fb119197,prices of sugar beet (unit,measure,0.88,semantic-hybrid,True,title evidence with measure lexical cue,"[""occ_655143cf63f903ac54c5""]",run_1f27e7f7434a9d682f85
term_727f5eac719457ea573e,prices of sugar beet (unit value,measure,0.88,semantic-hybrid,True,title evidence with measure lexical cue,"[""occ_6862cd81bb44d5998c5f""]",run_1f27e7f7434a9d682f85
term_a4b4dfa6de5345c78a4d,Primary energy production,measure,0.88,semantic-hybrid,True,title evidence with measure lexical cue,"[""occ_03ba1249bf077bcbfe67""]",run_1f27e7f7434a9d682f85
term_a4c2a384437dc4355c99,primary level by sex - % of the population,measure,0.88,semantic-hybrid,True,title evidence with measure lexical cue,"[""occ_3aeb32ffeb72349d9f5e"", ""occ_516292e5b725065e2a69"", ""occ_97e0136887a7ef53fff4""]",run_1f27e7f7434a9d682f85
term_fc7ee18350ac085a5c21,primary level by sex - % of the population of,measure,0.88,semantic-hybrid,True,title evidence with measure lexical cue,"[""occ_289669fa7c9629f9e8e3"", ""occ_4071887ed13afebefddc"", ""occ_65b4a8ef7378b8748e4b""]",run_1f27e7f7434a9d682f85
term_1d05055c478223cdb8d9,"primary level, by sex - as % of the population",measure,0.88,semantic-hybrid,True,title evidence with measure lexical cue,"[""occ_973840cc582ca8c334e3""]",run_1f27e7f7434a9d682f85
term_b4a2b5282e4bc860b99b,Prison population,measure,0.88,semantic-hybrid,True,title evidence with measure lexical cue,"[""occ_dde78d76c79644e400bf""]",run_1f27e7f7434a9d682f85
term_123862fc9616167ba725,Private households by type of housing,measure,0.7651141450138571,semantic-hybrid,False,semantic centroid/neighbor measure fallback,"[""occ_6834163c296d653afb05""]",run_1f27e7f7434a9d682f85
term_4b9ed4e5dbc24137e6e3,"Private sector credit flow, consolidated - % GDP",measure,0.88,semantic-hybrid,True,title evidence with measure lexical cue,"[""occ_03f8665efdaa15f5171d""]",run_1f27e7f7434a9d682f85
term_20f0568d3084e3c66191,"Private sector credit flow: debt securities by sectors, consolidated - % of GDP",measure,0.88,semantic-hybrid,True,title evidence with measure lexical cue,"[""occ_acccae95177e70b5f8a7""]",run_1f27e7f7434a9d682f85
term_9987e242ef89d7650d4c,"Private sector credit flow: debt securities by sectors, non-consolidated - % of GDP",measure,0.88,semantic-hybrid,True,title evidence with measure lexical cue,"[""occ_f42f115a6660110b5257""]",run_1f27e7f7434a9d682f85
term_cd7a39a0bc9ab7d16394,"Private sector credit flow: loans by sectors, consolidated - % of GDP",measure,0.88,semantic-hybrid,True,title evidence with measure lexical cue,"[""occ_916511ca0bf7e3f36c77""]",run_1f27e7f7434a9d682f85
term_2e754403a3df9923c2b5,"Private sector credit flow: loans by sectors, non-consolidated - % of GDP",measure,0.88,semantic-hybrid,True,title evidence with measure lexical cue,"[""occ_e1c318376dc30978e928""]",run_1f27e7f7434a9d682f85
term_5842369333bd62a04195,"Private sector debt, consolidated - % of GDP",measure,0.88,semantic-hybrid,True,title evidence with measure lexical cue,"[""occ_ed7db5c44deced00ecf3""]",run_1f27e7f7434a9d682f85
term_ad9dc9a5708b94af4fb0,"Private sector debt: debt securities by sectors, non-consolidated - % of GDP",measure,0.88,semantic-hybrid,True,title evidence with measure lexical cue,"[""occ_b3f29b73dff8a73a946d""]",run_1f27e7f7434a9d682f85
term_d43e9eb1d7802e118e16,"Private sector debt: debt securities, by sectors, consolidated - % of GDP",measure,0.88,semantic-hybrid,True,title evidence with measure lexical cue,"[""occ_f44520b6c678d4b2baa9""]",run_1f27e7f7434a9d682f85
term_e3cfbb83163ba40271ed,"Private sector debt: loans, by sectors, consolidated - % of GDP",measure,0.88,semantic-hybrid,True,title evidence with measure lexical cue,"[""occ_f0ea70263892ccd6821a""]",run_1f27e7f7434a9d682f85
term_1718a2844b38ef2cb8e6,"Private sector debt: loans, by sectors, non-consolidated - % of GDP",measure,0.88,semantic-hybrid,True,title evidence with measure lexical cue,"[""occ_1e5cb8af108d0b1e45a8""]",run_1f27e7f7434a9d682f85
term_3bb37459a3715b01f12c,Producer price,measure,0.88,semantic-hybrid,True,title evidence with measure lexical cue,"[""occ_12c566d13b5dd349d0b7"", ""occ_a3fb939f585622292534"", ""occ_ad79841a732f3cfdedbd""]",run_1f27e7f7434a9d682f85
term_0fe325831dfd0234a305,Producer price indices,measure,0.88,semantic-hybrid,True,title evidence with measure lexical cue,"[""occ_90d5988d9cbfd19716bb"", ""occ_cd43fc80bc5ac4da4596"", ""occ_d68e1ca425521820462d""]",run_1f27e7f7434a9d682f85
term_2f2b0fc7f46975eb7d76,"Producer price indices, animals",measure,0.88,semantic-hybrid,True,title evidence with measure lexical cue,"[""occ_6c36432037d96f5065c2""]",run_1f27e7f7434a9d682f85
term_1ba0b78188f6ee313778,"Producer price indices, animals and",measure,0.88,semantic-hybrid,True,title evidence with measure lexical cue,"[""occ_08bca15020b07f1e9982""]",run_1f27e7f7434a9d682f85
term_bff3b10bcccf1cea21d2,"Producer price indices, animals and animal",measure,0.88,semantic-hybrid,True,title evidence with measure lexical cue,"[""occ_23073365931f0842cffe""]",run_1f27e7f7434a9d682f85
term_8dcaba990735ba9a2b8d,"Producer price indices, animals and animal products",measure,0.88,semantic-hybrid,True,title evidence with measure lexical cue,"[""occ_f0b6fa729f2ac2fb3fc5""]",run_1f27e7f7434a9d682f85
term_12dd23d2d968dff4debd,"Producer price indices, crop",measure,0.88,semantic-hybrid,True,title evidence with measure lexical cue,"[""occ_1930be4c643efc23c9e5""]",run_1f27e7f7434a9d682f85
term_f28e10cdf7f618065874,"Producer price indices, crop products",measure,0.88,semantic-hybrid,True,title evidence with measure lexical cue,"[""occ_aa0f8667d07d6b20d24a""]",run_1f27e7f7434a9d682f85
term_0a3486a484a5d86e0686,"Producer price indices, total",measure,0.88,semantic-hybrid,True,title evidence with measure lexical cue,"[""occ_7324ae42b408601f4fc0""]",run_1f27e7f7434a9d682f85
term_140bc4da47c51ec6d91f,"Producer price indices, total agricultural",measure,0.88,semantic-hybrid,True,title evidence with measure lexical cue,"[""occ_69523a4ab44b1536bf88""]",run_1f27e7f7434a9d682f85
term_9bcd4b391a70ebb8d94e,"Producer price indices, total agricultural production",measure,0.88,semantic-hybrid,True,title evidence with measure lexical cue,"[""occ_552af311124e7dd1974a""]",run_1f27e7f7434a9d682f85
term_9243d961c7f9c5ed80a8,producer prices,measure,0.88,semantic-hybrid,True,title evidence with measure lexical cue,"[""occ_06c4beba70f4470d3b47"", ""occ_261d792bc3b8af820433"", ""occ_34dc9ff307d70985395b"", ""occ_4bc03ff3b2db050006d7"", ""occ_9fd44f192ca87d1fb909"", ""occ_a182ca169d32b24525b3"", ""occ_a48b271e73402441f0b3"", ""occ_b1746ceb6f4cb753d438"", ""occ_d1befadf13b3ee1753ff"", ""occ_dbfa59d6081b994958fc"", ""occ_f34cf3cc95560d2c6307""]",run_1f27e7f7434a9d682f85
term_6bef826c1f916b0a2fd5,producer prices - capital,measure,0.88,semantic-hybrid,True,title evidence with measure lexical cue,"[""occ_eca189c17eff95a9e4a6""]",run_1f27e7f7434a9d682f85
term_c9ba38d3782c3baa887b,producer prices - capital goods,measure,0.88,semantic-hybrid,True,title evidence with measure lexical cue,"[""occ_202904a3e3de069272b8""]",run_1f27e7f7434a9d682f85
term_46666c54b4d3c1bbaf94,producer prices - consumer,measure,0.88,semantic-hybrid,True,title evidence with measure lexical cue,"[""occ_356517da0ae3581dfca8"", ""occ_461b93347be8a51e7e53""]",run_1f27e7f7434a9d682f85
term_6d840b978ce3f49a1711,producer prices - consumer durables,measure,0.88,semantic-hybrid,True,title evidence with measure lexical cue,"[""occ_bd82a4139b6ba8de292b""]",run_1f27e7f7434a9d682f85
term_c282b1ac6c2bddefec38,producer prices - consumer non-durables,measure,0.88,semantic-hybrid,True,title evidence with measure lexical cue,"[""occ_fa45e98fd9ba9e1446a9""]",run_1f27e7f7434a9d682f85
term_a9ee054c2d560f1e53ad,producer prices - energy,measure,0.88,semantic-hybrid,True,title evidence with measure lexical cue,"[""occ_2c1800150fa69f06599d""]",run_1f27e7f7434a9d682f85
term_a4217b805ec4aad438b8,producer prices - intermediate,measure,0.88,semantic-hybrid,True,title evidence with measure lexical cue,"[""occ_c0d501283a5b7c9cb5e7""]",run_1f27e7f7434a9d682f85
term_85f48744559a3511748b,producer prices - intermediate goods,measure,0.88,semantic-hybrid,True,title evidence with measure lexical cue,"[""occ_31d199e7424245da6246""]",run_1f27e7f7434a9d682f85
term_4f50ecacad28611bffdb,producer prices - manufacturing,measure,0.88,semantic-hybrid,True,title evidence with measure lexical cue,"[""occ_05764f413638c3ec8a22""]",run_1f27e7f7434a9d682f85
term_b4db8e299e6e0c9e0d24,producer prices - total,measure,0.88,semantic-hybrid,True,title evidence with measure lexical cue,"[""occ_589363a53ad559137434""]",run_1f27e7f7434a9d682f85
term_59355e70279b9a4552ce,producer prices - total industry,measure,0.88,semantic-hybrid,True,title evidence with measure lexical cue,"[""occ_8b1f3383446a449ebf06""]",run_1f27e7f7434a9d682f85
term_10e168c1841a0ba2cc86,producer prices - total industry (excluding,measure,0.88,semantic-hybrid,True,title evidence with measure lexical cue,"[""occ_1c90666582ac60b5a642""]",run_1f27e7f7434a9d682f85
term_41005163baa38402581e,producer prices - total industry (excluding construction,measure,0.88,semantic-hybrid,True,title evidence with measure lexical cue,"[""occ_fc7a3cfa7f1374977a91""]",run_1f27e7f7434a9d682f85
term_419a099b5e2c0cb934c1,producer prices of,measure,0.88,semantic-hybrid,True,title evidence with measure lexical cue,"[""occ_613535838de680ee400f""]",run_1f27e7f7434a9d682f85
term_8a9f7562f322cd0e07d6,product at market prices,measure,0.88,semantic-hybrid,True,title evidence with measure lexical cue,"[""occ_09b10fb16267d32fa5aa"", ""occ_5891f41725454b1d4a0f"", ""occ_7b2b31294855a5da3afa"", ""occ_ea5efd19a24b2c8bb0d6"", ""occ_fe41e073b72ec01e5aa2""]",run_1f27e7f7434a9d682f85
term_957202249cc7c30e411f,product at market prices - ENP-East,measure,0.88,semantic-hybrid,True,title evidence with measure lexical cue,"[""occ_a459d08e89a70cb1e233""]",run_1f27e7f7434a9d682f85
term_1828fa61a5b0cec17a1a,product at market prices - ENP-East countries,measure,0.88,semantic-hybrid,True,title evidence with measure lexical cue,"[""occ_65c90bc72c681819ab31""]",run_1f27e7f7434a9d682f85
term_195bd5c668461234e615,product at market prices - ENP-South,measure,0.88,semantic-hybrid,True,title evidence with measure lexical cue,"[""occ_e9a69be68dc7e9f93756""]",run_1f27e7f7434a9d682f85
term_01eb3cc9d4e2591ce130,product at market prices - ENP-South countries,measure,0.88,semantic-hybrid,True,title evidence with measure lexical cue,"[""occ_47a7b8a4f2e47fd9c084""]",run_1f27e7f7434a9d682f85
term_6656ce5e56d926bb5e56,product at market prices by,measure,0.88,semantic-hybrid,True,title evidence with measure lexical cue,"[""occ_23bc7a3021d387940d6f"", ""occ_a0433cb8ecf6181150b7""]",run_1f27e7f7434a9d682f85
term_17396745a6ba97069b9f,product at market prices by expenditure,measure,0.88,semantic-hybrid,True,title evidence with measure lexical cue,"[""occ_20f2aabcb370246fcf1a"", ""occ_7105c22a7fe2a1239218""]",run_1f27e7f7434a9d682f85
term_cfe2e8ab85cdcfe72081,product at market prices by expenditure - ENP-East,measure,0.88,semantic-hybrid,True,title evidence with measure lexical cue,"[""occ_cc98aa764d91b62cec86""]",run_1f27e7f7434a9d682f85
term_ed2da38251e2582e1ef7,product at market prices by expenditure - ENP-East countries,measure,0.88,semantic-hybrid,True,title evidence with measure lexical cue,"[""occ_79b7a7de45b5f74f5e20""]",run_1f27e7f7434a9d682f85
term_b6248de83759e9b296bc,product at market prices by expenditure - ENP-South,measure,0.88,semantic-hybrid,True,title evidence with measure lexical cue,"[""occ_66d7523df64651352da6""]",run_1f27e7f7434a9d682f85
term_9799209648e8358b09eb,product at market prices by expenditure - ENP-South countries,measure,0.88,semantic-hybrid,True,title evidence with measure lexical cue,"[""occ_5f9731fcbc2267add22e""]",run_1f27e7f7434a9d682f85
term_9ef657a1f7d4088b1eba,product specialisation and employment,measure,0.88,semantic-hybrid,True,title evidence with measure lexical cue,"[""occ_fc90c4e1cfb6a8f09802""]",run_1f27e7f7434a9d682f85
term_709e3b5f77dbdedd2186,product specialisation and employment size class for group 72.2,measure,0.88,semantic-hybrid,True,title evidence with measure lexical cue,"[""occ_b4ebb8450613dfc6e467""]",run_1f27e7f7434a9d682f85
term_9948d6bb850085aa10f4,"product, current prices",measure,0.88,semantic-hybrid,True,title evidence with measure lexical cue,"[""occ_841976f7428e2843fd71""]",run_1f27e7f7434a9d682f85
term_95c6bd42d6fc39f96dd8,production (transformation,measure,0.88,semantic-hybrid,True,title evidence with measure lexical cue,"[""occ_1f2f673b02d5d3c209d1""]",run_1f27e7f7434a9d682f85
term_8f66ecc077b398cfdf36,production - annual,measure,0.88,semantic-hybrid,True,title evidence with measure lexical cue,"[""occ_5a56b4361b1e05c2e5f9""]",run_1f27e7f7434a9d682f85
term_2f36b33541c8d1b3b89d,production - annual data,measure,0.88,semantic-hybrid,True,title evidence with measure lexical cue,"[""occ_05410eabc89bd5d6e0ac""]",run_1f27e7f7434a9d682f85
term_56bdfd6262026570023c,production - ENP-East,measure,0.88,semantic-hybrid,True,title evidence with measure lexical cue,"[""occ_432eba2b933a11f5ea54"", ""occ_8697f9ac68e631dd382b""]",run_1f27e7f7434a9d682f85
term_36a18e11c4e8b3a9d059,production - ENP-East countries,measure,0.88,semantic-hybrid,True,title evidence with measure lexical cue,"[""occ_88006e86a8020910cf08"", ""occ_a9359e88ab792c524301""]",run_1f27e7f7434a9d682f85
term_27d5f44a58d5d70828ce,production - ENP-South,measure,0.88,semantic-hybrid,True,title evidence with measure lexical cue,"[""occ_58c94b37d4e2ccb88f15"", ""occ_f5af7bc4c9f2088ad5ed""]",run_1f27e7f7434a9d682f85
term_dcc470592138d5756015,production - ENP-South countries,measure,0.88,semantic-hybrid,True,title evidence with measure lexical cue,"[""occ_37243be3614eef5c2802"", ""occ_4d8a335de25b59c48efa""]",run_1f27e7f7434a9d682f85
term_a633f53162aa7bb8df23,production - live,measure,0.88,semantic-hybrid,True,title evidence with measure lexical cue,"[""occ_15c325b17f4f45c4e6ab""]",run_1f27e7f7434a9d682f85
term_85ed2ab4eaf18c222b59,production - live weight,measure,0.88,semantic-hybrid,True,title evidence with measure lexical cue,"[""occ_0069e047895e8f5319a4""]",run_1f27e7f7434a9d682f85
term_7dd575dac6002d080734,production activities,measure,0.88,semantic-hybrid,True,title evidence with measure lexical cue,"[""occ_7a5180e11ba56b53cfd8""]",run_1f27e7f7434a9d682f85
term_89a2e4c2ed470cad63bf,Production and consumption,measure,0.88,semantic-hybrid,True,title evidence with measure lexical cue,"[""occ_74038654ebcb155217e2""]",run_1f27e7f7434a9d682f85
term_e37e9c62de5b5852ce19,Production and consumption of,measure,0.88,semantic-hybrid,True,title evidence with measure lexical cue,"[""occ_38df8accfb243e4a3878""]",run_1f27e7f7434a9d682f85
term_81b1553495520992c0fd,Production and consumption of chemicals,measure,0.88,semantic-hybrid,True,title evidence with measure lexical cue,"[""occ_b3c569a5acbe8d4a3d50""]",run_1f27e7f7434a9d682f85
term_497b39b36ff88b7c03af,Production and consumption of chemicals by,measure,0.88,semantic-hybrid,True,title evidence with measure lexical cue,"[""occ_a39a150c69a51a544464""]",run_1f27e7f7434a9d682f85
term_229a860dec399079dec6,Production and consumption of chemicals by hazard,measure,0.88,semantic-hybrid,True,title evidence with measure lexical cue,"[""occ_70d7b253ae453200bbea""]",run_1f27e7f7434a9d682f85
term_bc836f9457aaa2352e2c,Production and consumption of chemicals by hazard class,measure,0.88,semantic-hybrid,True,title evidence with measure lexical cue,"[""occ_974ae9727370c88d0959""]",run_1f27e7f7434a9d682f85
term_63b32a3318de4bafb571,production and humidity,measure,0.88,semantic-hybrid,True,title evidence with measure lexical cue,"[""occ_1a60002c5ba9a3bfd337"", ""occ_3c70f652b784716a2394"", ""occ_5b1ee267827e2d4682b9"", ""occ_7b947683a59387393014"", ""occ_7eb5daa0d9e7bb6ca642"", ""occ_c933a086fcaab1f40239"", ""occ_cd6bfa2a33bbeb943d7c"", ""occ_e42bc5315a4658b65b2e""]",run_1f27e7f7434a9d682f85
term_4841c752686152a35cf2,production and utilisation,measure,0.88,semantic-hybrid,True,title evidence with measure lexical cue,"[""occ_d7a0d9d9511c93d02775""]",run_1f27e7f7434a9d682f85
term_bd8e7e13d7baeaafebb1,production and utilisation of,measure,0.88,semantic-hybrid,True,title evidence with measure lexical cue,"[""occ_432a040ce2367e12a45c""]",run_1f27e7f7434a9d682f85
term_6238fabb0c07dd524bde,production and utilisation of milk,measure,0.88,semantic-hybrid,True,title evidence with measure lexical cue,"[""occ_60eda191f53e3bf8bdd7""]",run_1f27e7f7434a9d682f85
term_9041943a39e5a3582340,production and utilisation of milk on,measure,0.88,semantic-hybrid,True,title evidence with measure lexical cue,"[""occ_dbdd3bf78d1a801db358""]",run_1f27e7f7434a9d682f85
term_a0f61c036509be4c1b2f,production and utilisation of milk on the,measure,0.88,semantic-hybrid,True,title evidence with measure lexical cue,"[""occ_4592a27a57eee157250a""]",run_1f27e7f7434a9d682f85
term_0f8faee583082f6a05f1,production by aquatic,measure,0.88,semantic-hybrid,True,title evidence with measure lexical cue,"[""occ_e4bb1d5c9414b72440c2""]",run_1f27e7f7434a9d682f85
term_39ff1b4fe16f76e7305d,production by aquatic environment,measure,0.88,semantic-hybrid,True,title evidence with measure lexical cue,"[""occ_35a217374a10c9531048""]",run_1f27e7f7434a9d682f85
term_3bc80a099ff0d33cd453,production by aquatic environment - ENP-South,measure,0.88,semantic-hybrid,True,title evidence with measure lexical cue,"[""occ_e0d865a174746137bba5""]",run_1f27e7f7434a9d682f85
term_12af13ab00ba16f065d6,production by aquatic environment - ENP-South countries,measure,0.88,semantic-hybrid,True,title evidence with measure lexical cue,"[""occ_e9fcb8f79fc019904f4c""]",run_1f27e7f7434a9d682f85
term_add98e3b18d4af450dac,Production forecasts,measure,0.88,semantic-hybrid,True,title evidence with measure lexical cue,"[""occ_a5813788cad6cd3f9830""]",run_1f27e7f7434a9d682f85
term_0df61e9f02de43d5f1ce,Production forecasts for,measure,0.88,semantic-hybrid,True,title evidence with measure lexical cue,"[""occ_98fd21e76ef4732a3608""]",run_1f27e7f7434a9d682f85
term_8e72fee385baec40ba64,Production forecasts for pigs,measure,0.88,semantic-hybrid,True,title evidence with measure lexical cue,"[""occ_b63912df1a6081936d7e""]",run_1f27e7f7434a9d682f85
term_d175ae5b4215db19d18f,Production forecasts for pigs - quarterly,measure,0.88,semantic-hybrid,True,title evidence with measure lexical cue,"[""occ_ae2cfedc421920f8b10e""]",run_1f27e7f7434a9d682f85
term_1f425fe6b2c44195e8c6,Production forecasts for pigs - quarterly data,measure,0.88,semantic-hybrid,True,title evidence with measure lexical cue,"[""occ_9974520c4c70502a3dbe""]",run_1f27e7f7434a9d682f85
term_f25b3958d6da1017e631,Production in construction,measure,0.88,semantic-hybrid,True,title evidence with measure lexical cue,"[""occ_955dc221d744c8cd1885""]",run_1f27e7f7434a9d682f85
term_6065d4f8545e2fd54fdf,Production in industry,measure,0.88,semantic-hybrid,True,title evidence with measure lexical cue,"[""occ_0582e216cc81ac6e091c"", ""occ_2505872b94f00d1af276"", ""occ_506e746539c1a033783c"", ""occ_7f7ffa392eaf1739875b"", ""occ_8eadad825fab8559cd7a"", ""occ_975959c70ce199866dd0"", ""occ_f2c47c6402789524b76f""]",run_1f27e7f7434a9d682f85
term_fb5086d72dd46536fbeb,Production in industry - capital,measure,0.88,semantic-hybrid,True,title evidence with measure lexical cue,"[""occ_d7b4398ae6b817f34641""]",run_1f27e7f7434a9d682f85
term_36a72c577c29ed8a435e,Production in industry - capital goods,measure,0.88,semantic-hybrid,True,title evidence with measure lexical cue,"[""occ_363014d44c571b19d65d""]",run_1f27e7f7434a9d682f85
term_058edb58ee3574b14fbe,Production in industry - consumer,measure,0.88,semantic-hybrid,True,title evidence with measure lexical cue,"[""occ_36f7e1ba36d2eb61e7b5"", ""occ_dc04bccae6b475427c81""]",run_1f27e7f7434a9d682f85
term_b7a69d80e0c95946c178,Production in industry - consumer durables,measure,0.88,semantic-hybrid,True,title evidence with measure lexical cue,"[""occ_b48d911107c0e9d8fa4a""]",run_1f27e7f7434a9d682f85
term_57dbe832a6b7457178ca,Production in industry - consumer non-durables,measure,0.88,semantic-hybrid,True,title evidence with measure lexical cue,"[""occ_e1da23ade9378ec9ef17""]",run_1f27e7f7434a9d682f85
term_04279f6a3fcd4e3a01d3,Production in industry - energy,measure,0.88,semantic-hybrid,True,title evidence with measure lexical cue,"[""occ_bd696313747b13097db0""]",run_1f27e7f7434a9d682f85
term_e279c3bf3b060ccfbc9a,Production in industry - intermediate,measure,0.88,semantic-hybrid,True,title evidence with measure lexical cue,"[""occ_e5e7949875e5be62c5ac""]",run_1f27e7f7434a9d682f85
term_e454da1bd3a645c5546e,Production in industry - intermediate goods,measure,0.88,semantic-hybrid,True,title evidence with measure lexical cue,"[""occ_33324900acb7204a88e7""]",run_1f27e7f7434a9d682f85
term_675346f52e1bfda71a21,Production in industry - manufacturing,measure,0.88,semantic-hybrid,True,title evidence with measure lexical cue,"[""occ_2f97cf018f41054e5201""]",run_1f27e7f7434a9d682f85
term_67f82989a5e2064afdcd,Production in industry - total,measure,0.88,semantic-hybrid,True,title evidence with measure lexical cue,"[""occ_1d02e2b88cb1becdb4c6""]",run_1f27e7f7434a9d682f85
term_d1749d82578bc5f784b4,Production in industry - total (excluding,measure,0.88,semantic-hybrid,True,title evidence with measure lexical cue,"[""occ_1948136a5952e9520587""]",run_1f27e7f7434a9d682f85
term_4331f79624ecf09b6591,Production in industry - total (excluding construction,measure,0.88,semantic-hybrid,True,title evidence with measure lexical cue,"[""occ_265d462e7499813d82fb""]",run_1f27e7f7434a9d682f85
term_84eeb94c45bbd41c0060,Production in industry - total (excluding construction),measure,0.88,semantic-hybrid,True,title evidence with measure lexical cue,"[""occ_c2bde9cf91cd5f25b957""]",run_1f27e7f7434a9d682f85
term_47137477e47baed5e489,production in tonnes,measure,0.88,semantic-hybrid,True,title evidence with measure lexical cue,"[""occ_7a2d815c1915637526e7""]",run_1f27e7f7434a9d682f85
term_5dba2057c594cdf747da,production in tonnes and,measure,0.88,semantic-hybrid,True,title evidence with measure lexical cue,"[""occ_98bb00c056a0677dcb9c""]",run_1f27e7f7434a9d682f85
term_1705ecef0ece49eb034b,production in tonnes and value,measure,0.88,semantic-hybrid,True,title evidence with measure lexical cue,"[""occ_5fccff58e5646fb3ab46""]",run_1f27e7f7434a9d682f85
term_42b262d2372b39ff562a,production of animal,measure,0.88,semantic-hybrid,True,title evidence with measure lexical cue,"[""occ_0736d16feb7449638eb5""]",run_1f27e7f7434a9d682f85
term_fca811182c95fda96262,production of animal products,measure,0.88,semantic-hybrid,True,title evidence with measure lexical cue,"[""occ_f28952361de272ffa7ef""]",run_1f27e7f7434a9d682f85
term_f55a16d165cbf0f4214d,production of aquaculture,measure,0.88,semantic-hybrid,True,title evidence with measure lexical cue,"[""occ_984fec3fd93bdae594da""]",run_1f27e7f7434a9d682f85
term_83a312e1b7797340d866,production of aquaculture products,measure,0.88,semantic-hybrid,True,title evidence with measure lexical cue,"[""occ_379ffdf10425e3a04ab8""]",run_1f27e7f7434a9d682f85
term_d80535d955fb71a96f28,Production of bovine,measure,0.88,semantic-hybrid,True,title evidence with measure lexical cue,"[""occ_aa0d742710f87a7806d2""]",run_1f27e7f7434a9d682f85
term_a92393524095e63b64c3,Production of bovine meat,measure,0.88,semantic-hybrid,True,title evidence with measure lexical cue,"[""occ_f0efff480df82fed1c26""]",run_1f27e7f7434a9d682f85
term_d68804e8a5c3801172fa,Production of bovine meat in,measure,0.88,semantic-hybrid,True,title evidence with measure lexical cue,"[""occ_2413992be1452dc2d7ea""]",run_1f27e7f7434a9d682f85
term_132fa562e61d24fc668c,Production of bovine meat in slaughterhouses,measure,0.88,semantic-hybrid,True,title evidence with measure lexical cue,"[""occ_2acd1c5cb55f031959a8""]",run_1f27e7f7434a9d682f85
term_ce41243bf53e1fe41ce1,Production of butter,measure,0.88,semantic-hybrid,True,title evidence with measure lexical cue,"[""occ_e44fcaa4c14f46af3a4a""]",run_1f27e7f7434a9d682f85
term_d97417c7bb4f4f99740f,Production of cheese,measure,0.88,semantic-hybrid,True,title evidence with measure lexical cue,"[""occ_dd5601b103fcacf589d4""]",run_1f27e7f7434a9d682f85
term_4f5f33088a023b120250,Production of eggs,measure,0.88,semantic-hybrid,True,title evidence with measure lexical cue,"[""occ_f00bd093ab63c0bbd985""]",run_1f27e7f7434a9d682f85
term_15a900c2ca9bd81df7c5,Production of eggs for,measure,0.88,semantic-hybrid,True,title evidence with measure lexical cue,"[""occ_c66ef66fa50826a2b68f""]",run_1f27e7f7434a9d682f85
term_f909bf097a7d7aba2bb2,Production of eggs for consumption,measure,0.88,semantic-hybrid,True,title evidence with measure lexical cue,"[""occ_4608e9b144ac25d18a0f""]",run_1f27e7f7434a9d682f85
term_9552500f58f1d45260a8,Production of eggs for consumption and,measure,0.88,semantic-hybrid,True,title evidence with measure lexical cue,"[""occ_9d7f88b232e83acb054b""]",run_1f27e7f7434a9d682f85
term_2042f2aaafb7ad31c0ce,Production of eggs for consumption and number,measure,0.88,semantic-hybrid,True,title evidence with measure lexical cue,"[""occ_a2fa869d3383e2e6eb0d""]",run_1f27e7f7434a9d682f85
term_6e46ef00a098f8b2e1d3,Production of eggs for consumption and number of,measure,0.88,semantic-hybrid,True,title evidence with measure lexical cue,"[""occ_357b42ae6afba5dacdfb""]",run_1f27e7f7434a9d682f85
term_b90c6d0271ff608c3091,Production of eggs for consumption and number of laying hens,measure,0.88,semantic-hybrid,True,title evidence with measure lexical cue,"[""occ_885376ead00052ff8e9c""]",run_1f27e7f7434a9d682f85
term_418228c818e3e00ba756,Production of milk,measure,0.88,semantic-hybrid,True,title evidence with measure lexical cue,"[""occ_96ca115a501c31a051d8"", ""occ_a8ab06ed2b5592c33cdc""]",run_1f27e7f7434a9d682f85
term_a2716a130c68fbb7e385,Production of milk on,measure,0.88,semantic-hybrid,True,title evidence with measure lexical cue,"[""occ_8b273d69d976a0bbf1fc""]",run_1f27e7f7434a9d682f85
term_4eb46767e3553546663a,Production of milk on farms,measure,0.88,semantic-hybrid,True,title evidence with measure lexical cue,"[""occ_da227e120c3c3ee540a7""]",run_1f27e7f7434a9d682f85
term_db8a280dd7686a2ac1f5,Production of milk powder,measure,0.88,semantic-hybrid,True,title evidence with measure lexical cue,"[""occ_2675021156ed2807d6a4""]",run_1f27e7f7434a9d682f85
term_2825f5b82a7f57997254,Production of pigmeat,measure,0.88,semantic-hybrid,True,title evidence with measure lexical cue,"[""occ_47f5aca96aa53b2492b2""]",run_1f27e7f7434a9d682f85
term_9ce3c5a62fbf386866da,Production of pigmeat in,measure,0.88,semantic-hybrid,True,title evidence with measure lexical cue,"[""occ_ce8beb59f2f1fdf56c57""]",run_1f27e7f7434a9d682f85
term_9454b887f1867f090bca,Production of pigmeat in slaughterhouses,measure,0.88,semantic-hybrid,True,title evidence with measure lexical cue,"[""occ_2b6a25cf52f5590becc8""]",run_1f27e7f7434a9d682f85
term_bdde9e6831384cf3d324,Production of poultry,measure,0.88,semantic-hybrid,True,title evidence with measure lexical cue,"[""occ_4b045b8c9bfd9e21aa4d""]",run_1f27e7f7434a9d682f85
term_55780c0797f0816216b0,Production of poultry meat,measure,0.88,semantic-hybrid,True,title evidence with measure lexical cue,"[""occ_3f77dd45db235fa499ce""]",run_1f27e7f7434a9d682f85
term_536a06423a0075c14859,Production of poultry meat in,measure,0.88,semantic-hybrid,True,title evidence with measure lexical cue,"[""occ_e905e938f6b2a9ab6c7a""]",run_1f27e7f7434a9d682f85
term_3a115ac194876f2b07de,Production of poultry meat in slaughterhouses,measure,0.88,semantic-hybrid,True,title evidence with measure lexical cue,"[""occ_603af38de05fbf805d14""]",run_1f27e7f7434a9d682f85
term_c704b638ee4f8e089792,Production of sheepmeat,measure,0.88,semantic-hybrid,True,title evidence with measure lexical cue,"[""occ_9d0002c68f28fb9b8b72""]",run_1f27e7f7434a9d682f85
term_212e3c30ab9d08b04193,Production of sheepmeat and,measure,0.88,semantic-hybrid,True,title evidence with measure lexical cue,"[""occ_e29d0a20badd0528b6e5""]",run_1f27e7f7434a9d682f85
term_89570d62d64298ba8093,Production of sheepmeat and goat,measure,0.88,semantic-hybrid,True,title evidence with measure lexical cue,"[""occ_b21051c12635a71f2d8b""]",run_1f27e7f7434a9d682f85
term_15b00707422040392275,Production of sheepmeat and goat meat,measure,0.88,semantic-hybrid,True,title evidence with measure lexical cue,"[""occ_0322d7d9f35cb534c2ca""]",run_1f27e7f7434a9d682f85
term_b309076a596914c8371a,Production of sheepmeat and goat meat in,measure,0.88,semantic-hybrid,True,title evidence with measure lexical cue,"[""occ_d45797bb3672b90510f8""]",run_1f27e7f7434a9d682f85
term_226172b7f9c30b7a429a,Production of sheepmeat and goat meat in slaughterhouses,measure,0.88,semantic-hybrid,True,title evidence with measure lexical cue,"[""occ_cc3e7932de1a38c32b28""]",run_1f27e7f7434a9d682f85
term_a042e9593a3dcd9adee8,production price,measure,0.88,semantic-hybrid,True,title evidence with measure lexical cue,"[""occ_9c8e137e3401e4985efb""]",run_1f27e7f7434a9d682f85
term_b7223b26edf259f46941,production price index,measure,0.88,semantic-hybrid,True,title evidence with measure lexical cue,"[""occ_8bfcd0a893d808aa74fc""]",run_1f27e7f7434a9d682f85
term_e7a2958d11a756727f0e,"Production, value",measure,0.88,semantic-hybrid,True,title evidence with measure lexical cue,"[""occ_0aef3ac2bd13e6fb98db""]",run_1f27e7f7434a9d682f85
term_292b6aa220f34903f785,"Production, value added",measure,0.88,semantic-hybrid,True,title evidence with measure lexical cue,"[""occ_443eb544afaff7c1e1a1""]",run_1f27e7f7434a9d682f85
term_ee1e4250f65eb479f441,"Production, value added and",measure,0.88,semantic-hybrid,True,title evidence with measure lexical cue,"[""occ_835f35d718aba2221e96""]",run_1f27e7f7434a9d682f85
term_4dfe6e5d3af1ad18fe13,"Production, value added and employment",measure,0.88,semantic-hybrid,True,title evidence with measure lexical cue,"[""occ_857b6ffab8eba1570795""]",run_1f27e7f7434a9d682f85
term_84b58c4ac327b03f22b5,"Production, value added and employment by",measure,0.88,semantic-hybrid,True,title evidence with measure lexical cue,"[""occ_6b85f861cbcee2baa24e""]",run_1f27e7f7434a9d682f85
term_376204bd142bd5ed7298,"Production, value added and employment by industry",measure,0.88,semantic-hybrid,True,title evidence with measure lexical cue,"[""occ_44874d79430192fa1b42""]",run_1f27e7f7434a9d682f85
term_7fb67f9eec1fa79fe952,"Production, value added and employment by industry groups",measure,0.88,semantic-hybrid,True,title evidence with measure lexical cue,"[""occ_16e6e4b6574e6890a2ed""]",run_1f27e7f7434a9d682f85
term_30044f68d1cf70550729,"Production, value added and employment by industry groups in the environmental goods and services sector",measure,0.88,semantic-hybrid,True,title evidence with measure lexical cue,"[""occ_326a920bf6315765e84d""]",run_1f27e7f7434a9d682f85
term_a4f6704dba8a38a7d3b2,productivity in GDP,measure,0.88,semantic-hybrid,True,title evidence with measure lexical cue,"[""occ_96b4e550bd2f28df444a""]",run_1f27e7f7434a9d682f85
term_936d885e52640f4d52a0,productivity in GDP (constant,measure,0.88,semantic-hybrid,True,title evidence with measure lexical cue,"[""occ_bcc5ebda59adcd1b2f44""]",run_1f27e7f7434a9d682f85
term_2aed1b1a201665baf1f8,productivity in GDP (constant prices,measure,0.88,semantic-hybrid,True,title evidence with measure lexical cue,"[""occ_312860707142156ee901""]",run_1f27e7f7434a9d682f85
term_88768840d33baaa04580,productivity in GDP (constant prices) per,measure,0.88,semantic-hybrid,True,title evidence with measure lexical cue,"[""occ_5cf92d65c640d89ca329""]",run_1f27e7f7434a9d682f85
term_c5a53e61971417305edb,productivity in GDP (constant prices) per person,measure,0.88,semantic-hybrid,True,title evidence with measure lexical cue,"[""occ_ec2fa83c0d463e4f0294""]",run_1f27e7f7434a9d682f85
term_42010d36dc70c4b314ea,productivity in GDP (constant prices) per person employed,measure,0.88,semantic-hybrid,True,title evidence with measure lexical cue,"[""occ_7a5f8cbff1ccefe24ac9""]",run_1f27e7f7434a9d682f85
term_91e21a0b4d6245e8df71,products - % of GDP,measure,0.88,semantic-hybrid,True,title evidence with measure lexical cue,"[""occ_7bd527caf3fd90519835""]",run_1f27e7f7434a9d682f85
term_61951e970635dff54954,"products, production",measure,0.88,semantic-hybrid,True,title evidence with measure lexical cue,"[""occ_1002250a6c0c03f54fb2""]",run_1f27e7f7434a9d682f85
term_61874fbfa2e56e12a867,propensity to consume by income,measure,0.88,semantic-hybrid,True,title evidence with measure lexical cue,"[""occ_0c13f16a1fc67618e48e""]",run_1f27e7f7434a9d682f85
term_3a49fa11f93b1f5d70b2,propensity to consume by income quintile,measure,0.88,semantic-hybrid,True,title evidence with measure lexical cue,"[""occ_4c8a8cd59ab24d675035""]",run_1f27e7f7434a9d682f85
term_06b2a4fa74dad47dda5c,propensity to consume by income quintile - experimental,measure,0.88,semantic-hybrid,True,title evidence with measure lexical cue,"[""occ_ae38e39ad7cf30d23a35""]",run_1f27e7f7434a9d682f85
term_9be88a3d5b65e7be8899,propensity to consume by income quintile - experimental statistics,measure,0.88,semantic-hybrid,True,title evidence with measure lexical cue,"[""occ_121162a6647d8e999698""]",run_1f27e7f7434a9d682f85
term_329f4115eec3d47c23f5,"Property income, expenditure",measure,0.7838715248404697,semantic-hybrid,False,semantic centroid/neighbor measure fallback,"[""occ_3928a41fc70941be647e""]",run_1f27e7f7434a9d682f85
term_4597f7e85eca1e3030f5,"Property income, revenue",measure,0.7795769801559927,semantic-hybrid,False,semantic centroid/neighbor measure fallback,"[""occ_f57a10dd09da5354cf3d""]",run_1f27e7f7434a9d682f85
term_6dc9eaaf853846cb4638,proportion of all employees (excluding apprentices) by employment,measure,0.88,semantic-hybrid,True,title evidence with measure lexical cue,"[""occ_c3621d88a360ad2b378b""]",run_1f27e7f7434a9d682f85
term_97e4dea1805d898d2f8d,Proportion of dissaving households,measure,0.762966773837711,semantic-hybrid,False,semantic centroid/neighbor measure fallback,"[""occ_c87972f588ed094d93be""]",run_1f27e7f7434a9d682f85
term_a93867f3b1916e7924a8,Proportion of dissaving households - experimental statistics,measure,0.7624085377215938,semantic-hybrid,False,semantic centroid/neighbor measure fallback,"[""occ_fccad20e05d3904b7d39""]",run_1f27e7f7434a9d682f85
term_a3409d411acee159e807,"Proportion of persons at risk of relative poverty, before social transfers by sex",measure,0.7741520502089538,semantic-hybrid,False,semantic centroid/neighbor measure fallback,"[""occ_b579611c9d82bc965c18""]",run_1f27e7f7434a9d682f85
term_5f59404a1a04a2d5c4ca,"Proportion of persons at risk of relative poverty, before social transfers by sex - ENP-East countries",measure,0.7779785214340009,semantic-hybrid,False,semantic centroid/neighbor measure fallback,"[""occ_c11ae443fea20526477f""]",run_1f27e7f7434a9d682f85
term_24d7c89ad6bc4b335be8,Proportion of persons living in jobless households,measure,0.7821895594185656,semantic-hybrid,False,semantic centroid/neighbor measure fallback,"[""occ_fb652e4c019913ec6bd9""]",run_1f27e7f7434a9d682f85
term_472bf75dee6a636a0a27,Proportion of population,measure,0.88,semantic-hybrid,True,title evidence with measure lexical cue,"[""occ_123c6635a8d434cf0c82""]",run_1f27e7f7434a9d682f85
term_b9740cc10df6e0237ea7,Proportion of population aged,measure,0.88,semantic-hybrid,True,title evidence with measure lexical cue,"[""occ_83154626629f90594d85""]",run_1f27e7f7434a9d682f85
term_c72f789a48c6c463595c,Proportion of population aged 65,measure,0.88,semantic-hybrid,True,title evidence with measure lexical cue,"[""occ_82a9567efe61e610dcb4""]",run_1f27e7f7434a9d682f85
term_668ec526b45ca7e36dbb,Proportion of population aged 65 and,measure,0.88,semantic-hybrid,True,title evidence with measure lexical cue,"[""occ_2c668fd053c17112fdc3""]",run_1f27e7f7434a9d682f85
term_5022e34de5091385c309,Proportion of population aged 65 and over,measure,0.88,semantic-hybrid,True,title evidence with measure lexical cue,"[""occ_90f45eb51b3f10f659e5""]",run_1f27e7f7434a9d682f85
term_b53573abdf71c61c699d,proportion of the population,measure,0.88,semantic-hybrid,True,title evidence with measure lexical cue,"[""occ_fcd3f42bf12c6be9c932""]",run_1f27e7f7434a9d682f85
term_bc6162b378946e879a8f,proportion of the population by,measure,0.88,semantic-hybrid,True,title evidence with measure lexical cue,"[""occ_e53b8b9619ffc7fbdd22""]",run_1f27e7f7434a9d682f85
term_ca34a4a6ec4bc6cc042d,protection expenditure,measure,0.88,semantic-hybrid,True,title evidence with measure lexical cue,"[""occ_a99fe425523621ed2ed3""]",run_1f27e7f7434a9d682f85
term_61d6e65a4fc22e2708d4,protection expenditure excluding,measure,0.88,semantic-hybrid,True,title evidence with measure lexical cue,"[""occ_eff42187322be77e131c""]",run_1f27e7f7434a9d682f85
term_f4e450c99827389a7a2e,protection expenditure excluding administrative,measure,0.88,semantic-hybrid,True,title evidence with measure lexical cue,"[""occ_c44db7e96de9776e954e""]",run_1f27e7f7434a9d682f85
term_f506b6d9bba302d3670d,protection expenditure excluding administrative costs,measure,0.88,semantic-hybrid,True,title evidence with measure lexical cue,"[""occ_12b06b2e421111dcbdce""]",run_1f27e7f7434a9d682f85
term_ac10bf336474358423b7,protection expenditure excluding administrative costs (including,measure,0.88,semantic-hybrid,True,title evidence with measure lexical cue,"[""occ_3a8dc2c213bfd91ce6c2""]",run_1f27e7f7434a9d682f85
term_66ebb5ed749f66ab3606,protection per inhabitant at constant prices,measure,0.88,semantic-hybrid,True,title evidence with measure lexical cue,"[""occ_a4798139e0aad58d2884""]",run_1f27e7f7434a9d682f85
term_c3bf1f403b9f8e199404,protein crops for the production,measure,0.88,semantic-hybrid,True,title evidence with measure lexical cue,"[""occ_700e5fcc772d72745d5d""]",run_1f27e7f7434a9d682f85
term_4b7a2eecbd95ad139573,protein crops for the production of,measure,0.88,semantic-hybrid,True,title evidence with measure lexical cue,"[""occ_7562427e1b8775f0efe3""]",run_1f27e7f7434a9d682f85
term_921ddced87d7cacb341d,protein crops for the production of grain,measure,0.88,semantic-hybrid,True,title evidence with measure lexical cue,"[""occ_6e9a0988b28f7afd652e""]",run_1f27e7f7434a9d682f85
term_ea06a49b236cf451d919,protein crops for the production of grain (including,measure,0.88,semantic-hybrid,True,title evidence with measure lexical cue,"[""occ_fd7aa65632ba393f344a""]",run_1f27e7f7434a9d682f85
term_4c01eff0204aa6a101e7,Public expenditure,measure,0.88,semantic-hybrid,True,title evidence with measure lexical cue,"[""occ_087f8ed12d173ca04929"", ""occ_638e2f4f9488575648a8"", ""occ_7dd4c6127ec8c47b52e9"", ""occ_9d09f5328c2fe3d3ed57""]",run_1f27e7f7434a9d682f85
term_90fb7c9e5180762206cc,Public expenditure on,measure,0.88,semantic-hybrid,True,title evidence with measure lexical cue,"[""occ_42624a5c181c7da163f8"", ""occ_8620c42f8c309b632da3"", ""occ_fd67adf9274f361cc202""]",run_1f27e7f7434a9d682f85
term_79cf1af0cc470e9c9402,Public expenditure on education - ENP-East,measure,0.88,semantic-hybrid,True,title evidence with measure lexical cue,"[""occ_7ff7277f1a8ae0956ffa""]",run_1f27e7f7434a9d682f85
term_90d064a0e3555d070ed8,Public expenditure on education - ENP-East countries,measure,0.88,semantic-hybrid,True,title evidence with measure lexical cue,"[""occ_5c981843e91bc23b0e37""]",run_1f27e7f7434a9d682f85
term_93afb3458d253b3b1807,Public expenditure on education - ENP-South,measure,0.88,semantic-hybrid,True,title evidence with measure lexical cue,"[""occ_9386a56ec9b3af2c5584""]",run_1f27e7f7434a9d682f85
term_136f56a98d371355cdb3,Public expenditure on education - ENP-South countries,measure,0.88,semantic-hybrid,True,title evidence with measure lexical cue,"[""occ_e87db41f8a6d5a2f01dd""]",run_1f27e7f7434a9d682f85
term_1e004628437a20b304dc,pulses and protein crops for the production,measure,0.88,semantic-hybrid,True,title evidence with measure lexical cue,"[""occ_6df36d968abeed8473ff""]",run_1f27e7f7434a9d682f85
term_d6223d65abbcc9ea4584,pulses and protein crops for the production of,measure,0.88,semantic-hybrid,True,title evidence with measure lexical cue,"[""occ_5ae5908e80f3e96c99d1""]",run_1f27e7f7434a9d682f85
term_9a6b6617fb90a759d2c1,"Pupils aged 3 years old, by sex - as % of the population of the corresponding age group",measure,0.88,semantic-hybrid,True,title evidence with measure lexical cue,"[""occ_69bb3866adb028db3433""]",run_1f27e7f7434a9d682f85
term_b35b80b9bb3da89a8d77,"Pupils aged 4 years old, by sex - as % of the population of the corresponding age group",measure,0.88,semantic-hybrid,True,title evidence with measure lexical cue,"[""occ_eca44713305987b30200""]",run_1f27e7f7434a9d682f85
term_c87cc3e6907e2d7127e0,Pupils and students in education aged 30 and over - per 1000 of corresponding age population,measure,0.88,semantic-hybrid,True,title evidence with measure lexical cue,"[""occ_852f5fc76c6a264c6c60""]",run_1f27e7f7434a9d682f85
term_c32b9badb0ba4710ff3e,Pupils from age 0 to the starting age of compulsory education at primary level by sex - % of the population of the corresponding age,measure,0.88,semantic-hybrid,True,title evidence with measure lexical cue,"[""occ_9acba8b0d7b73dd3b68f""]",run_1f27e7f7434a9d682f85
term_a59522b13eee62d49daf,Pupils from age 3 to the starting age of compulsory education at primary level by NUTS 2 region - % of the population of the corresponding age,measure,0.88,semantic-hybrid,True,title evidence with measure lexical cue,"[""occ_3c4f2aa8a0bb379ceed9""]",run_1f27e7f7434a9d682f85
term_00f0c8f9cf02f648a6af,Pupils from age 3 to the starting age of compulsory education at primary level by sex - % of the population of the corresponding age,measure,0.88,semantic-hybrid,True,title evidence with measure lexical cue,"[""occ_009a5c1561ac4e008188""]",run_1f27e7f7434a9d682f85
term_f9d50b4dda831c318c4f,Pupils from age 4 to the starting age of compulsory education at primary level by NUTS 2 region - % of the population of the corresponding age,measure,0.88,semantic-hybrid,True,title evidence with measure lexical cue,"[""occ_31c692950aea2084d22e""]",run_1f27e7f7434a9d682f85
term_0972dcd431ad96904bc3,"Pupils from age 4 to the starting age of compulsory education at primary level, by sex - as % of the population of the corresponding age group",measure,0.88,semantic-hybrid,True,title evidence with measure lexical cue,"[""occ_14fb743aae89af0c26db""]",run_1f27e7f7434a9d682f85
term_56b4c088a0be47482038,Pupils from age 5 to the starting age of compulsory education at primary level by sex - % of the population of the corresponding age,measure,0.88,semantic-hybrid,True,title evidence with measure lexical cue,"[""occ_ab2ce59e85875caf6627""]",run_1f27e7f7434a9d682f85
term_15bfeaad968154afb48f,Pupils under the age of 3 by sex - as % of the population of the corresponding age,measure,0.88,semantic-hybrid,True,title evidence with measure lexical cue,"[""occ_2cf706e76baba38cb61a""]",run_1f27e7f7434a9d682f85
term_64f8145ce0ee4be5bdf8,purchase of main residence) by income,measure,0.88,semantic-hybrid,True,title evidence with measure lexical cue,"[""occ_a69de0372ba520f8a308""]",run_1f27e7f7434a9d682f85
term_1f74c9b882bcec3dd205,purchase of main residence) by income quintile,measure,0.88,semantic-hybrid,True,title evidence with measure lexical cue,"[""occ_448e0f06fe2c3fc777b8""]",run_1f27e7f7434a9d682f85
term_1d057be3cb9ffa6830ec,Purchase price,measure,0.88,semantic-hybrid,True,title evidence with measure lexical cue,"[""occ_be3ddcff4b657bcfe7af""]",run_1f27e7f7434a9d682f85
term_67a3d8bd00ac17945ae9,Purchase price indices,measure,0.88,semantic-hybrid,True,title evidence with measure lexical cue,"[""occ_b15923c9313853723b83""]",run_1f27e7f7434a9d682f85
term_ac22e99cc0dba577ec80,"Purchase price indices, total",measure,0.88,semantic-hybrid,True,title evidence with measure lexical cue,"[""occ_9c953afe2842af2cc940""]",run_1f27e7f7434a9d682f85
term_4fe93dd48fb6b1d43c5e,"Purchase price indices, total means",measure,0.88,semantic-hybrid,True,title evidence with measure lexical cue,"[""occ_686241f93eb603e93a32""]",run_1f27e7f7434a9d682f85
term_c575553c7fc8d4832a4e,"Purchase price indices, total means of",measure,0.88,semantic-hybrid,True,title evidence with measure lexical cue,"[""occ_6963c139eeae3c52f8b7""]",run_1f27e7f7434a9d682f85
term_eb8c017c404fa091b05c,"Purchase price indices, total means of agricultural",measure,0.88,semantic-hybrid,True,title evidence with measure lexical cue,"[""occ_15cc554e12e5a2f24cb5""]",run_1f27e7f7434a9d682f85
term_962f61904b6619372cea,"Purchase price indices, total means of agricultural production",measure,0.88,semantic-hybrid,True,title evidence with measure lexical cue,"[""occ_d7ab12c1d0f9a637528b""]",run_1f27e7f7434a9d682f85
term_7bf6b804d1b0ee521e9e,purchase prices,measure,0.88,semantic-hybrid,True,title evidence with measure lexical cue,"[""occ_56be7d99ba462a54e186""]",run_1f27e7f7434a9d682f85
term_08992aea593b2c06dd19,Purchasing power adjusted GDP,measure,0.88,semantic-hybrid,True,title evidence with measure lexical cue,"[""occ_f0a45495f8523d45aca1""]",run_1f27e7f7434a9d682f85
term_6490254375a4eb4866e4,Purchasing power adjusted GDP per,measure,0.88,semantic-hybrid,True,title evidence with measure lexical cue,"[""occ_2fa6ef57059df1ed8ef9""]",run_1f27e7f7434a9d682f85
term_0d4c9ed65da1702cede8,Purchasing power adjusted GDP per capita,measure,0.88,semantic-hybrid,True,title evidence with measure lexical cue,"[""occ_ae3e739a693eba4fd4bf""]",run_1f27e7f7434a9d682f85
term_d3d44ffe7ab00d73f377,Purchasing Power Parities in the European Union (Countries),measure,0.7918532796014978,semantic-hybrid,False,semantic centroid/neighbor measure fallback,"[""occ_9a7c3c91970f223d87d0""]",run_1f27e7f7434a9d682f85
term_5ec43a4bb899483c4cdc,Purchasing Power Parities in the European Union (Duty stations),measure,0.7965652753267294,semantic-hybrid,False,semantic centroid/neighbor measure fallback,"[""occ_b1de5d3f87d435f7e809""]",run_1f27e7f7434a9d682f85
term_a1ea7fd6fd9a6053806a,Purchasing Power Parities in the European Union (Duty stations) - index (Brussels = 1),measure,0.7871982291611145,semantic-hybrid,False,semantic centroid/neighbor measure fallback,"[""occ_64f6a627cc9b1cd50294""]",run_1f27e7f7434a9d682f85
term_5ccbe6401048297cc4a6,Purchasing power standard (PPS) per adult equivalent,measure,0.7762238573833663,semantic-hybrid,False,semantic centroid/neighbor measure fallback,"[""occ_1163d1244c911d4aac95"", ""occ_1399611e023446630fd6"", ""occ_17810100e854a0930b0c"", ""occ_26d42026a723ad15027d"", ""occ_2a79da2c9c180e286674"", ""occ_30f9414ba07cf222af32"", ""occ_35f7ff24e0a9acecd184"", ""occ_39827108b97b79a2ab3a"", ""occ_3989b6019f372ea121a2"", ""occ_39ac505a12b53d38fedd"", ""occ_3b6ffc21742816bc9fdf"", ""occ_44486e9b2489812c9507"", ""occ_466dd7f5da47d8aac52f"", ""occ_49413677a3f69c156e93"", ""occ_5732696ee189b2200772"", ""occ_6cf8a5f95878087b568f"", ""occ_6e0b399d90ae465dcfdf"", ""occ_7f57cc7f927d798f4db0"", ""occ_898a0d593b04b7cfd803"", ""occ_8bc2f16446344761c455"", ""occ_9413e4b0bee0e1a2564e"", ""occ_94e3852a12b0f432d031"", ""occ_99419e5103b52288b60a"", ""occ_9e76c79bcf1eee538b87"", ""occ_a3139cc14af733f3d814"", ""occ_a37586dd370d0c765eef"", ""occ_a49a51d6b48f11220219"", ""occ_a55f8b268358283b57d3"", ""occ_a6505d717cab0ccd8714"", ""occ_a878b5779f6cfe197740"", ""occ_ade35fd5f716e773bd4f"", ""occ_bc92aa4d4a1c59d5a58c"", ""occ_c415f227fa6f089afe3c"", ""occ_c7eb3d0c963c53bb1731"", ""occ_c81d27397633d47434c5"", ""occ_c955e2d80732eba9ff12"", ""occ_cd4280709d36264438d5"", ""occ_ce0235b1c65500136caa"", ""occ_d3f556340334d4231e86"", ""occ_dfee53a32a331cf97666"", ""occ_e1a20c1f58d0ee3b8de0"", ""occ_e80e7247f17235c445ce"", ""occ_f02dcddbdb1a8857516c"", ""occ_f5264ca233b47cb59759"", ""occ_f98d26e37f4e01a9528e"", ""occ_fa3c35323a461dfd2803"", ""occ_fcba7ed31ad9f7dd597d""]",run_1f27e7f7434a9d682f85
term_ebba51efc5cd7b8c4d5e,Purchasing power standard (PPS) per household,measure,0.7783716135731742,semantic-hybrid,False,semantic centroid/neighbor measure fallback,"[""occ_0003ea72445cccd40788"", ""occ_024c9c827bf886582f93"", ""occ_0befa68002584d50c451"", ""occ_0dbfbb9e78d4a6f2f846"", ""occ_180c4d86b670e08d23ac"", ""occ_1cb60da56403af7df7b8"", ""occ_1dc1d66a383d79ded2ca"", ""occ_1df7c55aa516a23aa6e6"", ""occ_1dfb242acac25d38afb7"", ""occ_2ea298e121c8d87d1c9e"", ""occ_335f5fd3bda6d2249013"", ""occ_38766ebd17ea9e8a5874"", ""occ_3d1b8c812e5faf1808b6"", ""occ_3ea86c50dae4462b8e6a"", ""occ_3ecce6dbb8e8e08dee31"", ""occ_457e4009cf54a53c7633"", ""occ_48bd903d6f91e55ba575"", ""occ_520f5f7358e45a67caa4"", ""occ_5270973dada5d9df63c6"", ""occ_540f791a2bdff99bf392"", ""occ_5a907297becd9e8ebb63"", ""occ_65ce1e1a8ecade502776"", ""occ_6c05659ab1fd6d0b960d"", ""occ_783fb551697d1f105352"", ""occ_7d493bc02e0ddcee4e59"", ""occ_81a5045a140057fa3bad"", ""occ_846a10e416f6c0e494e0"", ""occ_8c08753da5b613918a77"", ""occ_8fd3eeecd467b9ccc50a"", ""occ_90453ad91a1649921004"", ""occ_916bbb020dac4a002d7a"", ""occ_98fe695247338103351f"", ""occ_a4778aedfa55c3b74a26"", ""occ_a5d6c927e50ba7fef7ee"", ""occ_a6b6f73ac0d228124d94"", ""occ_bc782d3949bab3b00d75"", ""occ_c2913144e7f9bfe7d7ac"", ""occ_c39132e96272b5dd79bc"", ""occ_ca4c82018a56640001b6"", ""occ_cd7f4e441c339ce4ea83"", ""occ_d325548eb66d4b277425"", ""occ_d34c877416896883fcfb"", ""occ_d8a8d0396c10ecced0d3"", ""occ_e17b1ab93c19c8a30cdf"", ""occ_eaefbd507673a637ab0d"", ""occ_ed85d3ca18c872fc280e"", ""occ_ee3af63cce8a0c974d6d""]",run_1f27e7f7434a9d682f85
term_44384d6eca9d50abfc05,Purchasing power standard (PPS) per inhabitant,measure,0.7731429812688696,semantic-hybrid,False,semantic centroid/neighbor measure fallback,"[""occ_00613659d09753d974de"", ""occ_00b48db8b80b31046129"", ""occ_027d1474c0aeeb2ac6f9"", ""occ_0352c50842de42a55675"", ""occ_03f2bf358d90d3bce7a7"", ""occ_04132382d363e25fe0a9"", ""occ_0540d734fb713ea6310e"", ""occ_07a68c335ab667293e78"", ""occ_07af51e3a7500ae79467"", ""occ_07dcca18444069adf264"", ""occ_0a29ea7cde7336f20f25"", ""occ_0af7a351d2c94b2a0795"", ""occ_0b82891c632dbb9f8dde"", ""occ_0c0aed864a7630c07396"", ""occ_0cde7acfe3528abd2e44"", ""occ_0dd0fa90fc5544391c60"", ""occ_0f7a39d1cf14e7171de7"", ""occ_11311964a24689eca056"", ""occ_1365d649917ad9da4893"", ""occ_175a4560becff69edabe"", ""occ_1885d12ed9dcdcffda0a"", ""occ_19ee920fe37170c36192"", ""occ_1c5aad4cb2789114786f"", ""occ_1cd802fe31a2c608eec1"", ""occ_1d2d723b7cbc4c1f9870"", ""occ_1dad0d77e50bc9840834"", ""occ_1e0c798934169c8b4dbf"", ""occ_1e0e913ed51881175db9"", ""occ_1f19a496fa55209db636"", ""occ_1fbe8402a7ee6f875238"", ""occ_1fd353e47561426043a1"", ""occ_201e7cc798ba2b4d211c"", ""occ_210e686ef43f2afe05bc"", ""occ_256c09cd59f9471ad175"", ""occ_2640282304e183f69301"", ""occ_27772edf03e802df0736"", ""occ_282733103dc3f4d9537e"", ""occ_299876b45ea278f45557"", ""occ_2c3bfdac3ec76ae43e98"", ""occ_2c507eb0929deec6d1be"", ""occ_2d697efc92176a3220b7"", ""occ_2db0fa85cff361212fc7"", ""occ_2dc0f9c2d1b905aca426"", ""occ_2f6628fc98252506ce8f"", ""occ_3562c96643bc005449df"", ""occ_3ac1c34bc840ee3591f1"", ""occ_3f5eb947b3af59aae718"", ""occ_3f7690bc5e22ab947657"", ""occ_41d945f9d3279d21cac7"", ""occ_436e10553405caa1b9c3"", ""occ_440c0e1db0d236227244"", ""occ_45688b795ad2d34ec183"", ""occ_45c31eeec3652075f6ed"", ""occ_45f4b747459114a7a2f0"", ""occ_4654136ee52e508b524f"", ""occ_4a8bf113fabd0533c0e3"", ""occ_4b3cdbf97d9e24b5ef02"", ""occ_4b85c9506e8a4208a025"", ""occ_4c91c1c18a60c65f64f0"", ""occ_4ced511d7f219f72561d"", ""occ_4e128a83f7d5e4edaa15"", ""occ_4e5810a72d24474a3c6a"", ""occ_4ee10ec9c5e9e9f56562"", ""occ_4f292a128105b2a1815a"", ""occ_4f2e76fb0d61bef9b829"", ""occ_4f6fcfb90b4649066a5e"", ""occ_51a7261c8c0b9907fc52"", ""occ_529ebfd151cfa71b37ce"", ""occ_5425fbacdb6ca6489c88"", ""occ_56a763affa366c4169b3"", ""occ_56e4854ed1598b835168"", ""occ_570718bdf59604fecb69"", ""occ_583bf09aa44560e78da7"", ""occ_590fb146ffdba2d668e9"", ""occ_59d8d8db643558b67765"", ""occ_5b18482cdb411116eace"", ""occ_5b7a53063311dbf2a9a2"", ""occ_5c180a0fe74c66acf3dc"", ""occ_5fbf0cc32e891d63cdc7"", ""occ_60a82363d9a2dd66629d"", ""occ_60b1b652c2b8d3f03796"", ""occ_61e71360206bffd9114a"", ""occ_62475884d0ae9710c3f8"", ""occ_62c5b687bc2c82f6cc5c"", ""occ_62da5055e1a6a84c71ce"", ""occ_630266bbd6ba60877a6d"", ""occ_631e8b6d9f3fecdd85ab"", ""occ_635741f7abf413b48c4d"", ""occ_6420022e528449cd008a"", ""occ_6445568cd39a64025d0b"", ""occ_656601a73442cb33c7dd"", ""occ_668cb3393c8c2b11b0e5"", ""occ_67278c4746380505edb6"", ""occ_6792029e607f393389f9"", ""occ_67f3c8eaf8dca5de8213"", ""occ_6aa24b47abe339ad28c4"", ""occ_6bedb9d00442799c1c48"", ""occ_6dcdf2e78f83d33cd742"", ""occ_6f3f1ca4dcf315cbb3d2"", ""occ_70a1bf934baa4f305034"", ""occ_71214e67474f63ca7f6a"", ""occ_7360c7033759231f2e11"", ""occ_751a9612edb7108fbb2f"", ""occ_752b0d4ea46cee5fd595"", ""occ_761707b825dc4a4706b3"", ""occ_792c8538ea2c60c7d4ad"", ""occ_7e3cd49fdf4504bade6e"", ""occ_7e9845a2955e8fbe3dc8"", ""occ_7eb53859cd2b7a90dabc"", ""occ_7f2581580ee98ad9d2c1"", ""occ_7f4793f62f8e4eb190bc"", ""occ_7f8573b38adb543313fc"", ""occ_7faf34f9205ef83be8ff"", ""occ_807273053e22bd1cc246"", ""occ_823e313d4ce5a9b91d34"", ""occ_826b14fb77684fee55a9"", ""occ_82a7d77ccc01bb1bdaf4"", ""occ_83bb47f499c2af249521"", ""occ_84094ed872fd51bdf95b"", ""occ_8607526611b91cc1e4ac"", ""occ_865530e13237a958251a"", ""occ_866d21b798752deeb65b"", ""occ_86d46ba48741fdbe7c8a"", ""occ_86d511c189e322672c70"", ""occ_8779fa9a8f601fcb5c74"", ""occ_87c090d2584388b1f800"", ""occ_8820335b3f14c62f99d1"", ""occ_883d69f3086c7f6deaff"", ""occ_8879002dc0db27455203"", ""occ_8bcf626a9c42a0048878"", ""occ_8df0cf55d175061525c5"", ""occ_8e148046bbb6a9942a2c"", ""occ_8f7e540b91c07cb5ad46"", ""occ_90d309088da182865e8b"", ""occ_937035c15c99f2cecef1"", ""occ_9470abf4f22fce92104c"", ""occ_949abb90e8ba45285183"", ""occ_94e96915fbe7585071d1"", ""occ_9680c121a909067e1d93"", ""occ_999ba0a0a02b934e3077"", ""occ_99e8933e5d38e8e459c5"", ""occ_9b3faf52d52c22c6bad1"", ""occ_9b7f42ce5a84148514eb"", ""occ_9e04e5749a512134051b"", ""occ_9e246a6c1a8bbe528a9a"", ""occ_a12d82fa9cdfd24e98b4"", ""occ_a2b408861dfada535116"", ""occ_a39ed4788a70b8e745a6"", ""occ_a3b05f17f4ae19f6c713"", ""occ_a49808c3079f0665c3e6"", ""occ_a66d9991f3682f109b8c"", ""occ_a77010eb627b5433515e"", ""occ_a8b56bf84426dfb43bae"", ""occ_a92c80e1a3c4d26d260c"", ""occ_a944731d10095b3af628"", ""occ_aa10fbfe3dcce49b59cf"", ""occ_aa8c268a13dee75418b1"", ""occ_abe1b025dc7bb1c64247"", ""occ_afe8318ec03d674b36e2"", ""occ_b1b16532319e5138a590"", ""occ_b1e8b98540289518f0a1"", ""occ_b4bfd687473fcdba77f1"", ""occ_b6da4d9348b6ddce1e6b"", ""occ_b8997e59102863654d61"", ""occ_b94843fe59b61aaeb36d"", ""occ_b9da98d1f8a35475972a"", ""occ_bac292dd9f88eb60ae41"", ""occ_bd12578af5f9c1dc7338"", ""occ_bf18138f09e3658f1613"", ""occ_c1e14a063fdde01b3799"", ""occ_c4d71ff718f451e1b50c"", ""occ_c732ad1400fba810438e"", ""occ_c8571c6e46695d28dcc3"", ""occ_c995c13c9efcc21b0b2e"", ""occ_ca13720414b228add3c2"", ""occ_cb875a3a04bb401f48a4"", ""occ_cbb33d0ed0bc2ee08e0f"", ""occ_cc08eae3b103ffbe5edb"", ""occ_cc4512ea49d009274fe8"", ""occ_cd312268a024e8452700"", ""occ_ce81cfb18aaad5154024"", ""occ_ceab1f54067c9805ca5c"", ""occ_d014363a623634c9ea69"", ""occ_d291bec13c70177ae7fc"", ""occ_d401ea5a0480bc6e790a"", ""occ_d5a4e642446f19861a25"", ""occ_d6938ae095b416f47eea"", ""occ_d7e91b86ac5fe9437e9e"", ""occ_d8c30ccfae2c90ab9ca1"", ""occ_d8e7781ef88f87cf2b3d"", ""occ_d8f67ab3e9045ca3360a"", ""occ_d91b707fb0b097ef3a2a"", ""occ_d92cac0105f9aa3ea862"", ""occ_db546a408693748fd4a1"", ""occ_de238e2bbee5ead7ae84"", ""occ_de961c3736a95269b2e4"", ""occ_df9427a217c0a9968853"", ""occ_e09d4395f0ca98720e21"", ""occ_e257f616ae85f4cf402c"", ""occ_e39c1767a0d5fcc75daa"", ""occ_e3ad52eb8b241cac6a01"", ""occ_e5c34d043104d8d078cd"", ""occ_e71e85379804de1622ca"", ""occ_e75e853e0821ad4fc439"", ""occ_e8488f16d8b1deb2a431"", ""occ_e8b6738615e8927b9748"", ""occ_e8d1f0e2dec4d2aac7e6"", ""occ_e9f99c4b78e1c73cd7a0"", ""occ_ead45ec0cb711a718efa"", ""occ_ead76bf549cc8c014591"", ""occ_ecf818a8f4c03e721430"", ""occ_ee478d4939e2e19f1f4d"", ""occ_ee5813475d4ceeeee57b"", ""occ_ee7f380078e1c29233aa"", ""occ_ee991f3e049e1da221c9"", ""occ_f0edd7f41e504e68ea04"", ""occ_f11f3dbd965eec49363a"", ""occ_f1f20165bf4aa958d316"", ""occ_f1f6b3cccbe5f7cde229"", ""occ_f302ca379edc7fad9f23"", ""occ_f4264eafd623e6d9ca62"", ""occ_f4b9ab0e1b1be051f59a"", ""occ_f4d14346480b8901bbe1"", ""occ_f65d20fb8500c553d776"", ""occ_f735937a0db707260d83"", ""occ_f73aef85bb5a7f760cef"", ""occ_f87e23581143c075c03c"", ""occ_f8996562fe265a6650b0"", ""occ_fa55f691e1e1de8b4e25"", ""occ_fc0a86918f731d494aaf"", ""occ_fca30b2084c79cb734ef"", ""occ_fe3b8954be2da93d27c1"", ""occ_fe98ddcc69732feb6648"", ""occ_ff1ad65eebbb1dcce865"", ""occ_ff6c54933a027bb1af00""]",run_1f27e7f7434a9d682f85
term_2b880b205731946a27ca,purposes - % of total population,measure,0.88,semantic-hybrid,True,title evidence with measure lexical cue,"[""occ_f65489d4b94ed7272ee5""]",run_1f27e7f7434a9d682f85
term_957fdeb7beb70d12bd2e,"quarterly data, % of GDP",measure,0.88,semantic-hybrid,True,title evidence with measure lexical cue,"[""occ_3167e8e91ba31af41a45"", ""occ_91c754598a570f14300c""]",run_1f27e7f7434a9d682f85
term_e8158c5db8a36a20496e,"quarterly data, seasonally adjusted",measure,0.7812168528236193,semantic-hybrid,False,semantic centroid/neighbor measure fallback,"[""occ_b12d472587a322c67887""]",run_1f27e7f7434a9d682f85
term_46734978017f544624fb,Rail accidents involving the transport of dangerous goods,measure,0.88,semantic-hybrid,True,title evidence with measure lexical cue,"[""occ_07dc50bfea413d99f67e""]",run_1f27e7f7434a9d682f85
term_e97dc4d33c64b5e32ec4,Rail equipment: number and load capacity of goods transport wagons,measure,0.88,semantic-hybrid,True,title evidence with measure lexical cue,"[""occ_6b226b386e9ee01e70cb""]",run_1f27e7f7434a9d682f85
term_d2e98712668aabb3a0dd,Rail transport of passengers,measure,0.88,semantic-hybrid,True,title evidence with measure lexical cue,"[""occ_3655ffc048351a41e251""]",run_1f27e7f7434a9d682f85
term_d6d506c422eb73f7712b,Railway transport vans,measure,0.88,semantic-hybrid,True,title evidence with measure lexical cue,"[""occ_46d6e1db3d0a694b49d7""]",run_1f27e7f7434a9d682f85
term_187dfa0b34aaba2c76eb,rate - annual data,measure,0.7867966594784879,semantic-hybrid,False,semantic centroid/neighbor measure fallback,"[""occ_74ddf34f4f61cb9578ee""]",run_1f27e7f7434a9d682f85
term_857e3727ca38825234c8,rate - quarterly data,measure,0.7874190449470082,semantic-hybrid,False,semantic centroid/neighbor measure fallback,"[""occ_e319fe2bb4ecdbc8d10d""]",run_1f27e7f7434a9d682f85
term_d47b330462cff46b03b3,"rate - quarterly data, seasonally",measure,0.7821500431890697,semantic-hybrid,False,semantic centroid/neighbor measure fallback,"[""occ_57819f0889468f5fc634""]",run_1f27e7f7434a9d682f85
term_8e4d3580589cf9032569,"rate - quarterly data, seasonally adjusted",measure,0.7866211223766589,semantic-hybrid,False,semantic centroid/neighbor measure fallback,"[""occ_873f15e798eba3b958fc""]",run_1f27e7f7434a9d682f85
term_7aab3d205eea9a40f30c,rate after deducting housing,measure,0.7618544349975995,semantic-hybrid,False,semantic centroid/neighbor measure fallback,"[""occ_0d2b181c6cf5ef5ae93e""]",run_1f27e7f7434a9d682f85
term_a9949ef2f3c71c376625,rate after social transfers by,measure,0.7787891628812293,semantic-hybrid,False,semantic centroid/neighbor measure fallback,"[""occ_4020aabc3390696fa492""]",run_1f27e7f7434a9d682f85
term_1dfc01c2d37f3e4c9b21,rate after social transfers by sex,measure,0.7814355074519688,semantic-hybrid,False,semantic centroid/neighbor measure fallback,"[""occ_f4ba2662acbdfd7332aa""]",run_1f27e7f7434a9d682f85
term_8753817f98a20eff37bb,rate before social transfers by,measure,0.7785614512789641,semantic-hybrid,False,semantic centroid/neighbor measure fallback,"[""occ_48421d0e6ea83111ac26""]",run_1f27e7f7434a9d682f85
term_58f9a42df240738d2bb4,rate before social transfers by sex,measure,0.7809394581253658,semantic-hybrid,False,semantic centroid/neighbor measure fallback,"[""occ_bfb389fe99aa7c7cd210""]",run_1f27e7f7434a9d682f85
term_a6f00d9cbae1ecfa377d,rate by age group - population,measure,0.88,semantic-hybrid,True,title evidence with measure lexical cue,"[""occ_8c02516b2145ef6a7db7""]",run_1f27e7f7434a9d682f85
term_8c5734da7a18eaac0dfa,rate by age group - population without,measure,0.88,semantic-hybrid,True,title evidence with measure lexical cue,"[""occ_87774fd6ad8f123ee467""]",run_1f27e7f7434a9d682f85
term_2227353e626fb1238a08,rate by degree of urbanisation,measure,0.7667165348958553,semantic-hybrid,False,semantic centroid/neighbor measure fallback,"[""occ_9cc0d1f6e25ab44cf990"", ""occ_a000db3ae9e64b670c84""]",run_1f27e7f7434a9d682f85
term_d3fec0d99cedeeae84f9,rate by degree of urbanisation - total,measure,0.7628689857487654,semantic-hybrid,False,semantic centroid/neighbor measure fallback,"[""occ_12f460c4f0fcf27b3571""]",run_1f27e7f7434a9d682f85
term_100e922db5df6c080d47,rate by full-/part-time work,measure,0.7756298866742456,semantic-hybrid,False,semantic centroid/neighbor measure fallback,"[""occ_0c351f149d64321f3725""]",run_1f27e7f7434a9d682f85
term_0e15bf8219b4376efefe,rate by household,measure,0.7974479565732397,semantic-hybrid,False,semantic centroid/neighbor measure fallback,"[""occ_9e369310391c81f1fefc""]",run_1f27e7f7434a9d682f85
term_9cbf9a8f83d8ffe783a0,rate by household type,measure,0.805697556182515,semantic-hybrid,False,semantic centroid/neighbor measure fallback,"[""occ_5f741b61e23d51c7d934""]",run_1f27e7f7434a9d682f85
term_c6fa2794d7cad4376e4f,rate by household type - EU-SILC,measure,0.7862833946364569,semantic-hybrid,False,semantic centroid/neighbor measure fallback,"[""occ_875b961d149e6b33284a""]",run_1f27e7f7434a9d682f85
term_2515f27fa533d02fa8b7,rate by household type - EU-SILC survey,measure,0.7769326754514954,semantic-hybrid,False,semantic centroid/neighbor measure fallback,"[""occ_0ea9238e39fbd08a1c32""]",run_1f27e7f7434a9d682f85
term_7e402c2cc7392b39c4aa,rate by poverty status,measure,0.7717317103408455,semantic-hybrid,False,semantic centroid/neighbor measure fallback,"[""occ_9d524c5c43f75fa9ba2b"", ""occ_eee6ef06c1993b4f65da""]",run_1f27e7f7434a9d682f85
term_194427fdbf53eb1f375e,rate by poverty status - population,measure,0.88,semantic-hybrid,True,title evidence with measure lexical cue,"[""occ_60978893a179bf3e0a4a""]",run_1f27e7f7434a9d682f85
term_76d1c8c7952d73550719,rate by poverty status - population without,measure,0.88,semantic-hybrid,True,title evidence with measure lexical cue,"[""occ_6459a3ae2e7f5399209a""]",run_1f27e7f7434a9d682f85
term_0659c8dc2bd2aa2baee6,rate by sex - population,measure,0.88,semantic-hybrid,True,title evidence with measure lexical cue,"[""occ_b11e18037c4f52866b5d""]",run_1f27e7f7434a9d682f85
term_54a23ca733802cb0e8bb,rate by sex - population without,measure,0.88,semantic-hybrid,True,title evidence with measure lexical cue,"[""occ_054d3d9dd8c65e0c1170""]",run_1f27e7f7434a9d682f85
term_cb819baf1d6531a4de0d,rate by sex - population without single-person,measure,0.88,semantic-hybrid,True,title evidence with measure lexical cue,"[""occ_e160e40919d83d0dda59""]",run_1f27e7f7434a9d682f85
term_4b1849d384a1d4751d57,rate by tenure status - total population,measure,0.88,semantic-hybrid,True,title evidence with measure lexical cue,"[""occ_b0af58f5b06c7d64649f""]",run_1f27e7f7434a9d682f85
term_ff4b296f27eb4a9083eb,rate in population,measure,0.88,semantic-hybrid,True,title evidence with measure lexical cue,"[""occ_1d57ec979ee984b01067"", ""occ_3c1831cd6e83275fcef5""]",run_1f27e7f7434a9d682f85
term_19e1bbf363d615c804e7,rate in population of,measure,0.88,semantic-hybrid,True,title evidence with measure lexical cue,"[""occ_6095026da4907bcf2ee1"", ""occ_8cd22535128116c55780""]",run_1f27e7f7434a9d682f85
term_9301625a0d0b55818b7e,rate in population of lower,measure,0.88,semantic-hybrid,True,title evidence with measure lexical cue,"[""occ_cd1b3fb3426e7ea86ab1""]",run_1f27e7f7434a9d682f85
term_ec1b7ca4769d13432d1f,rate in population of lower secondary,measure,0.88,semantic-hybrid,True,title evidence with measure lexical cue,"[""occ_e1a7f13198917e375040""]",run_1f27e7f7434a9d682f85
term_3871e7ba0b2f1146b83f,rate in population of upper,measure,0.88,semantic-hybrid,True,title evidence with measure lexical cue,"[""occ_0ea32bf587048d587395""]",run_1f27e7f7434a9d682f85
term_dfb395c6298d564b2f50,rate in population of upper secondary,measure,0.88,semantic-hybrid,True,title evidence with measure lexical cue,"[""occ_c593479346002bb3a867""]",run_1f27e7f7434a9d682f85
term_215d4837185aedb84ace,rate of birth,measure,0.88,semantic-hybrid,True,title evidence with measure lexical cue,"[""occ_eb5a43497c462116c6ab""]",run_1f27e7f7434a9d682f85
term_10586041eb88e6ae2066,"rate of birth, of",measure,0.88,semantic-hybrid,True,title evidence with measure lexical cue,"[""occ_32131e20fe0b44dc16a6""]",run_1f27e7f7434a9d682f85
term_ae51d11ede9f144beaac,"rate of birth, of dead",measure,0.88,semantic-hybrid,True,title evidence with measure lexical cue,"[""occ_2e5e58e5c0fe260bb1d7""]",run_1f27e7f7434a9d682f85
term_d64c00e7f61487aa33ad,"rate of birth, of dead and",measure,0.88,semantic-hybrid,True,title evidence with measure lexical cue,"[""occ_a2050cb052c59362b37b""]",run_1f27e7f7434a9d682f85
term_e6916d5b38af08168925,rate of elderly people by,measure,0.7634549257947224,semantic-hybrid,False,semantic centroid/neighbor measure fallback,"[""occ_21798f84ff687ae38fa3""]",run_1f27e7f7434a9d682f85
term_4ed37b6c852759eb49a2,rate of non-financial,measure,0.7761291772301148,semantic-hybrid,False,semantic centroid/neighbor measure fallback,"[""occ_b1f9662b2c1e908ec5b9""]",run_1f27e7f7434a9d682f85
term_0b809694ea839e33466e,rate of non-financial corporations,measure,0.7661337239463957,semantic-hybrid,False,semantic centroid/neighbor measure fallback,"[""occ_84bb989bd4b5e6f1bf18""]",run_1f27e7f7434a9d682f85
term_9f2b621f5338e5fd7aaf,"rate of older workers, age",measure,0.7697210884650185,semantic-hybrid,False,semantic centroid/neighbor measure fallback,"[""occ_12f341842983643d09e8""]",run_1f27e7f7434a9d682f85
term_b668dade034535af6063,"rate of older workers, age group",measure,0.7605602933315609,semantic-hybrid,False,semantic centroid/neighbor measure fallback,"[""occ_055f31bcff59e1f1bafa""]",run_1f27e7f7434a9d682f85
term_f1fd17d6d1a624676d66,rate on low wage earners,measure,0.7853245025683705,semantic-hybrid,False,semantic centroid/neighbor measure fallback,"[""occ_0f8fc6210eda49b90340"", ""occ_1e2d57c5e3f9e56604e8"", ""occ_a0583585994e40e7bb71"", ""occ_f017133f32d4109f1e72""]",run_1f27e7f7434a9d682f85
term_e9b513e24a5c9c9eae58,rate on low wage earners - Low,measure,0.7691513064760513,semantic-hybrid,False,semantic centroid/neighbor measure fallback,"[""occ_2696a1fae8ffb953f4ef""]",run_1f27e7f7434a9d682f85
term_2d170235a802da55b5e2,rate on low wage earners - Low wage,measure,0.7670443954708961,semantic-hybrid,False,semantic centroid/neighbor measure fallback,"[""occ_a87ad04a692ea258a6d3""]",run_1f27e7f7434a9d682f85
term_85e188cf629adc81b3bc,rate on low wage earners - Unemployment,measure,0.88,semantic-hybrid,True,title evidence with measure lexical cue,"[""occ_4a45bfcbee82b9733ee5"", ""occ_6b48835e2f87e5a0ec1e""]",run_1f27e7f7434a9d682f85
term_c473e075b87041f41a89,rate on low wage earners: Tax,measure,0.7765696571921493,semantic-hybrid,False,semantic centroid/neighbor measure fallback,"[""occ_6cc2dffd640aef820fdf""]",run_1f27e7f7434a9d682f85
term_aa74d82f8860de5e9fca,rates - annual data,measure,0.7915619868229903,semantic-hybrid,False,semantic centroid/neighbor measure fallback,"[""occ_7c5b0a66ba63fe9e6c2f""]",run_1f27e7f7434a9d682f85
term_8b33f4d09f71fc1d3760,rates - ENP-East countries,measure,0.7795548611985141,semantic-hybrid,False,semantic centroid/neighbor measure fallback,"[""occ_8b9208cae436d973eeaf""]",run_1f27e7f7434a9d682f85
term_21ded980355b733dfaa8,rates by sex and,measure,0.788406883822753,semantic-hybrid,False,semantic centroid/neighbor measure fallback,"[""occ_5dd0192b2484b9380a95"", ""occ_b1bbc444fa5e0d975ac1"", ""occ_cedb681c871d5cb609bb""]",run_1f27e7f7434a9d682f85
term_b671ac3c20eda6843819,rates by sex and age,measure,0.7951952742502638,semantic-hybrid,False,semantic centroid/neighbor measure fallback,"[""occ_52a98caa2a1f7767dd2b"", ""occ_e6a040de073015c39d53"", ""occ_fbd72f3db98e5443cce3""]",run_1f27e7f7434a9d682f85
term_cec5486b1ecbc0fddd85,rates by sex and age - ENP-East,measure,0.794797098049862,semantic-hybrid,False,semantic centroid/neighbor measure fallback,"[""occ_2f1c0b20879073ae3ead"", ""occ_c43f0d4edec80f5e2537""]",run_1f27e7f7434a9d682f85
term_21af9dcd30f92fcc3ebe,rates by sex and age - ENP-East countries,measure,0.7859828724761345,semantic-hybrid,False,semantic centroid/neighbor measure fallback,"[""occ_5aab5913f125f99b98c2"", ""occ_ddca274cf8758082115a""]",run_1f27e7f7434a9d682f85
term_ff4d66273107513be633,rates by sex and age - ENP-South,measure,0.7753396041871389,semantic-hybrid,False,semantic centroid/neighbor measure fallback,"[""occ_e4845145ba6226873241""]",run_1f27e7f7434a9d682f85
term_1576f6ed514b202dd400,rates by sex and age - ENP-South countries,measure,0.7731494509511724,semantic-hybrid,False,semantic centroid/neighbor measure fallback,"[""occ_700cf95849a01313601a""]",run_1f27e7f7434a9d682f85
term_0760aacbfda69fe7d327,rates versus national currencies,measure,0.781496452304676,semantic-hybrid,False,semantic centroid/neighbor measure fallback,"[""occ_21b68ab90cb144e66b45""]",run_1f27e7f7434a9d682f85
term_0427cae84208e9b7b3a1,Ratio of annual expenditure,measure,0.88,semantic-hybrid,True,title evidence with measure lexical cue,"[""occ_358d15ebe985fe325384""]",run_1f27e7f7434a9d682f85
term_16e0d4ea66c653ed86be,Ratio of annual expenditure per,measure,0.88,semantic-hybrid,True,title evidence with measure lexical cue,"[""occ_6dc98906da43a7c7a61a""]",run_1f27e7f7434a9d682f85
term_862dcd334d6b72ff8d0f,Ratio of annual expenditure per student,measure,0.88,semantic-hybrid,True,title evidence with measure lexical cue,"[""occ_55469497d6918f351924""]",run_1f27e7f7434a9d682f85
term_5220f0ce5d65558859d0,Ratio of annual expenditure per student at,measure,0.88,semantic-hybrid,True,title evidence with measure lexical cue,"[""occ_32ead361e3357c7bbc1e""]",run_1f27e7f7434a9d682f85
term_80b9b3d015cda285d55d,Ratio of annual expenditure per student at the,measure,0.88,semantic-hybrid,True,title evidence with measure lexical cue,"[""occ_9832be76f629d3812844""]",run_1f27e7f7434a9d682f85
term_3767f7ef54c6688a174c,"Ratio of annual expenditure per student at the tertiary level and primary level of education, in public educational institutions",measure,0.88,semantic-hybrid,True,title evidence with measure lexical cue,"[""occ_3db1230a479ab8b68fe6""]",run_1f27e7f7434a9d682f85
term_438ebeb43c6e54618660,Ratio of the proportion of tertiary students over the proportion of the population by NUTS 1 and NUTS 2 region,measure,0.88,semantic-hybrid,True,title evidence with measure lexical cue,"[""occ_82eb29dfa798693bd5b7""]",run_1f27e7f7434a9d682f85
term_eb6eb4e15e8629748541,real estate other than main residence by income,measure,0.88,semantic-hybrid,True,title evidence with measure lexical cue,"[""occ_c690647a452276f80429""]",run_1f27e7f7434a9d682f85
term_e24a6f8e1ef6fa7eb3a4,"Real estate, renting and business activities",measure,0.771210279628853,semantic-hybrid,False,semantic centroid/neighbor measure fallback,"[""occ_197382198e0c05bacf9e"", ""occ_20d909e64230dd91300e"", ""occ_28fe6d24800852874638"", ""occ_29b33be5f7b28ed05c1a"", ""occ_316627e82de08353814b"", ""occ_320222766c4718550123"", ""occ_32d7207d27d06d31ca1f"", ""occ_37609a76cea38df3de33"", ""occ_37753991afe77cc88357"", ""occ_3f6cd63e2836e16b415c"", ""occ_40019dbe53d963bf520c"", ""occ_41049068af4ea3e4e327"", ""occ_500b4ee11e7b2157e2e4"", ""occ_5108c3feea8cfc8ba61b"", ""occ_533777fd146ad0221438"", ""occ_556f673ad7bc0ec346c3"", ""occ_612cff2d08abb665d997"", ""occ_63d16c4b40f83683e218"", ""occ_76f28a8e72dbcf905fc4"", ""occ_7c09e8a1b91b28b54ee5"", ""occ_934115bcdf6801e26327"", ""occ_a18a545bd6f5980f9def"", ""occ_b0bab7a17f85dab1eecb"", ""occ_b297845422e33fe2a31c"", ""occ_b443d0d37b4ca212ef50"", ""occ_c1333d2b4b319abf0bb2"", ""occ_cad3d28ed6d36d61ce96"", ""occ_cc22e0bbb997b4ca5ad0"", ""occ_cc8b372bb54939b13bf1"", ""occ_d0295ec28b314f062e64"", ""occ_d391f015f646d45daedd"", ""occ_d4826c69203a6aaad9bc"", ""occ_d6d2125212c8e279da7d"", ""occ_db757a71931a6d691170"", ""occ_e0b438e0d59d4b77bc58"", ""occ_e267ff2e7e127e2c8f88"", ""occ_e8bfdb0e53cccd3e27aa"", ""occ_fd00df0a71613089efe9""]",run_1f27e7f7434a9d682f85
term_653be5c3e51cbf06ffb0,real factor income,measure,0.88,semantic-hybrid,True,title evidence with measure lexical cue,"[""occ_5515574eb6c088fa02a5""]",run_1f27e7f7434a9d682f85
term_f34ae1f3bdb2751c2bcb,Real factor income in agriculture per annual work unit (chain linked volumes),measure,0.7967844551852139,semantic-hybrid,False,semantic centroid/neighbor measure fallback,"[""occ_07f15b803430755cb271"", ""occ_12382a04207f3ce1c80b"", ""occ_14400d5d57914dedc49d"", ""occ_17c9f531127c8555a25b"", ""occ_18cf8f5ec632ef3b7171"", ""occ_1ca8bfe7813b4ae2e81a"", ""occ_1dc96ae2bcd771bfaeca"", ""occ_25a8186d67e7ad0cd270"", ""occ_308bf6470584451a0eab"", ""occ_32b6c9448f01c0ddec60"", ""occ_3beef698fd22a41dcb3e"", ""occ_3c52c12d6f7ef44afe90"", ""occ_3cb5a55bb5b6e57fe1ad"", ""occ_40d139187a7ac41993c6"", ""occ_40dffed92883e7609b31"", ""occ_41967e62f6adefa00a73"", ""occ_4438219ca9c8f4a4661a"", ""occ_48062c27a4472fdfb6c1"", ""occ_50862443dcb3c1a1e95c"", ""occ_511056be0698a8f9fe76"", ""occ_5b3558ba87653a0bbd43"", ""occ_5ffa904b96f8f3415ccd"", ""occ_612822ccfadb96046d6c"", ""occ_6186ff72cc3f2b5df53d"", ""occ_64e900969793af514c06"", ""occ_654e62292488db784ff9"", ""occ_6db15cd922d59d0b693b"", ""occ_72b3baaa303aef49c5a9"", ""occ_753a6ea0775b90f8356b"", ""occ_7ee86cd308f6b5c51d44"", ""occ_7f3111021aa9595aa9f1"", ""occ_8281da53f32b7167eeff"", ""occ_83c834c769d3ab65e510"", ""occ_8896f401d498b6fe5f92"", ""occ_8dbcc6dbbfe2a8007fc9"", ""occ_912cfa97a5a4a8a8ab7f"", ""occ_929e0befe9f3b88c6963"", ""occ_9c61fb3d81d49b9c47c4"", ""occ_9e413df0554a789d8031"", ""occ_9f217e6a39770eaeaa02"", ""occ_a4a3447459959389dd1b"", ""occ_a69275597a5c420d0806"", ""occ_ab1f70003dce453e8ff4"", ""occ_ac01361ad73cd5c59cb3"", ""occ_b8660336e0bbf40f05f5"", ""occ_bb0b71d0504e4e8413c7"", ""occ_bbf5ba04236a0070f4e4"", ""occ_bf9f15dff679d92e7c95"", ""occ_c111063fb6e9bf3c2c23"", ""occ_c24f4cf4436587fc35c5"", ""occ_c688ad40056a13a6910a"", ""occ_cb75fbb0d36af30e79e1"", ""occ_cee85f86becfd5259593"", ""occ_cefdc48e03a3a40107a9"", ""occ_d1cc0518a6821402d8fe"", ""occ_d6cbcd6f295521d2b6ff"", ""occ_d944fa5fb23e55e8d35a"", ""occ_e9c9cd463fc628562e18"", ""occ_eab7140028aa632020eb"", ""occ_eba6b8c8f072e5fe73d2"", ""occ_ebe7f6a48584f4a15094"", ""occ_ed2ce94ce4d92a0ccae6"", ""occ_f619473ddf98d99a6da2"", ""occ_f674c3173618c62d15d0"", ""occ_f976628be09d6343de9d"", ""occ_fb35879461857af2bc00"", ""occ_fb4ed91d612abab02e48"", ""occ_fe8e39fa63473bd8d6fe""]",run_1f27e7f7434a9d682f85
term_01765840eaacee48c134,real factor income per,measure,0.88,semantic-hybrid,True,title evidence with measure lexical cue,"[""occ_45aac4e45c5c31b081e6""]",run_1f27e7f7434a9d682f85
term_719b300f91b235948e73,real factor income per annual,measure,0.88,semantic-hybrid,True,title evidence with measure lexical cue,"[""occ_e11c2e347946738e6dbc""]",run_1f27e7f7434a9d682f85
term_8874b08a604d47cf3165,real factor income per annual work,measure,0.88,semantic-hybrid,True,title evidence with measure lexical cue,"[""occ_675687c3d98a3c825547""]",run_1f27e7f7434a9d682f85
term_ff2fadd06f95adf4ffe3,real factor income per annual work unit,measure,0.88,semantic-hybrid,True,title evidence with measure lexical cue,"[""occ_3c928fbf18aee034af43""]",run_1f27e7f7434a9d682f85
term_bf7698d5e1b3bedc0731,real factor income per annual work unit (AWU,measure,0.88,semantic-hybrid,True,title evidence with measure lexical cue,"[""occ_2c2eddd985354bf32887""]",run_1f27e7f7434a9d682f85
term_625efd93519bc36de1af,Real GDP,measure,0.88,semantic-hybrid,True,title evidence with measure lexical cue,"[""occ_00588932d0dc1de84c5c"", ""occ_63680ed8081bdf772426"", ""occ_ce2c08e90c7b0838e1ad""]",run_1f27e7f7434a9d682f85
term_8370d57fe8ef799bb869,Real GDP growth,measure,0.88,semantic-hybrid,True,title evidence with measure lexical cue,"[""occ_83bee0efc8e0ace4d64d""]",run_1f27e7f7434a9d682f85
term_524f26c23c149007b7c1,Real GDP growth rate,measure,0.88,semantic-hybrid,True,title evidence with measure lexical cue,"[""occ_e4b38f8cdfd99543ad8b""]",run_1f27e7f7434a9d682f85
term_680d8add75684ad731c8,Real GDP growth rate - volume,measure,0.88,semantic-hybrid,True,title evidence with measure lexical cue,"[""occ_ccf8ad6a53bd7be29c56""]",run_1f27e7f7434a9d682f85
term_3f2a99ac5faa1e9a1952,Real GDP per,measure,0.88,semantic-hybrid,True,title evidence with measure lexical cue,"[""occ_17f657cd316d5865eb5e"", ""occ_8e58d596e2d3da9ff245""]",run_1f27e7f7434a9d682f85
term_21415cb11e781cdfeb3d,Real GDP per capita,measure,0.88,semantic-hybrid,True,title evidence with measure lexical cue,"[""occ_39659aede6262e1e30f5"", ""occ_e8bcd001550320e0ce01""]",run_1f27e7f7434a9d682f85
term_038929cc7f8672d60c48,real gross disposable income,measure,0.88,semantic-hybrid,True,title evidence with measure lexical cue,"[""occ_8541b1d684f7bfc7cbb0""]",run_1f27e7f7434a9d682f85
term_01d8d7866d50d9ce02c3,real gross disposable income of,measure,0.88,semantic-hybrid,True,title evidence with measure lexical cue,"[""occ_a33f9bb18feee7250ae0""]",run_1f27e7f7434a9d682f85
term_9de5fe7b36e8515c8d0e,real gross disposable income of households,measure,0.88,semantic-hybrid,True,title evidence with measure lexical cue,"[""occ_24715690620ea8e786dd""]",run_1f27e7f7434a9d682f85
term_6a337be77aaae0893d15,real gross disposable income of households per,measure,0.88,semantic-hybrid,True,title evidence with measure lexical cue,"[""occ_207e09d8f63d4d9fa6d9""]",run_1f27e7f7434a9d682f85
term_e20717130cde718e8f23,real gross disposable income of households per capita,measure,0.88,semantic-hybrid,True,title evidence with measure lexical cue,"[""occ_8c24872d363fa68cc849""]",run_1f27e7f7434a9d682f85
term_0d8a69967cd97cfb8552,reasons for cross trade and employment,measure,0.88,semantic-hybrid,True,title evidence with measure lexical cue,"[""occ_db8840b1461ae3be963c""]",run_1f27e7f7434a9d682f85
term_d8226ad3b4bce32ed32b,reasons for cross trade and employment size,measure,0.88,semantic-hybrid,True,title evidence with measure lexical cue,"[""occ_da61b44298c8a0014ae1""]",run_1f27e7f7434a9d682f85
term_09eb1db6b5ce96ab2d30,reasons for cross trade and employment size class,measure,0.88,semantic-hybrid,True,title evidence with measure lexical cue,"[""occ_9c72ad9878247499b806""]",run_1f27e7f7434a9d682f85
term_52c7eb17feb485fe6c74,receivable and similar income,measure,0.88,semantic-hybrid,True,title evidence with measure lexical cue,"[""occ_d194052300dae0ebc15d""]",run_1f27e7f7434a9d682f85
term_6d7e7b616be67d7be3d4,receivable and similar income by,measure,0.88,semantic-hybrid,True,title evidence with measure lexical cue,"[""occ_4a94b754baf53c2de548""]",run_1f27e7f7434a9d682f85
term_87fe386d3a253fee5166,receivable and similar income by product,measure,0.88,semantic-hybrid,True,title evidence with measure lexical cue,"[""occ_3367e916de338ae13264""]",run_1f27e7f7434a9d682f85
term_c9296f58d1dc2f7cfd7f,recycling input rates,measure,0.762523692477301,semantic-hybrid,False,semantic centroid/neighbor measure fallback,"[""occ_d1c69f83a19db3036711""]",run_1f27e7f7434a9d682f85
term_116efc8feed5dbfd659d,region - % of the population,measure,0.88,semantic-hybrid,True,title evidence with measure lexical cue,"[""occ_ac9704e7d935d4402bac"", ""occ_b0de364720c1d4364e4c""]",run_1f27e7f7434a9d682f85
term_f7d886fbcca1daf5cad0,region - % of the population of,measure,0.88,semantic-hybrid,True,title evidence with measure lexical cue,"[""occ_9e157a9d2a5bd4cba27f"", ""occ_a7655c8bc8b587f0ac22""]",run_1f27e7f7434a9d682f85
term_78b0c3adaa17d181aa1c,Regional disparities in gender employment,measure,0.88,semantic-hybrid,True,title evidence with measure lexical cue,"[""occ_45e5a53d622d9ac2fe7f""]",run_1f27e7f7434a9d682f85
term_c874c24111770f3b6a5a,Regional disparities in gender employment gap,measure,0.88,semantic-hybrid,True,title evidence with measure lexical cue,"[""occ_20a30c2b664febbff0fa""]",run_1f27e7f7434a9d682f85
term_ec4a1cb465860d4a5144,Regional disparities in gender employment gap (NUTS,measure,0.88,semantic-hybrid,True,title evidence with measure lexical cue,"[""occ_1d0a8fb89284e7c14e12""]",run_1f27e7f7434a9d682f85
term_1ddf88f7bdcac323811a,Regional disparities in gender employment gap (NUTS level,measure,0.88,semantic-hybrid,True,title evidence with measure lexical cue,"[""occ_33f004428b08988cc3e5""]",run_1f27e7f7434a9d682f85
term_34ee60daa9822653ce56,Regional disparities in gender employment gap (NUTS level 2),measure,0.88,semantic-hybrid,True,title evidence with measure lexical cue,"[""occ_7ba817ef4ffe16d8b4bc""]",run_1f27e7f7434a9d682f85
term_22695aa386eaa47bb9b1,Regional disparities in long-term unemployment,measure,0.88,semantic-hybrid,True,title evidence with measure lexical cue,"[""occ_ef5f444355d003261bdb""]",run_1f27e7f7434a9d682f85
term_b637726319674acdd136,Regional disparities in long-term unemployment rates,measure,0.88,semantic-hybrid,True,title evidence with measure lexical cue,"[""occ_32cd77c0db68e9136458""]",run_1f27e7f7434a9d682f85
term_8fbb071c360cc9887688,Regional disparities in long-term unemployment rates (NUTS,measure,0.88,semantic-hybrid,True,title evidence with measure lexical cue,"[""occ_7a85c32acb8291212fe6""]",run_1f27e7f7434a9d682f85
term_a877fa2d31f71e80c052,Regional disparities in long-term unemployment rates (NUTS level,measure,0.88,semantic-hybrid,True,title evidence with measure lexical cue,"[""occ_c9b7d7517196ae49c15c""]",run_1f27e7f7434a9d682f85
term_6292bbab930d004a75ac,Regional disparities in long-term unemployment rates (NUTS level 2),measure,0.88,semantic-hybrid,True,title evidence with measure lexical cue,"[""occ_0fbf4c727b883348bbd0""]",run_1f27e7f7434a9d682f85
term_d72c23437b51f7d6c80e,Regional disparities in the rate of young people neither in employment nor in education and training (NEET) (NUTS level 2),measure,0.88,semantic-hybrid,True,title evidence with measure lexical cue,"[""occ_2f4c6bc7af455715e3a2""]",run_1f27e7f7434a9d682f85
term_2ce044fadc1e119e1dfd,Relative incidence rate of accidental injuries at work by occupation and NACE Rev. 1.1 activity (EU mean rate = 100),measure,0.7635278355717814,semantic-hybrid,False,semantic centroid/neighbor measure fallback,"[""occ_fdfc5c9bf6312cdfcc6f""]",run_1f27e7f7434a9d682f85
term_ffb2a3804db7cf0db44e,"Relative incidence rate of accidental injuries at work by severity, frequency of night work and age (EU mean rate = 100 for each severity)",measure,0.7741297296067399,semantic-hybrid,False,semantic centroid/neighbor measure fallback,"[""occ_c2d3290cad455060b4b0""]",run_1f27e7f7434a9d682f85
term_b7072497e5356620ffb1,"Relative incidence rate of accidental injuries at work by severity, frequency of shift work and age (EU mean rate = 100 for each severity)",measure,0.7758261164180421,semantic-hybrid,False,semantic centroid/neighbor measure fallback,"[""occ_b6d1a614954ff71539d0""]",run_1f27e7f7434a9d682f85
term_ebd44e236916fa5eeeec,"Relative incidence rate of accidental injuries at work by severity, working hours and sex (EU mean rate = 100 for each severity)",measure,0.7800725587130606,semantic-hybrid,False,semantic centroid/neighbor measure fallback,"[""occ_39860284a4cb9fe1b4c6""]",run_1f27e7f7434a9d682f85
term_2850c50cbfab8a002299,relative income,measure,0.88,semantic-hybrid,True,title evidence with measure lexical cue,"[""occ_34a97a584908e8e14d84"", ""occ_ebbd3d3aa7af9e21ac30""]",run_1f27e7f7434a9d682f85
term_009c335d8ff1e480630f,relative income of,measure,0.88,semantic-hybrid,True,title evidence with measure lexical cue,"[""occ_134942cf8f631e59f664"", ""occ_457c00c3f8841c0ae46a""]",run_1f27e7f7434a9d682f85
term_cdddeda28a8876bfeccd,relative income of elderly,measure,0.88,semantic-hybrid,True,title evidence with measure lexical cue,"[""occ_29bfc6cc39dbd3e2cf0e"", ""occ_632af3fbdfaca32b8bb2""]",run_1f27e7f7434a9d682f85
term_a178a8266744d21ef5eb,relative income of elderly people,measure,0.88,semantic-hybrid,True,title evidence with measure lexical cue,"[""occ_a15274f7f350f2506fd0"", ""occ_f723da20766b01525f55""]",run_1f27e7f7434a9d682f85
term_14fd36b541fe6ecb3e3b,relative income of elderly people (60,measure,0.88,semantic-hybrid,True,title evidence with measure lexical cue,"[""occ_96c9e171a4594a474aee""]",run_1f27e7f7434a9d682f85
term_4ce14fb643156f3708b4,relative income of elderly people (60+) - EU-SILC,measure,0.88,semantic-hybrid,True,title evidence with measure lexical cue,"[""occ_65d14467057cb3c2a3ac""]",run_1f27e7f7434a9d682f85
term_d6d9f04f77039dd4b930,relative income of elderly people - EU-SILC,measure,0.88,semantic-hybrid,True,title evidence with measure lexical cue,"[""occ_0c9469cfde31d97f6329""]",run_1f27e7f7434a9d682f85
term_35653e47d6eb0ca8678b,relative income of elderly people - EU-SILC survey,measure,0.88,semantic-hybrid,True,title evidence with measure lexical cue,"[""occ_8db8b606ea6290999270""]",run_1f27e7f7434a9d682f85
term_3418d0ec682ee97e2041,Relative median at-risk-of-poverty gap,measure,0.7635022026403799,semantic-hybrid,False,semantic centroid/neighbor measure fallback,"[""occ_951af041533d30a2c765""]",run_1f27e7f7434a9d682f85
term_de8edef5d34294921c96,Relative median at-risk-of-poverty gap of elderly people,measure,0.7689641475681245,semantic-hybrid,False,semantic centroid/neighbor measure fallback,"[""occ_ffc24286fb3ce2441a23""]",run_1f27e7f7434a9d682f85
term_ba0e6006d1a10fc438a0,Relative median at-risk-of-poverty gap of elderly people - EU-SILC and ECHP surveys,measure,0.777083223705078,semantic-hybrid,False,semantic centroid/neighbor measure fallback,"[""occ_259d0c9f7e0aca7c3d9f""]",run_1f27e7f7434a9d682f85
term_e4aa1bddd89946ddf346,Relative median income,measure,0.88,semantic-hybrid,True,title evidence with measure lexical cue,"[""occ_5cfeff43ab3347481461"", ""occ_bc6cbf3796d9b3202e2a""]",run_1f27e7f7434a9d682f85
term_1beedd4282dd8b0a2935,Relative median income ratio,measure,0.88,semantic-hybrid,True,title evidence with measure lexical cue,"[""occ_5d5c764052327943054d"", ""occ_619f6bb95b8e3c5a3de5""]",run_1f27e7f7434a9d682f85
term_e2b4b15335738575f646,Relative median income ratio (60,measure,0.88,semantic-hybrid,True,title evidence with measure lexical cue,"[""occ_4e2c83c815c7f0d3741e""]",run_1f27e7f7434a9d682f85
term_f177d5318f6bbdc99d9b,Relative median income ratio (60+),measure,0.88,semantic-hybrid,True,title evidence with measure lexical cue,"[""occ_2571618f7bf31bdb351f""]",run_1f27e7f7434a9d682f85
term_e793402dfc11a01d1463,Relative median income ratio (65,measure,0.88,semantic-hybrid,True,title evidence with measure lexical cue,"[""occ_14253ea1ab5f3ce2a119""]",run_1f27e7f7434a9d682f85
term_3de4fab0404f410eda9e,Relative median income ratio (65+),measure,0.88,semantic-hybrid,True,title evidence with measure lexical cue,"[""occ_5c7f1a54fb274f8a3e7d""]",run_1f27e7f7434a9d682f85
term_72f4a044480e517e2396,Relative median income ratio (65+) - EU-SILC,measure,0.88,semantic-hybrid,True,title evidence with measure lexical cue,"[""occ_d0a9aeffaeb42d4099d1""]",run_1f27e7f7434a9d682f85
term_51360deafd39600d389a,Relative median income ratio (65+) - EU-SILC and,measure,0.88,semantic-hybrid,True,title evidence with measure lexical cue,"[""occ_5bd9291262f928a2f8be""]",run_1f27e7f7434a9d682f85
term_2c733334f00645cfccd6,Relative median income ratio (65+) - EU-SILC and ECHP,measure,0.88,semantic-hybrid,True,title evidence with measure lexical cue,"[""occ_89b7a6c81331f5485ff9""]",run_1f27e7f7434a9d682f85
term_22efd91c36cb3cff4359,Relative median income ratio (65+) - EU-SILC and ECHP surveys,measure,0.88,semantic-hybrid,True,title evidence with measure lexical cue,"[""occ_f506ea0ac2eb781748af""]",run_1f27e7f7434a9d682f85
term_d9371a6ec6f93e0cc375,Relative median poverty risk gap of elderly people,measure,0.7604553850434912,semantic-hybrid,False,semantic centroid/neighbor measure fallback,"[""occ_b667b365d33dabff8abd""]",run_1f27e7f7434a9d682f85
term_83ea4805c4fdf4550113,Relative poverty gap by risk of poverty and work intensity of the household,measure,0.7722619691363612,semantic-hybrid,False,semantic centroid/neighbor measure fallback,"[""occ_6493bd9828e5b95275d3""]",run_1f27e7f7434a9d682f85
term_c13633b1f5d1178e4b09,Relative poverty gap by risk of poverty and work intensity of the households with income from benefits,measure,0.88,semantic-hybrid,True,title evidence with measure lexical cue,"[""occ_864e3bc74dc911c8da22""]",run_1f27e7f7434a9d682f85
term_19ff751a283b416ffdf9,"Relative poverty threshold after social transfers, income",measure,0.88,semantic-hybrid,True,title evidence with measure lexical cue,"[""occ_d148627a3a722cc13b09""]",run_1f27e7f7434a9d682f85
term_63edf775ff3826e4556b,"Relative poverty threshold after social transfers, income per",measure,0.88,semantic-hybrid,True,title evidence with measure lexical cue,"[""occ_face5a95c81661c78c22""]",run_1f27e7f7434a9d682f85
term_849e62807acaa4f25c07,"Relative poverty threshold after social transfers, income per month",measure,0.88,semantic-hybrid,True,title evidence with measure lexical cue,"[""occ_e4e85958c855fd209fa3""]",run_1f27e7f7434a9d682f85
term_76c2945b074128c6464f,"Relative poverty threshold after social transfers, income per month - ENP-East countries",measure,0.88,semantic-hybrid,True,title evidence with measure lexical cue,"[""occ_be4bfab83949e7c4c624""]",run_1f27e7f7434a9d682f85
term_58ed556629f51d8674e0,Relative standardised incidence rate of,measure,0.7714943262443772,semantic-hybrid,False,semantic centroid/neighbor measure fallback,"[""occ_9d7b0d13ae5070b971cc""]",run_1f27e7f7434a9d682f85
term_16bcfc9c0fbe0f162c66,Relative standardised incidence rate of accidental injuries at work by educational attainment level and sex (mean rate for each Member State = 100),measure,0.7682501023727678,semantic-hybrid,False,semantic centroid/neighbor measure fallback,"[""occ_c11bdff4f76b09439014""]",run_1f27e7f7434a9d682f85
term_f2247c4548afc7a7a695,relative to GDP,measure,0.88,semantic-hybrid,True,title evidence with measure lexical cue,"[""occ_3819db7c621a7a876dfe"", ""occ_59057db4a2b37577766b"", ""occ_9e2b4172d8cb2cce948a""]",run_1f27e7f7434a9d682f85
term_6c4354cea0a024efb94c,Remuneration indexes of,measure,0.7822918076825363,semantic-hybrid,False,semantic centroid/neighbor measure fallback,"[""occ_7208e063b513a047d00b""]",run_1f27e7f7434a9d682f85
term_36342a4fd8bb27224d28,Remuneration indexes of national,measure,0.781226194894037,semantic-hybrid,False,semantic centroid/neighbor measure fallback,"[""occ_1a3c81823712eba8e7ba""]",run_1f27e7f7434a9d682f85
term_956b5d182222f01525c2,Remuneration indexes of national civil,measure,0.7715448367519738,semantic-hybrid,False,semantic centroid/neighbor measure fallback,"[""occ_6f3a0778cbf8e8fc29f2""]",run_1f27e7f7434a9d682f85
term_16eea42003673f21f7dc,Remuneration indexes of national civil servants,measure,0.7667078292669425,semantic-hybrid,False,semantic centroid/neighbor measure fallback,"[""occ_31ed3a5871457c717ea0""]",run_1f27e7f7434a9d682f85
term_18827766e74833bc39c2,Remuneration indexes of national civil servants in,measure,0.7612927585499285,semantic-hybrid,False,semantic centroid/neighbor measure fallback,"[""occ_fccd678e0a626eaf5051""]",run_1f27e7f7434a9d682f85
term_9c2f7325dcc77720a0f3,Remuneration indexes of national civil servants in central public administration,measure,0.7616183184016267,semantic-hybrid,False,semantic centroid/neighbor measure fallback,"[""occ_e21f8bafc90eaf5f67ed""]",run_1f27e7f7434a9d682f85
term_07a305aaa9bca5a39edb,renting prices,measure,0.88,semantic-hybrid,True,title evidence with measure lexical cue,"[""occ_ef8bc4ae24b3af39fb56""]",run_1f27e7f7434a9d682f85
term_72a3a6c4d9e6b37dd552,reporting occurrence of crime,measure,0.88,semantic-hybrid,True,title evidence with measure lexical cue,"[""occ_1fd9138e9c9ff7803933""]",run_1f27e7f7434a9d682f85
term_20ae791c2bfeca5a8a37,"reporting occurrence of crime, violence",measure,0.88,semantic-hybrid,True,title evidence with measure lexical cue,"[""occ_cb44151f7e35ea51855c""]",run_1f27e7f7434a9d682f85
term_4b481a8336945e45c12d,"reporting occurrence of crime, violence or",measure,0.88,semantic-hybrid,True,title evidence with measure lexical cue,"[""occ_29829eef54ebd99d8ce4""]",run_1f27e7f7434a9d682f85
term_f572df5d9cba615cd0c4,"reporting occurrence of crime, violence or vandalism",measure,0.88,semantic-hybrid,True,title evidence with measure lexical cue,"[""occ_ca297a79e96fc588e593""]",run_1f27e7f7434a9d682f85
term_ac10cac39253e9e73dad,Research and development expenditure,measure,0.88,semantic-hybrid,True,title evidence with measure lexical cue,"[""occ_80c0bcb7d8c502268c42""]",run_1f27e7f7434a9d682f85
term_2dc6e69bd11b37181086,Research and development expenditure by,measure,0.88,semantic-hybrid,True,title evidence with measure lexical cue,"[""occ_b58dedd5d71f858debea""]",run_1f27e7f7434a9d682f85
term_13f76b364818187895f9,Research and development expenditure by sector,measure,0.88,semantic-hybrid,True,title evidence with measure lexical cue,"[""occ_59c566a60f6f7c47c5a3""]",run_1f27e7f7434a9d682f85
term_2da67a90b99ab1e83af5,Research and development expenditure by sector of,measure,0.88,semantic-hybrid,True,title evidence with measure lexical cue,"[""occ_1fda4691177d3dd3e45e""]",run_1f27e7f7434a9d682f85
term_fb2242632dabfe71b151,Research and development expenditure by sector of performance,measure,0.88,semantic-hybrid,True,title evidence with measure lexical cue,"[""occ_4b661b641bf71a7a03a8""]",run_1f27e7f7434a9d682f85
term_6c1be49d94c74261fc7d,Resettled persons - annual data,measure,0.7619150434182598,semantic-hybrid,False,semantic centroid/neighbor measure fallback,"[""occ_e915ed5b610d5c31bde8""]",run_1f27e7f7434a9d682f85
term_e2f73111fd353b21c7b9,residence by income,measure,0.88,semantic-hybrid,True,title evidence with measure lexical cue,"[""occ_70e584483713ef6d4d1f""]",run_1f27e7f7434a9d682f85
term_56ff0ea6e33ac52888ad,residence by income quantile,measure,0.88,semantic-hybrid,True,title evidence with measure lexical cue,"[""occ_da020fa10fee8c68d860""]",run_1f27e7f7434a9d682f85
term_e0e5d1aa0bf9e5c9593e,residence) by income,measure,0.88,semantic-hybrid,True,title evidence with measure lexical cue,"[""occ_861bb0f61c423d2d6a87""]",run_1f27e7f7434a9d682f85
term_d5912808c5c3314aa46c,residence) by income quintile,measure,0.88,semantic-hybrid,True,title evidence with measure lexical cue,"[""occ_cda9963bea8125434534""]",run_1f27e7f7434a9d682f85
term_701cf7f2dfe0a0027b85,resident population,measure,0.88,semantic-hybrid,True,title evidence with measure lexical cue,"[""occ_51f45c5851f3720e2ae6""]",run_1f27e7f7434a9d682f85
term_a7e390b9535eb540148e,resident population on,measure,0.88,semantic-hybrid,True,title evidence with measure lexical cue,"[""occ_3fdb59155af3fb69abc3""]",run_1f27e7f7434a9d682f85
term_2bb5445275869fb59271,resident population on 1,measure,0.88,semantic-hybrid,True,title evidence with measure lexical cue,"[""occ_d3e0dfd13cfd62582e3f""]",run_1f27e7f7434a9d682f85
term_bf59421f6f39aa1185f9,resident population on 1 January,measure,0.88,semantic-hybrid,True,title evidence with measure lexical cue,"[""occ_38ca8cca5ed98944af15""]",run_1f27e7f7434a9d682f85
term_22ec0cecd477ecd6ff4f,Residential building permits - annual data,measure,0.7733076674940687,semantic-hybrid,False,semantic centroid/neighbor measure fallback,"[""occ_2145fee91f9a93fc5d03""]",run_1f27e7f7434a9d682f85
term_18ca3b5c7d836a170234,"Residential construction - annual data, % of GDP",measure,0.88,semantic-hybrid,True,title evidence with measure lexical cue,"[""occ_0d0a452c6b9f0cee156b""]",run_1f27e7f7434a9d682f85
term_b3b94ee46639d0ee1e79,residents by sex and country of birth,measure,0.88,semantic-hybrid,True,title evidence with measure lexical cue,"[""occ_0f340783618cfce46cda""]",run_1f27e7f7434a9d682f85
term_a0a26614c6519e9f2e72,Retail trade turnover - total,measure,0.7691661988384739,semantic-hybrid,False,semantic centroid/neighbor measure fallback,"[""occ_88f4fca8727cdce3f2e1""]",run_1f27e7f7434a9d682f85
term_166844d767281e60b5b8,Retail trade volume of sales - automotive,measure,0.88,semantic-hybrid,True,title evidence with measure lexical cue,"[""occ_b7d21dc92a3f1b268021""]",run_1f27e7f7434a9d682f85
term_ba47358bfc54de8095aa,Retail trade volume of sales - automotive fuel,measure,0.88,semantic-hybrid,True,title evidence with measure lexical cue,"[""occ_bb7bf99b72aba6b63238""]",run_1f27e7f7434a9d682f85
term_96cb13c7ad5ac572624f,Retail trade volume of sales - food,measure,0.88,semantic-hybrid,True,title evidence with measure lexical cue,"[""occ_dc8aa51d9f0c623cb267""]",run_1f27e7f7434a9d682f85
term_a91746d8ca218c325c83,"Retail trade volume of sales - food, beverages",measure,0.88,semantic-hybrid,True,title evidence with measure lexical cue,"[""occ_2c204f5a94a40f95e37e""]",run_1f27e7f7434a9d682f85
term_f297051b36840e3ffac9,"Retail trade volume of sales - food, beverages and",measure,0.88,semantic-hybrid,True,title evidence with measure lexical cue,"[""occ_5b9957cd8e50a938602b""]",run_1f27e7f7434a9d682f85
term_d89120ce008c2ccbdc95,"Retail trade volume of sales - food, beverages and tobacco",measure,0.88,semantic-hybrid,True,title evidence with measure lexical cue,"[""occ_352f677a0c45ae04fe8d""]",run_1f27e7f7434a9d682f85
term_3447fbbe5383b020075b,Retail trade volume of sales - non,measure,0.88,semantic-hybrid,True,title evidence with measure lexical cue,"[""occ_2eee2460587cebf27932""]",run_1f27e7f7434a9d682f85
term_4c5308d0a19b91efd0ab,Retail trade volume of sales - non food,measure,0.88,semantic-hybrid,True,title evidence with measure lexical cue,"[""occ_a0594eb9dae16cc7a022""]",run_1f27e7f7434a9d682f85
term_3b7f7fbc9919a7ca04c3,Retail trade volume of sales - total,measure,0.88,semantic-hybrid,True,title evidence with measure lexical cue,"[""occ_b80b9bd54049ac658bbd""]",run_1f27e7f7434a9d682f85
term_07e01f57b3b70d163cd8,Retail trade volume of sales index,measure,0.88,semantic-hybrid,True,title evidence with measure lexical cue,"[""occ_da372e7fe907fa8be97e""]",run_1f27e7f7434a9d682f85
term_53a6afa10dba99f4cd40,Retail trade volume of sales index (deflated,measure,0.88,semantic-hybrid,True,title evidence with measure lexical cue,"[""occ_7ad6c19c5d0f0d9b96fe""]",run_1f27e7f7434a9d682f85
term_c114c6d60a45922989bc,Retail trade volume of sales index (deflated turnover,measure,0.88,semantic-hybrid,True,title evidence with measure lexical cue,"[""occ_28bcc4df1990724ceb4e""]",run_1f27e7f7434a9d682f85
term_4aac2f9ebd7575071967,Retail trade volume of sales index (deflated turnover),measure,0.88,semantic-hybrid,True,title evidence with measure lexical cue,"[""occ_f96a4365b38ceda887f0""]",run_1f27e7f7434a9d682f85
term_d6f5bc46e400e8956380,Retail trade volume of sales index (deflated turnover) - ENP-East countries,measure,0.88,semantic-hybrid,True,title evidence with measure lexical cue,"[""occ_1064ff41c747a586c10d""]",run_1f27e7f7434a9d682f85
term_d2c782ce381e6b0b7d7b,Returns by type of return - % of total returns,measure,0.7640891045570768,semantic-hybrid,False,semantic centroid/neighbor measure fallback,"[""occ_f32e73b5a71e8d37e79d""]",run_1f27e7f7434a9d682f85
term_d812a865296eac596ff0,Rev. 1.1 activity and employment,measure,0.88,semantic-hybrid,True,title evidence with measure lexical cue,"[""occ_b14cafb528a8015a7a61""]",run_1f27e7f7434a9d682f85
term_2d460a2ae5d130dfbcdd,Rev. 1.1 activity and employment status,measure,0.88,semantic-hybrid,True,title evidence with measure lexical cue,"[""occ_aab9b88b3ab6972d821b""]",run_1f27e7f7434a9d682f85
term_256267972a9d6d99953b,risk of poverty or social exclusion rate for,measure,0.7645261525088366,semantic-hybrid,False,semantic centroid/neighbor measure fallback,"[""occ_1f9b830134b21989e6ba""]",run_1f27e7f7434a9d682f85
term_49dc7a33a57c3d80f266,risk-of-poverty rate,measure,0.765825840634287,semantic-hybrid,False,semantic centroid/neighbor measure fallback,"[""occ_c696929aaf2ebbd51c2a""]",run_1f27e7f7434a9d682f85
term_97913313eec4c6562ca5,risk-of-poverty rate for,measure,0.7724307154973343,semantic-hybrid,False,semantic centroid/neighbor measure fallback,"[""occ_f89d5c7b93d60bdbbda1""]",run_1f27e7f7434a9d682f85
term_dd7adc4607f2982359e8,risk-of-poverty rate for the,measure,0.7670865745654989,semantic-hybrid,False,semantic centroid/neighbor measure fallback,"[""occ_631d9ec58dd7d86d0f5f""]",run_1f27e7f7434a9d682f85
term_be6532879d274ddf2414,risk-of-poverty rate for the population,measure,0.88,semantic-hybrid,True,title evidence with measure lexical cue,"[""occ_ad27b7f9bfb4560fbdae""]",run_1f27e7f7434a9d682f85
term_e77c263dc7dd6237d29e,risk-of-poverty rate for the population living,measure,0.88,semantic-hybrid,True,title evidence with measure lexical cue,"[""occ_b761ac60a2e4c54a0c61""]",run_1f27e7f7434a9d682f85
term_4ea94854b36b7164e6fb,"Road cabotage transport by country in which cabotage takes place (t, tkm)",measure,0.88,semantic-hybrid,True,title evidence with measure lexical cue,"[""occ_e2efbde9346de366d647""]",run_1f27e7f7434a9d682f85
term_0da9b68f84efad225392,"Road cabotage transport by country in which cabotage takes place (t, tkm) - (from onwards)",measure,0.88,semantic-hybrid,True,title evidence with measure lexical cue,"[""occ_f9c5658632fc4808080c""]",run_1f27e7f7434a9d682f85
term_05c0b6ba67174ffe73ae,Road cabotage transport by country in which cabotage takes place (tkm),measure,0.88,semantic-hybrid,True,title evidence with measure lexical cue,"[""occ_0a62e73f974d8d429dde""]",run_1f27e7f7434a9d682f85
term_c5b812f5d9a40c40c48e,Road cabotage transport performed by each (tkm),measure,0.88,semantic-hybrid,True,title evidence with measure lexical cue,"[""occ_79392a99eeb8869d47a9""]",run_1f27e7f7434a9d682f85
term_bac0c3c9920f444b2b53,Road freight transport,measure,0.88,semantic-hybrid,True,title evidence with measure lexical cue,"[""occ_74ec1a5ae1a93cd9e8d4"", ""occ_8bfadbdd4c01bd5b383e""]",run_1f27e7f7434a9d682f85
term_00f3ee6bf94038cfb789,Road freight transport - ENP-East countries,measure,0.88,semantic-hybrid,True,title evidence with measure lexical cue,"[""occ_26a9a1f4b4474ead75f2""]",run_1f27e7f7434a9d682f85
term_5e4df62ef683da8502b4,Road freight transport - ENP-South countries,measure,0.88,semantic-hybrid,True,title evidence with measure lexical cue,"[""occ_96c5e99b072a94d3110e""]",run_1f27e7f7434a9d682f85
term_bd16ed3b50396db5bfb6,road freight transport in volume,measure,0.88,semantic-hybrid,True,title evidence with measure lexical cue,"[""occ_b3f53bc4ef662b2c04a3""]",run_1f27e7f7434a9d682f85
term_35f091028bedc80f3304,Road traffic: road freight transport in volume,measure,0.88,semantic-hybrid,True,title evidence with measure lexical cue,"[""occ_efadf26bb54e7a35d0cb""]",run_1f27e7f7434a9d682f85
term_3fb1026b1520216d85ae,road transport enterprises by employment,measure,0.88,semantic-hybrid,True,title evidence with measure lexical cue,"[""occ_31de95ec1473a311ba87"", ""occ_73b0558e773fee3b9a60""]",run_1f27e7f7434a9d682f85
term_d0c9341d977eba9866d9,road transport enterprises by employment size,measure,0.88,semantic-hybrid,True,title evidence with measure lexical cue,"[""occ_887af46303bdeab25cb2"", ""occ_ffcc7b3ba5cd803e79a1""]",run_1f27e7f7434a9d682f85
term_dab55d106bbec0ec53f2,road transport enterprises by employment size classes,measure,0.88,semantic-hybrid,True,title evidence with measure lexical cue,"[""occ_4eef3824331c44059593"", ""occ_cec6329362190ec62f98""]",run_1f27e7f7434a9d682f85
term_838f137d8683d30b4b27,"Rye and winter cereal mixtures by area, production",measure,0.88,semantic-hybrid,True,title evidence with measure lexical cue,"[""occ_03592cb166ed7501326e""]",run_1f27e7f7434a9d682f85
term_793c46c555df1c2cc3be,"Rye and winter cereal mixtures by area, production and humidity",measure,0.88,semantic-hybrid,True,title evidence with measure lexical cue,"[""occ_7cf488b8aaf104f3eb92""]",run_1f27e7f7434a9d682f85
term_50f04621599420ed475b,sales - automotive,measure,0.88,semantic-hybrid,True,title evidence with measure lexical cue,"[""occ_39725c41ce6fb9113be4""]",run_1f27e7f7434a9d682f85
term_4c6d0e1e89a7e75e6fc4,sales - non,measure,0.88,semantic-hybrid,True,title evidence with measure lexical cue,"[""occ_434afa8417a95277a233""]",run_1f27e7f7434a9d682f85
term_c503dda754e679cc8673,sales - number,measure,0.88,semantic-hybrid,True,title evidence with measure lexical cue,"[""occ_d59284903d98f3364fef""]",run_1f27e7f7434a9d682f85
term_7fcd4cf141d0b262ee18,sales - number and,measure,0.88,semantic-hybrid,True,title evidence with measure lexical cue,"[""occ_14a4d2245f6f822402ec""]",run_1f27e7f7434a9d682f85
term_da1a36360ef009865546,sales - number and index,measure,0.88,semantic-hybrid,True,title evidence with measure lexical cue,"[""occ_e7d6e6126ad7527865ee""]",run_1f27e7f7434a9d682f85
term_22b143cd6deff22828b4,sales - number and index (=100,measure,0.88,semantic-hybrid,True,title evidence with measure lexical cue,"[""occ_0b31674f7019d057bded""]",run_1f27e7f7434a9d682f85
term_4079189eb062bcaa0641,sales - total,measure,0.88,semantic-hybrid,True,title evidence with measure lexical cue,"[""occ_501451d0d903c3743115""]",run_1f27e7f7434a9d682f85
term_6fe09a77b2d9e7d94c45,sales - value,measure,0.88,semantic-hybrid,True,title evidence with measure lexical cue,"[""occ_90a4a2faef56a1676c44""]",run_1f27e7f7434a9d682f85
term_f33ebd2dae17e6036fe9,sales - value and,measure,0.88,semantic-hybrid,True,title evidence with measure lexical cue,"[""occ_996dc771eb0c0abb4f85""]",run_1f27e7f7434a9d682f85
term_d8f7bc674c075cbab56e,sales - value and index,measure,0.88,semantic-hybrid,True,title evidence with measure lexical cue,"[""occ_6b05b030f5569e4c179d""]",run_1f27e7f7434a9d682f85
term_5d31d8c6c866f5f04fb4,sales - value and index (=100,measure,0.88,semantic-hybrid,True,title evidence with measure lexical cue,"[""occ_c7911eb9ca39644fe65f""]",run_1f27e7f7434a9d682f85
term_d909d41e3107d76cbfa0,Sales and collection,measure,0.88,semantic-hybrid,True,title evidence with measure lexical cue,"[""occ_32aa8b48ac1396b248e6""]",run_1f27e7f7434a9d682f85
term_9a800675337cc36bc95e,Sales and collection of,measure,0.88,semantic-hybrid,True,title evidence with measure lexical cue,"[""occ_da454bbbebc0e993031e""]",run_1f27e7f7434a9d682f85
term_c8d0d7090f31e944a0fb,Sales and collection of portable,measure,0.88,semantic-hybrid,True,title evidence with measure lexical cue,"[""occ_cd19477cb3d015646ca7""]",run_1f27e7f7434a9d682f85
term_139153dce05bfe8922e5,Sales and collection of portable batteries,measure,0.88,semantic-hybrid,True,title evidence with measure lexical cue,"[""occ_3280e7a110a745ab2e38""]",run_1f27e7f7434a9d682f85
term_3fbf64ab19001c89f3e0,Sales and collection of portable batteries and,measure,0.88,semantic-hybrid,True,title evidence with measure lexical cue,"[""occ_b80e76ca31d27895fe59""]",run_1f27e7f7434a9d682f85
term_acd69213722fdbfd0960,Sales and collection of portable batteries and accumulators,measure,0.88,semantic-hybrid,True,title evidence with measure lexical cue,"[""occ_faaff2d74e1856282bda""]",run_1f27e7f7434a9d682f85
term_1663198d87c965ceecdb,sales by categorisation,measure,0.88,semantic-hybrid,True,title evidence with measure lexical cue,"[""occ_041c46ef1a1b26c22331""]",run_1f27e7f7434a9d682f85
term_411def0058fd74126e95,sales by categorisation of,measure,0.88,semantic-hybrid,True,title evidence with measure lexical cue,"[""occ_3d9d66a5e6a1d42df6ee""]",run_1f27e7f7434a9d682f85
term_3aa06e8999c430b3ae8b,sales by categorisation of active,measure,0.88,semantic-hybrid,True,title evidence with measure lexical cue,"[""occ_76227292aa27c1c54b35""]",run_1f27e7f7434a9d682f85
term_90f3a649ed87b365bdc1,sales by categorisation of active substances,measure,0.88,semantic-hybrid,True,title evidence with measure lexical cue,"[""occ_d8d7405e7bb341d5afc4""]",run_1f27e7f7434a9d682f85
term_d070247445a9a1da9a17,sales index,measure,0.88,semantic-hybrid,True,title evidence with measure lexical cue,"[""occ_0b04ec8f8619259ffdff""]",run_1f27e7f7434a9d682f85
term_ff797a3cf6231263ecf9,saving rate by,measure,0.7743095163003287,semantic-hybrid,False,semantic centroid/neighbor measure fallback,"[""occ_2862361cc1acad9e75ba"", ""occ_6a05aac4a00d6f3407c0"", ""occ_82f2e5a07be3bd49d011"", ""occ_e2bb3803528498977637"", ""occ_fa46d27d890f419f352c""]",run_1f27e7f7434a9d682f85
term_6dddce1ec4a0c15e4e52,saving rate by activity,measure,0.783686596102136,semantic-hybrid,False,semantic centroid/neighbor measure fallback,"[""occ_6bff13cbe0a1a75c71b6""]",run_1f27e7f7434a9d682f85
term_127725402608094f2d21,saving rate by activity status,measure,0.7764220074235221,semantic-hybrid,False,semantic centroid/neighbor measure fallback,"[""occ_a8a0db9c51c143c25a11""]",run_1f27e7f7434a9d682f85
term_d86fb1c2240c3617a034,saving rate by activity status of,measure,0.7760890872389675,semantic-hybrid,False,semantic centroid/neighbor measure fallback,"[""occ_7cc991d326e5ecd6cbac""]",run_1f27e7f7434a9d682f85
term_78addd19aa18bfbecd4d,saving rate by activity status of the,measure,0.7739518406760977,semantic-hybrid,False,semantic centroid/neighbor measure fallback,"[""occ_8b8c0a9bd57e51ec62bc""]",run_1f27e7f7434a9d682f85
term_712a12cc60536fd8a9b3,saving rate by degree,measure,0.7776811244134215,semantic-hybrid,False,semantic centroid/neighbor measure fallback,"[""occ_db9b95285475d10badaa""]",run_1f27e7f7434a9d682f85
term_20117ddbdcfbda0a01a6,saving rate by degree of,measure,0.7828848459841734,semantic-hybrid,False,semantic centroid/neighbor measure fallback,"[""occ_8340c596c23d5ffe67f5""]",run_1f27e7f7434a9d682f85
term_5faedc5a2d2f0aab9a1c,saving rate by degree of urbanisation,measure,0.7684967731737409,semantic-hybrid,False,semantic centroid/neighbor measure fallback,"[""occ_4e3c0af028cdc9d23cd5""]",run_1f27e7f7434a9d682f85
term_a904f7d2036d7da21bc6,saving rate by degree of urbanisation - experimental,measure,0.7621879445805065,semantic-hybrid,False,semantic centroid/neighbor measure fallback,"[""occ_8bb8e51840d558445311""]",run_1f27e7f7434a9d682f85
term_3f2358b7e3691ad3e3a0,saving rate by household,measure,0.7885303222734181,semantic-hybrid,False,semantic centroid/neighbor measure fallback,"[""occ_878b2ac198418480301d""]",run_1f27e7f7434a9d682f85
term_975fecdd18c612b43cb2,saving rate by household type,measure,0.798834939480618,semantic-hybrid,False,semantic centroid/neighbor measure fallback,"[""occ_7c7d2f6501c94a71af8c""]",run_1f27e7f7434a9d682f85
term_c927076f556fa37311e0,saving rate by household type - experimental,measure,0.7870297127859317,semantic-hybrid,False,semantic centroid/neighbor measure fallback,"[""occ_661911b0e95b6c86020a""]",run_1f27e7f7434a9d682f85
term_43b67463b159c1f9ba42,saving rate by household type - experimental statistics,measure,0.7919164921411572,semantic-hybrid,False,semantic centroid/neighbor measure fallback,"[""occ_a6ee36aa2844c84923d4""]",run_1f27e7f7434a9d682f85
term_dcd08fa0bfa80871ad95,saving rate by income,measure,0.88,semantic-hybrid,True,title evidence with measure lexical cue,"[""occ_9234b462278e0cda7c2d""]",run_1f27e7f7434a9d682f85
term_a0bc8d320d15bf727f8e,saving rate by income quintile,measure,0.88,semantic-hybrid,True,title evidence with measure lexical cue,"[""occ_8d94a248a77380783552""]",run_1f27e7f7434a9d682f85
term_37e882f37b5aa6443d09,saving rate by income quintile - experimental,measure,0.88,semantic-hybrid,True,title evidence with measure lexical cue,"[""occ_f180cdce119f2c22de4b""]",run_1f27e7f7434a9d682f85
term_9ddab283fb0ad260ff9a,saving rate by the,measure,0.7760184768799039,semantic-hybrid,False,semantic centroid/neighbor measure fallback,"[""occ_8e3a2dbfc71fe10da89b""]",run_1f27e7f7434a9d682f85
term_f6714077ce2697aa6521,saving rate by the self-declared level of,measure,0.7656544177709256,semantic-hybrid,False,semantic centroid/neighbor measure fallback,"[""occ_ebaa7defd6388a8bf122""]",run_1f27e7f7434a9d682f85
term_c943668852a9a733cf2d,Sea transport of goods,measure,0.88,semantic-hybrid,True,title evidence with measure lexical cue,"[""occ_7510806ce490d5457e35""]",run_1f27e7f7434a9d682f85
term_2aa0fb8b6f233d8c1ca8,Seasonally and calendar adjusted data,measure,0.775091484996259,semantic-hybrid,False,semantic centroid/neighbor measure fallback,"[""occ_010025cd7ecaabb6e753"", ""occ_02129d0a8487392ab3f5"", ""occ_0340baf56a9ac3b0985c"", ""occ_034a00d72d8068dbc768"", ""occ_04a075496a12013ca9ac"", ""occ_051b4c676b0308a4056f"", ""occ_05481053d4c4470c5d22"", ""occ_05b6fae7644518f1344c"", ""occ_065b098eb531139eb9da"", ""occ_06a75f3c9c78ab57231f"", ""occ_0a360ec0771ad6e7b45b"", ""occ_0a66795fa41b3b791560"", ""occ_0b54602b22802a0c3410"", ""occ_0c1bc99492ae282fdee8"", ""occ_0cf031617245461e01e5"", ""occ_0cfbc9b3354b54034601"", ""occ_0d74d395a86ea88efc0a"", ""occ_0d7ca8e9ac510807a0c4"", ""occ_0e123c50bb8d90a70fc1"", ""occ_0e5f3ed36aa5128140c7"", ""occ_0e678c52a02356090a8b"", ""occ_0f20715ff410e60c4ab3"", ""occ_0f73e431860656a335ca"", ""occ_0fbe5655248dc311dde2"", ""occ_10da97b0c0eaa29d692e"", ""occ_11af001e2300f6a2a403"", ""occ_11e4437a0fe5334c226b"", ""occ_125eb827c7345af0559a"", ""occ_12685a1b3844eafefb5e"", ""occ_1274734cae15f3a4be37"", ""occ_13d5c9f9378e7e39a6c5"", ""occ_13fb21d2d53186e62323"", ""occ_13fde44762959e9da9e5"", ""occ_1401f05ddb21736f7c49"", ""occ_148a3434662698e48a57"", ""occ_14e4e978508a5ca1c42e"", ""occ_1504fad0c1c6a5eba0f4"", ""occ_15b1176f63b6631e8d2f"", ""occ_15f4a117cade1d61ba5b"", ""occ_16b4377cf6b324807ef2"", ""occ_16f35ecbb2e4961fecf7"", ""occ_16f67a6212084bd4469f"", ""occ_172b09f2ac699a25bce7"", ""occ_17933e2b701e9a2d2722"", ""occ_180f5ed278e49bba46a7"", ""occ_183c75042a997f70741d"", ""occ_18611e5d29e11aeef48d"", ""occ_187def2c23d0aee41baa"", ""occ_19116a2668f51a6dfc72"", ""occ_1a406d6e185815a74039"", ""occ_1d4c84445ae95ea850af"", ""occ_1d63438cc78bf7bc9f0e"", ""occ_1e562d97fe3f068abe40"", ""occ_1e845afcb2f9f8cf9843"", ""occ_1eaf9ea24f9ea8d72439"", ""occ_1ece8554b1a6087a9be6"", ""occ_1fd23fd00944e134a49d"", ""occ_204163e9dcb8962cb797"", ""occ_2095877e473d0f4f7c2a"", ""occ_209b4887431e0cde7c6d"", ""occ_20b1c2fc40657486f248"", ""occ_20e42a51990e1ececfc4"", ""occ_217611eca04d5ded5d80"", ""occ_217f1ab35fb9e6d568ff"", ""occ_2275cc422684ec260861"", ""occ_2316ce98c04a83c26b82"", ""occ_2364a2d02f972270d49d"", ""occ_23cbbf8122dc4567cca5"", ""occ_254d13a1ee72bf143dc5"", ""occ_26ad54f8a76db305de34"", ""occ_2784abc7cb678becea89"", ""occ_27fdf27c95730489d3af"", ""occ_299f6171c9d738689e4b"", ""occ_29bd9ceb5670928e9dc1"", ""occ_2a0c7763f52b9edd88d9"", ""occ_2a72377a733b0e57b7b2"", ""occ_2aac86b4217350338162"", ""occ_2c21a12ac763c20ffb39"", ""occ_2c573c7364e030d460ed"", ""occ_2c5d8c577af0f4c9bdbc"", ""occ_2d0c8c13efd173828924"", ""occ_2d1e6ae3de5f4e21ebdc"", ""occ_2d71cb4ae1ebdba5354c"", ""occ_302239e1231cfcafbcde"", ""occ_31f706a45217b6c7fd68"", ""occ_31fea7853e6fdee73895"", ""occ_32153d7149f3cc960ab8"", ""occ_32a312db5068a9b9e0a1"", ""occ_32ba46b03aa304a087d0"", ""occ_338a084fd3d47fc9abda"", ""occ_341dd1664b52a8468b38"", ""occ_343a91f8e2dcdb6c8a9e"", ""occ_3451df9c763f92d24d64"", ""occ_347aeffbb27066d28a13"", ""occ_34efca41790ac2dd66e1"", ""occ_365a2e293deb21b5f2e7"", ""occ_368d71fa18d53564a8bf"", ""occ_36d515d0b2b0d8706d45"", ""occ_37154ad7ed35a95bfc59"", ""occ_371aef575a7e2b54d6dd"", ""occ_378c914dea12bddd7b7c"", ""occ_385b1c4ff6aa7a4c365b"", ""occ_38641c3e3e5e1c1116df"", ""occ_39d635b95e862400530f"", ""occ_39ff7f3c1b0247d97200"", ""occ_3bd3ff260d6f33aff666"", ""occ_3c66fa7a90b01b587765"", ""occ_3cfeb7ed3bc22c0be663"", ""occ_3d0923fb5bb61f248062"", ""occ_3d463ad0e907e8985a32"", ""occ_3de5b8dda4f4811a703b"", ""occ_3e06e104a6150576f7f6"", ""occ_3e31a8235d29786b7b6a"", ""occ_3e6e6ae6399add85a917"", ""occ_3eb844fe59cf29e6d4da"", ""occ_3f018f1bdd85e75d22ae"", ""occ_407f06384d41a3071cb4"", ""occ_409d9d232525c665f3d1"", ""occ_40fc8b208fd0c4d1f30d"", ""occ_41b7532b1f342dbaea9c"", ""occ_423f8fbb8ba85d45be64"", ""occ_4271143b0b1447b80c69"", ""occ_42ad68ce2a742b0baa9c"", ""occ_442ebcac7846df2795ec"", ""occ_4578e9468c240e6fa2b0"", ""occ_45b38b7696e8ce1dd506"", ""occ_4656f57454fefc50c998"", ""occ_4844b4a8fb47e906bb35"", ""occ_4886518b13d7d48bb086"", ""occ_48d345211b9beefbe169"", ""occ_48da6a61f8d921f017a6"", ""occ_491a6f55e2be1927c570"", ""occ_4b0742b61ddad320f316"", ""occ_4b50c2c5ae16f421a4ab"", ""occ_4baeece6e7a4eb4affdd"", ""occ_4c02ed72d54665204611"", ""occ_4cc42a82d6d740984acc"", ""occ_4ce2339ad0f3794eada6"", ""occ_4d07ffe63c206116e735"", ""occ_4d6e7b44f144cae10aa4"", ""occ_4d83de553571ce0c3cb8"", ""occ_4d84433cd8ba47373161"", ""occ_4e141e02a86d8bb30bff"", ""occ_4fa906b915eb4166beac"", ""occ_4fb1f9379722c0f8d416"", ""occ_4fcda3e1dddd1edf7851"", ""occ_4ffabffa877b570a4c2c"", ""occ_508b2c16aaab122853aa"", ""occ_50d9ac2719aaa5c51d0f"", ""occ_531856b97fab33c9f958"", ""occ_537d8ded502250247310"", ""occ_5386b2a4e352437704fc"", ""occ_538c8c6053d8faefddd7"", ""occ_540f2f4887c8cc0ac116"", ""occ_54c0c475e0ef5121da31"", ""occ_54dd3a987feba001d5a9"", ""occ_550a68e37ef5caf88b7e"", ""occ_5579f4018ff01eb554dd"", ""occ_55c9d499ecf390eebb9d"", ""occ_55e3b40fd4a2eed4d5d5"", ""occ_572a5c1bc214e6a43c81"", ""occ_587bebf00e497e9e5235"", ""occ_58c0dcf01e1d6aef79cd"", ""occ_5954c5dc9a2111c4a342"", ""occ_599115cbed49cddb8beb"", ""occ_5a0a0192cd4b37e3ef09"", ""occ_5ab014fbcb6dc379680a"", ""occ_5af0b8d18c461455f0fa"", ""occ_5c5343972787e0f607b1"", ""occ_5c87a93d440d20830424"", ""occ_5ccc463b5de72bae8ed6"", ""occ_5cf6df5d7430a2131da5"", ""occ_5d4dcb5e46a63d5d3ce0"", ""occ_5da6fc4dd6effda85e92"", ""occ_5ec80abce37292bd2580"", ""occ_5ef4560decf740ee1501"", ""occ_5f485c1ff38f8b9e8e8f"", ""occ_6036842ee2d208cd9290"", ""occ_6053a9344d5103b1e71c"", ""occ_610e1d2d0255d59ae201"", ""occ_614091a9f7f124a88d5d"", ""occ_6149afc8e712b51b4dbe"", ""occ_619e7d1cbe5403966cec"", ""occ_61ed4f8c0218938ab20c"", ""occ_620ebe1189b3f23b3c41"", ""occ_622967e9fef80642c2e8"", ""occ_62ec1c364632fb8c8e7f"", ""occ_633efe8fd4fea0d089ea"", ""occ_6357818793cb0bb2fd0e"", ""occ_63836f7eff3a00df379a"", ""occ_63d347966173b4c2fba1"", ""occ_653d5520994e7dcc0255"", ""occ_65beb0da3614a8eda532"", ""occ_665348f359cdaea2c541"", ""occ_667daf89e616cdb735bc"", ""occ_66d4ef3e10a249ef6f7f"", ""occ_66dc0fde31ae1f0b60d4"", ""occ_671874f225e22250487f"", ""occ_6756d87b448b67e89fce"", ""occ_693161e104b8174e803a"", ""occ_6935be0f8b76c0e3801c"", ""occ_69ad541d7a0f4b60a511"", ""occ_6a4e94fc2d9e0d07a98e"", ""occ_6a8dae244888a0235776"", ""occ_6b016b7cb56479f6087d"", ""occ_6b7600d9c8479dd6d343"", ""occ_6c54cd936fa4dd6d65f0"", ""occ_6c5d8db1d20755a74f22"", ""occ_6d7ae5b3af0aafe0cb52"", ""occ_6e2549fc292589d275ac"", ""occ_6e5a95be2da5ab498da3"", ""occ_6e8504d58c29a634ca99"", ""occ_6f13143fe732583be072"", ""occ_6f6cb29e2ff55c5cf217"", ""occ_6f77ecb7695f75e71ef6"", ""occ_6f78d00aa057449290bb"", ""occ_6f82dcd9130f9eeb5f39"", ""occ_70500a26370fbcf9318f"", ""occ_7069a8ea2c535c8e0e94"", ""occ_70c29388378dff07b143"", ""occ_70e561691ac1a868d0e4"", ""occ_70f5e53e00421087b6d5"", ""occ_71648db6bd4d468c48f7"", ""occ_716d762e2d1be8f0c9e6"", ""occ_7255ef961ae42056eda0"", ""occ_728a9e9cba73abe21187"", ""occ_72a21cf1d6eefbde60fc"", ""occ_72ad56fd7bfb1ace94a3"", ""occ_72f6213b38ac9e0edc6b"", ""occ_751ea8fcaa0002bdae5f"", ""occ_75415cda50b240ce4be2"", ""occ_7568b66dc93f869f7f7c"", ""occ_75b137accfc41f298615"", ""occ_762431e02bea11e5f11a"", ""occ_765427baf040ccc3c7e6"", ""occ_765e9afb1f17195323a3"", ""occ_77ea4393fba01f7ffa95"", ""occ_78a332f503d28aaf3c41"", ""occ_78dca49cb407acee1eaf"", ""occ_7902edf066ac48821549"", ""occ_791e1fc1ce238277753d"", ""occ_79854c0f7aff29501794"", ""occ_7999c1ffdd6fa68a2da5"", ""occ_79b4d82beed086f671bf"", ""occ_7b084ad0b285798354f8"", ""occ_7bd68f1637e2b12cb59e"", ""occ_7c02c37024c1d39e4e04"", ""occ_7ca466d19c7ce5f27fa3"", ""occ_7d18b58c809575acd3cf"", ""occ_7d18cb464837d0061a2f"", ""occ_7dd42e119fa7cc2408c9"", ""occ_7deadfd0068def563c7c"", ""occ_7e5513d3608c08413dc4"", ""occ_7f396a5e73bcb1c3ec00"", ""occ_80603361ba2959e45dbb"", ""occ_80d4652b5168da86fcc5"", ""occ_80f488770ee09f1e1e66"", ""occ_80fa8bc826514fc4cf2b"", ""occ_81bc508928666b5db28b"", ""occ_81e0ed2747580e742442"", ""occ_846b6acd398ccb5f01d5"", ""occ_84ab1a55d608296283db"", ""occ_85bd40245c0c231188d6"", ""occ_86c4bdd83c127d9ccc52"", ""occ_87d1f9a17bfc86dc89b7"", ""occ_8825125153c62a33e5eb"", ""occ_88d23e66ad581cf03b19"", ""occ_8a8342bc2245f5c18bd2"", ""occ_8c20abb605ecb11f85db"", ""occ_8c78decb41d4dea1c74c"", ""occ_8cacc014f480c9e4e55a"", ""occ_8f1b6fa540aa1f0f9d81"", ""occ_8fb6edaced36544023dd"", ""occ_8fd859908139cb847a16"", ""occ_9058feaeaf1cc522bfd6"", ""occ_9069f910f42789659917"", ""occ_90988f337a4a7a115f94"", ""occ_90ade921d9a6ab17f312"", ""occ_90e4a7091b4137bbd957"", ""occ_9100fe8a7af088cda66f"", ""occ_91091b2cd92275afce5a"", ""occ_914b1ce90e482b50c9b6"", ""occ_91cd8bd137d2efbd76f6"", ""occ_91ea96b07c7b7d323a76"", ""occ_92b5660768b69e5a7ee0"", ""occ_93138253af523d144e5e"", ""occ_934cf1b26961a00bd1a4"", ""occ_93762b3c1bdd2250e20c"", ""occ_937d8a4d6ebd6b3dda8e"", ""occ_93d510db48b50eaa0e9a"", ""occ_9419c5d2489548bc7805"", ""occ_94bea0ea9d20a13f9920"", ""occ_96f53f8bc7256fbf32c9"", ""occ_9728a0ef66b4e800ba71"", ""occ_994e46a67fe04e90dc99"", ""occ_9aa3a5d4cfc76a219d1c"", ""occ_9c3af18ccba34cb90d00"", ""occ_9caedff27c6371ec3d83"", ""occ_9cd148a4386fd2536bd4"", ""occ_9d44df8aab0979319774"", ""occ_9da1c2b8ef4e1f7f4abf"", ""occ_9dd1691bbb0cbbdda654"", ""occ_9e15c4fdabef802314db"", ""occ_9f0984285c23d1878ddd"", ""occ_9f280040483f1cfe3b60"", ""occ_9f9be212f67da974f7cc"", ""occ_9fd46f96b6f33e87de46"", ""occ_a0657259c48c80e3ca0e"", ""occ_a0b6449147bfca10b7d5"", ""occ_a1c92c7c8e8f2fb7207c"", ""occ_a20b1a89be481df49893"", ""occ_a2c377209fdbb59ac6b4"", ""occ_a2c7b5dab7ab195b5e66"", ""occ_a447f403cf55e6ae981c"", ""occ_a59c9bf1c2927dbd0973"", ""occ_a607a60dad7c082fac59"", ""occ_a60dba371c90bd27edba"", ""occ_a68fc5cf53705c9bf5e5"", ""occ_a7276e99b4dc3e90317e"", ""occ_a74dc77f1dfab5b0b095"", ""occ_a8e4277f4b5dc81afe10"", ""occ_a8f0930d5cc458daf70d"", ""occ_aa5f2b16c9ec0d868a2d"", ""occ_aa70bf111375e273be75"", ""occ_aa7b0a9b4a8162e5e612"", ""occ_ab7a6c7588efc0cdc0f9"", ""occ_abb9b1d981089ed18f1e"", ""occ_abc18db77b5b15132ae0"", ""occ_ad76a53000c785d239a4"", ""occ_adb58a8ffb0be0c96f9a"", ""occ_ae9a88a43cd295794e7d"", ""occ_aeb768b6ad0f8974e571"", ""occ_aedbeb451f24f3dcad6e"", ""occ_af70438aaa3a437a1fae"", ""occ_b01d78418e82656aea4c"", ""occ_b0c93c1c07ddbfc0501c"", ""occ_b0e22eb6700399da3198"", ""occ_b159f9a9319ec20d4ae3"", ""occ_b1c50b904aad3223457c"", ""occ_b1e12a940872f8716fa6"", ""occ_b2462726a83b814c6d14"", ""occ_b3488c02dc90e3cc3284"", ""occ_b374d6e560a959bac36a"", ""occ_b3ab302e18dd76f8df5f"", ""occ_b4141ceae4c13887ce9a"", ""occ_b45e3a91bf15717b1609"", ""occ_b4b21cf5ec1504c00ec0"", ""occ_b58b14b190af5fceff2f"", ""occ_b5f17b493c1f24583da2"", ""occ_b6a0d3d9edf813baf3d8"", ""occ_b72bb7340dea414464e6"", ""occ_b7f34cb70e81ede81103"", ""occ_b7f587e087838a784f01"", ""occ_b960e337a4bd7ec47c29"", ""occ_b97fdaf3de9144fc4d06"", ""occ_ba4df427219019fe4f85"", ""occ_ba680631567a1654a321"", ""occ_ba9e0999fad9bfccb2d0"", ""occ_bb077298bef00721a452"", ""occ_bc7c59f623c979661483"", ""occ_bc7cc9d75eb221d608a0"", ""occ_bfb4d4f0090e58bc019e"", ""occ_bfe6a527e298dcd8e4b8"", ""occ_c0552fd50e6873cce373"", ""occ_c06dc1ea1b198f4dbe06"", ""occ_c077c8233f649aed9edb"", ""occ_c0bf0cfe5bd363fae433"", ""occ_c17271a3d1ab4220807e"", ""occ_c30cf80871abc460de62"", ""occ_c3d83c00cb68f014d695"", ""occ_c423fa399db5279ac928"", ""occ_c484985cc5c854febd36"", ""occ_c4e2961f297e84a9ada9"", ""occ_c5b356bdc0e4111f7902"", ""occ_c6b4bd2ce3b0a9834f2e"", ""occ_c6d88fe78ebdbd8d870c"", ""occ_c72d14fe43e2928183b6"", ""occ_c7475d1d3295ce6883f3"", ""occ_c7aca477f842025e0e61"", ""occ_c7af69453b3371f1a0d5"", ""occ_c7dd6e086fb6b7274de2"", ""occ_c7f27351fb21b2429ccd"", ""occ_c7fb29268e8f85f2abae"", ""occ_c86e74fa271254e21ea9"", ""occ_ca0cd7e53188fb88f4e4"", ""occ_ca30622e413d28b28b6e"", ""occ_ca57d13b522397edfa49"", ""occ_cac9c500c3f8be574527"", ""occ_caf2392335e2015427ae"", ""occ_cbc219386b9efbfabaa8"", ""occ_cc7f5cd10fa45d21f76e"", ""occ_cd60217de7eb6a402d6f"", ""occ_cdf49d30cfe28028e83e"", ""occ_ce73c8d7e8970ecf5a7a"", ""occ_cf7d5be3276ee162647b"", ""occ_d04ffec94d88048d8d17"", ""occ_d0cd50b185894d1e2278"", ""occ_d0ec8d6a3984c22ddde8"", ""occ_d13c2a258ff27d685c74"", ""occ_d161d3aa1b458a2334f4"", ""occ_d262b1b3f739b28491dc"", ""occ_d39325cab867134ce8ed"", ""occ_d3f438b87e15436bd4ee"", ""occ_d4152c71eaab2ac760fc"", ""occ_d4b4f61ea37f1d1bcb11"", ""occ_d55d5b156119b9b9dfd2"", ""occ_d5c88c621158c6e94fbe"", ""occ_d6a4784ea002544bb314"", ""occ_d6be3fa093bbb77a8c8d"", ""occ_d7588e7bea5057d71423"", ""occ_d78432ac4a0b5b33eb57"", ""occ_d95479af05164204ac5c"", ""occ_da0bd0f5686f221a987c"", ""occ_da9169da95dfde5b00d1"", ""occ_dbe0f8d00911f7f4789c"", ""occ_dbf04a7dfa870597b6f4"", ""occ_dc25543439737b527784"", ""occ_dc7bac40f182486f909f"", ""occ_dd0f1aaa0b3989b11afa"", ""occ_dde1a2c00e7f4b4c2115"", ""occ_dde4fa865774ce773c0f"", ""occ_ddecc9a58034dc8cf3bd"", ""occ_de046c6bcbfa46aebb56"", ""occ_dfc434fbb99f95b74194"", ""occ_dfc82a4196fa1feb85db"", ""occ_dfd54c694f980e79e9df"", ""occ_e05f5631095ec6f9ea8a"", ""occ_e0e680dc4d826253720c"", ""occ_e179e85a7c5f49482a69"", ""occ_e32948f5e83b82fb6ca9"", ""occ_e39a64f7663edc3a7361"", ""occ_e39b3d04f5843418e009"", ""occ_e40af37a433f85db3bac"", ""occ_e45a03f08e88e1710e0d"", ""occ_e516e988f718b4166221"", ""occ_e6024f5075b48e6c7bdb"", ""occ_e6b9d9b61b616c759ac4"", ""occ_e6e5f9793f839a18ad3a"", ""occ_e76b6238f70bf193a46c"", ""occ_e78eac6ebbe87132d849"", ""occ_e7b464e78301e7e598b2"", ""occ_e866cc188a2a14f705e5"", ""occ_e879de02f4c45dd3e7f8"", ""occ_e8cafcb298f72eccfe9b"", ""occ_e8d5a10fb944505bb168"", ""occ_e9011bdcdc857f47dbf5"", ""occ_ea622f1fbd719d36f96d"", ""occ_ea73908507445743cb52"", ""occ_eabc55a5e71fd8e491f3"", ""occ_ec1a136b50c8933c83ea"", ""occ_ec2c95c57ddd5c0e593b"", ""occ_eca2a55d119a36e28418"", ""occ_eccfe3787f565b1067a3"", ""occ_ece309ca1c3f58940a85"", ""occ_eddd2f26d2eb6dad960e"", ""occ_eec61d28bbf52b5c87ce"", ""occ_efa73bb20897d963a397"", ""occ_effdadf83e3bcf46a30b"", ""occ_f13ec1c40921ac9ec6de"", ""occ_f16f8f1727b68b35b30b"", ""occ_f340fbb951dc88b17f63"", ""occ_f4860ad16c201e87bcc2"", ""occ_f4d305eaab483d5dde55"", ""occ_f4f69137e1e69e88bdf3"", ""occ_f673364a81f5043227b3"", ""occ_f703ca934c6adbea7a62"", ""occ_f73b68a20027e053eb4f"", ""occ_f7d6d4b463198b29fd73"", ""occ_f830ea1998a47d7a4897"", ""occ_f8bba2ba9646b9ea0ff6"", ""occ_f8c6084d39eb22f9b709"", ""occ_f909ed85a64811e2f9d2"", ""occ_fa0921502b71b7d43996"", ""occ_fa1d245752900ee119dd"", ""occ_fa1ff67db0b077125ca2"", ""occ_fa3b629559eb307087e8"", ""occ_fad93a31b21f49f68d63"", ""occ_faf97389abffa0814c61"", ""occ_fb66354a099d18ef3fd3"", ""occ_fb77c1c2c5bc767716e5"", ""occ_fc48b535825f656e935e"", ""occ_fc7bfb2d1378e18f713b"", ""occ_fd4a1f92de44ce3baf3b"", ""occ_fdd5af1d4d95b88366aa"", ""occ_fed7bc485314a0cc81db"", ""occ_ff20fe91755ba86e26b9"", ""occ_ff441ece19cd2742d7a5"", ""occ_fff6204a63596aea4b55""]",run_1f27e7f7434a9d682f85
term_4454c1a4dc8a6e8c0cc0,Seasonally and calendar adjusted trade value in million ECU/EURO,measure,0.7645554686006673,semantic-hybrid,False,semantic centroid/neighbor measure fallback,"[""occ_08c9dc272ce5fcc88476"", ""occ_14adac8b032a8ea305d3"", ""occ_1a9d327c08e39c2a28d6"", ""occ_1ad34c5111cf1f206bdc"", ""occ_28159ef843427202d290"", ""occ_2c67e9ccf7df22818ce5"", ""occ_3566537537eb00bc5feb"", ""occ_372b0c54a60ac270f02c"", ""occ_410c57b2231bcd8207be"", ""occ_4b14d478daa63de3454c"", ""occ_4bb74c0382e322f6c772"", ""occ_6623d2267f7434a7bb41"", ""occ_7043d1267c0103380054"", ""occ_72c1a50d959b89b761f5"", ""occ_73dfe3afc230a7ad92e0"", ""occ_777eee6620d6fa8dbec6"", ""occ_78d3e7edc8d0b17f161d"", ""occ_807faf5b117692d8c309"", ""occ_85dbfcdca893bc564fc5"", ""occ_9be943f470496c6a8590"", ""occ_a5efbeaa06074b0a4f38"", ""occ_ae83951048baf8236ca8"", ""occ_b065fb1b1ba84a56431c"", ""occ_b6b0d1113fb8f1c6329f"", ""occ_c46204e7584e087577b1"", ""occ_cd56aada520b4163f38a"", ""occ_d0e51b381fd5895888a4"", ""occ_dbcf11135c1e29792128"", ""occ_e8718c6d697c69d03223""]",run_1f27e7f7434a9d682f85
term_421074ba69b8f9fad996,Secondary energy production,measure,0.88,semantic-hybrid,True,title evidence with measure lexical cue,"[""occ_0f3badcd051656441db6""]",run_1f27e7f7434a9d682f85
term_98a66482c1d5ec1424cb,Secondary energy production (transformation,measure,0.88,semantic-hybrid,True,title evidence with measure lexical cue,"[""occ_a0de8312c9d6dc2cacab""]",run_1f27e7f7434a9d682f85
term_8030a23a4a2dc7be617b,Secondary energy production (transformation),measure,0.88,semantic-hybrid,True,title evidence with measure lexical cue,"[""occ_1ea8d849ccc62150932f""]",run_1f27e7f7434a9d682f85
term_65f931a9d4bebf6fc3e4,"Secondary wood products, production",measure,0.88,semantic-hybrid,True,title evidence with measure lexical cue,"[""occ_63248a4ab6079ac3bfc5""]",run_1f27e7f7434a9d682f85
term_c2010b2c28b74a1c6454,"sector credit flow, consolidated - % GDP",measure,0.88,semantic-hybrid,True,title evidence with measure lexical cue,"[""occ_5cebeb919841498d4866""]",run_1f27e7f7434a9d682f85
term_9c122c9f236f1f762bdf,"sector debt, consolidated - % of GDP",measure,0.88,semantic-hybrid,True,title evidence with measure lexical cue,"[""occ_b82fee2571233633918a""]",run_1f27e7f7434a9d682f85
term_0e23482b8f266b22ee10,"sector debt: loans, by sectors, consolidated - % of GDP",measure,0.88,semantic-hybrid,True,title evidence with measure lexical cue,"[""occ_724b338ea1c33e1ffbd7""]",run_1f27e7f7434a9d682f85
term_03514a48435f63f6a2f1,"sector debt: loans, by sectors, non-consolidated - % of GDP",measure,0.88,semantic-hybrid,True,title evidence with measure lexical cue,"[""occ_c38ee0b238a70174fd8c""]",run_1f27e7f7434a9d682f85
term_c4b097b64cbf7c4946fa,sector in Gross value added,measure,0.88,semantic-hybrid,True,title evidence with measure lexical cue,"[""occ_6d91ee4518a33a8c7273"", ""occ_d12eba36e28ed129fd07""]",run_1f27e7f7434a9d682f85
term_b91ddfe2e6993508fbb2,sector personnel in total employment,measure,0.88,semantic-hybrid,True,title evidence with measure lexical cue,"[""occ_4b9918ef40eff6c6fd8b"", ""occ_4bf30fccb87f63bb98c9""]",run_1f27e7f7434a9d682f85
term_5412296c51801fb14067,"sectors, consolidated - % of GDP",measure,0.88,semantic-hybrid,True,title evidence with measure lexical cue,"[""occ_1c2a5030457e9a53b871"", ""occ_1e703136ee5e83112297"", ""occ_8845564b9e616268ab27"", ""occ_e47d9593e21556ea3008""]",run_1f27e7f7434a9d682f85
term_71d8f193272d5164bdfe,"sectors, non-consolidated - % of GDP",measure,0.88,semantic-hybrid,True,title evidence with measure lexical cue,"[""occ_0c0cb3bdf7792cdb3c75"", ""occ_182ed3e11e02249c286b"", ""occ_2aee6428b03924b6e26c"", ""occ_58c501142e2d824768b5""]",run_1f27e7f7434a9d682f85
term_258672685e2d7e8ad0a9,"securities by sectors, consolidated - % of GDP",measure,0.88,semantic-hybrid,True,title evidence with measure lexical cue,"[""occ_d762193ff1615e75f3ee""]",run_1f27e7f7434a9d682f85
term_de86144f4f30caa9030c,"securities by sectors, non-consolidated - % of GDP",measure,0.88,semantic-hybrid,True,title evidence with measure lexical cue,"[""occ_2ad0b31d68f67835e29e"", ""occ_5b967492f0c590df87fe""]",run_1f27e7f7434a9d682f85
term_cc767934c240318fdaee,"securities, by sectors, consolidated - % of GDP",measure,0.88,semantic-hybrid,True,title evidence with measure lexical cue,"[""occ_07dbf51ef20fda7780b8""]",run_1f27e7f7434a9d682f85
term_7e26d5b77c598f317b6e,Self-employed persons having at least one client in the last 12 months by control over working time,measure,0.7616030643984728,semantic-hybrid,False,semantic centroid/neighbor measure fallback,"[""occ_935c664afe8c22f7be1a""]",run_1f27e7f7434a9d682f85
term_1ab63da5fe1e2cf9ef33,Selling prices,measure,0.88,semantic-hybrid,True,title evidence with measure lexical cue,"[""occ_02bd3c7763b72ae28d84"", ""occ_1004223261f58c6bca15"", ""occ_45107b270a96c8878a3e"", ""occ_6a38f4a279737c7ca721"", ""occ_6cbdce273f61425f0dff"", ""occ_9cb0bd3bd2637236c0c4"", ""occ_a3bf5b40c2e942e8d26c"", ""occ_a3eed71f6a068e0f0877"", ""occ_bfce6fe1a273d3b9c0b2"", ""occ_c1d55a9b5384156dace5"", ""occ_c4956c135a453ef72a24"", ""occ_d1b78101cd02e7cb05d4"", ""occ_ebb011854b52243c4729""]",run_1f27e7f7434a9d682f85
term_5c315fd5bf1e39022cfd,Selling prices of,measure,0.88,semantic-hybrid,True,title evidence with measure lexical cue,"[""occ_3d4a1747aadac4746429"", ""occ_3f5fccc2a929bce37966"", ""occ_5f6c159b572b31e6514c"", ""occ_7367bb2868b2384840b8"", ""occ_81fb48d1db9f1f1f59a2"", ""occ_88d8279b11d08688a40c"", ""occ_990b86e03fbfab769ae9"", ""occ_9dbfac7cabc49250cd5d"", ""occ_c8db1c7502dbe81d0a15"", ""occ_de73d7f2d303a4464949"", ""occ_e9085e25d28cf53946d9"", ""occ_f3411c7ec66f5710090d"", ""occ_ffb87aa2163117920ec1""]",run_1f27e7f7434a9d682f85
term_3c6db2dfbfb5d56d21f8,Selling prices of barley,measure,0.88,semantic-hybrid,True,title evidence with measure lexical cue,"[""occ_3d81150b9f19b784fb4d""]",run_1f27e7f7434a9d682f85
term_8ae9febccaa808aa61b1,Selling prices of calves,measure,0.88,semantic-hybrid,True,title evidence with measure lexical cue,"[""occ_afb5d2453875a1d0fa05""]",run_1f27e7f7434a9d682f85
term_31f7102f7acb5d562653,Selling prices of chickens,measure,0.88,semantic-hybrid,True,title evidence with measure lexical cue,"[""occ_2c4b79d1b26285afabb1""]",run_1f27e7f7434a9d682f85
term_52bcbfdba57ccb4ce4c5,Selling prices of chickens (live,measure,0.88,semantic-hybrid,True,title evidence with measure lexical cue,"[""occ_3891e98bf93ffddd3aaf""]",run_1f27e7f7434a9d682f85
term_e7c09bb9f757e80022a9,Selling prices of chickens (live 1st,measure,0.88,semantic-hybrid,True,title evidence with measure lexical cue,"[""occ_c4397559bcd738e2befc""]",run_1f27e7f7434a9d682f85
term_e03ee465a0d62da1eae8,Selling prices of chickens (live 1st choice,measure,0.88,semantic-hybrid,True,title evidence with measure lexical cue,"[""occ_6bb68aa3aaa743c40769""]",run_1f27e7f7434a9d682f85
term_7e6b66c9d3d0e5d8a5de,Selling prices of chickens (live 1st choice),measure,0.88,semantic-hybrid,True,title evidence with measure lexical cue,"[""occ_76710f12341017d41cb2""]",run_1f27e7f7434a9d682f85
term_28e55f39f3d283f69f27,Selling prices of fresh,measure,0.88,semantic-hybrid,True,title evidence with measure lexical cue,"[""occ_836993bbfd7ac2b81f89""]",run_1f27e7f7434a9d682f85
term_1b5c2b9c0bccd1eda4f0,Selling prices of fresh eggs,measure,0.88,semantic-hybrid,True,title evidence with measure lexical cue,"[""occ_0cf0f36886d033e4dfb8""]",run_1f27e7f7434a9d682f85
term_d74765cc2b547702d91f,Selling prices of main,measure,0.88,semantic-hybrid,True,title evidence with measure lexical cue,"[""occ_321c3b15e43f460415fc""]",run_1f27e7f7434a9d682f85
term_5296501edc7a42dffde4,Selling prices of main crop,measure,0.88,semantic-hybrid,True,title evidence with measure lexical cue,"[""occ_c134fae3917a99557f7b""]",run_1f27e7f7434a9d682f85
term_47ac29381f85fbf42700,Selling prices of main crop potatoes,measure,0.88,semantic-hybrid,True,title evidence with measure lexical cue,"[""occ_c844b1bd457e0e256269""]",run_1f27e7f7434a9d682f85
term_e8bb5187b5795bdb8efb,Selling prices of maize,measure,0.88,semantic-hybrid,True,title evidence with measure lexical cue,"[""occ_59ff24cbb9e52bc778cf""]",run_1f27e7f7434a9d682f85
term_2c07bd94b4e43d46432e,Selling prices of oats,measure,0.88,semantic-hybrid,True,title evidence with measure lexical cue,"[""occ_ced917f8d315be1a8ec3""]",run_1f27e7f7434a9d682f85
term_e1ed281f7f0b76371214,Selling prices of piglets,measure,0.88,semantic-hybrid,True,title evidence with measure lexical cue,"[""occ_bcbc1035e59e253240a6""]",run_1f27e7f7434a9d682f85
term_d9e1c5d5fec9d6d3f300,Selling prices of pigs,measure,0.88,semantic-hybrid,True,title evidence with measure lexical cue,"[""occ_0af465ef6b084ab0465d""]",run_1f27e7f7434a9d682f85
term_04441318bbcfa15a29a5,Selling prices of pigs (light,measure,0.88,semantic-hybrid,True,title evidence with measure lexical cue,"[""occ_039ffced47a2a407f823""]",run_1f27e7f7434a9d682f85
term_6e08e94ef6da9bc1d1a2,Selling prices of pigs (light),measure,0.88,semantic-hybrid,True,title evidence with measure lexical cue,"[""occ_33b1971a05398407da7c""]",run_1f27e7f7434a9d682f85
term_033233a2cb45aa878de9,Selling prices of raw,measure,0.88,semantic-hybrid,True,title evidence with measure lexical cue,"[""occ_f4a12920be9d9d0f38a8""]",run_1f27e7f7434a9d682f85
term_8718a439b80c3529ffe6,Selling prices of raw cow's,measure,0.88,semantic-hybrid,True,title evidence with measure lexical cue,"[""occ_027afe602e057aec3355""]",run_1f27e7f7434a9d682f85
term_ecdcf7eb31b6f39bf823,Selling prices of raw cow's milk,measure,0.88,semantic-hybrid,True,title evidence with measure lexical cue,"[""occ_b03ab9985032403106f2""]",run_1f27e7f7434a9d682f85
term_ade4d4857a14058b599e,Selling prices of sheep,measure,0.88,semantic-hybrid,True,title evidence with measure lexical cue,"[""occ_b5224e9929c3df117ec0""]",run_1f27e7f7434a9d682f85
term_dbc6cde42c2c9b2f089f,Selling prices of soft,measure,0.88,semantic-hybrid,True,title evidence with measure lexical cue,"[""occ_7922bbc55fe656e09303""]",run_1f27e7f7434a9d682f85
term_95e7e6f2848eac909c03,Selling prices of soft wheat,measure,0.88,semantic-hybrid,True,title evidence with measure lexical cue,"[""occ_0671706d299cc10394fd""]",run_1f27e7f7434a9d682f85
term_4488ca5afb07ac37c070,Selling prices of sugar,measure,0.88,semantic-hybrid,True,title evidence with measure lexical cue,"[""occ_b5ba8e8355f4b08921cd""]",run_1f27e7f7434a9d682f85
term_50c91cadc9fa8abe580f,Selling prices of sugar beet,measure,0.88,semantic-hybrid,True,title evidence with measure lexical cue,"[""occ_9e94b3beaac2114698f5""]",run_1f27e7f7434a9d682f85
term_3cf1cf083e876a063ec7,Selling prices of sugar beet (unit,measure,0.88,semantic-hybrid,True,title evidence with measure lexical cue,"[""occ_1437a829837b75c5d906""]",run_1f27e7f7434a9d682f85
term_a766e3afdc41d0cde342,Selling prices of sugar beet (unit value,measure,0.88,semantic-hybrid,True,title evidence with measure lexical cue,"[""occ_c42d77cc2565e85bee30""]",run_1f27e7f7434a9d682f85
term_a98332e2942b3c18dca1,Selling prices of sugar beet (unit value),measure,0.88,semantic-hybrid,True,title evidence with measure lexical cue,"[""occ_bcddfa7d82da40b04dac""]",run_1f27e7f7434a9d682f85
term_7683177d85498b9a761f,services in % of GDP,measure,0.88,semantic-hybrid,True,title evidence with measure lexical cue,"[""occ_711c8273662c28e0f55e"", ""occ_fcccf02bcdec29dde515""]",run_1f27e7f7434a9d682f85
term_51622e8370bcb409b4d6,Services turnover index - calendar adjusted - ENP-East countries,measure,0.7680069902079453,semantic-hybrid,False,semantic centroid/neighbor measure fallback,"[""occ_5d0df458210d1314a403""]",run_1f27e7f7434a9d682f85
term_d346783ce6ade6f88c4e,"services, current prices",measure,0.88,semantic-hybrid,True,title evidence with measure lexical cue,"[""occ_8da6b183ae3e731c0f6e""]",run_1f27e7f7434a9d682f85
term_1d033005be64c5f990ec,Severe housing deprivation rate by income,measure,0.88,semantic-hybrid,True,title evidence with measure lexical cue,"[""occ_aea15db32a91d02bd454""]",run_1f27e7f7434a9d682f85
term_ffd9b4c7b420884fbe19,Severe housing deprivation rate by income quintile,measure,0.88,semantic-hybrid,True,title evidence with measure lexical cue,"[""occ_cbd8150c774ead94a3c8""]",run_1f27e7f7434a9d682f85
term_552ae42c95dba6d3c7ce,Severe material and social deprivation rate,measure,0.768165085981794,semantic-hybrid,False,semantic centroid/neighbor measure fallback,"[""occ_43180fd5155df2365316"", ""occ_840c13f0fa031d4d2120"", ""occ_89dfbfc641f036e8a9bb"", ""occ_a60655caa1d9501aa2cf""]",run_1f27e7f7434a9d682f85
term_8450385a770c1a9cb3ed,Severe material and social deprivation rate by,measure,0.7751305756605152,semantic-hybrid,False,semantic centroid/neighbor measure fallback,"[""occ_2b5f83de0e725c7a153f"", ""occ_7fdab49e57f8ac3442fa""]",run_1f27e7f7434a9d682f85
term_a6309565d116bcdbe5e5,Severe material and social deprivation rate by age,measure,0.773693192668417,semantic-hybrid,False,semantic centroid/neighbor measure fallback,"[""occ_78c61bfb4effa812bad1""]",run_1f27e7f7434a9d682f85
term_76213bd3db7c508343fc,Severe material and social deprivation rate by age group and sex,measure,0.7706199807678535,semantic-hybrid,False,semantic centroid/neighbor measure fallback,"[""occ_c73a924975c777c32b44""]",run_1f27e7f7434a9d682f85
term_f4498a72d9fa0113c347,Severe material and social deprivation rate by sex,measure,0.7746517970444509,semantic-hybrid,False,semantic centroid/neighbor measure fallback,"[""occ_f15654e608037631d5af""]",run_1f27e7f7434a9d682f85
term_db954d20487dd17373fe,Severe material and social deprivation rate for,measure,0.7722627860445905,semantic-hybrid,False,semantic centroid/neighbor measure fallback,"[""occ_341d3c7bdaf3186d7445""]",run_1f27e7f7434a9d682f85
term_d381e41ac96db6af7127,Severe material and social deprivation rate for children (aged less than 18) by sex,measure,0.7618393021569966,semantic-hybrid,False,semantic centroid/neighbor measure fallback,"[""occ_2d11e24f2785f8e6aebf""]",run_1f27e7f7434a9d682f85
term_6e44f3f6569cb081a7b8,Severe material deprivation rate by,measure,0.7768531553484124,semantic-hybrid,False,semantic centroid/neighbor measure fallback,"[""occ_bef839c26c61d348852f"", ""occ_c8412ad6895b5fbf8091"", ""occ_e4e9a1846e75abc6b1eb""]",run_1f27e7f7434a9d682f85
term_ca20e3c48b15d75c089a,Severe material deprivation rate by tenure,measure,0.7629549082340249,semantic-hybrid,False,semantic centroid/neighbor measure fallback,"[""occ_95035c17e27fbd06ca82""]",run_1f27e7f7434a9d682f85
term_8ad69044115d5bbcdded,Severe material deprivation rate by tenure status,measure,0.7624529432312207,semantic-hybrid,False,semantic centroid/neighbor measure fallback,"[""occ_a33b9813f66ddf5cc573""]",run_1f27e7f7434a9d682f85
term_8e60a2e772e0e3407a39,Sewage sludge production,measure,0.88,semantic-hybrid,True,title evidence with measure lexical cue,"[""occ_f928953950d1501594ce""]",run_1f27e7f7434a9d682f85
term_38b95ba6cee911db6c72,Sewage sludge production and,measure,0.88,semantic-hybrid,True,title evidence with measure lexical cue,"[""occ_85fafab6269829b78e50""]",run_1f27e7f7434a9d682f85
term_d0f49fabc99b2824ece9,Sewage sludge production and disposal,measure,0.88,semantic-hybrid,True,title evidence with measure lexical cue,"[""occ_2eb11ed7bb0d3fbfba3d""]",run_1f27e7f7434a9d682f85
term_52793d65da4a132741d2,Sewage sludge production and disposal from,measure,0.88,semantic-hybrid,True,title evidence with measure lexical cue,"[""occ_df7c2fa971c09bbaf732""]",run_1f27e7f7434a9d682f85
term_c3fb53f648dae8bf71d3,Sewage sludge production and disposal from urban,measure,0.88,semantic-hybrid,True,title evidence with measure lexical cue,"[""occ_132559557bd1b4fcd116""]",run_1f27e7f7434a9d682f85
term_ddc01ab525b16ef96ab5,Sewage sludge production and disposal from urban wastewater,measure,0.88,semantic-hybrid,True,title evidence with measure lexical cue,"[""occ_b11da2f2886132dc2213""]",run_1f27e7f7434a9d682f85
term_807855b35101cb82e6e2,Sewage sludge production and disposal from urban wastewater (in dry substance (d.s)),measure,0.88,semantic-hybrid,True,title evidence with measure lexical cue,"[""occ_6304e826e2a557306af9""]",run_1f27e7f7434a9d682f85
term_6cfe33462f7b2b6054e6,sex - % of the population,measure,0.88,semantic-hybrid,True,title evidence with measure lexical cue,"[""occ_166be0a3b8b143450e47"", ""occ_40358424719246c5d308"", ""occ_cca57d72dc4cd3d16515""]",run_1f27e7f7434a9d682f85
term_5d7ed456366069f70e3a,sex - % of the population of,measure,0.88,semantic-hybrid,True,title evidence with measure lexical cue,"[""occ_bf99deb5034dad315249"", ""occ_cc1def90a1e5f6b00e36"", ""occ_d2180dd07aef9fc94fd8""]",run_1f27e7f7434a9d682f85
term_8639ee1949251aeb012e,sex - as % of the population,measure,0.88,semantic-hybrid,True,title evidence with measure lexical cue,"[""occ_54d6e1463454f632e0cf"", ""occ_952661e7c158e679cdd4"", ""occ_bcc317b52fd351dcd6ae"", ""occ_cd168d0dcdeb31951064""]",run_1f27e7f7434a9d682f85
term_097b7a1a330e9f0cb407,sex - as % of the population of,measure,0.88,semantic-hybrid,True,title evidence with measure lexical cue,"[""occ_48bfa384651877a4adcc"", ""occ_a51db63523db386f7f64"", ""occ_caa110b0b504d72da60a"", ""occ_d0312651f9691e06deee""]",run_1f27e7f7434a9d682f85
term_b2d99c03bf72c675a16f,sex - as % of the population of the,measure,0.88,semantic-hybrid,True,title evidence with measure lexical cue,"[""occ_153c8128be8858e25f3e"", ""occ_8787fd2f0fd3d6858ee5"", ""occ_b84fba3f5fa70cb19535"", ""occ_db288bcc945791a09243""]",run_1f27e7f7434a9d682f85
term_5358db8db64f39e4eb9d,sex - as % of the population of the corresponding,measure,0.88,semantic-hybrid,True,title evidence with measure lexical cue,"[""occ_310fdb51a0cda8fe94f1"", ""occ_ad2d51ef0ea4eb310f90"", ""occ_ad79bfc310fc9ca26afc"", ""occ_e426de685217a6d45f3a""]",run_1f27e7f7434a9d682f85
term_a90d7a7d9d9da8fbdccc,sex - per 1000 of population,measure,0.88,semantic-hybrid,True,title evidence with measure lexical cue,"[""occ_66ad7887537091ce3c57""]",run_1f27e7f7434a9d682f85
term_ea7cef6c5ec1a59423dd,sex - per 1000 of population aged,measure,0.88,semantic-hybrid,True,title evidence with measure lexical cue,"[""occ_5e5e6f9fdb76a13d92bf""]",run_1f27e7f7434a9d682f85
term_3cda2e354fc9d2d73335,sex - per 1000 of population aged 25-34,measure,0.88,semantic-hybrid,True,title evidence with measure lexical cue,"[""occ_6c133aa55289cc608fbe""]",run_1f27e7f7434a9d682f85
term_8e9120cbe029b753d2ab,sex and age groups - per 1000 of population,measure,0.88,semantic-hybrid,True,title evidence with measure lexical cue,"[""occ_8a6d9bb44bee13cac22a""]",run_1f27e7f7434a9d682f85
term_32f8595e89e0264bd8d3,sex and country of birth,measure,0.88,semantic-hybrid,True,title evidence with measure lexical cue,"[""occ_9b347987067f5bf0e2c3""]",run_1f27e7f7434a9d682f85
term_c625b447bb81fa0411d8,sex and group of country of birth,measure,0.88,semantic-hybrid,True,title evidence with measure lexical cue,"[""occ_3a3f8ac45d4bc981a7a9""]",run_1f27e7f7434a9d682f85
term_bb45c816e772f714b53b,Share for transmission and distribution in the network cost for gas and electricity - annual data,measure,0.7732628933816955,semantic-hybrid,False,semantic centroid/neighbor measure fallback,"[""occ_96c9485490eda70f8ac4""]",run_1f27e7f7434a9d682f85
term_1b743ced7fa697781fea,Share of buses and trains in passenger transport,measure,0.88,semantic-hybrid,True,title evidence with measure lexical cue,"[""occ_fc8f836719beb0fd1a9b""]",run_1f27e7f7434a9d682f85
term_106fbb9de91742443101,Share of fossil fuels in gross available energy,measure,0.7662129821845154,semantic-hybrid,False,semantic centroid/neighbor measure fallback,"[""occ_1a5b8904129e5cd51bc0""]",run_1f27e7f7434a9d682f85
term_d9dc4d60cef3d7a1efdf,Share of GBARD in total general government expenditure,measure,0.88,semantic-hybrid,True,title evidence with measure lexical cue,"[""occ_f06c6716c7fdb0db1141""]",run_1f27e7f7434a9d682f85
term_2a32ac157368c6e14150,share of GDP,measure,0.88,semantic-hybrid,True,title evidence with measure lexical cue,"[""occ_214319565448b73f1071"", ""occ_4975978d69685ea12b32""]",run_1f27e7f7434a9d682f85
term_e507459835ecc5b5995d,share of GDP by,measure,0.88,semantic-hybrid,True,title evidence with measure lexical cue,"[""occ_bbe4283798c0303c6565""]",run_1f27e7f7434a9d682f85
term_deafa03ab49aa143b4d1,share of GDP by institutional,measure,0.88,semantic-hybrid,True,title evidence with measure lexical cue,"[""occ_4d13b68d3e5d0fbe373c""]",run_1f27e7f7434a9d682f85
term_67ecc6e022d123f7254f,share of GDP by institutional sectors,measure,0.88,semantic-hybrid,True,title evidence with measure lexical cue,"[""occ_71a700f76b3226e14910""]",run_1f27e7f7434a9d682f85
term_d5514a78d4d520b0d238,share of gross national income,measure,0.88,semantic-hybrid,True,title evidence with measure lexical cue,"[""occ_6fefd327b6d1964c54cc""]",run_1f27e7f7434a9d682f85
term_bf4f1712f66f3e838ec4,Share of non-wage costs (%),measure,0.7615854584445183,semantic-hybrid,False,semantic centroid/neighbor measure fallback,"[""occ_0e8869b10fc7a4edc715"", ""occ_10796c9b26ff0566f81d"", ""occ_18acc46fdf93a3840fa3"", ""occ_2243ee8850ade08bee41"", ""occ_26435d1df180d92ef97c"", ""occ_27c486a0958ac244d595"", ""occ_2defac0e93e31e27fdec"", ""occ_2f3933ed5a5a1f9989d2"", ""occ_33e35c5df093eafbad9e"", ""occ_3f538836be2d8c1f2721"", ""occ_4298bbf0e37dc72631f7"", ""occ_4d3c7876b855955ac850"", ""occ_5686505c53ab89c95c37"", ""occ_5780b1f1ac80061b8e80"", ""occ_61a190787b7d598a0c2e"", ""occ_641da0abcd1d7b45b3dd"", ""occ_66c11dbf70924a287a51"", ""occ_69d543c772f7fdd35f68"", ""occ_71363af8543a11c36ad2"", ""occ_828525704dc5594001d7"", ""occ_874f3f66a0d3a6730be1"", ""occ_8a55d79c6ba16f18e396"", ""occ_9713e71e500891ae6391"", ""occ_9effdc68cfda15adf24c"", ""occ_a071f711acb78582be35"", ""occ_a4698e8b59a06fb60123"", ""occ_a5ad5c4f3e9e3a92509f"", ""occ_a8b46b32da4445e34624"", ""occ_b20359ea3e3be8ece5da"", ""occ_b444253c924fcd27bbe6"", ""occ_b5ff372bfd70cda021d8"", ""occ_b715d0efa13609e35a02"", ""occ_ce4e7f07930f05d4bc41"", ""occ_db4caeaf95d5cc47117a"", ""occ_db7f1b8104d38d274888"", ""occ_e7fef2d6806bb4d10b1d"", ""occ_f335457295f767824722"", ""occ_f976cddac48ad95006ba"", ""occ_fd44db2c6d9ee688b8f3"", ""occ_fd724ad882bd86e1f48a""]",run_1f27e7f7434a9d682f85
term_afe7759e5baca150ea21,Share of organic crop area out of the total utilised agricultural area (UAA),measure,0.88,semantic-hybrid,True,title evidence with measure lexical cue,"[""occ_6ed81d873c3f4a86bf15""]",run_1f27e7f7434a9d682f85
term_f2f7044cf051e6ac588e,Share of people living in under-occupied dwellings by degree of urbanisation - total population,measure,0.88,semantic-hybrid,True,title evidence with measure lexical cue,"[""occ_5c791db044e2c1f81857""]",run_1f27e7f7434a9d682f85
term_3af505742b8264ff30b3,Share of people living in under-occupied dwellings by tenure status - total population,measure,0.88,semantic-hybrid,True,title evidence with measure lexical cue,"[""occ_e85348f468d286bcbeb6""]",run_1f27e7f7434a9d682f85
term_9219b150fcfd935fb3ce,Share of persons at risk of poverty or social exclusion by degree of urbanisation,measure,0.7622045985261953,semantic-hybrid,False,semantic centroid/neighbor measure fallback,"[""occ_41e60f57519f99f6bc27""]",run_1f27e7f7434a9d682f85
term_15284fef66542a1bfd20,share of platform income,measure,0.88,semantic-hybrid,True,title evidence with measure lexical cue,"[""occ_d9fdc60287b27e1156be""]",run_1f27e7f7434a9d682f85
term_823f0fdf459aef1fe7d0,Share of rail and waterways in freight transport,measure,0.88,semantic-hybrid,True,title evidence with measure lexical cue,"[""occ_11393dbbfedbe647807a""]",run_1f27e7f7434a9d682f85
term_5081f0ff5245efecd650,share of the bottom 40 % of the population,measure,0.88,semantic-hybrid,True,title evidence with measure lexical cue,"[""occ_fd3cc93b16c9d03b5f0e""]",run_1f27e7f7434a9d682f85
term_80455dd4d44f4767e874,Share of total population,measure,0.88,semantic-hybrid,True,title evidence with measure lexical cue,"[""occ_8af8041d1d21d144483c"", ""occ_b52381ab8d6bb2d91001"", ""occ_f09104ab5ae4eec98530"", ""occ_f48a66f17a7e2faae079""]",run_1f27e7f7434a9d682f85
term_41faeedd7b041a044d79,Share of total population considering,measure,0.88,semantic-hybrid,True,title evidence with measure lexical cue,"[""occ_3368ad3c03b8c19f53a7""]",run_1f27e7f7434a9d682f85
term_08d5545a0473f19ad5b7,Share of total population considering their,measure,0.88,semantic-hybrid,True,title evidence with measure lexical cue,"[""occ_92d40f478ff9c4a93ac5""]",run_1f27e7f7434a9d682f85
term_ca3e556b8229d28c125a,Share of total population considering their dwelling,measure,0.88,semantic-hybrid,True,title evidence with measure lexical cue,"[""occ_fbe35d48438413b645f0""]",run_1f27e7f7434a9d682f85
term_447987aba9d48a175769,Share of total population considering their dwelling as,measure,0.88,semantic-hybrid,True,title evidence with measure lexical cue,"[""occ_fe332446f09aff2feb81""]",run_1f27e7f7434a9d682f85
term_e2b8352ea0bd6d24d2a8,Share of total population considering their dwelling as too dark,measure,0.88,semantic-hybrid,True,title evidence with measure lexical cue,"[""occ_c24325e474294aa83249""]",run_1f27e7f7434a9d682f85
term_d6eb62d83d043213445a,Share of total population considering their dwelling as too dark - EU-SILC survey,measure,0.88,semantic-hybrid,True,title evidence with measure lexical cue,"[""occ_81a229fd977bd8164772""]",run_1f27e7f7434a9d682f85
term_5d2741922639805bf582,Share of total population having,measure,0.88,semantic-hybrid,True,title evidence with measure lexical cue,"[""occ_2be38af4e337bf8e735d""]",run_1f27e7f7434a9d682f85
term_1df00019bdb828ddf095,Share of total population having neither,measure,0.88,semantic-hybrid,True,title evidence with measure lexical cue,"[""occ_ccd7e99e188de06ee50b""]",run_1f27e7f7434a9d682f85
term_cf368a842b495b7fc459,Share of total population having neither a,measure,0.88,semantic-hybrid,True,title evidence with measure lexical cue,"[""occ_02f8b47f760481a86304""]",run_1f27e7f7434a9d682f85
term_3219d912fea37ba1e9b0,Share of total population having neither a bath,measure,0.88,semantic-hybrid,True,title evidence with measure lexical cue,"[""occ_e6fe6b8381fb63a958c2""]",run_1f27e7f7434a9d682f85
term_e240bb227d56e6e7f6a3,"Share of total population having neither a bath, nor a shower in their dwelling",measure,0.88,semantic-hybrid,True,title evidence with measure lexical cue,"[""occ_a52592f6806d8ec7d977""]",run_1f27e7f7434a9d682f85
term_658d47fb6d3c1b8c88df,"Share of total population having neither a bath, nor a shower in their dwelling - EU-SILC survey",measure,0.88,semantic-hybrid,True,title evidence with measure lexical cue,"[""occ_1ff8b89e16133698a05a""]",run_1f27e7f7434a9d682f85
term_e7242a05d66e2b6d1091,Share of total population living,measure,0.88,semantic-hybrid,True,title evidence with measure lexical cue,"[""occ_c1d36f2ccf423999961f""]",run_1f27e7f7434a9d682f85
term_9f0882218f89da0bfb25,Share of total population living in,measure,0.88,semantic-hybrid,True,title evidence with measure lexical cue,"[""occ_0b932961f587ce5e022f""]",run_1f27e7f7434a9d682f85
term_bcdced8cff50ca36756f,Share of total population living in a,measure,0.88,semantic-hybrid,True,title evidence with measure lexical cue,"[""occ_7be36fbdaa82d58b09c6""]",run_1f27e7f7434a9d682f85
term_6efda544720469ebcd9a,Share of total population living in a dwelling,measure,0.88,semantic-hybrid,True,title evidence with measure lexical cue,"[""occ_e080f16bc085120c3c7d""]",run_1f27e7f7434a9d682f85
term_0b83f07eaa7dd6ad6447,"Share of total population living in a dwelling with a leaking roof, damp walls, floors or foundation, or rot in window frames of floor",measure,0.88,semantic-hybrid,True,title evidence with measure lexical cue,"[""occ_27c1cebb2d92fa371d87""]",run_1f27e7f7434a9d682f85
term_7218e473cbfc459e7f00,"Share of total population living in a dwelling with a leaking roof, damp walls, floors or foundation, or rot in window frames of floor - EU-SILC survey",measure,0.88,semantic-hybrid,True,title evidence with measure lexical cue,"[""occ_54a4c479aa7598825de9""]",run_1f27e7f7434a9d682f85
term_f477bcd74940f7277b07,Share of total population not,measure,0.88,semantic-hybrid,True,title evidence with measure lexical cue,"[""occ_22fc3c4aff1cd1f8e1c6""]",run_1f27e7f7434a9d682f85
term_7718d2aa3dfdf6270cf9,Share of total population not having,measure,0.88,semantic-hybrid,True,title evidence with measure lexical cue,"[""occ_15e66ca92f548e764f3f""]",run_1f27e7f7434a9d682f85
term_a169d3a2cda39664e953,Share of total population not having indoor,measure,0.88,semantic-hybrid,True,title evidence with measure lexical cue,"[""occ_c51e9bd75f3d6dc3d0ca""]",run_1f27e7f7434a9d682f85
term_b38b6290d206a37f55ab,Share of total population not having indoor flushing,measure,0.88,semantic-hybrid,True,title evidence with measure lexical cue,"[""occ_70082b881a7e54d6071a""]",run_1f27e7f7434a9d682f85
term_5cdcf9cf1a2d52d3887b,Share of total population not having indoor flushing toilet for the sole use of their household,measure,0.88,semantic-hybrid,True,title evidence with measure lexical cue,"[""occ_ea0f8daa40d65da77bbe""]",run_1f27e7f7434a9d682f85
term_452027397b2cdcf36d77,Share of total population not having indoor flushing toilet for the sole use of their household - EU-SILC survey,measure,0.88,semantic-hybrid,True,title evidence with measure lexical cue,"[""occ_ef73d90f99f4ed008d0a""]",run_1f27e7f7434a9d682f85
term_a03bdea9a2c1ac178e82,"Short sea shipping - country level - gross weight of goods transported to/from main ports, by direction",measure,0.88,semantic-hybrid,True,title evidence with measure lexical cue,"[""occ_8f1a322a3fb6a6b2228b""]",run_1f27e7f7434a9d682f85
term_9a3dacd0972009bf63b3,"Short sea shipping - country level - volume (in TEUs) of containers transported to/from main ports, by loading status",measure,0.88,semantic-hybrid,True,title evidence with measure lexical cue,"[""occ_4ac63c63ddcc999f12d8""]",run_1f27e7f7434a9d682f85
term_c179b5f3ca305b4b45df,"Short sea shipping - EU level - gross weight of goods transported to/from main ports, by type of cargo for each sea region of partner ports",measure,0.88,semantic-hybrid,True,title evidence with measure lexical cue,"[""occ_f4d5fa5c8e69f2afb071""]",run_1f27e7f7434a9d682f85
term_5c6e5fa8989414a06ee9,similar income,measure,0.88,semantic-hybrid,True,title evidence with measure lexical cue,"[""occ_c2330c2ba94ed676c1cb""]",run_1f27e7f7434a9d682f85
term_55b587a10e088eb1faec,similar income by,measure,0.88,semantic-hybrid,True,title evidence with measure lexical cue,"[""occ_43559081588fb7b4707f""]",run_1f27e7f7434a9d682f85
term_c72d3350e732f5917b4e,similar income by product,measure,0.88,semantic-hybrid,True,title evidence with measure lexical cue,"[""occ_2a336ee0b923f85fa43b""]",run_1f27e7f7434a9d682f85
term_ca988434679493afba73,Single person without children earning 100% of the average earning,measure,0.76654183820992,semantic-hybrid,False,semantic centroid/neighbor measure fallback,"[""occ_02e6510cb52411962357"", ""occ_091df004c4252d01a39d"", ""occ_0f710bd39651ac04e039"", ""occ_138d6a17ba522d917dfd"", ""occ_23f9f32f7d8c122618d7"", ""occ_24123db6902489cce864"", ""occ_28326c424a3383649b9c"", ""occ_2c1c2eecd83b120302cd"", ""occ_2c3646b17665f8222b55"", ""occ_33168f5c6a253d6e642e"", ""occ_36a48fee2836146b3e19"", ""occ_395ffd6be193074ca5c9"", ""occ_5092c58adc20f0a10cca"", ""occ_56afcb3a425233d8888f"", ""occ_656fad93e867c2f49ae7"", ""occ_65aeb9e3b5aad0074548"", ""occ_7e925236ee2de00abf1b"", ""occ_80c1e1cdcc2d9a121340"", ""occ_812ccd7c4c090a128490"", ""occ_8ac071c534717eaad475"", ""occ_9229bc77a43dee92e0a1"", ""occ_93f5dc310dc3c16b9e3f"", ""occ_9f7f60845a250d7fd8d0"", ""occ_a00558b03d5887aa34e3"", ""occ_a7623091b2bfaf81b2f8"", ""occ_ab8f20078d3db51364fd"", ""occ_b37aa9ce765e2375cd08"", ""occ_b6ff36b50a5751ee1550"", ""occ_be05c922e1b93baa872c"", ""occ_c54bbfd5420ae6ff7619"", ""occ_cf0ccdbdaa1281771bcd"", ""occ_d5908e7ef1e58c4efbf2"", ""occ_d7ccfdcde354293bb8b0"", ""occ_edbd08c7f9b46fd2992d"", ""occ_f3e19cd56c5b15ac7371"", ""occ_f520e6ec15849f80789c"", ""occ_fc19ac86324c019b1a66"", ""occ_fe5e2ba754305a541048"", ""occ_fe6c89aff94916aa3e1b""]",run_1f27e7f7434a9d682f85
term_0158e7acf3e0e855940c,sludge production,measure,0.88,semantic-hybrid,True,title evidence with measure lexical cue,"[""occ_51ca5c1a0bd6bdfa34d1""]",run_1f27e7f7434a9d682f85
term_074789650970705ac4fa,sludge production and,measure,0.88,semantic-hybrid,True,title evidence with measure lexical cue,"[""occ_da25c554f65accc8466a""]",run_1f27e7f7434a9d682f85
term_60ca7a13b6dd8332b8a1,sludge production and disposal,measure,0.88,semantic-hybrid,True,title evidence with measure lexical cue,"[""occ_6e714a93de2d522c30c6""]",run_1f27e7f7434a9d682f85
term_f74372284131b3e1173e,sludge production and disposal from,measure,0.88,semantic-hybrid,True,title evidence with measure lexical cue,"[""occ_a295c0f838b986f45fc4""]",run_1f27e7f7434a9d682f85
term_dee9edf82d88bead0a57,sludge production and disposal from urban,measure,0.88,semantic-hybrid,True,title evidence with measure lexical cue,"[""occ_dc156b851bffc683c331""]",run_1f27e7f7434a9d682f85
term_5af29972fb9b0a9b390f,sludge production and disposal from urban wastewater,measure,0.88,semantic-hybrid,True,title evidence with measure lexical cue,"[""occ_7245bfe7898cd4724116""]",run_1f27e7f7434a9d682f85
term_388002bf417a9f6c3150,social deprivation rate by,measure,0.7628125217365977,semantic-hybrid,False,semantic centroid/neighbor measure fallback,"[""occ_253e3268bc9aaf2e92cc"", ""occ_843748edf8490ce08838"", ""occ_b2bf18dc94f0d719f2ff"", ""occ_e8935f3f22a14707439a""]",run_1f27e7f7434a9d682f85
term_843dc3e32ebe348ba6d7,Social protection expenditure,measure,0.88,semantic-hybrid,True,title evidence with measure lexical cue,"[""occ_e036fc6668258ea22efd""]",run_1f27e7f7434a9d682f85
term_5415c5170554bfb01f50,Social protection expenditure excluding,measure,0.88,semantic-hybrid,True,title evidence with measure lexical cue,"[""occ_22b56801d0bd63e92c02""]",run_1f27e7f7434a9d682f85
term_c5cc3e7f4a25da12cf5d,Social protection expenditure excluding administrative,measure,0.88,semantic-hybrid,True,title evidence with measure lexical cue,"[""occ_e6096ecf66409f3e54c5""]",run_1f27e7f7434a9d682f85
term_c4ea77c53139d8fdba20,Social protection expenditure excluding administrative costs,measure,0.88,semantic-hybrid,True,title evidence with measure lexical cue,"[""occ_995f3c3d0b6d61656a31""]",run_1f27e7f7434a9d682f85
term_45536b85aaeb40e37e2d,Social protection expenditure excluding administrative costs (including,measure,0.88,semantic-hybrid,True,title evidence with measure lexical cue,"[""occ_38e7c1785b02491feb1b""]",run_1f27e7f7434a9d682f85
term_77b9b6583cfda946f76b,Social protection expenditure excluding administrative costs (including health,measure,0.88,semantic-hybrid,True,title evidence with measure lexical cue,"[""occ_5e278b8613c5c373f9a3""]",run_1f27e7f7434a9d682f85
term_3bdd979f3dc7ba4e0a66,Social protection expenditure excluding administrative costs (including health expenditure),measure,0.88,semantic-hybrid,True,title evidence with measure lexical cue,"[""occ_81bf570695a4930bce18""]",run_1f27e7f7434a9d682f85
term_d5170af9bd18d3defe26,Social protection expenditure excluding administrative costs (including health expenditure) - % of GDP - ENP-East countries,measure,0.88,semantic-hybrid,True,title evidence with measure lexical cue,"[""occ_f80b8c93503490dd2cf0""]",run_1f27e7f7434a9d682f85
term_4593123078fd8806a395,social protection per inhabitant at constant prices,measure,0.88,semantic-hybrid,True,title evidence with measure lexical cue,"[""occ_269f50a942a385bd5eac""]",run_1f27e7f7434a9d682f85
term_94ce34dd29de251ebb4f,social transfers on income,measure,0.88,semantic-hybrid,True,title evidence with measure lexical cue,"[""occ_02364a7930a57483c641"", ""occ_bcd8b84da5f968b3641c""]",run_1f27e7f7434a9d682f85
term_9ac6bef6e5b38b9f3db1,social transfers on income quintile,measure,0.88,semantic-hybrid,True,title evidence with measure lexical cue,"[""occ_273c313c7e5ed6a6cfe0"", ""occ_2b11902e95b362148163""]",run_1f27e7f7434a9d682f85
term_faf12c2220db300b97ec,social transfers on income quintile share,measure,0.88,semantic-hybrid,True,title evidence with measure lexical cue,"[""occ_9ae9da1fcba9cdbc0c12""]",run_1f27e7f7434a9d682f85
term_106c42ddbd54c6faa245,social transfers on income quintile share ratio,measure,0.88,semantic-hybrid,True,title evidence with measure lexical cue,"[""occ_b7db1cd0878eec6fb307""]",run_1f27e7f7434a9d682f85
term_c6d52f06a907434b71f6,social transfers on income quintile share ratio S80/S20,measure,0.88,semantic-hybrid,True,title evidence with measure lexical cue,"[""occ_27cb302ca23139eabb16""]",run_1f27e7f7434a9d682f85
term_d60183a67f0678badef9,specific material deprivation rate,measure,0.7926709602275035,semantic-hybrid,False,semantic centroid/neighbor measure fallback,"[""occ_09f5942d97ef03be5d59"", ""occ_2a77bc0bbee10c330644"", ""occ_e4a6d9f9f5144a367f33""]",run_1f27e7f7434a9d682f85
term_e1153fe423ad0b6200d8,specific material deprivation rate by,measure,0.798052391982232,semantic-hybrid,False,semantic centroid/neighbor measure fallback,"[""occ_651a482f3ce3d567113b"", ""occ_6e5aa4afaecc25b91a64"", ""occ_e8e7b6c471a47436096b""]",run_1f27e7f7434a9d682f85
term_826afe9774e58152accd,specific material deprivation rate by age,measure,0.7981655763467462,semantic-hybrid,False,semantic centroid/neighbor measure fallback,"[""occ_936cc4f17d09e04f6b55""]",run_1f27e7f7434a9d682f85
term_ee99aa7c2e060d5918c3,specific material deprivation rate by educational,measure,0.778603497123997,semantic-hybrid,False,semantic centroid/neighbor measure fallback,"[""occ_a103f9a4c8c326601192""]",run_1f27e7f7434a9d682f85
term_731f33b42437591e1ab6,specific material deprivation rate by educational attainment,measure,0.7760990017769681,semantic-hybrid,False,semantic centroid/neighbor measure fallback,"[""occ_4da225c7316da5978336""]",run_1f27e7f7434a9d682f85
term_fcf82ca509770be72aa3,specific material deprivation rate by educational attainment level,measure,0.7702197661125721,semantic-hybrid,False,semantic centroid/neighbor measure fallback,"[""occ_42f5eea82850e07527b9""]",run_1f27e7f7434a9d682f85
term_7f2ea0866fe5ecad4cb6,specific material deprivation rate by household,measure,0.7977667302027677,semantic-hybrid,False,semantic centroid/neighbor measure fallback,"[""occ_665daa4917897c7aab25""]",run_1f27e7f7434a9d682f85
term_44da3f2ea40bfaf6acc2,specific material deprivation rate by household composition,measure,0.795936371168776,semantic-hybrid,False,semantic centroid/neighbor measure fallback,"[""occ_16b5ac1be6ec7d9a7af3""]",run_1f27e7f7434a9d682f85
term_fd4dc777b67e6d3b80bf,"spelt by area, production",measure,0.88,semantic-hybrid,True,title evidence with measure lexical cue,"[""occ_7ec75432e55843163751""]",run_1f27e7f7434a9d682f85
term_e8d98fd34618525cd84a,"spelt by area, production and",measure,0.88,semantic-hybrid,True,title evidence with measure lexical cue,"[""occ_33da64884af3f478fabf""]",run_1f27e7f7434a9d682f85
term_14f592a3391d2118c666,"spring cereal mixtures by area, production",measure,0.88,semantic-hybrid,True,title evidence with measure lexical cue,"[""occ_e48095ebab4e1334ae86""]",run_1f27e7f7434a9d682f85
term_ca55e3442970ae710ede,"spring cereal mixtures by area, production and",measure,0.88,semantic-hybrid,True,title evidence with measure lexical cue,"[""occ_e39f4277be0a25caca03""]",run_1f27e7f7434a9d682f85
term_07514533b5ae99ca6fd1,"spring cereal mixtures by area, production and humidity",measure,0.88,semantic-hybrid,True,title evidence with measure lexical cue,"[""occ_6e6aea69ecda5208aef5""]",run_1f27e7f7434a9d682f85
term_3bbb0c916e591822ce79,Standardised death,measure,0.88,semantic-hybrid,True,title evidence with measure lexical cue,"[""occ_1cb38723bea68ca49b3b"", ""occ_282f41fbcfaf80af5e06""]",run_1f27e7f7434a9d682f85
term_3ef84bdf9a007911d2a4,Standardised death rate,measure,0.88,semantic-hybrid,True,title evidence with measure lexical cue,"[""occ_6ee6c5f4b6e51ca1778b"", ""occ_8ecae551e048b938ef1a""]",run_1f27e7f7434a9d682f85
term_597245a0516114ea832b,Standardised death rate due,measure,0.88,semantic-hybrid,True,title evidence with measure lexical cue,"[""occ_07f6670e274674e2b0bd"", ""occ_12e83b6976c1bb19f5d9""]",run_1f27e7f7434a9d682f85
term_008e6fe3e17226550c91,Standardised death rate due to,measure,0.88,semantic-hybrid,True,title evidence with measure lexical cue,"[""occ_7955840740e585ac3de5"", ""occ_8fd69ec467f3bc806ec0""]",run_1f27e7f7434a9d682f85
term_569c5919b5d8d66d1d71,Standardised death rate due to homicide,measure,0.88,semantic-hybrid,True,title evidence with measure lexical cue,"[""occ_bcaa8b5e16473ae88294""]",run_1f27e7f7434a9d682f85
term_5f0699cc81da2388ccc9,Standardised death rate due to homicide by,measure,0.88,semantic-hybrid,True,title evidence with measure lexical cue,"[""occ_3ed34039bb18c6f6bb97""]",run_1f27e7f7434a9d682f85
term_908f14554d236f99c580,Standardised death rate due to homicide by sex,measure,0.88,semantic-hybrid,True,title evidence with measure lexical cue,"[""occ_a1fa0b7e9b7c5fea43b5""]",run_1f27e7f7434a9d682f85
term_4eb8afadab42c4d45474,Standardised death rate due to tuberculosis,measure,0.88,semantic-hybrid,True,title evidence with measure lexical cue,"[""occ_e75ff76d95516dc5a236""]",run_1f27e7f7434a9d682f85
term_ff5897be2c41511804d1,"Standardised death rate due to tuberculosis, HIV",measure,0.88,semantic-hybrid,True,title evidence with measure lexical cue,"[""occ_28957eca58664bd036b1""]",run_1f27e7f7434a9d682f85
term_de09930e254a17a4c9b9,"Standardised death rate due to tuberculosis, HIV and",measure,0.88,semantic-hybrid,True,title evidence with measure lexical cue,"[""occ_891c389dcb9ce848b7ff""]",run_1f27e7f7434a9d682f85
term_2f610bfeb326156a6008,"Standardised death rate due to tuberculosis, HIV and hepatitis by type of disease",measure,0.88,semantic-hybrid,True,title evidence with measure lexical cue,"[""occ_1f17d7c2c9df747fd626""]",run_1f27e7f7434a9d682f85
term_2628c6a89a9f36655b7d,Standardised incidence rate of accidents at work by NACE Rev. 1.1 activity and employment status,measure,0.88,semantic-hybrid,True,title evidence with measure lexical cue,"[""occ_1fb78dbb58a09fb32bb3""]",run_1f27e7f7434a9d682f85
term_8d023410a558f1a9930d,status - total population,measure,0.88,semantic-hybrid,True,title evidence with measure lexical cue,"[""occ_191cabcddaeb5220da56""]",run_1f27e7f7434a9d682f85
term_7616e479539eaf90edc0,stay longer in employment,measure,0.88,semantic-hybrid,True,title evidence with measure lexical cue,"[""occ_8bc49d624254c44b5b98""]",run_1f27e7f7434a9d682f85
term_ad17035c074b8bf92bfb,Stock of vehicles by category - ENP-South countries,measure,0.763830703615897,semantic-hybrid,False,semantic centroid/neighbor measure fallback,"[""occ_6754258b392d2dc18149""]",run_1f27e7f7434a9d682f85
term_57613a21316ae6c25673,stocks in % of GDP,measure,0.88,semantic-hybrid,True,title evidence with measure lexical cue,"[""occ_80bd4ecd7ca54b02ff30"", ""occ_81c475961709d58050e7""]",run_1f27e7f7434a9d682f85
term_38613405a96806b56c02,"stocks) - annual data, % of GDP",measure,0.88,semantic-hybrid,True,title evidence with measure lexical cue,"[""occ_49e5e972d33f31ed68d1""]",run_1f27e7f7434a9d682f85
term_81d71c36ce39beb87a6b,Students in post-compulsory education - as % of the total population of post-compulsory school age,measure,0.88,semantic-hybrid,True,title evidence with measure lexical cue,"[""occ_530a75215b8dda3c7e4e""]",run_1f27e7f7434a9d682f85
term_52aecca62e5f12a655ba,students over the proportion of the population,measure,0.88,semantic-hybrid,True,title evidence with measure lexical cue,"[""occ_faa2e09cb03f376ad915""]",run_1f27e7f7434a9d682f85
term_8e277f48c308d41d29d3,students over the proportion of the population by,measure,0.88,semantic-hybrid,True,title evidence with measure lexical cue,"[""occ_216354b3cab4926d2606""]",run_1f27e7f7434a9d682f85
term_b273189676396d77047a,Subjective poverty by educational attainment level (population,measure,0.88,semantic-hybrid,True,title evidence with measure lexical cue,"[""occ_c62035e80582a7c3a1aa""]",run_1f27e7f7434a9d682f85
term_c689a28527e60b60fae8,Subjective poverty by educational attainment level (population aged,measure,0.88,semantic-hybrid,True,title evidence with measure lexical cue,"[""occ_bdc821bb7950cb30dc3d""]",run_1f27e7f7434a9d682f85
term_1525307af6e8b30b1efb,Subjective poverty by educational attainment level (population aged 18 and over),measure,0.88,semantic-hybrid,True,title evidence with measure lexical cue,"[""occ_6a0ad2d8f18fe69d000c""]",run_1f27e7f7434a9d682f85
term_8772b5a04d0c8a95ab58,Suicide death,measure,0.88,semantic-hybrid,True,title evidence with measure lexical cue,"[""occ_f489326ede79a99dd9ce""]",run_1f27e7f7434a9d682f85
term_d06036055256ea0940e0,Suicide death rate,measure,0.88,semantic-hybrid,True,title evidence with measure lexical cue,"[""occ_3d9fce144486bd7efd38""]",run_1f27e7f7434a9d682f85
term_46b7387b20814436807b,Suicide death rate by,measure,0.88,semantic-hybrid,True,title evidence with measure lexical cue,"[""occ_9e884c75fc325c63dcb1""]",run_1f27e7f7434a9d682f85
term_43e3db9d9a077820f932,Suicide death rate by age,measure,0.88,semantic-hybrid,True,title evidence with measure lexical cue,"[""occ_638a47553d54e0b5062c""]",run_1f27e7f7434a9d682f85
term_127015b9847860423017,Suicide death rate by age group,measure,0.88,semantic-hybrid,True,title evidence with measure lexical cue,"[""occ_3d985065c468a2e2fc43""]",run_1f27e7f7434a9d682f85
term_e1091dff3a46db296f02,"Supply to the domestic sector, households",measure,0.7906625742425222,semantic-hybrid,False,semantic centroid/neighbor measure fallback,"[""occ_3768a5fe861fd4a02f96"", ""occ_5b062c22d9fc10df8073"", ""occ_64743bcb4658923279b5"", ""occ_7a1d6daf23a19f41ebbd"", ""occ_7babea483aa39be7ebb5"", ""occ_ea60ece9d9dd169b5bfc"", ""occ_f0dae308c22e4c5a8c18""]",run_1f27e7f7434a9d682f85
term_7af0d078e201425b4217,Tax rate on low wage earners,measure,0.7751079335758364,semantic-hybrid,False,semantic centroid/neighbor measure fallback,"[""occ_1fc55a93a3500a09b441"", ""occ_e5b5276056f866ab5f22"", ""occ_e91357ee0888d094f1fe"", ""occ_ee0ffb3b8ac951b201b2""]",run_1f27e7f7434a9d682f85
term_94e539bb3aae76c937ca,Tax rate on low wage earners - Low,measure,0.7609469347901856,semantic-hybrid,False,semantic centroid/neighbor measure fallback,"[""occ_78d1aa8200a2a486e631""]",run_1f27e7f7434a9d682f85
term_efc9bcecc5b5ec90df56,Tax rate on low wage earners - Low wage,measure,0.7638769593506919,semantic-hybrid,False,semantic centroid/neighbor measure fallback,"[""occ_d0c5115c0f5f8637c380""]",run_1f27e7f7434a9d682f85
term_26770966c03912d7e4d6,Tax rate on low wage earners - Unemployment,measure,0.88,semantic-hybrid,True,title evidence with measure lexical cue,"[""occ_ada524174454cbcb7a8c"", ""occ_e4d0b2d45373b3ac5d85""]",run_1f27e7f7434a9d682f85
term_a9c7f2dcbb2456b21fef,Tax rate on low wage earners - Unemployment trap,measure,0.88,semantic-hybrid,True,title evidence with measure lexical cue,"[""occ_0d0834dbb681d58ac494"", ""occ_38e99cfe23a87732ff15""]",run_1f27e7f7434a9d682f85
term_44a1d072c76109f663bb,Tax rate on low wage earners: Tax,measure,0.7828848053706917,semantic-hybrid,False,semantic centroid/neighbor measure fallback,"[""occ_611e922d5653098259d6""]",run_1f27e7f7434a9d682f85
term_39510125c005607705c9,taxes and social transfers on income,measure,0.88,semantic-hybrid,True,title evidence with measure lexical cue,"[""occ_51e1f6201a902c74c923""]",run_1f27e7f7434a9d682f85
term_34a4733832b08b1d533b,taxes and social transfers on income quintile,measure,0.88,semantic-hybrid,True,title evidence with measure lexical cue,"[""occ_95e2d836ef7c05587093""]",run_1f27e7f7434a9d682f85
term_49529f1d64e479466d21,taxes and social transfers on income quintile share,measure,0.88,semantic-hybrid,True,title evidence with measure lexical cue,"[""occ_b822b62f70ef2963ce73""]",run_1f27e7f7434a9d682f85
term_21ce03d1806b619092f8,taxes on income,measure,0.88,semantic-hybrid,True,title evidence with measure lexical cue,"[""occ_c1150a654b6462e9f647""]",run_1f27e7f7434a9d682f85
term_939cf333e69475aeaae5,taxes on income quintile,measure,0.88,semantic-hybrid,True,title evidence with measure lexical cue,"[""occ_0de2e1fd2efb37899b62""]",run_1f27e7f7434a9d682f85
term_64fdc8f5a4aa6d64d8b9,taxes on income quintile share ratio S80/S20,measure,0.88,semantic-hybrid,True,title evidence with measure lexical cue,"[""occ_a59fdb4cb4a398e2b9b5""]",run_1f27e7f7434a9d682f85
term_7b052b81021fd76512dd,Taxes on production and imports,measure,0.7696202795578976,semantic-hybrid,False,semantic centroid/neighbor measure fallback,"[""occ_299823799ade108c8f69""]",run_1f27e7f7434a9d682f85
term_e6bce8bf9509e0091174,temporary employment,measure,0.88,semantic-hybrid,True,title evidence with measure lexical cue,"[""occ_f684152b84b28d0a4b6b""]",run_1f27e7f7434a9d682f85
term_7e0eb57270e13da0bb55,tenure status - total population,measure,0.88,semantic-hybrid,True,title evidence with measure lexical cue,"[""occ_9fad63b6b009ecb1681c""]",run_1f27e7f7434a9d682f85
term_0861fc84eecc384d6adc,"Territorialised road freight transport, by transport coverage",measure,0.88,semantic-hybrid,True,title evidence with measure lexical cue,"[""occ_b980ae00375802d7996c""]",run_1f27e7f7434a9d682f85
term_71d5be4aff0fb69bb056,"Territorialised road freight transport, by transport coverage - annual data",measure,0.88,semantic-hybrid,True,title evidence with measure lexical cue,"[""occ_14c0bcc0fb6df4b4da9d""]",run_1f27e7f7434a9d682f85
term_c9f39af0ac8c7b978b40,tertiary students over the proportion of the population,measure,0.88,semantic-hybrid,True,title evidence with measure lexical cue,"[""occ_2f65c20d9b4d4b740179""]",run_1f27e7f7434a9d682f85
term_044782592ef0edee5998,than main residence by income,measure,0.88,semantic-hybrid,True,title evidence with measure lexical cue,"[""occ_3835dd332a2e9046299c""]",run_1f27e7f7434a9d682f85
term_f5f9471d60644b8cc0a6,than main residence by income quantile,measure,0.88,semantic-hybrid,True,title evidence with measure lexical cue,"[""occ_1c960ab2b20309a7ec04""]",run_1f27e7f7434a9d682f85
term_318bd0b569e40353244d,the agricultural industry - basic and producer prices,measure,0.88,semantic-hybrid,True,title evidence with measure lexical cue,"[""occ_9cdc89c66b76d38f8dab""]",run_1f27e7f7434a9d682f85
term_f8ddeb4660cc8e1117fc,the at-risk-of-poverty rate by,measure,0.7635585268195708,semantic-hybrid,False,semantic centroid/neighbor measure fallback,"[""occ_636b09fc28df1550feb3""]",run_1f27e7f7434a9d682f85
term_e8e86fa009dd2f3584fd,the bottom 40 % of the population,measure,0.88,semantic-hybrid,True,title evidence with measure lexical cue,"[""occ_849c8e0f8ad33d6a7892""]",run_1f27e7f7434a9d682f85
term_f2eab0b7e97d6019493b,the households with income,measure,0.88,semantic-hybrid,True,title evidence with measure lexical cue,"[""occ_b36b878be2593e1cb281""]",run_1f27e7f7434a9d682f85
term_43973bbc87b4b28a7bff,the households with income from,measure,0.88,semantic-hybrid,True,title evidence with measure lexical cue,"[""occ_1c18d282c044fc3cc2e8""]",run_1f27e7f7434a9d682f85
term_fa896e4d8826a1178303,the households with income from benefits,measure,0.88,semantic-hybrid,True,title evidence with measure lexical cue,"[""occ_063aa0ee1802df93bb51""]",run_1f27e7f7434a9d682f85
term_04ba690faa20e3daaba9,the ICT sector in Gross value added,measure,0.88,semantic-hybrid,True,title evidence with measure lexical cue,"[""occ_2ff65370e1d7672d129e"", ""occ_6009bfabe0c33ba395fe""]",run_1f27e7f7434a9d682f85
term_39c65c4f5b08f2a41fd1,the ICT sector personnel in total employment,measure,0.88,semantic-hybrid,True,title evidence with measure lexical cue,"[""occ_627c30e600dcebd9dbe8"", ""occ_dc3cf72cace1ece239be""]",run_1f27e7f7434a9d682f85
term_9362dd146866eddaaa37,the income from agricultural,measure,0.88,semantic-hybrid,True,title evidence with measure lexical cue,"[""occ_c5f806892bf2e48b2472""]",run_1f27e7f7434a9d682f85
term_7b2ecdfa3edf996c4435,the income from agricultural activity,measure,0.88,semantic-hybrid,True,title evidence with measure lexical cue,"[""occ_a2a50a1fc1660844886e""]",run_1f27e7f7434a9d682f85
term_7e8bb88e28246ecb214a,the last month) by price,measure,0.88,semantic-hybrid,True,title evidence with measure lexical cue,"[""occ_6b9e36e71ca36a789572""]",run_1f27e7f7434a9d682f85
term_aa6bce6af0a883be61cd,the last month) by price setting,measure,0.88,semantic-hybrid,True,title evidence with measure lexical cue,"[""occ_1a692f06d7469d8e3314""]",run_1f27e7f7434a9d682f85
term_3732362def3b4b70ed64,the last month) by price setting - experimental,measure,0.88,semantic-hybrid,True,title evidence with measure lexical cue,"[""occ_fd4690aaa0f6db00ed37""]",run_1f27e7f7434a9d682f85
term_88ccecc5f4f65fcce17d,the last month) by price setting - experimental statistics,measure,0.88,semantic-hybrid,True,title evidence with measure lexical cue,"[""occ_9b9424d0b7d63d012367""]",run_1f27e7f7434a9d682f85
term_b42ac6f8addb2ea95a0c,the last month) by share of platform income,measure,0.88,semantic-hybrid,True,title evidence with measure lexical cue,"[""occ_0a597a4bc26d21bdb2fa""]",run_1f27e7f7434a9d682f85
term_69f2758269a67e1f4e4f,the production of grain,measure,0.88,semantic-hybrid,True,title evidence with measure lexical cue,"[""occ_d3815bbf66b6b1ca2a43""]",run_1f27e7f7434a9d682f85
term_87be707fb27e8b853d8b,the production of grain (including,measure,0.88,semantic-hybrid,True,title evidence with measure lexical cue,"[""occ_19559f5129ed4583dd95""]",run_1f27e7f7434a9d682f85
term_773dfdc5853bc3621480,the proportion of the population,measure,0.88,semantic-hybrid,True,title evidence with measure lexical cue,"[""occ_d884e9a41f4e6cfb1397""]",run_1f27e7f7434a9d682f85
term_15f2aae7ef0e9256f0c7,the proportion of the population by,measure,0.88,semantic-hybrid,True,title evidence with measure lexical cue,"[""occ_52d681ea68ee90912302""]",run_1f27e7f7434a9d682f85
term_9cb9a9cf4ef3814336d2,the proportion of the population by NUTS,measure,0.88,semantic-hybrid,True,title evidence with measure lexical cue,"[""occ_e974638ba91fa965c0c7""]",run_1f27e7f7434a9d682f85
term_e57144591d83c5655fa4,the proportion of the population by NUTS 1,measure,0.88,semantic-hybrid,True,title evidence with measure lexical cue,"[""occ_1b463556db2c1fe5d942""]",run_1f27e7f7434a9d682f85
term_62972da9457f55c9ed3b,The real gross disposable income,measure,0.88,semantic-hybrid,True,title evidence with measure lexical cue,"[""occ_7bceaaafc6ffd4e5cb2a""]",run_1f27e7f7434a9d682f85
term_186d878954019e11c916,The real gross disposable income of,measure,0.88,semantic-hybrid,True,title evidence with measure lexical cue,"[""occ_2db0564a4921ae107b0f""]",run_1f27e7f7434a9d682f85
term_1f7b2e98c2d43a0c510a,The real gross disposable income of households,measure,0.88,semantic-hybrid,True,title evidence with measure lexical cue,"[""occ_3f5d7e9f3bae7e45f036""]",run_1f27e7f7434a9d682f85
term_6b5ba02800b80afaed9b,The real gross disposable income of households per,measure,0.88,semantic-hybrid,True,title evidence with measure lexical cue,"[""occ_a4872181a98f4ff13422""]",run_1f27e7f7434a9d682f85
term_66732f938ee1a81097cf,The real gross disposable income of households per capita (index =),measure,0.88,semantic-hybrid,True,title evidence with measure lexical cue,"[""occ_780232b16aff917fffd7""]",run_1f27e7f7434a9d682f85
term_c82299a39661106cd30e,the relative income,measure,0.88,semantic-hybrid,True,title evidence with measure lexical cue,"[""occ_22f2ed2062b2daf78846"", ""occ_d674daf46047ecd2396a""]",run_1f27e7f7434a9d682f85
term_e41fba0e9ed8ed7ff00f,the total population,measure,0.88,semantic-hybrid,True,title evidence with measure lexical cue,"[""occ_e5b74b2d27bfbbf7a800""]",run_1f27e7f7434a9d682f85
term_798af1d5169e36af2fd7,the total utilised agricultural area,measure,0.88,semantic-hybrid,True,title evidence with measure lexical cue,"[""occ_90516f7bb1ae5784b09e""]",run_1f27e7f7434a9d682f85
term_d0c85bdd785a98b0971e,their parents by age group - % over the population,measure,0.88,semantic-hybrid,True,title evidence with measure lexical cue,"[""occ_7c9b371b75b5b4a3970b""]",run_1f27e7f7434a9d682f85
term_26d7050f4b7c5d987410,"threshold after social transfers, income",measure,0.88,semantic-hybrid,True,title evidence with measure lexical cue,"[""occ_ed95f8099609091fea3b""]",run_1f27e7f7434a9d682f85
term_5c6ff2f12a91290d5035,"threshold after social transfers, income per",measure,0.88,semantic-hybrid,True,title evidence with measure lexical cue,"[""occ_f8aaefe1fecb9b0f0e38""]",run_1f27e7f7434a9d682f85
term_a4d300508b48bcaf8a9c,"threshold after social transfers, income per month",measure,0.88,semantic-hybrid,True,title evidence with measure lexical cue,"[""occ_c9dde55a65d420fe8d3b""]",run_1f27e7f7434a9d682f85
term_065dab94730ed53848f1,"threshold after social transfers, income per month - ENP-East",measure,0.88,semantic-hybrid,True,title evidence with measure lexical cue,"[""occ_fed28b780ded671ab9c0""]",run_1f27e7f7434a9d682f85
term_c09b32d6edee8fcd861e,Time spent in unpaid forms of work (as main or secondary activity) by sex and form of work (and),measure,0.7899829551418294,semantic-hybrid,False,semantic centroid/neighbor measure fallback,"[""occ_5815afbd437b17ae8c81""]",run_1f27e7f7434a9d682f85
term_0909d04619556ce772ab,Time spent on travelling by mode of transport (and),measure,0.88,semantic-hybrid,True,title evidence with measure lexical cue,"[""occ_abfdb7ca764bdc03caf6""]",run_1f27e7f7434a9d682f85
term_6d0e6ab047a38c47141d,to consume by income,measure,0.88,semantic-hybrid,True,title evidence with measure lexical cue,"[""occ_c8cfea7649169d2e0500""]",run_1f27e7f7434a9d682f85
term_3808246c5f92451855e7,to consume by income quintile,measure,0.88,semantic-hybrid,True,title evidence with measure lexical cue,"[""occ_757cd3993de4fd958ce9""]",run_1f27e7f7434a9d682f85
term_91c2116b31adeec2e8e1,to consume by income quintile - experimental,measure,0.88,semantic-hybrid,True,title evidence with measure lexical cue,"[""occ_2583295c8d9e0fd8a132""]",run_1f27e7f7434a9d682f85
term_4f269b89c6af1978f0f3,to consume by income quintile - experimental statistics,measure,0.88,semantic-hybrid,True,title evidence with measure lexical cue,"[""occ_1e7786ce80dba920d4f5""]",run_1f27e7f7434a9d682f85
term_5c68ddc5bc7949a54824,to stay longer in employment,measure,0.88,semantic-hybrid,True,title evidence with measure lexical cue,"[""occ_ff8f62808dbd15d2dd80""]",run_1f27e7f7434a9d682f85
term_704dcc2acacd96a0c161,total active population,measure,0.88,semantic-hybrid,True,title evidence with measure lexical cue,"[""occ_b888c20e4667948f504d""]",run_1f27e7f7434a9d682f85
term_356d0234b345c6e87611,total agricultural production,measure,0.88,semantic-hybrid,True,title evidence with measure lexical cue,"[""occ_b3163b0c131812f2d0a3""]",run_1f27e7f7434a9d682f85
term_43564be0a5eea5c24b69,Total economy deficit/surplus,measure,0.8025171847729876,semantic-hybrid,False,semantic centroid/neighbor measure fallback,"[""occ_df458dc427ad4e3de599""]",run_1f27e7f7434a9d682f85
term_c4c3e8614d9033178466,Total economy deficit/surplus - ENP-South countries,measure,0.7625941036397405,semantic-hybrid,False,semantic centroid/neighbor measure fallback,"[""occ_00e351c81bade702dd76""]",run_1f27e7f7434a9d682f85
term_7abeb8703ab409b0c82a,total employment,measure,0.88,semantic-hybrid,True,title evidence with measure lexical cue,"[""occ_34e6fa4666505ef4251a"", ""occ_6103e86e390fdc1cb313"", ""occ_74250e76b52aedda8b42""]",run_1f27e7f7434a9d682f85
term_1aee84b981587860136d,Total employment by,measure,0.88,semantic-hybrid,True,title evidence with measure lexical cue,"[""occ_69b01bb192e26d405444""]",run_1f27e7f7434a9d682f85
term_9088f4540516244b7683,Total employment by age,measure,0.88,semantic-hybrid,True,title evidence with measure lexical cue,"[""occ_6e4119aa445eb16766de""]",run_1f27e7f7434a9d682f85
term_2277dced936ebe7e514b,Total employment by age group,measure,0.88,semantic-hybrid,True,title evidence with measure lexical cue,"[""occ_4f63f421dafa92991486""]",run_1f27e7f7434a9d682f85
term_5e02f5cbad20228dd8a5,Total employment by age group - ENP-South,measure,0.88,semantic-hybrid,True,title evidence with measure lexical cue,"[""occ_ad2ac0f2603125efdddd""]",run_1f27e7f7434a9d682f85
term_aa68604b0a18d14e8f75,Total employment by age group - ENP-South countries,measure,0.88,semantic-hybrid,True,title evidence with measure lexical cue,"[""occ_300099d7b1705677f2e5""]",run_1f27e7f7434a9d682f85
term_80c351509a73f759877c,total expenditure on,measure,0.88,semantic-hybrid,True,title evidence with measure lexical cue,"[""occ_73862babeff644c62dd4""]",run_1f27e7f7434a9d682f85
term_01243afb5bff93d1c883,total expenditure on law,measure,0.88,semantic-hybrid,True,title evidence with measure lexical cue,"[""occ_d36917b2deefbfbc1658""]",run_1f27e7f7434a9d682f85
term_d03e37d3ce2e3ceddfc4,total expenditure on law courts,measure,0.88,semantic-hybrid,True,title evidence with measure lexical cue,"[""occ_4074d898ce69876f517e""]",run_1f27e7f7434a9d682f85
term_3795e399a8db59ba6bc2,"Total financial sector liabilities, non-consolidated - annual data",measure,0.7692974431721218,semantic-hybrid,False,semantic centroid/neighbor measure fallback,"[""occ_8b7a556c8799dc16bfd7""]",run_1f27e7f7434a9d682f85
term_bd25b0bcde8e89b7a0d1,total investments by currencies,measure,0.7780868755376285,semantic-hybrid,False,semantic centroid/neighbor measure fallback,"[""occ_a14178d958652ca2b4b1""]",run_1f27e7f7434a9d682f85
term_57a6a94be9b2b2fa6913,total or current expenditure,measure,0.88,semantic-hybrid,True,title evidence with measure lexical cue,"[""occ_3e53d231c7ad9a4266b3""]",run_1f27e7f7434a9d682f85
term_3c9fa96e0ea4734d3b43,total population considering their dwelling as too dark,measure,0.88,semantic-hybrid,True,title evidence with measure lexical cue,"[""occ_8f6dbc01af8afdef127b""]",run_1f27e7f7434a9d682f85
term_e330276a8a3ca754d45a,total population having neither a bath,measure,0.88,semantic-hybrid,True,title evidence with measure lexical cue,"[""occ_e60437f905a4cc7963cd""]",run_1f27e7f7434a9d682f85
term_4cc6ebf999dad68a8f9e,total population living,measure,0.88,semantic-hybrid,True,title evidence with measure lexical cue,"[""occ_1e4a07d06c8d15842a42""]",run_1f27e7f7434a9d682f85
term_e0fcdb3a4d430a675b9a,total production,measure,0.88,semantic-hybrid,True,title evidence with measure lexical cue,"[""occ_3f285b082b2b37ebc0ff""]",run_1f27e7f7434a9d682f85
term_17de3ad210fc12eea8e5,total public expenditure,measure,0.88,semantic-hybrid,True,title evidence with measure lexical cue,"[""occ_2fab66dd6e5f1b68c903""]",run_1f27e7f7434a9d682f85
term_0eda309937b64b27072d,tourism for personal purposes - % of total population,measure,0.88,semantic-hybrid,True,title evidence with measure lexical cue,"[""occ_54b6eb7830d6402afc56""]",run_1f27e7f7434a9d682f85
term_9222de8e684308174d80,trade as a share of GDP,measure,0.88,semantic-hybrid,True,title evidence with measure lexical cue,"[""occ_ac839ade736a36968704""]",run_1f27e7f7434a9d682f85
term_1dc5e0606bb474ac82ce,trade balance of energy products - % of GDP,measure,0.88,semantic-hybrid,True,title evidence with measure lexical cue,"[""occ_739adad625408bbc9c49""]",run_1f27e7f7434a9d682f85
term_e1b596049119babf07b6,trade by reasons for cross trade and employment,measure,0.88,semantic-hybrid,True,title evidence with measure lexical cue,"[""occ_afb67cc34d37e86a6673""]",run_1f27e7f7434a9d682f85
term_db3d2184e41e13df139a,trade by type of cross trade and employment,measure,0.88,semantic-hybrid,True,title evidence with measure lexical cue,"[""occ_4a5b834d22ca481674c1""]",run_1f27e7f7434a9d682f85
term_37120015191d1aa16b69,trade volume of sales,measure,0.88,semantic-hybrid,True,title evidence with measure lexical cue,"[""occ_1f63f5c9b5aebeac31cf"", ""occ_5f12d8c707c05d608714"", ""occ_684152598eeede21594f"", ""occ_e0a0d9c498a2423fb315"", ""occ_ebfbd8b497a1986a28c1""]",run_1f27e7f7434a9d682f85
term_359fce9016fdbd7584e2,trade volume of sales - automotive,measure,0.88,semantic-hybrid,True,title evidence with measure lexical cue,"[""occ_0b9dd39916eaca1f0568""]",run_1f27e7f7434a9d682f85
term_a1341cf274ff7065762c,trade volume of sales - automotive fuel,measure,0.88,semantic-hybrid,True,title evidence with measure lexical cue,"[""occ_26f32f18e28b0c6a3eba""]",run_1f27e7f7434a9d682f85
term_00080afa275ee6134504,trade volume of sales - food,measure,0.88,semantic-hybrid,True,title evidence with measure lexical cue,"[""occ_873a7aa69eb14d6ae7f2""]",run_1f27e7f7434a9d682f85
term_67e354d727f67a0fc51b,"trade volume of sales - food, beverages",measure,0.88,semantic-hybrid,True,title evidence with measure lexical cue,"[""occ_1ba31d5e177e201637f4""]",run_1f27e7f7434a9d682f85
term_b98375f84162a754c496,"trade volume of sales - food, beverages and",measure,0.88,semantic-hybrid,True,title evidence with measure lexical cue,"[""occ_bb25d08d4c6ff49d11fd""]",run_1f27e7f7434a9d682f85
term_57321d0ec2a92434adeb,"trade volume of sales - food, beverages and tobacco",measure,0.88,semantic-hybrid,True,title evidence with measure lexical cue,"[""occ_32a62f82eb63f308dc5c""]",run_1f27e7f7434a9d682f85
term_7eebf25d735f9847c335,trade volume of sales - non,measure,0.88,semantic-hybrid,True,title evidence with measure lexical cue,"[""occ_9c840144dd497269e398""]",run_1f27e7f7434a9d682f85
term_3279776ebab6617468f1,trade volume of sales - non food,measure,0.88,semantic-hybrid,True,title evidence with measure lexical cue,"[""occ_e6ab4f866a3bdb04d4e0""]",run_1f27e7f7434a9d682f85
term_82aa6ebd7d25fe855d1b,trade volume of sales - total,measure,0.88,semantic-hybrid,True,title evidence with measure lexical cue,"[""occ_7f1b2500fe514c397c51""]",run_1f27e7f7434a9d682f85
term_fe9e54577f786c4d8212,trade volume of sales index,measure,0.88,semantic-hybrid,True,title evidence with measure lexical cue,"[""occ_b2f42eae4ab3cb4847ba""]",run_1f27e7f7434a9d682f85
term_9bbe83004876c546e0bd,trade volume of sales index (deflated,measure,0.88,semantic-hybrid,True,title evidence with measure lexical cue,"[""occ_ee2faed23aaa6cd1348b""]",run_1f27e7f7434a9d682f85
term_f0a0e3c59184a6e5a6e8,trade volume of sales index (deflated turnover,measure,0.88,semantic-hybrid,True,title evidence with measure lexical cue,"[""occ_843ba51360fcd5f47f3b""]",run_1f27e7f7434a9d682f85
term_f9f53bbe5fadf01e7745,trade volume of sales index (deflated turnover) - ENP-East,measure,0.88,semantic-hybrid,True,title evidence with measure lexical cue,"[""occ_6e889cd6688e1a6b76c9""]",run_1f27e7f7434a9d682f85
term_21084d4338a016398082,transactions - primary income,measure,0.88,semantic-hybrid,True,title evidence with measure lexical cue,"[""occ_8aa8fe4f7d2e0481210b""]",run_1f27e7f7434a9d682f85
term_a620012bfee2ca3b0dbf,transactions - primary income: credits,measure,0.88,semantic-hybrid,True,title evidence with measure lexical cue,"[""occ_6e411a2b7cf4afb1ed43""]",run_1f27e7f7434a9d682f85
term_0f03957637da5d6484a1,transactions - secondary income,measure,0.88,semantic-hybrid,True,title evidence with measure lexical cue,"[""occ_7e8e3243c5b610c1e38c""]",run_1f27e7f7434a9d682f85
term_5816702940598bd78da4,transactions - secondary income: credits,measure,0.88,semantic-hybrid,True,title evidence with measure lexical cue,"[""occ_f3d559afa9ffa927db32""]",run_1f27e7f7434a9d682f85
term_7bf6771c4dcfacaaefdc,"Transition from fixed term contracts to permanent contracts (annual averages of quarterly transitions, estimated probabilities)",measure,0.7721990972562109,semantic-hybrid,False,semantic centroid/neighbor measure fallback,"[""occ_7998f9c3969bed4839f8""]",run_1f27e7f7434a9d682f85
term_cf37fc168930f4e669ad,"Transition from fixed term contracts to permanent contracts (annual averages of quarterly transitions, estimated probabilities) - experimental statistics",measure,0.7661880830286724,semantic-hybrid,False,semantic centroid/neighbor measure fallback,"[""occ_66b80bfa9bfbadeeee7c""]",run_1f27e7f7434a9d682f85
term_2adca07660ceec2358ee,"Transition from part-time work to full-time work (annual averages of quarterly transitions, estimated probabilities)",measure,0.7923313579323521,semantic-hybrid,False,semantic centroid/neighbor measure fallback,"[""occ_37340b7e214338f5bd5e""]",run_1f27e7f7434a9d682f85
term_5fc109031b2973fcda0e,"Transition from part-time work to full-time work (annual averages of quarterly transitions, estimated probabilities) - experimental statistics",measure,0.7758454935778628,semantic-hybrid,False,semantic centroid/neighbor measure fallback,"[""occ_3db980308bc7673cf910""]",run_1f27e7f7434a9d682f85
term_b564e0d1aed572175790,transport enterprises by employment,measure,0.88,semantic-hybrid,True,title evidence with measure lexical cue,"[""occ_29e6182ebca1403954dd"", ""occ_be8b8490f3b08e56994b""]",run_1f27e7f7434a9d682f85
term_9b8762c816e716be2913,transport enterprises by employment size,measure,0.88,semantic-hybrid,True,title evidence with measure lexical cue,"[""occ_3d26b0cfb35580de2d60"", ""occ_51a3471923016736e255""]",run_1f27e7f7434a9d682f85
term_c9260c1b3cd0fde1bc70,transport enterprises by employment size classes,measure,0.88,semantic-hybrid,True,title evidence with measure lexical cue,"[""occ_618210410a745487a2d0""]",run_1f27e7f7434a9d682f85
term_6c9a9d2e454cddffcf48,transport relative to GDP,measure,0.88,semantic-hybrid,True,title evidence with measure lexical cue,"[""occ_080fa5d41580dc3ee4e9"", ""occ_33b51c009ea2da26df83"", ""occ_7b0e740959b4a4c5a0cf""]",run_1f27e7f7434a9d682f85
term_d040dbe16eb0f1ee303b,Turnover by client specialisation and employment,measure,0.88,semantic-hybrid,True,title evidence with measure lexical cue,"[""occ_425796a26f13156a4df2""]",run_1f27e7f7434a9d682f85
term_69607251abcfac269748,Turnover by client specialisation and employment size,measure,0.88,semantic-hybrid,True,title evidence with measure lexical cue,"[""occ_fdbea20df1ac5ea9c844""]",run_1f27e7f7434a9d682f85
term_a32ba4e10b1eca08f244,Turnover by client specialisation and employment size class,measure,0.88,semantic-hybrid,True,title evidence with measure lexical cue,"[""occ_19c21781f33c343700b6""]",run_1f27e7f7434a9d682f85
term_079dc425ae66ded53bbf,Turnover by nationality of client and employment,measure,0.88,semantic-hybrid,True,title evidence with measure lexical cue,"[""occ_b138c61ef9ef8f18515a""]",run_1f27e7f7434a9d682f85
term_acd15f40187702318797,Turnover by nationality of client and employment size,measure,0.88,semantic-hybrid,True,title evidence with measure lexical cue,"[""occ_aea0c35f8174b54ab4bd""]",run_1f27e7f7434a9d682f85
term_dcec609979d5cb0e0dbb,Turnover by nationality of client and employment size class,measure,0.88,semantic-hybrid,True,title evidence with measure lexical cue,"[""occ_fd4eb6281d40f38a06fc""]",run_1f27e7f7434a9d682f85
term_a682ce00b2e03280ac40,Turnover by nationality of client and NACE,measure,0.7743383222504272,semantic-hybrid,False,semantic centroid/neighbor measure fallback,"[""occ_c47639ce18d8bc8237b0""]",run_1f27e7f7434a9d682f85
term_9642f85673a9d986ffe3,Turnover by product specialisation and employment,measure,0.88,semantic-hybrid,True,title evidence with measure lexical cue,"[""occ_e3791cbd21aeb67a032c""]",run_1f27e7f7434a9d682f85
term_6cf9960ca4460aa8d3db,Turnover by product specialisation and employment size,measure,0.88,semantic-hybrid,True,title evidence with measure lexical cue,"[""occ_0aff519491a255be8466""]",run_1f27e7f7434a9d682f85
term_7c7c735f90c4055d1684,Turnover by product specialisation and employment size class,measure,0.88,semantic-hybrid,True,title evidence with measure lexical cue,"[""occ_f963d33fa320c482879e""]",run_1f27e7f7434a9d682f85
term_0fc1db91c993288de631,Turnover by product specialisation and employment size class for group 72.2,measure,0.88,semantic-hybrid,True,title evidence with measure lexical cue,"[""occ_9b522692a8b77ed096f3""]",run_1f27e7f7434a9d682f85
term_75f76f775536917faa12,Turnover by residence of client and economic,measure,0.7754963311802953,semantic-hybrid,False,semantic centroid/neighbor measure fallback,"[""occ_a9df81704ca016c926d6""]",run_1f27e7f7434a9d682f85
term_dc5dd4e83d9c376ef477,Turnover by residence of client and economic activity,measure,0.7809207269886094,semantic-hybrid,False,semantic centroid/neighbor measure fallback,"[""occ_8f44fa80737133ddbb7e""]",run_1f27e7f7434a9d682f85
term_4415c93d707baf4f1760,Turnover by type of client and employment,measure,0.88,semantic-hybrid,True,title evidence with measure lexical cue,"[""occ_24e9693930aa1b353ad3""]",run_1f27e7f7434a9d682f85
term_d7e5bc5205cb0366d726,Turnover by type of client and employment size,measure,0.88,semantic-hybrid,True,title evidence with measure lexical cue,"[""occ_72e291a7f168c2f8cdd9""]",run_1f27e7f7434a9d682f85
term_d586e925d2063811eb99,Turnover by type of client and employment size class,measure,0.88,semantic-hybrid,True,title evidence with measure lexical cue,"[""occ_e52ea3631d39b7a1c3a6""]",run_1f27e7f7434a9d682f85
term_62178217fde446812ca1,Turnover by type of client and NACE,measure,0.7787601373967228,semantic-hybrid,False,semantic centroid/neighbor measure fallback,"[""occ_bdde2dd8ffed16d81920""]",run_1f27e7f7434a9d682f85
term_f9cc30a66915d3042752,Turnover by type of client and NACE Rev,measure,0.7674839766312461,semantic-hybrid,False,semantic centroid/neighbor measure fallback,"[""occ_6a0540a66c88c6af31bc""]",run_1f27e7f7434a9d682f85
term_eeb8dbc04106e97419d1,Turnover by type of client and NACE Rev.1 at 3-digit level,measure,0.7617728007265768,semantic-hybrid,False,semantic centroid/neighbor measure fallback,"[""occ_b4a22101c318fdc5586d""]",run_1f27e7f7434a9d682f85
term_a388f7d67001bf53044b,Turnover in industry - capital goods,measure,0.7618959359489245,semantic-hybrid,False,semantic centroid/neighbor measure fallback,"[""occ_92b4d9dd432fef7729a3""]",run_1f27e7f7434a9d682f85
term_5ac111a9e43a949686d3,Turnover in industry - consumer,measure,0.7609415794017198,semantic-hybrid,False,semantic centroid/neighbor measure fallback,"[""occ_378c64d00e1fba399f9a"", ""occ_52dc3f1a6974dec0c2d2""]",run_1f27e7f7434a9d682f85
term_9aa3a58b4d21fb81c703,Turnover in industry - consumer non-durables,measure,0.7721061715205476,semantic-hybrid,False,semantic centroid/neighbor measure fallback,"[""occ_cb179f1b0590fcf5e41a""]",run_1f27e7f7434a9d682f85
term_07340a3d2ef10f77fc23,Turnover in industry - intermediate goods,measure,0.762528042503976,semantic-hybrid,False,semantic centroid/neighbor measure fallback,"[""occ_35d416ea29f8c517dcde""]",run_1f27e7f7434a9d682f85
term_2756c146dc08c1e9d2dd,turnover index - calendar adjusted - ENP-East countries,measure,0.7716927504207959,semantic-hybrid,False,semantic centroid/neighbor measure fallback,"[""occ_1ea061e08f2a49614fd6""]",run_1f27e7f7434a9d682f85
term_88d2a246962189020560,type of client and employment,measure,0.88,semantic-hybrid,True,title evidence with measure lexical cue,"[""occ_ee8a148185c39c433d99""]",run_1f27e7f7434a9d682f85
term_719cc8c6c4ec702c2287,type of client and employment size,measure,0.88,semantic-hybrid,True,title evidence with measure lexical cue,"[""occ_cf1f3b6d45f6ae489b99""]",run_1f27e7f7434a9d682f85
term_fc7f56a1d1803142a469,type of cross trade and employment,measure,0.88,semantic-hybrid,True,title evidence with measure lexical cue,"[""occ_11df7302cf65b449b428""]",run_1f27e7f7434a9d682f85
term_3e8bec2347746ff65343,type of cross trade and employment size,measure,0.88,semantic-hybrid,True,title evidence with measure lexical cue,"[""occ_556324d78a4ab1435bb7""]",run_1f27e7f7434a9d682f85
term_1f5879d2f80e156e6252,type of cross trade and employment size class,measure,0.88,semantic-hybrid,True,title evidence with measure lexical cue,"[""occ_017962971c4f4b4e5acf""]",run_1f27e7f7434a9d682f85
term_9e519166d26308152015,under-occupied dwellings by degree of urbanisation - total population,measure,0.88,semantic-hybrid,True,title evidence with measure lexical cue,"[""occ_2e676f67297f447c6055""]",run_1f27e7f7434a9d682f85
term_cfe527ce6f4f29eb1fc5,under-occupied dwellings by tenure status - total population,measure,0.88,semantic-hybrid,True,title evidence with measure lexical cue,"[""occ_13dee325726eac149831""]",run_1f27e7f7434a9d682f85
term_5a09eeac48b669d92b4d,Unemployment by sex,measure,0.7679710183982084,semantic-hybrid,False,semantic centroid/neighbor measure fallback,"[""occ_0701f601613e480df7c0"", ""occ_0d7d5b4b3eb604fe9651"", ""occ_3a10099d3f84ab76a27d""]",run_1f27e7f7434a9d682f85
term_873c2f57bdad55b9cd81,Unemployment by sex - age,measure,0.88,semantic-hybrid,True,title evidence with measure lexical cue,"[""occ_979304ab8fe44493c2df"", ""occ_f087adf670a816a3e59a""]",run_1f27e7f7434a9d682f85
term_00cb2905ea5b94066aec,Unemployment by sex - age group,measure,0.88,semantic-hybrid,True,title evidence with measure lexical cue,"[""occ_b8d402f8c30c273259d5"", ""occ_f217f7b240031dba369b""]",run_1f27e7f7434a9d682f85
term_1529764711dbbdad5438,Unemployment by sex - age group 15-24,measure,0.88,semantic-hybrid,True,title evidence with measure lexical cue,"[""occ_9179aa7b1d6fc90898c6""]",run_1f27e7f7434a9d682f85
term_93fc17aa9b69df511486,Unemployment by sex - age group 25-74,measure,0.88,semantic-hybrid,True,title evidence with measure lexical cue,"[""occ_51f045acb6bbd3831d1b""]",run_1f27e7f7434a9d682f85
term_01c1b94c37cfcd5003f2,Unemployment rate,measure,0.7666253860609316,semantic-hybrid,False,semantic centroid/neighbor measure fallback,"[""occ_00aa33101820bf53857f"", ""occ_031e2c0cdd2e846770fe"", ""occ_039e2afce76faef2dbe5"", ""occ_1317e85fd32791e94def"", ""occ_29bef4e30f2f3dec6dc1"", ""occ_33b1a54c81df719d5e14"", ""occ_353fc2ac777d409938dd"", ""occ_75750761aed473c44f31"", ""occ_97b08953e237b41467fd"", ""occ_a1587916ed4458d4e4f0"", ""occ_a2dcf7054ed1586a1543"", ""occ_cdca5b26a6cd2717b162"", ""occ_cde002b87a5a54ddb480"", ""occ_d678af2379f20237a954""]",run_1f27e7f7434a9d682f85
term_ae75ca48986612f28eef,unemployment rate - % of,measure,0.88,semantic-hybrid,True,title evidence with measure lexical cue,"[""occ_93393a321a68372ce42e""]",run_1f27e7f7434a9d682f85
term_02b4aae56ffe74bd43ab,unemployment rate - % of active,measure,0.88,semantic-hybrid,True,title evidence with measure lexical cue,"[""occ_8f3cd0e71ef31905d7f8""]",run_1f27e7f7434a9d682f85
term_ed472c78c07b85174857,unemployment rate - % of active population,measure,0.88,semantic-hybrid,True,title evidence with measure lexical cue,"[""occ_3e2f56c39a97f9fd6c8e""]",run_1f27e7f7434a9d682f85
term_dfdc19ee897c4c86d208,Unemployment rate - 3,measure,0.88,semantic-hybrid,True,title evidence with measure lexical cue,"[""occ_e8916136eb10385df1bb""]",run_1f27e7f7434a9d682f85
term_51873f08f4c8db137050,Unemployment rate - 3 year,measure,0.88,semantic-hybrid,True,title evidence with measure lexical cue,"[""occ_69da93882933c3ea955b""]",run_1f27e7f7434a9d682f85
term_79bdfae6a83ca066ae99,Unemployment rate - 3 year average,measure,0.88,semantic-hybrid,True,title evidence with measure lexical cue,"[""occ_5570e5a1e0b89ac9ca84""]",run_1f27e7f7434a9d682f85
term_b60d82f73787bd289e33,Unemployment rate - annual,measure,0.88,semantic-hybrid,True,title evidence with measure lexical cue,"[""occ_a560b2c89ab52b7c4956""]",run_1f27e7f7434a9d682f85
term_e41a8a27162e454712ee,Unemployment rate - annual data,measure,0.88,semantic-hybrid,True,title evidence with measure lexical cue,"[""occ_ce24470eccb03c7827a4""]",run_1f27e7f7434a9d682f85
term_56781cfb47f04a0e5143,Unemployment rate - quarterly,measure,0.88,semantic-hybrid,True,title evidence with measure lexical cue,"[""occ_7437dca9faec13fbd184""]",run_1f27e7f7434a9d682f85
term_26b40e564fd8c7cb6af6,Unemployment rate - quarterly data,measure,0.88,semantic-hybrid,True,title evidence with measure lexical cue,"[""occ_8ebb8fe94c5dd87229b2""]",run_1f27e7f7434a9d682f85
term_23189368f45402b86139,"Unemployment rate - quarterly data, seasonally",measure,0.88,semantic-hybrid,True,title evidence with measure lexical cue,"[""occ_402c814cf8208e23a334""]",run_1f27e7f7434a9d682f85
term_1af71f3547cf8a591b56,"Unemployment rate - quarterly data, seasonally adjusted",measure,0.88,semantic-hybrid,True,title evidence with measure lexical cue,"[""occ_5cd6f592638a0d12ce02""]",run_1f27e7f7434a9d682f85
term_e29ef5d63396715664c5,Unemployment rate by,measure,0.88,semantic-hybrid,True,title evidence with measure lexical cue,"[""occ_2f84f445b185e46b741e"", ""occ_70c041ae5835a46e77cc"", ""occ_7334d947e8d46dd07ed0"", ""occ_82af3f08115820a5814f"", ""occ_9837f66297e65236d9b0"", ""occ_af57db4fd4c1e017bba1"", ""occ_bccd73854f9effdbc19f"", ""occ_c8262123661b63c6f0a7""]",run_1f27e7f7434a9d682f85
term_42476eb4b7a4d61d3594,Unemployment rate by education,measure,0.88,semantic-hybrid,True,title evidence with measure lexical cue,"[""occ_ea3bcb04633e520fe4b7""]",run_1f27e7f7434a9d682f85
term_6a7ea42520f4578ca635,Unemployment rate by education level,measure,0.88,semantic-hybrid,True,title evidence with measure lexical cue,"[""occ_887d1654b18cdb6271e2""]",run_1f27e7f7434a9d682f85
term_f997642e9dc0a135337b,Unemployment rate by sex,measure,0.7740832708588975,semantic-hybrid,False,semantic centroid/neighbor measure fallback,"[""occ_073b7e27e8b2f9085a1b"", ""occ_465fd5b22edbd0162648"", ""occ_519c86a037ba4491f90d"", ""occ_8447d868b30405c6e698"", ""occ_b7ae05714385f44dbb39"", ""occ_db5f1f1b55a3bb13fcbb"", ""occ_ff1cacf6b2dad3e9582f""]",run_1f27e7f7434a9d682f85
term_734f17c1ab14ea7a6162,Unemployment rate by sex - age,measure,0.88,semantic-hybrid,True,title evidence with measure lexical cue,"[""occ_2551aeeb1c409ae5c589"", ""occ_cfec6b20fb5a3ce5ac18""]",run_1f27e7f7434a9d682f85
term_21541be03666d7374660,Unemployment rate by sex - age group,measure,0.88,semantic-hybrid,True,title evidence with measure lexical cue,"[""occ_495b0589a214a1c0f143"", ""occ_e84eddf5617d507df87a""]",run_1f27e7f7434a9d682f85
term_a37e7a638feff73a0a92,Unemployment rate by sex - age group 15-24,measure,0.88,semantic-hybrid,True,title evidence with measure lexical cue,"[""occ_d7c645780a76b0041fda""]",run_1f27e7f7434a9d682f85
term_a8ad46b0a7ab4a8761a8,Unemployment rate by sex - age group 25-74,measure,0.88,semantic-hybrid,True,title evidence with measure lexical cue,"[""occ_3042694e0caba6d1b7cf""]",run_1f27e7f7434a9d682f85
term_df7fb08d1c8a9934544e,"unemployment rate, % of",measure,0.88,semantic-hybrid,True,title evidence with measure lexical cue,"[""occ_c27f3e19e08fb710fb5f""]",run_1f27e7f7434a9d682f85
term_1c069fcdc64336a58bc7,"unemployment rate, % of active",measure,0.88,semantic-hybrid,True,title evidence with measure lexical cue,"[""occ_321c5e5deb3b349a6866""]",run_1f27e7f7434a9d682f85
term_91ba2169c2b45c01fcd1,"unemployment rate, % of active population",measure,0.88,semantic-hybrid,True,title evidence with measure lexical cue,"[""occ_1288c876e56b349878d6""]",run_1f27e7f7434a9d682f85
term_613e00d56a1e355c5457,"unemployment rate, % of active population aged",measure,0.88,semantic-hybrid,True,title evidence with measure lexical cue,"[""occ_719649982ba59cc47ac9""]",run_1f27e7f7434a9d682f85
term_a35d54d4f423bdc496bb,Unemployment rates,measure,0.88,semantic-hybrid,True,title evidence with measure lexical cue,"[""occ_98943b33144718cfa2e0"", ""occ_b4562862990a78f331e2"", ""occ_d50bd22dc2d9578d87b0"", ""occ_f0eaaec71f330a508944""]",run_1f27e7f7434a9d682f85
term_8c06b7d54970a678d1a5,Unemployment rates (persons,measure,0.88,semantic-hybrid,True,title evidence with measure lexical cue,"[""occ_67519aaf6997904db05a""]",run_1f27e7f7434a9d682f85
term_deaa71afe44b70a58001,Unemployment rates (persons aged,measure,0.88,semantic-hybrid,True,title evidence with measure lexical cue,"[""occ_d189efc2f2181ccccafa""]",run_1f27e7f7434a9d682f85
term_b329d64173d923defd59,Unemployment rates (persons aged 25-64,measure,0.88,semantic-hybrid,True,title evidence with measure lexical cue,"[""occ_693b15482b31d027443b""]",run_1f27e7f7434a9d682f85
term_3161eda6c167c671e21b,Unemployment rates (persons aged 25-64) by,measure,0.88,semantic-hybrid,True,title evidence with measure lexical cue,"[""occ_e343e7117c7ba211aed9""]",run_1f27e7f7434a9d682f85
term_2f1c3815c1e63fabd731,Unemployment rates (persons aged 25-64) by educational,measure,0.88,semantic-hybrid,True,title evidence with measure lexical cue,"[""occ_c6ce2214474211881b6e""]",run_1f27e7f7434a9d682f85
term_7d4315708720e4343f07,Unemployment rates (persons aged 25-64) by educational attainment,measure,0.88,semantic-hybrid,True,title evidence with measure lexical cue,"[""occ_20b4327313f61c5de2cb""]",run_1f27e7f7434a9d682f85
term_7a27f1dacce2f021d0c4,Unemployment rates (persons aged 25-64) by educational attainment level,measure,0.88,semantic-hybrid,True,title evidence with measure lexical cue,"[""occ_d7eb841ef0daabf291d5""]",run_1f27e7f7434a9d682f85
term_b32cb59be4e4664a9760,Unemployment rates by,measure,0.88,semantic-hybrid,True,title evidence with measure lexical cue,"[""occ_02667e921f79a91429d6"", ""occ_36c20b8fe480990adb0e"", ""occ_8bfada6d48a7b0825789""]",run_1f27e7f7434a9d682f85
term_7a202710c456e59bda55,Unemployment rates by sex,measure,0.88,semantic-hybrid,True,title evidence with measure lexical cue,"[""occ_0984f73e6ba716a5266a"", ""occ_1ffadb99b172e9c5c9bb"", ""occ_4cf37217335ef245d1b5""]",run_1f27e7f7434a9d682f85
term_da9cbead5a0a2ddde41a,unemployment rates by sex - ENP-East,measure,0.88,semantic-hybrid,True,title evidence with measure lexical cue,"[""occ_7a1dbb2d6ebd99aaa8db""]",run_1f27e7f7434a9d682f85
term_15f8fef86ed35e6dfbc0,unemployment rates by sex - ENP-East countries,measure,0.88,semantic-hybrid,True,title evidence with measure lexical cue,"[""occ_151732d9878373d3d52f""]",run_1f27e7f7434a9d682f85
term_2e8dda050012b0b68682,Unemployment rates by sex and,measure,0.88,semantic-hybrid,True,title evidence with measure lexical cue,"[""occ_918dd9d6402faf13f65e"", ""occ_f06eae2815515f286f62""]",run_1f27e7f7434a9d682f85
term_6740e82c105d11b93340,Unemployment rates by sex and age,measure,0.88,semantic-hybrid,True,title evidence with measure lexical cue,"[""occ_2ee9efbbdfb16480dcbb"", ""occ_d3617d3ba4e29ddbd663""]",run_1f27e7f7434a9d682f85
term_30878639017b37bed3e6,Unemployment rates by sex and age - ENP-East,measure,0.88,semantic-hybrid,True,title evidence with measure lexical cue,"[""occ_d16375bd2894f3164417""]",run_1f27e7f7434a9d682f85
term_c396f89acaee68a2c8bf,Unemployment rates by sex and age - ENP-East countries,measure,0.88,semantic-hybrid,True,title evidence with measure lexical cue,"[""occ_dff3cfb52f7b30d32463""]",run_1f27e7f7434a9d682f85
term_f406008a724a9324eae1,Unemployment rates by sex and age - ENP-South,measure,0.88,semantic-hybrid,True,title evidence with measure lexical cue,"[""occ_0b4572d0a850399a53ce""]",run_1f27e7f7434a9d682f85
term_3e78a36a740b5f059ecd,Unemployment rates by sex and age - ENP-South countries,measure,0.88,semantic-hybrid,True,title evidence with measure lexical cue,"[""occ_0f5a23a6e83f9ace32d8""]",run_1f27e7f7434a9d682f85
term_2e4fc0259449602208f6,unemployment ratio,measure,0.88,semantic-hybrid,True,title evidence with measure lexical cue,"[""occ_758588e2ba1aabb56cd6""]",run_1f27e7f7434a9d682f85
term_848ed6a2276ed35c7525,unemployment ratio (age,measure,0.88,semantic-hybrid,True,title evidence with measure lexical cue,"[""occ_f3c038b76f56fbb9fc9b""]",run_1f27e7f7434a9d682f85
term_d8058c34af0d84cb2072,unemployment ratio (age group,measure,0.88,semantic-hybrid,True,title evidence with measure lexical cue,"[""occ_675be554ac9d722c9013""]",run_1f27e7f7434a9d682f85
term_b4d61924b58313ee10f9,unemployment ratio (age group 15-24,measure,0.88,semantic-hybrid,True,title evidence with measure lexical cue,"[""occ_0f31b7bce874a05f002c""]",run_1f27e7f7434a9d682f85
term_608d058dd9f4afca7ce3,Unemployment trap,measure,0.88,semantic-hybrid,True,title evidence with measure lexical cue,"[""occ_44d5594be2f5fb1b8ac1"", ""occ_bffa491038106162234f""]",run_1f27e7f7434a9d682f85
term_745c8edf3dcd6c3340ce,Unit labour cost performance related to the euro area,measure,0.7746304116142525,semantic-hybrid,False,semantic centroid/neighbor measure fallback,"[""occ_54350f6a63a22a57328c""]",run_1f27e7f7434a9d682f85
term_69b576171d4d2c819645,Unit labour cost performance related to the euro area - annual data,measure,0.7799991652557435,semantic-hybrid,False,semantic centroid/neighbor measure fallback,"[""occ_2a25b9e833fec003067f""]",run_1f27e7f7434a9d682f85
term_ce0657cadd596a4ada9e,Unit value of exports,measure,0.7726112201540121,semantic-hybrid,False,semantic centroid/neighbor measure fallback,"[""occ_55eed23c3246584f5c51""]",run_1f27e7f7434a9d682f85
term_fa38f209e4b8c386f58c,Unitisation in maritime freight transport,measure,0.88,semantic-hybrid,True,title evidence with measure lexical cue,"[""occ_30520a272a2ff51c6a48""]",run_1f27e7f7434a9d682f85
term_8cd6e2e0f19af59b9a69,Unitisation in maritime freight transport - tonnes for gross weight of goods,measure,0.88,semantic-hybrid,True,title evidence with measure lexical cue,"[""occ_0d0f251c95e64e19d889""]",run_1f27e7f7434a9d682f85
term_3b2614c8b53e660d154a,Unitisation in rail freight transport- tonne-kilometre for gross-gross weight of goods,measure,0.88,semantic-hybrid,True,title evidence with measure lexical cue,"[""occ_4dc830bb5b5fac85b83f""]",run_1f27e7f7434a9d682f85
term_1eda2413fab212d2b53a,Unitisation in road freight transport,measure,0.88,semantic-hybrid,True,title evidence with measure lexical cue,"[""occ_0e0c3bb4be368559b2d6""]",run_1f27e7f7434a9d682f85
term_735f5b874e0e33937a24,Unitisation in road freight transport - tonne-kilometre for gross weight of goods,measure,0.88,semantic-hybrid,True,title evidence with measure lexical cue,"[""occ_d7ba521ad1779e1bc7a3""]",run_1f27e7f7434a9d682f85
term_c7b4b6d9a065c9bf8846,Unitisation in the different modes of transport,measure,0.88,semantic-hybrid,True,title evidence with measure lexical cue,"[""occ_3e6cc529e62c69994ade""]",run_1f27e7f7434a9d682f85
term_0cfd941ee23def242bc0,Unitisation in the different modes of transport - tonne-kilometre for gross weight of goods,measure,0.88,semantic-hybrid,True,title evidence with measure lexical cue,"[""occ_dd00656fc97f6a625697""]",run_1f27e7f7434a9d682f85
term_ada6f8ab141a96788083,Unitisation in waterways freight transport,measure,0.88,semantic-hybrid,True,title evidence with measure lexical cue,"[""occ_0cbcb77d451a839bf924""]",run_1f27e7f7434a9d682f85
term_c920190059a666a1895b,Unitisation in waterways freight transport - tonne-kilometre for gross-gross weight of goods,measure,0.88,semantic-hybrid,True,title evidence with measure lexical cue,"[""occ_77e297a021af19663fee""]",run_1f27e7f7434a9d682f85
term_d36391b4a5983cd8a397,upper-secondary education - as % of total active population,measure,0.88,semantic-hybrid,True,title evidence with measure lexical cue,"[""occ_7e4e93d4375f5ef40b46""]",run_1f27e7f7434a9d682f85
term_dcbb993e3839ddf8b8d9,urbanisation - total population,measure,0.88,semantic-hybrid,True,title evidence with measure lexical cue,"[""occ_c7d8e93b51a1169e0926""]",run_1f27e7f7434a9d682f85
term_aaf50cda1682e2356755,Use and risk of chemical pesticides,measure,0.88,semantic-hybrid,True,title evidence with measure lexical cue,"[""occ_ad971489b731038b1643""]",run_1f27e7f7434a9d682f85
term_5d85833799f0428631ec,use rate by material type,measure,0.7687728254337444,semantic-hybrid,False,semantic centroid/neighbor measure fallback,"[""occ_e90f01663e7953a3f4ad""]",run_1f27e7f7434a9d682f85
term_28770f63a072a2ce69c9,Usually resident population,measure,0.88,semantic-hybrid,True,title evidence with measure lexical cue,"[""occ_b5d2965743f70f9c4323""]",run_1f27e7f7434a9d682f85
term_0ff1208ad81c760179b0,Usually resident population on,measure,0.88,semantic-hybrid,True,title evidence with measure lexical cue,"[""occ_09278bbb1c49b498fd68""]",run_1f27e7f7434a9d682f85
term_40684f65280b522260b4,Usually resident population on 1,measure,0.88,semantic-hybrid,True,title evidence with measure lexical cue,"[""occ_7f472ac38685aedf58a5""]",run_1f27e7f7434a9d682f85
term_0b3b81a0f6a2a4f0bc27,Usually resident population on 1 January,measure,0.88,semantic-hybrid,True,title evidence with measure lexical cue,"[""occ_f8b12e4f40a6e3b9ad81""]",run_1f27e7f7434a9d682f85
term_17a8852bc5cd6995e13c,Vaccination against influenza of population,measure,0.88,semantic-hybrid,True,title evidence with measure lexical cue,"[""occ_4453bd597f5c7692574a""]",run_1f27e7f7434a9d682f85
term_e444adb860f5f2f33e63,Vaccination against influenza of population aged,measure,0.88,semantic-hybrid,True,title evidence with measure lexical cue,"[""occ_09c71fdd3edcbc49fbc8""]",run_1f27e7f7434a9d682f85
term_104632971bef340250ec,Vaccination against influenza of population aged 65,measure,0.88,semantic-hybrid,True,title evidence with measure lexical cue,"[""occ_feaddb060c2c791d1094""]",run_1f27e7f7434a9d682f85
term_4c9456193c6ad2943481,Vaccination against influenza of population aged 65 and,measure,0.88,semantic-hybrid,True,title evidence with measure lexical cue,"[""occ_a0c5a213bcb689aef81c""]",run_1f27e7f7434a9d682f85
term_2e8cbd82183180402590,Vaccination against influenza of population aged 65 and over,measure,0.88,semantic-hybrid,True,title evidence with measure lexical cue,"[""occ_e7776541556ecd6a7e2e""]",run_1f27e7f7434a9d682f85
term_8ac6e7ecaa7c2c712c20,value added,measure,0.88,semantic-hybrid,True,title evidence with measure lexical cue,"[""occ_038812b262a99bc709bd"", ""occ_04eae3cdc7089e1885a7"", ""occ_120e7e9a6f711c00af8c"", ""occ_184b76227279ac826bdf"", ""occ_2420de9f80fc4a177b95"", ""occ_280d63dc68c3d1cdf6e6"", ""occ_2e75a78ff27e1ec45575"", ""occ_372d00f540a634d32b59"", ""occ_45354ec65b2f860bfba3"", ""occ_5fd9e10c772f7b84e93d"", ""occ_66a0a66b7bf22459c77e"", ""occ_69d97ace1a3c1a0a54f5"", ""occ_701c98296ec0795d04c0"", ""occ_7440d20f9d317f1bf797"", ""occ_8226e6e59c0c08b96c25"", ""occ_8370608133b23cb6aab3"", ""occ_870f00bfdeb8ca1bf69a"", ""occ_8e6a87075c6cbdcb900c"", ""occ_96c0ce355c376999861c"", ""occ_ac25b00719db5ee9fb72"", ""occ_b6660823872cbe0afe9b"", ""occ_b82c20c03c0d52356562"", ""occ_b8d1fd920f265932530e"", ""occ_bf3f1f3bc31b45332722"", ""occ_ca4715f2feea836983ab"", ""occ_cec871b6aa1a0addd0b3"", ""occ_cf28a750b27e99f16965"", ""occ_dde0dd05791be4ed1712"", ""occ_e7c492cd5ac32aff9b57"", ""occ_eb076d760ca4ca0a236c"", ""occ_f0c6497f7f6c040324b3"", ""occ_f70210d740d657f0b8bf"", ""occ_f822a66f25174f4255d9"", ""occ_fa6587401a58de1da0e3""]",run_1f27e7f7434a9d682f85
term_9b8cc2f10b01ae3e5190,value added - NACE,measure,0.88,semantic-hybrid,True,title evidence with measure lexical cue,"[""occ_02246f3c65a79430ac2f"", ""occ_0a48465cdc0d43bc42b8"", ""occ_0b1a81e073b8a3e58b23"", ""occ_17c2e2cd380124271b2f"", ""occ_18d21c6107dcbd63d1ad"", ""occ_2115ef4d01dce7dce9e1"", ""occ_3af1bb529ebc19a93475"", ""occ_414b71ef99087c30fac0"", ""occ_4fc2884a2e1bb34708b9"", ""occ_524a02abc2cba0b1278c"", ""occ_7ba064e2737de47a24e6"", ""occ_7e82c8ca15ff1b73d08d"", ""occ_800db08428cc0c96325f"", ""occ_80e663b875a40afb3d69"", ""occ_9a9dd46acc00a70f4829"", ""occ_9b048c9c6780b3c74a0b"", ""occ_a065d96c50cadef85224"", ""occ_bb38a476a65d274de814"", ""occ_bc419c2e647b1f8e1864"", ""occ_c0a74913e6b9ae62d33a"", ""occ_d656f2eaf3337a94c37d"", ""occ_da2c1ed3fc543bcabcdc"", ""occ_ead53274242e10b2e5b7"", ""occ_f9a5c02cf770ef639794""]",run_1f27e7f7434a9d682f85
term_bff062d34267e3bfaab7,value added - NACE Rev,measure,0.88,semantic-hybrid,True,title evidence with measure lexical cue,"[""occ_02addf6c51af3ebdcea7"", ""occ_04816e6db5137661d6e6"", ""occ_09f9af0576d8aab469a7"", ""occ_157fe1fa30ed753faf5a"", ""occ_1842ef799a381f1a110a"", ""occ_209aa7bfb5e362f1bbb8"", ""occ_22b3d09264fbaec57b14"", ""occ_25fd98ede03834ebc0cf"", ""occ_369de7bfe01717d626e8"", ""occ_3ea861bb78bed61ba52f"", ""occ_4a72d08d2e0ed458a13c"", ""occ_7472fe8a858fcd6f3b52"", ""occ_8ca982ae776fc0a2533b"", ""occ_a3316249c265ec746dbe"", ""occ_a5bd4d684534366d5959"", ""occ_a67bb669918d40055dcb"", ""occ_b10a398fe5d3e8f9475c"", ""occ_c8ad39e52d92561335bf"", ""occ_cb6eaa55e116b7a78f34"", ""occ_d6996ee59611af4f4e14"", ""occ_e11aba8ac639e10a11d4"", ""occ_ea583706e25dd7d42d56"", ""occ_f8f80c8cc60b030a6897"", ""occ_fb2401ad9e89a3bf57c5""]",run_1f27e7f7434a9d682f85
term_e04a26b3ce03ddb713f3,value added - NACE Rev. 2,measure,0.88,semantic-hybrid,True,title evidence with measure lexical cue,"[""occ_0d3124e94d695d2b61a1"", ""occ_1b60b3300f799f2bac3e"", ""occ_219a889be921d0f55785"", ""occ_382e3bb59070cc1da8d0"", ""occ_3b2953af93cc5fb46906"", ""occ_4136abad400e8aad6f0c"", ""occ_41d942f2ccbb1162a004"", ""occ_5a209c208373baeb1720"", ""occ_60046bc8de501f262524"", ""occ_662c3b6d049f0d43a608"", ""occ_7dd27250db1b5da7812b"", ""occ_7e7294ddbf81cce1dcd8"", ""occ_7f90316420f8a2618be0"", ""occ_96c403ec7400498ab2f6"", ""occ_aa37390b058b0af9d2e4"", ""occ_af1c2895284284616774"", ""occ_b81c35b94212b05f8cfa"", ""occ_b9aead084cef8a50557b"", ""occ_c5475999a2f0dd6eb23c"", ""occ_cc75149ed0acaaacf93f"", ""occ_d16931c431d529995e16"", ""occ_df195097347d19528876"", ""occ_e207f2cf30bcf46fd823"", ""occ_f6fdb6ebdf64683e7eca""]",run_1f27e7f7434a9d682f85
term_d2016589edc0e8c2512a,value added - NACE Rev. 2: - current,measure,0.88,semantic-hybrid,True,title evidence with measure lexical cue,"[""occ_fa540ff762107b927a1a""]",run_1f27e7f7434a9d682f85
term_930326c2491ffc02176b,value added - NACE Rev. 2: - volumes,measure,0.88,semantic-hybrid,True,title evidence with measure lexical cue,"[""occ_20660b188b940bd9aaeb""]",run_1f27e7f7434a9d682f85
term_4604f5821b5006c3263e,value added - NACE Rev. 2: A,measure,0.88,semantic-hybrid,True,title evidence with measure lexical cue,"[""occ_9ba879bbfc807a59c7f8"", ""occ_b31bc74074ab83d13bd9""]",run_1f27e7f7434a9d682f85
term_4e0e22e3bcf1766acb3f,value added - NACE Rev. 2: A - volumes,measure,0.88,semantic-hybrid,True,title evidence with measure lexical cue,"[""occ_aa378ba909e2fe390ee2""]",run_1f27e7f7434a9d682f85
term_9150164ba6c6599b2fbe,value added - NACE Rev. 2: B-E,measure,0.88,semantic-hybrid,True,title evidence with measure lexical cue,"[""occ_3618dda11d84130c9591"", ""occ_693717933f5ffc9aa0fe""]",run_1f27e7f7434a9d682f85
term_b96c90ce9935e2db5215,value added - NACE Rev. 2: B-E - current,measure,0.88,semantic-hybrid,True,title evidence with measure lexical cue,"[""occ_cea6bb9b9a1f965f9dee""]",run_1f27e7f7434a9d682f85
term_9037ac5dd1fd168fbc35,value added - NACE Rev. 2: B-E - volumes,measure,0.88,semantic-hybrid,True,title evidence with measure lexical cue,"[""occ_b5eb40d2a7409b380997""]",run_1f27e7f7434a9d682f85
term_f0d6c3fbcd5031751188,value added - NACE Rev. 2: C,measure,0.88,semantic-hybrid,True,title evidence with measure lexical cue,"[""occ_0f889705d75a3a211bae"", ""occ_964837153aac6a59e164""]",run_1f27e7f7434a9d682f85
term_daa9b88a3910a0ecc329,value added - NACE Rev. 2: C - volumes,measure,0.88,semantic-hybrid,True,title evidence with measure lexical cue,"[""occ_2e4605e9cdcba856f8a3""]",run_1f27e7f7434a9d682f85
term_4f8661570111de77e6d9,value added - NACE Rev. 2: F,measure,0.88,semantic-hybrid,True,title evidence with measure lexical cue,"[""occ_07905ab06ca3f2987122"", ""occ_8ef520cf32655581bb87""]",run_1f27e7f7434a9d682f85
term_89a75f485c849ff22161,value added - NACE Rev. 2: F - volumes,measure,0.88,semantic-hybrid,True,title evidence with measure lexical cue,"[""occ_ea48f71ac1d7cb33ab33""]",run_1f27e7f7434a9d682f85
term_994862931cef3380aeb1,value added - NACE Rev. 2: G-I,measure,0.88,semantic-hybrid,True,title evidence with measure lexical cue,"[""occ_7e67bfad23e2f86755c5"", ""occ_8d9d7c4eb6b89a8d2a04""]",run_1f27e7f7434a9d682f85
term_1a7b13b65d87fa0f146e,value added - NACE Rev. 2: G-I - current,measure,0.88,semantic-hybrid,True,title evidence with measure lexical cue,"[""occ_bea21346a415fac85257""]",run_1f27e7f7434a9d682f85
term_defb90df8bc9d3ab3873,value added - NACE Rev. 2: G-I - volumes,measure,0.88,semantic-hybrid,True,title evidence with measure lexical cue,"[""occ_c7e34a3fb6db8f8fd03f""]",run_1f27e7f7434a9d682f85
term_ee6e6c2700d694d33cc4,value added - NACE Rev. 2: J,measure,0.88,semantic-hybrid,True,title evidence with measure lexical cue,"[""occ_9c6f7c48ca045e031000"", ""occ_c26c539b4738bf0a584a""]",run_1f27e7f7434a9d682f85
term_5e4430338f696a19905b,value added - NACE Rev. 2: J - volumes,measure,0.88,semantic-hybrid,True,title evidence with measure lexical cue,"[""occ_1e34d16186be62d53554""]",run_1f27e7f7434a9d682f85
term_cf980200ac4f4084aed3,value added - NACE Rev. 2: K,measure,0.88,semantic-hybrid,True,title evidence with measure lexical cue,"[""occ_a53e43957304a01caaae"", ""occ_c9c25abfef03664ee1cd""]",run_1f27e7f7434a9d682f85
term_90c7133fa8049a7ef3a5,value added - NACE Rev. 2: K - volumes,measure,0.88,semantic-hybrid,True,title evidence with measure lexical cue,"[""occ_81c4db7a6b8e59adb512""]",run_1f27e7f7434a9d682f85
term_e8a445da2121f648d0d4,value added - NACE Rev. 2: L,measure,0.88,semantic-hybrid,True,title evidence with measure lexical cue,"[""occ_6a0ce8cd098cba19225b"", ""occ_90c53146996c04f451b3""]",run_1f27e7f7434a9d682f85
term_584218a8809042790f47,value added - NACE Rev. 2: L - volumes,measure,0.88,semantic-hybrid,True,title evidence with measure lexical cue,"[""occ_1938a12d415aad82d312""]",run_1f27e7f7434a9d682f85
term_7d4a3d6905e321a4d1a2,value added - NACE Rev. 2: M,measure,0.88,semantic-hybrid,True,title evidence with measure lexical cue,"[""occ_24324577c2f0e67033f1"", ""occ_3e04133293cf59947de5""]",run_1f27e7f7434a9d682f85
term_01fc3b4e1011ab7d6b9d,value added - NACE Rev. 2: M_N,measure,0.88,semantic-hybrid,True,title evidence with measure lexical cue,"[""occ_8f43613ef65cf16d41f5""]",run_1f27e7f7434a9d682f85
term_c1ff14bbfdf9fa06caf2,value added - NACE Rev. 2: O-Q,measure,0.88,semantic-hybrid,True,title evidence with measure lexical cue,"[""occ_3fb8fcc685673768db13"", ""occ_41c67eaba97887d116b4""]",run_1f27e7f7434a9d682f85
term_89226d6aba0055325a39,value added - NACE Rev. 2: O-Q - current,measure,0.88,semantic-hybrid,True,title evidence with measure lexical cue,"[""occ_dec2507b5cf9dfa57d4d""]",run_1f27e7f7434a9d682f85
term_50002bccb99d508ee317,value added - NACE Rev. 2: O-Q - volumes,measure,0.88,semantic-hybrid,True,title evidence with measure lexical cue,"[""occ_ce6c819d4aa79922801c""]",run_1f27e7f7434a9d682f85
term_2296f4d2ae0edc03f22e,value added - NACE Rev. 2: R-U,measure,0.88,semantic-hybrid,True,title evidence with measure lexical cue,"[""occ_4ff9177ecc11d8d545d5"", ""occ_e3ad387c52651d9f4e0e""]",run_1f27e7f7434a9d682f85
term_8cb5c02ca80e86fd5efe,value added - NACE Rev. 2: R-U - current,measure,0.88,semantic-hybrid,True,title evidence with measure lexical cue,"[""occ_194ddd79482921a3b2fe""]",run_1f27e7f7434a9d682f85
term_dd35cdff34f16008a122,value added - NACE Rev. 2: R-U - volumes,measure,0.88,semantic-hybrid,True,title evidence with measure lexical cue,"[""occ_d8507bb8b359f7f47862""]",run_1f27e7f7434a9d682f85
term_656059132f6b60023fa6,value added and,measure,0.88,semantic-hybrid,True,title evidence with measure lexical cue,"[""occ_f6762650829efdc025e4""]",run_1f27e7f7434a9d682f85
term_96507774b7452b626f7a,value added and employment,measure,0.88,semantic-hybrid,True,title evidence with measure lexical cue,"[""occ_d0f7700777fc2794afc8""]",run_1f27e7f7434a9d682f85
term_0152fb76e223a1cea4b8,value added and employment by,measure,0.88,semantic-hybrid,True,title evidence with measure lexical cue,"[""occ_348b54eca4bfcf4a6e6e""]",run_1f27e7f7434a9d682f85
term_85af3382989eed770287,value added and employment by industry,measure,0.88,semantic-hybrid,True,title evidence with measure lexical cue,"[""occ_473e79acc65054a633ee""]",run_1f27e7f7434a9d682f85
term_146f6cf8a7edce62b90f,value added by,measure,0.88,semantic-hybrid,True,title evidence with measure lexical cue,"[""occ_1a2c22f553ae98766058"", ""occ_d62e595e7afd4f81e542""]",run_1f27e7f7434a9d682f85
term_5c3d4ed333016fc1e323,value added by industry,measure,0.88,semantic-hybrid,True,title evidence with measure lexical cue,"[""occ_d5f4fda146cea1ddedd0"", ""occ_e16fe8f9bc6ac9a33e40""]",run_1f27e7f7434a9d682f85
term_e21b16bc43061fbfc47b,value added by industry - ENP-East,measure,0.88,semantic-hybrid,True,title evidence with measure lexical cue,"[""occ_0bc59947da23ec148e24""]",run_1f27e7f7434a9d682f85
term_995c7153d8f9887a0e88,value added by industry - ENP-East countries,measure,0.88,semantic-hybrid,True,title evidence with measure lexical cue,"[""occ_05784ed9dca3655f5ef6""]",run_1f27e7f7434a9d682f85
term_5f231f70a692765309b3,value added by industry - ENP-South,measure,0.88,semantic-hybrid,True,title evidence with measure lexical cue,"[""occ_a0511a973893d30d5803""]",run_1f27e7f7434a9d682f85
term_fdc87501cc63d24c42e1,value added by industry - ENP-South countries,measure,0.88,semantic-hybrid,True,title evidence with measure lexical cue,"[""occ_3727ea9e23f802df34cd""]",run_1f27e7f7434a9d682f85
term_01a9b9eb630fc5c4612a,Value Added in,measure,0.88,semantic-hybrid,True,title evidence with measure lexical cue,"[""occ_cc04a9cd43e97c24129c"", ""occ_fe3dc04100d431aff2d2""]",run_1f27e7f7434a9d682f85
term_57dd7d940f427ffd1009,value added in environmental,measure,0.88,semantic-hybrid,True,title evidence with measure lexical cue,"[""occ_22885b3db0306b1cc84c""]",run_1f27e7f7434a9d682f85
term_3d6f715be4954cd7448f,value added in environmental goods,measure,0.88,semantic-hybrid,True,title evidence with measure lexical cue,"[""occ_7920023c5867163e961b""]",run_1f27e7f7434a9d682f85
term_28ff2096bfe6bf8b526b,value added in environmental goods and,measure,0.88,semantic-hybrid,True,title evidence with measure lexical cue,"[""occ_efcd4e2af2f303606bc0""]",run_1f27e7f7434a9d682f85
term_66addf9ec54b641235e9,value added in environmental goods and services,measure,0.88,semantic-hybrid,True,title evidence with measure lexical cue,"[""occ_d494f384a57576f51a30""]",run_1f27e7f7434a9d682f85
term_e126f525f93b7daaa85f,Value Added in Foreign,measure,0.88,semantic-hybrid,True,title evidence with measure lexical cue,"[""occ_2e0f1b94620a45c76f23""]",run_1f27e7f7434a9d682f85
term_da5f37bfc3b64bcdef40,Value Added in Foreign Controlled,measure,0.88,semantic-hybrid,True,title evidence with measure lexical cue,"[""occ_59eb6e1b829e9d2d7f12""]",run_1f27e7f7434a9d682f85
term_dcdfd7d57ed36874c698,Value Added in Foreign Controlled Enterprises,measure,0.88,semantic-hybrid,True,title evidence with measure lexical cue,"[""occ_908fcac88573a721cb96""]",run_1f27e7f7434a9d682f85
term_d3cafcffac5f3d218812,value added of,measure,0.88,semantic-hybrid,True,title evidence with measure lexical cue,"[""occ_a38da584a9ee2136cfbc""]",run_1f27e7f7434a9d682f85
term_a6f778c3ab5a50b7a8c5,value added of the,measure,0.88,semantic-hybrid,True,title evidence with measure lexical cue,"[""occ_38d6522c3f26244bf28c""]",run_1f27e7f7434a9d682f85
term_7e5cd587e2e3e82ab494,value added of the agricultural,measure,0.88,semantic-hybrid,True,title evidence with measure lexical cue,"[""occ_39b86357450a3b7792b5""]",run_1f27e7f7434a9d682f85
term_731726e9cab5c79d5b5e,value added of the agricultural industry,measure,0.88,semantic-hybrid,True,title evidence with measure lexical cue,"[""occ_c2d95baf9b26b943bf5d""]",run_1f27e7f7434a9d682f85
term_8e699db0f04883c1ff90,"Value added type taxes (VAT), revenue",measure,0.7739706329853009,semantic-hybrid,False,semantic centroid/neighbor measure fallback,"[""occ_7f818ff34ef9eb229918""]",run_1f27e7f7434a9d682f85
term_df1fe8011f130dafc25b,"value and index (=100), annual data",measure,0.7698316857516798,semantic-hybrid,False,semantic centroid/neighbor measure fallback,"[""occ_006179edda60e3227ea7""]",run_1f27e7f7434a9d682f85
term_b28a06aa348883a0ba77,"violence by a non-partner, by country of birth",measure,0.88,semantic-hybrid,True,title evidence with measure lexical cue,"[""occ_fd848dc7f36156a08771""]",run_1f27e7f7434a9d682f85
term_d336e5ea110c79a90643,"violence by any perpetrator, by country of birth",measure,0.88,semantic-hybrid,True,title evidence with measure lexical cue,"[""occ_b45fcb5f0093da674675""]",run_1f27e7f7434a9d682f85
term_783f110b27cf7b2988d8,"volume (in TEUs) of containers transported to/from main ports, by loading status",measure,0.88,semantic-hybrid,True,title evidence with measure lexical cue,"[""occ_b06721d22ae5a269a1f8""]",run_1f27e7f7434a9d682f85
term_e31f733dac43272facbc,Volume of freight transport relative to GDP,measure,0.88,semantic-hybrid,True,title evidence with measure lexical cue,"[""occ_c38ccab39579a6df97c8""]",run_1f27e7f7434a9d682f85
term_5e60d2f1d1859714617a,Volume of passenger transport relative to GDP,measure,0.88,semantic-hybrid,True,title evidence with measure lexical cue,"[""occ_1bb3c150ad3664d09192"", ""occ_29c86838fc414c3ba0b4""]",run_1f27e7f7434a9d682f85
term_45b171bec90179238cf0,volume of sales - automotive,measure,0.88,semantic-hybrid,True,title evidence with measure lexical cue,"[""occ_80ed9cffa128b27637ad""]",run_1f27e7f7434a9d682f85
term_c2dcb3d3c893d2beae5d,volume of sales - automotive fuel,measure,0.88,semantic-hybrid,True,title evidence with measure lexical cue,"[""occ_906013346ede8bcfa288""]",run_1f27e7f7434a9d682f85
term_9ea07bca28c0340a0022,volume of sales - food,measure,0.88,semantic-hybrid,True,title evidence with measure lexical cue,"[""occ_c89576e4acfcb243d2c2""]",run_1f27e7f7434a9d682f85
term_20d106156da8d0c596e4,"volume of sales - food, beverages",measure,0.88,semantic-hybrid,True,title evidence with measure lexical cue,"[""occ_232310a001c8b1abb395""]",run_1f27e7f7434a9d682f85
term_a2618c06d8bba49d2ad8,volume of sales - non,measure,0.88,semantic-hybrid,True,title evidence with measure lexical cue,"[""occ_ce87d21fbe49e2681e24""]",run_1f27e7f7434a9d682f85
term_6aa56e21edd97d15c957,volume of sales - non food,measure,0.88,semantic-hybrid,True,title evidence with measure lexical cue,"[""occ_a196afaca6955c02bdce""]",run_1f27e7f7434a9d682f85
term_e70fb63fdc5402e64415,volume of sales - total,measure,0.88,semantic-hybrid,True,title evidence with measure lexical cue,"[""occ_236a12d063f7e1154076""]",run_1f27e7f7434a9d682f85
term_5d0d67d0f12ee337a8d4,waste excluding major mineral wastes per GDP,measure,0.88,semantic-hybrid,True,title evidence with measure lexical cue,"[""occ_7ea6b9120a694e178127""]",run_1f27e7f7434a9d682f85
term_73acd6fc0628471187f7,waste excluding major mineral wastes per GDP unit,measure,0.88,semantic-hybrid,True,title evidence with measure lexical cue,"[""occ_ee0f72f98d45eade0ea0""]",run_1f27e7f7434a9d682f85
term_42875e651509be2bac8b,Waste generated by households by,measure,0.7793285987870382,semantic-hybrid,False,semantic centroid/neighbor measure fallback,"[""occ_b2e425fe75922a03c43d""]",run_1f27e7f7434a9d682f85
term_b36d2081075f65dfdb74,Waste generated by households by year,measure,0.7934796226119694,semantic-hybrid,False,semantic centroid/neighbor measure fallback,"[""occ_57ab32f002585787cd14""]",run_1f27e7f7434a9d682f85
term_b9b132d853319d4d07f0,Waste generated by households by year and,measure,0.7887433155504581,semantic-hybrid,False,semantic centroid/neighbor measure fallback,"[""occ_dfa479f175e76c757545""]",run_1f27e7f7434a9d682f85
term_def08d2db033fe77566e,Waste generated by households by year and waste,measure,0.7969214157735739,semantic-hybrid,False,semantic centroid/neighbor measure fallback,"[""occ_19cf7c49a161cf271c56""]",run_1f27e7f7434a9d682f85
term_e95832e5932b41d66e64,Waste generated by households by year and waste category,measure,0.7921690573075307,semantic-hybrid,False,semantic centroid/neighbor measure fallback,"[""occ_e608a06af7c80d800886""]",run_1f27e7f7434a9d682f85
term_2af6de2050feb468a348,wastes per GDP,measure,0.88,semantic-hybrid,True,title evidence with measure lexical cue,"[""occ_81f4b5ff609a76f6065b""]",run_1f27e7f7434a9d682f85
term_348265c582c936dd6b4c,wastes per GDP unit,measure,0.88,semantic-hybrid,True,title evidence with measure lexical cue,"[""occ_6e96a73b9a1343e2a971""]",run_1f27e7f7434a9d682f85
term_7beb7e648657fdf85a26,waterway transport enterprises by number of vessels,measure,0.88,semantic-hybrid,True,title evidence with measure lexical cue,"[""occ_8c534e23485cb79f2528""]",run_1f27e7f7434a9d682f85
term_a4861b19de8b9be4e1db,week of full-time employment,measure,0.88,semantic-hybrid,True,title evidence with measure lexical cue,"[""occ_179b005cc09f2becff30""]",run_1f27e7f7434a9d682f85
term_37b17813f33995a4cea5,Weights of producer prices,measure,0.88,semantic-hybrid,True,title evidence with measure lexical cue,"[""occ_19225d93439176da3427""]",run_1f27e7f7434a9d682f85
term_b89c33ac182333a60078,Weights of producer prices of,measure,0.88,semantic-hybrid,True,title evidence with measure lexical cue,"[""occ_8a11e995253dcc1c5f2f""]",run_1f27e7f7434a9d682f85
term_84030b9a979ec5d4f855,Weights of producer prices of agricultural,measure,0.88,semantic-hybrid,True,title evidence with measure lexical cue,"[""occ_3e5a46441c37c7832a03""]",run_1f27e7f7434a9d682f85
term_46c5d867f1991ca07183,Weights of producer prices of agricultural products,measure,0.88,semantic-hybrid,True,title evidence with measure lexical cue,"[""occ_26dc7eaad89fcbbb423f""]",run_1f27e7f7434a9d682f85
term_5f2113363aa4f765d57e,Weights of producer prices of agricultural products - survey,measure,0.88,semantic-hybrid,True,title evidence with measure lexical cue,"[""occ_81923bedec9efb493031""]",run_1f27e7f7434a9d682f85
term_8700262f6affcad49304,Weights of purchase prices,measure,0.88,semantic-hybrid,True,title evidence with measure lexical cue,"[""occ_a0925b70acfb3ed8952f""]",run_1f27e7f7434a9d682f85
term_6a8deffe962bbf0e3f26,Weights of purchase prices of,measure,0.88,semantic-hybrid,True,title evidence with measure lexical cue,"[""occ_3c95e738e9a574a64435""]",run_1f27e7f7434a9d682f85
term_eb2d4960cf394d7b559a,Weights of purchase prices of the,measure,0.88,semantic-hybrid,True,title evidence with measure lexical cue,"[""occ_b40529e3f631089a6814""]",run_1f27e7f7434a9d682f85
term_8bc390cee83ee914fb4b,Weights of purchase prices of the means,measure,0.88,semantic-hybrid,True,title evidence with measure lexical cue,"[""occ_b9e457d457afab422d21""]",run_1f27e7f7434a9d682f85
term_bfbe8b2130574aeadcf5,Weights of purchase prices of the means of,measure,0.88,semantic-hybrid,True,title evidence with measure lexical cue,"[""occ_1daeb5bd10cbc4892863""]",run_1f27e7f7434a9d682f85
term_d6d6bbf88f45ac0fed3e,Weights of purchase prices of the means of agricultural production,measure,0.88,semantic-hybrid,True,title evidence with measure lexical cue,"[""occ_a24504225e44ba8f39d9""]",run_1f27e7f7434a9d682f85
term_0a75239384408607d20b,Weights of purchase prices of the means of agricultural production - survey,measure,0.88,semantic-hybrid,True,title evidence with measure lexical cue,"[""occ_aff12920816e00e449c3""]",run_1f27e7f7434a9d682f85
term_48a607edb2998f5217b7,"Wheat and spelt by area, production",measure,0.88,semantic-hybrid,True,title evidence with measure lexical cue,"[""occ_1a0d7bdbf1e3c85d3cde""]",run_1f27e7f7434a9d682f85
term_2e78af540e21c5158ae1,"Wheat and spelt by area, production and",measure,0.88,semantic-hybrid,True,title evidence with measure lexical cue,"[""occ_8d4fa47e69e8a1fa4531""]",run_1f27e7f7434a9d682f85
term_084a82356f88b7f13c12,"Wheat and spelt by area, production and humidity",measure,0.88,semantic-hybrid,True,title evidence with measure lexical cue,"[""occ_8d1fb45903102ebf5fff""]",run_1f27e7f7434a9d682f85
term_edf364e766cd454ec429,"winter cereal mixtures by area, production",measure,0.88,semantic-hybrid,True,title evidence with measure lexical cue,"[""occ_4fe6b358c36ce1cb0c21""]",run_1f27e7f7434a9d682f85
term_92b28bca46a0f5997fd8,"winter cereal mixtures by area, production and",measure,0.88,semantic-hybrid,True,title evidence with measure lexical cue,"[""occ_758bda6c9677419e12df""]",run_1f27e7f7434a9d682f85
term_556896696883158a0c23,"winter cereal mixtures by area, production and humidity",measure,0.88,semantic-hybrid,True,title evidence with measure lexical cue,"[""occ_69572bee152f937f4b81""]",run_1f27e7f7434a9d682f85
term_5840a3540e32b2c876b2,wished to stay longer in employment,measure,0.88,semantic-hybrid,True,title evidence with measure lexical cue,"[""occ_b74d4d8f1463ccbc4c47""]",run_1f27e7f7434a9d682f85
term_9c4b4fb7acd177aeae21,Women aged 18-59 living in jobless households: share of women aged 18-59 who are living in households where no-one works,measure,0.7676526508126926,semantic-hybrid,False,semantic centroid/neighbor measure fallback,"[""occ_0300e2542c5496ec6b93"", ""occ_061d9b745657033df768"", ""occ_097e73da3fb4cc93bff9"", ""occ_1621aaf6e6c39fa9b9ed"", ""occ_2212961d1fbb6c25f5d1"", ""occ_26d3ff75e9662743e561"", ""occ_26f59db9a088a4f29be4"", ""occ_292bebc4e0a4a0ed650e"", ""occ_293ae12ed17ab19897e3"", ""occ_2c4e9811d33728faa93b"", ""occ_2e3278ec32ad2ae63a57"", ""occ_306c9343f79c9d044351"", ""occ_3d7086df004b2711a0de"", ""occ_44b6d9268637f6f90c1e"", ""occ_5007a10c6fafcb7bfe0e"", ""occ_52144d162ef2d8a8cc9c"", ""occ_7d274e7a9cbfe3ab51e1"", ""occ_80d76ec0e4c84e90cc00"", ""occ_856570b8a4bcefa2c8b6"", ""occ_86ae6bf8842283f7f5a7"", ""occ_91d3015e0e2113d3f0c5"", ""occ_962207aa322938558a6e"", ""occ_9bd1e86ae6b3d8a70b52"", ""occ_a796fb8f60968d77bdc6"", ""occ_a8ddfaaada0dad24d6e7"", ""occ_aa02d18fe9001aa28535"", ""occ_b47098b8b3dd2b6d8194"", ""occ_b7c0a08170add4a55bab"", ""occ_bf0d8250c02cd61a212c"", ""occ_c07c35e723289f3d2c0b"", ""occ_c193f0b2e9a4bad862bd"", ""occ_ceca3afdeb78aabf0327"", ""occ_d0b542e8a7c8bb40f100"", ""occ_d0f86c1985261d5e3d09"", ""occ_d6c54520e8d86c039505"", ""occ_e990868807d3f34e4645""]",run_1f27e7f7434a9d682f85
term_b9cffc9f272664a5a78a,women at childbirth and at birth,measure,0.88,semantic-hybrid,True,title evidence with measure lexical cue,"[""occ_f80d9be2a86644a7d7c7""]",run_1f27e7f7434a9d682f85
term_1e5fd1a337fed64610ed,"Women who have experienced violence by a domestic perpetrator, by country of birth",measure,0.88,semantic-hybrid,True,title evidence with measure lexical cue,"[""occ_5bdd556da3bf6034a214""]",run_1f27e7f7434a9d682f85
term_c8283b83f20914d744b0,"Women who have experienced violence by a non-partner, by country of birth",measure,0.88,semantic-hybrid,True,title evidence with measure lexical cue,"[""occ_ae43c9499edc4d522909""]",run_1f27e7f7434a9d682f85
term_ab56bb9eb34a3bbd6d39,"Women who have experienced violence by any perpetrator, by country of birth",measure,0.88,semantic-hybrid,True,title evidence with measure lexical cue,"[""occ_07b7e42b7b3da6b7640a""]",run_1f27e7f7434a9d682f85
term_66ee9d364a5991b9d656,"wood products, production",measure,0.88,semantic-hybrid,True,title evidence with measure lexical cue,"[""occ_ac67e70e00edc7ccb5bf""]",run_1f27e7f7434a9d682f85
term_a20472b92a57d6ab3156,work at-risk-of-poverty rate,measure,0.7644333661432537,semantic-hybrid,False,semantic centroid/neighbor measure fallback,"[""occ_886492739993c2d5a5a2""]",run_1f27e7f7434a9d682f85
term_13ac513aa4a2524a347e,work intensity by degree of urbanisation (population,measure,0.88,semantic-hybrid,True,title evidence with measure lexical cue,"[""occ_a9b0e16a7335a8fd2e8b""]",run_1f27e7f7434a9d682f85
term_d1dd0e4ddc036245a8a1,work intensity by degree of urbanisation (population aged,measure,0.88,semantic-hybrid,True,title evidence with measure lexical cue,"[""occ_c1fed1bad686bfe90cc5""]",run_1f27e7f7434a9d682f85
term_3dc673fd8704e53e9e70,work intensity by NUTS 2 region (population,measure,0.88,semantic-hybrid,True,title evidence with measure lexical cue,"[""occ_8c936674c45218387ee4""]",run_1f27e7f7434a9d682f85
term_e00472b72a5706f0f9a6,work intensity by NUTS 2 region (population aged,measure,0.88,semantic-hybrid,True,title evidence with measure lexical cue,"[""occ_76fa3346a940f53afd96""]",run_1f27e7f7434a9d682f85
term_945cef6c73e485443182,work intensity of the household (population,measure,0.88,semantic-hybrid,True,title evidence with measure lexical cue,"[""occ_784d63eaaf3d4512b051""]",run_1f27e7f7434a9d682f85
term_1d27bdebfbf75c11b98f,work intensity of the household (population aged,measure,0.88,semantic-hybrid,True,title evidence with measure lexical cue,"[""occ_bd8fc6cd7ae537802049""]",run_1f27e7f7434a9d682f85
term_bd8222c68d73a70e389b,work intensity of the household (population aged 18,measure,0.88,semantic-hybrid,True,title evidence with measure lexical cue,"[""occ_983a579293135cae5337""]",run_1f27e7f7434a9d682f85
term_c7489e822e6fc75166af,work intensity of the households with income,measure,0.88,semantic-hybrid,True,title evidence with measure lexical cue,"[""occ_430c071551cf80f0382f""]",run_1f27e7f7434a9d682f85
term_21d27eb2e2f9c8cfeffa,work intensity of the households with income from,measure,0.88,semantic-hybrid,True,title evidence with measure lexical cue,"[""occ_71ddf34ac7fb2eb13d87""]",run_1f27e7f7434a9d682f85
term_a357573192ad37bc6733,worked per week of full-time employment,measure,0.88,semantic-hybrid,True,title evidence with measure lexical cue,"[""occ_148caa3c7e60bbb41b74""]",run_1f27e7f7434a9d682f85
term_f8583053e279d4fbc2d1,would have wished to stay longer in employment,measure,0.88,semantic-hybrid,True,title evidence with measure lexical cue,"[""occ_a7a867629aa9c8bd606c""]",run_1f27e7f7434a9d682f85
term_2e8281de4e94aca6653c,years at birth,measure,0.88,semantic-hybrid,True,title evidence with measure lexical cue,"[""occ_0ebf6f3e308eeb1760e2"", ""occ_3d655e71d4df6d95276d""]",run_1f27e7f7434a9d682f85
term_8e162f42bea1395f75e1,years at birth by,measure,0.88,semantic-hybrid,True,title evidence with measure lexical cue,"[""occ_38e8d2962d518a46044f"", ""occ_b071d546e6d18d05c5b1""]",run_1f27e7f7434a9d682f85
term_d072741a9db23d194786,years at birth by sex,measure,0.88,semantic-hybrid,True,title evidence with measure lexical cue,"[""occ_146ba14cc2a985839492"", ""occ_eab9df181dab433cf5d8""]",run_1f27e7f7434a9d682f85
term_fdeb3b4a63012b44bc38,years old in the population,measure,0.88,semantic-hybrid,True,title evidence with measure lexical cue,"[""occ_d8ebffca08c934d99672""]",run_1f27e7f7434a9d682f85
term_02fc107c8cac07b95765,"years old, by sex - as % of the population",measure,0.88,semantic-hybrid,True,title evidence with measure lexical cue,"[""occ_1212939d7568d417e77c"", ""occ_9f7156773c76bc17f786""]",run_1f27e7f7434a9d682f85
term_9037581036b12ee59f97,Young persons (aged 15-24) neither in employment,measure,0.88,semantic-hybrid,True,title evidence with measure lexical cue,"[""occ_dc901e31205553bf5bb1""]",run_1f27e7f7434a9d682f85
term_6280b4b2d48f7fdb29ae,Young persons (aged 15-24) neither in employment nor,measure,0.88,semantic-hybrid,True,title evidence with measure lexical cue,"[""occ_0983168367b0522a5a67""]",run_1f27e7f7434a9d682f85
term_055bfac06b09b11dc896,Young persons (aged 15-24) neither in employment nor in education and training,measure,0.88,semantic-hybrid,True,title evidence with measure lexical cue,"[""occ_92ffd85d246d554af4fa""]",run_1f27e7f7434a9d682f85
term_2e9ce14b15b7a574fa90,Young persons (aged 15-24) neither in employment nor in education and training - % of total population in private households in the same age group,measure,0.88,semantic-hybrid,True,title evidence with measure lexical cue,"[""occ_6b026fade3849f021547""]",run_1f27e7f7434a9d682f85
term_8bbae4c89b5409a0a045,Young persons neither in employment,measure,0.88,semantic-hybrid,True,title evidence with measure lexical cue,"[""occ_683a5aab09387043aac5"", ""occ_c18f231e66adaee04386""]",run_1f27e7f7434a9d682f85
term_59bf568aa1488d615c43,Young persons neither in employment nor,measure,0.88,semantic-hybrid,True,title evidence with measure lexical cue,"[""occ_502d2d4d719d8fad9db1"", ""occ_6577c02d6a5619a77577""]",run_1f27e7f7434a9d682f85
term_cdb7dfd3cbe25b0c9cab,Young persons neither in employment nor in,measure,0.88,semantic-hybrid,True,title evidence with measure lexical cue,"[""occ_0f16c7f33de4511d0752"", ""occ_bd9a767fd33b89ee9a29""]",run_1f27e7f7434a9d682f85
term_6c7a09008229d450626f,Young persons neither in employment nor in education,measure,0.88,semantic-hybrid,True,title evidence with measure lexical cue,"[""occ_4fa0ca429b9311a6a100"", ""occ_a4c7aff96895aef8a5fd""]",run_1f27e7f7434a9d682f85
term_2c531a8a827df2e14928,Young persons neither in employment nor in education and training (NEET) by citizenship,measure,0.88,semantic-hybrid,True,title evidence with measure lexical cue,"[""occ_5f802dab22411209b22b""]",run_1f27e7f7434a9d682f85
term_cc3e04edd8ae8955e635,Young persons neither in employment nor in education and training (NEET) by sex,measure,0.88,semantic-hybrid,True,title evidence with measure lexical cue,"[""occ_cadcc18fb12b82a19e4a""]",run_1f27e7f7434a9d682f85
term_959f704f4177d2d4abb0,Youth employment,measure,0.88,semantic-hybrid,True,title evidence with measure lexical cue,"[""occ_2dda7475a8f372dde33d""]",run_1f27e7f7434a9d682f85
term_3c33c21a6d738b2da479,Youth employment rate,measure,0.88,semantic-hybrid,True,title evidence with measure lexical cue,"[""occ_dedb295bcf22f43f76aa""]",run_1f27e7f7434a9d682f85
term_5bff38044faa9f4bc10d,Youth employment rate (age,measure,0.88,semantic-hybrid,True,title evidence with measure lexical cue,"[""occ_272807465f66eb82b052""]",run_1f27e7f7434a9d682f85
term_950ddfd6e6fb4d65acae,Youth employment rate (age group,measure,0.88,semantic-hybrid,True,title evidence with measure lexical cue,"[""occ_0bf1af656dccd10f2f74""]",run_1f27e7f7434a9d682f85
term_1788a1836bf6da9eb521,Youth employment rate (age group 20-29,measure,0.88,semantic-hybrid,True,title evidence with measure lexical cue,"[""occ_7f9d237debcd91483b4d""]",run_1f27e7f7434a9d682f85
term_9672d50aacb8ed271606,Youth employment rate (age group 20-29),measure,0.88,semantic-hybrid,True,title evidence with measure lexical cue,"[""occ_fa48a9ad74281b1401a3""]",run_1f27e7f7434a9d682f85
term_de0534cba2f4b860d3e7,Youth unemployment,measure,0.88,semantic-hybrid,True,title evidence with measure lexical cue,"[""occ_9cbe4c5506db39f2b5af"", ""occ_dc5922f10ce8cadc8143"", ""occ_f8639e5c28fd0889fd65""]",run_1f27e7f7434a9d682f85
term_dd80b78a08d53b8c1fc6,Youth unemployment rate - % of,measure,0.88,semantic-hybrid,True,title evidence with measure lexical cue,"[""occ_91d977a27bd2afbce373""]",run_1f27e7f7434a9d682f85
term_c75ed59a25c1fbb6692a,Youth unemployment rate - % of active,measure,0.88,semantic-hybrid,True,title evidence with measure lexical cue,"[""occ_f334b4edd7103dc103f9""]",run_1f27e7f7434a9d682f85
term_1ebf3e3673f028d1f77a,Youth unemployment rate - % of active population,measure,0.88,semantic-hybrid,True,title evidence with measure lexical cue,"[""occ_4b7edb13f362fd57db91""]",run_1f27e7f7434a9d682f85
term_b229a10664f7081082ac,Youth unemployment rate - % of active population aged,measure,0.88,semantic-hybrid,True,title evidence with measure lexical cue,"[""occ_6902703ac50f78b0e2f8""]",run_1f27e7f7434a9d682f85
term_6a159da8f44b32a6a971,Youth unemployment rate - % of active population aged 15-24,measure,0.88,semantic-hybrid,True,title evidence with measure lexical cue,"[""occ_eaa32f7576774e967e39""]",run_1f27e7f7434a9d682f85
term_be9f19c8932759409cfe,Youth unemployment rate by,measure,0.88,semantic-hybrid,True,title evidence with measure lexical cue,"[""occ_1fb42dafe94e3799ebe8""]",run_1f27e7f7434a9d682f85
term_b729ad875ff9c728f329,Youth unemployment rate by sex,measure,0.88,semantic-hybrid,True,title evidence with measure lexical cue,"[""occ_cc7e5ec2cc25785a7016""]",run_1f27e7f7434a9d682f85
term_c09524c9ece17de471b6,Youth unemployment ratio,measure,0.88,semantic-hybrid,True,title evidence with measure lexical cue,"[""occ_81a0d0150e2c2f7d019f""]",run_1f27e7f7434a9d682f85
term_a320814b48b84711deb8,Youth unemployment ratio (age,measure,0.88,semantic-hybrid,True,title evidence with measure lexical cue,"[""occ_f2064e46277395942c25""]",run_1f27e7f7434a9d682f85
term_fe9452c1aa58c6e32074,Youth unemployment ratio (age group,measure,0.88,semantic-hybrid,True,title evidence with measure lexical cue,"[""occ_e30b27bc77ca027d1b86""]",run_1f27e7f7434a9d682f85
term_da7f493e0f351447322e,Youth unemployment ratio (age group 15-24,measure,0.88,semantic-hybrid,True,title evidence with measure lexical cue,"[""occ_fecf4116db81244d684a""]",run_1f27e7f7434a9d682f85
term_37cf41b2716bfe4cd304,Youth unemployment ratio (age group 15-24),measure,0.88,semantic-hybrid,True,title evidence with measure lexical cue,"[""occ_25a96728a63377067c47""]",run_1f27e7f7434a9d682f85
