term_id,canonical_term,matching_key,split,stratum,table_count,occurrence_count,role_summary_json,feature_summary_json,category,annotator_id,notes
term_01417cb2fcbe5a3b3a29,Financial account,financial account,train_dev,metadata_value+title_clause|occ_21_plus|tables_2_5|title|no_header|value|conflict,4,145,"{""metadata_value"": 144, ""title_clause"": 1}","{""has_header_evidence"": false, ""has_metadata_value_evidence"": true, ""has_title_evidence"": true, ""metadata_columns"": [""Balance of payments item""], ""occurrence_count"": 145, ""table_count"": 4}",other_ambiguous,codex_rule_assisted_primary,"Rule-assisted audit: conflicting, fragmentary, or insufficient evidence; kept out of four required classes. Primary milestone 9 audit label."
term_01c111f85b9dd16e6892,Operator/Trader,operator/trader,train_dev,header_name|occ_1|tables_1|no_title|header|no_value|single_role,1,1,"{""header_name"": 1}","{""has_header_evidence"": true, ""has_metadata_value_evidence"": false, ""has_title_evidence"": false, ""metadata_columns"": [""Operator/Trader""], ""occurrence_count"": 1, ""table_count"": 1}",dimension_name,codex_rule_assisted_primary,Rule-assisted audit: header/source evidence names a table dimension. Primary milestone 9 audit label.
term_029896d44720469d829f,Type of household,type of household,train_dev,header_name|occ_21_plus|tables_21_plus|no_title|header|no_value|single_role,27,27,"{""header_name"": 27}","{""has_header_evidence"": true, ""has_metadata_value_evidence"": false, ""has_title_evidence"": false, ""metadata_columns"": [""Type of household""], ""occurrence_count"": 27, ""table_count"": 27}",dimension_name,codex_rule_assisted_primary,Rule-assisted audit: header/source evidence names a table dimension. Primary milestone 9 audit label.
term_0302ddbe8acf06286bd8,Live animals,live animals,train_dev,header_name|occ_6_20|tables_6_20|no_title|header|no_value|single_role,10,10,"{""header_name"": 10}","{""has_header_evidence"": true, ""has_metadata_value_evidence"": false, ""has_title_evidence"": false, ""metadata_columns"": [""Live animals""], ""occurrence_count"": 10, ""table_count"": 10}",dimension_name,codex_rule_assisted_primary,Rule-assisted audit: header/source evidence names a table dimension. Primary milestone 9 audit label.
term_033cc052e18e295b08d0,Banova Jaruga - Kutina,banova jaruga - kutina,train_dev,metadata_value|occ_2_5|tables_2_5|no_title|no_header|value|single_role,2,4,"{""metadata_value"": 4}","{""has_header_evidence"": false, ""has_metadata_value_evidence"": true, ""has_title_evidence"": false, ""metadata_columns"": [""Rail network Segment (2015)"", ""Rail network segment (2020)""], ""occurrence_count"": 4, ""table_count"": 2}",other_ambiguous,codex_rule_assisted_primary,"Rule-assisted audit: conflicting, fragmentary, or insufficient evidence; kept out of four required classes. Primary milestone 9 audit label."
term_0380a083b0f026f078f0,transport,transport,train_dev,metadata_value+title_clause|occ_21_plus|tables_2_5|title|no_header|value|conflict,2,136,"{""metadata_value"": 135, ""title_clause"": 1}","{""has_header_evidence"": false, ""has_metadata_value_evidence"": true, ""has_title_evidence"": true, ""metadata_columns"": [""Classification of individual consumption by purpose (COICOP)"", ""Type of task or service""], ""occurrence_count"": 136, ""table_count"": 2}",other_ambiguous,codex_rule_assisted_primary,"Rule-assisted audit: conflicting, fragmentary, or insufficient evidence; kept out of four required classes. Primary milestone 9 audit label."
term_03961d630e0cb0a573b4,Stock of vehicles by category,stock of vehicles by category,train_dev,title_clause|occ_1|tables_1|title|no_header|no_value|single_role,1,1,"{""title_clause"": 1}","{""has_header_evidence"": false, ""has_metadata_value_evidence"": false, ""has_title_evidence"": true, ""metadata_columns"": [], ""occurrence_count"": 1, ""table_count"": 1}",measure,codex_rule_assisted_primary,Rule-assisted audit: title/source evidence names a measured statistical phenomenon. Primary milestone 9 audit label.
term_03c271f635184970c4c9,Assets - positions at the end of period,assets - positions at the end of period,train_dev,metadata_value|occ_21_plus|tables_2_5|no_title|no_header|value|single_role,4,108,"{""metadata_value"": 108}","{""has_header_evidence"": false, ""has_metadata_value_evidence"": true, ""has_title_evidence"": false, ""metadata_columns"": [""Stock or flow""], ""occurrence_count"": 108, ""table_count"": 4}",other_ambiguous,codex_rule_assisted_primary,"Rule-assisted audit: conflicting, fragmentary, or insufficient evidence; kept out of four required classes. Primary milestone 9 audit label."
term_03ced32e1105b8e7f8ef,Municipal waste,municipal waste,train_dev,metadata_value+title_full|occ_6_20|tables_2_5|title|no_header|value|conflict,2,9,"{""metadata_value"": 8, ""title_full"": 1}","{""has_header_evidence"": false, ""has_metadata_value_evidence"": true, ""has_title_evidence"": true, ""metadata_columns"": [""Statistical classification of economic activities in the European Community (NACE Rev. 2)""], ""occurrence_count"": 9, ""table_count"": 2}",other_ambiguous,codex_rule_assisted_primary,"Rule-assisted audit: conflicting, fragmentary, or insufficient evidence; kept out of four required classes. Primary milestone 9 audit label."
term_0574143d02a2d4d9f97c,From 0 to 17 years,from 0 to 17 years,train_dev,metadata_value|occ_21_plus|tables_2_5|no_title|no_header|value|single_role,2,57,"{""metadata_value"": 57}","{""has_header_evidence"": false, ""has_metadata_value_evidence"": true, ""has_title_evidence"": false, ""metadata_columns"": [""Age class""], ""occurrence_count"": 57, ""table_count"": 2}",dimension_value,codex_rule_assisted_primary,Rule-assisted audit: metadata-value/source evidence is a member of a dimension. Primary milestone 9 audit label.
term_059433977390d1fba833,"Group 1, category B - low-risk chemical active substances","group 1, category b - low-risk chemical active substances",train_dev,metadata_value|occ_2_5|tables_1|no_title|no_header|value|single_role,1,3,"{""metadata_value"": 3}","{""has_header_evidence"": false, ""has_metadata_value_evidence"": true, ""has_title_evidence"": false, ""metadata_columns"": [""Categorisation of active substances for harmonised risk indicator""], ""occurrence_count"": 3, ""table_count"": 1}",other_ambiguous,codex_rule_assisted_primary,"Rule-assisted audit: conflicting, fragmentary, or insufficient evidence; kept out of four required classes. Primary milestone 9 audit label."
term_065c7e132a8422c88e6f,Final consumption expenditure,final consumption expenditure,train_dev,metadata_value+title_full|occ_6_20|tables_2_5|title|no_header|value|conflict,4,17,"{""metadata_value"": 16, ""title_full"": 1}","{""has_header_evidence"": false, ""has_metadata_value_evidence"": true, ""has_title_evidence"": true, ""metadata_columns"": [""National accounts indicator (ESA 2010)""], ""occurrence_count"": 17, ""table_count"": 4}",other_ambiguous,codex_rule_assisted_primary,"Rule-assisted audit: conflicting, fragmentary, or insufficient evidence; kept out of four required classes. Primary milestone 9 audit label."
term_06805613d2075f44c3ed,current prices,current prices,train_dev,title_clause|occ_6_20|tables_6_20|title|no_header|no_value|single_role,12,12,"{""title_clause"": 12}","{""has_header_evidence"": false, ""has_metadata_value_evidence"": false, ""has_title_evidence"": true, ""metadata_columns"": [], ""occurrence_count"": 12, ""table_count"": 12}",measure,codex_rule_assisted_primary,Rule-assisted audit: title/source evidence names a measured statistical phenomenon. Primary milestone 9 audit label.
term_0729affbffe581b4844b,machinery and transport equipment,machinery and transport equipment,train_dev,metadata_value+title_clause|occ_21_plus|tables_2_5|title|no_header|value|conflict,4,24,"{""metadata_value"": 22, ""title_clause"": 2}","{""has_header_evidence"": false, ""has_metadata_value_evidence"": true, ""has_title_evidence"": true, ""metadata_columns"": [""Standard International Trade Classification (SITC Rev. 4, 2006)""], ""occurrence_count"": 24, ""table_count"": 4}",other_ambiguous,codex_rule_assisted_primary,"Rule-assisted audit: conflicting, fragmentary, or insufficient evidence; kept out of four required classes. Primary milestone 9 audit label."
term_07a033a44bdca39505ac,Environment indicator,environment indicator,train_dev,header_name|occ_6_20|tables_6_20|no_title|header|no_value|single_role,13,13,"{""header_name"": 13}","{""has_header_evidence"": true, ""has_metadata_value_evidence"": false, ""has_title_evidence"": false, ""metadata_columns"": [""Environment indicator""], ""occurrence_count"": 13, ""table_count"": 13}",dimension_name,codex_rule_assisted_primary,Rule-assisted audit: header/source evidence names a table dimension. Primary milestone 9 audit label.
term_07b358e48af08b7817ed,tonne,tonne,train_dev,metadata_value+title_clause|occ_21_plus|tables_6_20|title|no_header|value|conflict,11,729,"{""metadata_value"": 728, ""title_clause"": 1}","{""has_header_evidence"": false, ""has_metadata_value_evidence"": true, ""has_title_evidence"": true, ""metadata_columns"": [""Unit of measure""], ""occurrence_count"": 729, ""table_count"": 11}",unit,codex_rule_assisted_primary,Rule-assisted audit: unit dictionary or unit-like expression. Primary milestone 9 audit label.
term_08a9bc3ff0e4b5c337d4,Business trend indicator,business trend indicator,train_dev,header_name|occ_21_plus|tables_21_plus|no_title|header|no_value|single_role,39,39,"{""header_name"": 39}","{""has_header_evidence"": true, ""has_metadata_value_evidence"": false, ""has_title_evidence"": false, ""metadata_columns"": [""Business trend indicator""], ""occurrence_count"": 39, ""table_count"": 39}",dimension_name,codex_rule_assisted_primary,Rule-assisted audit: header/source evidence names a table dimension. Primary milestone 9 audit label.
term_08e46e1c50ec45963a72,Energy indicator,energy indicator,train_dev,header_name|occ_1|tables_1|no_title|header|no_value|single_role,1,1,"{""header_name"": 1}","{""has_header_evidence"": true, ""has_metadata_value_evidence"": false, ""has_title_evidence"": false, ""metadata_columns"": [""Energy indicator""], ""occurrence_count"": 1, ""table_count"": 1}",dimension_name,codex_rule_assisted_primary,Rule-assisted audit: header/source evidence names a table dimension. Primary milestone 9 audit label.
term_0906c9b75c817a5e6704,Currency,currency,train_dev,header_name+metadata_value|occ_21_plus|tables_21_plus|no_title|header|value|conflict,43,44,"{""header_name"": 41, ""metadata_value"": 3}","{""has_header_evidence"": true, ""has_metadata_value_evidence"": true, ""has_title_evidence"": false, ""metadata_columns"": [""Currency"", ""National accounts indicator (ESA 2010)"", ""currency""], ""occurrence_count"": 44, ""table_count"": 43}",other_ambiguous,codex_rule_assisted_primary,"Rule-assisted audit: conflicting, fragmentary, or insufficient evidence; kept out of four required classes. Primary milestone 9 audit label."
term_096308c54aae53b0cd02,Modalities of the variable for the ad-hoc module,modalities of the variable for the ad-hoc module,train_dev,header_name|occ_2_5|tables_2_5|no_title|header|no_value|single_role,5,5,"{""header_name"": 5}","{""has_header_evidence"": true, ""has_metadata_value_evidence"": false, ""has_title_evidence"": false, ""metadata_columns"": [""Modalities of the variable for the ad-hoc module""], ""occurrence_count"": 5, ""table_count"": 5}",dimension_name,codex_rule_assisted_primary,Rule-assisted audit: header/source evidence names a table dimension. Primary milestone 9 audit label.
term_09a03dbab4a735b23acc,enterprises with 10 employed persons or more,enterprises with 10 employed persons or more,train_dev,title_clause|occ_6_20|tables_6_20|title|no_header|no_value|single_role,15,15,"{""title_clause"": 15}","{""has_header_evidence"": false, ""has_metadata_value_evidence"": false, ""has_title_evidence"": true, ""metadata_columns"": [], ""occurrence_count"": 15, ""table_count"": 15}",other_ambiguous,codex_rule_assisted_primary,"Rule-assisted audit: conflicting, fragmentary, or insufficient evidence; kept out of four required classes. Primary milestone 9 audit label."
term_09bdf7a9aa386e28754c,Gamay noir,gamay noir,train_dev,metadata_value|occ_6_20|tables_1|no_title|no_header|value|single_role,1,9,"{""metadata_value"": 9}","{""has_header_evidence"": false, ""has_metadata_value_evidence"": true, ""has_title_evidence"": false, ""metadata_columns"": [""Wine-grape vine variety""], ""occurrence_count"": 9, ""table_count"": 1}",other_ambiguous,codex_rule_assisted_primary,"Rule-assisted audit: conflicting, fragmentary, or insufficient evidence; kept out of four required classes. Primary milestone 9 audit label."
term_0b3f925d4f4b90eedab4,Compensation of employees,compensation of employees,train_dev,metadata_value+title_clause+title_full|occ_21_plus|tables_2_5|title|no_header|value|conflict,2,112,"{""metadata_value"": 110, ""title_clause"": 1, ""title_full"": 1}","{""has_header_evidence"": false, ""has_metadata_value_evidence"": true, ""has_title_evidence"": true, ""metadata_columns"": [""National accounts indicator (ESA 2010)""], ""occurrence_count"": 112, ""table_count"": 2}",other_ambiguous,codex_rule_assisted_primary,"Rule-assisted audit: conflicting, fragmentary, or insufficient evidence; kept out of four required classes. Primary milestone 9 audit label."
term_0b79526aad78ab61e1c1,Hornslet - Gren-Å,hornslet - gren-å,train_dev,metadata_value|occ_2_5|tables_1|no_title|no_header|value|single_role,1,2,"{""metadata_value"": 2}","{""has_header_evidence"": false, ""has_metadata_value_evidence"": true, ""has_title_evidence"": false, ""metadata_columns"": [""Rail network segment (2010)""], ""occurrence_count"": 2, ""table_count"": 1}",other_ambiguous,codex_rule_assisted_primary,"Rule-assisted audit: conflicting, fragmentary, or insufficient evidence; kept out of four required classes. Primary milestone 9 audit label."
term_0becf95b49fd1bb5d4d1,SKOPJE airport,skopje airport,train_dev,metadata_value|occ_1|tables_1|no_title|no_header|value|single_role,1,1,"{""metadata_value"": 1}","{""has_header_evidence"": false, ""has_metadata_value_evidence"": true, ""has_title_evidence"": false, ""metadata_columns"": [""Reporting airport""], ""occurrence_count"": 1, ""table_count"": 1}",other_ambiguous,codex_rule_assisted_primary,"Rule-assisted audit: conflicting, fragmentary, or insufficient evidence; kept out of four required classes. Primary milestone 9 audit label."
term_0c23df4b59821a56b177,Duty stations,duty stations,train_dev,title_clause|occ_2_5|tables_2_5|title|no_header|no_value|single_role,3,3,"{""title_clause"": 3}","{""has_header_evidence"": false, ""has_metadata_value_evidence"": false, ""has_title_evidence"": true, ""metadata_columns"": [], ""occurrence_count"": 3, ""table_count"": 3}",other_ambiguous,codex_rule_assisted_primary,"Rule-assisted audit: conflicting, fragmentary, or insufficient evidence; kept out of four required classes. Primary milestone 9 audit label."
term_0c554a4d769f9556c11a,n_action,n_action,train_dev,header_name|occ_1|tables_1|no_title|header|no_value|single_role,1,1,"{""header_name"": 1}","{""has_header_evidence"": true, ""has_metadata_value_evidence"": false, ""has_title_evidence"": false, ""metadata_columns"": [""n_action""], ""occurrence_count"": 1, ""table_count"": 1}",dimension_name,codex_rule_assisted_primary,Rule-assisted audit: header/source evidence names a table dimension. Primary milestone 9 audit label.
term_0c5ced3e9a911f5bfd76,"Total, black varieties","total, black varieties",train_dev,metadata_value|occ_6_20|tables_2_5|no_title|no_header|value|single_role,2,18,"{""metadata_value"": 18}","{""has_header_evidence"": false, ""has_metadata_value_evidence"": true, ""has_title_evidence"": false, ""metadata_columns"": [""Wine-grape vine variety""], ""occurrence_count"": 18, ""table_count"": 2}",dimension_value,codex_rule_assisted_primary,Rule-assisted audit: metadata-value/source evidence is a member of a dimension. Primary milestone 9 audit label.
term_0d01395919a8327fe3f2,F,f,train_dev,metadata_value+title_clause|occ_21_plus|tables_2_5|title|no_header|value|conflict,4,43,"{""metadata_value"": 41, ""title_clause"": 2}","{""has_header_evidence"": false, ""has_metadata_value_evidence"": true, ""has_title_evidence"": true, ""metadata_columns"": [""nace_r1""], ""occurrence_count"": 43, ""table_count"": 4}",other_ambiguous,codex_rule_assisted_primary,"Rule-assisted audit: conflicting, fragmentary, or insufficient evidence; kept out of four required classes. Primary milestone 9 audit label."
term_0d36ab73dc5296625dc8,Sex,sex,train_dev,header_name|occ_21_plus|tables_21_plus|no_title|header|no_value|single_role,420,420,"{""header_name"": 420}","{""has_header_evidence"": true, ""has_metadata_value_evidence"": false, ""has_title_evidence"": false, ""metadata_columns"": [""Sex"", ""sex""], ""occurrence_count"": 420, ""table_count"": 420}",dimension_name,codex_rule_assisted_primary,Rule-assisted audit: header/source evidence names a table dimension. Primary milestone 9 audit label.
term_0dbef76c963d0bce50cc,Time frequency,time frequency,train_dev,header_name|occ_21_plus|tables_21_plus|no_title|header|no_value|single_role,2000,2000,"{""header_name"": 2000}","{""has_header_evidence"": true, ""has_metadata_value_evidence"": false, ""has_title_evidence"": false, ""metadata_columns"": [""Time frequency""], ""occurrence_count"": 2000, ""table_count"": 2000}",dimension_name,codex_rule_assisted_primary,Rule-assisted audit: header/source evidence names a table dimension. Primary milestone 9 audit label.
term_0e49656bced68841efab,Investment rate of non-financial corporations,investment rate of non-financial corporations,train_dev,title_full|occ_1|tables_1|title|no_header|no_value|single_role,1,1,"{""title_full"": 1}","{""has_header_evidence"": false, ""has_metadata_value_evidence"": false, ""has_title_evidence"": true, ""metadata_columns"": [], ""occurrence_count"": 1, ""table_count"": 1}",measure,codex_rule_assisted_primary,Rule-assisted audit: title/source evidence names a measured statistical phenomenon. Primary milestone 9 audit label.
term_0f914c04f0ad97f8eba0,airports,airports,train_dev,metadata_value+title_clause|occ_21_plus|tables_2_5|title|no_header|value|conflict,2,38,"{""metadata_value"": 37, ""title_clause"": 1}","{""has_header_evidence"": false, ""has_metadata_value_evidence"": true, ""has_title_evidence"": true, ""metadata_columns"": [""Transport infrastructure""], ""occurrence_count"": 38, ""table_count"": 2}",other_ambiguous,codex_rule_assisted_primary,"Rule-assisted audit: conflicting, fragmentary, or insufficient evidence; kept out of four required classes. Primary milestone 9 audit label."
term_0fe2fa6ab9a6d4369efc,G-I,g-i,train_dev,title_clause|occ_2_5|tables_2_5|title|no_header|no_value|single_role,2,2,"{""title_clause"": 2}","{""has_header_evidence"": false, ""has_metadata_value_evidence"": false, ""has_title_evidence"": true, ""metadata_columns"": [], ""occurrence_count"": 2, ""table_count"": 2}",other_ambiguous,codex_rule_assisted_primary,"Rule-assisted audit: conflicting, fragmentary, or insufficient evidence; kept out of four required classes. Primary milestone 9 audit label."
term_10458e14cae1533c89d1,NO_AROPE,no_arope,train_dev,metadata_value|occ_21_plus|tables_1|no_title|no_header|value|single_role,1,34,"{""metadata_value"": 34}","{""has_header_evidence"": false, ""has_metadata_value_evidence"": true, ""has_title_evidence"": false, ""metadata_columns"": [""yn_arope""], ""occurrence_count"": 34, ""table_count"": 1}",other_ambiguous,codex_rule_assisted_primary,"Rule-assisted audit: conflicting, fragmentary, or insufficient evidence; kept out of four required classes. Primary milestone 9 audit label."
term_105a2ffb11d7eed554bc,Sludge production - total,sludge production - total,train_dev,metadata_value|occ_21_plus|tables_1|no_title|no_header|value|single_role,1,31,"{""metadata_value"": 31}","{""has_header_evidence"": false, ""has_metadata_value_evidence"": true, ""has_title_evidence"": false, ""metadata_columns"": [""Wastewater treatment plant parameters""], ""occurrence_count"": 31, ""table_count"": 1}",dimension_value,codex_rule_assisted_primary,Rule-assisted audit: metadata-value/source evidence is a member of a dimension. Primary milestone 9 audit label.
term_10882c9ad6d6c3875861,"credits, debits and balance","credits, debits and balance",train_dev,title_clause|occ_2_5|tables_2_5|title|no_header|no_value|single_role,5,5,"{""title_clause"": 5}","{""has_header_evidence"": false, ""has_metadata_value_evidence"": false, ""has_title_evidence"": true, ""metadata_columns"": [], ""occurrence_count"": 5, ""table_count"": 5}",other_ambiguous,codex_rule_assisted_primary,"Rule-assisted audit: conflicting, fragmentary, or insufficient evidence; kept out of four required classes. Primary milestone 9 audit label."
term_109c7527c2782f5e5b6d,Persons owning real estate other than main residence by income quantile,persons owning real estate other than main residence by income quantile,train_dev,title_full|occ_1|tables_1|title|no_header|no_value|single_role,1,1,"{""title_full"": 1}","{""has_header_evidence"": false, ""has_metadata_value_evidence"": false, ""has_title_evidence"": true, ""metadata_columns"": [], ""occurrence_count"": 1, ""table_count"": 1}",measure,codex_rule_assisted_primary,Rule-assisted audit: title/source evidence names a measured statistical phenomenon. Primary milestone 9 audit label.
term_110b10f66febe23d4147,Statistical Classification of Products by Activity (CPA 2.1),statistical classification of products by activity (cpa 2.1),train_dev,header_name|occ_1|tables_1|no_title|header|no_value|single_role,1,1,"{""header_name"": 1}","{""has_header_evidence"": true, ""has_metadata_value_evidence"": false, ""has_title_evidence"": false, ""metadata_columns"": [""Statistical Classification of Products by Activity (CPA 2.1)""], ""occurrence_count"": 1, ""table_count"": 1}",dimension_name,codex_rule_assisted_primary,Rule-assisted audit: header/source evidence names a table dimension. Primary milestone 9 audit label.
term_11690bfa78e5b9ada064,Employment rate by sex,employment rate by sex,train_dev,title_full|occ_2_5|tables_2_5|title|no_header|no_value|single_role,2,2,"{""title_full"": 2}","{""has_header_evidence"": false, ""has_metadata_value_evidence"": false, ""has_title_evidence"": true, ""metadata_columns"": [], ""occurrence_count"": 2, ""table_count"": 2}",measure,codex_rule_assisted_primary,Rule-assisted audit: title/source evidence names a measured statistical phenomenon. Primary milestone 9 audit label.
term_11adf8405d6371171554,Tertiary education (levels 5-8),tertiary education (levels 5-8),train_dev,metadata_value|occ_21_plus|tables_21_plus|no_title|no_header|value|single_role,28,1222,"{""metadata_value"": 1222}","{""has_header_evidence"": false, ""has_metadata_value_evidence"": true, ""has_title_evidence"": false, ""metadata_columns"": [""International Standard Classification of Education (ISCED 2011)""], ""occurrence_count"": 1222, ""table_count"": 28}",other_ambiguous,codex_rule_assisted_primary,"Rule-assisted audit: conflicting, fragmentary, or insufficient evidence; kept out of four required classes. Primary milestone 9 audit label."
term_120e767f33d49114efb9,Gross value added - NACE Rev. 2: J - current prices,gross value added - nace rev. 2: j - current prices,train_dev,title_full|occ_1|tables_1|title|no_header|no_value|single_role,1,1,"{""title_full"": 1}","{""has_header_evidence"": false, ""has_metadata_value_evidence"": false, ""has_title_evidence"": true, ""metadata_columns"": [], ""occurrence_count"": 1, ""table_count"": 1}",measure,codex_rule_assisted_primary,Rule-assisted audit: title/source evidence names a measured statistical phenomenon. Primary milestone 9 audit label.
term_1250f14be0cf26a88ac8,Species,species,train_dev,header_name|occ_6_20|tables_6_20|no_title|header|no_value|single_role,7,7,"{""header_name"": 7}","{""has_header_evidence"": true, ""has_metadata_value_evidence"": false, ""has_title_evidence"": false, ""metadata_columns"": [""Species"", ""species""], ""occurrence_count"": 7, ""table_count"": 7}",dimension_name,codex_rule_assisted_primary,Rule-assisted audit: header/source evidence names a table dimension. Primary milestone 9 audit label.
term_12b75b9502e191a2dbb1,From 5 to 10 years,from 5 to 10 years,train_dev,metadata_value|occ_21_plus|tables_1|no_title|no_header|value|single_role,1,38,"{""metadata_value"": 38}","{""has_header_evidence"": false, ""has_metadata_value_evidence"": true, ""has_title_evidence"": false, ""metadata_columns"": [""Age class""], ""occurrence_count"": 38, ""table_count"": 1}",dimension_value,codex_rule_assisted_primary,Rule-assisted audit: metadata-value/source evidence is a member of a dimension. Primary milestone 9 audit label.
term_14e0aa6fe349702e6ee1,Heuston - Galway,heuston - galway,train_dev,metadata_value|occ_2_5|tables_2_5|no_title|no_header|value|single_role,4,4,"{""metadata_value"": 4}","{""has_header_evidence"": false, ""has_metadata_value_evidence"": true, ""has_title_evidence"": false, ""metadata_columns"": [""Rail network Segment (2015)"", ""Rail network segment (2005)"", ""Rail network segment (2010)"", ""Rail network segment (2020)""], ""occurrence_count"": 4, ""table_count"": 4}",other_ambiguous,codex_rule_assisted_primary,"Rule-assisted audit: conflicting, fragmentary, or insufficient evidence; kept out of four required classes. Primary milestone 9 audit label."
term_16fc6320f0a2ffc0fae8,Karsava - Eglaine,karsava - eglaine,train_dev,metadata_value|occ_6_20|tables_2_5|no_title|no_header|value|single_role,3,6,"{""metadata_value"": 6}","{""has_header_evidence"": false, ""has_metadata_value_evidence"": true, ""has_title_evidence"": false, ""metadata_columns"": [""Rail network Segment (2015)"", ""Rail network segment (2005)"", ""Rail network segment (2010)""], ""occurrence_count"": 6, ""table_count"": 3}",other_ambiguous,codex_rule_assisted_primary,"Rule-assisted audit: conflicting, fragmentary, or insufficient evidence; kept out of four required classes. Primary milestone 9 audit label."
term_16fd478e1b87592d4a50,Crude death rate - per thousand persons,crude death rate - per thousand persons,train_dev,metadata_value|occ_21_plus|tables_2_5|no_title|no_header|value|single_role,2,61,"{""metadata_value"": 61}","{""has_header_evidence"": false, ""has_metadata_value_evidence"": true, ""has_title_evidence"": false, ""metadata_columns"": [""Demographic indicator""], ""occurrence_count"": 61, ""table_count"": 2}",unit,codex_rule_assisted_primary,Rule-assisted audit: unit dictionary or unit-like expression. Primary milestone 9 audit label.
term_176e3bdb2be49d43c5e6,Helsinki,helsinki,train_dev,metadata_value|occ_6_20|tables_6_20|no_title|no_header|value|single_role,7,12,"{""metadata_value"": 12}","{""has_header_evidence"": false, ""has_metadata_value_evidence"": true, ""has_title_evidence"": false, ""metadata_columns"": [""Maritime entity (reporting)\\Time"", ""Metropolitan regions\\Time""], ""occurrence_count"": 12, ""table_count"": 7}",other_ambiguous,codex_rule_assisted_primary,"Rule-assisted audit: conflicting, fragmentary, or insufficient evidence; kept out of four required classes. Primary milestone 9 audit label."
term_17b9fca22b76da3e2355,Fish catches - ENP-East countries,fish catches - enp-east countries,train_dev,title_full|occ_1|tables_1|title|no_header|no_value|single_role,1,1,"{""title_full"": 1}","{""has_header_evidence"": false, ""has_metadata_value_evidence"": false, ""has_title_evidence"": true, ""metadata_columns"": [], ""occurrence_count"": 1, ""table_count"": 1}",measure,codex_rule_assisted_primary,Rule-assisted audit: title/source evidence names a measured statistical phenomenon. Primary milestone 9 audit label.
term_1831cd34b47fd80d892a,Área Metropolitana de Lisboa (NUTS 2021),área metropolitana de lisboa (nuts 2021),train_dev,metadata_value|occ_21_plus|tables_21_plus|no_title|no_header|value|single_role,26,26,"{""metadata_value"": 26}","{""has_header_evidence"": false, ""has_metadata_value_evidence"": true, ""has_title_evidence"": false, ""metadata_columns"": [""Geopolitical entity (reporting)\\Time""], ""occurrence_count"": 26, ""table_count"": 26}",other_ambiguous,codex_rule_assisted_primary,"Rule-assisted audit: conflicting, fragmentary, or insufficient evidence; kept out of four required classes. Primary milestone 9 audit label."
term_18f67406afb8ce105bd5,No permanent job found,no permanent job found,train_dev,metadata_value|occ_21_plus|tables_1|no_title|no_header|value|single_role,1,38,"{""metadata_value"": 38}","{""has_header_evidence"": false, ""has_metadata_value_evidence"": true, ""has_title_evidence"": false, ""metadata_columns"": [""Reason""], ""occurrence_count"": 38, ""table_count"": 1}",other_ambiguous,codex_rule_assisted_primary,"Rule-assisted audit: conflicting, fragmentary, or insufficient evidence; kept out of four required classes. Primary milestone 9 audit label."
term_193d90332535606567be,Harvested production in EU standard humidity (1000 t),harvested production in eu standard humidity (1000 t),train_dev,metadata_value|occ_21_plus|tables_6_20|no_title|no_header|value|single_role,10,542,"{""metadata_value"": 542}","{""has_header_evidence"": false, ""has_metadata_value_evidence"": true, ""has_title_evidence"": false, ""metadata_columns"": [""Structure of production""], ""occurrence_count"": 542, ""table_count"": 10}",other_ambiguous,codex_rule_assisted_primary,"Rule-assisted audit: conflicting, fragmentary, or insufficient evidence; kept out of four required classes. Primary milestone 9 audit label."
term_197ca9245affe7ba755e,Material footprint,material footprint,train_dev,title_full|occ_2_5|tables_2_5|title|no_header|no_value|single_role,2,2,"{""title_full"": 2}","{""has_header_evidence"": false, ""has_metadata_value_evidence"": false, ""has_title_evidence"": true, ""metadata_columns"": [], ""occurrence_count"": 2, ""table_count"": 2}",other_ambiguous,codex_rule_assisted_primary,"Rule-assisted audit: conflicting, fragmentary, or insufficient evidence; kept out of four required classes. Primary milestone 9 audit label."
term_1996bcebef964eadfb9c,"Net enrolment rate at ISCED 1, male (%)","net enrolment rate at isced 1, male (%)",train_dev,metadata_value|occ_6_20|tables_1|no_title|no_header|value|single_role,1,8,"{""metadata_value"": 8}","{""has_header_evidence"": false, ""has_metadata_value_evidence"": true, ""has_title_evidence"": false, ""metadata_columns"": [""Indicator used in Euro_Med""], ""occurrence_count"": 8, ""table_count"": 1}",dimension_value,codex_rule_assisted_primary,Rule-assisted audit: metadata-value/source evidence is a member of a dimension. Primary milestone 9 audit label.
term_19aff867b2805e800b81,National accounts indicator (ESA 2010),national accounts indicator (esa 2010),train_dev,header_name|occ_21_plus|tables_21_plus|no_title|header|no_value|single_role,119,119,"{""header_name"": 119}","{""has_header_evidence"": true, ""has_metadata_value_evidence"": false, ""has_title_evidence"": false, ""metadata_columns"": [""National accounts indicator (ESA 2010)""], ""occurrence_count"": 119, ""table_count"": 119}",dimension_name,codex_rule_assisted_primary,Rule-assisted audit: header/source evidence names a table dimension. Primary milestone 9 audit label.
term_1a0287a0e6789b6ad481,females,females,train_dev,metadata_value+title_clause|occ_21_plus|tables_21_plus|title|no_header|value|conflict,228,12689,"{""metadata_value"": 12688, ""title_clause"": 1}","{""has_header_evidence"": false, ""has_metadata_value_evidence"": true, ""has_title_evidence"": true, ""metadata_columns"": [""Sex"", ""Sex\\Time""], ""occurrence_count"": 12689, ""table_count"": 228}",other_ambiguous,codex_rule_assisted_primary,"Rule-assisted audit: conflicting, fragmentary, or insufficient evidence; kept out of four required classes. Primary milestone 9 audit label."
term_1a83ce114f8665ebf19c,Survey answer - Yes/No,survey answer - yes/no,train_dev,header_name|occ_6_20|tables_6_20|no_title|header|no_value|single_role,8,8,"{""header_name"": 8}","{""has_header_evidence"": true, ""has_metadata_value_evidence"": false, ""has_title_evidence"": false, ""metadata_columns"": [""Survey answer - Yes/No""], ""occurrence_count"": 8, ""table_count"": 8}",dimension_name,codex_rule_assisted_primary,Rule-assisted audit: header/source evidence names a table dimension. Primary milestone 9 audit label.
term_1a89fd7baf6d9225861e,aged 15-64,aged 15-64,train_dev,title_clause|occ_2_5|tables_2_5|title|no_header|no_value|single_role,2,2,"{""title_clause"": 2}","{""has_header_evidence"": false, ""has_metadata_value_evidence"": false, ""has_title_evidence"": true, ""metadata_columns"": [], ""occurrence_count"": 2, ""table_count"": 2}",other_ambiguous,codex_rule_assisted_primary,"Rule-assisted audit: conflicting, fragmentary, or insufficient evidence; kept out of four required classes. Primary milestone 9 audit label."
term_1a9600ec300ef568937e,MSHH,mshh,train_dev,metadata_value|occ_21_plus|tables_2_5|no_title|no_header|value|single_role,2,77,"{""metadata_value"": 77}","{""has_header_evidence"": false, ""has_metadata_value_evidence"": true, ""has_title_evidence"": false, ""metadata_columns"": [""indic_en""], ""occurrence_count"": 77, ""table_count"": 2}",other_ambiguous,codex_rule_assisted_primary,"Rule-assisted audit: conflicting, fragmentary, or insufficient evidence; kept out of four required classes. Primary milestone 9 audit label."
term_1a9aadaff013b5c2e16a,Zagreb Resnik - Sesvete,zagreb resnik - sesvete,train_dev,metadata_value|occ_2_5|tables_2_5|no_title|no_header|value|single_role,2,4,"{""metadata_value"": 4}","{""has_header_evidence"": false, ""has_metadata_value_evidence"": true, ""has_title_evidence"": false, ""metadata_columns"": [""Rail network Segment (2015)"", ""Rail network segment (2020)""], ""occurrence_count"": 4, ""table_count"": 2}",other_ambiguous,codex_rule_assisted_primary,"Rule-assisted audit: conflicting, fragmentary, or insufficient evidence; kept out of four required classes. Primary milestone 9 audit label."
term_1a9d0544d0fbe97f85a8,"Source sectors for emissions of air pollutants (Nomenclature for reporting, CLRTAP)","source sectors for emissions of air pollutants (nomenclature for reporting, clrtap)",train_dev,header_name|occ_1|tables_1|no_title|header|no_value|single_role,1,1,"{""header_name"": 1}","{""has_header_evidence"": true, ""has_metadata_value_evidence"": false, ""has_title_evidence"": false, ""metadata_columns"": [""Source sectors for emissions of air pollutants (Nomenclature for reporting, CLRTAP)""], ""occurrence_count"": 1, ""table_count"": 1}",dimension_name,codex_rule_assisted_primary,Rule-assisted audit: header/source evidence names a table dimension. Primary milestone 9 audit label.
term_1ae4e797ccc2b9f94d50,Smoothed estimate - upper boundary of the 95% confidence interval,smoothed estimate - upper boundary of the 95% confidence interval,train_dev,metadata_value|occ_6_20|tables_1|no_title|no_header|value|single_role,1,9,"{""metadata_value"": 9}","{""has_header_evidence"": false, ""has_metadata_value_evidence"": true, ""has_title_evidence"": false, ""metadata_columns"": [""Statistical information""], ""occurrence_count"": 9, ""table_count"": 1}",other_ambiguous,codex_rule_assisted_primary,"Rule-assisted audit: conflicting, fragmentary, or insufficient evidence; kept out of four required classes. Primary milestone 9 audit label."
term_1b3b91be57c331061d98,Frederikshavn - Hjørring,frederikshavn - hjørring,train_dev,metadata_value|occ_2_5|tables_1|no_title|no_header|value|single_role,1,2,"{""metadata_value"": 2}","{""has_header_evidence"": false, ""has_metadata_value_evidence"": true, ""has_title_evidence"": false, ""metadata_columns"": [""Rail network segment (2020)""], ""occurrence_count"": 2, ""table_count"": 1}",other_ambiguous,codex_rule_assisted_primary,"Rule-assisted audit: conflicting, fragmentary, or insufficient evidence; kept out of four required classes. Primary milestone 9 audit label."
term_1d20fa043b286c13ecee,Hausfeldstra?E - Marchegg,hausfeldstra?e - marchegg,train_dev,metadata_value|occ_2_5|tables_1|no_title|no_header|value|single_role,1,2,"{""metadata_value"": 2}","{""has_header_evidence"": false, ""has_metadata_value_evidence"": true, ""has_title_evidence"": false, ""metadata_columns"": [""Rail network segment (2005)""], ""occurrence_count"": 2, ""table_count"": 1}",other_ambiguous,codex_rule_assisted_primary,"Rule-assisted audit: conflicting, fragmentary, or insufficient evidence; kept out of four required classes. Primary milestone 9 audit label."
term_1d24ff8d0dccd49e86d3,households,households,train_dev,metadata_value+title_clause|occ_21_plus|tables_21_plus|title|no_header|value|conflict,21,788,"{""metadata_value"": 787, ""title_clause"": 1}","{""has_header_evidence"": false, ""has_metadata_value_evidence"": true, ""has_title_evidence"": true, ""metadata_columns"": [""Client/Trader"", ""Sector"", ""Statistical classification of economic activities in the European Community (NACE Rev. 2)""], ""occurrence_count"": 788, ""table_count"": 21}",other_ambiguous,codex_rule_assisted_primary,"Rule-assisted audit: conflicting, fragmentary, or insufficient evidence; kept out of four required classes. Primary milestone 9 audit label."
term_1d36fabdc211d3d3ebf1,Housing cost overburden rate by household type,housing cost overburden rate by household type,train_dev,title_clause|occ_1|tables_1|title|no_header|no_value|single_role,1,1,"{""title_clause"": 1}","{""has_header_evidence"": false, ""has_metadata_value_evidence"": false, ""has_title_evidence"": true, ""metadata_columns"": [], ""occurrence_count"": 1, ""table_count"": 1}",measure,codex_rule_assisted_primary,Rule-assisted audit: title/source evidence names a measured statistical phenomenon. Primary milestone 9 audit label.
term_1da6a921ad245f6baa3e,Percentage of disposable income,percentage of disposable income,train_dev,metadata_value|occ_21_plus|tables_6_20|no_title|no_header|value|single_role,9,1777,"{""metadata_value"": 1777}","{""has_header_evidence"": false, ""has_metadata_value_evidence"": true, ""has_title_evidence"": false, ""metadata_columns"": [""Unit of measure""], ""occurrence_count"": 1777, ""table_count"": 9}",unit,codex_rule_assisted_primary,Rule-assisted audit: unit dictionary or unit-like expression. Primary milestone 9 audit label.
term_1dd78339d249c0bf5eb9,ind_outp,ind_outp,train_dev,header_name|occ_1|tables_1|no_title|header|no_value|single_role,1,1,"{""header_name"": 1}","{""has_header_evidence"": true, ""has_metadata_value_evidence"": false, ""has_title_evidence"": false, ""metadata_columns"": [""ind_outp""], ""occurrence_count"": 1, ""table_count"": 1}",dimension_name,codex_rule_assisted_primary,Rule-assisted audit: header/source evidence names a table dimension. Primary milestone 9 audit label.
term_1e3d4822dbc2658aeab9,Type of level crossing,type of level crossing,train_dev,header_name|occ_1|tables_1|no_title|header|no_value|single_role,1,1,"{""header_name"": 1}","{""has_header_evidence"": true, ""has_metadata_value_evidence"": false, ""has_title_evidence"": false, ""metadata_columns"": [""Type of level crossing""], ""occurrence_count"": 1, ""table_count"": 1}",dimension_name,codex_rule_assisted_primary,Rule-assisted audit: header/source evidence names a table dimension. Primary milestone 9 audit label.
term_1e6259d9ae814895dacf,Offered or uploaded on own initiative,offered or uploaded on own initiative,train_dev,metadata_value|occ_6_20|tables_1|no_title|no_header|value|single_role,1,9,"{""metadata_value"": 9}","{""has_header_evidence"": false, ""has_metadata_value_evidence"": true, ""has_title_evidence"": false, ""metadata_columns"": [""Work assignment""], ""occurrence_count"": 9, ""table_count"": 1}",other_ambiguous,codex_rule_assisted_primary,"Rule-assisted audit: conflicting, fragmentary, or insufficient evidence; kept out of four required classes. Primary milestone 9 audit label."
term_1e743d9b1258c1de41dc,Bachelor's or equivalent level,bachelor's or equivalent level,train_dev,metadata_value|occ_21_plus|tables_2_5|no_title|no_header|value|single_role,3,97,"{""metadata_value"": 97}","{""has_header_evidence"": false, ""has_metadata_value_evidence"": true, ""has_title_evidence"": false, ""metadata_columns"": [""International Standard Classification of Education (ISCED 2011)""], ""occurrence_count"": 97, ""table_count"": 3}",other_ambiguous,codex_rule_assisted_primary,"Rule-assisted audit: conflicting, fragmentary, or insufficient evidence; kept out of four required classes. Primary milestone 9 audit label."
term_1ed4785d7f1c3999b0fd,Statistical information,statistical information,train_dev,header_name|occ_21_plus|tables_21_plus|no_title|header|no_value|single_role,46,46,"{""header_name"": 46}","{""has_header_evidence"": true, ""has_metadata_value_evidence"": false, ""has_title_evidence"": false, ""metadata_columns"": [""Statistical information""], ""occurrence_count"": 46, ""table_count"": 46}",dimension_name,codex_rule_assisted_primary,Rule-assisted audit: header/source evidence names a table dimension. Primary milestone 9 audit label.
term_1f0f89c54c95901d0de1,Paneriai - Vaidotai,paneriai - vaidotai,train_dev,metadata_value|occ_6_20|tables_2_5|no_title|no_header|value|single_role,4,9,"{""metadata_value"": 9}","{""has_header_evidence"": false, ""has_metadata_value_evidence"": true, ""has_title_evidence"": false, ""metadata_columns"": [""Rail network Segment (2015)"", ""Rail network segment (2005)"", ""Rail network segment (2010)"", ""Rail network segment (2020)""], ""occurrence_count"": 9, ""table_count"": 4}",other_ambiguous,codex_rule_assisted_primary,"Rule-assisted audit: conflicting, fragmentary, or insufficient evidence; kept out of four required classes. Primary milestone 9 audit label."
term_1f1791739b202bfbfa21,quarterly data,quarterly data,train_dev,title_clause|occ_6_20|tables_6_20|title|no_header|no_value|single_role,11,11,"{""title_clause"": 11}","{""has_header_evidence"": false, ""has_metadata_value_evidence"": false, ""has_title_evidence"": true, ""metadata_columns"": [], ""occurrence_count"": 11, ""table_count"": 11}",other_ambiguous,codex_rule_assisted_primary,"Rule-assisted audit: conflicting, fragmentary, or insufficient evidence; kept out of four required classes. Primary milestone 9 audit label."
term_1f49d6c7dfba8ab51c18,Gender parity index at ISCED 2 (ratio),gender parity index at isced 2 (ratio),train_dev,metadata_value|occ_6_20|tables_1|no_title|no_header|value|single_role,1,8,"{""metadata_value"": 8}","{""has_header_evidence"": false, ""has_metadata_value_evidence"": true, ""has_title_evidence"": false, ""metadata_columns"": [""Indicator used in Euro_Med""], ""occurrence_count"": 8, ""table_count"": 1}",other_ambiguous,codex_rule_assisted_primary,"Rule-assisted audit: conflicting, fragmentary, or insufficient evidence; kept out of four required classes. Primary milestone 9 audit label."
term_1fa0268e6c6558a3cd45,Crops,crops,train_dev,header_name|occ_6_20|tables_6_20|no_title|header|no_value|single_role,20,20,"{""header_name"": 20}","{""has_header_evidence"": true, ""has_metadata_value_evidence"": false, ""has_title_evidence"": false, ""metadata_columns"": [""Crops""], ""occurrence_count"": 20, ""table_count"": 20}",dimension_name,codex_rule_assisted_primary,Rule-assisted audit: header/source evidence names a table dimension. Primary milestone 9 audit label.
term_2019d124a93565bd11ed,Oslo,oslo,train_dev,metadata_value|occ_6_20|tables_6_20|no_title|no_header|value|single_role,6,6,"{""metadata_value"": 6}","{""has_header_evidence"": false, ""has_metadata_value_evidence"": true, ""has_title_evidence"": false, ""metadata_columns"": [""Metropolitan regions\\Time""], ""occurrence_count"": 6, ""table_count"": 6}",other_ambiguous,codex_rule_assisted_primary,"Rule-assisted audit: conflicting, fragmentary, or insufficient evidence; kept out of four required classes. Primary milestone 9 audit label."
term_204ec61b0e7f2d212ffe,"Pupils aged 3 years old, by sex","pupils aged 3 years old, by sex",train_dev,title_clause|occ_1|tables_1|title|no_header|no_value|single_role,1,1,"{""title_clause"": 1}","{""has_header_evidence"": false, ""has_metadata_value_evidence"": false, ""has_title_evidence"": true, ""metadata_columns"": [], ""occurrence_count"": 1, ""table_count"": 1}",measure,codex_rule_assisted_primary,Rule-assisted audit: title/source evidence names a measured statistical phenomenon. Primary milestone 9 audit label.
term_2097336e8dbd0c8ed404,Ammonia emissions from agriculture,ammonia emissions from agriculture,train_dev,title_clause+title_full|occ_2_5|tables_2_5|title|no_header|no_value|conflict,2,2,"{""title_clause"": 1, ""title_full"": 1}","{""has_header_evidence"": false, ""has_metadata_value_evidence"": false, ""has_title_evidence"": true, ""metadata_columns"": [], ""occurrence_count"": 2, ""table_count"": 2}",other_ambiguous,codex_rule_assisted_primary,"Rule-assisted audit: conflicting, fragmentary, or insufficient evidence; kept out of four required classes. Primary milestone 9 audit label."
term_20cb5750a65171a43a84,Train category\Time,train category\time,train_dev,header_name|occ_21_plus|tables_21_plus|no_title|header|no_value|single_role,57,57,"{""header_name"": 57}","{""has_header_evidence"": true, ""has_metadata_value_evidence"": false, ""has_title_evidence"": false, ""metadata_columns"": [""Train category\\Time""], ""occurrence_count"": 57, ""table_count"": 57}",dimension_name,codex_rule_assisted_primary,Rule-assisted audit: header/source evidence names a table dimension. Primary milestone 9 audit label.
term_20e5111d34e260933ba7,Rosslare - Connolly,rosslare - connolly,train_dev,metadata_value|occ_2_5|tables_2_5|no_title|no_header|value|single_role,4,4,"{""metadata_value"": 4}","{""has_header_evidence"": false, ""has_metadata_value_evidence"": true, ""has_title_evidence"": false, ""metadata_columns"": [""Rail network Segment (2015)"", ""Rail network segment (2005)"", ""Rail network segment (2010)"", ""Rail network segment (2020)""], ""occurrence_count"": 4, ""table_count"": 4}",other_ambiguous,codex_rule_assisted_primary,"Rule-assisted audit: conflicting, fragmentary, or insufficient evidence; kept out of four required classes. Primary milestone 9 audit label."
term_211d1a5a003f69cf4a33,survey,survey,train_dev,title_clause|occ_2_5|tables_2_5|title|no_header|no_value|single_role,2,2,"{""title_clause"": 2}","{""has_header_evidence"": false, ""has_metadata_value_evidence"": false, ""has_title_evidence"": true, ""metadata_columns"": [], ""occurrence_count"": 2, ""table_count"": 2}",other_ambiguous,codex_rule_assisted_primary,"Rule-assisted audit: conflicting, fragmentary, or insufficient evidence; kept out of four required classes. Primary milestone 9 audit label."
term_21415cb11e781cdfeb3d,Real GDP per capita,real gdp per capita,train_dev,title_full|occ_2_5|tables_2_5|title|no_header|no_value|single_role,2,2,"{""title_full"": 2}","{""has_header_evidence"": false, ""has_metadata_value_evidence"": false, ""has_title_evidence"": true, ""metadata_columns"": [], ""occurrence_count"": 2, ""table_count"": 2}",measure,codex_rule_assisted_primary,Rule-assisted audit: title/source evidence names a measured statistical phenomenon. Primary milestone 9 audit label.
term_21a8641ca6348e1deeaf,Thousand,thousand,train_dev,metadata_value|occ_21_plus|tables_21_plus|no_title|no_header|value|single_role,50,4607,"{""metadata_value"": 4607}","{""has_header_evidence"": false, ""has_metadata_value_evidence"": true, ""has_title_evidence"": false, ""metadata_columns"": [""Unit of measure""], ""occurrence_count"": 4607, ""table_count"": 50}",other_ambiguous,codex_rule_assisted_primary,"Rule-assisted audit: conflicting, fragmentary, or insufficient evidence; kept out of four required classes. Primary milestone 9 audit label."
term_22041ec3d68c8e354400,"Balance of payments, current and capital account, quarterly data","balance of payments, current and capital account, quarterly data",train_dev,title_full|occ_1|tables_1|title|no_header|no_value|single_role,1,1,"{""title_full"": 1}","{""has_header_evidence"": false, ""has_metadata_value_evidence"": false, ""has_title_evidence"": true, ""metadata_columns"": [], ""occurrence_count"": 1, ""table_count"": 1}",measure,codex_rule_assisted_primary,Rule-assisted audit: title/source evidence names a measured statistical phenomenon. Primary milestone 9 audit label.
term_2239137e124a98dac928,Pharmacists,pharmacists,train_dev,metadata_value|occ_21_plus|tables_2_5|no_title|no_header|value|single_role,2,66,"{""metadata_value"": 66}","{""has_header_evidence"": false, ""has_metadata_value_evidence"": true, ""has_title_evidence"": false, ""metadata_columns"": [""Medical speciality""], ""occurrence_count"": 66, ""table_count"": 2}",other_ambiguous,codex_rule_assisted_primary,"Rule-assisted audit: conflicting, fragmentary, or insufficient evidence; kept out of four required classes. Primary milestone 9 audit label."
term_2245b2b05ca919adfa73,Total intra-mural R & D expenditure - million euro,total intra-mural r & d expenditure - million euro,train_dev,metadata_value|occ_21_plus|tables_1|no_title|no_header|value|single_role,1,24,"{""metadata_value"": 24}","{""has_header_evidence"": false, ""has_metadata_value_evidence"": true, ""has_title_evidence"": false, ""metadata_columns"": [""Economical indicator for structural business statistics""], ""occurrence_count"": 24, ""table_count"": 1}",unit,codex_rule_assisted_primary,Rule-assisted audit: unit dictionary or unit-like expression. Primary milestone 9 audit label.
term_22666f2f9ac78befcf6b,Total area,total area,train_dev,metadata_value+title_clause|occ_21_plus|tables_2_5|title|no_header|value|conflict,3,22,"{""metadata_value"": 20, ""title_clause"": 2}","{""has_header_evidence"": false, ""has_metadata_value_evidence"": true, ""has_title_evidence"": true, ""metadata_columns"": [""Land use"", ""Land use category (km\u00b2)""], ""occurrence_count"": 22, ""table_count"": 3}",other_ambiguous,codex_rule_assisted_primary,"Rule-assisted audit: conflicting, fragmentary, or insufficient evidence; kept out of four required classes. Primary milestone 9 audit label."
term_227e464c26242491402a,Centro (PT) (NUTS 2021),centro (pt) (nuts 2021),train_dev,metadata_value|occ_21_plus|tables_21_plus|no_title|no_header|value|single_role,25,25,"{""metadata_value"": 25}","{""has_header_evidence"": false, ""has_metadata_value_evidence"": true, ""has_title_evidence"": false, ""metadata_columns"": [""Geopolitical entity (reporting)\\Time""], ""occurrence_count"": 25, ""table_count"": 25}",other_ambiguous,codex_rule_assisted_primary,"Rule-assisted audit: conflicting, fragmentary, or insufficient evidence; kept out of four required classes. Primary milestone 9 audit label."
term_22867b03a1b4445ed05f,Percentage change m/m-12,percentage change m/m-12,train_dev,metadata_value|occ_21_plus|tables_21_plus|no_title|no_header|value|single_role,22,915,"{""metadata_value"": 915}","{""has_header_evidence"": false, ""has_metadata_value_evidence"": true, ""has_title_evidence"": false, ""metadata_columns"": [""Unit of measure""], ""occurrence_count"": 915, ""table_count"": 22}",unit,codex_rule_assisted_primary,Rule-assisted audit: unit dictionary or unit-like expression. Primary milestone 9 audit label.
term_22edd06adfb5c9bd10d3,Nature of the trademark,nature of the trademark,train_dev,header_name|occ_1|tables_1|no_title|header|no_value|single_role,1,1,"{""header_name"": 1}","{""has_header_evidence"": true, ""has_metadata_value_evidence"": false, ""has_title_evidence"": false, ""metadata_columns"": [""Nature of the trademark""], ""occurrence_count"": 1, ""table_count"": 1}",dimension_name,codex_rule_assisted_primary,Rule-assisted audit: header/source evidence names a table dimension. Primary milestone 9 audit label.
term_235b4480aea8a29042ea,Siilinjarvi - Iisalmi,siilinjarvi - iisalmi,train_dev,metadata_value|occ_2_5|tables_1|no_title|no_header|value|single_role,1,2,"{""metadata_value"": 2}","{""has_header_evidence"": false, ""has_metadata_value_evidence"": true, ""has_title_evidence"": false, ""metadata_columns"": [""Rail network segment (2005)""], ""occurrence_count"": 2, ""table_count"": 1}",other_ambiguous,codex_rule_assisted_primary,"Rule-assisted audit: conflicting, fragmentary, or insufficient evidence; kept out of four required classes. Primary milestone 9 audit label."
term_23e7e874ccbdefdb76a8,Thunnus albacares (Yellowfin tuna),thunnus albacares (yellowfin tuna),train_dev,metadata_value|occ_6_20|tables_1|no_title|no_header|value|single_role,1,11,"{""metadata_value"": 11}","{""has_header_evidence"": false, ""has_metadata_value_evidence"": true, ""has_title_evidence"": false, ""metadata_columns"": [""Species""], ""occurrence_count"": 11, ""table_count"": 1}",other_ambiguous,codex_rule_assisted_primary,"Rule-assisted audit: conflicting, fragmentary, or insufficient evidence; kept out of four required classes. Primary milestone 9 audit label."
term_2461c4b741fd6095b259,annex,annex,train_dev,header_name|occ_6_20|tables_6_20|no_title|header|no_value|single_role,8,8,"{""header_name"": 8}","{""has_header_evidence"": true, ""has_metadata_value_evidence"": false, ""has_title_evidence"": false, ""metadata_columns"": [""annex""], ""occurrence_count"": 8, ""table_count"": 8}",dimension_name,codex_rule_assisted_primary,Rule-assisted audit: header/source evidence names a table dimension. Primary milestone 9 audit label.
term_248fac8445cbaee34b5c,S80/S20,s80/s20,train_dev,title_clause|occ_2_5|tables_2_5|title|no_header|no_value|single_role,2,2,"{""title_clause"": 2}","{""has_header_evidence"": false, ""has_metadata_value_evidence"": false, ""has_title_evidence"": true, ""metadata_columns"": [], ""occurrence_count"": 2, ""table_count"": 2}",other_ambiguous,codex_rule_assisted_primary,"Rule-assisted audit: conflicting, fragmentary, or insufficient evidence; kept out of four required classes. Primary milestone 9 audit label."
term_24b4ab4218da87587c1a,NACE Rev. 2,nace rev. 2,train_dev,title_clause|occ_21_plus|tables_21_plus|title|no_header|no_value|single_role,25,25,"{""title_clause"": 25}","{""has_header_evidence"": false, ""has_metadata_value_evidence"": false, ""has_title_evidence"": true, ""metadata_columns"": [], ""occurrence_count"": 25, ""table_count"": 25}",other_ambiguous,codex_rule_assisted_primary,"Rule-assisted audit: conflicting, fragmentary, or insufficient evidence; kept out of four required classes. Primary milestone 9 audit label."
term_2571ac8dc99099974944,Environmental protection investments of total economy,environmental protection investments of total economy,train_dev,title_full|occ_2_5|tables_2_5|title|no_header|no_value|single_role,3,3,"{""title_full"": 3}","{""has_header_evidence"": false, ""has_metadata_value_evidence"": false, ""has_title_evidence"": true, ""metadata_columns"": [], ""occurrence_count"": 3, ""table_count"": 3}",other_ambiguous,codex_rule_assisted_primary,"Rule-assisted audit: conflicting, fragmentary, or insufficient evidence; kept out of four required classes. Primary milestone 9 audit label."
term_26bdb966f9064bf649b5,Jiesia - Kaunas,jiesia - kaunas,train_dev,metadata_value|occ_6_20|tables_2_5|no_title|no_header|value|single_role,4,9,"{""metadata_value"": 9}","{""has_header_evidence"": false, ""has_metadata_value_evidence"": true, ""has_title_evidence"": false, ""metadata_columns"": [""Rail network Segment (2015)"", ""Rail network segment (2005)"", ""Rail network segment (2010)"", ""Rail network segment (2020)""], ""occurrence_count"": 9, ""table_count"": 4}",other_ambiguous,codex_rule_assisted_primary,"Rule-assisted audit: conflicting, fragmentary, or insufficient evidence; kept out of four required classes. Primary milestone 9 audit label."
term_26c250c981f27b21786b,"Kalymnos, Karpathos – Iroiki Nisos Kasos, Kos, Rodos","kalymnos, karpathos - iroiki nisos kasos, kos, rodos",train_dev,metadata_value|occ_6_20|tables_6_20|no_title|no_header|value|single_role,8,9,"{""metadata_value"": 9}","{""has_header_evidence"": false, ""has_metadata_value_evidence"": true, ""has_title_evidence"": false, ""metadata_columns"": [""Geopolitical entity (reporting)\\Time""], ""occurrence_count"": 9, ""table_count"": 8}",other_ambiguous,codex_rule_assisted_primary,"Rule-assisted audit: conflicting, fragmentary, or insufficient evidence; kept out of four required classes. Primary milestone 9 audit label."
term_2757194ab5908d9c6b1f,Bohumín-predn. - Ceská Trebová os.n.,bohumín-predn. - ceská trebová os.n,train_dev,metadata_value|occ_2_5|tables_2_5|no_title|no_header|value|single_role,2,4,"{""metadata_value"": 4}","{""has_header_evidence"": false, ""has_metadata_value_evidence"": true, ""has_title_evidence"": false, ""metadata_columns"": [""Rail network Segment (2015)"", ""Rail network segment (2020)""], ""occurrence_count"": 4, ""table_count"": 2}",other_ambiguous,codex_rule_assisted_primary,"Rule-assisted audit: conflicting, fragmentary, or insufficient evidence; kept out of four required classes. Primary milestone 9 audit label."
term_281c88d854665718bde6,Indicators on crime and criminal justice,indicators on crime and criminal justice,train_dev,header_name|occ_2_5|tables_2_5|no_title|header|no_value|single_role,2,2,"{""header_name"": 2}","{""has_header_evidence"": true, ""has_metadata_value_evidence"": false, ""has_title_evidence"": false, ""metadata_columns"": [""Indicators on crime and criminal justice""], ""occurrence_count"": 2, ""table_count"": 2}",dimension_name,codex_rule_assisted_primary,Rule-assisted audit: header/source evidence names a table dimension. Primary milestone 9 audit label.
term_289d3ad56aa1ffc52628,Employment in waterways transport enterprises by sex,employment in waterways transport enterprises by sex,train_dev,title_full|occ_1|tables_1|title|no_header|no_value|single_role,1,1,"{""title_full"": 1}","{""has_header_evidence"": false, ""has_metadata_value_evidence"": false, ""has_title_evidence"": true, ""metadata_columns"": [], ""occurrence_count"": 1, ""table_count"": 1}",measure,codex_rule_assisted_primary,Rule-assisted audit: title/source evidence names a measured statistical phenomenon. Primary milestone 9 audit label.
term_29236d09e609e358fd0e,Mean age at first marriage by sex,mean age at first marriage by sex,train_dev,title_clause+title_full|occ_2_5|tables_2_5|title|no_header|no_value|conflict,2,2,"{""title_clause"": 1, ""title_full"": 1}","{""has_header_evidence"": false, ""has_metadata_value_evidence"": false, ""has_title_evidence"": true, ""metadata_columns"": [], ""occurrence_count"": 2, ""table_count"": 2}",other_ambiguous,codex_rule_assisted_primary,"Rule-assisted audit: conflicting, fragmentary, or insufficient evidence; kept out of four required classes. Primary milestone 9 audit label."
term_2a904a21d68ee82c3918,Nominal effective exchange rate,nominal effective exchange rate,train_dev,title_clause|occ_2_5|tables_2_5|title|no_header|no_value|single_role,2,2,"{""title_clause"": 2}","{""has_header_evidence"": false, ""has_metadata_value_evidence"": false, ""has_title_evidence"": true, ""metadata_columns"": [], ""occurrence_count"": 2, ""table_count"": 2}",other_ambiguous,codex_rule_assisted_primary,"Rule-assisted audit: conflicting, fragmentary, or insufficient evidence; kept out of four required classes. Primary milestone 9 audit label."
term_2ad3320981ae85d31a12,total industry (excluding construction),total industry (excluding construction),train_dev,title_clause|occ_2_5|tables_2_5|title|no_header|no_value|single_role,2,2,"{""title_clause"": 2}","{""has_header_evidence"": false, ""has_metadata_value_evidence"": false, ""has_title_evidence"": true, ""metadata_columns"": [], ""occurrence_count"": 2, ""table_count"": 2}",other_ambiguous,codex_rule_assisted_primary,"Rule-assisted audit: conflicting, fragmentary, or insufficient evidence; kept out of four required classes. Primary milestone 9 audit label."
term_2af9f7ed763f5b8e6f7c,Type of signalling,type of signalling,train_dev,header_name|occ_1|tables_1|no_title|header|no_value|single_role,1,1,"{""header_name"": 1}","{""has_header_evidence"": true, ""has_metadata_value_evidence"": false, ""has_title_evidence"": false, ""metadata_columns"": [""Type of signalling""], ""occurrence_count"": 1, ""table_count"": 1}",dimension_name,codex_rule_assisted_primary,Rule-assisted audit: header/source evidence names a table dimension. Primary milestone 9 audit label.
term_2b08c4b0070ce7a8d605,Soma - Balikesir,soma - balikesir,train_dev,metadata_value|occ_2_5|tables_1|no_title|no_header|value|single_role,1,3,"{""metadata_value"": 3}","{""has_header_evidence"": false, ""has_metadata_value_evidence"": true, ""has_title_evidence"": false, ""metadata_columns"": [""Rail network Segment (2015)""], ""occurrence_count"": 3, ""table_count"": 1}",other_ambiguous,codex_rule_assisted_primary,"Rule-assisted audit: conflicting, fragmentary, or insufficient evidence; kept out of four required classes. Primary milestone 9 audit label."
term_2b8d9ff56a21ff882bd8,"Leisure, social and associative life","leisure, social and associative life",train_dev,metadata_value|occ_21_plus|tables_1|no_title|no_header|value|single_role,1,66,"{""metadata_value"": 66}","{""has_header_evidence"": false, ""has_metadata_value_evidence"": true, ""has_title_evidence"": false, ""metadata_columns"": [""Classification of activities for time use""], ""occurrence_count"": 66, ""table_count"": 1}",other_ambiguous,codex_rule_assisted_primary,"Rule-assisted audit: conflicting, fragmentary, or insufficient evidence; kept out of four required classes. Primary milestone 9 audit label."
term_2be1d31fb00e3d64b28f,Housing cost overburden rate by poverty status,housing cost overburden rate by poverty status,train_dev,title_clause+title_full|occ_2_5|tables_2_5|title|no_header|no_value|conflict,2,2,"{""title_clause"": 1, ""title_full"": 1}","{""has_header_evidence"": false, ""has_metadata_value_evidence"": false, ""has_title_evidence"": true, ""metadata_columns"": [], ""occurrence_count"": 2, ""table_count"": 2}",other_ambiguous,codex_rule_assisted_primary,"Rule-assisted audit: conflicting, fragmentary, or insufficient evidence; kept out of four required classes. Primary milestone 9 audit label."
term_2c079d8803919054ea42,women per 100 men,women per 100 men,train_dev,metadata_value+title_clause|occ_21_plus|tables_2_5|title|no_header|value|conflict,2,53,"{""metadata_value"": 52, ""title_clause"": 1}","{""has_header_evidence"": false, ""has_metadata_value_evidence"": true, ""has_title_evidence"": true, ""metadata_columns"": [""Demographic indicator""], ""occurrence_count"": 53, ""table_count"": 2}",other_ambiguous,codex_rule_assisted_primary,"Rule-assisted audit: conflicting, fragmentary, or insufficient evidence; kept out of four required classes. Primary milestone 9 audit label."
term_2c13ba3379f69be54b9c,Pcelic - Virovitica,pcelic - virovitica,train_dev,metadata_value|occ_2_5|tables_1|no_title|no_header|value|single_role,1,2,"{""metadata_value"": 2}","{""has_header_evidence"": false, ""has_metadata_value_evidence"": true, ""has_title_evidence"": false, ""metadata_columns"": [""Rail network Segment (2015)""], ""occurrence_count"": 2, ""table_count"": 1}",other_ambiguous,codex_rule_assisted_primary,"Rule-assisted audit: conflicting, fragmentary, or insufficient evidence; kept out of four required classes. Primary milestone 9 audit label."
term_2d8a5d2e0caf42f704f0,Residential construction,residential construction,train_dev,title_clause|occ_1|tables_1|title|no_header|no_value|single_role,1,1,"{""title_clause"": 1}","{""has_header_evidence"": false, ""has_metadata_value_evidence"": false, ""has_title_evidence"": true, ""metadata_columns"": [], ""occurrence_count"": 1, ""table_count"": 1}",measure,codex_rule_assisted_primary,Rule-assisted audit: title/source evidence names a measured statistical phenomenon. Primary milestone 9 audit label.
term_2d9fc0cea7a5ba3f18d3,"Category V b (length: 172 to 175 m, beam: 11.40 m)","category v b (length: 172 to 175 m, beam: 11.40 m)",train_dev,metadata_value|occ_6_20|tables_1|no_title|no_header|value|single_role,1,16,"{""metadata_value"": 16}","{""has_header_evidence"": false, ""has_metadata_value_evidence"": true, ""has_title_evidence"": false, ""metadata_columns"": [""Categories of navigable inland waterways by horizontal dimensions of vessels and pushed convoys""], ""occurrence_count"": 16, ""table_count"": 1}",other_ambiguous,codex_rule_assisted_primary,"Rule-assisted audit: conflicting, fragmentary, or insufficient evidence; kept out of four required classes. Primary milestone 9 audit label."
term_2e5d9f3a153f0aee4c80,euro area trading partners,euro area trading partners,train_dev,title_clause|occ_2_5|tables_2_5|title|no_header|no_value|single_role,2,2,"{""title_clause"": 2}","{""has_header_evidence"": false, ""has_metadata_value_evidence"": false, ""has_title_evidence"": true, ""metadata_columns"": [], ""occurrence_count"": 2, ""table_count"": 2}",other_ambiguous,codex_rule_assisted_primary,"Rule-assisted audit: conflicting, fragmentary, or insufficient evidence; kept out of four required classes. Primary milestone 9 audit label."
term_2f84b3a598e30769773f,goods,goods,train_dev,metadata_value+title_clause|occ_21_plus|tables_2_5|title|no_header|value|conflict,5,224,"{""metadata_value"": 223, ""title_clause"": 1}","{""has_header_evidence"": false, ""has_metadata_value_evidence"": true, ""has_title_evidence"": true, ""metadata_columns"": [""Balance of payments item""], ""occurrence_count"": 224, ""table_count"": 5}",other_ambiguous,codex_rule_assisted_primary,"Rule-assisted audit: conflicting, fragmentary, or insufficient evidence; kept out of four required classes. Primary milestone 9 audit label."
term_30af3bcab3f17b082aa3,Burgas - Karnobat,burgas - karnobat,train_dev,metadata_value|occ_6_20|tables_2_5|no_title|no_header|value|single_role,3,8,"{""metadata_value"": 8}","{""has_header_evidence"": false, ""has_metadata_value_evidence"": true, ""has_title_evidence"": false, ""metadata_columns"": [""Rail network Segment (2015)"", ""Rail network segment (2010)"", ""Rail network segment (2020)""], ""occurrence_count"": 8, ""table_count"": 3}",other_ambiguous,codex_rule_assisted_primary,"Rule-assisted audit: conflicting, fragmentary, or insufficient evidence; kept out of four required classes. Primary milestone 9 audit label."
term_31362c6a65077eef9845,Broad economic categories (BEC Rev.5),broad economic categories (bec rev.5),train_dev,header_name|occ_1|tables_1|no_title|header|no_value|single_role,1,1,"{""header_name"": 1}","{""has_header_evidence"": true, ""has_metadata_value_evidence"": false, ""has_title_evidence"": false, ""metadata_columns"": [""Broad economic categories (BEC Rev.5)""], ""occurrence_count"": 1, ""table_count"": 1}",dimension_name,codex_rule_assisted_primary,Rule-assisted audit: header/source evidence names a table dimension. Primary milestone 9 audit label.
term_3145dbb1980c05020a5c,% of GDP,% of gdp,train_dev,title_clause|occ_6_20|tables_6_20|title|no_header|no_value|single_role,14,14,"{""title_clause"": 14}","{""has_header_evidence"": false, ""has_metadata_value_evidence"": false, ""has_title_evidence"": true, ""metadata_columns"": [], ""occurrence_count"": 14, ""table_count"": 14}",unit,codex_rule_assisted_primary,Rule-assisted audit: unit dictionary or unit-like expression. Primary milestone 9 audit label.
term_3168a2f1a756f02bb336,Number of principal ports,number of principal ports,train_dev,metadata_value+title_clause|occ_6_20|tables_2_5|title|no_header|value|conflict,2,9,"{""metadata_value"": 8, ""title_clause"": 1}","{""has_header_evidence"": false, ""has_metadata_value_evidence"": true, ""has_title_evidence"": true, ""metadata_columns"": [""Port infrastructure""], ""occurrence_count"": 9, ""table_count"": 2}",other_ambiguous,codex_rule_assisted_primary,"Rule-assisted audit: conflicting, fragmentary, or insufficient evidence; kept out of four required classes. Primary milestone 9 audit label."
term_32642ef94ae074c03eb1,Table grape vines,table grape vines,train_dev,metadata_value+title_clause|occ_21_plus|tables_2_5|title|no_header|value|conflict,2,167,"{""metadata_value"": 166, ""title_clause"": 1}","{""has_header_evidence"": false, ""has_metadata_value_evidence"": true, ""has_title_evidence"": true, ""metadata_columns"": [""Fruit species and groups of varieties""], ""occurrence_count"": 167, ""table_count"": 2}",other_ambiguous,codex_rule_assisted_primary,"Rule-assisted audit: conflicting, fragmentary, or insufficient evidence; kept out of four required classes. Primary milestone 9 audit label."
term_32cb3962dba4b3da042a,High-tech exports,high-tech exports,train_dev,title_clause+title_full|occ_2_5|tables_2_5|title|no_header|no_value|conflict,2,2,"{""title_clause"": 1, ""title_full"": 1}","{""has_header_evidence"": false, ""has_metadata_value_evidence"": false, ""has_title_evidence"": true, ""metadata_columns"": [], ""occurrence_count"": 2, ""table_count"": 2}",other_ambiguous,codex_rule_assisted_primary,"Rule-assisted audit: conflicting, fragmentary, or insufficient evidence; kept out of four required classes. Primary milestone 9 audit label."
term_34394ab0d88a2dab6c24,Other peripheral vascular diseases,other peripheral vascular diseases,train_dev,metadata_value|occ_1|tables_1|no_title|no_header|value|single_role,1,1,"{""metadata_value"": 1}","{""has_header_evidence"": false, ""has_metadata_value_evidence"": true, ""has_title_evidence"": false, ""metadata_columns"": [""International Statistical Classification of Diseases and Related Health Problems (ICD-10 2010)""], ""occurrence_count"": 1, ""table_count"": 1}",other_ambiguous,codex_rule_assisted_primary,"Rule-assisted audit: conflicting, fragmentary, or insufficient evidence; kept out of four required classes. Primary milestone 9 audit label."
term_352bf65e5dae06784b8c,Expenditure and investment,expenditure and investment,train_dev,header_name|occ_2_5|tables_2_5|no_title|header|no_value|single_role,4,4,"{""header_name"": 4}","{""has_header_evidence"": true, ""has_metadata_value_evidence"": false, ""has_title_evidence"": false, ""metadata_columns"": [""Expenditure and investment""], ""occurrence_count"": 4, ""table_count"": 4}",dimension_name,codex_rule_assisted_primary,Rule-assisted audit: header/source evidence names a table dimension. Primary milestone 9 audit label.
term_3535f7223ebc26f4b6d4,Aalborg - Hjørring,aalborg - hjørring,train_dev,metadata_value|occ_2_5|tables_1|no_title|no_header|value|single_role,1,2,"{""metadata_value"": 2}","{""has_header_evidence"": false, ""has_metadata_value_evidence"": true, ""has_title_evidence"": false, ""metadata_columns"": [""Rail network segment (2020)""], ""occurrence_count"": 2, ""table_count"": 1}",other_ambiguous,codex_rule_assisted_primary,"Rule-assisted audit: conflicting, fragmentary, or insufficient evidence; kept out of four required classes. Primary milestone 9 audit label."
term_3563e96abe99710550ca,International Standard Classification of Education (ISCED 2011),international standard classification of education (isced 2011),train_dev,header_name|occ_21_plus|tables_21_plus|no_title|header|no_value|single_role,73,73,"{""header_name"": 73}","{""has_header_evidence"": true, ""has_metadata_value_evidence"": false, ""has_title_evidence"": false, ""metadata_columns"": [""International Standard Classification of Education (ISCED 2011)""], ""occurrence_count"": 73, ""table_count"": 73}",dimension_name,codex_rule_assisted_primary,Rule-assisted audit: header/source evidence names a table dimension. Primary milestone 9 audit label.
term_361d8231d9d3dc5b5eb3,Child and elderly care,child and elderly care,train_dev,metadata_value|occ_6_20|tables_1|no_title|no_header|value|single_role,1,9,"{""metadata_value"": 9}","{""has_header_evidence"": false, ""has_metadata_value_evidence"": true, ""has_title_evidence"": false, ""metadata_columns"": [""Type of task or service""], ""occurrence_count"": 9, ""table_count"": 1}",other_ambiguous,codex_rule_assisted_primary,"Rule-assisted audit: conflicting, fragmentary, or insufficient evidence; kept out of four required classes. Primary milestone 9 audit label."
term_361e5664ce4e62d29dc3,Population connected to public water supply,population connected to public water supply,train_dev,title_clause+title_full|occ_2_5|tables_2_5|title|no_header|no_value|conflict,2,2,"{""title_clause"": 1, ""title_full"": 1}","{""has_header_evidence"": false, ""has_metadata_value_evidence"": false, ""has_title_evidence"": true, ""metadata_columns"": [], ""occurrence_count"": 2, ""table_count"": 2}",other_ambiguous,codex_rule_assisted_primary,"Rule-assisted audit: conflicting, fragmentary, or insufficient evidence; kept out of four required classes. Primary milestone 9 audit label."
term_366e31423c1da3f1342b,GDP deflator,gdp deflator,train_dev,title_full|occ_1|tables_1|title|no_header|no_value|single_role,1,1,"{""title_full"": 1}","{""has_header_evidence"": false, ""has_metadata_value_evidence"": false, ""has_title_evidence"": true, ""metadata_columns"": [], ""occurrence_count"": 1, ""table_count"": 1}",measure,codex_rule_assisted_primary,Rule-assisted audit: title/source evidence names a measured statistical phenomenon. Primary milestone 9 audit label.
term_36ce6cfc4d23d2d6c99f,Categories of navigable inland waterways by horizontal dimensions of vessels and pushed convoys,categories of navigable inland waterways by horizontal dimensions of vessels and pushed convoys,train_dev,header_name|occ_1|tables_1|no_title|header|no_value|single_role,1,1,"{""header_name"": 1}","{""has_header_evidence"": true, ""has_metadata_value_evidence"": false, ""has_title_evidence"": false, ""metadata_columns"": [""Categories of navigable inland waterways by horizontal dimensions of vessels and pushed convoys""], ""occurrence_count"": 1, ""table_count"": 1}",dimension_name,codex_rule_assisted_primary,Rule-assisted audit: header/source evidence names a table dimension. Primary milestone 9 audit label.
term_3703a7ebbc27252c0137,From 18 to 24 years,from 18 to 24 years,train_dev,metadata_value|occ_21_plus|tables_6_20|no_title|no_header|value|single_role,9,507,"{""metadata_value"": 507}","{""has_header_evidence"": false, ""has_metadata_value_evidence"": true, ""has_title_evidence"": false, ""metadata_columns"": [""Age class""], ""occurrence_count"": 507, ""table_count"": 9}",dimension_value,codex_rule_assisted_primary,Rule-assisted audit: metadata-value/source evidence is a member of a dimension. Primary milestone 9 audit label.
term_384eec8c7437a8c2d089,Livestock - Equidae - annual data,livestock - equidae - annual data,train_dev,title_full|occ_1|tables_1|title|no_header|no_value|single_role,1,1,"{""title_full"": 1}","{""has_header_evidence"": false, ""has_metadata_value_evidence"": false, ""has_title_evidence"": true, ""metadata_columns"": [], ""occurrence_count"": 1, ""table_count"": 1}",measure,codex_rule_assisted_primary,Rule-assisted audit: title/source evidence names a measured statistical phenomenon. Primary milestone 9 audit label.
term_38e8453b1aadd212c63b,Private sector debt,private sector debt,train_dev,title_clause|occ_6_20|tables_6_20|title|no_header|no_value|single_role,8,8,"{""title_clause"": 8}","{""has_header_evidence"": false, ""has_metadata_value_evidence"": false, ""has_title_evidence"": true, ""metadata_columns"": [], ""occurrence_count"": 8, ""table_count"": 8}",other_ambiguous,codex_rule_assisted_primary,"Rule-assisted audit: conflicting, fragmentary, or insufficient evidence; kept out of four required classes. Primary milestone 9 audit label."
term_3adf4cc6090a0eb3ab63,Percentage change m/m-1,percentage change m/m-1,train_dev,metadata_value|occ_21_plus|tables_21_plus|no_title|no_header|value|single_role,22,915,"{""metadata_value"": 915}","{""has_header_evidence"": false, ""has_metadata_value_evidence"": true, ""has_title_evidence"": false, ""metadata_columns"": [""Unit of measure""], ""occurrence_count"": 915, ""table_count"": 22}",unit,codex_rule_assisted_primary,Rule-assisted audit: unit dictionary or unit-like expression. Primary milestone 9 audit label.
term_3b14c705ef2c84c3ba3b,Career guidance provider (including employment service office),career guidance provider (including employment service office),train_dev,metadata_value|occ_21_plus|tables_1|no_title|no_header|value|single_role,1,35,"{""metadata_value"": 35}","{""has_header_evidence"": false, ""has_metadata_value_evidence"": true, ""has_title_evidence"": false, ""metadata_columns"": [""Source of information""], ""occurrence_count"": 35, ""table_count"": 1}",other_ambiguous,codex_rule_assisted_primary,"Rule-assisted audit: conflicting, fragmentary, or insufficient evidence; kept out of four required classes. Primary milestone 9 audit label."
term_3bcc5fd76ef25163ed1f,St-Ghislain - Tournai,st-ghislain - tournai,train_dev,metadata_value|occ_6_20|tables_2_5|no_title|no_header|value|single_role,3,6,"{""metadata_value"": 6}","{""has_header_evidence"": false, ""has_metadata_value_evidence"": true, ""has_title_evidence"": false, ""metadata_columns"": [""Rail network Segment (2015)"", ""Rail network segment (2005)"", ""Rail network segment (2010)""], ""occurrence_count"": 6, ""table_count"": 3}",other_ambiguous,codex_rule_assisted_primary,"Rule-assisted audit: conflicting, fragmentary, or insufficient evidence; kept out of four required classes. Primary milestone 9 audit label."
term_3be46ed101b1be36ddd8,Yolçatı - Malatya,yolçatı - malatya,train_dev,metadata_value|occ_2_5|tables_1|no_title|no_header|value|single_role,1,3,"{""metadata_value"": 3}","{""has_header_evidence"": false, ""has_metadata_value_evidence"": true, ""has_title_evidence"": false, ""metadata_columns"": [""Rail network segment (2020)""], ""occurrence_count"": 3, ""table_count"": 1}",other_ambiguous,codex_rule_assisted_primary,"Rule-assisted audit: conflicting, fragmentary, or insufficient evidence; kept out of four required classes. Primary milestone 9 audit label."
term_3c720d5c96d4d5c9d434,males,males,train_dev,metadata_value+title_clause|occ_21_plus|tables_21_plus|title|no_header|value|conflict,223,12204,"{""metadata_value"": 12203, ""title_clause"": 1}","{""has_header_evidence"": false, ""has_metadata_value_evidence"": true, ""has_title_evidence"": true, ""metadata_columns"": [""Sex"", ""Sex\\Time""], ""occurrence_count"": 12204, ""table_count"": 223}",other_ambiguous,codex_rule_assisted_primary,"Rule-assisted audit: conflicting, fragmentary, or insufficient evidence; kept out of four required classes. Primary milestone 9 audit label."
term_3d83301dfae8ba30a6d1,communications,communications,train_dev,metadata_value+title_clause|occ_21_plus|tables_1|title|no_header|value|conflict,1,127,"{""metadata_value"": 126, ""title_clause"": 1}","{""has_header_evidence"": false, ""has_metadata_value_evidence"": true, ""has_title_evidence"": true, ""metadata_columns"": [""Classification of individual consumption by purpose (COICOP)""], ""occurrence_count"": 127, ""table_count"": 1}",other_ambiguous,codex_rule_assisted_primary,"Rule-assisted audit: conflicting, fragmentary, or insufficient evidence; kept out of four required classes. Primary milestone 9 audit label."
term_3f440404a2fd7bb4a34a,Passenger trains,passenger trains,train_dev,metadata_value|occ_21_plus|tables_21_plus|no_title|no_header|value|single_role,78,6755,"{""metadata_value"": 6755}","{""has_header_evidence"": false, ""has_metadata_value_evidence"": true, ""has_title_evidence"": false, ""metadata_columns"": [""Train category"", ""Train category\\Time""], ""occurrence_count"": 6755, ""table_count"": 78}",other_ambiguous,codex_rule_assisted_primary,"Rule-assisted audit: conflicting, fragmentary, or insufficient evidence; kept out of four required classes. Primary milestone 9 audit label."
term_409f475888af7e7d9a92,Nomenclature for the analysis and comparison of scientific programmes and budgets (NABS 2007),nomenclature for the analysis and comparison of scientific programmes and budgets (nabs 2007),train_dev,header_name|occ_2_5|tables_2_5|no_title|header|no_value|single_role,2,2,"{""header_name"": 2}","{""has_header_evidence"": true, ""has_metadata_value_evidence"": false, ""has_title_evidence"": false, ""metadata_columns"": [""Nomenclature for the analysis and comparison of scientific programmes and budgets (NABS 2007)""], ""occurrence_count"": 2, ""table_count"": 2}",dimension_name,codex_rule_assisted_primary,Rule-assisted audit: header/source evidence names a table dimension. Primary milestone 9 audit label.
term_41d72d19fbaec5a669bd,Private sector credit flow,private sector credit flow,train_dev,title_clause|occ_6_20|tables_6_20|title|no_header|no_value|single_role,8,8,"{""title_clause"": 8}","{""has_header_evidence"": false, ""has_metadata_value_evidence"": false, ""has_title_evidence"": true, ""metadata_columns"": [], ""occurrence_count"": 8, ""table_count"": 8}",other_ambiguous,codex_rule_assisted_primary,"Rule-assisted audit: conflicting, fragmentary, or insufficient evidence; kept out of four required classes. Primary milestone 9 audit label."
term_4206b8b4b3725d24c4f1,Crude marriage rate,crude marriage rate,train_dev,metadata_value+title_full|occ_21_plus|tables_1|title|no_header|value|conflict,1,53,"{""metadata_value"": 52, ""title_full"": 1}","{""has_header_evidence"": false, ""has_metadata_value_evidence"": true, ""has_title_evidence"": true, ""metadata_columns"": [""Demographic indicator""], ""occurrence_count"": 53, ""table_count"": 1}",other_ambiguous,codex_rule_assisted_primary,"Rule-assisted audit: conflicting, fragmentary, or insufficient evidence; kept out of four required classes. Primary milestone 9 audit label."
term_422e767ca3451fa82b80,Total - all products,total - all products,train_dev,metadata_value|occ_21_plus|tables_6_20|no_title|no_header|value|single_role,16,807,"{""metadata_value"": 807}","{""has_header_evidence"": false, ""has_metadata_value_evidence"": true, ""has_title_evidence"": false, ""metadata_columns"": [""Standard International Trade Classification (SITC Rev. 4, 2006)""], ""occurrence_count"": 807, ""table_count"": 16}",dimension_value,codex_rule_assisted_primary,Rule-assisted audit: metadata-value/source evidence is a member of a dimension. Primary milestone 9 audit label.
term_42d3e763414821efa351,"Standard International Trade Classification (SITC Rev. 4, 2006)","standard international trade classification (sitc rev. 4, 2006)",train_dev,header_name|occ_21_plus|tables_21_plus|no_title|header|no_value|single_role,29,29,"{""header_name"": 29}","{""has_header_evidence"": true, ""has_metadata_value_evidence"": false, ""has_title_evidence"": false, ""metadata_columns"": [""Standard International Trade Classification (SITC Rev. 4, 2006)""], ""occurrence_count"": 29, ""table_count"": 29}",dimension_name,codex_rule_assisted_primary,Rule-assisted audit: header/source evidence names a table dimension. Primary milestone 9 audit label.
term_437e344af9514d5706e3,Lefkosia (greater city),lefkosia (greater city),train_dev,metadata_value|occ_2_5|tables_2_5|no_title|no_header|value|single_role,3,5,"{""metadata_value"": 5}","{""has_header_evidence"": false, ""has_metadata_value_evidence"": true, ""has_title_evidence"": false, ""metadata_columns"": [""Geopolitical entity (declaring)\\Time""], ""occurrence_count"": 5, ""table_count"": 3}",other_ambiguous,codex_rule_assisted_primary,"Rule-assisted audit: conflicting, fragmentary, or insufficient evidence; kept out of four required classes. Primary milestone 9 audit label."
term_43b002e4fa9187e1554f,Time spent on eating at home (as main or secondary activity) (and),time spent on eating at home (as main or secondary activity) (and),train_dev,title_full|occ_1|tables_1|title|no_header|no_value|single_role,1,1,"{""title_full"": 1}","{""has_header_evidence"": false, ""has_metadata_value_evidence"": false, ""has_title_evidence"": true, ""metadata_columns"": [], ""occurrence_count"": 1, ""table_count"": 1}",measure,codex_rule_assisted_primary,Rule-assisted audit: title/source evidence names a measured statistical phenomenon. Primary milestone 9 audit label.
term_454b157d624017f5e1da,Thousand tonnes of oil equivalent,thousand tonnes of oil equivalent,train_dev,metadata_value|occ_21_plus|tables_6_20|no_title|no_header|value|single_role,6,245,"{""metadata_value"": 245}","{""has_header_evidence"": false, ""has_metadata_value_evidence"": true, ""has_title_evidence"": false, ""metadata_columns"": [""Unit of measure""], ""occurrence_count"": 245, ""table_count"": 6}",unit,codex_rule_assisted_primary,Rule-assisted audit: unit dictionary or unit-like expression. Primary milestone 9 audit label.
term_4556ef228a02b76d5abe,Annual earnings by quantiles and contractual working time (enterprises with 10 employed persons or more),annual earnings by quantiles and contractual working time (enterprises with 10 employed persons or more),train_dev,title_clause|occ_2_5|tables_2_5|title|no_header|no_value|single_role,4,4,"{""title_clause"": 4}","{""has_header_evidence"": false, ""has_metadata_value_evidence"": false, ""has_title_evidence"": true, ""metadata_columns"": [], ""occurrence_count"": 4, ""table_count"": 4}",other_ambiguous,codex_rule_assisted_primary,"Rule-assisted audit: conflicting, fragmentary, or insufficient evidence; kept out of four required classes. Primary milestone 9 audit label."
term_4597f7e85eca1e3030f5,"Property income, revenue","property income, revenue",train_dev,metadata_value|occ_1|tables_1|no_title|no_header|value|single_role,1,1,"{""metadata_value"": 1}","{""has_header_evidence"": false, ""has_metadata_value_evidence"": true, ""has_title_evidence"": false, ""metadata_columns"": [""National accounts indicator (ESA 2010)""], ""occurrence_count"": 1, ""table_count"": 1}",other_ambiguous,codex_rule_assisted_primary,"Rule-assisted audit: conflicting, fragmentary, or insufficient evidence; kept out of four required classes. Primary milestone 9 audit label."
term_46752dbdd6df10e76a48,Libramont - Athus,libramont - athus,train_dev,metadata_value|occ_6_20|tables_2_5|no_title|no_header|value|single_role,3,6,"{""metadata_value"": 6}","{""has_header_evidence"": false, ""has_metadata_value_evidence"": true, ""has_title_evidence"": false, ""metadata_columns"": [""Rail network Segment (2015)"", ""Rail network segment (2005)"", ""Rail network segment (2010)""], ""occurrence_count"": 6, ""table_count"": 3}",other_ambiguous,codex_rule_assisted_primary,"Rule-assisted audit: conflicting, fragmentary, or insufficient evidence; kept out of four required classes. Primary milestone 9 audit label."
term_4727953cfd5399889fa4,"Annual earnings by quantiles and contractual working time (enterprises with 10 employed persons or more) - NACE Rev. 2, B-S excluding O","annual earnings by quantiles and contractual working time (enterprises with 10 employed persons or more) - nace rev. 2, b-s excluding o",train_dev,title_full|occ_2_5|tables_2_5|title|no_header|no_value|single_role,3,3,"{""title_full"": 3}","{""has_header_evidence"": false, ""has_metadata_value_evidence"": false, ""has_title_evidence"": true, ""metadata_columns"": [], ""occurrence_count"": 3, ""table_count"": 3}",other_ambiguous,codex_rule_assisted_primary,"Rule-assisted audit: conflicting, fragmentary, or insufficient evidence; kept out of four required classes. Primary milestone 9 audit label."
term_475a8daf9f6458ab0aab,Life satisfaction,life satisfaction,train_dev,header_name|occ_2_5|tables_2_5|no_title|header|no_value|single_role,5,5,"{""header_name"": 5}","{""has_header_evidence"": true, ""has_metadata_value_evidence"": false, ""has_title_evidence"": false, ""metadata_columns"": [""Life satisfaction""], ""occurrence_count"": 5, ""table_count"": 5}",dimension_name,codex_rule_assisted_primary,Rule-assisted audit: header/source evidence names a table dimension. Primary milestone 9 audit label.
term_479aabe58de191d99f16,Consumption of antibiotics in the community and hospital sectors,consumption of antibiotics in the community and hospital sectors,train_dev,title_clause|occ_1|tables_1|title|no_header|no_value|single_role,1,1,"{""title_clause"": 1}","{""has_header_evidence"": false, ""has_metadata_value_evidence"": false, ""has_title_evidence"": true, ""metadata_columns"": [], ""occurrence_count"": 1, ""table_count"": 1}",measure,codex_rule_assisted_primary,Rule-assisted audit: title/source evidence names a measured statistical phenomenon. Primary milestone 9 audit label.
term_479c0d13c2da658b6596,"Mean annual earnings by NUTS 1 region (enterprises with 10 employees or more) - NACE Rev. 2, B-S excluding O","mean annual earnings by nuts 1 region (enterprises with 10 employees or more) - nace rev. 2, b-s excluding o",train_dev,title_full|occ_2_5|tables_2_5|title|no_header|no_value|single_role,3,3,"{""title_full"": 3}","{""has_header_evidence"": false, ""has_metadata_value_evidence"": false, ""has_title_evidence"": true, ""metadata_columns"": [], ""occurrence_count"": 3, ""table_count"": 3}",other_ambiguous,codex_rule_assisted_primary,"Rule-assisted audit: conflicting, fragmentary, or insufficient evidence; kept out of four required classes. Primary milestone 9 audit label."
term_48565dfe5ad9d0c510c4,The domestic market is too small,the domestic market is too small,train_dev,metadata_value|occ_21_plus|tables_1|no_title|no_header|value|single_role,1,45,"{""metadata_value"": 45}","{""has_header_evidence"": false, ""has_metadata_value_evidence"": true, ""has_title_evidence"": false, ""metadata_columns"": [""Reason""], ""occurrence_count"": 45, ""table_count"": 1}",other_ambiguous,codex_rule_assisted_primary,"Rule-assisted audit: conflicting, fragmentary, or insufficient evidence; kept out of four required classes. Primary milestone 9 audit label."
term_4888eefe70fe4ed02e10,"gross weight of goods transported to/from main ports, by direction","gross weight of goods transported to/from main ports, by direction",train_dev,title_clause|occ_1|tables_1|title|no_header|no_value|single_role,1,1,"{""title_clause"": 1}","{""has_header_evidence"": false, ""has_metadata_value_evidence"": false, ""has_title_evidence"": true, ""metadata_columns"": [], ""occurrence_count"": 1, ""table_count"": 1}",measure,codex_rule_assisted_primary,Rule-assisted audit: title/source evidence names a measured statistical phenomenon. Primary milestone 9 audit label.
term_48918c90733c42a1872c,Resource productivity,resource productivity,train_dev,title_full|occ_2_5|tables_2_5|title|no_header|no_value|single_role,2,2,"{""title_full"": 2}","{""has_header_evidence"": false, ""has_metadata_value_evidence"": false, ""has_title_evidence"": true, ""metadata_columns"": [], ""occurrence_count"": 2, ""table_count"": 2}",other_ambiguous,codex_rule_assisted_primary,"Rule-assisted audit: conflicting, fragmentary, or insufficient evidence; kept out of four required classes. Primary milestone 9 audit label."
term_48dcacc8858291d071d9,Domestic producer prices,domestic producer prices,train_dev,metadata_value+title_clause|occ_21_plus|tables_6_20|title|no_header|value|conflict,7,766,"{""metadata_value"": 759, ""title_clause"": 7}","{""has_header_evidence"": false, ""has_metadata_value_evidence"": true, ""has_title_evidence"": true, ""metadata_columns"": [""Business trend indicator""], ""occurrence_count"": 766, ""table_count"": 7}",other_ambiguous,codex_rule_assisted_primary,"Rule-assisted audit: conflicting, fragmentary, or insufficient evidence; kept out of four required classes. Primary milestone 9 audit label."
term_48ff588d9699e3b3943b,Incidence of job mismatches by field of education Services (%),incidence of job mismatches by field of education services (%),train_dev,metadata_value|occ_6_20|tables_1|no_title|no_header|value|single_role,1,12,"{""metadata_value"": 12}","{""has_header_evidence"": false, ""has_metadata_value_evidence"": true, ""has_title_evidence"": false, ""metadata_columns"": [""Education indicator""], ""occurrence_count"": 12, ""table_count"": 1}",other_ambiguous,codex_rule_assisted_primary,"Rule-assisted audit: conflicting, fragmentary, or insufficient evidence; kept out of four required classes. Primary milestone 9 audit label."
term_4a70afa6edd02781ed1b,Frankfurt am Main,frankfurt am main,train_dev,metadata_value|occ_6_20|tables_6_20|no_title|no_header|value|single_role,6,6,"{""metadata_value"": 6}","{""has_header_evidence"": false, ""has_metadata_value_evidence"": true, ""has_title_evidence"": false, ""metadata_columns"": [""Metropolitan regions\\Time""], ""occurrence_count"": 6, ""table_count"": 6}",other_ambiguous,codex_rule_assisted_primary,"Rule-assisted audit: conflicting, fragmentary, or insufficient evidence; kept out of four required classes. Primary milestone 9 audit label."
term_4a91f3c93b7760e58e7d,Energy productivity,energy productivity,train_dev,title_full|occ_2_5|tables_2_5|title|no_header|no_value|single_role,2,2,"{""title_full"": 2}","{""has_header_evidence"": false, ""has_metadata_value_evidence"": false, ""has_title_evidence"": true, ""metadata_columns"": [], ""occurrence_count"": 2, ""table_count"": 2}",other_ambiguous,codex_rule_assisted_primary,"Rule-assisted audit: conflicting, fragmentary, or insufficient evidence; kept out of four required classes. Primary milestone 9 audit label."
term_4aa0164f2b2c005266ad,Galway - Heuston,galway - heuston,train_dev,metadata_value|occ_2_5|tables_2_5|no_title|no_header|value|single_role,4,4,"{""metadata_value"": 4}","{""has_header_evidence"": false, ""has_metadata_value_evidence"": true, ""has_title_evidence"": false, ""metadata_columns"": [""Rail network Segment (2015)"", ""Rail network segment (2005)"", ""Rail network segment (2010)"", ""Rail network segment (2020)""], ""occurrence_count"": 4, ""table_count"": 4}",other_ambiguous,codex_rule_assisted_primary,"Rule-assisted audit: conflicting, fragmentary, or insufficient evidence; kept out of four required classes. Primary milestone 9 audit label."
term_4ae69896984e2ec32e17,Accident,accident,train_dev,header_name|occ_2_5|tables_2_5|no_title|header|no_value|single_role,5,5,"{""header_name"": 5}","{""has_header_evidence"": true, ""has_metadata_value_evidence"": false, ""has_title_evidence"": false, ""metadata_columns"": [""Accident""], ""occurrence_count"": 5, ""table_count"": 5}",dimension_name,codex_rule_assisted_primary,Rule-assisted audit: header/source evidence names a table dimension. Primary milestone 9 audit label.
term_4b1e20832dc5edd6649b,Energy balance,energy balance,train_dev,header_name+title_clause|occ_6_20|tables_2_5|title|header|no_value|conflict,5,6,"{""header_name"": 5, ""title_clause"": 1}","{""has_header_evidence"": true, ""has_metadata_value_evidence"": false, ""has_title_evidence"": true, ""metadata_columns"": [""Energy balance""], ""occurrence_count"": 6, ""table_count"": 5}",other_ambiguous,codex_rule_assisted_primary,"Rule-assisted audit: conflicting, fragmentary, or insufficient evidence; kept out of four required classes. Primary milestone 9 audit label."
term_4bbe92ff941521377e56,"annual data, percentage change and index (= 100)","annual data, percentage change and index (= 100)",train_dev,title_clause|occ_1|tables_1|title|no_header|no_value|single_role,1,1,"{""title_clause"": 1}","{""has_header_evidence"": false, ""has_metadata_value_evidence"": false, ""has_title_evidence"": true, ""metadata_columns"": [], ""occurrence_count"": 1, ""table_count"": 1}",unit,codex_rule_assisted_primary,Rule-assisted audit: unit dictionary or unit-like expression. Primary milestone 9 audit label.
term_4c5b9a8a3322b4674fcb,Pieksämäki - Mikkeli,pieksämäki - mikkeli,train_dev,metadata_value|occ_6_20|tables_2_5|no_title|no_header|value|single_role,3,6,"{""metadata_value"": 6}","{""has_header_evidence"": false, ""has_metadata_value_evidence"": true, ""has_title_evidence"": false, ""metadata_columns"": [""Rail network Segment (2015)"", ""Rail network segment (2010)"", ""Rail network segment (2020)""], ""occurrence_count"": 6, ""table_count"": 3}",other_ambiguous,codex_rule_assisted_primary,"Rule-assisted audit: conflicting, fragmentary, or insufficient evidence; kept out of four required classes. Primary milestone 9 audit label."
term_4d2f6f70c2b559bdab2a,Mopeds,mopeds,train_dev,metadata_value|occ_21_plus|tables_1|no_title|no_header|value|single_role,1,94,"{""metadata_value"": 94}","{""has_header_evidence"": false, ""has_metadata_value_evidence"": true, ""has_title_evidence"": false, ""metadata_columns"": [""Vehicles""], ""occurrence_count"": 94, ""table_count"": 1}",other_ambiguous,codex_rule_assisted_primary,"Rule-assisted audit: conflicting, fragmentary, or insufficient evidence; kept out of four required classes. Primary milestone 9 audit label."
term_4d42623fa37833d1de30,Total loaded and empty,total loaded and empty,train_dev,metadata_value|occ_21_plus|tables_2_5|no_title|no_header|value|single_role,4,238,"{""metadata_value"": 238}","{""has_header_evidence"": false, ""has_metadata_value_evidence"": true, ""has_title_evidence"": false, ""metadata_columns"": [""Loading status"", ""Loading status\\Time""], ""occurrence_count"": 238, ""table_count"": 4}",dimension_value,codex_rule_assisted_primary,Rule-assisted audit: metadata-value/source evidence is a member of a dimension. Primary milestone 9 audit label.
term_4d69a8584fe6821413b3,Transition to unemployment,transition to unemployment,train_dev,metadata_value|occ_21_plus|tables_1|no_title|no_header|value|single_role,1,41,"{""metadata_value"": 41}","{""has_header_evidence"": false, ""has_metadata_value_evidence"": true, ""has_title_evidence"": false, ""metadata_columns"": [""Transition from the previous year situation""], ""occurrence_count"": 41, ""table_count"": 1}",other_ambiguous,codex_rule_assisted_primary,"Rule-assisted audit: conflicting, fragmentary, or insufficient evidence; kept out of four required classes. Primary milestone 9 audit label."
term_4dbaff6606f4d435c204,Business investment,business investment,train_dev,metadata_value|occ_21_plus|tables_2_5|no_title|no_header|value|single_role,2,70,"{""metadata_value"": 70}","{""has_header_evidence"": false, ""has_metadata_value_evidence"": true, ""has_title_evidence"": false, ""metadata_columns"": [""Indicator""], ""occurrence_count"": 70, ""table_count"": 2}",other_ambiguous,codex_rule_assisted_primary,"Rule-assisted audit: conflicting, fragmentary, or insufficient evidence; kept out of four required classes. Primary milestone 9 audit label."
term_4e2a5373de7655b8657d,European institutions and bodies,european institutions and bodies,train_dev,metadata_value|occ_21_plus|tables_2_5|no_title|no_header|value|single_role,3,154,"{""metadata_value"": 154}","{""has_header_evidence"": false, ""has_metadata_value_evidence"": true, ""has_title_evidence"": false, ""metadata_columns"": [""Sector""], ""occurrence_count"": 154, ""table_count"": 3}",other_ambiguous,codex_rule_assisted_primary,"Rule-assisted audit: conflicting, fragmentary, or insufficient evidence; kept out of four required classes. Primary milestone 9 audit label."
term_4f400190714b851c08f4,Reason,reason,train_dev,header_name|occ_21_plus|tables_21_plus|no_title|header|no_value|single_role,21,21,"{""header_name"": 21}","{""has_header_evidence"": true, ""has_metadata_value_evidence"": false, ""has_title_evidence"": false, ""metadata_columns"": [""Reason""], ""occurrence_count"": 21, ""table_count"": 21}",dimension_name,codex_rule_assisted_primary,Rule-assisted audit: header/source evidence names a table dimension. Primary milestone 9 audit label.
term_4f5dce6ac046df3a7b1a,Pernik - Radomir,pernik - radomir,train_dev,metadata_value|occ_6_20|tables_2_5|no_title|no_header|value|single_role,3,8,"{""metadata_value"": 8}","{""has_header_evidence"": false, ""has_metadata_value_evidence"": true, ""has_title_evidence"": false, ""metadata_columns"": [""Rail network Segment (2015)"", ""Rail network segment (2010)"", ""Rail network segment (2020)""], ""occurrence_count"": 8, ""table_count"": 3}",other_ambiguous,codex_rule_assisted_primary,"Rule-assisted audit: conflicting, fragmentary, or insufficient evidence; kept out of four required classes. Primary milestone 9 audit label."
term_4f64b141c573903f4583,GDP (stocks in % of GDP),gdp (stocks in % of gdp),train_dev,metadata_value|occ_21_plus|tables_2_5|no_title|no_header|value|single_role,2,71,"{""metadata_value"": 71}","{""has_header_evidence"": false, ""has_metadata_value_evidence"": true, ""has_title_evidence"": false, ""metadata_columns"": [""Balance of payments indicator""], ""occurrence_count"": 71, ""table_count"": 2}",other_ambiguous,codex_rule_assisted_primary,"Rule-assisted audit: conflicting, fragmentary, or insufficient evidence; kept out of four required classes. Primary milestone 9 audit label."
term_4fb179ada2382db6af22,Aggregate replacement ratio for pensions (excluding other social benefits) by sex,aggregate replacement ratio for pensions (excluding other social benefits) by sex,train_dev,title_full|occ_2_5|tables_2_5|title|no_header|no_value|single_role,2,2,"{""title_full"": 2}","{""has_header_evidence"": false, ""has_metadata_value_evidence"": false, ""has_title_evidence"": true, ""metadata_columns"": [], ""occurrence_count"": 2, ""table_count"": 2}",other_ambiguous,codex_rule_assisted_primary,"Rule-assisted audit: conflicting, fragmentary, or insufficient evidence; kept out of four required classes. Primary milestone 9 audit label."
term_4fcd93619cfd606aee23,Cropland,cropland,train_dev,metadata_value|occ_2_5|tables_1|no_title|no_header|value|single_role,1,3,"{""metadata_value"": 3}","{""has_header_evidence"": false, ""has_metadata_value_evidence"": true, ""has_title_evidence"": false, ""metadata_columns"": [""Environment indicator""], ""occurrence_count"": 3, ""table_count"": 1}",other_ambiguous,codex_rule_assisted_primary,"Rule-assisted audit: conflicting, fragmentary, or insufficient evidence; kept out of four required classes. Primary milestone 9 audit label."
term_51b071c82a7492982461,Percentage change q/q-1 (SCA),percentage change q/q-1 (sca),train_dev,metadata_value|occ_21_plus|tables_6_20|no_title|no_header|value|single_role,17,629,"{""metadata_value"": 629}","{""has_header_evidence"": false, ""has_metadata_value_evidence"": true, ""has_title_evidence"": false, ""metadata_columns"": [""Unit of measure""], ""occurrence_count"": 629, ""table_count"": 17}",unit,codex_rule_assisted_primary,Rule-assisted audit: unit dictionary or unit-like expression. Primary milestone 9 audit label.
term_52ee379d8071845a70e6,Risk of poverty threshold,risk of poverty threshold,train_dev,header_name|occ_6_20|tables_6_20|no_title|header|no_value|single_role,11,11,"{""header_name"": 11}","{""has_header_evidence"": true, ""has_metadata_value_evidence"": false, ""has_title_evidence"": false, ""metadata_columns"": [""Risk of poverty threshold""], ""occurrence_count"": 11, ""table_count"": 11}",dimension_name,codex_rule_assisted_primary,Rule-assisted audit: header/source evidence names a table dimension. Primary milestone 9 audit label.
term_539a1f228a15e5d6b6ad,LOGRONO airport,logrono airport,train_dev,metadata_value|occ_1|tables_1|no_title|no_header|value|single_role,1,1,"{""metadata_value"": 1}","{""has_header_evidence"": false, ""has_metadata_value_evidence"": true, ""has_title_evidence"": false, ""metadata_columns"": [""Reporting airport""], ""occurrence_count"": 1, ""table_count"": 1}",other_ambiguous,codex_rule_assisted_primary,"Rule-assisted audit: conflicting, fragmentary, or insufficient evidence; kept out of four required classes. Primary milestone 9 audit label."
term_54f686dfdc34539b5a21,Stamora Moravita - Border Ro/Srb,stamora moravita - border ro/srb,train_dev,metadata_value|occ_6_20|tables_2_5|no_title|no_header|value|single_role,3,6,"{""metadata_value"": 6}","{""has_header_evidence"": false, ""has_metadata_value_evidence"": true, ""has_title_evidence"": false, ""metadata_columns"": [""Rail network Segment (2015)"", ""Rail network segment (2010)"", ""Rail network segment (2020)""], ""occurrence_count"": 6, ""table_count"": 3}",other_ambiguous,codex_rule_assisted_primary,"Rule-assisted audit: conflicting, fragmentary, or insufficient evidence; kept out of four required classes. Primary milestone 9 audit label."
term_551a38ce7aaa9179694b,Type of return,type of return,train_dev,header_name|occ_1|tables_1|no_title|header|no_value|single_role,1,1,"{""header_name"": 1}","{""has_header_evidence"": true, ""has_metadata_value_evidence"": false, ""has_title_evidence"": false, ""metadata_columns"": [""Type of return""], ""occurrence_count"": 1, ""table_count"": 1}",dimension_name,codex_rule_assisted_primary,Rule-assisted audit: header/source evidence names a table dimension. Primary milestone 9 audit label.
term_56861a6a474b4ee616f2,Unknown,unknown,train_dev,metadata_value|occ_21_plus|tables_21_plus|no_title|no_header|value|single_role,36,863,"{""metadata_value"": 863}","{""has_header_evidence"": false, ""has_metadata_value_evidence"": true, ""has_title_evidence"": false, ""metadata_columns"": [""Accident"", ""Activity and employment status"", ""Age class"", ""Amenities"", ""Country of cabotage\\Time"", ""Country of registration\\Time"", ""Direction of flow"", ""Education or training field"", ""Household composition"", ""Housing"", ""International Standard Classification of Education (ISCED 1997)"", ""International Standard Classification of Education (ISCED 2011)"", ""Level of perception"", ""Maritime entity (partner)"", ""Maritime entity (partner)\\Time"", ""Nationality of registration of vessel"", ""Sea basins"", ""Sex"", ""Survey answer - Yes/No"", ""Tenure status"", ""Transport coverage\\Time"", ""Transport infrastructure"", ""Type of building"", ""Type of cargo"", ""Type of consignment"", ""Type of employment contract"", ""Type of vessel"", ""Type of withdrawal"", ""Year of construction""], ""occurrence_count"": 863, ""table_count"": 36}",other_ambiguous,codex_rule_assisted_primary,"Rule-assisted audit: conflicting, fragmentary, or insufficient evidence; kept out of four required classes. Primary milestone 9 audit label."
term_56d2cc8c7c6b3843f641,From 1 to 15 years,from 1 to 15 years,train_dev,metadata_value|occ_21_plus|tables_1|no_title|no_header|value|single_role,1,29,"{""metadata_value"": 29}","{""has_header_evidence"": false, ""has_metadata_value_evidence"": true, ""has_title_evidence"": false, ""metadata_columns"": [""Age class""], ""occurrence_count"": 29, ""table_count"": 1}",dimension_value,codex_rule_assisted_primary,Rule-assisted audit: metadata-value/source evidence is a member of a dimension. Primary milestone 9 audit label.
term_5725f6ca1c4139aaa95c,Age definition,age definition,train_dev,header_name|occ_2_5|tables_2_5|no_title|header|no_value|single_role,3,3,"{""header_name"": 3}","{""has_header_evidence"": true, ""has_metadata_value_evidence"": false, ""has_title_evidence"": false, ""metadata_columns"": [""Age definition""], ""occurrence_count"": 3, ""table_count"": 3}",dimension_name,codex_rule_assisted_primary,Rule-assisted audit: header/source evidence names a table dimension. Primary milestone 9 audit label.
term_573d2bb6014d5ec1ca2f,Nominal unit labour cost growth,nominal unit labour cost growth,train_dev,title_clause+title_full|occ_2_5|tables_2_5|title|no_header|no_value|conflict,2,2,"{""title_clause"": 1, ""title_full"": 1}","{""has_header_evidence"": false, ""has_metadata_value_evidence"": false, ""has_title_evidence"": true, ""metadata_columns"": [], ""occurrence_count"": 2, ""table_count"": 2}",other_ambiguous,codex_rule_assisted_primary,"Rule-assisted audit: conflicting, fragmentary, or insufficient evidence; kept out of four required classes. Primary milestone 9 audit label."
term_576044526eb51f91f5a5,Final consumption expenditure of households and non-profit institutions serving households,final consumption expenditure of households and non-profit institutions serving households,train_dev,title_clause+title_full|occ_2_5|tables_2_5|title|no_header|no_value|conflict,2,2,"{""title_clause"": 1, ""title_full"": 1}","{""has_header_evidence"": false, ""has_metadata_value_evidence"": false, ""has_title_evidence"": true, ""metadata_columns"": [], ""occurrence_count"": 2, ""table_count"": 2}",other_ambiguous,codex_rule_assisted_primary,"Rule-assisted audit: conflicting, fragmentary, or insufficient evidence; kept out of four required classes. Primary milestone 9 audit label."
term_5a09eeac48b669d92b4d,Unemployment by sex,unemployment by sex,train_dev,title_clause+title_full|occ_2_5|tables_2_5|title|no_header|no_value|conflict,3,3,"{""title_clause"": 2, ""title_full"": 1}","{""has_header_evidence"": false, ""has_metadata_value_evidence"": false, ""has_title_evidence"": true, ""metadata_columns"": [], ""occurrence_count"": 3, ""table_count"": 3}",other_ambiguous,codex_rule_assisted_primary,"Rule-assisted audit: conflicting, fragmentary, or insufficient evidence; kept out of four required classes. Primary milestone 9 audit label."
term_5b55d9f64e803056fde9,Labour transitions from temporary to permanent contracts by sex -3-year average,labour transitions from temporary to permanent contracts by sex -3-year average,train_dev,title_full|occ_2_5|tables_2_5|title|no_header|no_value|single_role,2,2,"{""title_full"": 2}","{""has_header_evidence"": false, ""has_metadata_value_evidence"": false, ""has_title_evidence"": true, ""metadata_columns"": [], ""occurrence_count"": 2, ""table_count"": 2}",other_ambiguous,codex_rule_assisted_primary,"Rule-assisted audit: conflicting, fragmentary, or insufficient evidence; kept out of four required classes. Primary milestone 9 audit label."
term_5b656d79774bfea6beda,"crude rates of total change, natural change and net migration plus adjustment","crude rates of total change, natural change and net migration plus adjustment",train_dev,title_clause|occ_1|tables_1|title|no_header|no_value|single_role,1,1,"{""title_clause"": 1}","{""has_header_evidence"": false, ""has_metadata_value_evidence"": false, ""has_title_evidence"": true, ""metadata_columns"": [], ""occurrence_count"": 1, ""table_count"": 1}",measure,codex_rule_assisted_primary,Rule-assisted audit: title/source evidence names a measured statistical phenomenon. Primary milestone 9 audit label.
term_5c30c2a045c864cc8d3f,"Standard goods classification for transport statistics (NST 2007, 20 group)","standard goods classification for transport statistics (nst 2007, 20 group)",train_dev,header_name|occ_2_5|tables_2_5|no_title|header|no_value|single_role,2,2,"{""header_name"": 2}","{""has_header_evidence"": true, ""has_metadata_value_evidence"": false, ""has_title_evidence"": false, ""metadata_columns"": [""Standard goods classification for transport statistics (NST 2007, 20 group)""], ""occurrence_count"": 2, ""table_count"": 2}",dimension_name,codex_rule_assisted_primary,Rule-assisted audit: header/source evidence names a table dimension. Primary milestone 9 audit label.
term_5c975fbb2491fa50a932,West Wales and The Valleys (NUTS 2021),west wales and the valleys (nuts 2021),train_dev,metadata_value|occ_1|tables_1|no_title|no_header|value|single_role,1,1,"{""metadata_value"": 1}","{""has_header_evidence"": false, ""has_metadata_value_evidence"": true, ""has_title_evidence"": false, ""metadata_columns"": [""Geopolitical entity (reporting)\\Time""], ""occurrence_count"": 1, ""table_count"": 1}",other_ambiguous,codex_rule_assisted_primary,"Rule-assisted audit: conflicting, fragmentary, or insufficient evidence; kept out of four required classes. Primary milestone 9 audit label."
term_5cba520af993b424859d,Total environmental taxes,total environmental taxes,train_dev,metadata_value|occ_21_plus|tables_2_5|no_title|no_header|value|single_role,2,94,"{""metadata_value"": 94}","{""has_header_evidence"": false, ""has_metadata_value_evidence"": true, ""has_title_evidence"": false, ""metadata_columns"": [""Taxes""], ""occurrence_count"": 94, ""table_count"": 2}",dimension_value,codex_rule_assisted_primary,Rule-assisted audit: metadata-value/source evidence is a member of a dimension. Primary milestone 9 audit label.
term_5ccf6ad8f0b2cbd8e17e,Current account transactions,current account transactions,train_dev,title_clause|occ_2_5|tables_2_5|title|no_header|no_value|single_role,5,5,"{""title_clause"": 5}","{""has_header_evidence"": false, ""has_metadata_value_evidence"": false, ""has_title_evidence"": true, ""metadata_columns"": [], ""occurrence_count"": 5, ""table_count"": 5}",other_ambiguous,codex_rule_assisted_primary,"Rule-assisted audit: conflicting, fragmentary, or insufficient evidence; kept out of four required classes. Primary milestone 9 audit label."
term_5e2280b872063ac3d638,IBIZA airport,ibiza airport,train_dev,metadata_value|occ_1|tables_1|no_title|no_header|value|single_role,1,1,"{""metadata_value"": 1}","{""has_header_evidence"": false, ""has_metadata_value_evidence"": true, ""has_title_evidence"": false, ""metadata_columns"": [""Reporting airport""], ""occurrence_count"": 1, ""table_count"": 1}",other_ambiguous,codex_rule_assisted_primary,"Rule-assisted audit: conflicting, fragmentary, or insufficient evidence; kept out of four required classes. Primary milestone 9 audit label."
term_5e60d2f1d1859714617a,Volume of passenger transport relative to GDP,volume of passenger transport relative to gdp,train_dev,title_full|occ_2_5|tables_2_5|title|no_header|no_value|single_role,2,2,"{""title_full"": 2}","{""has_header_evidence"": false, ""has_metadata_value_evidence"": false, ""has_title_evidence"": true, ""metadata_columns"": [], ""occurrence_count"": 2, ""table_count"": 2}",measure,codex_rule_assisted_primary,Rule-assisted audit: title/source evidence names a measured statistical phenomenon. Primary milestone 9 audit label.
term_5ed61b6892743ab4d8b0,Country of residence,country of residence,train_dev,header_name|occ_6_20|tables_6_20|no_title|header|no_value|single_role,6,6,"{""header_name"": 6}","{""has_header_evidence"": true, ""has_metadata_value_evidence"": false, ""has_title_evidence"": false, ""metadata_columns"": [""Country of residence""], ""occurrence_count"": 6, ""table_count"": 6}",dimension_name,codex_rule_assisted_primary,Rule-assisted audit: header/source evidence names a table dimension. Primary milestone 9 audit label.
term_601e5f5cc69059034950,Cooperation partners,cooperation partners,train_dev,header_name|occ_1|tables_1|no_title|header|no_value|single_role,1,1,"{""header_name"": 1}","{""has_header_evidence"": true, ""has_metadata_value_evidence"": false, ""has_title_evidence"": false, ""metadata_columns"": [""Cooperation partners""], ""occurrence_count"": 1, ""table_count"": 1}",dimension_name,codex_rule_assisted_primary,Rule-assisted audit: header/source evidence names a table dimension. Primary milestone 9 audit label.
term_6065d4f8545e2fd54fdf,Production in industry,production in industry,train_dev,title_clause|occ_6_20|tables_6_20|title|no_header|no_value|single_role,7,7,"{""title_clause"": 7}","{""has_header_evidence"": false, ""has_metadata_value_evidence"": false, ""has_title_evidence"": true, ""metadata_columns"": [], ""occurrence_count"": 7, ""table_count"": 7}",measure,codex_rule_assisted_primary,Rule-assisted audit: title/source evidence names a measured statistical phenomenon. Primary milestone 9 audit label.
term_6092546f2d6fd91fb87d,Legal form,legal form,train_dev,header_name|occ_1|tables_1|no_title|header|no_value|single_role,1,1,"{""header_name"": 1}","{""has_header_evidence"": true, ""has_metadata_value_evidence"": false, ""has_title_evidence"": false, ""metadata_columns"": [""Legal form""], ""occurrence_count"": 1, ""table_count"": 1}",dimension_name,codex_rule_assisted_primary,Rule-assisted audit: header/source evidence names a table dimension. Primary milestone 9 audit label.
term_60cab1f91b5f9afd5d43,North East (UK) (NUTS 2021),north east (uk) (nuts 2021),train_dev,metadata_value|occ_21_plus|tables_6_20|no_title|no_header|value|single_role,12,23,"{""metadata_value"": 23}","{""has_header_evidence"": false, ""has_metadata_value_evidence"": true, ""has_title_evidence"": false, ""metadata_columns"": [""Geopolitical entity (reporting)\\Time""], ""occurrence_count"": 23, ""table_count"": 12}",other_ambiguous,codex_rule_assisted_primary,"Rule-assisted audit: conflicting, fragmentary, or insufficient evidence; kept out of four required classes. Primary milestone 9 audit label."
term_610005638ba83bafa376,experimental statistics,experimental statistics,train_dev,title_clause|occ_21_plus|tables_21_plus|title|no_header|no_value|single_role,47,47,"{""title_clause"": 47}","{""has_header_evidence"": false, ""has_metadata_value_evidence"": false, ""has_title_evidence"": true, ""metadata_columns"": [], ""occurrence_count"": 47, ""table_count"": 47}",other_ambiguous,codex_rule_assisted_primary,"Rule-assisted audit: conflicting, fragmentary, or insufficient evidence; kept out of four required classes. Primary milestone 9 audit label."
term_62a703a53abf1ba8e7a0,"Other subsidies on production, revenue","other subsidies on production, revenue",train_dev,metadata_value|occ_1|tables_1|no_title|no_header|value|single_role,1,1,"{""metadata_value"": 1}","{""has_header_evidence"": false, ""has_metadata_value_evidence"": true, ""has_title_evidence"": false, ""metadata_columns"": [""National accounts indicator (ESA 2010)""], ""occurrence_count"": 1, ""table_count"": 1}",other_ambiguous,codex_rule_assisted_primary,"Rule-assisted audit: conflicting, fragmentary, or insufficient evidence; kept out of four required classes. Primary milestone 9 audit label."
term_62d39710b95637edc1c6,Titanium,titanium,train_dev,metadata_value|occ_1|tables_1|no_title|no_header|value|single_role,1,1,"{""metadata_value"": 1}","{""has_header_evidence"": false, ""has_metadata_value_evidence"": true, ""has_title_evidence"": false, ""metadata_columns"": [""Raw materials""], ""occurrence_count"": 1, ""table_count"": 1}",other_ambiguous,codex_rule_assisted_primary,"Rule-assisted audit: conflicting, fragmentary, or insufficient evidence; kept out of four required classes. Primary milestone 9 audit label."
term_63034d810b82f03883ae,Croatia,croatia,train_dev,metadata_value|occ_21_plus|tables_6_20|no_title|no_header|value|single_role,11,63,"{""metadata_value"": 63}","{""has_header_evidence"": false, ""has_metadata_value_evidence"": true, ""has_title_evidence"": false, ""metadata_columns"": [""Country of cabotage\\Time"", ""Maritime entity (partner)"", ""Maritime entity (reporting)"", ""Maritime entity (reporting)\\Time"", ""Metropolitan regions\\Time"", ""Nationality of registration of vessel""], ""occurrence_count"": 63, ""table_count"": 11}",other_ambiguous,codex_rule_assisted_primary,"Rule-assisted audit: conflicting, fragmentary, or insufficient evidence; kept out of four required classes. Primary milestone 9 audit label."
term_63c78f356b42364310bf,Renewable freshwater resources,renewable freshwater resources,train_dev,metadata_value+title_full|occ_21_plus|tables_2_5|title|no_header|value|conflict,2,61,"{""metadata_value"": 60, ""title_full"": 1}","{""has_header_evidence"": false, ""has_metadata_value_evidence"": true, ""has_title_evidence"": true, ""metadata_columns"": [""Water process\\Time""], ""occurrence_count"": 61, ""table_count"": 2}",other_ambiguous,codex_rule_assisted_primary,"Rule-assisted audit: conflicting, fragmentary, or insufficient evidence; kept out of four required classes. Primary milestone 9 audit label."
term_63d1279d57eaf3bf5774,Sometimes,sometimes,train_dev,metadata_value|occ_21_plus|tables_6_20|no_title|no_header|value|single_role,7,334,"{""metadata_value"": 334}","{""has_header_evidence"": false, ""has_metadata_value_evidence"": true, ""has_title_evidence"": false, ""metadata_columns"": [""Frequency""], ""occurrence_count"": 334, ""table_count"": 7}",other_ambiguous,codex_rule_assisted_primary,"Rule-assisted audit: conflicting, fragmentary, or insufficient evidence; kept out of four required classes. Primary milestone 9 audit label."
term_63e57ed40e8f66ee3260,Mode of transport,mode of transport,train_dev,header_name|occ_2_5|tables_2_5|no_title|header|no_value|single_role,5,5,"{""header_name"": 5}","{""has_header_evidence"": true, ""has_metadata_value_evidence"": false, ""has_title_evidence"": false, ""metadata_columns"": [""Mode of transport""], ""occurrence_count"": 5, ""table_count"": 5}",dimension_name,codex_rule_assisted_primary,Rule-assisted audit: header/source evidence names a table dimension. Primary milestone 9 audit label.
term_65272c619e10d81d0fbf,monthly data,monthly data,train_dev,title_clause|occ_6_20|tables_6_20|title|no_header|no_value|single_role,9,9,"{""title_clause"": 9}","{""has_header_evidence"": false, ""has_metadata_value_evidence"": false, ""has_title_evidence"": true, ""metadata_columns"": [], ""occurrence_count"": 9, ""table_count"": 9}",other_ambiguous,codex_rule_assisted_primary,"Rule-assisted audit: conflicting, fragmentary, or insufficient evidence; kept out of four required classes. Primary milestone 9 audit label."
term_653d907eed9d80157aea,Unit of measure,unit of measure,train_dev,header_name|occ_21_plus|tables_21_plus|no_title|header|no_value|single_role,1687,1687,"{""header_name"": 1687}","{""has_header_evidence"": true, ""has_metadata_value_evidence"": false, ""has_title_evidence"": false, ""metadata_columns"": [""Unit of measure""], ""occurrence_count"": 1687, ""table_count"": 1687}",dimension_name,codex_rule_assisted_primary,Rule-assisted audit: header/source evidence names a table dimension. Primary milestone 9 audit label.
term_6549f5d289bb62613bd8,From 15 to 34 years,from 15 to 34 years,train_dev,metadata_value|occ_21_plus|tables_2_5|no_title|no_header|value|single_role,2,148,"{""metadata_value"": 148}","{""has_header_evidence"": false, ""has_metadata_value_evidence"": true, ""has_title_evidence"": false, ""metadata_columns"": [""Age class""], ""occurrence_count"": 148, ""table_count"": 2}",dimension_value,codex_rule_assisted_primary,Rule-assisted audit: metadata-value/source evidence is a member of a dimension. Primary milestone 9 audit label.
term_6550d8bd3c33f4a00a14,Gross capital formation,gross capital formation,train_dev,metadata_value+title_full|occ_6_20|tables_2_5|title|no_header|value|conflict,4,17,"{""metadata_value"": 16, ""title_full"": 1}","{""has_header_evidence"": false, ""has_metadata_value_evidence"": true, ""has_title_evidence"": true, ""metadata_columns"": [""National accounts indicator (ESA 2010)""], ""occurrence_count"": 17, ""table_count"": 4}",other_ambiguous,codex_rule_assisted_primary,"Rule-assisted audit: conflicting, fragmentary, or insufficient evidence; kept out of four required classes. Primary milestone 9 audit label."
term_6641e08a74ef085617d0,Economical indicator for structural business statistics,economical indicator for structural business statistics,train_dev,header_name|occ_21_plus|tables_21_plus|no_title|header|no_value|single_role,35,35,"{""header_name"": 35}","{""has_header_evidence"": true, ""has_metadata_value_evidence"": false, ""has_title_evidence"": false, ""metadata_columns"": [""Economical indicator for structural business statistics""], ""occurrence_count"": 35, ""table_count"": 35}",dimension_name,codex_rule_assisted_primary,Rule-assisted audit: header/source evidence names a table dimension. Primary milestone 9 audit label.
term_66d503b38bc1bd2fea14,Northern Ireland (UK) (NUTS 2021),northern ireland (uk) (nuts 2021),train_dev,metadata_value|occ_21_plus|tables_21_plus|no_title|no_header|value|single_role,26,61,"{""metadata_value"": 61}","{""has_header_evidence"": false, ""has_metadata_value_evidence"": true, ""has_title_evidence"": false, ""metadata_columns"": [""Geopolitical entity (reporting)\\Time""], ""occurrence_count"": 61, ""table_count"": 26}",other_ambiguous,codex_rule_assisted_primary,"Rule-assisted audit: conflicting, fragmentary, or insufficient evidence; kept out of four required classes. Primary milestone 9 audit label."
term_671da001c365209c0ee1,single weighted score,single weighted score,train_dev,metadata_value+title_clause|occ_21_plus|tables_1|title|no_header|value|conflict,1,57,"{""metadata_value"": 56, ""title_clause"": 1}","{""has_header_evidence"": false, ""has_metadata_value_evidence"": true, ""has_title_evidence"": true, ""metadata_columns"": [""Consumption footprint""], ""occurrence_count"": 57, ""table_count"": 1}",other_ambiguous,codex_rule_assisted_primary,"Rule-assisted audit: conflicting, fragmentary, or insufficient evidence; kept out of four required classes. Primary milestone 9 audit label."
term_67895fcf980364a32040,Mönchengladbach,mönchengladbach,train_dev,metadata_value|occ_6_20|tables_6_20|no_title|no_header|value|single_role,6,6,"{""metadata_value"": 6}","{""has_header_evidence"": false, ""has_metadata_value_evidence"": true, ""has_title_evidence"": false, ""metadata_columns"": [""Metropolitan regions\\Time""], ""occurrence_count"": 6, ""table_count"": 6}",other_ambiguous,codex_rule_assisted_primary,"Rule-assisted audit: conflicting, fragmentary, or insufficient evidence; kept out of four required classes. Primary milestone 9 audit label."
term_680970ffe3e4c7a7f3cc,raw materials,raw materials,train_dev,header_name+metadata_value+title_clause|occ_21_plus|tables_6_20|title|header|value|conflict,6,26,"{""header_name"": 2, ""metadata_value"": 22, ""title_clause"": 2}","{""has_header_evidence"": true, ""has_metadata_value_evidence"": true, ""has_title_evidence"": true, ""metadata_columns"": [""Raw materials"", ""Standard International Trade Classification (SITC Rev. 4, 2006)""], ""occurrence_count"": 26, ""table_count"": 6}",other_ambiguous,codex_rule_assisted_primary,"Rule-assisted audit: conflicting, fragmentary, or insufficient evidence; kept out of four required classes. Primary milestone 9 audit label."
term_680a8bb3e6cd13694b6a,ENP-South countries,enp-south countries,train_dev,title_clause|occ_21_plus|tables_21_plus|title|no_header|no_value|single_role,75,75,"{""title_clause"": 75}","{""has_header_evidence"": false, ""has_metadata_value_evidence"": false, ""has_title_evidence"": true, ""metadata_columns"": [], ""occurrence_count"": 75, ""table_count"": 75}",other_ambiguous,codex_rule_assisted_primary,"Rule-assisted audit: conflicting, fragmentary, or insufficient evidence; kept out of four required classes. Primary milestone 9 audit label."
term_6812c016f91e580c3475,Import prices,import prices,train_dev,metadata_value+title_clause|occ_21_plus|tables_6_20|title|no_header|value|conflict,6,402,"{""metadata_value"": 396, ""title_clause"": 6}","{""has_header_evidence"": false, ""has_metadata_value_evidence"": true, ""has_title_evidence"": true, ""metadata_columns"": [""Business trend indicator""], ""occurrence_count"": 402, ""table_count"": 6}",other_ambiguous,codex_rule_assisted_primary,"Rule-assisted audit: conflicting, fragmentary, or insufficient evidence; kept out of four required classes. Primary milestone 9 audit label."
term_686037017f683fa761ff,hold: Equidae,hold: equidae,train_dev,metadata_value|occ_21_plus|tables_1|no_title|no_header|value|single_role,1,32,"{""metadata_value"": 32}","{""has_header_evidence"": false, ""has_metadata_value_evidence"": true, ""has_title_evidence"": false, ""metadata_columns"": [""Eurofarm indicators""], ""occurrence_count"": 32, ""table_count"": 1}",other_ambiguous,codex_rule_assisted_primary,"Rule-assisted audit: conflicting, fragmentary, or insufficient evidence; kept out of four required classes. Primary milestone 9 audit label."
term_68f32c7e2147adc52e9a,"ICT, media, computers, business and financial services - services - intermediate consumption","ict, media, computers, business and financial services - services - intermediate consumption",train_dev,metadata_value|occ_2_5|tables_1|no_title|no_header|value|single_role,1,2,"{""metadata_value"": 2}","{""has_header_evidence"": false, ""has_metadata_value_evidence"": true, ""has_title_evidence"": false, ""metadata_columns"": [""Broad economic categories (BEC Rev.5)""], ""occurrence_count"": 2, ""table_count"": 1}",other_ambiguous,codex_rule_assisted_primary,"Rule-assisted audit: conflicting, fragmentary, or insufficient evidence; kept out of four required classes. Primary milestone 9 audit label."
term_6935a07a3eb132ba30f0,head count,head count,train_dev,metadata_value+title_clause|occ_21_plus|tables_2_5|title|no_header|value|conflict,2,345,"{""metadata_value"": 344, ""title_clause"": 1}","{""has_header_evidence"": false, ""has_metadata_value_evidence"": true, ""has_title_evidence"": true, ""metadata_columns"": [""Unit of measure""], ""occurrence_count"": 345, ""table_count"": 2}",other_ambiguous,codex_rule_assisted_primary,"Rule-assisted audit: conflicting, fragmentary, or insufficient evidence; kept out of four required classes. Primary milestone 9 audit label."
term_69da507caf7070438543,million units of national currency,million units of national currency,train_dev,metadata_value+title_clause|occ_21_plus|tables_21_plus|title|no_header|value|conflict,30,1554,"{""metadata_value"": 1546, ""title_clause"": 8}","{""has_header_evidence"": false, ""has_metadata_value_evidence"": true, ""has_title_evidence"": true, ""metadata_columns"": [""Currency"", ""Unit of measure""], ""occurrence_count"": 1554, ""table_count"": 30}",other_ambiguous,codex_rule_assisted_primary,"Rule-assisted audit: conflicting, fragmentary, or insufficient evidence; kept out of four required classes. Primary milestone 9 audit label."
term_69e3b3a35aeed73732b7,all items,all items,train_dev,title_clause|occ_2_5|tables_2_5|title|no_header|no_value|single_role,2,2,"{""title_clause"": 2}","{""has_header_evidence"": false, ""has_metadata_value_evidence"": false, ""has_title_evidence"": true, ""metadata_columns"": [], ""occurrence_count"": 2, ""table_count"": 2}",other_ambiguous,codex_rule_assisted_primary,"Rule-assisted audit: conflicting, fragmentary, or insufficient evidence; kept out of four required classes. Primary milestone 9 audit label."
term_6a785fab3542e9a3d2a0,Direction of flow,direction of flow,train_dev,header_name|occ_6_20|tables_6_20|no_title|header|no_value|single_role,16,16,"{""header_name"": 16}","{""has_header_evidence"": true, ""has_metadata_value_evidence"": false, ""has_title_evidence"": false, ""metadata_columns"": [""Direction of flow""], ""occurrence_count"": 16, ""table_count"": 16}",dimension_name,codex_rule_assisted_primary,Rule-assisted audit: header/source evidence names a table dimension. Primary milestone 9 audit label.
term_6acccd46b2bf96dad600,EU index of occupational diseases (=100),eu index of occupational diseases (=100),train_dev,title_clause|occ_1|tables_1|title|no_header|no_value|single_role,1,1,"{""title_clause"": 1}","{""has_header_evidence"": false, ""has_metadata_value_evidence"": false, ""has_title_evidence"": true, ""metadata_columns"": [], ""occurrence_count"": 1, ""table_count"": 1}",measure,codex_rule_assisted_primary,Rule-assisted audit: title/source evidence names a measured statistical phenomenon. Primary milestone 9 audit label.
term_6af5f4ddd3516d3146af,Less than 3 months,less than 3 months,train_dev,metadata_value|occ_21_plus|tables_1|no_title|no_header|value|single_role,1,99,"{""metadata_value"": 99}","{""has_header_evidence"": false, ""has_metadata_value_evidence"": true, ""has_title_evidence"": false, ""metadata_columns"": [""Duration""], ""occurrence_count"": 99, ""table_count"": 1}",dimension_value,codex_rule_assisted_primary,Rule-assisted audit: metadata-value/source evidence is a member of a dimension. Primary milestone 9 audit label.
term_6b053cc25d711c386dfc,housing,housing,train_dev,header_name+title_clause|occ_2_5|tables_2_5|title|header|no_value|conflict,5,5,"{""header_name"": 4, ""title_clause"": 1}","{""has_header_evidence"": true, ""has_metadata_value_evidence"": false, ""has_title_evidence"": true, ""metadata_columns"": [""Housing""], ""occurrence_count"": 5, ""table_count"": 5}",other_ambiguous,codex_rule_assisted_primary,"Rule-assisted audit: conflicting, fragmentary, or insufficient evidence; kept out of four required classes. Primary milestone 9 audit label."
term_6b43c663e05fca747556,total,total,train_dev,metadata_value+title_clause|occ_21_plus|tables_21_plus|title|no_header|value|conflict,716,72735,"{""metadata_value"": 72730, ""title_clause"": 5}","{""has_header_evidence"": false, ""has_metadata_value_evidence"": true, ""has_title_evidence"": true, ""metadata_columns"": [""Accident"", ""Activity and employment status"", ""Age class"", ""Age of the child"", ""Agricultural area"", ""Amenities"", ""Aquatic environment"", ""Arable land area"", ""At risk of poverty - Yes/No"", ""At risk of poverty or social exclusion - Yes/No"", ""Basic classes of goods in the System of National Accounts (SNA) in terms of Broad Economic Categories (BEC)"", ""Categories of navigable inland waterways by horizontal dimensions of vessels and pushed convoys"", ""Category of voters"", ""Change"", ""Classification of individual consumption by purpose (COICOP)"", ""Client specialisation"", ""Client/Trader"", ""Control over working time"", ""Country of citizenship"", ""Country of destination"", ""Country of residence"", ""Cross border trade"", ""Decision"", ""Degree of urbanisation"", ""Direction of flow"", ""Duration"", ""Education or training field"", ""Engine capacity of vehicle"", ""Engine power"", ""Enterprise"", ""Entity"", ""Expenditure and investment"", ""Farm type"", ""Financial source"", ""Fishing gears"", ""Frequency"", ""Fruit species and groups of varieties"", ""Health care"", ""Health problems"", ""Household composition"", ""Income quantile"", ""Income situation in relation to the risk of poverty threshold"", ""Indicator"", ""International Standard Classification of Occupations 2008 (ISCO-08)"", ""International Standard Classification of Occupations for European Union purposes (ISCO-88 (COM))"", ""International Statistical Classification of Diseases and Related Health Problems (ICD-10 2010)"", ""Kind of business partners"", ""Legal form"", ""Legal type of the holding"", ""Level"", ""Level of activity limitation"", ""Main expenditure type"", ""Maritime entity (partner)"", ""Maritime entity (partner)\\Time"", ""Materials"", ""Means of goods and services supply"", ""Means testing"", ""Media"", ""Migration status"", ""Modalities of the variable for the ad-hoc module"", ""Mode of accommodation"", ""Monetary value by size class"", ""Motor energy"", ""Nationality of registration of vessel"", ""Number of children"", ""Number of tracks"", ""Operator/Trader"", ""Other gainful activity of the holder"", ""Other gainful activity of the spouse"", ""Part of body injured"", ""Pension type"", ""Place of residence"", ""Plantation density"", ""Power asymmetry"", ""Professional position"", ""Purchases"", ""Purchases\\Time"", ""Purpose"", ""Quantile"", ""Reason"", ""Risk of poverty threshold"", ""Sea basins\\Time"", ""Seniority category"", ""Severity (days lost)"", ""Sex"", ""Sex\\Time"", ""Size classes in number of employees"", ""Size classes in number of members"", ""Size classes in number of persons employed"", ""Size classes in percentage"", ""Size of accommodation by number of bedplaces"", ""Size of tourism establishments by number of rooms"", ""Smoking behaviour"", ""Sourcing activity"", ""Standard international energy product classification (SIEC)"", ""Standard output in Euros"", ""Statistical information"", ""Stock or flow"", ""Tenure status"", ""Territorial typology"", ""Train category"", ""Training"", ""Transport infrastructure"", ""Type of building"", ""Type of cargo"", ""Type of consignment"", ""Type of employment contract"", ""Type of household"", ""Type of issuer"", ""Type of level crossing"", ""Type of mortality"", ""Type of schedule"", ""Type of seat/berth"", ""Type of transport"", ""Type of vessel"", ""Type of withdrawal"", ""Vehicles"", ""Weight"", ""Work intensity"", ""Working time"", ""Workstation"", ""Year of construction"", ""age"", ""aquaenv"", ""diagnose"", ""isced11"", ""lev_limit"", ""n_activ"", ""n_child"", ""n_hprob"", ""n_injury"", ""n_person"", ""n_room"", ""n_vehicl"", ""n_vessel"", ""nace_r1"", ""partner"", ""sizeclas"", ""tra_cov"", ""yn_arope""], ""occurrence_count"": 72735, ""table_count"": 716}",other_ambiguous,codex_rule_assisted_primary,"Rule-assisted audit: conflicting, fragmentary, or insufficient evidence; kept out of four required classes. Primary milestone 9 audit label."
term_6b5d7cf62bba03e10903,Freiburg im Breisgau,freiburg im breisgau,train_dev,metadata_value|occ_6_20|tables_6_20|no_title|no_header|value|single_role,6,6,"{""metadata_value"": 6}","{""has_header_evidence"": false, ""has_metadata_value_evidence"": true, ""has_title_evidence"": false, ""metadata_columns"": [""Metropolitan regions\\Time""], ""occurrence_count"": 6, ""table_count"": 6}",other_ambiguous,codex_rule_assisted_primary,"Rule-assisted audit: conflicting, fragmentary, or insufficient evidence; kept out of four required classes. Primary milestone 9 audit label."
term_6c2422b0f8cec6c27165,Limited but not severely or not limited at all,limited but not severely or not limited at all,train_dev,metadata_value|occ_21_plus|tables_2_5|no_title|no_header|value|single_role,4,120,"{""metadata_value"": 120}","{""has_header_evidence"": false, ""has_metadata_value_evidence"": true, ""has_title_evidence"": false, ""metadata_columns"": [""Level of activity limitation""], ""occurrence_count"": 120, ""table_count"": 4}",other_ambiguous,codex_rule_assisted_primary,"Rule-assisted audit: conflicting, fragmentary, or insufficient evidence; kept out of four required classes. Primary milestone 9 audit label."
term_6d2d8c56275049e79771,Outwards,outwards,train_dev,metadata_value|occ_21_plus|tables_6_20|no_title|no_header|value|single_role,10,333,"{""metadata_value"": 333}","{""has_header_evidence"": false, ""has_metadata_value_evidence"": true, ""has_title_evidence"": false, ""metadata_columns"": [""Direction of flow""], ""occurrence_count"": 333, ""table_count"": 10}",other_ambiguous,codex_rule_assisted_primary,"Rule-assisted audit: conflicting, fragmentary, or insufficient evidence; kept out of four required classes. Primary milestone 9 audit label."
term_6db36f19abb398121cda,Balance of payments item,balance of payments item,train_dev,header_name|occ_21_plus|tables_21_plus|no_title|header|no_value|single_role,31,31,"{""header_name"": 31}","{""has_header_evidence"": true, ""has_metadata_value_evidence"": false, ""has_title_evidence"": false, ""metadata_columns"": [""Balance of payments item""], ""occurrence_count"": 31, ""table_count"": 31}",dimension_name,codex_rule_assisted_primary,Rule-assisted audit: header/source evidence names a table dimension. Primary milestone 9 audit label.
term_6db70b5580edc634d346,manufacturing,manufacturing,train_dev,metadata_value+title_clause|occ_21_plus|tables_21_plus|title|no_header|value|conflict,22,847,"{""metadata_value"": 843, ""title_clause"": 4}","{""has_header_evidence"": false, ""has_metadata_value_evidence"": true, ""has_title_evidence"": true, ""metadata_columns"": [""Statistical classification of economic activities in the European Community (NACE Rev. 1.1)"", ""Statistical classification of economic activities in the European Community (NACE Rev. 2)""], ""occurrence_count"": 847, ""table_count"": 22}",other_ambiguous,codex_rule_assisted_primary,"Rule-assisted audit: conflicting, fragmentary, or insufficient evidence; kept out of four required classes. Primary milestone 9 audit label."
term_6e3300b3b76ec6fc07b9,Inequality of income distribution S80/S20 income quintile share ratio,inequality of income distribution s80/s20 income quintile share ratio,train_dev,title_clause|occ_1|tables_1|title|no_header|no_value|single_role,1,1,"{""title_clause"": 1}","{""has_header_evidence"": false, ""has_metadata_value_evidence"": false, ""has_title_evidence"": true, ""metadata_columns"": [], ""occurrence_count"": 1, ""table_count"": 1}",measure,codex_rule_assisted_primary,Rule-assisted audit: title/source evidence names a measured statistical phenomenon. Primary milestone 9 audit label.
term_6ed05af438e18e343343,"Direct investment - annual data, million units of national currency","direct investment - annual data, million units of national currency",train_dev,title_full|occ_1|tables_1|title|no_header|no_value|single_role,1,1,"{""title_full"": 1}","{""has_header_evidence"": false, ""has_metadata_value_evidence"": false, ""has_title_evidence"": true, ""metadata_columns"": [], ""occurrence_count"": 1, ""table_count"": 1}",measure,codex_rule_assisted_primary,Rule-assisted audit: title/source evidence names a measured statistical phenomenon. Primary milestone 9 audit label.
term_6f198222f48ed594d20d,"NACE Rev. 1.1, C-O excluding L","nace rev. 1.1, c-o excluding l",train_dev,title_clause|occ_6_20|tables_6_20|title|no_header|no_value|single_role,6,6,"{""title_clause"": 6}","{""has_header_evidence"": false, ""has_metadata_value_evidence"": false, ""has_title_evidence"": true, ""metadata_columns"": [], ""occurrence_count"": 6, ""table_count"": 6}",other_ambiguous,codex_rule_assisted_primary,"Rule-assisted audit: conflicting, fragmentary, or insufficient evidence; kept out of four required classes. Primary milestone 9 audit label."
term_6f499dc3f206f7f63037,Schweinfurt,schweinfurt,train_dev,metadata_value|occ_6_20|tables_6_20|no_title|no_header|value|single_role,6,6,"{""metadata_value"": 6}","{""has_header_evidence"": false, ""has_metadata_value_evidence"": true, ""has_title_evidence"": false, ""metadata_columns"": [""Metropolitan regions\\Time""], ""occurrence_count"": 6, ""table_count"": 6}",other_ambiguous,codex_rule_assisted_primary,"Rule-assisted audit: conflicting, fragmentary, or insufficient evidence; kept out of four required classes. Primary milestone 9 audit label."
term_6f75dfc879761b103c69,Zagreb GK - Zagreb ZK,zagreb gk - zagreb zk,train_dev,metadata_value|occ_2_5|tables_2_5|no_title|no_header|value|single_role,2,4,"{""metadata_value"": 4}","{""has_header_evidence"": false, ""has_metadata_value_evidence"": true, ""has_title_evidence"": false, ""metadata_columns"": [""Rail network Segment (2015)"", ""Rail network segment (2020)""], ""occurrence_count"": 4, ""table_count"": 2}",other_ambiguous,codex_rule_assisted_primary,"Rule-assisted audit: conflicting, fragmentary, or insufficient evidence; kept out of four required classes. Primary milestone 9 audit label."
term_6f982446cb9d04c3e050,Bohumín - Mosty u Jabl. st.hr.-Pet-C.Te¿,bohumín - mosty u jabl. st.hr.-pet-c.te¿,train_dev,metadata_value|occ_2_5|tables_1|no_title|no_header|value|single_role,1,2,"{""metadata_value"": 2}","{""has_header_evidence"": false, ""has_metadata_value_evidence"": true, ""has_title_evidence"": false, ""metadata_columns"": [""Rail network Segment (2015)""], ""occurrence_count"": 2, ""table_count"": 1}",other_ambiguous,codex_rule_assisted_primary,"Rule-assisted audit: conflicting, fragmentary, or insufficient evidence; kept out of four required classes. Primary milestone 9 audit label."
term_6faca0aeb83bbf68e531,HICP,hicp,train_dev,title_clause|occ_21_plus|tables_21_plus|title|no_header|no_value|single_role,25,25,"{""title_clause"": 25}","{""has_header_evidence"": false, ""has_metadata_value_evidence"": false, ""has_title_evidence"": true, ""metadata_columns"": [], ""occurrence_count"": 25, ""table_count"": 25}",other_ambiguous,codex_rule_assisted_primary,"Rule-assisted audit: conflicting, fragmentary, or insufficient evidence; kept out of four required classes. Primary milestone 9 audit label."
term_70a5712d6400877cdbad,Staatsgrenze N. Lochau - Horbranz - Bregenz,staatsgrenze n. lochau - horbranz - bregenz,train_dev,metadata_value|occ_2_5|tables_1|no_title|no_header|value|single_role,1,2,"{""metadata_value"": 2}","{""has_header_evidence"": false, ""has_metadata_value_evidence"": true, ""has_title_evidence"": false, ""metadata_columns"": [""Rail network segment (2005)""], ""occurrence_count"": 2, ""table_count"": 1}",other_ambiguous,codex_rule_assisted_primary,"Rule-assisted audit: conflicting, fragmentary, or insufficient evidence; kept out of four required classes. Primary milestone 9 audit label."
term_717d5f965747158648c8,From 30 to 64 years,from 30 to 64 years,train_dev,metadata_value|occ_21_plus|tables_6_20|no_title|no_header|value|single_role,12,237,"{""metadata_value"": 237}","{""has_header_evidence"": false, ""has_metadata_value_evidence"": true, ""has_title_evidence"": false, ""metadata_columns"": [""Age class""], ""occurrence_count"": 237, ""table_count"": 12}",dimension_value,codex_rule_assisted_primary,Rule-assisted audit: metadata-value/source evidence is a member of a dimension. Primary milestone 9 audit label.
term_71a61d9ac69a0818aeb1,Nantes Saint-Nazaire,nantes saint-nazaire,train_dev,metadata_value|occ_6_20|tables_1|no_title|no_header|value|single_role,1,6,"{""metadata_value"": 6}","{""has_header_evidence"": false, ""has_metadata_value_evidence"": true, ""has_title_evidence"": false, ""metadata_columns"": [""Maritime entity (reporting)\\Time""], ""occurrence_count"": 6, ""table_count"": 1}",other_ambiguous,codex_rule_assisted_primary,"Rule-assisted audit: conflicting, fragmentary, or insufficient evidence; kept out of four required classes. Primary milestone 9 audit label."
term_71d13374fdc58514165c,Over 12 months,over 12 months,train_dev,metadata_value|occ_21_plus|tables_1|no_title|no_header|value|single_role,1,99,"{""metadata_value"": 99}","{""has_header_evidence"": false, ""has_metadata_value_evidence"": true, ""has_title_evidence"": false, ""metadata_columns"": [""Duration""], ""occurrence_count"": 99, ""table_count"": 1}",other_ambiguous,codex_rule_assisted_primary,"Rule-assisted audit: conflicting, fragmentary, or insufficient evidence; kept out of four required classes. Primary milestone 9 audit label."
term_7253a431b9747e3e831e,V44120,v44120,train_dev,metadata_value|occ_21_plus|tables_1|no_title|no_header|value|single_role,1,167,"{""metadata_value"": 167}","{""has_header_evidence"": false, ""has_metadata_value_evidence"": true, ""has_title_evidence"": false, ""metadata_columns"": [""indic_sb""], ""occurrence_count"": 167, ""table_count"": 1}",other_ambiguous,codex_rule_assisted_primary,"Rule-assisted audit: conflicting, fragmentary, or insufficient evidence; kept out of four required classes. Primary milestone 9 audit label."
term_728a17a49d5310a47301,Self-employed persons,self-employed persons,train_dev,metadata_value|occ_21_plus|tables_6_20|no_title|no_header|value|single_role,8,268,"{""metadata_value"": 268}","{""has_header_evidence"": false, ""has_metadata_value_evidence"": true, ""has_title_evidence"": false, ""metadata_columns"": [""Activity and employment status"", ""Control over working time""], ""occurrence_count"": 268, ""table_count"": 8}",dimension_value,codex_rule_assisted_primary,Rule-assisted audit: metadata-value/source evidence is a member of a dimension. Primary milestone 9 audit label.
term_74dbfa091bba47578ca6,Human immunodeficiency virus [HIV] disease,human immunodeficiency virus [hiv] disease,train_dev,metadata_value|occ_21_plus|tables_2_5|no_title|no_header|value|single_role,2,143,"{""metadata_value"": 143}","{""has_header_evidence"": false, ""has_metadata_value_evidence"": true, ""has_title_evidence"": false, ""metadata_columns"": [""International Statistical Classification of Diseases and Related Health Problems (ICD-10 2010)""], ""occurrence_count"": 143, ""table_count"": 2}",other_ambiguous,codex_rule_assisted_primary,"Rule-assisted audit: conflicting, fragmentary, or insufficient evidence; kept out of four required classes. Primary milestone 9 audit label."
term_760e16a43b7727938101,Refugee status,refugee status,train_dev,metadata_value|occ_21_plus|tables_1|no_title|no_header|value|single_role,1,29,"{""metadata_value"": 29}","{""has_header_evidence"": false, ""has_metadata_value_evidence"": true, ""has_title_evidence"": false, ""metadata_columns"": [""Reason""], ""occurrence_count"": 29, ""table_count"": 1}",other_ambiguous,codex_rule_assisted_primary,"Rule-assisted audit: conflicting, fragmentary, or insufficient evidence; kept out of four required classes. Primary milestone 9 audit label."
term_76520356ec56f413f5d8,Inland waterways,inland waterways,train_dev,metadata_value|occ_21_plus|tables_2_5|no_title|no_header|value|single_role,4,96,"{""metadata_value"": 96}","{""has_header_evidence"": false, ""has_metadata_value_evidence"": true, ""has_title_evidence"": false, ""metadata_columns"": [""Mode of transport""], ""occurrence_count"": 96, ""table_count"": 4}",other_ambiguous,codex_rule_assisted_primary,"Rule-assisted audit: conflicting, fragmentary, or insufficient evidence; kept out of four required classes. Primary milestone 9 audit label."
term_77ff27ac1ea24ecd0b07,Hours spent in CVT courses by NACE Rev. 1.1 activity,hours spent in cvt courses by nace rev. 1.1 activity,train_dev,title_clause|occ_2_5|tables_2_5|title|no_header|no_value|single_role,5,5,"{""title_clause"": 5}","{""has_header_evidence"": false, ""has_metadata_value_evidence"": false, ""has_title_evidence"": true, ""metadata_columns"": [], ""occurrence_count"": 5, ""table_count"": 5}",other_ambiguous,codex_rule_assisted_primary,"Rule-assisted audit: conflicting, fragmentary, or insufficient evidence; kept out of four required classes. Primary milestone 9 audit label."
term_7805345e03a9d8f73462,Fruit species and groups of varieties,fruit species and groups of varieties,train_dev,header_name|occ_2_5|tables_2_5|no_title|header|no_value|single_role,5,5,"{""header_name"": 5}","{""has_header_evidence"": true, ""has_metadata_value_evidence"": false, ""has_title_evidence"": false, ""metadata_columns"": [""Fruit species and groups of varieties""], ""occurrence_count"": 5, ""table_count"": 5}",dimension_name,codex_rule_assisted_primary,Rule-assisted audit: header/source evidence names a table dimension. Primary milestone 9 audit label.
term_78f8f43b0ac9499c8671,Housing units by type,housing units by type,train_dev,title_full|occ_1|tables_1|title|no_header|no_value|single_role,1,1,"{""title_full"": 1}","{""has_header_evidence"": false, ""has_metadata_value_evidence"": false, ""has_title_evidence"": true, ""metadata_columns"": [], ""occurrence_count"": 1, ""table_count"": 1}",measure,codex_rule_assisted_primary,Rule-assisted audit: title/source evidence names a measured statistical phenomenon. Primary milestone 9 audit label.
term_79358a522ed056b03c17,Distribution of households by household type,distribution of households by household type,train_dev,title_clause+title_full|occ_2_5|tables_2_5|title|no_header|no_value|conflict,2,2,"{""title_clause"": 1, ""title_full"": 1}","{""has_header_evidence"": false, ""has_metadata_value_evidence"": false, ""has_title_evidence"": true, ""metadata_columns"": [], ""occurrence_count"": 2, ""table_count"": 2}",other_ambiguous,codex_rule_assisted_primary,"Rule-assisted audit: conflicting, fragmentary, or insufficient evidence; kept out of four required classes. Primary milestone 9 audit label."
term_799415c7adb43189a8af,Air pollutants and greenhouse gases,air pollutants and greenhouse gases,train_dev,header_name|occ_6_20|tables_6_20|no_title|header|no_value|single_role,8,8,"{""header_name"": 8}","{""has_header_evidence"": true, ""has_metadata_value_evidence"": false, ""has_title_evidence"": false, ""metadata_columns"": [""Air pollutants and greenhouse gases""], ""occurrence_count"": 8, ""table_count"": 8}",dimension_name,codex_rule_assisted_primary,Rule-assisted audit: header/source evidence names a table dimension. Primary milestone 9 audit label.
term_79bdfae6a83ca066ae99,Unemployment rate - 3 year average,unemployment rate - 3 year average,train_dev,title_full|occ_1|tables_1|title|no_header|no_value|single_role,1,1,"{""title_full"": 1}","{""has_header_evidence"": false, ""has_metadata_value_evidence"": false, ""has_title_evidence"": true, ""metadata_columns"": [], ""occurrence_count"": 1, ""table_count"": 1}",measure,codex_rule_assisted_primary,Rule-assisted audit: title/source evidence names a measured statistical phenomenon. Primary milestone 9 audit label.
term_79e45bd6ff5512dad206,Social insurance coverage,social insurance coverage,train_dev,header_name|occ_1|tables_1|no_title|header|no_value|single_role,1,1,"{""header_name"": 1}","{""has_header_evidence"": true, ""has_metadata_value_evidence"": false, ""has_title_evidence"": false, ""metadata_columns"": [""Social insurance coverage""], ""occurrence_count"": 1, ""table_count"": 1}",dimension_name,codex_rule_assisted_primary,Rule-assisted audit: header/source evidence names a table dimension. Primary milestone 9 audit label.
term_7a1782f46913f3a3a942,Japanese yen,japanese yen,train_dev,metadata_value|occ_2_5|tables_2_5|no_title|no_header|value|single_role,2,2,"{""metadata_value"": 2}","{""has_header_evidence"": false, ""has_metadata_value_evidence"": true, ""has_title_evidence"": false, ""metadata_columns"": [""Currency\\Time""], ""occurrence_count"": 2, ""table_count"": 2}",other_ambiguous,codex_rule_assisted_primary,"Rule-assisted audit: conflicting, fragmentary, or insufficient evidence; kept out of four required classes. Primary milestone 9 audit label."
term_7a4d48d2399b1fa2591f,other manufactured products,other manufactured products,train_dev,title_clause|occ_2_5|tables_2_5|title|no_header|no_value|single_role,2,2,"{""title_clause"": 2}","{""has_header_evidence"": false, ""has_metadata_value_evidence"": false, ""has_title_evidence"": true, ""metadata_columns"": [], ""occurrence_count"": 2, ""table_count"": 2}",other_ambiguous,codex_rule_assisted_primary,"Rule-assisted audit: conflicting, fragmentary, or insufficient evidence; kept out of four required classes. Primary milestone 9 audit label."
term_7abc3292942090afa980,Goods transported by rail,goods transported by rail,train_dev,title_clause|occ_1|tables_1|title|no_header|no_value|single_role,1,1,"{""title_clause"": 1}","{""has_header_evidence"": false, ""has_metadata_value_evidence"": false, ""has_title_evidence"": true, ""metadata_columns"": [], ""occurrence_count"": 1, ""table_count"": 1}",measure,codex_rule_assisted_primary,Rule-assisted audit: title/source evidence names a measured statistical phenomenon. Primary milestone 9 audit label.
term_7b95c8c25d19b37b1761,Percentage of the ICT sector personnel in total employment,percentage of the ict sector personnel in total employment,train_dev,title_full|occ_2_5|tables_2_5|title|no_header|no_value|single_role,2,2,"{""title_full"": 2}","{""has_header_evidence"": false, ""has_metadata_value_evidence"": false, ""has_title_evidence"": true, ""metadata_columns"": [], ""occurrence_count"": 2, ""table_count"": 2}",unit,codex_rule_assisted_primary,Rule-assisted audit: unit dictionary or unit-like expression. Primary milestone 9 audit label.
term_7b97abd853d5562c6fef,Kirklees,kirklees,train_dev,metadata_value|occ_6_20|tables_6_20|no_title|no_header|value|single_role,6,6,"{""metadata_value"": 6}","{""has_header_evidence"": false, ""has_metadata_value_evidence"": true, ""has_title_evidence"": false, ""metadata_columns"": [""Metropolitan regions\\Time""], ""occurrence_count"": 6, ""table_count"": 6}",other_ambiguous,codex_rule_assisted_primary,"Rule-assisted audit: conflicting, fragmentary, or insufficient evidence; kept out of four required classes. Primary milestone 9 audit label."
term_7bc68b18be2c7431a304,CPA_J6512BB,cpa_j6512bb,train_dev,metadata_value|occ_21_plus|tables_6_20|no_title|no_header|value|single_role,6,39,"{""metadata_value"": 39}","{""has_header_evidence"": false, ""has_metadata_value_evidence"": true, ""has_title_evidence"": false, ""metadata_columns"": [""cpa02""], ""occurrence_count"": 39, ""table_count"": 6}",other_ambiguous,codex_rule_assisted_primary,"Rule-assisted audit: conflicting, fragmentary, or insufficient evidence; kept out of four required classes. Primary milestone 9 audit label."
term_7c969cb5a5bea26ceb1d,Salmo trutta (Sea trout),salmo trutta (sea trout),train_dev,metadata_value|occ_6_20|tables_1|no_title|no_header|value|single_role,1,20,"{""metadata_value"": 20}","{""has_header_evidence"": false, ""has_metadata_value_evidence"": true, ""has_title_evidence"": false, ""metadata_columns"": [""Species""], ""occurrence_count"": 20, ""table_count"": 1}",other_ambiguous,codex_rule_assisted_primary,"Rule-assisted audit: conflicting, fragmentary, or insufficient evidence; kept out of four required classes. Primary milestone 9 audit label."
term_7e2907e0b1bc91a1e92b,Deda - Beclean Pe Somes,deda - beclean pe somes,train_dev,metadata_value|occ_6_20|tables_2_5|no_title|no_header|value|single_role,3,6,"{""metadata_value"": 6}","{""has_header_evidence"": false, ""has_metadata_value_evidence"": true, ""has_title_evidence"": false, ""metadata_columns"": [""Rail network Segment (2015)"", ""Rail network segment (2010)"", ""Rail network segment (2020)""], ""occurrence_count"": 6, ""table_count"": 3}",other_ambiguous,codex_rule_assisted_primary,"Rule-assisted audit: conflicting, fragmentary, or insufficient evidence; kept out of four required classes. Primary milestone 9 audit label."
term_7e3cc7286fd245dc9c45,Administrative domain,administrative domain,train_dev,header_name|occ_1|tables_1|no_title|header|no_value|single_role,1,1,"{""header_name"": 1}","{""has_header_evidence"": true, ""has_metadata_value_evidence"": false, ""has_title_evidence"": false, ""metadata_columns"": [""Administrative domain""], ""occurrence_count"": 1, ""table_count"": 1}",dimension_name,codex_rule_assisted_primary,Rule-assisted audit: header/source evidence names a table dimension. Primary milestone 9 audit label.
term_7ec9f7930850364d3fed,Consequences - Yes/No,consequences - yes/no,train_dev,header_name|occ_1|tables_1|no_title|header|no_value|single_role,1,1,"{""header_name"": 1}","{""has_header_evidence"": true, ""has_metadata_value_evidence"": false, ""has_title_evidence"": false, ""metadata_columns"": [""Consequences - Yes/No""], ""occurrence_count"": 1, ""table_count"": 1}",dimension_name,codex_rule_assisted_primary,Rule-assisted audit: header/source evidence names a table dimension. Primary milestone 9 audit label.
term_7eda1b2a57bd0c6c8388,Total fertility rate,total fertility rate,train_dev,metadata_value+title_full|occ_21_plus|tables_2_5|title|no_header|value|conflict,3,138,"{""metadata_value"": 137, ""title_full"": 1}","{""has_header_evidence"": false, ""has_metadata_value_evidence"": true, ""has_title_evidence"": true, ""metadata_columns"": [""Demographic indicator""], ""occurrence_count"": 138, ""table_count"": 3}",other_ambiguous,codex_rule_assisted_primary,"Rule-assisted audit: conflicting, fragmentary, or insufficient evidence; kept out of four required classes. Primary milestone 9 audit label."
term_7f15a6e67c88982b1f8c,Paris,paris,train_dev,metadata_value|occ_6_20|tables_6_20|no_title|no_header|value|single_role,6,6,"{""metadata_value"": 6}","{""has_header_evidence"": false, ""has_metadata_value_evidence"": true, ""has_title_evidence"": false, ""metadata_columns"": [""Metropolitan regions\\Time""], ""occurrence_count"": 6, ""table_count"": 6}",other_ambiguous,codex_rule_assisted_primary,"Rule-assisted audit: conflicting, fragmentary, or insufficient evidence; kept out of four required classes. Primary milestone 9 audit label."
term_7f5217192a52f5655686,Purchases,purchases,train_dev,header_name|occ_1|tables_1|no_title|header|no_value|single_role,1,1,"{""header_name"": 1}","{""has_header_evidence"": true, ""has_metadata_value_evidence"": false, ""has_title_evidence"": false, ""metadata_columns"": [""Purchases""], ""occurrence_count"": 1, ""table_count"": 1}",dimension_name,codex_rule_assisted_primary,Rule-assisted audit: header/source evidence names a table dimension. Primary milestone 9 audit label.
term_7f618447d6453b450364,Material Deprivation rate by age group,material deprivation rate by age group,train_dev,title_clause|occ_1|tables_1|title|no_header|no_value|single_role,1,1,"{""title_clause"": 1}","{""has_header_evidence"": false, ""has_metadata_value_evidence"": false, ""has_title_evidence"": true, ""metadata_columns"": [], ""occurrence_count"": 1, ""table_count"": 1}",measure,codex_rule_assisted_primary,Rule-assisted audit: title/source evidence names a measured statistical phenomenon. Primary milestone 9 audit label.
term_806da1ba05dfed79c3e3,Population density,population density,train_dev,title_clause+title_full|occ_2_5|tables_2_5|title|no_header|no_value|conflict,2,2,"{""title_clause"": 1, ""title_full"": 1}","{""has_header_evidence"": false, ""has_metadata_value_evidence"": false, ""has_title_evidence"": true, ""metadata_columns"": [], ""occurrence_count"": 2, ""table_count"": 2}",other_ambiguous,codex_rule_assisted_primary,"Rule-assisted audit: conflicting, fragmentary, or insufficient evidence; kept out of four required classes. Primary milestone 9 audit label."
term_8074001830bd7c7cdff3,"Educational attainment at age 25 and above, male, ISCED 3-4 (%)","educational attainment at age 25 and above, male, isced 3-4 (%)",train_dev,metadata_value|occ_6_20|tables_1|no_title|no_header|value|single_role,1,6,"{""metadata_value"": 6}","{""has_header_evidence"": false, ""has_metadata_value_evidence"": true, ""has_title_evidence"": false, ""metadata_columns"": [""Indicator used in Euro_Med""], ""occurrence_count"": 6, ""table_count"": 1}",dimension_value,codex_rule_assisted_primary,Rule-assisted audit: metadata-value/source evidence is a member of a dimension. Primary milestone 9 audit label.
term_816feef20e44e834723c,Final consumption expenditure of general government,final consumption expenditure of general government,train_dev,metadata_value+title_full|occ_21_plus|tables_2_5|title|no_header|value|conflict,5,255,"{""metadata_value"": 254, ""title_full"": 1}","{""has_header_evidence"": false, ""has_metadata_value_evidence"": true, ""has_title_evidence"": true, ""metadata_columns"": [""National accounts indicator (ESA 2010)""], ""occurrence_count"": 255, ""table_count"": 5}",other_ambiguous,codex_rule_assisted_primary,"Rule-assisted audit: conflicting, fragmentary, or insufficient evidence; kept out of four required classes. Primary milestone 9 audit label."
term_81955330eb1fb2110930,Employed persons working part-time,employed persons working part-time,train_dev,metadata_value+title_clause|occ_21_plus|tables_2_5|title|no_header|value|conflict,4,186,"{""metadata_value"": 185, ""title_clause"": 1}","{""has_header_evidence"": false, ""has_metadata_value_evidence"": true, ""has_title_evidence"": true, ""metadata_columns"": [""Activity and employment status""], ""occurrence_count"": 186, ""table_count"": 4}",other_ambiguous,codex_rule_assisted_primary,"Rule-assisted audit: conflicting, fragmentary, or insufficient evidence; kept out of four required classes. Primary milestone 9 audit label."
term_826973c362b06b079b1f,HAMBURG airport,hamburg airport,train_dev,metadata_value|occ_1|tables_1|no_title|no_header|value|single_role,1,1,"{""metadata_value"": 1}","{""has_header_evidence"": false, ""has_metadata_value_evidence"": true, ""has_title_evidence"": false, ""metadata_columns"": [""Reporting airport""], ""occurrence_count"": 1, ""table_count"": 1}",other_ambiguous,codex_rule_assisted_primary,"Rule-assisted audit: conflicting, fragmentary, or insufficient evidence; kept out of four required classes. Primary milestone 9 audit label."
term_8287815d3953999fafc9,Passengers (excluding cruise passengers) transported from/to the main ports quarterly data,passengers (excluding cruise passengers) transported from/to the main ports quarterly data,train_dev,title_full|occ_2_5|tables_2_5|title|no_header|no_value|single_role,2,2,"{""title_full"": 2}","{""has_header_evidence"": false, ""has_metadata_value_evidence"": false, ""has_title_evidence"": true, ""metadata_columns"": [], ""occurrence_count"": 2, ""table_count"": 2}",measure,codex_rule_assisted_primary,Rule-assisted audit: title/source evidence names a measured statistical phenomenon. Primary milestone 9 audit label.
term_829a8ccb0579464ea3e1,Thousand tonnes,thousand tonnes,train_dev,metadata_value|occ_21_plus|tables_21_plus|no_title|no_header|value|single_role,66,3222,"{""metadata_value"": 3222}","{""has_header_evidence"": false, ""has_metadata_value_evidence"": true, ""has_title_evidence"": false, ""metadata_columns"": [""Unit of measure"", ""Unit of measure\\Time""], ""occurrence_count"": 3222, ""table_count"": 66}",unit,codex_rule_assisted_primary,Rule-assisted audit: unit dictionary or unit-like expression. Primary milestone 9 audit label.
term_84cf624dafc136269511,Suceava - Dorne?Ti,suceava - dorne?ti,train_dev,metadata_value|occ_2_5|tables_1|no_title|no_header|value|single_role,1,2,"{""metadata_value"": 2}","{""has_header_evidence"": false, ""has_metadata_value_evidence"": true, ""has_title_evidence"": false, ""metadata_columns"": [""Rail network segment (2010)""], ""occurrence_count"": 2, ""table_count"": 1}",other_ambiguous,codex_rule_assisted_primary,"Rule-assisted audit: conflicting, fragmentary, or insufficient evidence; kept out of four required classes. Primary milestone 9 audit label."
term_853c17c4946552ef0713,aquaenv,aquaenv,train_dev,header_name|occ_1|tables_1|no_title|header|no_value|single_role,1,1,"{""header_name"": 1}","{""has_header_evidence"": true, ""has_metadata_value_evidence"": false, ""has_title_evidence"": false, ""metadata_columns"": [""aquaenv""], ""occurrence_count"": 1, ""table_count"": 1}",dimension_name,codex_rule_assisted_primary,Rule-assisted audit: header/source evidence names a table dimension. Primary milestone 9 audit label.
term_87ccd55e6ba1d67e7996,Geopolitical entity (reporting)\Time,geopolitical entity (reporting)\time,train_dev,header_name|occ_21_plus|tables_21_plus|no_title|header|no_value|single_role,1777,1777,"{""header_name"": 1777}","{""has_header_evidence"": true, ""has_metadata_value_evidence"": false, ""has_title_evidence"": false, ""metadata_columns"": [""Geopolitical entity (reporting)\\Time""], ""occurrence_count"": 1777, ""table_count"": 1777}",dimension_name,codex_rule_assisted_primary,Rule-assisted audit: header/source evidence names a table dimension. Primary milestone 9 audit label.
term_8808316d868823d6086b,sizeclas,sizeclas,train_dev,header_name|occ_2_5|tables_2_5|no_title|header|no_value|single_role,2,2,"{""header_name"": 2}","{""has_header_evidence"": true, ""has_metadata_value_evidence"": false, ""has_title_evidence"": false, ""metadata_columns"": [""sizeclas""], ""occurrence_count"": 2, ""table_count"": 2}",dimension_name,codex_rule_assisted_primary,Rule-assisted audit: header/source evidence names a table dimension. Primary milestone 9 audit label.
term_880e698a6e26db0fdd33,Venezia,venezia,train_dev,metadata_value|occ_6_20|tables_6_20|no_title|no_header|value|single_role,6,6,"{""metadata_value"": 6}","{""has_header_evidence"": false, ""has_metadata_value_evidence"": true, ""has_title_evidence"": false, ""metadata_columns"": [""Metropolitan regions\\Time""], ""occurrence_count"": 6, ""table_count"": 6}",other_ambiguous,codex_rule_assisted_primary,"Rule-assisted audit: conflicting, fragmentary, or insufficient evidence; kept out of four required classes. Primary milestone 9 audit label."
term_8883dec78102c1457714,Vicsani - Dornesti,vicsani - dornesti,train_dev,metadata_value|occ_2_5|tables_2_5|no_title|no_header|value|single_role,2,4,"{""metadata_value"": 4}","{""has_header_evidence"": false, ""has_metadata_value_evidence"": true, ""has_title_evidence"": false, ""metadata_columns"": [""Rail network Segment (2015)"", ""Rail network segment (2020)""], ""occurrence_count"": 4, ""table_count"": 2}",other_ambiguous,codex_rule_assisted_primary,"Rule-assisted audit: conflicting, fragmentary, or insufficient evidence; kept out of four required classes. Primary milestone 9 audit label."
term_893b82284a14c79baad9,Building permits - monthly data,building permits - monthly data,train_dev,title_full|occ_1|tables_1|title|no_header|no_value|single_role,1,1,"{""title_full"": 1}","{""has_header_evidence"": false, ""has_metadata_value_evidence"": false, ""has_title_evidence"": true, ""metadata_columns"": [], ""occurrence_count"": 1, ""table_count"": 1}",measure,codex_rule_assisted_primary,Rule-assisted audit: title/source evidence names a measured statistical phenomenon. Primary milestone 9 audit label.
term_8979ec8c2cca089409db,Hologram,hologram,train_dev,metadata_value|occ_6_20|tables_1|no_title|no_header|value|single_role,1,7,"{""metadata_value"": 7}","{""has_header_evidence"": false, ""has_metadata_value_evidence"": true, ""has_title_evidence"": false, ""metadata_columns"": [""Nature of the trademark""], ""occurrence_count"": 7, ""table_count"": 1}",other_ambiguous,codex_rule_assisted_primary,"Rule-assisted audit: conflicting, fragmentary, or insufficient evidence; kept out of four required classes. Primary milestone 9 audit label."
term_898f6a71147ec642fdc7,Financial derivatives and employee stock options,financial derivatives and employee stock options,train_dev,metadata_value+title_clause|occ_6_20|tables_2_5|title|no_header|value|conflict,2,7,"{""metadata_value"": 6, ""title_clause"": 1}","{""has_header_evidence"": false, ""has_metadata_value_evidence"": true, ""has_title_evidence"": true, ""metadata_columns"": [""National accounts indicator (ESA 2010)""], ""occurrence_count"": 7, ""table_count"": 2}",other_ambiguous,codex_rule_assisted_primary,"Rule-assisted audit: conflicting, fragmentary, or insufficient evidence; kept out of four required classes. Primary milestone 9 audit label."
term_89fc1e92fa4f5f8bef86,Energy taxes,energy taxes,train_dev,metadata_value+title_full|occ_21_plus|tables_1|title|no_header|value|conflict,1,36,"{""metadata_value"": 35, ""title_full"": 1}","{""has_header_evidence"": false, ""has_metadata_value_evidence"": true, ""has_title_evidence"": true, ""metadata_columns"": [""Taxes""], ""occurrence_count"": 36, ""table_count"": 1}",other_ambiguous,codex_rule_assisted_primary,"Rule-assisted audit: conflicting, fragmentary, or insufficient evidence; kept out of four required classes. Primary milestone 9 audit label."
term_8a0dba7ba16db933b7cc,Passenger cars,passenger cars,train_dev,metadata_value+title_clause|occ_21_plus|tables_6_20|title|no_header|value|conflict,8,212,"{""metadata_value"": 210, ""title_clause"": 2}","{""has_header_evidence"": false, ""has_metadata_value_evidence"": true, ""has_title_evidence"": true, ""metadata_columns"": [""Vehicles""], ""occurrence_count"": 212, ""table_count"": 8}",other_ambiguous,codex_rule_assisted_primary,"Rule-assisted audit: conflicting, fragmentary, or insufficient evidence; kept out of four required classes. Primary milestone 9 audit label."
term_8a714fc067071dd30a8f,Kirchdorf A. D. Krems - Selzthal,kirchdorf a. d. krems - selzthal,train_dev,metadata_value|occ_2_5|tables_2_5|no_title|no_header|value|single_role,2,5,"{""metadata_value"": 5}","{""has_header_evidence"": false, ""has_metadata_value_evidence"": true, ""has_title_evidence"": false, ""metadata_columns"": [""Rail network segment (2005)"", ""Rail network segment (2010)""], ""occurrence_count"": 5, ""table_count"": 2}",other_ambiguous,codex_rule_assisted_primary,"Rule-assisted audit: conflicting, fragmentary, or insufficient evidence; kept out of four required classes. Primary milestone 9 audit label."
term_8b8151145214929caa78,Gross value added,gross value added,train_dev,metadata_value+title_clause+title_full|occ_21_plus|tables_21_plus|title|no_header|value|conflict,26,85,"{""metadata_value"": 60, ""title_clause"": 24, ""title_full"": 1}","{""has_header_evidence"": false, ""has_metadata_value_evidence"": true, ""has_title_evidence"": true, ""metadata_columns"": [""Environment indicator""], ""occurrence_count"": 85, ""table_count"": 26}",other_ambiguous,codex_rule_assisted_primary,"Rule-assisted audit: conflicting, fragmentary, or insufficient evidence; kept out of four required classes. Primary milestone 9 audit label."
term_8c0da67ed1006687b002,Healthy life years at birth by sex,healthy life years at birth by sex,train_dev,title_full|occ_2_5|tables_2_5|title|no_header|no_value|single_role,2,2,"{""title_full"": 2}","{""has_header_evidence"": false, ""has_metadata_value_evidence"": false, ""has_title_evidence"": true, ""metadata_columns"": [], ""occurrence_count"": 2, ""table_count"": 2}",measure,codex_rule_assisted_primary,Rule-assisted audit: title/source evidence names a measured statistical phenomenon. Primary milestone 9 audit label.
term_8cd8bdad03488e8d2da8,Construction,construction,train_dev,metadata_value|occ_21_plus|tables_21_plus|no_title|no_header|value|single_role,29,914,"{""metadata_value"": 914}","{""has_header_evidence"": false, ""has_metadata_value_evidence"": true, ""has_title_evidence"": false, ""metadata_columns"": [""Statistical classification of economic activities in the European Community (NACE Rev. 1.1)"", ""Statistical classification of economic activities in the European Community (NACE Rev. 2)""], ""occurrence_count"": 914, ""table_count"": 29}",other_ambiguous,codex_rule_assisted_primary,"Rule-assisted audit: conflicting, fragmentary, or insufficient evidence; kept out of four required classes. Primary milestone 9 audit label."
term_8d3d3f805ac7a649ecb2,Territorial typology,territorial typology,train_dev,header_name|occ_6_20|tables_6_20|no_title|header|no_value|single_role,9,9,"{""header_name"": 9}","{""has_header_evidence"": true, ""has_metadata_value_evidence"": false, ""has_title_evidence"": false, ""metadata_columns"": [""Territorial typology""], ""occurrence_count"": 9, ""table_count"": 9}",dimension_name,codex_rule_assisted_primary,Rule-assisted audit: header/source evidence names a table dimension. Primary milestone 9 audit label.
term_8dcaba990735ba9a2b8d,"Producer price indices, animals and animal products","producer price indices, animals and animal products",train_dev,title_full|occ_1|tables_1|title|no_header|no_value|single_role,1,1,"{""title_full"": 1}","{""has_header_evidence"": false, ""has_metadata_value_evidence"": false, ""has_title_evidence"": true, ""metadata_columns"": [], ""occurrence_count"": 1, ""table_count"": 1}",measure,codex_rule_assisted_primary,Rule-assisted audit: title/source evidence names a measured statistical phenomenon. Primary milestone 9 audit label.
term_8ea012abbdd0b9cd1823,Area under wine-grape vine varieties broken down by vine variety and by age of the vines,area under wine-grape vine varieties broken down by vine variety and by age of the vines,train_dev,title_full|occ_2_5|tables_2_5|title|no_header|no_value|single_role,2,2,"{""title_full"": 2}","{""has_header_evidence"": false, ""has_metadata_value_evidence"": false, ""has_title_evidence"": true, ""metadata_columns"": [], ""occurrence_count"": 2, ""table_count"": 2}",other_ambiguous,codex_rule_assisted_primary,"Rule-assisted audit: conflicting, fragmentary, or insufficient evidence; kept out of four required classes. Primary milestone 9 audit label."
term_8eb71c6dc355fe57c854,Public expenditure on education,public expenditure on education,train_dev,title_clause+title_full|occ_2_5|tables_2_5|title|no_header|no_value|conflict,3,3,"{""title_clause"": 2, ""title_full"": 1}","{""has_header_evidence"": false, ""has_metadata_value_evidence"": false, ""has_title_evidence"": true, ""metadata_columns"": [], ""occurrence_count"": 3, ""table_count"": 3}",other_ambiguous,codex_rule_assisted_primary,"Rule-assisted audit: conflicting, fragmentary, or insufficient evidence; kept out of four required classes. Primary milestone 9 audit label."
term_8f06b2c055ce0b8c2865,Bird species,bird species,train_dev,header_name|occ_2_5|tables_2_5|no_title|header|no_value|single_role,2,2,"{""header_name"": 2}","{""has_header_evidence"": true, ""has_metadata_value_evidence"": false, ""has_title_evidence"": false, ""metadata_columns"": [""Bird species""], ""occurrence_count"": 2, ""table_count"": 2}",dimension_name,codex_rule_assisted_primary,Rule-assisted audit: header/source evidence names a table dimension. Primary milestone 9 audit label.
term_904095884628e3129409,consumer non-durables,consumer non-durables,train_dev,title_clause|occ_2_5|tables_2_5|title|no_header|no_value|single_role,4,4,"{""title_clause"": 4}","{""has_header_evidence"": false, ""has_metadata_value_evidence"": false, ""has_title_evidence"": true, ""metadata_columns"": [], ""occurrence_count"": 4, ""table_count"": 4}",other_ambiguous,codex_rule_assisted_primary,"Rule-assisted audit: conflicting, fragmentary, or insufficient evidence; kept out of four required classes. Primary milestone 9 audit label."
term_9047e8128002d68ac7dc,Country level,country level,train_dev,title_clause|occ_6_20|tables_6_20|title|no_header|no_value|single_role,7,7,"{""title_clause"": 7}","{""has_header_evidence"": false, ""has_metadata_value_evidence"": false, ""has_title_evidence"": true, ""metadata_columns"": [], ""occurrence_count"": 7, ""table_count"": 7}",other_ambiguous,codex_rule_assisted_primary,"Rule-assisted audit: conflicting, fragmentary, or insufficient evidence; kept out of four required classes. Primary milestone 9 audit label."
term_90d5f0b0d8a8bc795ac0,St.Valentin - Abzw Weyer 1 Kastenreith Hst,st.valentin - abzw weyer 1 kastenreith hst,train_dev,metadata_value|occ_2_5|tables_2_5|no_title|no_header|value|single_role,2,5,"{""metadata_value"": 5}","{""has_header_evidence"": false, ""has_metadata_value_evidence"": true, ""has_title_evidence"": false, ""metadata_columns"": [""Rail network segment (2005)"", ""Rail network segment (2010)""], ""occurrence_count"": 5, ""table_count"": 2}",other_ambiguous,codex_rule_assisted_primary,"Rule-assisted audit: conflicting, fragmentary, or insufficient evidence; kept out of four required classes. Primary milestone 9 audit label."
term_9149defab00e89b1edf8,Heuston - Cork,heuston - cork,validation,metadata_value|occ_2_5|tables_2_5|no_title|no_header|value|single_role,4,4,"{""metadata_value"": 4}","{""has_header_evidence"": false, ""has_metadata_value_evidence"": true, ""has_title_evidence"": false, ""metadata_columns"": [""Rail network Segment (2015)"", ""Rail network segment (2005)"", ""Rail network segment (2010)"", ""Rail network segment (2020)""], ""occurrence_count"": 4, ""table_count"": 4}",other_ambiguous,codex_rule_assisted_primary,"Rule-assisted audit: conflicting, fragmentary, or insufficient evidence; kept out of four required classes. Primary milestone 9 audit label."
term_91546c60bcd051cb0cd4,Metkovic - Ploce,metkovic - ploce,validation,metadata_value|occ_2_5|tables_1|no_title|no_header|value|single_role,1,2,"{""metadata_value"": 2}","{""has_header_evidence"": false, ""has_metadata_value_evidence"": true, ""has_title_evidence"": false, ""metadata_columns"": [""Rail network Segment (2015)""], ""occurrence_count"": 2, ""table_count"": 1}",other_ambiguous,codex_rule_assisted_primary,"Rule-assisted audit: conflicting, fragmentary, or insufficient evidence; kept out of four required classes. Primary milestone 9 audit label."
term_9189cc0de6134fb365a3,"Lutjanidae (Snappers, jobfishes nei)","lutjanidae (snappers, jobfishes nei)",validation,metadata_value|occ_1|tables_1|no_title|no_header|value|single_role,1,1,"{""metadata_value"": 1}","{""has_header_evidence"": false, ""has_metadata_value_evidence"": true, ""has_title_evidence"": false, ""metadata_columns"": [""Species""], ""occurrence_count"": 1, ""table_count"": 1}",other_ambiguous,codex_rule_assisted_primary,"Rule-assisted audit: conflicting, fragmentary, or insufficient evidence; kept out of four required classes. Primary milestone 9 audit label."
term_9214aee26ab53fb9460e,Simeria - Arad,simeria - arad,validation,metadata_value|occ_6_20|tables_2_5|no_title|no_header|value|single_role,3,6,"{""metadata_value"": 6}","{""has_header_evidence"": false, ""has_metadata_value_evidence"": true, ""has_title_evidence"": false, ""metadata_columns"": [""Rail network Segment (2015)"", ""Rail network segment (2010)"", ""Rail network segment (2020)""], ""occurrence_count"": 6, ""table_count"": 3}",other_ambiguous,codex_rule_assisted_primary,"Rule-assisted audit: conflicting, fragmentary, or insufficient evidence; kept out of four required classes. Primary milestone 9 audit label."
term_9233acd286fe726c6964,enterprises with 10 employees or more,enterprises with 10 employees or more,validation,title_clause|occ_6_20|tables_6_20|title|no_header|no_value|single_role,6,6,"{""title_clause"": 6}","{""has_header_evidence"": false, ""has_metadata_value_evidence"": false, ""has_title_evidence"": true, ""metadata_columns"": [], ""occurrence_count"": 6, ""table_count"": 6}",other_ambiguous,codex_rule_assisted_primary,"Rule-assisted audit: conflicting, fragmentary, or insufficient evidence; kept out of four required classes. Primary milestone 9 audit label."
term_92364f8dfa8be322ee3a,"NACE Rev. 2, B-S excluding O","nace rev. 2, b-s excluding o",validation,title_clause|occ_6_20|tables_6_20|title|no_header|no_value|single_role,15,15,"{""title_clause"": 15}","{""has_header_evidence"": false, ""has_metadata_value_evidence"": false, ""has_title_evidence"": true, ""metadata_columns"": [], ""occurrence_count"": 15, ""table_count"": 15}",other_ambiguous,codex_rule_assisted_primary,"Rule-assisted audit: conflicting, fragmentary, or insufficient evidence; kept out of four required classes. Primary milestone 9 audit label."
term_92e4484c6f766fc9ca1a,SALZBURG airport,salzburg airport,validation,metadata_value|occ_1|tables_1|no_title|no_header|value|single_role,1,1,"{""metadata_value"": 1}","{""has_header_evidence"": false, ""has_metadata_value_evidence"": true, ""has_title_evidence"": false, ""metadata_columns"": [""Reporting airport""], ""occurrence_count"": 1, ""table_count"": 1}",other_ambiguous,codex_rule_assisted_primary,"Rule-assisted audit: conflicting, fragmentary, or insufficient evidence; kept out of four required classes. Primary milestone 9 audit label."
term_93440fa93b782df62e86,Percentage change m/m-12 (NSA),percentage change m/m-12 (nsa),validation,metadata_value|occ_21_plus|tables_21_plus|no_title|no_header|value|single_role,30,435,"{""metadata_value"": 435}","{""has_header_evidence"": false, ""has_metadata_value_evidence"": true, ""has_title_evidence"": false, ""metadata_columns"": [""Unit of measure""], ""occurrence_count"": 435, ""table_count"": 30}",unit,codex_rule_assisted_primary,Rule-assisted audit: unit dictionary or unit-like expression. Primary milestone 9 audit label.
term_93be4f5e81ecaa65c5ce,Monthly,monthly,validation,metadata_value|occ_21_plus|tables_21_plus|no_title|no_header|value|single_role,113,9052,"{""metadata_value"": 9052}","{""has_header_evidence"": false, ""has_metadata_value_evidence"": true, ""has_title_evidence"": false, ""metadata_columns"": [""Time frequency""], ""occurrence_count"": 9052, ""table_count"": 113}",dimension_value,codex_rule_assisted_primary,Rule-assisted audit: metadata-value/source evidence is a member of a dimension. Primary milestone 9 audit label.
term_9631e7c4e89f4fb88ee7,Between 3 years and compulsory school age - childcare 30 hours or more weekly,between 3 years and compulsory school age - childcare 30 hours or more weekly,validation,metadata_value|occ_21_plus|tables_1|no_title|no_header|value|single_role,1,38,"{""metadata_value"": 38}","{""has_header_evidence"": false, ""has_metadata_value_evidence"": true, ""has_title_evidence"": false, ""metadata_columns"": [""Income and living conditions indicator""], ""occurrence_count"": 38, ""table_count"": 1}",other_ambiguous,codex_rule_assisted_primary,"Rule-assisted audit: conflicting, fragmentary, or insufficient evidence; kept out of four required classes. Primary milestone 9 audit label."
term_96c23b27e8e34fd43b24,Percentage of individuals,percentage of individuals,validation,metadata_value|occ_21_plus|tables_21_plus|no_title|no_header|value|single_role,21,1647,"{""metadata_value"": 1647}","{""has_header_evidence"": false, ""has_metadata_value_evidence"": true, ""has_title_evidence"": false, ""metadata_columns"": [""Unit of measure""], ""occurrence_count"": 1647, ""table_count"": 21}",unit,codex_rule_assisted_primary,Rule-assisted audit: unit dictionary or unit-like expression. Primary milestone 9 audit label.
term_96cbb07d86b897e587e5,Day-to-day rates for euro area countries,day-to-day rates for euro area countries,validation,title_clause|occ_2_5|tables_2_5|title|no_header|no_value|single_role,2,2,"{""title_clause"": 2}","{""has_header_evidence"": false, ""has_metadata_value_evidence"": false, ""has_title_evidence"": true, ""metadata_columns"": [], ""occurrence_count"": 2, ""table_count"": 2}",other_ambiguous,codex_rule_assisted_primary,"Rule-assisted audit: conflicting, fragmentary, or insufficient evidence; kept out of four required classes. Primary milestone 9 audit label."
term_96f8b236c288062efbce,miscellaneous goods and services,miscellaneous goods and services,validation,metadata_value+title_clause|occ_21_plus|tables_1|title|no_header|value|conflict,1,127,"{""metadata_value"": 126, ""title_clause"": 1}","{""has_header_evidence"": false, ""has_metadata_value_evidence"": true, ""has_title_evidence"": true, ""metadata_columns"": [""Classification of individual consumption by purpose (COICOP)""], ""occurrence_count"": 127, ""table_count"": 1}",other_ambiguous,codex_rule_assisted_primary,"Rule-assisted audit: conflicting, fragmentary, or insufficient evidence; kept out of four required classes. Primary milestone 9 audit label."
term_975f92a4a6ba860bd35f,Number of accidents at work by NACE Rev. 1.1 activity and employment status,number of accidents at work by nace rev. 1.1 activity and employment status,validation,title_full|occ_1|tables_1|title|no_header|no_value|single_role,1,1,"{""title_full"": 1}","{""has_header_evidence"": false, ""has_metadata_value_evidence"": false, ""has_title_evidence"": true, ""metadata_columns"": [], ""occurrence_count"": 1, ""table_count"": 1}",measure,codex_rule_assisted_primary,Rule-assisted audit: title/source evidence names a measured statistical phenomenon. Primary milestone 9 audit label.
term_977ee432b7741c1195b2,Palladium,palladium,validation,metadata_value|occ_1|tables_1|no_title|no_header|value|single_role,1,1,"{""metadata_value"": 1}","{""has_header_evidence"": false, ""has_metadata_value_evidence"": true, ""has_title_evidence"": false, ""metadata_columns"": [""Raw materials""], ""occurrence_count"": 1, ""table_count"": 1}",other_ambiguous,codex_rule_assisted_primary,"Rule-assisted audit: conflicting, fragmentary, or insufficient evidence; kept out of four required classes. Primary milestone 9 audit label."
term_98043c55907195f80c23,Zuid-Holland (NUTS 2021),zuid-holland (nuts 2021),validation,metadata_value|occ_21_plus|tables_21_plus|no_title|no_header|value|single_role,21,21,"{""metadata_value"": 21}","{""has_header_evidence"": false, ""has_metadata_value_evidence"": true, ""has_title_evidence"": false, ""metadata_columns"": [""Geopolitical entity (reporting)\\Time""], ""occurrence_count"": 21, ""table_count"": 21}",other_ambiguous,codex_rule_assisted_primary,"Rule-assisted audit: conflicting, fragmentary, or insufficient evidence; kept out of four required classes. Primary milestone 9 audit label."
term_988b99bd2801c8911f55,gross weight of goods in containers handled in each port,gross weight of goods in containers handled in each port,validation,title_clause|occ_1|tables_1|title|no_header|no_value|single_role,1,1,"{""title_clause"": 1}","{""has_header_evidence"": false, ""has_metadata_value_evidence"": false, ""has_title_evidence"": true, ""metadata_columns"": [], ""occurrence_count"": 1, ""table_count"": 1}",measure,codex_rule_assisted_primary,Rule-assisted audit: title/source evidence names a measured statistical phenomenon. Primary milestone 9 audit label.
term_98d83e2c8f732663726a,Aschaffenburg,aschaffenburg,validation,metadata_value|occ_6_20|tables_6_20|no_title|no_header|value|single_role,6,6,"{""metadata_value"": 6}","{""has_header_evidence"": false, ""has_metadata_value_evidence"": true, ""has_title_evidence"": false, ""metadata_columns"": [""Metropolitan regions\\Time""], ""occurrence_count"": 6, ""table_count"": 6}",other_ambiguous,codex_rule_assisted_primary,"Rule-assisted audit: conflicting, fragmentary, or insufficient evidence; kept out of four required classes. Primary milestone 9 audit label."
term_98e7a5ece402b79a24ee,services,services,validation,metadata_value+title_clause|occ_21_plus|tables_6_20|title|no_header|value|conflict,13,500,"{""metadata_value"": 498, ""title_clause"": 2}","{""has_header_evidence"": false, ""has_metadata_value_evidence"": true, ""has_title_evidence"": true, ""metadata_columns"": [""Balance of payments item"", ""Broad economic categories (BEC Rev.5)"", ""Education or training field"", ""Statistical classification of economic activities in the European Community (NACE Rev. 1.1)"", ""Statistical classification of economic activities in the European Community (NACE Rev. 2)""], ""occurrence_count"": 500, ""table_count"": 13}",other_ambiguous,codex_rule_assisted_primary,"Rule-assisted audit: conflicting, fragmentary, or insufficient evidence; kept out of four required classes. Primary milestone 9 audit label."
term_994edf8acc8b0cb8db14,First instance decisions on asylum applications by type of decision - annual aggregated data,first instance decisions on asylum applications by type of decision - annual aggregated data,validation,title_full|occ_1|tables_1|title|no_header|no_value|single_role,1,1,"{""title_full"": 1}","{""has_header_evidence"": false, ""has_metadata_value_evidence"": false, ""has_title_evidence"": true, ""metadata_columns"": [], ""occurrence_count"": 1, ""table_count"": 1}",measure,codex_rule_assisted_primary,Rule-assisted audit: title/source evidence names a measured statistical phenomenon. Primary milestone 9 audit label.
term_996e61c8a359e5b5e5d0,Employed persons,employed persons,validation,metadata_value|occ_21_plus|tables_21_plus|no_title|no_header|value|single_role,25,2341,"{""metadata_value"": 2341}","{""has_header_evidence"": false, ""has_metadata_value_evidence"": true, ""has_title_evidence"": false, ""metadata_columns"": [""Activity and employment status"", ""Employment status in the second job""], ""occurrence_count"": 2341, ""table_count"": 25}",dimension_value,codex_rule_assisted_primary,Rule-assisted audit: metadata-value/source evidence is a member of a dimension. Primary milestone 9 audit label.
term_99b168fc5730e52ce37d,Population (aged 25 and over) by sex and educational attainment level,population (aged 25 and over) by sex and educational attainment level,validation,title_clause|occ_1|tables_1|title|no_header|no_value|single_role,1,1,"{""title_clause"": 1}","{""has_header_evidence"": false, ""has_metadata_value_evidence"": false, ""has_title_evidence"": true, ""metadata_columns"": [], ""occurrence_count"": 1, ""table_count"": 1}",measure,codex_rule_assisted_primary,Rule-assisted audit: title/source evidence names a measured statistical phenomenon. Primary milestone 9 audit label.
term_99b4dbc2762d7b976727,per thousand persons,per thousand persons,validation,title_clause|occ_6_20|tables_6_20|title|no_header|no_value|single_role,6,6,"{""title_clause"": 6}","{""has_header_evidence"": false, ""has_metadata_value_evidence"": false, ""has_title_evidence"": true, ""metadata_columns"": [], ""occurrence_count"": 6, ""table_count"": 6}",unit,codex_rule_assisted_primary,Rule-assisted audit: unit dictionary or unit-like expression. Primary milestone 9 audit label.
term_99bc776aac0b0d9733cc,Poverty headcount ratio by sex (proportion of persons below the national poverty line),poverty headcount ratio by sex (proportion of persons below the national poverty line),validation,title_clause|occ_1|tables_1|title|no_header|no_value|single_role,1,1,"{""title_clause"": 1}","{""has_header_evidence"": false, ""has_metadata_value_evidence"": false, ""has_title_evidence"": true, ""metadata_columns"": [], ""occurrence_count"": 1, ""table_count"": 1}",measure,codex_rule_assisted_primary,Rule-assisted audit: title/source evidence names a measured statistical phenomenon. Primary milestone 9 audit label.
term_99f6c17172d4e74e3b23,education,education,validation,metadata_value+title_clause|occ_21_plus|tables_6_20|title|no_header|value|conflict,7,205,"{""metadata_value"": 204, ""title_clause"": 1}","{""has_header_evidence"": false, ""has_metadata_value_evidence"": true, ""has_title_evidence"": true, ""metadata_columns"": [""Classification of individual consumption by purpose (COICOP)"", ""Classification of the functions of government (COFOG 1999)"", ""Education or training field"", ""Statistical classification of economic activities in the European Community (NACE Rev. 1.1)"", ""Statistical classification of economic activities in the European Community (NACE Rev. 2)""], ""occurrence_count"": 205, ""table_count"": 7}",other_ambiguous,codex_rule_assisted_primary,"Rule-assisted audit: conflicting, fragmentary, or insufficient evidence; kept out of four required classes. Primary milestone 9 audit label."
term_99f8828f7fa109ff367c,recreation and culture,recreation and culture,validation,metadata_value+title_clause|occ_21_plus|tables_1|title|no_header|value|conflict,1,127,"{""metadata_value"": 126, ""title_clause"": 1}","{""has_header_evidence"": false, ""has_metadata_value_evidence"": true, ""has_title_evidence"": true, ""metadata_columns"": [""Classification of individual consumption by purpose (COICOP)""], ""occurrence_count"": 127, ""table_count"": 1}",other_ambiguous,codex_rule_assisted_primary,"Rule-assisted audit: conflicting, fragmentary, or insufficient evidence; kept out of four required classes. Primary milestone 9 audit label."
term_9a59fe32dd213c13d6e2,Pleural plaque,pleural plaque,validation,metadata_value|occ_1|tables_1|no_title|no_header|value|single_role,1,1,"{""metadata_value"": 1}","{""has_header_evidence"": false, ""has_metadata_value_evidence"": true, ""has_title_evidence"": false, ""metadata_columns"": [""International Statistical Classification of Diseases and Related Health Problems (ICD-10 2010)""], ""occurrence_count"": 1, ""table_count"": 1}",other_ambiguous,codex_rule_assisted_primary,"Rule-assisted audit: conflicting, fragmentary, or insufficient evidence; kept out of four required classes. Primary milestone 9 audit label."
term_9a9327849de49690e099,Osijek - Strizivojna Vrpolje,osijek - strizivojna vrpolje,validation,metadata_value|occ_2_5|tables_2_5|no_title|no_header|value|single_role,2,4,"{""metadata_value"": 4}","{""has_header_evidence"": false, ""has_metadata_value_evidence"": true, ""has_title_evidence"": false, ""metadata_columns"": [""Rail network Segment (2015)"", ""Rail network segment (2020)""], ""occurrence_count"": 4, ""table_count"": 2}",other_ambiguous,codex_rule_assisted_primary,"Rule-assisted audit: conflicting, fragmentary, or insufficient evidence; kept out of four required classes. Primary milestone 9 audit label."
term_9ab8550ed73e4487a64c,Standard international energy product classification (SIEC),standard international energy product classification (siec),validation,header_name|occ_6_20|tables_6_20|no_title|header|no_value|single_role,6,6,"{""header_name"": 6}","{""has_header_evidence"": true, ""has_metadata_value_evidence"": false, ""has_title_evidence"": false, ""metadata_columns"": [""Standard international energy product classification (SIEC)""], ""occurrence_count"": 6, ""table_count"": 6}",dimension_name,codex_rule_assisted_primary,Rule-assisted audit: header/source evidence names a table dimension. Primary milestone 9 audit label.
term_9ae4d804d37c666bc8c3,Nitrate in groundwater,nitrate in groundwater,validation,metadata_value+title_full|occ_21_plus|tables_1|title|no_header|value|conflict,1,22,"{""metadata_value"": 21, ""title_full"": 1}","{""has_header_evidence"": false, ""has_metadata_value_evidence"": true, ""has_title_evidence"": true, ""metadata_columns"": [""Water pollutants""], ""occurrence_count"": 22, ""table_count"": 1}",other_ambiguous,codex_rule_assisted_primary,"Rule-assisted audit: conflicting, fragmentary, or insufficient evidence; kept out of four required classes. Primary milestone 9 audit label."
term_9b6f86fd9bc8527af967,"Gross non-performing loans, domestic and foreign entities - % of gross loans (source:)","gross non-performing loans, domestic and foreign entities - % of gross loans (source:)",validation,title_full|occ_2_5|tables_2_5|title|no_header|no_value|single_role,2,2,"{""title_full"": 2}","{""has_header_evidence"": false, ""has_metadata_value_evidence"": false, ""has_title_evidence"": true, ""metadata_columns"": [], ""occurrence_count"": 2, ""table_count"": 2}",other_ambiguous,codex_rule_assisted_primary,"Rule-assisted audit: conflicting, fragmentary, or insufficient evidence; kept out of four required classes. Primary milestone 9 audit label."
term_9bb46600b81d893c358a,Fehring - Friedberg,fehring - friedberg,validation,metadata_value|occ_2_5|tables_2_5|no_title|no_header|value|single_role,2,5,"{""metadata_value"": 5}","{""has_header_evidence"": false, ""has_metadata_value_evidence"": true, ""has_title_evidence"": false, ""metadata_columns"": [""Rail network segment (2005)"", ""Rail network segment (2010)""], ""occurrence_count"": 5, ""table_count"": 2}",other_ambiguous,codex_rule_assisted_primary,"Rule-assisted audit: conflicting, fragmentary, or insufficient evidence; kept out of four required classes. Primary milestone 9 audit label."
term_9be2a7c60a15e1f1e092,Main expenditure type,main expenditure type,validation,header_name|occ_6_20|tables_6_20|no_title|header|no_value|single_role,8,8,"{""header_name"": 8}","{""has_header_evidence"": true, ""has_metadata_value_evidence"": false, ""has_title_evidence"": false, ""metadata_columns"": [""Main expenditure type""], ""occurrence_count"": 8, ""table_count"": 8}",dimension_name,codex_rule_assisted_primary,Rule-assisted audit: header/source evidence names a table dimension. Primary milestone 9 audit label.
term_9cc0152baaf8a2232241,Percentage,percentage,validation,metadata_value|occ_21_plus|tables_21_plus|no_title|no_header|value|single_role,554,71540,"{""metadata_value"": 71540}","{""has_header_evidence"": false, ""has_metadata_value_evidence"": true, ""has_title_evidence"": false, ""metadata_columns"": [""Unit of measure""], ""occurrence_count"": 71540, ""table_count"": 554}",unit,codex_rule_assisted_primary,Rule-assisted audit: unit dictionary or unit-like expression. Primary milestone 9 audit label.
term_9dc110dc517ffa00a825,Osnabrück,osnabrück,validation,metadata_value|occ_6_20|tables_6_20|no_title|no_header|value|single_role,6,6,"{""metadata_value"": 6}","{""has_header_evidence"": false, ""has_metadata_value_evidence"": true, ""has_title_evidence"": false, ""metadata_columns"": [""Metropolitan regions\\Time""], ""occurrence_count"": 6, ""table_count"": 6}",other_ambiguous,codex_rule_assisted_primary,"Rule-assisted audit: conflicting, fragmentary, or insufficient evidence; kept out of four required classes. Primary milestone 9 audit label."
term_9e46b0724cc706492cde,Income situation in relation to the risk of poverty threshold,income situation in relation to the risk of poverty threshold,validation,header_name|occ_21_plus|tables_21_plus|no_title|header|no_value|single_role,32,32,"{""header_name"": 32}","{""has_header_evidence"": true, ""has_metadata_value_evidence"": false, ""has_title_evidence"": false, ""metadata_columns"": [""Income situation in relation to the risk of poverty threshold""], ""occurrence_count"": 32, ""table_count"": 32}",dimension_name,codex_rule_assisted_primary,Rule-assisted audit: header/source evidence names a table dimension. Primary milestone 9 audit label.
term_9ef8e2154eb0731e5301,Kraków,kraków,validation,metadata_value|occ_6_20|tables_6_20|no_title|no_header|value|single_role,6,6,"{""metadata_value"": 6}","{""has_header_evidence"": false, ""has_metadata_value_evidence"": true, ""has_title_evidence"": false, ""metadata_columns"": [""Metropolitan regions\\Time""], ""occurrence_count"": 6, ""table_count"": 6}",other_ambiguous,codex_rule_assisted_primary,"Rule-assisted audit: conflicting, fragmentary, or insufficient evidence; kept out of four required classes. Primary milestone 9 audit label."
term_a054cfb1e0218fc73cb2,Housing cost overburden rate by tenure status,housing cost overburden rate by tenure status,validation,title_clause+title_full|occ_2_5|tables_2_5|title|no_header|no_value|conflict,2,2,"{""title_clause"": 1, ""title_full"": 1}","{""has_header_evidence"": false, ""has_metadata_value_evidence"": false, ""has_title_evidence"": true, ""metadata_columns"": [], ""occurrence_count"": 2, ""table_count"": 2}",other_ambiguous,codex_rule_assisted_primary,"Rule-assisted audit: conflicting, fragmentary, or insufficient evidence; kept out of four required classes. Primary milestone 9 audit label."
term_a0c442a453eef1be40a0,non food,non food,validation,title_clause|occ_2_5|tables_2_5|title|no_header|no_value|single_role,2,2,"{""title_clause"": 2}","{""has_header_evidence"": false, ""has_metadata_value_evidence"": false, ""has_title_evidence"": true, ""metadata_columns"": [], ""occurrence_count"": 2, ""table_count"": 2}",other_ambiguous,codex_rule_assisted_primary,"Rule-assisted audit: conflicting, fragmentary, or insufficient evidence; kept out of four required classes. Primary milestone 9 audit label."
term_a1254ed50ce7907f9883,Algeria,algeria,validation,metadata_value|occ_6_20|tables_2_5|no_title|no_header|value|single_role,2,10,"{""metadata_value"": 10}","{""has_header_evidence"": false, ""has_metadata_value_evidence"": true, ""has_title_evidence"": false, ""metadata_columns"": [""Country of cabotage\\Time"", ""Maritime entity (partner)""], ""occurrence_count"": 10, ""table_count"": 2}",other_ambiguous,codex_rule_assisted_primary,"Rule-assisted audit: conflicting, fragmentary, or insufficient evidence; kept out of four required classes. Primary milestone 9 audit label."
term_a1a3ac4fa93a818eb3c1,primary income,primary income,validation,metadata_value+title_clause|occ_21_plus|tables_2_5|title|no_header|value|conflict,2,139,"{""metadata_value"": 138, ""title_clause"": 1}","{""has_header_evidence"": false, ""has_metadata_value_evidence"": true, ""has_title_evidence"": true, ""metadata_columns"": [""Balance of payments item""], ""occurrence_count"": 139, ""table_count"": 2}",other_ambiguous,codex_rule_assisted_primary,"Rule-assisted audit: conflicting, fragmentary, or insufficient evidence; kept out of four required classes. Primary milestone 9 audit label."
term_a1ff186fb8b28ea243ca,Exports of goods,exports of goods,validation,metadata_value+title_clause|occ_21_plus|tables_6_20|title|no_header|value|conflict,9,76,"{""metadata_value"": 69, ""title_clause"": 7}","{""has_header_evidence"": false, ""has_metadata_value_evidence"": true, ""has_title_evidence"": true, ""metadata_columns"": [""National accounts indicator (ESA 2010)""], ""occurrence_count"": 76, ""table_count"": 9}",other_ambiguous,codex_rule_assisted_primary,"Rule-assisted audit: conflicting, fragmentary, or insufficient evidence; kept out of four required classes. Primary milestone 9 audit label."
term_a2a78732f44775646258,calorific values,calorific values,validation,header_name+title_clause|occ_2_5|tables_1|title|header|no_value|conflict,1,2,"{""header_name"": 1, ""title_clause"": 1}","{""has_header_evidence"": true, ""has_metadata_value_evidence"": false, ""has_title_evidence"": true, ""metadata_columns"": [""Calorific values""], ""occurrence_count"": 2, ""table_count"": 1}",other_ambiguous,codex_rule_assisted_primary,"Rule-assisted audit: conflicting, fragmentary, or insufficient evidence; kept out of four required classes. Primary milestone 9 audit label."
term_a3b6ff01c3872344e22e,Price set by oneself or other party,price set by oneself or other party,validation,metadata_value|occ_6_20|tables_1|no_title|no_header|value|single_role,1,9,"{""metadata_value"": 9}","{""has_header_evidence"": false, ""has_metadata_value_evidence"": true, ""has_title_evidence"": false, ""metadata_columns"": [""Price setting""], ""occurrence_count"": 9, ""table_count"": 1}",other_ambiguous,codex_rule_assisted_primary,"Rule-assisted audit: conflicting, fragmentary, or insufficient evidence; kept out of four required classes. Primary milestone 9 audit label."
term_a3c4acc7554470a069f2,EU-SILC survey,eu-silc survey,validation,title_clause|occ_21_plus|tables_21_plus|title|no_header|no_value|single_role,52,52,"{""title_clause"": 52}","{""has_header_evidence"": false, ""has_metadata_value_evidence"": false, ""has_title_evidence"": true, ""metadata_columns"": [], ""occurrence_count"": 52, ""table_count"": 52}",other_ambiguous,codex_rule_assisted_primary,"Rule-assisted audit: conflicting, fragmentary, or insufficient evidence; kept out of four required classes. Primary milestone 9 audit label."
term_a40f4b9887a908e6accf,Short sea shipping,short sea shipping,validation,metadata_value+title_clause|occ_21_plus|tables_6_20|title|no_header|value|conflict,9,116,"{""metadata_value"": 113, ""title_clause"": 3}","{""has_header_evidence"": false, ""has_metadata_value_evidence"": true, ""has_title_evidence"": true, ""metadata_columns"": [""Maritime entity (partner)"", ""Maritime entity (partner)\\Time""], ""occurrence_count"": 116, ""table_count"": 9}",other_ambiguous,codex_rule_assisted_primary,"Rule-assisted audit: conflicting, fragmentary, or insufficient evidence; kept out of four required classes. Primary milestone 9 audit label."
term_a4b8f699761c50e5b774,Kaišiadorys - Lentvaris,kaišiadorys - lentvaris,validation,metadata_value|occ_2_5|tables_1|no_title|no_header|value|single_role,1,3,"{""metadata_value"": 3}","{""has_header_evidence"": false, ""has_metadata_value_evidence"": true, ""has_title_evidence"": false, ""metadata_columns"": [""Rail network segment (2020)""], ""occurrence_count"": 3, ""table_count"": 1}",other_ambiguous,codex_rule_assisted_primary,"Rule-assisted audit: conflicting, fragmentary, or insufficient evidence; kept out of four required classes. Primary milestone 9 audit label."
term_a514be214723e7b7c2c1,Financial aid to students by education level,financial aid to students by education level,validation,title_clause|occ_1|tables_1|title|no_header|no_value|single_role,1,1,"{""title_clause"": 1}","{""has_header_evidence"": false, ""has_metadata_value_evidence"": false, ""has_title_evidence"": true, ""metadata_columns"": [], ""occurrence_count"": 1, ""table_count"": 1}",measure,codex_rule_assisted_primary,Rule-assisted audit: title/source evidence names a measured statistical phenomenon. Primary milestone 9 audit label.
term_a51ed050ce8642184325,Balance of trade,balance of trade,validation,title_clause+title_full|occ_2_5|tables_2_5|title|no_header|no_value|conflict,2,2,"{""title_clause"": 1, ""title_full"": 1}","{""has_header_evidence"": false, ""has_metadata_value_evidence"": false, ""has_title_evidence"": true, ""metadata_columns"": [], ""occurrence_count"": 2, ""table_count"": 2}",other_ambiguous,codex_rule_assisted_primary,"Rule-assisted audit: conflicting, fragmentary, or insufficient evidence; kept out of four required classes. Primary milestone 9 audit label."
term_a530ba27dc83893ab528,Annual average rate of change,annual average rate of change,validation,metadata_value|occ_21_plus|tables_6_20|no_title|no_header|value|single_role,7,216,"{""metadata_value"": 216}","{""has_header_evidence"": false, ""has_metadata_value_evidence"": true, ""has_title_evidence"": false, ""metadata_columns"": [""Unit of measure""], ""occurrence_count"": 216, ""table_count"": 7}",other_ambiguous,codex_rule_assisted_primary,"Rule-assisted audit: conflicting, fragmentary, or insufficient evidence; kept out of four required classes. Primary milestone 9 audit label."
term_a53ec9459c98f27d6559,Train traffic on the rail network - the Former Yugoslav Republic of Macedonia,train traffic on the rail network - the former yugoslav republic of macedonia,validation,title_full|occ_2_5|tables_2_5|title|no_header|no_value|single_role,2,2,"{""title_full"": 2}","{""has_header_evidence"": false, ""has_metadata_value_evidence"": false, ""has_title_evidence"": true, ""metadata_columns"": [], ""occurrence_count"": 2, ""table_count"": 2}",other_ambiguous,codex_rule_assisted_primary,"Rule-assisted audit: conflicting, fragmentary, or insufficient evidence; kept out of four required classes. Primary milestone 9 audit label."
term_a590b9cd6fa255e80cd2,Liabilities - positions at the end of period,liabilities - positions at the end of period,validation,metadata_value|occ_21_plus|tables_2_5|no_title|no_header|value|single_role,5,137,"{""metadata_value"": 137}","{""has_header_evidence"": false, ""has_metadata_value_evidence"": true, ""has_title_evidence"": false, ""metadata_columns"": [""Stock or flow""], ""occurrence_count"": 137, ""table_count"": 5}",other_ambiguous,codex_rule_assisted_primary,"Rule-assisted audit: conflicting, fragmentary, or insufficient evidence; kept out of four required classes. Primary milestone 9 audit label."
term_a61ea3480b521827a015,Income quantile,income quantile,validation,header_name|occ_6_20|tables_6_20|no_title|header|no_value|single_role,17,17,"{""header_name"": 17}","{""has_header_evidence"": true, ""has_metadata_value_evidence"": false, ""has_title_evidence"": false, ""metadata_columns"": [""Income quantile""], ""occurrence_count"": 17, ""table_count"": 17}",dimension_name,codex_rule_assisted_primary,Rule-assisted audit: header/source evidence names a table dimension. Primary milestone 9 audit label.
term_a75a5c5f4af7b670646f,Persons at risk of poverty or social exclusion,persons at risk of poverty or social exclusion,validation,title_clause+title_full|occ_2_5|tables_2_5|title|no_header|no_value|conflict,2,2,"{""title_clause"": 1, ""title_full"": 1}","{""has_header_evidence"": false, ""has_metadata_value_evidence"": false, ""has_title_evidence"": true, ""metadata_columns"": [], ""occurrence_count"": 2, ""table_count"": 2}",other_ambiguous,codex_rule_assisted_primary,"Rule-assisted audit: conflicting, fragmentary, or insufficient evidence; kept out of four required classes. Primary milestone 9 audit label."
term_a7a2ed18a6a236713c83,prod_ani,prod_ani,validation,header_name|occ_6_20|tables_6_20|no_title|header|no_value|single_role,7,7,"{""header_name"": 7}","{""has_header_evidence"": true, ""has_metadata_value_evidence"": false, ""has_title_evidence"": false, ""metadata_columns"": [""prod_ani""], ""occurrence_count"": 7, ""table_count"": 7}",dimension_name,codex_rule_assisted_primary,Rule-assisted audit: header/source evidence names a table dimension. Primary milestone 9 audit label.
term_a8198be39bacee200f37,Fredericia - Snogh?J,fredericia - snogh?j,validation,metadata_value|occ_2_5|tables_2_5|no_title|no_header|value|single_role,2,4,"{""metadata_value"": 4}","{""has_header_evidence"": false, ""has_metadata_value_evidence"": true, ""has_title_evidence"": false, ""metadata_columns"": [""Rail network segment (2005)"", ""Rail network segment (2010)""], ""occurrence_count"": 4, ""table_count"": 2}",other_ambiguous,codex_rule_assisted_primary,"Rule-assisted audit: conflicting, fragmentary, or insufficient evidence; kept out of four required classes. Primary milestone 9 audit label."
term_a823409572bb6410c154,Owner,owner,validation,metadata_value|occ_21_plus|tables_6_20|no_title|no_header|value|single_role,7,589,"{""metadata_value"": 589}","{""has_header_evidence"": false, ""has_metadata_value_evidence"": true, ""has_title_evidence"": false, ""metadata_columns"": [""Tenure status""], ""occurrence_count"": 589, ""table_count"": 7}",other_ambiguous,codex_rule_assisted_primary,"Rule-assisted audit: conflicting, fragmentary, or insufficient evidence; kept out of four required classes. Primary milestone 9 audit label."
term_a99929ceeb3daac44941,From 4 000 to 14 000 euros,from 4 000 to 14 000 euros,validation,metadata_value|occ_21_plus|tables_1|no_title|no_header|value|single_role,1,32,"{""metadata_value"": 32}","{""has_header_evidence"": false, ""has_metadata_value_evidence"": true, ""has_title_evidence"": false, ""metadata_columns"": [""Standard output in Euros""], ""occurrence_count"": 32, ""table_count"": 1}",dimension_value,codex_rule_assisted_primary,Rule-assisted audit: metadata-value/source evidence is a member of a dimension. Primary milestone 9 audit label.
term_aa28f2cd16ae5cd05f0b,Turku - Toijala,turku - toijala,validation,metadata_value|occ_6_20|tables_2_5|no_title|no_header|value|single_role,4,8,"{""metadata_value"": 8}","{""has_header_evidence"": false, ""has_metadata_value_evidence"": true, ""has_title_evidence"": false, ""metadata_columns"": [""Rail network Segment (2015)"", ""Rail network segment (2005)"", ""Rail network segment (2010)"", ""Rail network segment (2020)""], ""occurrence_count"": 8, ""table_count"": 4}",other_ambiguous,codex_rule_assisted_primary,"Rule-assisted audit: conflicting, fragmentary, or insufficient evidence; kept out of four required classes. Primary milestone 9 audit label."
term_aa339a2fe8cf4469e394,Persons at risk of poverty or social exclusion by NUTS 2 region,persons at risk of poverty or social exclusion by nuts 2 region,validation,title_clause+title_full|occ_2_5|tables_2_5|title|no_header|no_value|conflict,2,2,"{""title_clause"": 1, ""title_full"": 1}","{""has_header_evidence"": false, ""has_metadata_value_evidence"": false, ""has_title_evidence"": true, ""metadata_columns"": [], ""occurrence_count"": 2, ""table_count"": 2}",other_ambiguous,codex_rule_assisted_primary,"Rule-assisted audit: conflicting, fragmentary, or insufficient evidence; kept out of four required classes. Primary milestone 9 audit label."
term_aa4dddeb52e7970d110b,Overcrowding rate by poverty status,overcrowding rate by poverty status,validation,title_clause|occ_2_5|tables_2_5|title|no_header|no_value|single_role,2,2,"{""title_clause"": 2}","{""has_header_evidence"": false, ""has_metadata_value_evidence"": false, ""has_title_evidence"": true, ""metadata_columns"": [], ""occurrence_count"": 2, ""table_count"": 2}",other_ambiguous,codex_rule_assisted_primary,"Rule-assisted audit: conflicting, fragmentary, or insufficient evidence; kept out of four required classes. Primary milestone 9 audit label."
term_aac60d413c9e876f1617,Gross domestic product at market prices,gross domestic product at market prices,validation,metadata_value+title_clause+title_full|occ_21_plus|tables_6_20|title|no_header|value|conflict,9,462,"{""metadata_value"": 459, ""title_clause"": 2, ""title_full"": 1}","{""has_header_evidence"": false, ""has_metadata_value_evidence"": true, ""has_title_evidence"": true, ""metadata_columns"": [""National accounts indicator (ESA 2010)""], ""occurrence_count"": 462, ""table_count"": 9}",other_ambiguous,codex_rule_assisted_primary,"Rule-assisted audit: conflicting, fragmentary, or insufficient evidence; kept out of four required classes. Primary milestone 9 audit label."
term_ab51eedc742dacce0f60,Portoferraio,portoferraio,validation,metadata_value|occ_6_20|tables_1|no_title|no_header|value|single_role,1,6,"{""metadata_value"": 6}","{""has_header_evidence"": false, ""has_metadata_value_evidence"": true, ""has_title_evidence"": false, ""metadata_columns"": [""Maritime entity (reporting)\\Time""], ""occurrence_count"": 6, ""table_count"": 1}",other_ambiguous,codex_rule_assisted_primary,"Rule-assisted audit: conflicting, fragmentary, or insufficient evidence; kept out of four required classes. Primary milestone 9 audit label."
term_abc0f0bf660551ca0f61,Tovarnik - Tovarnik DG,tovarnik - tovarnik dg,validation,metadata_value|occ_2_5|tables_2_5|no_title|no_header|value|single_role,2,4,"{""metadata_value"": 4}","{""has_header_evidence"": false, ""has_metadata_value_evidence"": true, ""has_title_evidence"": false, ""metadata_columns"": [""Rail network Segment (2015)"", ""Rail network segment (2020)""], ""occurrence_count"": 4, ""table_count"": 2}",other_ambiguous,codex_rule_assisted_primary,"Rule-assisted audit: conflicting, fragmentary, or insufficient evidence; kept out of four required classes. Primary milestone 9 audit label."
term_abda05c6eb46702dde3b,Ravenna,ravenna,validation,metadata_value|occ_6_20|tables_1|no_title|no_header|value|single_role,1,8,"{""metadata_value"": 8}","{""has_header_evidence"": false, ""has_metadata_value_evidence"": true, ""has_title_evidence"": false, ""metadata_columns"": [""Maritime entity (reporting)""], ""occurrence_count"": 8, ""table_count"": 1}",other_ambiguous,codex_rule_assisted_primary,"Rule-assisted audit: conflicting, fragmentary, or insufficient evidence; kept out of four required classes. Primary milestone 9 audit label."
term_ac563606936b134b7137,"Surrey, East and West Sussex (NUTS 2021)","surrey, east and west sussex (nuts 2021)",validation,metadata_value|occ_1|tables_1|no_title|no_header|value|single_role,1,1,"{""metadata_value"": 1}","{""has_header_evidence"": false, ""has_metadata_value_evidence"": true, ""has_title_evidence"": false, ""metadata_columns"": [""Geopolitical entity (reporting)\\Time""], ""occurrence_count"": 1, ""table_count"": 1}",other_ambiguous,codex_rule_assisted_primary,"Rule-assisted audit: conflicting, fragmentary, or insufficient evidence; kept out of four required classes. Primary milestone 9 audit label."
term_ac851d3e348c5f7a6c95,Means of goods and services supply,means of goods and services supply,validation,header_name|occ_1|tables_1|no_title|header|no_value|single_role,1,1,"{""header_name"": 1}","{""has_header_evidence"": true, ""has_metadata_value_evidence"": false, ""has_title_evidence"": false, ""metadata_columns"": [""Means of goods and services supply""], ""occurrence_count"": 1, ""table_count"": 1}",dimension_name,codex_rule_assisted_primary,Rule-assisted audit: header/source evidence names a table dimension. Primary milestone 9 audit label.
term_aca4597200c2fcd1ff83,65 years or over,65 years or over,validation,metadata_value|occ_21_plus|tables_21_plus|no_title|no_header|value|single_role,35,1778,"{""metadata_value"": 1778}","{""has_header_evidence"": false, ""has_metadata_value_evidence"": true, ""has_title_evidence"": false, ""metadata_columns"": [""Age class""], ""occurrence_count"": 1778, ""table_count"": 35}",dimension_value,codex_rule_assisted_primary,Rule-assisted audit: metadata-value/source evidence is a member of a dimension. Primary milestone 9 audit label.
term_b0b6f51720571f99d2c6,2-bedroom flats,2-bedroom flats,validation,metadata_value|occ_21_plus|tables_1|no_title|no_header|value|single_role,1,44,"{""metadata_value"": 44}","{""has_header_evidence"": false, ""has_metadata_value_evidence"": true, ""has_title_evidence"": false, ""metadata_columns"": [""Type of building""], ""occurrence_count"": 44, ""table_count"": 1}",other_ambiguous,codex_rule_assisted_primary,"Rule-assisted audit: conflicting, fragmentary, or insufficient evidence; kept out of four required classes. Primary milestone 9 audit label."
term_b36c747a0391bfb2b98e,energy,energy,validation,metadata_value+title_clause|occ_21_plus|tables_2_5|title|no_header|value|conflict,4,127,"{""metadata_value"": 123, ""title_clause"": 4}","{""has_header_evidence"": false, ""has_metadata_value_evidence"": true, ""has_title_evidence"": true, ""metadata_columns"": [""Classification of individual consumption by purpose (COICOP)""], ""occurrence_count"": 127, ""table_count"": 4}",other_ambiguous,codex_rule_assisted_primary,"Rule-assisted audit: conflicting, fragmentary, or insufficient evidence; kept out of four required classes. Primary milestone 9 audit label."
term_b61a6151987b23358100,non-energy industrial goods,non-energy industrial goods,validation,metadata_value+title_clause|occ_21_plus|tables_1|title|no_header|value|conflict,1,165,"{""metadata_value"": 164, ""title_clause"": 1}","{""has_header_evidence"": false, ""has_metadata_value_evidence"": true, ""has_title_evidence"": true, ""metadata_columns"": [""Classification of individual consumption by purpose (COICOP)""], ""occurrence_count"": 165, ""table_count"": 1}",other_ambiguous,codex_rule_assisted_primary,"Rule-assisted audit: conflicting, fragmentary, or insufficient evidence; kept out of four required classes. Primary milestone 9 audit label."
term_b74eb7ec0aff52e56114,LAMEZIA TERME airport,lamezia terme airport,validation,metadata_value|occ_1|tables_1|no_title|no_header|value|single_role,1,1,"{""metadata_value"": 1}","{""has_header_evidence"": false, ""has_metadata_value_evidence"": true, ""has_title_evidence"": false, ""metadata_columns"": [""Reporting airport""], ""occurrence_count"": 1, ""table_count"": 1}",other_ambiguous,codex_rule_assisted_primary,"Rule-assisted audit: conflicting, fragmentary, or insufficient evidence; kept out of four required classes. Primary milestone 9 audit label."
term_b847033074daa0b60a7d,Air transport traffic,air transport traffic,validation,title_clause|occ_2_5|tables_2_5|title|no_header|no_value|single_role,2,2,"{""title_clause"": 2}","{""has_header_evidence"": false, ""has_metadata_value_evidence"": false, ""has_title_evidence"": true, ""metadata_columns"": [], ""occurrence_count"": 2, ""table_count"": 2}",measure,codex_rule_assisted_primary,Rule-assisted audit: title/source evidence names a measured statistical phenomenon. Primary milestone 9 audit label.
term_b8beb731d4d2a8ebb77f,Category of persons,category of persons,validation,header_name|occ_2_5|tables_2_5|no_title|header|no_value|single_role,2,2,"{""header_name"": 2}","{""has_header_evidence"": true, ""has_metadata_value_evidence"": false, ""has_title_evidence"": false, ""metadata_columns"": [""Category of persons""], ""occurrence_count"": 2, ""table_count"": 2}",dimension_name,codex_rule_assisted_primary,Rule-assisted audit: header/source evidence names a table dimension. Primary milestone 9 audit label.
term_b975da0e5f92dcc4e496,geo\TIME_PERIOD,geo\time_period,validation,header_name|occ_21_plus|tables_21_plus|no_title|header|no_value|single_role,83,83,"{""header_name"": 83}","{""has_header_evidence"": true, ""has_metadata_value_evidence"": false, ""has_title_evidence"": false, ""metadata_columns"": [""geo\\TIME_PERIOD""], ""occurrence_count"": 83, ""table_count"": 83}",dimension_name,codex_rule_assisted_primary,Rule-assisted audit: header/source evidence names a table dimension. Primary milestone 9 audit label.
term_b9b8f3103fc142232676,Train traffic on the rail network,train traffic on the rail network,validation,title_clause+title_full|occ_21_plus|tables_21_plus|title|no_header|no_value|conflict,77,77,"{""title_clause"": 4, ""title_full"": 73}","{""has_header_evidence"": false, ""has_metadata_value_evidence"": false, ""has_title_evidence"": true, ""metadata_columns"": [], ""occurrence_count"": 77, ""table_count"": 77}",other_ambiguous,codex_rule_assisted_primary,"Rule-assisted audit: conflicting, fragmentary, or insufficient evidence; kept out of four required classes. Primary milestone 9 audit label."
term_ba7a213ec4acbfb95b2d,Consumption footprint,consumption footprint,validation,header_name+title_clause|occ_2_5|tables_1|title|header|no_value|conflict,1,2,"{""header_name"": 1, ""title_clause"": 1}","{""has_header_evidence"": true, ""has_metadata_value_evidence"": false, ""has_title_evidence"": true, ""metadata_columns"": [""Consumption footprint""], ""occurrence_count"": 2, ""table_count"": 1}",other_ambiguous,codex_rule_assisted_primary,"Rule-assisted audit: conflicting, fragmentary, or insufficient evidence; kept out of four required classes. Primary milestone 9 audit label."
term_bbd252c5d52973d252f8,Bayreuth,bayreuth,validation,metadata_value|occ_6_20|tables_6_20|no_title|no_header|value|single_role,6,6,"{""metadata_value"": 6}","{""has_header_evidence"": false, ""has_metadata_value_evidence"": true, ""has_title_evidence"": false, ""metadata_columns"": [""Metropolitan regions\\Time""], ""occurrence_count"": 6, ""table_count"": 6}",other_ambiguous,codex_rule_assisted_primary,"Rule-assisted audit: conflicting, fragmentary, or insufficient evidence; kept out of four required classes. Primary milestone 9 audit label."
term_bbfea52f39693deb7ee6,Rail network segment (2010),rail network segment (2010),validation,header_name|occ_21_plus|tables_21_plus|no_title|header|no_value|single_role,21,21,"{""header_name"": 21}","{""has_header_evidence"": true, ""has_metadata_value_evidence"": false, ""has_title_evidence"": false, ""metadata_columns"": [""Rail network segment (2010)""], ""occurrence_count"": 21, ""table_count"": 21}",dimension_name,codex_rule_assisted_primary,Rule-assisted audit: header/source evidence names a table dimension. Primary milestone 9 audit label.
term_bc6bc9fa8b0197ee980c,Gross domestic product,gross domestic product,validation,metadata_value+title_full|occ_21_plus|tables_2_5|title|no_header|value|conflict,4,164,"{""metadata_value"": 163, ""title_full"": 1}","{""has_header_evidence"": false, ""has_metadata_value_evidence"": true, ""has_title_evidence"": true, ""metadata_columns"": [""Analytical categories for purchasing power parities (PPPs) calculation""], ""occurrence_count"": 164, ""table_count"": 4}",other_ambiguous,codex_rule_assisted_primary,"Rule-assisted audit: conflicting, fragmentary, or insufficient evidence; kept out of four required classes. Primary milestone 9 audit label."
term_beb481deb47d3ab3c093,Bruxelles-Midi - Charleroi-Sud,bruxelles-midi - charleroi-sud,validation,metadata_value|occ_6_20|tables_2_5|no_title|no_header|value|single_role,3,6,"{""metadata_value"": 6}","{""has_header_evidence"": false, ""has_metadata_value_evidence"": true, ""has_title_evidence"": false, ""metadata_columns"": [""Rail network Segment (2015)"", ""Rail network segment (2005)"", ""Rail network segment (2010)""], ""occurrence_count"": 6, ""table_count"": 3}",other_ambiguous,codex_rule_assisted_primary,"Rule-assisted audit: conflicting, fragmentary, or insufficient evidence; kept out of four required classes. Primary milestone 9 audit label."
term_beb89375e56641c2aac5,Heilbronn,heilbronn,validation,metadata_value|occ_6_20|tables_6_20|no_title|no_header|value|single_role,6,6,"{""metadata_value"": 6}","{""has_header_evidence"": false, ""has_metadata_value_evidence"": true, ""has_title_evidence"": false, ""metadata_columns"": [""Metropolitan regions\\Time""], ""occurrence_count"": 6, ""table_count"": 6}",other_ambiguous,codex_rule_assisted_primary,"Rule-assisted audit: conflicting, fragmentary, or insufficient evidence; kept out of four required classes. Primary milestone 9 audit label."
term_bf76785e1783edcc57fa,Housing cost overburden rate by income quintile,housing cost overburden rate by income quintile,validation,title_clause+title_full|occ_2_5|tables_2_5|title|no_header|no_value|conflict,2,2,"{""title_clause"": 1, ""title_full"": 1}","{""has_header_evidence"": false, ""has_metadata_value_evidence"": false, ""has_title_evidence"": true, ""metadata_columns"": [], ""occurrence_count"": 2, ""table_count"": 2}",other_ambiguous,codex_rule_assisted_primary,"Rule-assisted audit: conflicting, fragmentary, or insufficient evidence; kept out of four required classes. Primary milestone 9 audit label."
term_c154c977018de6136085,Millions of passenger-kilometres,millions of passenger-kilometres,validation,metadata_value|occ_21_plus|tables_6_20|no_title|no_header|value|single_role,9,549,"{""metadata_value"": 549}","{""has_header_evidence"": false, ""has_metadata_value_evidence"": true, ""has_title_evidence"": false, ""metadata_columns"": [""Unit of measure""], ""occurrence_count"": 549, ""table_count"": 9}",other_ambiguous,codex_rule_assisted_primary,"Rule-assisted audit: conflicting, fragmentary, or insufficient evidence; kept out of four required classes. Primary milestone 9 audit label."
term_c159af1d0fa221e7fd48,Gypsum,gypsum,validation,metadata_value|occ_1|tables_1|no_title|no_header|value|single_role,1,1,"{""metadata_value"": 1}","{""has_header_evidence"": false, ""has_metadata_value_evidence"": true, ""has_title_evidence"": false, ""metadata_columns"": [""Raw materials""], ""occurrence_count"": 1, ""table_count"": 1}",other_ambiguous,codex_rule_assisted_primary,"Rule-assisted audit: conflicting, fragmentary, or insufficient evidence; kept out of four required classes. Primary milestone 9 audit label."
term_c1c48f8ef544ee1728a1,PULA airport,pula airport,validation,metadata_value|occ_2_5|tables_1|no_title|no_header|value|single_role,1,3,"{""metadata_value"": 3}","{""has_header_evidence"": false, ""has_metadata_value_evidence"": true, ""has_title_evidence"": false, ""metadata_columns"": [""Reporting airport""], ""occurrence_count"": 3, ""table_count"": 1}",other_ambiguous,codex_rule_assisted_primary,"Rule-assisted audit: conflicting, fragmentary, or insufficient evidence; kept out of four required classes. Primary milestone 9 audit label."
term_c1da79f95b731b29b5c4,Gender differences in the aggregate replacement ratio for pensions (excluding other social benefits),gender differences in the aggregate replacement ratio for pensions (excluding other social benefits),validation,title_clause+title_full|occ_2_5|tables_2_5|title|no_header|no_value|conflict,2,2,"{""title_clause"": 1, ""title_full"": 1}","{""has_header_evidence"": false, ""has_metadata_value_evidence"": false, ""has_title_evidence"": true, ""metadata_columns"": [], ""occurrence_count"": 2, ""table_count"": 2}",other_ambiguous,codex_rule_assisted_primary,"Rule-assisted audit: conflicting, fragmentary, or insufficient evidence; kept out of four required classes. Primary milestone 9 audit label."
term_c34179cc1a18d5b8a43c,At-risk-of poverty rate for adults (aged 25 to 59 years) by level of financial situation of their households when respondent was around 14 years old,at-risk-of poverty rate for adults (aged 25 to 59 years) by level of financial situation of their households when respondent was around 14 years old,validation,title_full|occ_1|tables_1|title|no_header|no_value|single_role,1,1,"{""title_full"": 1}","{""has_header_evidence"": false, ""has_metadata_value_evidence"": false, ""has_title_evidence"": true, ""metadata_columns"": [], ""occurrence_count"": 1, ""table_count"": 1}",dimension_value,codex_rule_assisted_primary,Rule-assisted audit: metadata-value/source evidence is a member of a dimension. Primary milestone 9 audit label.
term_c474b9190fbcb3232140,Criste?Ti Jijia - Border Ro/Md,criste?ti jijia - border ro/md,validation,metadata_value|occ_2_5|tables_1|no_title|no_header|value|single_role,1,2,"{""metadata_value"": 2}","{""has_header_evidence"": false, ""has_metadata_value_evidence"": true, ""has_title_evidence"": false, ""metadata_columns"": [""Rail network segment (2010)""], ""occurrence_count"": 2, ""table_count"": 1}",other_ambiguous,codex_rule_assisted_primary,"Rule-assisted audit: conflicting, fragmentary, or insufficient evidence; kept out of four required classes. Primary milestone 9 audit label."
term_c4f4681a2f66efb84170,secondary income,secondary income,validation,metadata_value+title_clause|occ_21_plus|tables_2_5|title|no_header|value|conflict,2,138,"{""metadata_value"": 137, ""title_clause"": 1}","{""has_header_evidence"": false, ""has_metadata_value_evidence"": true, ""has_title_evidence"": true, ""metadata_columns"": [""Balance of payments item""], ""occurrence_count"": 138, ""table_count"": 2}",other_ambiguous,codex_rule_assisted_primary,"Rule-assisted audit: conflicting, fragmentary, or insufficient evidence; kept out of four required classes. Primary milestone 9 audit label."
term_c64a6f2da7e89f5eb79a,historical data,historical data,validation,title_clause|occ_6_20|tables_6_20|title|no_header|no_value|single_role,7,7,"{""title_clause"": 7}","{""has_header_evidence"": false, ""has_metadata_value_evidence"": false, ""has_title_evidence"": true, ""metadata_columns"": [], ""occurrence_count"": 7, ""table_count"": 7}",other_ambiguous,codex_rule_assisted_primary,"Rule-assisted audit: conflicting, fragmentary, or insufficient evidence; kept out of four required classes. Primary milestone 9 audit label."
term_c6992f21b2295feae289,Manisa - Ci?Li,manisa - ci?li,validation,metadata_value|occ_6_20|tables_2_5|no_title|no_header|value|single_role,2,6,"{""metadata_value"": 6}","{""has_header_evidence"": false, ""has_metadata_value_evidence"": true, ""has_title_evidence"": false, ""metadata_columns"": [""Rail network segment (2005)"", ""Rail network segment (2010)""], ""occurrence_count"": 6, ""table_count"": 2}",other_ambiguous,codex_rule_assisted_primary,"Rule-assisted audit: conflicting, fragmentary, or insufficient evidence; kept out of four required classes. Primary milestone 9 audit label."
term_c830f8343573ffed6dc7,Sector (ESA 2010),sector (esa 2010),validation,header_name|occ_21_plus|tables_6_20|no_title|header|no_value|single_role,20,40,"{""header_name"": 40}","{""has_header_evidence"": true, ""has_metadata_value_evidence"": false, ""has_title_evidence"": false, ""metadata_columns"": [""Sector (ESA 2010)""], ""occurrence_count"": 40, ""table_count"": 20}",dimension_name,codex_rule_assisted_primary,Rule-assisted audit: header/source evidence names a table dimension. Primary milestone 9 audit label.
term_c9758f99f3da483f59e5,Hauled vehicle traffic performance - tkm,hauled vehicle traffic performance - tkm,validation,title_full|occ_1|tables_1|title|no_header|no_value|single_role,1,1,"{""title_full"": 1}","{""has_header_evidence"": false, ""has_metadata_value_evidence"": false, ""has_title_evidence"": true, ""metadata_columns"": [], ""occurrence_count"": 1, ""table_count"": 1}",measure,codex_rule_assisted_primary,Rule-assisted audit: title/source evidence names a measured statistical phenomenon. Primary milestone 9 audit label.
term_caf634081eb5475e54db,Sex\Time,sex\time,validation,header_name|occ_1|tables_1|no_title|header|no_value|single_role,1,1,"{""header_name"": 1}","{""has_header_evidence"": true, ""has_metadata_value_evidence"": false, ""has_title_evidence"": false, ""metadata_columns"": [""Sex\\Time""], ""occurrence_count"": 1, ""table_count"": 1}",dimension_name,codex_rule_assisted_primary,Rule-assisted audit: header/source evidence names a table dimension. Primary milestone 9 audit label.
term_caf9f6d71c5a245e86c4,"Live asses, mules and hinnies","live asses, mules and hinnies",validation,metadata_value|occ_6_20|tables_1|no_title|no_header|value|single_role,1,16,"{""metadata_value"": 16}","{""has_header_evidence"": false, ""has_metadata_value_evidence"": true, ""has_title_evidence"": false, ""metadata_columns"": [""Live animals""], ""occurrence_count"": 16, ""table_count"": 1}",other_ambiguous,codex_rule_assisted_primary,"Rule-assisted audit: conflicting, fragmentary, or insufficient evidence; kept out of four required classes. Primary milestone 9 audit label."
term_cafd6e24c376d9ad2d78,Total number of vehicles (number),total number of vehicles (number),validation,metadata_value|occ_6_20|tables_1|no_title|no_header|value|single_role,1,6,"{""metadata_value"": 6}","{""has_header_evidence"": false, ""has_metadata_value_evidence"": true, ""has_title_evidence"": false, ""metadata_columns"": [""Indicator used in Euro_Med""], ""occurrence_count"": 6, ""table_count"": 1}",dimension_value,codex_rule_assisted_primary,Rule-assisted audit: metadata-value/source evidence is a member of a dimension. Primary milestone 9 audit label.
term_cb3df502e2a6aa765059,Number of bed-places,number of bed-places,validation,metadata_value+title_full|occ_6_20|tables_1|title|no_header|value|conflict,1,12,"{""metadata_value"": 11, ""title_full"": 1}","{""has_header_evidence"": false, ""has_metadata_value_evidence"": true, ""has_title_evidence"": true, ""metadata_columns"": [""Tourism indicator""], ""occurrence_count"": 12, ""table_count"": 1}",other_ambiguous,codex_rule_assisted_primary,"Rule-assisted audit: conflicting, fragmentary, or insufficient evidence; kept out of four required classes. Primary milestone 9 audit label."
term_cb6cf7558c12983d5cdf,index,index,validation,metadata_value+title_clause|occ_21_plus|tables_6_20|title|no_header|value|conflict,15,1228,"{""metadata_value"": 1227, ""title_clause"": 1}","{""has_header_evidence"": false, ""has_metadata_value_evidence"": true, ""has_title_evidence"": true, ""metadata_columns"": [""Unit of measure""], ""occurrence_count"": 1228, ""table_count"": 15}",unit,codex_rule_assisted_primary,Rule-assisted audit: unit dictionary or unit-like expression. Primary milestone 9 audit label.
term_cbdda9299342ad151410,total (excluding construction),total (excluding construction),validation,title_clause|occ_1|tables_1|title|no_header|no_value|single_role,1,1,"{""title_clause"": 1}","{""has_header_evidence"": false, ""has_metadata_value_evidence"": false, ""has_title_evidence"": true, ""metadata_columns"": [], ""occurrence_count"": 1, ""table_count"": 1}",measure,codex_rule_assisted_primary,Rule-assisted audit: title/source evidence names a measured statistical phenomenon. Primary milestone 9 audit label.
term_cd720f81999481e2e251,isced11,isced11,final_test,header_name|occ_2_5|tables_2_5|no_title|header|no_value|single_role,3,3,"{""header_name"": 3}","{""has_header_evidence"": true, ""has_metadata_value_evidence"": false, ""has_title_evidence"": false, ""metadata_columns"": [""isced11""], ""occurrence_count"": 3, ""table_count"": 3}",dimension_name,codex_rule_assisted_primary,Rule-assisted audit: header/source evidence names a table dimension. Primary milestone 9 audit label.
term_cdbfa4ddbb660de05267,Statistical classification of economic activities in the European Community (NACE Rev. 2),statistical classification of economic activities in the european community (nace rev. 2),final_test,header_name|occ_21_plus|tables_21_plus|no_title|header|no_value|single_role,135,135,"{""header_name"": 135}","{""has_header_evidence"": true, ""has_metadata_value_evidence"": false, ""has_title_evidence"": false, ""metadata_columns"": [""Statistical classification of economic activities in the European Community (NACE Rev. 2)""], ""occurrence_count"": 135, ""table_count"": 135}",dimension_name,codex_rule_assisted_primary,Rule-assisted audit: header/source evidence names a table dimension. Primary milestone 9 audit label.
term_cdc3cf2bc55d0ae19ed7,Non-metropolitan regions in Belgium,non-metropolitan regions in belgium,final_test,metadata_value|occ_1|tables_1|no_title|no_header|value|single_role,1,1,"{""metadata_value"": 1}","{""has_header_evidence"": false, ""has_metadata_value_evidence"": true, ""has_title_evidence"": false, ""metadata_columns"": [""Metropolitan regions\\Time""], ""occurrence_count"": 1, ""table_count"": 1}",other_ambiguous,codex_rule_assisted_primary,"Rule-assisted audit: conflicting, fragmentary, or insufficient evidence; kept out of four required classes. Primary milestone 9 audit label."
term_ce213f4e39f3719db451,Statistical classification of economic activities in the European Community (NACE Rev. 1.1),statistical classification of economic activities in the european community (nace rev. 1.1),final_test,header_name|occ_21_plus|tables_21_plus|no_title|header|no_value|single_role,27,27,"{""header_name"": 27}","{""has_header_evidence"": true, ""has_metadata_value_evidence"": false, ""has_title_evidence"": false, ""metadata_columns"": [""Statistical classification of economic activities in the European Community (NACE Rev. 1.1)""], ""occurrence_count"": 27, ""table_count"": 27}",dimension_name,codex_rule_assisted_primary,Rule-assisted audit: header/source evidence names a table dimension. Primary milestone 9 audit label.
term_ce79652929ddb781521e,Antwerp-Bruges,antwerp-bruges,final_test,metadata_value|occ_21_plus|tables_6_20|no_title|no_header|value|single_role,10,47,"{""metadata_value"": 47}","{""has_header_evidence"": false, ""has_metadata_value_evidence"": true, ""has_title_evidence"": false, ""metadata_columns"": [""Maritime entity (reporting)"", ""Maritime entity (reporting)\\Time""], ""occurrence_count"": 47, ""table_count"": 10}",other_ambiguous,codex_rule_assisted_primary,"Rule-assisted audit: conflicting, fragmentary, or insufficient evidence; kept out of four required classes. Primary milestone 9 audit label."
term_ceea668a16e445fcf3f2,Assistance with amount of work,assistance with amount of work,final_test,metadata_value|occ_21_plus|tables_2_5|no_title|no_header|value|single_role,2,133,"{""metadata_value"": 133}","{""has_header_evidence"": false, ""has_metadata_value_evidence"": true, ""has_title_evidence"": false, ""metadata_columns"": [""Type of assistance provided/needed for disabled persons to work""], ""occurrence_count"": 133, ""table_count"": 2}",other_ambiguous,codex_rule_assisted_primary,"Rule-assisted audit: conflicting, fragmentary, or insufficient evidence; kept out of four required classes. Primary milestone 9 audit label."
term_cefde552f56ee1a2fbdb,Greystones - Malahide,greystones - malahide,final_test,metadata_value|occ_2_5|tables_2_5|no_title|no_header|value|single_role,4,4,"{""metadata_value"": 4}","{""has_header_evidence"": false, ""has_metadata_value_evidence"": true, ""has_title_evidence"": false, ""metadata_columns"": [""Rail network Segment (2015)"", ""Rail network segment (2005)"", ""Rail network segment (2010)"", ""Rail network segment (2020)""], ""occurrence_count"": 4, ""table_count"": 4}",other_ambiguous,codex_rule_assisted_primary,"Rule-assisted audit: conflicting, fragmentary, or insufficient evidence; kept out of four required classes. Primary milestone 9 audit label."
term_cf73f65890a152e8a41c,Other trains,other trains,final_test,metadata_value|occ_21_plus|tables_21_plus|no_title|no_header|value|single_role,24,2002,"{""metadata_value"": 2002}","{""has_header_evidence"": false, ""has_metadata_value_evidence"": true, ""has_title_evidence"": false, ""metadata_columns"": [""Train category"", ""Train category\\Time""], ""occurrence_count"": 2002, ""table_count"": 24}",other_ambiguous,codex_rule_assisted_primary,"Rule-assisted audit: conflicting, fragmentary, or insufficient evidence; kept out of four required classes. Primary milestone 9 audit label."
term_cf981eff8dbb755dba09,Net international investment position excluding non-defaultable instruments,net international investment position excluding non-defaultable instruments,final_test,metadata_value+title_clause|occ_21_plus|tables_1|title|no_header|value|conflict,1,30,"{""metadata_value"": 29, ""title_clause"": 1}","{""has_header_evidence"": false, ""has_metadata_value_evidence"": true, ""has_title_evidence"": true, ""metadata_columns"": [""Balance of payments item""], ""occurrence_count"": 30, ""table_count"": 1}",other_ambiguous,codex_rule_assisted_primary,"Rule-assisted audit: conflicting, fragmentary, or insufficient evidence; kept out of four required classes. Primary milestone 9 audit label."
term_cfdc945fe1cdf450011e,Nominal unit labour cost per hour worked,nominal unit labour cost per hour worked,final_test,title_clause+title_full|occ_2_5|tables_2_5|title|no_header|no_value|conflict,2,2,"{""title_clause"": 1, ""title_full"": 1}","{""has_header_evidence"": false, ""has_metadata_value_evidence"": false, ""has_title_evidence"": true, ""metadata_columns"": [], ""occurrence_count"": 2, ""table_count"": 2}",other_ambiguous,codex_rule_assisted_primary,"Rule-assisted audit: conflicting, fragmentary, or insufficient evidence; kept out of four required classes. Primary milestone 9 audit label."
term_d1146231eb16ab4b82ec,G,g,final_test,metadata_value|occ_21_plus|tables_2_5|no_title|no_header|value|single_role,2,41,"{""metadata_value"": 41}","{""has_header_evidence"": false, ""has_metadata_value_evidence"": true, ""has_title_evidence"": false, ""metadata_columns"": [""nace_r1""], ""occurrence_count"": 41, ""table_count"": 2}",other_ambiguous,codex_rule_assisted_primary,"Rule-assisted audit: conflicting, fragmentary, or insufficient evidence; kept out of four required classes. Primary milestone 9 audit label."
term_d159cc8f7a0c4968c869,Tronheim - Storlien,tronheim - storlien,final_test,metadata_value|occ_6_20|tables_2_5|no_title|no_header|value|single_role,3,6,"{""metadata_value"": 6}","{""has_header_evidence"": false, ""has_metadata_value_evidence"": true, ""has_title_evidence"": false, ""metadata_columns"": [""Rail network Segment (2015)"", ""Rail network segment (2005)"", ""Rail network segment (2010)""], ""occurrence_count"": 6, ""table_count"": 3}",other_ambiguous,codex_rule_assisted_primary,"Rule-assisted audit: conflicting, fragmentary, or insufficient evidence; kept out of four required classes. Primary milestone 9 audit label."
term_d1be01eddfe652f44f27,Bruxelles/Brussel (greater city),bruxelles/brussel (greater city),final_test,metadata_value|occ_2_5|tables_2_5|no_title|no_header|value|single_role,2,3,"{""metadata_value"": 3}","{""has_header_evidence"": false, ""has_metadata_value_evidence"": true, ""has_title_evidence"": false, ""metadata_columns"": [""Geopolitical entity (declaring)\\Time""], ""occurrence_count"": 3, ""table_count"": 2}",other_ambiguous,codex_rule_assisted_primary,"Rule-assisted audit: conflicting, fragmentary, or insufficient evidence; kept out of four required classes. Primary milestone 9 audit label."
term_d3a86d6b1442368c3650,Housing cost overburden rate by income quintile - EU-SILC survey,housing cost overburden rate by income quintile - eu-silc survey,final_test,title_full|occ_1|tables_1|title|no_header|no_value|single_role,1,1,"{""title_full"": 1}","{""has_header_evidence"": false, ""has_metadata_value_evidence"": false, ""has_title_evidence"": true, ""metadata_columns"": [], ""occurrence_count"": 1, ""table_count"": 1}",measure,codex_rule_assisted_primary,Rule-assisted audit: title/source evidence names a measured statistical phenomenon. Primary milestone 9 audit label.
term_d3e9231fa5288ba36887,Long-term unemployment rate by sex,long-term unemployment rate by sex,final_test,title_full|occ_2_5|tables_2_5|title|no_header|no_value|single_role,2,2,"{""title_full"": 2}","{""has_header_evidence"": false, ""has_metadata_value_evidence"": false, ""has_title_evidence"": true, ""metadata_columns"": [], ""occurrence_count"": 2, ""table_count"": 2}",measure,codex_rule_assisted_primary,Rule-assisted audit: title/source evidence names a measured statistical phenomenon. Primary milestone 9 audit label.
term_d462c9a9b8c9e65a554c,Autonomous pension funds,autonomous pension funds,final_test,metadata_value+title_clause|occ_21_plus|tables_2_5|title|no_header|value|conflict,4,62,"{""metadata_value"": 59, ""title_clause"": 3}","{""has_header_evidence"": false, ""has_metadata_value_evidence"": true, ""has_title_evidence"": true, ""metadata_columns"": [""Statistical classification of economic activities in the European Community (NACE Rev. 1.1)""], ""occurrence_count"": 62, ""table_count"": 4}",other_ambiguous,codex_rule_assisted_primary,"Rule-assisted audit: conflicting, fragmentary, or insufficient evidence; kept out of four required classes. Primary milestone 9 audit label."
term_d4c5baa8bf0ed4c3de6a,"Owner, no outstanding mortgage or housing loan","owner, no outstanding mortgage or housing loan",final_test,metadata_value|occ_21_plus|tables_6_20|no_title|no_header|value|single_role,9,390,"{""metadata_value"": 390}","{""has_header_evidence"": false, ""has_metadata_value_evidence"": true, ""has_title_evidence"": false, ""metadata_columns"": [""Tenure status""], ""occurrence_count"": 390, ""table_count"": 9}",other_ambiguous,codex_rule_assisted_primary,"Rule-assisted audit: conflicting, fragmentary, or insufficient evidence; kept out of four required classes. Primary milestone 9 audit label."
term_d58389ada0c5591ecf44,itm_newa,itm_newa,final_test,header_name|occ_2_5|tables_2_5|no_title|header|no_value|single_role,5,5,"{""header_name"": 5}","{""has_header_evidence"": true, ""has_metadata_value_evidence"": false, ""has_title_evidence"": false, ""metadata_columns"": [""itm_newa""], ""occurrence_count"": 5, ""table_count"": 5}",dimension_name,codex_rule_assisted_primary,Rule-assisted audit: header/source evidence names a table dimension. Primary milestone 9 audit label.
term_d6a44d09d0be1d970798,Total general government revenue,total general government revenue,final_test,metadata_value+title_full|occ_21_plus|tables_2_5|title|no_header|value|conflict,2,35,"{""metadata_value"": 34, ""title_full"": 1}","{""has_header_evidence"": false, ""has_metadata_value_evidence"": true, ""has_title_evidence"": true, ""metadata_columns"": [""National accounts indicator (ESA 2010)""], ""occurrence_count"": 35, ""table_count"": 2}",other_ambiguous,codex_rule_assisted_primary,"Rule-assisted audit: conflicting, fragmentary, or insufficient evidence; kept out of four required classes. Primary milestone 9 audit label."
term_d7849a14666c5a37395e,Total business economy except financial and insurance activities,total business economy except financial and insurance activities,final_test,metadata_value|occ_21_plus|tables_1|no_title|no_header|value|single_role,1,41,"{""metadata_value"": 41}","{""has_header_evidence"": false, ""has_metadata_value_evidence"": true, ""has_title_evidence"": false, ""metadata_columns"": [""Statistical classification of economic activities in the European Community (NACE Rev. 2)""], ""occurrence_count"": 41, ""table_count"": 1}",dimension_value,codex_rule_assisted_primary,Rule-assisted audit: metadata-value/source evidence is a member of a dimension. Primary milestone 9 audit label.
term_d7afe64eee8d744934bd,Nickel,nickel,final_test,metadata_value|occ_1|tables_1|no_title|no_header|value|single_role,1,1,"{""metadata_value"": 1}","{""has_header_evidence"": false, ""has_metadata_value_evidence"": true, ""has_title_evidence"": false, ""metadata_columns"": [""Raw materials""], ""occurrence_count"": 1, ""table_count"": 1}",other_ambiguous,codex_rule_assisted_primary,"Rule-assisted audit: conflicting, fragmentary, or insufficient evidence; kept out of four required classes. Primary milestone 9 audit label."
term_d7f848104f346117a535,"Proportion of persons living in jobless households, female, 0-17 (%)","proportion of persons living in jobless households, female, 0-17 (%)",final_test,metadata_value|occ_1|tables_1|no_title|no_header|value|single_role,1,1,"{""metadata_value"": 1}","{""has_header_evidence"": false, ""has_metadata_value_evidence"": true, ""has_title_evidence"": false, ""metadata_columns"": [""Indicator used in Euro_Med""], ""occurrence_count"": 1, ""table_count"": 1}",dimension_value,codex_rule_assisted_primary,Rule-assisted audit: metadata-value/source evidence is a member of a dimension. Primary milestone 9 audit label.
term_d81a5d8653ad9a770a57,Net external debt,net external debt,final_test,metadata_value+title_clause|occ_21_plus|tables_2_5|title|no_header|value|conflict,2,57,"{""metadata_value"": 55, ""title_clause"": 2}","{""has_header_evidence"": false, ""has_metadata_value_evidence"": true, ""has_title_evidence"": true, ""metadata_columns"": [""Balance of payments item""], ""occurrence_count"": 57, ""table_count"": 2}",other_ambiguous,codex_rule_assisted_primary,"Rule-assisted audit: conflicting, fragmentary, or insufficient evidence; kept out of four required classes. Primary milestone 9 audit label."
term_d86e1ef61d327cb9cc37,health,health,final_test,metadata_value+title_clause|occ_21_plus|tables_2_5|title|no_header|value|conflict,2,160,"{""metadata_value"": 159, ""title_clause"": 1}","{""has_header_evidence"": false, ""has_metadata_value_evidence"": true, ""has_title_evidence"": true, ""metadata_columns"": [""Classification of individual consumption by purpose (COICOP)"", ""Classification of the functions of government (COFOG 1999)""], ""occurrence_count"": 160, ""table_count"": 2}",other_ambiguous,codex_rule_assisted_primary,"Rule-assisted audit: conflicting, fragmentary, or insufficient evidence; kept out of four required classes. Primary milestone 9 audit label."
term_d94a58ae804bc3b6b73e,Perkovi? - Knin,perkovi? - knin,final_test,metadata_value|occ_2_5|tables_1|no_title|no_header|value|single_role,1,2,"{""metadata_value"": 2}","{""has_header_evidence"": false, ""has_metadata_value_evidence"": true, ""has_title_evidence"": false, ""metadata_columns"": [""Rail network segment (2020)""], ""occurrence_count"": 2, ""table_count"": 1}",other_ambiguous,codex_rule_assisted_primary,"Rule-assisted audit: conflicting, fragmentary, or insufficient evidence; kept out of four required classes. Primary milestone 9 audit label."
term_d9a5fd7553477a38da72,Work assignment,work assignment,final_test,header_name|occ_1|tables_1|no_title|header|no_value|single_role,1,1,"{""header_name"": 1}","{""has_header_evidence"": true, ""has_metadata_value_evidence"": false, ""has_title_evidence"": false, ""metadata_columns"": [""Work assignment""], ""occurrence_count"": 1, ""table_count"": 1}",dimension_name,codex_rule_assisted_primary,Rule-assisted audit: header/source evidence names a table dimension. Primary milestone 9 audit label.
term_d9cc597214e70058633f,Enterprises by type of movement of business functions from abroad and by NACE Rev.2 activity - experimental statistics,enterprises by type of movement of business functions from abroad and by nace rev.2 activity - experimental statistics,final_test,title_full|occ_1|tables_1|title|no_header|no_value|single_role,1,1,"{""title_full"": 1}","{""has_header_evidence"": false, ""has_metadata_value_evidence"": false, ""has_title_evidence"": true, ""metadata_columns"": [], ""occurrence_count"": 1, ""table_count"": 1}",measure,codex_rule_assisted_primary,Rule-assisted audit: title/source evidence names a measured statistical phenomenon. Primary milestone 9 audit label.
term_d9d1f10704de7be36717,Phosphate in rivers,phosphate in rivers,final_test,metadata_value+title_full|occ_21_plus|tables_1|title|no_header|value|conflict,1,24,"{""metadata_value"": 23, ""title_full"": 1}","{""has_header_evidence"": false, ""has_metadata_value_evidence"": true, ""has_title_evidence"": true, ""metadata_columns"": [""Water pollutants""], ""occurrence_count"": 24, ""table_count"": 1}",other_ambiguous,codex_rule_assisted_primary,"Rule-assisted audit: conflicting, fragmentary, or insufficient evidence; kept out of four required classes. Primary milestone 9 audit label."
term_d9d4b8d7c8d3e5710522,Demographic indicator,demographic indicator,final_test,header_name|occ_21_plus|tables_21_plus|no_title|header|no_value|single_role,28,28,"{""header_name"": 28}","{""has_header_evidence"": true, ""has_metadata_value_evidence"": false, ""has_title_evidence"": false, ""metadata_columns"": [""Demographic indicator""], ""occurrence_count"": 28, ""table_count"": 28}",dimension_name,codex_rule_assisted_primary,Rule-assisted audit: header/source evidence names a table dimension. Primary milestone 9 audit label.
term_d9ebcf03314ff50c473e,Amiens,amiens,final_test,metadata_value|occ_6_20|tables_6_20|no_title|no_header|value|single_role,6,6,"{""metadata_value"": 6}","{""has_header_evidence"": false, ""has_metadata_value_evidence"": true, ""has_title_evidence"": false, ""metadata_columns"": [""Metropolitan regions\\Time""], ""occurrence_count"": 6, ""table_count"": 6}",other_ambiguous,codex_rule_assisted_primary,"Rule-assisted audit: conflicting, fragmentary, or insufficient evidence; kept out of four required classes. Primary milestone 9 audit label."
term_da1257de3ee3ad0d07c8,Rail network segment (2005),rail network segment (2005),final_test,header_name|occ_6_20|tables_6_20|no_title|header|no_value|single_role,17,17,"{""header_name"": 17}","{""has_header_evidence"": true, ""has_metadata_value_evidence"": false, ""has_title_evidence"": false, ""metadata_columns"": [""Rail network segment (2005)""], ""occurrence_count"": 17, ""table_count"": 17}",dimension_name,codex_rule_assisted_primary,Rule-assisted audit: header/source evidence names a table dimension. Primary milestone 9 audit label.
term_daad49576e375f81fbc2,source:,source,final_test,title_clause|occ_2_5|tables_2_5|title|no_header|no_value|single_role,2,2,"{""title_clause"": 2}","{""has_header_evidence"": false, ""has_metadata_value_evidence"": false, ""has_title_evidence"": true, ""metadata_columns"": [], ""occurrence_count"": 2, ""table_count"": 2}",other_ambiguous,codex_rule_assisted_primary,"Rule-assisted audit: conflicting, fragmentary, or insufficient evidence; kept out of four required classes. Primary milestone 9 audit label."
term_dacb7358dd7de53f20d1,"annual data, million units of national currency","annual data, million units of national currency",final_test,title_clause|occ_6_20|tables_6_20|title|no_header|no_value|single_role,6,6,"{""title_clause"": 6}","{""has_header_evidence"": false, ""has_metadata_value_evidence"": false, ""has_title_evidence"": true, ""metadata_columns"": [], ""occurrence_count"": 6, ""table_count"": 6}",other_ambiguous,codex_rule_assisted_primary,"Rule-assisted audit: conflicting, fragmentary, or insufficient evidence; kept out of four required classes. Primary milestone 9 audit label."
term_dc4c1ebf1a135fd66c1f,Net enrolment rates by sex and education level - ENP-South countries,net enrolment rates by sex and education level - enp-south countries,final_test,title_full|occ_2_5|tables_2_5|title|no_header|no_value|single_role,2,2,"{""title_full"": 2}","{""has_header_evidence"": false, ""has_metadata_value_evidence"": false, ""has_title_evidence"": true, ""metadata_columns"": [], ""occurrence_count"": 2, ""table_count"": 2}",other_ambiguous,codex_rule_assisted_primary,"Rule-assisted audit: conflicting, fragmentary, or insufficient evidence; kept out of four required classes. Primary milestone 9 audit label."
term_de327733952033f833c3,Effects,effects,final_test,header_name|occ_6_20|tables_6_20|no_title|header|no_value|single_role,7,7,"{""header_name"": 7}","{""has_header_evidence"": true, ""has_metadata_value_evidence"": false, ""has_title_evidence"": false, ""metadata_columns"": [""Effects""], ""occurrence_count"": 7, ""table_count"": 7}",dimension_name,codex_rule_assisted_primary,Rule-assisted audit: header/source evidence names a table dimension. Primary milestone 9 audit label.
term_df2d49d69014aee3602d,Metropolitan France,metropolitan france,final_test,metadata_value|occ_21_plus|tables_21_plus|no_title|no_header|value|single_role,23,41,"{""metadata_value"": 41}","{""has_header_evidence"": false, ""has_metadata_value_evidence"": true, ""has_title_evidence"": false, ""metadata_columns"": [""Geopolitical entity (reporting)\\Time""], ""occurrence_count"": 41, ""table_count"": 23}",other_ambiguous,codex_rule_assisted_primary,"Rule-assisted audit: conflicting, fragmentary, or insufficient evidence; kept out of four required classes. Primary milestone 9 audit label."
term_dfc0dee809afe5c9aa8c,n_hprob,n_hprob,final_test,header_name|occ_2_5|tables_2_5|no_title|header|no_value|single_role,2,2,"{""header_name"": 2}","{""has_header_evidence"": true, ""has_metadata_value_evidence"": false, ""has_title_evidence"": false, ""metadata_columns"": [""n_hprob""], ""occurrence_count"": 2, ""table_count"": 2}",dimension_name,codex_rule_assisted_primary,Rule-assisted audit: header/source evidence names a table dimension. Primary milestone 9 audit label.
term_dff23ab8c1be67b698e0,Infant mortality rate,infant mortality rate,final_test,metadata_value+title_full|occ_21_plus|tables_2_5|title|no_header|value|conflict,2,77,"{""metadata_value"": 76, ""title_full"": 1}","{""has_header_evidence"": false, ""has_metadata_value_evidence"": true, ""has_title_evidence"": true, ""metadata_columns"": [""Demographic indicator""], ""occurrence_count"": 77, ""table_count"": 2}",other_ambiguous,codex_rule_assisted_primary,"Rule-assisted audit: conflicting, fragmentary, or insufficient evidence; kept out of four required classes. Primary milestone 9 audit label."
term_e003d6b6bf457aaaff88,"mineral fuels, lubricants and related materials","mineral fuels, lubricants and related materials",final_test,metadata_value+title_clause|occ_21_plus|tables_2_5|title|no_header|value|conflict,5,53,"{""metadata_value"": 51, ""title_clause"": 2}","{""has_header_evidence"": false, ""has_metadata_value_evidence"": true, ""has_title_evidence"": true, ""metadata_columns"": [""Standard International Trade Classification (SITC Rev. 4, 2006)""], ""occurrence_count"": 53, ""table_count"": 5}",other_ambiguous,codex_rule_assisted_primary,"Rule-assisted audit: conflicting, fragmentary, or insufficient evidence; kept out of four required classes. Primary milestone 9 audit label."
term_e040defee705c6539725,"gross weight of goods handled in main ports, by type of cargo","gross weight of goods handled in main ports, by type of cargo",final_test,title_clause|occ_1|tables_1|title|no_header|no_value|single_role,1,1,"{""title_clause"": 1}","{""has_header_evidence"": false, ""has_metadata_value_evidence"": false, ""has_title_evidence"": true, ""metadata_columns"": [], ""occurrence_count"": 1, ""table_count"": 1}",measure,codex_rule_assisted_primary,Rule-assisted audit: title/source evidence names a measured statistical phenomenon. Primary milestone 9 audit label.
term_e0c42819cfb40f06fc2a,per thousand inhabitants,per thousand inhabitants,final_test,metadata_value+title_clause|occ_21_plus|tables_2_5|title|no_header|value|conflict,5,410,"{""metadata_value"": 409, ""title_clause"": 1}","{""has_header_evidence"": false, ""has_metadata_value_evidence"": true, ""has_title_evidence"": true, ""metadata_columns"": [""Unit of measure""], ""occurrence_count"": 410, ""table_count"": 5}",unit,codex_rule_assisted_primary,Rule-assisted audit: unit dictionary or unit-like expression. Primary milestone 9 audit label.
term_e0e05da5e93e3480beae,"Classroom teachers working full-time and part-time in primary, lower-secondary and upper-secondary education","classroom teachers working full-time and part-time in primary, lower-secondary and upper-secondary education",final_test,title_clause|occ_1|tables_1|title|no_header|no_value|single_role,1,1,"{""title_clause"": 1}","{""has_header_evidence"": false, ""has_metadata_value_evidence"": false, ""has_title_evidence"": true, ""metadata_columns"": [], ""occurrence_count"": 1, ""table_count"": 1}",measure,codex_rule_assisted_primary,Rule-assisted audit: title/source evidence names a measured statistical phenomenon. Primary milestone 9 audit label.
term_e1a6c7f671f685256140,Government,government,final_test,metadata_value|occ_1|tables_1|no_title|no_header|value|single_role,1,1,"{""metadata_value"": 1}","{""has_header_evidence"": false, ""has_metadata_value_evidence"": true, ""has_title_evidence"": false, ""metadata_columns"": [""Type of issuer""], ""occurrence_count"": 1, ""table_count"": 1}",other_ambiguous,codex_rule_assisted_primary,"Rule-assisted audit: conflicting, fragmentary, or insufficient evidence; kept out of four required classes. Primary milestone 9 audit label."
term_e245abf0c754fd9541fc,Sincan - Yenikent,sincan - yenikent,final_test,metadata_value|occ_6_20|tables_2_5|no_title|no_header|value|single_role,2,6,"{""metadata_value"": 6}","{""has_header_evidence"": false, ""has_metadata_value_evidence"": true, ""has_title_evidence"": false, ""metadata_columns"": [""Rail network segment (2005)"", ""Rail network segment (2010)""], ""occurrence_count"": 6, ""table_count"": 2}",other_ambiguous,codex_rule_assisted_primary,"Rule-assisted audit: conflicting, fragmentary, or insufficient evidence; kept out of four required classes. Primary milestone 9 audit label."
term_e298a4422b16bdc0bf27,volumes,volumes,final_test,title_clause|occ_6_20|tables_6_20|title|no_header|no_value|single_role,12,12,"{""title_clause"": 12}","{""has_header_evidence"": false, ""has_metadata_value_evidence"": false, ""has_title_evidence"": true, ""metadata_columns"": [], ""occurrence_count"": 12, ""table_count"": 12}",other_ambiguous,codex_rule_assisted_primary,"Rule-assisted audit: conflicting, fragmentary, or insufficient evidence; kept out of four required classes. Primary milestone 9 audit label."
term_e2b3664eb656537de7cd,Imports of goods,imports of goods,final_test,metadata_value+title_clause|occ_21_plus|tables_6_20|title|no_header|value|conflict,8,47,"{""metadata_value"": 40, ""title_clause"": 7}","{""has_header_evidence"": false, ""has_metadata_value_evidence"": true, ""has_title_evidence"": true, ""metadata_columns"": [""National accounts indicator (ESA 2010)""], ""occurrence_count"": 47, ""table_count"": 8}",other_ambiguous,codex_rule_assisted_primary,"Rule-assisted audit: conflicting, fragmentary, or insufficient evidence; kept out of four required classes. Primary milestone 9 audit label."
term_e41a01f08814f2ffe45a,Top 5 ports,top 5 ports,final_test,metadata_value+title_clause|occ_21_plus|tables_2_5|title|no_header|value|conflict,5,33,"{""metadata_value"": 32, ""title_clause"": 1}","{""has_header_evidence"": false, ""has_metadata_value_evidence"": true, ""has_title_evidence"": true, ""metadata_columns"": [""Maritime entity (reporting)""], ""occurrence_count"": 33, ""table_count"": 5}",other_ambiguous,codex_rule_assisted_primary,"Rule-assisted audit: conflicting, fragmentary, or insufficient evidence; kept out of four required classes. Primary milestone 9 audit label."
term_e446001d8efcd35c47df,Bizovac - Osijek,bizovac - osijek,final_test,metadata_value|occ_2_5|tables_2_5|no_title|no_header|value|single_role,2,4,"{""metadata_value"": 4}","{""has_header_evidence"": false, ""has_metadata_value_evidence"": true, ""has_title_evidence"": false, ""metadata_columns"": [""Rail network Segment (2015)"", ""Rail network segment (2020)""], ""occurrence_count"": 4, ""table_count"": 2}",other_ambiguous,codex_rule_assisted_primary,"Rule-assisted audit: conflicting, fragmentary, or insufficient evidence; kept out of four required classes. Primary milestone 9 audit label."
term_e4a3a3960a14a1d59e36,Economic sentiment indicator,economic sentiment indicator,final_test,metadata_value+title_full|occ_21_plus|tables_1|title|no_header|value|conflict,1,34,"{""metadata_value"": 33, ""title_full"": 1}","{""has_header_evidence"": false, ""has_metadata_value_evidence"": true, ""has_title_evidence"": true, ""metadata_columns"": [""Indicator""], ""occurrence_count"": 34, ""table_count"": 1}",other_ambiguous,codex_rule_assisted_primary,"Rule-assisted audit: conflicting, fragmentary, or insufficient evidence; kept out of four required classes. Primary milestone 9 audit label."
term_e4b8cb3a8e4923dbd54d,% of all enterprises,% of all enterprises,final_test,title_clause|occ_2_5|tables_2_5|title|no_header|no_value|single_role,3,3,"{""title_clause"": 3}","{""has_header_evidence"": false, ""has_metadata_value_evidence"": false, ""has_title_evidence"": true, ""metadata_columns"": [], ""occurrence_count"": 3, ""table_count"": 3}",unit,codex_rule_assisted_primary,Rule-assisted audit: unit dictionary or unit-like expression. Primary milestone 9 audit label.
term_e4d1d66b3a9e241a96e3,"Educational attainment at age 25 and above, total, ISCED 2 (%)","educational attainment at age 25 and above, total, isced 2 (%)",final_test,metadata_value|occ_6_20|tables_1|no_title|no_header|value|single_role,1,6,"{""metadata_value"": 6}","{""has_header_evidence"": false, ""has_metadata_value_evidence"": true, ""has_title_evidence"": false, ""metadata_columns"": [""Indicator used in Euro_Med""], ""occurrence_count"": 6, ""table_count"": 1}",dimension_value,codex_rule_assisted_primary,Rule-assisted audit: metadata-value/source evidence is a member of a dimension. Primary milestone 9 audit label.
term_e86bc15204119e839935,ENP-East countries,enp-east countries,final_test,title_clause|occ_21_plus|tables_21_plus|title|no_header|no_value|single_role,54,54,"{""title_clause"": 54}","{""has_header_evidence"": false, ""has_metadata_value_evidence"": false, ""has_title_evidence"": true, ""metadata_columns"": [], ""occurrence_count"": 54, ""table_count"": 54}",other_ambiguous,codex_rule_assisted_primary,"Rule-assisted audit: conflicting, fragmentary, or insufficient evidence; kept out of four required classes. Primary milestone 9 audit label."
term_e92b0c2c57848dc4f0be,Crude divorce rate,crude divorce rate,final_test,metadata_value+title_full|occ_21_plus|tables_1|title|no_header|value|conflict,1,52,"{""metadata_value"": 51, ""title_full"": 1}","{""has_header_evidence"": false, ""has_metadata_value_evidence"": true, ""has_title_evidence"": true, ""metadata_columns"": [""Demographic indicator""], ""occurrence_count"": 52, ""table_count"": 1}",other_ambiguous,codex_rule_assisted_primary,"Rule-assisted audit: conflicting, fragmentary, or insufficient evidence; kept out of four required classes. Primary milestone 9 audit label."
term_e93ee7401a67c630acec,Person/support service,person/support service,final_test,header_name|occ_6_20|tables_6_20|no_title|header|no_value|single_role,6,6,"{""header_name"": 6}","{""has_header_evidence"": true, ""has_metadata_value_evidence"": false, ""has_title_evidence"": false, ""metadata_columns"": [""Person/support service""], ""occurrence_count"": 6, ""table_count"": 6}",dimension_name,codex_rule_assisted_primary,Rule-assisted audit: header/source evidence names a table dimension. Primary milestone 9 audit label.
term_e9d22ec423f86e2e1d77,Oldenburg (Oldenburg),oldenburg (oldenburg),final_test,metadata_value|occ_6_20|tables_6_20|no_title|no_header|value|single_role,6,6,"{""metadata_value"": 6}","{""has_header_evidence"": false, ""has_metadata_value_evidence"": true, ""has_title_evidence"": false, ""metadata_columns"": [""Metropolitan regions\\Time""], ""occurrence_count"": 6, ""table_count"": 6}",other_ambiguous,codex_rule_assisted_primary,"Rule-assisted audit: conflicting, fragmentary, or insufficient evidence; kept out of four required classes. Primary milestone 9 audit label."
term_ead646d8da2f94e2c85d,Wastewater treatment plants,wastewater treatment plants,final_test,header_name|occ_2_5|tables_2_5|no_title|header|no_value|single_role,3,3,"{""header_name"": 3}","{""has_header_evidence"": true, ""has_metadata_value_evidence"": false, ""has_title_evidence"": false, ""metadata_columns"": [""Wastewater treatment plants""], ""occurrence_count"": 3, ""table_count"": 3}",dimension_name,codex_rule_assisted_primary,Rule-assisted audit: header/source evidence names a table dimension. Primary milestone 9 audit label.
term_eb0740949292b76319ec,Maritime transport infrastructure,maritime transport infrastructure,final_test,title_clause|occ_1|tables_1|title|no_header|no_value|single_role,1,1,"{""title_clause"": 1}","{""has_header_evidence"": false, ""has_metadata_value_evidence"": false, ""has_title_evidence"": true, ""metadata_columns"": [], ""occurrence_count"": 1, ""table_count"": 1}",measure,codex_rule_assisted_primary,Rule-assisted audit: title/source evidence names a measured statistical phenomenon. Primary milestone 9 audit label.
term_eb1fc979bd34e716e325,A,a,final_test,metadata_value+title_clause|occ_21_plus|tables_2_5|title|no_header|value|conflict,4,43,"{""metadata_value"": 41, ""title_clause"": 2}","{""has_header_evidence"": false, ""has_metadata_value_evidence"": true, ""has_title_evidence"": true, ""metadata_columns"": [""nace_r1""], ""occurrence_count"": 43, ""table_count"": 4}",other_ambiguous,codex_rule_assisted_primary,"Rule-assisted audit: conflicting, fragmentary, or insufficient evidence; kept out of four required classes. Primary milestone 9 audit label."
term_ec0ac0da9ee85ef4d2c3,Material import dependency,material import dependency,final_test,title_full|occ_2_5|tables_2_5|title|no_header|no_value|single_role,2,2,"{""title_full"": 2}","{""has_header_evidence"": false, ""has_metadata_value_evidence"": false, ""has_title_evidence"": true, ""metadata_columns"": [], ""occurrence_count"": 2, ""table_count"": 2}",other_ambiguous,codex_rule_assisted_primary,"Rule-assisted audit: conflicting, fragmentary, or insufficient evidence; kept out of four required classes. Primary milestone 9 audit label."
term_ec1dc7611692d13d9115,Loans,loans,final_test,metadata_value|occ_21_plus|tables_6_20|no_title|no_header|value|single_role,10,655,"{""metadata_value"": 655}","{""has_header_evidence"": false, ""has_metadata_value_evidence"": true, ""has_title_evidence"": false, ""metadata_columns"": [""National accounts indicator (ESA 2010)""], ""occurrence_count"": 655, ""table_count"": 10}",other_ambiguous,codex_rule_assisted_primary,"Rule-assisted audit: conflicting, fragmentary, or insufficient evidence; kept out of four required classes. Primary milestone 9 audit label."
term_ec4671b9d285ce52cffa,Body Mass Index,body mass index,final_test,header_name|occ_2_5|tables_2_5|no_title|header|no_value|single_role,3,3,"{""header_name"": 3}","{""has_header_evidence"": true, ""has_metadata_value_evidence"": false, ""has_title_evidence"": false, ""metadata_columns"": [""Body Mass Index""], ""occurrence_count"": 3, ""table_count"": 3}",dimension_name,codex_rule_assisted_primary,Rule-assisted audit: header/source evidence names a table dimension. Primary milestone 9 audit label.
term_ec881eab4bd4dcb49142,BASEL airport,basel airport,final_test,metadata_value|occ_1|tables_1|no_title|no_header|value|single_role,1,1,"{""metadata_value"": 1}","{""has_header_evidence"": false, ""has_metadata_value_evidence"": true, ""has_title_evidence"": false, ""metadata_columns"": [""Reporting airport""], ""occurrence_count"": 1, ""table_count"": 1}",other_ambiguous,codex_rule_assisted_primary,"Rule-assisted audit: conflicting, fragmentary, or insufficient evidence; kept out of four required classes. Primary milestone 9 audit label."
term_ecdcf7eb31b6f39bf823,Selling prices of raw cow's milk,selling prices of raw cow's milk,final_test,title_full|occ_1|tables_1|title|no_header|no_value|single_role,1,1,"{""title_full"": 1}","{""has_header_evidence"": false, ""has_metadata_value_evidence"": false, ""has_title_evidence"": true, ""metadata_columns"": [], ""occurrence_count"": 1, ""table_count"": 1}",measure,codex_rule_assisted_primary,Rule-assisted audit: title/source evidence names a measured statistical phenomenon. Primary milestone 9 audit label.
term_ece3272d84aff0148f1a,Rzeszów,rzeszów,final_test,metadata_value|occ_6_20|tables_6_20|no_title|no_header|value|single_role,6,6,"{""metadata_value"": 6}","{""has_header_evidence"": false, ""has_metadata_value_evidence"": true, ""has_title_evidence"": false, ""metadata_columns"": [""Metropolitan regions\\Time""], ""occurrence_count"": 6, ""table_count"": 6}",other_ambiguous,codex_rule_assisted_primary,"Rule-assisted audit: conflicting, fragmentary, or insufficient evidence; kept out of four required classes. Primary milestone 9 audit label."
term_ed5f0131e0a524f4f92d,Individual type,individual type,final_test,header_name|occ_6_20|tables_6_20|no_title|header|no_value|single_role,19,19,"{""header_name"": 19}","{""has_header_evidence"": true, ""has_metadata_value_evidence"": false, ""has_title_evidence"": false, ""metadata_columns"": [""Individual type""], ""occurrence_count"": 19, ""table_count"": 19}",dimension_name,codex_rule_assisted_primary,Rule-assisted audit: header/source evidence names a table dimension. Primary milestone 9 audit label.
term_edbfd992c354147a6d29,at least one hour in the last month,at least one hour in the last month,final_test,title_clause|occ_6_20|tables_6_20|title|no_header|no_value|single_role,8,8,"{""title_clause"": 8}","{""has_header_evidence"": false, ""has_metadata_value_evidence"": false, ""has_title_evidence"": true, ""metadata_columns"": [], ""occurrence_count"": 8, ""table_count"": 8}",other_ambiguous,codex_rule_assisted_primary,"Rule-assisted audit: conflicting, fragmentary, or insufficient evidence; kept out of four required classes. Primary milestone 9 audit label."
term_edc4e9b691c68372543e,Hornslet - -Århus,hornslet - -århus,final_test,metadata_value|occ_2_5|tables_1|no_title|no_header|value|single_role,1,2,"{""metadata_value"": 2}","{""has_header_evidence"": false, ""has_metadata_value_evidence"": true, ""has_title_evidence"": false, ""metadata_columns"": [""Rail network segment (2010)""], ""occurrence_count"": 2, ""table_count"": 1}",other_ambiguous,codex_rule_assisted_primary,"Rule-assisted audit: conflicting, fragmentary, or insufficient evidence; kept out of four required classes. Primary milestone 9 audit label."
term_edeabb4d7833a3bf8b98,Milk product,milk product,final_test,header_name|occ_2_5|tables_2_5|no_title|header|no_value|single_role,2,2,"{""header_name"": 2}","{""has_header_evidence"": true, ""has_metadata_value_evidence"": false, ""has_title_evidence"": false, ""metadata_columns"": [""Milk product""], ""occurrence_count"": 2, ""table_count"": 2}",dimension_name,codex_rule_assisted_primary,Rule-assisted audit: header/source evidence names a table dimension. Primary milestone 9 audit label.
term_ee46f138052f5ecf6cd4,Persons at risk of poverty or social exclusion by tenure status,persons at risk of poverty or social exclusion by tenure status,final_test,title_clause+title_full|occ_2_5|tables_2_5|title|no_header|no_value|conflict,2,2,"{""title_clause"": 1, ""title_full"": 1}","{""has_header_evidence"": false, ""has_metadata_value_evidence"": false, ""has_title_evidence"": true, ""metadata_columns"": [], ""occurrence_count"": 2, ""table_count"": 2}",other_ambiguous,codex_rule_assisted_primary,"Rule-assisted audit: conflicting, fragmentary, or insufficient evidence; kept out of four required classes. Primary milestone 9 audit label."
term_eec917af62c9a0324a4b,Kielce,kielce,final_test,metadata_value|occ_6_20|tables_6_20|no_title|no_header|value|single_role,6,6,"{""metadata_value"": 6}","{""has_header_evidence"": false, ""has_metadata_value_evidence"": true, ""has_title_evidence"": false, ""metadata_columns"": [""Metropolitan regions\\Time""], ""occurrence_count"": 6, ""table_count"": 6}",other_ambiguous,codex_rule_assisted_primary,"Rule-assisted audit: conflicting, fragmentary, or insufficient evidence; kept out of four required classes. Primary milestone 9 audit label."
term_eece5d96718129dfef76,Gent (Ghent),gent (ghent),final_test,metadata_value|occ_6_20|tables_1|no_title|no_header|value|single_role,1,8,"{""metadata_value"": 8}","{""has_header_evidence"": false, ""has_metadata_value_evidence"": true, ""has_title_evidence"": false, ""metadata_columns"": [""Maritime entity (reporting)""], ""occurrence_count"": 8, ""table_count"": 1}",other_ambiguous,codex_rule_assisted_primary,"Rule-assisted audit: conflicting, fragmentary, or insufficient evidence; kept out of four required classes. Primary milestone 9 audit label."
term_effb008355c9199735d4,Duration,duration,final_test,header_name|occ_6_20|tables_6_20|no_title|header|no_value|single_role,15,15,"{""header_name"": 15}","{""has_header_evidence"": true, ""has_metadata_value_evidence"": false, ""has_title_evidence"": false, ""metadata_columns"": [""Duration""], ""occurrence_count"": 15, ""table_count"": 15}",dimension_name,codex_rule_assisted_primary,Rule-assisted audit: header/source evidence names a table dimension. Primary milestone 9 audit label.
term_f0215fc145d7470e1882,From 15 to 64 years,from 15 to 64 years,final_test,metadata_value|occ_21_plus|tables_21_plus|no_title|no_header|value|single_role,58,3486,"{""metadata_value"": 3486}","{""has_header_evidence"": false, ""has_metadata_value_evidence"": true, ""has_title_evidence"": false, ""metadata_columns"": [""Age class"", ""Age class\\Time""], ""occurrence_count"": 3486, ""table_count"": 58}",dimension_value,codex_rule_assisted_primary,Rule-assisted audit: metadata-value/source evidence is a member of a dimension. Primary milestone 9 audit label.
term_f0777aeef8ae84a2540a,Total general government expenditure,total general government expenditure,final_test,metadata_value+title_full|occ_21_plus|tables_2_5|title|no_header|value|conflict,3,266,"{""metadata_value"": 265, ""title_full"": 1}","{""has_header_evidence"": false, ""has_metadata_value_evidence"": true, ""has_title_evidence"": true, ""metadata_columns"": [""National accounts indicator (ESA 2010)""], ""occurrence_count"": 266, ""table_count"": 3}",other_ambiguous,codex_rule_assisted_primary,"Rule-assisted audit: conflicting, fragmentary, or insufficient evidence; kept out of four required classes. Primary milestone 9 audit label."
term_f1131d1c80799ce79a04,annual data,annual data,final_test,title_clause|occ_21_plus|tables_21_plus|title|no_header|no_value|single_role,45,45,"{""title_clause"": 45}","{""has_header_evidence"": false, ""has_metadata_value_evidence"": false, ""has_title_evidence"": true, ""metadata_columns"": [], ""occurrence_count"": 45, ""table_count"": 45}",other_ambiguous,codex_rule_assisted_primary,"Rule-assisted audit: conflicting, fragmentary, or insufficient evidence; kept out of four required classes. Primary milestone 9 audit label."
term_f153cd3d667d53b03047,"Alcoholic beverages, tobacco and narcotics","alcoholic beverages, tobacco and narcotics",final_test,metadata_value|occ_21_plus|tables_1|no_title|no_header|value|single_role,1,126,"{""metadata_value"": 126}","{""has_header_evidence"": false, ""has_metadata_value_evidence"": true, ""has_title_evidence"": false, ""metadata_columns"": [""Classification of individual consumption by purpose (COICOP)""], ""occurrence_count"": 126, ""table_count"": 1}",other_ambiguous,codex_rule_assisted_primary,"Rule-assisted audit: conflicting, fragmentary, or insufficient evidence; kept out of four required classes. Primary milestone 9 audit label."
term_f2344367aa63c84f6699,Madrid,madrid,final_test,metadata_value|occ_6_20|tables_6_20|no_title|no_header|value|single_role,6,6,"{""metadata_value"": 6}","{""has_header_evidence"": false, ""has_metadata_value_evidence"": true, ""has_title_evidence"": false, ""metadata_columns"": [""Metropolitan regions\\Time""], ""occurrence_count"": 6, ""table_count"": 6}",other_ambiguous,codex_rule_assisted_primary,"Rule-assisted audit: conflicting, fragmentary, or insufficient evidence; kept out of four required classes. Primary milestone 9 audit label."
term_f34904285a19a05c8b23,Maturity: 18 years,maturity: 18 years,final_test,metadata_value|occ_6_20|tables_1|no_title|no_header|value|single_role,1,6,"{""metadata_value"": 6}","{""has_header_evidence"": false, ""has_metadata_value_evidence"": true, ""has_title_evidence"": false, ""metadata_columns"": [""Maturity""], ""occurrence_count"": 6, ""table_count"": 1}",other_ambiguous,codex_rule_assisted_primary,"Rule-assisted audit: conflicting, fragmentary, or insufficient evidence; kept out of four required classes. Primary milestone 9 audit label."
term_f39aa77016449cb232b5,Energy consumption,energy consumption,final_test,header_name+title_full|occ_2_5|tables_2_5|title|header|no_value|conflict,5,5,"{""header_name"": 4, ""title_full"": 1}","{""has_header_evidence"": true, ""has_metadata_value_evidence"": false, ""has_title_evidence"": true, ""metadata_columns"": [""Energy consumption""], ""occurrence_count"": 5, ""table_count"": 5}",other_ambiguous,codex_rule_assisted_primary,"Rule-assisted audit: conflicting, fragmentary, or insufficient evidence; kept out of four required classes. Primary milestone 9 audit label."
term_f5296502a11f3c25038f,From 40 to 49 years,from 40 to 49 years,final_test,metadata_value|occ_21_plus|tables_2_5|no_title|no_header|value|single_role,2,62,"{""metadata_value"": 62}","{""has_header_evidence"": false, ""has_metadata_value_evidence"": true, ""has_title_evidence"": false, ""metadata_columns"": [""Age class"", ""Age class\\Time""], ""occurrence_count"": 62, ""table_count"": 2}",dimension_value,codex_rule_assisted_primary,Rule-assisted audit: metadata-value/source evidence is a member of a dimension. Primary milestone 9 audit label.
term_f56f932e5197e739c27c,"Agriculture, forestry, fishing, food, beverages, tobacco - services - intermediate consumption","agriculture, forestry, fishing, food, beverages, tobacco - services - intermediate consumption",final_test,metadata_value|occ_2_5|tables_1|no_title|no_header|value|single_role,1,2,"{""metadata_value"": 2}","{""has_header_evidence"": false, ""has_metadata_value_evidence"": true, ""has_title_evidence"": false, ""metadata_columns"": [""Broad economic categories (BEC Rev.5)""], ""occurrence_count"": 2, ""table_count"": 1}",other_ambiguous,codex_rule_assisted_primary,"Rule-assisted audit: conflicting, fragmentary, or insufficient evidence; kept out of four required classes. Primary milestone 9 audit label."
term_f5e44b3c4f4383f574be,Close person,close person,final_test,metadata_value|occ_21_plus|tables_2_5|no_title|no_header|value|single_role,3,90,"{""metadata_value"": 90}","{""has_header_evidence"": false, ""has_metadata_value_evidence"": true, ""has_title_evidence"": false, ""metadata_columns"": [""Person/support service""], ""occurrence_count"": 90, ""table_count"": 3}",other_ambiguous,codex_rule_assisted_primary,"Rule-assisted audit: conflicting, fragmentary, or insufficient evidence; kept out of four required classes. Primary milestone 9 audit label."
term_f61729822ab7e12309b2,Crop production,crop production,final_test,header_name+title_clause+title_full|occ_2_5|tables_2_5|title|header|no_value|conflict,3,4,"{""header_name"": 1, ""title_clause"": 2, ""title_full"": 1}","{""has_header_evidence"": true, ""has_metadata_value_evidence"": false, ""has_title_evidence"": true, ""metadata_columns"": [""Crop production""], ""occurrence_count"": 4, ""table_count"": 3}",other_ambiguous,codex_rule_assisted_primary,"Rule-assisted audit: conflicting, fragmentary, or insufficient evidence; kept out of four required classes. Primary milestone 9 audit label."
term_f74630f73430fad486c9,Gramatneusiedl - Kledering,gramatneusiedl - kledering,final_test,metadata_value|occ_2_5|tables_2_5|no_title|no_header|value|single_role,2,5,"{""metadata_value"": 5}","{""has_header_evidence"": false, ""has_metadata_value_evidence"": true, ""has_title_evidence"": false, ""metadata_columns"": [""Rail network segment (2005)"", ""Rail network segment (2010)""], ""occurrence_count"": 5, ""table_count"": 2}",other_ambiguous,codex_rule_assisted_primary,"Rule-assisted audit: conflicting, fragmentary, or insufficient evidence; kept out of four required classes. Primary milestone 9 audit label."
term_f849cf76c5d52c0e7167,Severe material deprivation rate by NUTS 2 region,severe material deprivation rate by nuts 2 region,final_test,title_full|occ_2_5|tables_2_5|title|no_header|no_value|single_role,2,2,"{""title_full"": 2}","{""has_header_evidence"": false, ""has_metadata_value_evidence"": false, ""has_title_evidence"": true, ""metadata_columns"": [], ""occurrence_count"": 2, ""table_count"": 2}",other_ambiguous,codex_rule_assisted_primary,"Rule-assisted audit: conflicting, fragmentary, or insufficient evidence; kept out of four required classes. Primary milestone 9 audit label."
term_f87cb89fb88a52ac5d2b,Fish catches,fish catches,final_test,title_clause|occ_1|tables_1|title|no_header|no_value|single_role,1,1,"{""title_clause"": 1}","{""has_header_evidence"": false, ""has_metadata_value_evidence"": false, ""has_title_evidence"": true, ""metadata_columns"": [], ""occurrence_count"": 1, ""table_count"": 1}",measure,codex_rule_assisted_primary,Rule-assisted audit: title/source evidence names a measured statistical phenomenon. Primary milestone 9 audit label.
term_f8f32bf8f8d272d562dc,Geopolitical entity (reporting),geopolitical entity (reporting),final_test,header_name|occ_6_20|tables_6_20|no_title|header|no_value|single_role,12,12,"{""header_name"": 12}","{""has_header_evidence"": true, ""has_metadata_value_evidence"": false, ""has_title_evidence"": false, ""metadata_columns"": [""Geopolitical entity (reporting)""], ""occurrence_count"": 12, ""table_count"": 12}",dimension_name,codex_rule_assisted_primary,Rule-assisted audit: header/source evidence names a table dimension. Primary milestone 9 audit label.
term_f926c367b8f93fc7ea76,Århus,århus,final_test,metadata_value|occ_6_20|tables_6_20|no_title|no_header|value|single_role,7,12,"{""metadata_value"": 12}","{""has_header_evidence"": false, ""has_metadata_value_evidence"": true, ""has_title_evidence"": false, ""metadata_columns"": [""Maritime entity (reporting)\\Time"", ""Metropolitan regions\\Time""], ""occurrence_count"": 12, ""table_count"": 7}",other_ambiguous,codex_rule_assisted_primary,"Rule-assisted audit: conflicting, fragmentary, or insufficient evidence; kept out of four required classes. Primary milestone 9 audit label."
term_f93791f1521fe7414981,General government gross debt,general government gross debt,final_test,title_clause+title_full|occ_2_5|tables_2_5|title|no_header|no_value|conflict,3,3,"{""title_clause"": 2, ""title_full"": 1}","{""has_header_evidence"": false, ""has_metadata_value_evidence"": false, ""has_title_evidence"": true, ""metadata_columns"": [], ""occurrence_count"": 3, ""table_count"": 3}",other_ambiguous,codex_rule_assisted_primary,"Rule-assisted audit: conflicting, fragmentary, or insufficient evidence; kept out of four required classes. Primary milestone 9 audit label."
term_f997642e9dc0a135337b,Unemployment rate by sex,unemployment rate by sex,final_test,title_clause+title_full|occ_2_5|tables_2_5|title|no_header|no_value|conflict,4,4,"{""title_clause"": 2, ""title_full"": 2}","{""has_header_evidence"": false, ""has_metadata_value_evidence"": false, ""has_title_evidence"": true, ""metadata_columns"": [], ""occurrence_count"": 4, ""table_count"": 4}",other_ambiguous,codex_rule_assisted_primary,"Rule-assisted audit: conflicting, fragmentary, or insufficient evidence; kept out of four required classes. Primary milestone 9 audit label."
term_fa6799de13b4f9cab1c7,Tourism indicator,tourism indicator,final_test,header_name|occ_2_5|tables_2_5|no_title|header|no_value|single_role,5,5,"{""header_name"": 5}","{""has_header_evidence"": true, ""has_metadata_value_evidence"": false, ""has_title_evidence"": false, ""metadata_columns"": [""Tourism indicator""], ""occurrence_count"": 5, ""table_count"": 5}",dimension_name,codex_rule_assisted_primary,Rule-assisted audit: header/source evidence names a table dimension. Primary milestone 9 audit label.
term_fa9dc4b66c819b2ed08b,hotels and restaurants,hotels and restaurants,final_test,metadata_value+title_clause|occ_21_plus|tables_6_20|title|no_header|value|conflict,7,67,"{""metadata_value"": 66, ""title_clause"": 1}","{""has_header_evidence"": false, ""has_metadata_value_evidence"": true, ""has_title_evidence"": true, ""metadata_columns"": [""Statistical classification of economic activities in the European Community (NACE Rev. 1.1)""], ""occurrence_count"": 67, ""table_count"": 7}",other_ambiguous,codex_rule_assisted_primary,"Rule-assisted audit: conflicting, fragmentary, or insufficient evidence; kept out of four required classes. Primary milestone 9 audit label."
term_fb7d29c81bdb44d7811c,Geopolitical entity (partner),geopolitical entity (partner),final_test,header_name|occ_21_plus|tables_21_plus|no_title|header|no_value|single_role,72,72,"{""header_name"": 72}","{""has_header_evidence"": true, ""has_metadata_value_evidence"": false, ""has_title_evidence"": false, ""metadata_columns"": [""Geopolitical entity (partner)""], ""occurrence_count"": 72, ""table_count"": 72}",dimension_name,codex_rule_assisted_primary,Rule-assisted audit: header/source evidence names a table dimension. Primary milestone 9 audit label.
term_fbb6e65c2308bff31d02,Level of commonness,level of commonness,final_test,header_name|occ_2_5|tables_2_5|no_title|header|no_value|single_role,2,2,"{""header_name"": 2}","{""has_header_evidence"": true, ""has_metadata_value_evidence"": false, ""has_title_evidence"": false, ""metadata_columns"": [""Level of commonness""], ""occurrence_count"": 2, ""table_count"": 2}",dimension_name,codex_rule_assisted_primary,Rule-assisted audit: header/source evidence names a table dimension. Primary milestone 9 audit label.
term_fc4303547ee787a0604c,Mean age of women at childbirth,mean age of women at childbirth,final_test,metadata_value|occ_21_plus|tables_2_5|no_title|no_header|value|single_role,2,130,"{""metadata_value"": 130}","{""has_header_evidence"": false, ""has_metadata_value_evidence"": true, ""has_title_evidence"": false, ""metadata_columns"": [""Demographic indicator""], ""occurrence_count"": 130, ""table_count"": 2}",other_ambiguous,codex_rule_assisted_primary,"Rule-assisted audit: conflicting, fragmentary, or insufficient evidence; kept out of four required classes. Primary milestone 9 audit label."
term_fc873e89d4979babd0c4,Luxembourg - Kleinbettingen Frt,luxembourg - kleinbettingen frt,final_test,metadata_value|occ_6_20|tables_2_5|no_title|no_header|value|single_role,4,8,"{""metadata_value"": 8}","{""has_header_evidence"": false, ""has_metadata_value_evidence"": true, ""has_title_evidence"": false, ""metadata_columns"": [""Rail network Segment (2015)"", ""Rail network segment (2005)"", ""Rail network segment (2010)"", ""Rail network segment (2020)""], ""occurrence_count"": 8, ""table_count"": 4}",other_ambiguous,codex_rule_assisted_primary,"Rule-assisted audit: conflicting, fragmentary, or insufficient evidence; kept out of four required classes. Primary milestone 9 audit label."
term_fc991877fd1ecc93049d,Gaiziunai - Kaisiadorys,gaiziunai - kaisiadorys,final_test,metadata_value|occ_6_20|tables_2_5|no_title|no_header|value|single_role,3,6,"{""metadata_value"": 6}","{""has_header_evidence"": false, ""has_metadata_value_evidence"": true, ""has_title_evidence"": false, ""metadata_columns"": [""Rail network Segment (2015)"", ""Rail network segment (2005)"", ""Rail network segment (2010)""], ""occurrence_count"": 6, ""table_count"": 3}",other_ambiguous,codex_rule_assisted_primary,"Rule-assisted audit: conflicting, fragmentary, or insufficient evidence; kept out of four required classes. Primary milestone 9 audit label."
term_fe55d7b0c91662043095,Ottignies - Marcinelle,ottignies - marcinelle,final_test,metadata_value|occ_6_20|tables_2_5|no_title|no_header|value|single_role,3,6,"{""metadata_value"": 6}","{""has_header_evidence"": false, ""has_metadata_value_evidence"": true, ""has_title_evidence"": false, ""metadata_columns"": [""Rail network Segment (2015)"", ""Rail network segment (2005)"", ""Rail network segment (2010)""], ""occurrence_count"": 6, ""table_count"": 3}",other_ambiguous,codex_rule_assisted_primary,"Rule-assisted audit: conflicting, fragmentary, or insufficient evidence; kept out of four required classes. Primary milestone 9 audit label."
term_fe6fc2e211472236126f,Türkiye,türkiye,final_test,metadata_value|occ_21_plus|tables_6_20|no_title|no_header|value|single_role,11,45,"{""metadata_value"": 45}","{""has_header_evidence"": false, ""has_metadata_value_evidence"": true, ""has_title_evidence"": false, ""metadata_columns"": [""Country of cabotage\\Time"", ""Maritime entity (partner)"", ""Maritime entity (reporting)"", ""Maritime entity (reporting)\\Time"", ""Metropolitan regions\\Time""], ""occurrence_count"": 45, ""table_count"": 11}",other_ambiguous,codex_rule_assisted_primary,"Rule-assisted audit: conflicting, fragmentary, or insufficient evidence; kept out of four required classes. Primary milestone 9 audit label."
term_ff20bcbd5fbd5f3ca9c9,Poland,poland,final_test,metadata_value|occ_21_plus|tables_6_20|no_title|no_header|value|single_role,10,31,"{""metadata_value"": 31}","{""has_header_evidence"": false, ""has_metadata_value_evidence"": true, ""has_title_evidence"": false, ""metadata_columns"": [""Country of cabotage\\Time"", ""Maritime entity (reporting)"", ""Maritime entity (reporting)\\Time"", ""Metropolitan regions\\Time""], ""occurrence_count"": 31, ""table_count"": 10}",other_ambiguous,codex_rule_assisted_primary,"Rule-assisted audit: conflicting, fragmentary, or insufficient evidence; kept out of four required classes. Primary milestone 9 audit label."
