term_id,canonical_term,matching_key,split,stratum,table_count,occurrence_count,role_summary_json,feature_summary_json,category,annotator_id,notes,audit_source,target_cohort
term_02ccff8f061bffdc5213,Disability pension,disability pension,train_dev,metadata_value|occ_21_plus|tables_1|no_title|no_header|value|single_role,1,39,"{""metadata_value"": 39}","{""has_header_evidence"": false, ""has_metadata_value_evidence"": true, ""has_title_evidence"": false, ""metadata_columns"": [""Pension type""], ""occurrence_count"": 39, ""table_count"": 1}",dimension_value,codex_domain_inferred_primary,Domain-inferred audit: metadata or domain evidence identifies a member of a dimension. Primary targeted reclaim label.,targeted_reclaim,frequent_value_metadata_value
term_04826352f0029259220a,Towns and suburbs,towns and suburbs,train_dev,metadata_value|occ_21_plus|tables_21_plus|no_title|no_header|value|single_role,27,1287,"{""metadata_value"": 1287}","{""has_header_evidence"": false, ""has_metadata_value_evidence"": true, ""has_title_evidence"": false, ""metadata_columns"": [""Degree of urbanisation""], ""occurrence_count"": 1287, ""table_count"": 27}",dimension_value,codex_domain_inferred_primary,Domain-inferred audit: metadata or domain evidence identifies a member of a dimension. Primary targeted reclaim label.,targeted_reclaim,frequent_value_metadata_value
term_05c00bb441c45ee93eae,Kilometre,kilometre,train_dev,metadata_value|occ_21_plus|tables_6_20|no_title|no_header|value|single_role,18,1157,"{""metadata_value"": 1157}","{""has_header_evidence"": false, ""has_metadata_value_evidence"": true, ""has_title_evidence"": false, ""metadata_columns"": [""Unit of measure""], ""occurrence_count"": 1157, ""table_count"": 18}",unit,codex_domain_inferred_primary,"Domain-inferred audit: source evidence identifies a measurement unit, scale, rate, or unit code. Primary targeted reclaim label.",targeted_reclaim,frequent_value_metadata_value
term_0601086320d92cc7f1b9,Non-consolidated,non-consolidated,train_dev,metadata_value|occ_21_plus|tables_6_20|no_title|no_header|value|single_role,11,800,"{""metadata_value"": 800}","{""has_header_evidence"": false, ""has_metadata_value_evidence"": true, ""has_title_evidence"": false, ""metadata_columns"": [""Consolidated/Non consolidated""], ""occurrence_count"": 800, ""table_count"": 11}",dimension_value,codex_domain_inferred_primary,Domain-inferred audit: metadata or domain evidence identifies a member of a dimension. Primary targeted reclaim label.,targeted_reclaim,frequent_value_metadata_value
term_078c3df677149c70ea02,Yes,yes,train_dev,metadata_value|occ_21_plus|tables_6_20|no_title|no_header|value|single_role,9,1388,"{""metadata_value"": 1388}","{""has_header_evidence"": false, ""has_metadata_value_evidence"": true, ""has_title_evidence"": false, ""metadata_columns"": [""Modalities of the variable for the ad-hoc module"", ""Survey answer - Yes/No""], ""occurrence_count"": 1388, ""table_count"": 9}",dimension_value,codex_domain_inferred_primary,Domain-inferred audit: metadata or domain evidence identifies a member of a dimension. Primary targeted reclaim label.,targeted_reclaim,frequent_value_metadata_value
term_0891511730f3692e7eee,Villach Sud Gvbf Auen - Villach Westbf,villach sud gvbf auen - villach westbf,train_dev,metadata_value|occ_2_5|tables_1|no_title|no_header|value|single_role,1,2,"{""metadata_value"": 2}","{""has_header_evidence"": false, ""has_metadata_value_evidence"": true, ""has_title_evidence"": false, ""metadata_columns"": [""Rail network segment (2005)""], ""occurrence_count"": 2, ""table_count"": 1}",dimension_value,codex_domain_inferred_primary,Domain-inferred audit: metadata or domain evidence identifies a member of a dimension. Primary targeted reclaim label.,targeted_reclaim,frequent_value_metadata_value
term_146a0c869ca1633a68f6,Net turnover,net turnover,train_dev,metadata_value|occ_21_plus|tables_6_20|no_title|no_header|value|single_role,9,1019,"{""metadata_value"": 1019}","{""has_header_evidence"": false, ""has_metadata_value_evidence"": true, ""has_title_evidence"": false, ""metadata_columns"": [""Business trend indicator""], ""occurrence_count"": 1019, ""table_count"": 9}",dimension_value,codex_domain_inferred_primary,Domain-inferred audit: metadata or domain evidence identifies a member of a dimension. Primary targeted reclaim label.,targeted_reclaim,frequent_value_metadata_value
term_16d38da89b047b8258cc,Prevalje - Dravograd,prevalje - dravograd,train_dev,metadata_value|occ_6_20|tables_2_5|no_title|no_header|value|single_role,4,8,"{""metadata_value"": 8}","{""has_header_evidence"": false, ""has_metadata_value_evidence"": true, ""has_title_evidence"": false, ""metadata_columns"": [""Rail network Segment (2015)"", ""Rail network segment (2005)"", ""Rail network segment (2010)"", ""Rail network segment (2020)""], ""occurrence_count"": 8, ""table_count"": 4}",dimension_value,codex_domain_inferred_primary,Domain-inferred audit: metadata or domain evidence identifies a member of a dimension. Primary targeted reclaim label.,targeted_reclaim,frequent_value_metadata_value
term_1bb99f4bdd0d80773482,Rural areas,rural areas,train_dev,metadata_value|occ_21_plus|tables_21_plus|no_title|no_header|value|single_role,30,1366,"{""metadata_value"": 1366}","{""has_header_evidence"": false, ""has_metadata_value_evidence"": true, ""has_title_evidence"": false, ""metadata_columns"": [""Degree of urbanisation""], ""occurrence_count"": 1366, ""table_count"": 30}",dimension_value,codex_domain_inferred_primary,Domain-inferred audit: metadata or domain evidence identifies a member of a dimension. Primary targeted reclaim label.,targeted_reclaim,frequent_value_metadata_value
term_1f5650a8bdbd30782044,Ramal De Alfarelos(Bifurcação De Lares->Alfarelos),ramal de alfarelos(bifurcação de lares->alfarelos),train_dev,metadata_value|occ_2_5|tables_1|no_title|no_header|value|single_role,1,3,"{""metadata_value"": 3}","{""has_header_evidence"": false, ""has_metadata_value_evidence"": true, ""has_title_evidence"": false, ""metadata_columns"": [""Rail network segment (2010)""], ""occurrence_count"": 3, ""table_count"": 1}",dimension_value,codex_domain_inferred_primary,Domain-inferred audit: metadata or domain evidence identifies a member of a dimension. Primary targeted reclaim label.,targeted_reclaim,frequent_value_metadata_value
term_253ee7f6fe3e3383918c,Full-time,full-time,train_dev,metadata_value|occ_21_plus|tables_6_20|no_title|no_header|value|single_role,12,1639,"{""metadata_value"": 1639}","{""has_header_evidence"": false, ""has_metadata_value_evidence"": true, ""has_title_evidence"": false, ""metadata_columns"": [""Working time""], ""occurrence_count"": 1639, ""table_count"": 12}",dimension_value,codex_domain_inferred_primary,Domain-inferred audit: metadata or domain evidence identifies a member of a dimension. Primary targeted reclaim label.,targeted_reclaim,frequent_value_metadata_value
term_2a855b05c201af7e71a6,Consolidated,consolidated,train_dev,metadata_value|occ_21_plus|tables_6_20|no_title|no_header|value|single_role,14,999,"{""metadata_value"": 999}","{""has_header_evidence"": false, ""has_metadata_value_evidence"": true, ""has_title_evidence"": false, ""metadata_columns"": [""Consolidated/Non consolidated""], ""occurrence_count"": 999, ""table_count"": 14}",dimension_value,codex_domain_inferred_primary,Domain-inferred audit: metadata or domain evidence identifies a member of a dimension. Primary targeted reclaim label.,targeted_reclaim,frequent_value_metadata_value
term_2ab29f48215f9dc160ef,Lianokladion - Stylida,lianokladion - stylida,train_dev,metadata_value|occ_2_5|tables_1|no_title|no_header|value|single_role,1,2,"{""metadata_value"": 2}","{""has_header_evidence"": false, ""has_metadata_value_evidence"": true, ""has_title_evidence"": false, ""metadata_columns"": [""Rail network segment (2005)""], ""occurrence_count"": 2, ""table_count"": 1}",dimension_value,codex_domain_inferred_primary,Domain-inferred audit: metadata or domain evidence identifies a member of a dimension. Primary targeted reclaim label.,targeted_reclaim,frequent_value_metadata_value
term_2dcdde5974034c6103aa,Goods trains,goods trains,train_dev,metadata_value|occ_21_plus|tables_21_plus|no_title|no_header|value|single_role,78,6675,"{""metadata_value"": 6675}","{""has_header_evidence"": false, ""has_metadata_value_evidence"": true, ""has_title_evidence"": false, ""metadata_columns"": [""Train category"", ""Train category\\Time""], ""occurrence_count"": 6675, ""table_count"": 78}",dimension_value,codex_domain_inferred_primary,Domain-inferred audit: metadata or domain evidence identifies a member of a dimension. Primary targeted reclaim label.,targeted_reclaim,frequent_value_metadata_value
term_2e96b6ac4cca034e008f,Villach Süd Gvbf Auen - Rosenbach,villach süd gvbf auen - rosenbach,train_dev,metadata_value|occ_2_5|tables_1|no_title|no_header|value|single_role,1,3,"{""metadata_value"": 3}","{""has_header_evidence"": false, ""has_metadata_value_evidence"": true, ""has_title_evidence"": false, ""metadata_columns"": [""Rail network segment (2010)""], ""occurrence_count"": 3, ""table_count"": 1}",dimension_value,codex_domain_inferred_primary,Domain-inferred audit: metadata or domain evidence identifies a member of a dimension. Primary targeted reclaim label.,targeted_reclaim,frequent_value_metadata_value
term_369b61a221a585bf1384,Namur - Schaerbeek,namur - schaerbeek,train_dev,metadata_value|occ_6_20|tables_2_5|no_title|no_header|value|single_role,3,6,"{""metadata_value"": 6}","{""has_header_evidence"": false, ""has_metadata_value_evidence"": true, ""has_title_evidence"": false, ""metadata_columns"": [""Rail network Segment (2015)"", ""Rail network segment (2005)"", ""Rail network segment (2010)""], ""occurrence_count"": 6, ""table_count"": 3}",dimension_value,codex_domain_inferred_primary,Domain-inferred audit: metadata or domain evidence identifies a member of a dimension. Primary targeted reclaim label.,targeted_reclaim,frequent_value_metadata_value
term_3c86c36dbb453f949181,Reporting country,reporting country,train_dev,metadata_value|occ_21_plus|tables_6_20|no_title|no_header|value|single_role,20,950,"{""metadata_value"": 950}","{""has_header_evidence"": false, ""has_metadata_value_evidence"": true, ""has_title_evidence"": false, ""metadata_columns"": [""Country of citizenship"", ""Country of residence"", ""Country/region of birth""], ""occurrence_count"": 950, ""table_count"": 20}",dimension_value,codex_domain_inferred_primary,Domain-inferred audit: metadata or domain evidence identifies a member of a dimension. Primary targeted reclaim label.,targeted_reclaim,frequent_value_metadata_value
term_473f3b8b8d1a78cd039f,Severe,severe,train_dev,metadata_value|occ_21_plus|tables_6_20|no_title|no_header|value|single_role,10,831,"{""metadata_value"": 831}","{""has_header_evidence"": false, ""has_metadata_value_evidence"": true, ""has_title_evidence"": false, ""metadata_columns"": [""Level"", ""Level of activity limitation"", ""Level of difficulty""], ""occurrence_count"": 831, ""table_count"": 10}",dimension_value,codex_domain_inferred_primary,Domain-inferred audit: metadata or domain evidence identifies a member of a dimension. Primary targeted reclaim label.,targeted_reclaim,frequent_value_metadata_value
term_475b92a9509fa6d051b6,Foreign country,foreign country,train_dev,metadata_value|occ_21_plus|tables_6_20|no_title|no_header|value|single_role,14,737,"{""metadata_value"": 737}","{""has_header_evidence"": false, ""has_metadata_value_evidence"": true, ""has_title_evidence"": false, ""metadata_columns"": [""Country of citizenship"", ""Country of residence"", ""Country/region of birth""], ""occurrence_count"": 737, ""table_count"": 14}",dimension_value,codex_domain_inferred_primary,Domain-inferred audit: metadata or domain evidence identifies a member of a dimension. Primary targeted reclaim label.,targeted_reclaim,frequent_value_metadata_value
term_4790bfe0528cd484d255,Loaded,loaded,train_dev,metadata_value|occ_21_plus|tables_1|no_title|no_header|value|single_role,1,46,"{""metadata_value"": 46}","{""has_header_evidence"": false, ""has_metadata_value_evidence"": true, ""has_title_evidence"": false, ""metadata_columns"": [""Loading status""], ""occurrence_count"": 46, ""table_count"": 1}",dimension_value,codex_domain_inferred_primary,Domain-inferred audit: metadata or domain evidence identifies a member of a dimension. Primary targeted reclaim label.,targeted_reclaim,frequent_value_metadata_value
term_4d1503fe5b3777ddb2ec,Târgu Jiu - Filiasi,târgu jiu - filiasi,train_dev,metadata_value|occ_2_5|tables_2_5|no_title|no_header|value|single_role,2,4,"{""metadata_value"": 4}","{""has_header_evidence"": false, ""has_metadata_value_evidence"": true, ""has_title_evidence"": false, ""metadata_columns"": [""Rail network Segment (2015)"", ""Rail network segment (2010)""], ""occurrence_count"": 4, ""table_count"": 2}",dimension_value,codex_domain_inferred_primary,Domain-inferred audit: metadata or domain evidence identifies a member of a dimension. Primary targeted reclaim label.,targeted_reclaim,frequent_value_metadata_value
term_58b596de2b812725ce6e,No,no,train_dev,metadata_value|occ_21_plus|tables_6_20|no_title|no_header|value|single_role,10,1392,"{""metadata_value"": 1392}","{""has_header_evidence"": false, ""has_metadata_value_evidence"": true, ""has_title_evidence"": false, ""metadata_columns"": [""Modalities of the variable for the ad-hoc module"", ""Survey answer - Yes/No"", ""partner""], ""occurrence_count"": 1392, ""table_count"": 10}",dimension_value,codex_domain_inferred_primary,Domain-inferred audit: metadata or domain evidence identifies a member of a dimension. Primary targeted reclaim label.,targeted_reclaim,frequent_value_metadata_value
term_5c40a785c08fc982e3af,Real value,real value,train_dev,metadata_value|occ_21_plus|tables_1|no_title|no_header|value|single_role,1,62,"{""metadata_value"": 62}","{""has_header_evidence"": false, ""has_metadata_value_evidence"": true, ""has_title_evidence"": false, ""metadata_columns"": [""Price adjustment""], ""occurrence_count"": 62, ""table_count"": 1}",dimension_value,codex_domain_inferred_primary,Domain-inferred audit: metadata or domain evidence identifies a member of a dimension. Primary targeted reclaim label.,targeted_reclaim,frequent_value_metadata_value
term_66914dc872cc0232babd,Domestic country,domestic country,train_dev,metadata_value|occ_21_plus|tables_2_5|no_title|no_header|value|single_role,4,158,"{""metadata_value"": 158}","{""has_header_evidence"": false, ""has_metadata_value_evidence"": true, ""has_title_evidence"": false, ""metadata_columns"": [""Country of residence""], ""occurrence_count"": 158, ""table_count"": 4}",dimension_value,codex_domain_inferred_primary,Domain-inferred audit: metadata or domain evidence identifies a member of a dimension. Primary targeted reclaim label.,targeted_reclaim,frequent_value_metadata_value
term_685c0ab5ad75a1ca7e6f,Jurbise - Denderleeuw,jurbise - denderleeuw,train_dev,metadata_value|occ_6_20|tables_2_5|no_title|no_header|value|single_role,3,6,"{""metadata_value"": 6}","{""has_header_evidence"": false, ""has_metadata_value_evidence"": true, ""has_title_evidence"": false, ""metadata_columns"": [""Rail network Segment (2015)"", ""Rail network segment (2005)"", ""Rail network segment (2010)""], ""occurrence_count"": 6, ""table_count"": 3}",dimension_value,codex_domain_inferred_primary,Domain-inferred audit: metadata or domain evidence identifies a member of a dimension. Primary targeted reclaim label.,targeted_reclaim,frequent_value_metadata_value
term_70d1802848d22a2bf736,Real estate; other service activities,real estate; other service activities,train_dev,metadata_value|occ_21_plus|tables_6_20|no_title|no_header|value|single_role,7,240,"{""metadata_value"": 240}","{""has_header_evidence"": false, ""has_metadata_value_evidence"": true, ""has_title_evidence"": false, ""metadata_columns"": [""Statistical classification of economic activities in the European Community (NACE Rev. 1.1)""], ""occurrence_count"": 240, ""table_count"": 7}",dimension_value,codex_domain_inferred_primary,Domain-inferred audit: metadata or domain evidence identifies a member of a dimension. Primary targeted reclaim label.,targeted_reclaim,frequent_value_metadata_value
term_721215470a358613ddec,Other,other,train_dev,metadata_value|occ_21_plus|tables_6_20|no_title|no_header|value|single_role,15,1078,"{""metadata_value"": 1078}","{""has_header_evidence"": false, ""has_metadata_value_evidence"": true, ""has_title_evidence"": false, ""metadata_columns"": [""Customer"", ""Mode of transport"", ""Motor energy"", ""Nature of the trademark"", ""Tenure status"", ""Type of assistance provided/needed for disabled persons to work"", ""Type of consignment"", ""Type of household"", ""Type of task or service"", ""diagnose""], ""occurrence_count"": 1078, ""table_count"": 15}",dimension_value,codex_domain_inferred_primary,Domain-inferred audit: metadata or domain evidence identifies a member of a dimension. Primary targeted reclaim label.,targeted_reclaim,frequent_value_metadata_value
term_825ed1579218c8cd0795,Some or severe,some or severe,train_dev,metadata_value|occ_21_plus|tables_6_20|no_title|no_header|value|single_role,11,975,"{""metadata_value"": 975}","{""has_header_evidence"": false, ""has_metadata_value_evidence"": true, ""has_title_evidence"": false, ""metadata_columns"": [""Level of activity limitation""], ""occurrence_count"": 975, ""table_count"": 11}",dimension_value,codex_domain_inferred_primary,Domain-inferred audit: metadata or domain evidence identifies a member of a dimension. Primary targeted reclaim label.,targeted_reclaim,frequent_value_metadata_value
term_83abc6377b96dd5bf30c,Auvelais - Fleurus,auvelais - fleurus,train_dev,metadata_value|occ_6_20|tables_2_5|no_title|no_header|value|single_role,3,6,"{""metadata_value"": 6}","{""has_header_evidence"": false, ""has_metadata_value_evidence"": true, ""has_title_evidence"": false, ""metadata_columns"": [""Rail network Segment (2015)"", ""Rail network segment (2005)"", ""Rail network segment (2010)""], ""occurrence_count"": 6, ""table_count"": 3}",dimension_value,codex_domain_inferred_primary,Domain-inferred audit: metadata or domain evidence identifies a member of a dimension. Primary targeted reclaim label.,targeted_reclaim,frequent_value_metadata_value
term_862fe3abf5296cb908f8,General government,general government,train_dev,metadata_value|occ_21_plus|tables_6_20|no_title|no_header|value|single_role,13,716,"{""metadata_value"": 716}","{""has_header_evidence"": false, ""has_metadata_value_evidence"": true, ""has_title_evidence"": false, ""metadata_columns"": [""Sector""], ""occurrence_count"": 716, ""table_count"": 13}",dimension_value,codex_domain_inferred_primary,Domain-inferred audit: metadata or domain evidence identifies a member of a dimension. Primary targeted reclaim label.,targeted_reclaim,frequent_value_metadata_value
term_86d9bbaa8c4901b72b90,"Mining, quarrying, refinery, fuels, chemicals, electricity, water, waste treatment - services - intermediate consumption","mining, quarrying, refinery, fuels, chemicals, electricity, water, waste treatment - services - intermediate consumption",train_dev,metadata_value|occ_2_5|tables_1|no_title|no_header|value|single_role,1,2,"{""metadata_value"": 2}","{""has_header_evidence"": false, ""has_metadata_value_evidence"": true, ""has_title_evidence"": false, ""metadata_columns"": [""Broad economic categories (BEC Rev.5)""], ""occurrence_count"": 2, ""table_count"": 1}",dimension_value,codex_domain_inferred_primary,Domain-inferred audit: metadata or domain evidence identifies a member of a dimension. Primary targeted reclaim label.,targeted_reclaim,frequent_value_metadata_value
term_8df4cc1df4122a84a5aa,"Seasonally adjusted data, not calendar adjusted data","seasonally adjusted data, not calendar adjusted data",train_dev,metadata_value|occ_21_plus|tables_6_20|no_title|no_header|value|single_role,12,1020,"{""metadata_value"": 1020}","{""has_header_evidence"": false, ""has_metadata_value_evidence"": true, ""has_title_evidence"": false, ""metadata_columns"": [""Seasonal adjustment""], ""occurrence_count"": 1020, ""table_count"": 12}",dimension_value,codex_domain_inferred_primary,Domain-inferred audit: metadata or domain evidence identifies a member of a dimension. Primary targeted reclaim label.,targeted_reclaim,frequent_value_metadata_value
term_8e97a61c1a458c510742,POINTE-A-PITRE/LE RAIZET/GUADELOUPE airport,pointe-a-pitre/le raizet/guadeloupe airport,train_dev,metadata_value|occ_2_5|tables_1|no_title|no_header|value|single_role,1,3,"{""metadata_value"": 3}","{""has_header_evidence"": false, ""has_metadata_value_evidence"": true, ""has_title_evidence"": false, ""metadata_columns"": [""Reporting airport""], ""occurrence_count"": 3, ""table_count"": 1}",dimension_value,codex_domain_inferred_primary,Domain-inferred audit: metadata or domain evidence identifies a member of a dimension. Primary targeted reclaim label.,targeted_reclaim,frequent_value_metadata_value
term_925f3b631dd89e45f6ac,Balance,balance,train_dev,metadata_value|occ_21_plus|tables_6_20|no_title|no_header|value|single_role,16,749,"{""metadata_value"": 749}","{""has_header_evidence"": false, ""has_metadata_value_evidence"": true, ""has_title_evidence"": false, ""metadata_columns"": [""Stock or flow"", ""Unit of measure""], ""occurrence_count"": 749, ""table_count"": 16}",dimension_value,codex_domain_inferred_primary,Domain-inferred audit: metadata or domain evidence identifies a member of a dimension. Primary targeted reclaim label.,targeted_reclaim,frequent_value_metadata_value
term_92bd256d3114f7c17b20,"Value added, gross","value added, gross",train_dev,metadata_value|occ_21_plus|tables_21_plus|no_title|no_header|value|single_role,28,2434,"{""metadata_value"": 2434}","{""has_header_evidence"": false, ""has_metadata_value_evidence"": true, ""has_title_evidence"": false, ""metadata_columns"": [""National accounts indicator (ESA 2010)""], ""occurrence_count"": 2434, ""table_count"": 28}",dimension_value,codex_domain_inferred_primary,Domain-inferred audit: metadata or domain evidence identifies a member of a dimension. Primary targeted reclaim label.,targeted_reclaim,frequent_value_metadata_value
term_97a944a5d23290a770f7,Industry (except construction),industry (except construction),train_dev,metadata_value|occ_21_plus|tables_21_plus|no_title|no_header|value|single_role,21,835,"{""metadata_value"": 835}","{""has_header_evidence"": false, ""has_metadata_value_evidence"": true, ""has_title_evidence"": false, ""metadata_columns"": [""Statistical classification of economic activities in the European Community (NACE Rev. 1.1)"", ""Statistical classification of economic activities in the European Community (NACE Rev. 2)""], ""occurrence_count"": 835, ""table_count"": 21}",dimension_value,codex_domain_inferred_primary,Domain-inferred audit: metadata or domain evidence identifies a member of a dimension. Primary targeted reclaim label.,targeted_reclaim,frequent_value_metadata_value
term_9859351b1b5a188d04b3,Gorna Oryahovitza - Kaspichan,gorna oryahovitza - kaspichan,train_dev,metadata_value|occ_6_20|tables_2_5|no_title|no_header|value|single_role,3,8,"{""metadata_value"": 8}","{""has_header_evidence"": false, ""has_metadata_value_evidence"": true, ""has_title_evidence"": false, ""metadata_columns"": [""Rail network Segment (2015)"", ""Rail network segment (2010)"", ""Rail network segment (2020)""], ""occurrence_count"": 8, ""table_count"": 3}",dimension_value,codex_domain_inferred_primary,Domain-inferred audit: metadata or domain evidence identifies a member of a dimension. Primary targeted reclaim label.,targeted_reclaim,frequent_value_metadata_value
term_a0112e4a9ed706aed945,Burgstaaken/Fehmarn,burgstaaken/fehmarn,train_dev,metadata_value|occ_6_20|tables_1|no_title|no_header|value|single_role,1,6,"{""metadata_value"": 6}","{""has_header_evidence"": false, ""has_metadata_value_evidence"": true, ""has_title_evidence"": false, ""metadata_columns"": [""Maritime entity (reporting)\\Time""], ""occurrence_count"": 6, ""table_count"": 1}",dimension_value,codex_domain_inferred_primary,Domain-inferred audit: metadata or domain evidence identifies a member of a dimension. Primary targeted reclaim label.,targeted_reclaim,frequent_value_metadata_value
term_a44c1a824ea449a8ec38,Average,average,train_dev,metadata_value|occ_21_plus|tables_21_plus|no_title|no_header|value|single_role,21,1770,"{""metadata_value"": 1770}","{""has_header_evidence"": false, ""has_metadata_value_evidence"": true, ""has_title_evidence"": false, ""metadata_columns"": [""Statistical information"", ""Unit of measure""], ""occurrence_count"": 1770, ""table_count"": 21}",dimension_value,codex_domain_inferred_primary,Domain-inferred audit: metadata or domain evidence identifies a member of a dimension. Primary targeted reclaim label.,targeted_reclaim,frequent_value_metadata_value
term_ab261f4039c0f52a9da5,Mediterranean Sea,mediterranean sea,train_dev,metadata_value|occ_21_plus|tables_2_5|no_title|no_header|value|single_role,3,66,"{""metadata_value"": 66}","{""has_header_evidence"": false, ""has_metadata_value_evidence"": true, ""has_title_evidence"": false, ""metadata_columns"": [""Sea basins"", ""Sea basins\\Time""], ""occurrence_count"": 66, ""table_count"": 3}",dimension_value,codex_domain_inferred_primary,Domain-inferred audit: metadata or domain evidence identifies a member of a dimension. Primary targeted reclaim label.,targeted_reclaim,frequent_value_metadata_value
term_aed587322738657fbb20,MIO_EUR,mio_eur,train_dev,metadata_value|occ_21_plus|tables_6_20|no_title|no_header|value|single_role,12,1576,"{""metadata_value"": 1576}","{""has_header_evidence"": false, ""has_metadata_value_evidence"": true, ""has_title_evidence"": false, ""metadata_columns"": [""unit""], ""occurrence_count"": 1576, ""table_count"": 12}",unit,codex_domain_inferred_primary,"Domain-inferred audit: source evidence identifies a measurement unit, scale, rate, or unit code. Primary targeted reclaim label.",targeted_reclaim,frequent_value_metadata_value
term_b71d7db386cff01baa54,BOLOGNA/BORGO PANIGALE airport,bologna/borgo panigale airport,train_dev,metadata_value|occ_1|tables_1|no_title|no_header|value|single_role,1,1,"{""metadata_value"": 1}","{""has_header_evidence"": false, ""has_metadata_value_evidence"": true, ""has_title_evidence"": false, ""metadata_columns"": [""Reporting airport""], ""occurrence_count"": 1, ""table_count"": 1}",dimension_value,codex_domain_inferred_primary,Domain-inferred audit: metadata or domain evidence identifies a member of a dimension. Primary targeted reclaim label.,targeted_reclaim,frequent_value_metadata_value
term_baa0546a633ef73963b5,Linha De Cintura(Alcântara-Mar->Braço De Prata),linha de cintura(alcântara-mar->braço de prata),train_dev,metadata_value|occ_2_5|tables_1|no_title|no_header|value|single_role,1,3,"{""metadata_value"": 3}","{""has_header_evidence"": false, ""has_metadata_value_evidence"": true, ""has_title_evidence"": false, ""metadata_columns"": [""Rail network segment (2010)""], ""occurrence_count"": 3, ""table_count"": 1}",dimension_value,codex_domain_inferred_primary,Domain-inferred audit: metadata or domain evidence identifies a member of a dimension. Primary targeted reclaim label.,targeted_reclaim,frequent_value_metadata_value
term_c2e3b4f62c5b1c52b5a6,Mulhouse,mulhouse,train_dev,metadata_value|occ_6_20|tables_6_20|no_title|no_header|value|single_role,6,6,"{""metadata_value"": 6}","{""has_header_evidence"": false, ""has_metadata_value_evidence"": true, ""has_title_evidence"": false, ""metadata_columns"": [""Metropolitan regions\\Time""], ""occurrence_count"": 6, ""table_count"": 6}",dimension_value,codex_domain_inferred_primary,Domain-inferred audit: metadata or domain evidence identifies a member of a dimension. Primary targeted reclaim label.,targeted_reclaim,frequent_value_metadata_value
term_c9fef0586810de3ebc33,Karlovac - O¿tarije,karlovac - o¿tarije,train_dev,metadata_value|occ_2_5|tables_1|no_title|no_header|value|single_role,1,2,"{""metadata_value"": 2}","{""has_header_evidence"": false, ""has_metadata_value_evidence"": true, ""has_title_evidence"": false, ""metadata_columns"": [""Rail network Segment (2015)""], ""occurrence_count"": 2, ""table_count"": 1}",dimension_value,codex_domain_inferred_primary,Domain-inferred audit: metadata or domain evidence identifies a member of a dimension. Primary targeted reclaim label.,targeted_reclaim,frequent_value_metadata_value
term_d404b158f77c83146ac4,Liabilities,liabilities,train_dev,metadata_value|occ_21_plus|tables_21_plus|no_title|no_header|value|single_role,27,1873,"{""metadata_value"": 1873}","{""has_header_evidence"": false, ""has_metadata_value_evidence"": true, ""has_title_evidence"": false, ""metadata_columns"": [""Financial position"", ""Stock or flow""], ""occurrence_count"": 1873, ""table_count"": 27}",dimension_value,codex_domain_inferred_primary,Domain-inferred audit: metadata or domain evidence identifies a member of a dimension. Primary targeted reclaim label.,targeted_reclaim,frequent_value_metadata_value
term_d95defdfeaa9905a2956,Afyon - Horozluhan,afyon - horozluhan,train_dev,metadata_value|occ_6_20|tables_2_5|no_title|no_header|value|single_role,4,12,"{""metadata_value"": 12}","{""has_header_evidence"": false, ""has_metadata_value_evidence"": true, ""has_title_evidence"": false, ""metadata_columns"": [""Rail network Segment (2015)"", ""Rail network segment (2005)"", ""Rail network segment (2010)"", ""Rail network segment (2020)""], ""occurrence_count"": 12, ""table_count"": 4}",dimension_value,codex_domain_inferred_primary,Domain-inferred audit: metadata or domain evidence identifies a member of a dimension. Primary targeted reclaim label.,targeted_reclaim,frequent_value_metadata_value
term_dcaa74fc34960763980b,Purchasing power standard (PPS),purchasing power standard (pps),train_dev,metadata_value|occ_21_plus|tables_6_20|no_title|no_header|value|single_role,6,876,"{""metadata_value"": 876}","{""has_header_evidence"": false, ""has_metadata_value_evidence"": true, ""has_title_evidence"": false, ""metadata_columns"": [""Unit of measure""], ""occurrence_count"": 876, ""table_count"": 6}",unit,codex_domain_inferred_primary,"Domain-inferred audit: source evidence identifies a measurement unit, scale, rate, or unit code. Primary targeted reclaim label.",targeted_reclaim,frequent_value_metadata_value
term_e06e6089179ce3b6e978,Production (volume),production (volume),train_dev,metadata_value|occ_21_plus|tables_6_20|no_title|no_header|value|single_role,9,896,"{""metadata_value"": 896}","{""has_header_evidence"": false, ""has_metadata_value_evidence"": true, ""has_title_evidence"": false, ""metadata_columns"": [""Business trend indicator""], ""occurrence_count"": 896, ""table_count"": 9}",dimension_value,codex_domain_inferred_primary,Domain-inferred audit: metadata or domain evidence identifies a member of a dimension. Primary targeted reclaim label.,targeted_reclaim,frequent_value_metadata_value
term_e47ff7e1d39c637a9458,Median equivalised income,median equivalised income,train_dev,metadata_value|occ_21_plus|tables_6_20|no_title|no_header|value|single_role,9,1191,"{""metadata_value"": 1191}","{""has_header_evidence"": false, ""has_metadata_value_evidence"": true, ""has_title_evidence"": false, ""metadata_columns"": [""Statistical information""], ""occurrence_count"": 1191, ""table_count"": 9}",dimension_value,codex_domain_inferred_primary,Domain-inferred audit: metadata or domain evidence identifies a member of a dimension. Primary targeted reclaim label.,targeted_reclaim,frequent_value_metadata_value
term_e79fd8cbd617494da02d,Lisboa Santa Apolónia - Porto Campanhã,lisboa santa apolónia - porto campanhã,train_dev,metadata_value|occ_6_20|tables_2_5|no_title|no_header|value|single_role,2,6,"{""metadata_value"": 6}","{""has_header_evidence"": false, ""has_metadata_value_evidence"": true, ""has_title_evidence"": false, ""metadata_columns"": [""Rail network Segment (2015)"", ""Rail network segment (2020)""], ""occurrence_count"": 6, ""table_count"": 2}",dimension_value,codex_domain_inferred_primary,Domain-inferred audit: metadata or domain evidence identifies a member of a dimension. Primary targeted reclaim label.,targeted_reclaim,frequent_value_metadata_value
term_e853724e1b544ddaece4,Attnang Puchheim - Steindorf B.Straßwalchen,attnang puchheim - steindorf b.strasswalchen,train_dev,metadata_value|occ_2_5|tables_2_5|no_title|no_header|value|single_role,2,5,"{""metadata_value"": 5}","{""has_header_evidence"": false, ""has_metadata_value_evidence"": true, ""has_title_evidence"": false, ""metadata_columns"": [""Rail network segment (2005)"", ""Rail network segment (2010)""], ""occurrence_count"": 5, ""table_count"": 2}",dimension_value,codex_domain_inferred_primary,Domain-inferred audit: metadata or domain evidence identifies a member of a dimension. Primary targeted reclaim label.,targeted_reclaim,frequent_value_metadata_value
term_ee682942bb05f46cb801,Megawatt,megawatt,train_dev,metadata_value|occ_21_plus|tables_1|no_title|no_header|value|single_role,1,71,"{""metadata_value"": 71}","{""has_header_evidence"": false, ""has_metadata_value_evidence"": true, ""has_title_evidence"": false, ""metadata_columns"": [""Unit of measure""], ""occurrence_count"": 71, ""table_count"": 1}",unit,codex_domain_inferred_primary,"Domain-inferred audit: source evidence identifies a measurement unit, scale, rate, or unit code. Primary targeted reclaim label.",targeted_reclaim,frequent_value_metadata_value
term_f1bd48f4b66dd6232d69,Cities,cities,train_dev,metadata_value|occ_21_plus|tables_21_plus|no_title|no_header|value|single_role,27,1330,"{""metadata_value"": 1330}","{""has_header_evidence"": false, ""has_metadata_value_evidence"": true, ""has_title_evidence"": false, ""metadata_columns"": [""Degree of urbanisation""], ""occurrence_count"": 1330, ""table_count"": 27}",dimension_value,codex_domain_inferred_primary,Domain-inferred audit: metadata or domain evidence identifies a member of a dimension. Primary targeted reclaim label.,targeted_reclaim,frequent_value_metadata_value
term_f6906b4fabfb09a800bb,MILANO/LINATE airport,milano/linate airport,train_dev,metadata_value|occ_1|tables_1|no_title|no_header|value|single_role,1,1,"{""metadata_value"": 1}","{""has_header_evidence"": false, ""has_metadata_value_evidence"": true, ""has_title_evidence"": false, ""metadata_columns"": [""Reporting airport""], ""occurrence_count"": 1, ""table_count"": 1}",dimension_value,codex_domain_inferred_primary,Domain-inferred audit: metadata or domain evidence identifies a member of a dimension. Primary targeted reclaim label.,targeted_reclaim,frequent_value_metadata_value
term_f7b2ab48783885f10a03,"Covered by platform, app or another source","covered by platform, app or another source",train_dev,metadata_value|occ_6_20|tables_1|no_title|no_header|value|single_role,1,18,"{""metadata_value"": 18}","{""has_header_evidence"": false, ""has_metadata_value_evidence"": true, ""has_title_evidence"": false, ""metadata_columns"": [""Social insurance coverage""], ""occurrence_count"": 18, ""table_count"": 1}",dimension_value,codex_domain_inferred_primary,Domain-inferred audit: metadata or domain evidence identifies a member of a dimension. Primary targeted reclaim label.,targeted_reclaim,frequent_value_metadata_value
term_f7cfdbaae2faf3c2ab6b,All individuals,all individuals,train_dev,metadata_value|occ_21_plus|tables_6_20|no_title|no_header|value|single_role,16,781,"{""metadata_value"": 781}","{""has_header_evidence"": false, ""has_metadata_value_evidence"": true, ""has_title_evidence"": false, ""metadata_columns"": [""Individual type""], ""occurrence_count"": 781, ""table_count"": 16}",dimension_value,codex_domain_inferred_primary,Domain-inferred audit: metadata or domain evidence identifies a member of a dimension. Primary targeted reclaim label.,targeted_reclaim,frequent_value_metadata_value
term_f9f9a4455361fec2905d,National currency,national currency,train_dev,metadata_value|occ_21_plus|tables_6_20|no_title|no_header|value|single_role,16,1330,"{""metadata_value"": 1330}","{""has_header_evidence"": false, ""has_metadata_value_evidence"": true, ""has_title_evidence"": false, ""metadata_columns"": [""Currency"", ""Unit of measure""], ""occurrence_count"": 1330, ""table_count"": 16}",unit,codex_domain_inferred_primary,"Domain-inferred audit: source evidence identifies a measurement unit, scale, rate, or unit code. Primary targeted reclaim label.",targeted_reclaim,frequent_value_metadata_value
term_ff0c6a86a1e67bd1bdb8,Median,median,train_dev,metadata_value|occ_21_plus|tables_6_20|no_title|no_header|value|single_role,9,758,"{""metadata_value"": 758}","{""has_header_evidence"": false, ""has_metadata_value_evidence"": true, ""has_title_evidence"": false, ""metadata_columns"": [""Quantile"", ""Statistical information""], ""occurrence_count"": 758, ""table_count"": 9}",dimension_value,codex_domain_inferred_primary,Domain-inferred audit: metadata or domain evidence identifies a member of a dimension. Primary targeted reclaim label.,targeted_reclaim,frequent_value_metadata_value
term_ff84df9aa3c8caaec532,Yenikent - Sincan,yenikent - sincan,train_dev,metadata_value|occ_6_20|tables_2_5|no_title|no_header|value|single_role,2,6,"{""metadata_value"": 6}","{""has_header_evidence"": false, ""has_metadata_value_evidence"": true, ""has_title_evidence"": false, ""metadata_columns"": [""Rail network segment (2005)"", ""Rail network segment (2010)""], ""occurrence_count"": 6, ""table_count"": 2}",dimension_value,codex_domain_inferred_primary,Domain-inferred audit: metadata or domain evidence identifies a member of a dimension. Primary targeted reclaim label.,targeted_reclaim,frequent_value_metadata_value
term_0bba1af7f554ad08c214,US,us,train_dev,metadata_value|occ_21_plus|tables_2_5|no_title|no_header|value|single_role,2,113,"{""metadata_value"": 113}","{""has_header_evidence"": false, ""has_metadata_value_evidence"": true, ""has_title_evidence"": false, ""metadata_columns"": [""partner""], ""occurrence_count"": 113, ""table_count"": 2}",dimension_value,codex_domain_inferred_primary,Domain-inferred audit: metadata or domain evidence identifies a member of a dimension. Primary targeted reclaim label.,targeted_reclaim,short_code_conflict_noise
term_0f8050d47ee2761fdcd3,TLW,tlw,train_dev,metadata_value|occ_21_plus|tables_2_5|no_title|no_header|value|single_role,4,333,"{""metadata_value"": 333}","{""has_header_evidence"": false, ""has_metadata_value_evidence"": true, ""has_title_evidence"": false, ""metadata_columns"": [""unit""], ""occurrence_count"": 333, ""table_count"": 4}",unit,codex_domain_inferred_primary,"Domain-inferred audit: source evidence identifies a measurement unit, scale, rate, or unit code. Primary targeted reclaim label.",targeted_reclaim,short_code_conflict_noise
term_1d08e310f48985da1a0d,"food, drinks and tobacco","food, drinks and tobacco",train_dev,metadata_value+title_clause|occ_21_plus|tables_2_5|title|no_header|value|conflict,4,24,"{""metadata_value"": 22, ""title_clause"": 2}","{""has_header_evidence"": false, ""has_metadata_value_evidence"": true, ""has_title_evidence"": true, ""metadata_columns"": [""Standard International Trade Classification (SITC Rev. 4, 2006)""], ""occurrence_count"": 24, ""table_count"": 4}",other_ambiguous,codex_domain_inferred_primary,Domain-inferred audit: conflicting or fragmentary source evidence is unsafe to assign. Primary targeted reclaim label.,targeted_reclaim,short_code_conflict_noise
term_29c95d6e3e254ddac2d1,V11411,v11411,train_dev,metadata_value|occ_21_plus|tables_1|no_title|no_header|value|single_role,1,375,"{""metadata_value"": 375}","{""has_header_evidence"": false, ""has_metadata_value_evidence"": true, ""has_title_evidence"": false, ""metadata_columns"": [""indic_sb""], ""occurrence_count"": 375, ""table_count"": 1}",other_ambiguous,codex_domain_inferred_primary,"Domain-inferred audit: fragmentary, broad, or opaque evidence is unsafe to assign. Primary targeted reclaim label.",targeted_reclaim,short_code_conflict_noise
term_37a75ea8bb8bf50f4b09,SE,se,train_dev,metadata_value|occ_6_20|tables_1|no_title|no_header|value|single_role,1,6,"{""metadata_value"": 6}","{""has_header_evidence"": false, ""has_metadata_value_evidence"": true, ""has_title_evidence"": false, ""metadata_columns"": [""partner""], ""occurrence_count"": 6, ""table_count"": 1}",dimension_value,codex_domain_inferred_primary,Domain-inferred audit: metadata or domain evidence identifies a member of a dimension. Primary targeted reclaim label.,targeted_reclaim,short_code_conflict_noise
term_38adfd58e53a374897f4,NRP,nrp,train_dev,metadata_value|occ_21_plus|tables_1|no_title|no_header|value|single_role,1,25,"{""metadata_value"": 25}","{""has_header_evidence"": false, ""has_metadata_value_evidence"": true, ""has_title_evidence"": false, ""metadata_columns"": [""n_action""], ""occurrence_count"": 25, ""table_count"": 1}",other_ambiguous,codex_domain_inferred_primary,"Domain-inferred audit: fragmentary, broad, or opaque evidence is unsafe to assign. Primary targeted reclaim label.",targeted_reclaim,short_code_conflict_noise
term_4c4623595d8e7077bed3,I,i,train_dev,metadata_value|occ_21_plus|tables_2_5|no_title|no_header|value|single_role,2,41,"{""metadata_value"": 41}","{""has_header_evidence"": false, ""has_metadata_value_evidence"": true, ""has_title_evidence"": false, ""metadata_columns"": [""nace_r1""], ""occurrence_count"": 41, ""table_count"": 2}",other_ambiguous,codex_domain_inferred_primary,"Domain-inferred audit: fragmentary, broad, or opaque evidence is unsafe to assign. Primary targeted reclaim label.",targeted_reclaim,short_code_conflict_noise
term_5256a210da30b04efe43,PC,pc,train_dev,metadata_value|occ_21_plus|tables_6_20|no_title|no_header|value|single_role,10,1884,"{""metadata_value"": 1884}","{""has_header_evidence"": false, ""has_metadata_value_evidence"": true, ""has_title_evidence"": false, ""metadata_columns"": [""unit""], ""occurrence_count"": 1884, ""table_count"": 10}",unit,codex_domain_inferred_primary,"Domain-inferred audit: source evidence identifies a measurement unit, scale, rate, or unit code. Primary targeted reclaim label.",targeted_reclaim,short_code_conflict_noise
term_52ae6790dabeb9085420,J6512,j6512,train_dev,metadata_value|occ_21_plus|tables_6_20|no_title|no_header|value|single_role,8,668,"{""metadata_value"": 668}","{""has_header_evidence"": false, ""has_metadata_value_evidence"": true, ""has_title_evidence"": false, ""metadata_columns"": [""nace_r1""], ""occurrence_count"": 668, ""table_count"": 8}",dimension_value,codex_domain_inferred_primary,Domain-inferred audit: metadata or domain evidence identifies a member of a dimension. Primary targeted reclaim label.,targeted_reclaim,short_code_conflict_noise
term_5fc05b89b38b4a558c28,V44130,v44130,train_dev,metadata_value|occ_21_plus|tables_2_5|no_title|no_header|value|single_role,2,399,"{""metadata_value"": 399}","{""has_header_evidence"": false, ""has_metadata_value_evidence"": true, ""has_title_evidence"": false, ""metadata_columns"": [""indic_sb""], ""occurrence_count"": 399, ""table_count"": 2}",other_ambiguous,codex_domain_inferred_primary,"Domain-inferred audit: fragmentary, broad, or opaque evidence is unsafe to assign. Primary targeted reclaim label.",targeted_reclaim,short_code_conflict_noise
term_5fc622701da4473997fd,Metkovi? DG - Metkovi?,metkovi? dg - metkovi?,train_dev,metadata_value|occ_2_5|tables_1|no_title|no_header|value|single_role,1,2,"{""metadata_value"": 2}","{""has_header_evidence"": false, ""has_metadata_value_evidence"": true, ""has_title_evidence"": false, ""metadata_columns"": [""Rail network segment (2020)""], ""occurrence_count"": 2, ""table_count"": 1}",other_ambiguous,codex_domain_inferred_primary,Domain-inferred audit: noisy or malformed surface form is unsafe to assign. Primary targeted reclaim label.,targeted_reclaim,short_code_conflict_noise
term_64d1e83df423a2f3b973,T,t,train_dev,metadata_value|occ_21_plus|tables_2_5|no_title|no_header|value|single_role,5,484,"{""metadata_value"": 484}","{""has_header_evidence"": false, ""has_metadata_value_evidence"": true, ""has_title_evidence"": false, ""metadata_columns"": [""sex""], ""occurrence_count"": 484, ""table_count"": 5}",other_ambiguous,codex_domain_inferred_primary,"Domain-inferred audit: fragmentary, broad, or opaque evidence is unsafe to assign. Primary targeted reclaim label.",targeted_reclaim,short_code_conflict_noise
term_7c0f6765359512006c0a,RT,rt,train_dev,metadata_value|occ_21_plus|tables_1|no_title|no_header|value|single_role,1,324,"{""metadata_value"": 324}","{""has_header_evidence"": false, ""has_metadata_value_evidence"": true, ""has_title_evidence"": false, ""metadata_columns"": [""unit""], ""occurrence_count"": 324, ""table_count"": 1}",unit,codex_domain_inferred_primary,"Domain-inferred audit: source evidence identifies a measurement unit, scale, rate, or unit code. Primary targeted reclaim label.",targeted_reclaim,short_code_conflict_noise
term_87a6592a8d0fcd343bb3,?Sterport - K?Benhavn H,?sterport - k?benhavn h,train_dev,metadata_value|occ_2_5|tables_2_5|no_title|no_header|value|single_role,2,4,"{""metadata_value"": 4}","{""has_header_evidence"": false, ""has_metadata_value_evidence"": true, ""has_title_evidence"": false, ""metadata_columns"": [""Rail network segment (2005)"", ""Rail network segment (2010)""], ""occurrence_count"": 4, ""table_count"": 2}",other_ambiguous,codex_domain_inferred_primary,Domain-inferred audit: noisy or malformed surface form is unsafe to assign. Primary targeted reclaim label.,targeted_reclaim,short_code_conflict_noise
term_88462bbdbb970f38b41f,Olive trees,olive trees,train_dev,metadata_value+title_clause|occ_21_plus|tables_2_5|title|no_header|value|conflict,5,709,"{""metadata_value"": 706, ""title_clause"": 3}","{""has_header_evidence"": false, ""has_metadata_value_evidence"": true, ""has_title_evidence"": true, ""metadata_columns"": [""Crop production"", ""Fruit species and groups of varieties""], ""occurrence_count"": 709, ""table_count"": 5}",other_ambiguous,codex_domain_inferred_primary,Domain-inferred audit: conflicting or fragmentary source evidence is unsafe to assign. Primary targeted reclaim label.,targeted_reclaim,short_code_conflict_noise
term_9273c342fbc8f186adf9,UNK,unk,train_dev,metadata_value|occ_21_plus|tables_2_5|no_title|no_header|value|single_role,4,58,"{""metadata_value"": 58}","{""has_header_evidence"": false, ""has_metadata_value_evidence"": true, ""has_title_evidence"": false, ""metadata_columns"": [""diagnose"", ""n_room"", ""sizeclas""], ""occurrence_count"": 58, ""table_count"": 4}",other_ambiguous,codex_domain_inferred_primary,"Domain-inferred audit: fragmentary, broad, or opaque evidence is unsafe to assign. Primary targeted reclaim label.",targeted_reclaim,short_code_conflict_noise
term_96d4eb3546421b802e33,Mara?E?Ti - Buzau,mara?e?ti - buzau,train_dev,metadata_value|occ_2_5|tables_1|no_title|no_header|value|single_role,1,2,"{""metadata_value"": 2}","{""has_header_evidence"": false, ""has_metadata_value_evidence"": true, ""has_title_evidence"": false, ""metadata_columns"": [""Rail network segment (2010)""], ""occurrence_count"": 2, ""table_count"": 1}",other_ambiguous,codex_domain_inferred_primary,Domain-inferred audit: noisy or malformed surface form is unsafe to assign. Primary targeted reclaim label.,targeted_reclaim,short_code_conflict_noise
term_9b68f75d1d1b87b26747,UK,uk,train_dev,metadata_value|occ_6_20|tables_1|no_title|no_header|value|single_role,1,6,"{""metadata_value"": 6}","{""has_header_evidence"": false, ""has_metadata_value_evidence"": true, ""has_title_evidence"": false, ""metadata_columns"": [""partner""], ""occurrence_count"": 6, ""table_count"": 1}",dimension_value,codex_domain_inferred_primary,Domain-inferred audit: metadata or domain evidence identifies a member of a dimension. Primary targeted reclaim label.,targeted_reclaim,short_code_conflict_noise
term_9d058be2d8f9ecd0bf93,J6522,j6522,train_dev,metadata_value|occ_21_plus|tables_6_20|no_title|no_header|value|single_role,8,484,"{""metadata_value"": 484}","{""has_header_evidence"": false, ""has_metadata_value_evidence"": true, ""has_title_evidence"": false, ""metadata_columns"": [""nace_r1""], ""occurrence_count"": 484, ""table_count"": 8}",dimension_value,codex_domain_inferred_primary,Domain-inferred audit: metadata or domain evidence identifies a member of a dimension. Primary targeted reclaim label.,targeted_reclaim,short_code_conflict_noise
term_a30d6ec40e2e9fe27581,GE10,ge10,train_dev,metadata_value|occ_6_20|tables_1|no_title|no_header|value|single_role,1,13,"{""metadata_value"": 13}","{""has_header_evidence"": false, ""has_metadata_value_evidence"": true, ""has_title_evidence"": false, ""metadata_columns"": [""n_room""], ""occurrence_count"": 13, ""table_count"": 1}",dimension_value,codex_domain_inferred_primary,Domain-inferred audit: metadata or domain evidence identifies a member of a dimension. Primary targeted reclaim label.,targeted_reclaim,short_code_conflict_noise
term_a3b3eeb6fcde928fede8,Crimes recorded by the police,crimes recorded by the police,train_dev,title_clause+title_full|occ_2_5|tables_2_5|title|no_header|no_value|conflict,2,2,"{""title_clause"": 1, ""title_full"": 1}","{""has_header_evidence"": false, ""has_metadata_value_evidence"": false, ""has_title_evidence"": true, ""metadata_columns"": [], ""occurrence_count"": 2, ""table_count"": 2}",measure,codex_domain_inferred_primary,Domain-inferred audit: title evidence names a measured statistical phenomenon. Primary targeted reclaim label.,targeted_reclaim,short_code_conflict_noise
term_a700f3240d468b921151,Nyk?Bing F - R?Dby F,nyk?bing f - r?dby f,train_dev,metadata_value|occ_2_5|tables_2_5|no_title|no_header|value|single_role,2,4,"{""metadata_value"": 4}","{""has_header_evidence"": false, ""has_metadata_value_evidence"": true, ""has_title_evidence"": false, ""metadata_columns"": [""Rail network segment (2005)"", ""Rail network segment (2010)""], ""occurrence_count"": 4, ""table_count"": 2}",other_ambiguous,codex_domain_inferred_primary,Domain-inferred audit: noisy or malformed surface form is unsafe to assign. Primary targeted reclaim label.,targeted_reclaim,short_code_conflict_noise
term_ae6ce5f51a02fb430a24,Y_GE16,y_ge16,train_dev,metadata_value|occ_21_plus|tables_2_5|no_title|no_header|value|single_role,2,238,"{""metadata_value"": 238}","{""has_header_evidence"": false, ""has_metadata_value_evidence"": true, ""has_title_evidence"": false, ""metadata_columns"": [""age""], ""occurrence_count"": 238, ""table_count"": 2}",dimension_value,codex_domain_inferred_primary,Domain-inferred audit: metadata or domain evidence identifies a member of a dimension. Primary targeted reclaim label.,targeted_reclaim,short_code_conflict_noise
term_b46ff9c4472276d4a343,NR,nr,train_dev,metadata_value|occ_21_plus|tables_2_5|no_title|no_header|value|single_role,5,863,"{""metadata_value"": 863}","{""has_header_evidence"": false, ""has_metadata_value_evidence"": true, ""has_title_evidence"": false, ""metadata_columns"": [""unit""], ""occurrence_count"": 863, ""table_count"": 5}",unit,codex_domain_inferred_primary,"Domain-inferred audit: source evidence identifies a measurement unit, scale, rate, or unit code. Primary targeted reclaim label.",targeted_reclaim,short_code_conflict_noise
term_e002fec507e161f5e9e6,PPS_AE,pps_ae,train_dev,metadata_value|occ_21_plus|tables_1|no_title|no_header|value|single_role,1,229,"{""metadata_value"": 229}","{""has_header_evidence"": false, ""has_metadata_value_evidence"": true, ""has_title_evidence"": false, ""metadata_columns"": [""unit""], ""occurrence_count"": 229, ""table_count"": 1}",unit,codex_domain_inferred_primary,"Domain-inferred audit: source evidence identifies a measurement unit, scale, rate, or unit code. Primary targeted reclaim label.",targeted_reclaim,short_code_conflict_noise
term_e2688bab39a36b2d76f6,Y_LT6,y_lt6,train_dev,metadata_value|occ_21_plus|tables_1|no_title|no_header|value|single_role,1,324,"{""metadata_value"": 324}","{""has_header_evidence"": false, ""has_metadata_value_evidence"": true, ""has_title_evidence"": false, ""metadata_columns"": [""agechild""], ""occurrence_count"": 324, ""table_count"": 1}",dimension_value,codex_domain_inferred_primary,Domain-inferred audit: metadata or domain evidence identifies a member of a dimension. Primary targeted reclaim label.,targeted_reclaim,short_code_conflict_noise
term_e8882fc4ebf8d494a82a,V,v,train_dev,metadata_value|occ_21_plus|tables_6_20|no_title|no_header|value|single_role,7,339,"{""metadata_value"": 339}","{""has_header_evidence"": false, ""has_metadata_value_evidence"": true, ""has_title_evidence"": false, ""metadata_columns"": [""priority""], ""occurrence_count"": 339, ""table_count"": 7}",other_ambiguous,codex_domain_inferred_primary,"Domain-inferred audit: fragmentary, broad, or opaque evidence is unsafe to assign. Primary targeted reclaim label.",targeted_reclaim,short_code_conflict_noise
term_e8e2aa8dcc63abe7ff10,?akovec - ?akovec DG,?akovec - ?akovec dg,train_dev,metadata_value|occ_2_5|tables_1|no_title|no_header|value|single_role,1,2,"{""metadata_value"": 2}","{""has_header_evidence"": false, ""has_metadata_value_evidence"": true, ""has_title_evidence"": false, ""metadata_columns"": [""Rail network segment (2020)""], ""occurrence_count"": 2, ""table_count"": 1}",other_ambiguous,codex_domain_inferred_primary,Domain-inferred audit: noisy or malformed surface form is unsafe to assign. Primary targeted reclaim label.,targeted_reclaim,short_code_conflict_noise
term_ed6b3031de1d70b8752c,O,o,train_dev,metadata_value|occ_21_plus|tables_6_20|no_title|no_header|value|single_role,7,1195,"{""metadata_value"": 1195}","{""has_header_evidence"": false, ""has_metadata_value_evidence"": true, ""has_title_evidence"": false, ""metadata_columns"": [""priority""], ""occurrence_count"": 1195, ""table_count"": 7}",other_ambiguous,codex_domain_inferred_primary,"Domain-inferred audit: fragmentary, broad, or opaque evidence is unsafe to assign. Primary targeted reclaim label.",targeted_reclaim,short_code_conflict_noise
term_f5e08d91e47c62826eb7,JP,jp,train_dev,metadata_value|occ_21_plus|tables_2_5|no_title|no_header|value|single_role,2,113,"{""metadata_value"": 113}","{""has_header_evidence"": false, ""has_metadata_value_evidence"": true, ""has_title_evidence"": false, ""metadata_columns"": [""partner""], ""occurrence_count"": 113, ""table_count"": 2}",dimension_value,codex_domain_inferred_primary,Domain-inferred audit: metadata or domain evidence identifies a member of a dimension. Primary targeted reclaim label.,targeted_reclaim,short_code_conflict_noise
term_05ffbf21e4cd6fd7a019,length of paved runways,length of paved runways,train_dev,title_clause|occ_1|tables_1|title|no_header|no_value|single_role,1,1,"{""title_clause"": 1}","{""has_header_evidence"": false, ""has_metadata_value_evidence"": false, ""has_title_evidence"": true, ""metadata_columns"": [], ""occurrence_count"": 1, ""table_count"": 1}",measure,codex_domain_inferred_primary,Domain-inferred audit: title evidence names a measured statistical phenomenon. Primary targeted reclaim label.,targeted_reclaim,title_clause
term_0adc473ae8e233996caa,Median of the housing cost burden distribution by sex,median of the housing cost burden distribution by sex,train_dev,title_clause|occ_1|tables_1|title|no_header|no_value|single_role,1,1,"{""title_clause"": 1}","{""has_header_evidence"": false, ""has_metadata_value_evidence"": false, ""has_title_evidence"": true, ""metadata_columns"": [], ""occurrence_count"": 1, ""table_count"": 1}",measure,codex_domain_inferred_primary,Domain-inferred audit: title evidence names a measured statistical phenomenon. Primary targeted reclaim label.,targeted_reclaim,title_clause
term_0e3f8688c0175ee3abba,= 100,= 100,train_dev,title_clause|occ_2_5|tables_2_5|title|no_header|no_value|single_role,3,3,"{""title_clause"": 3}","{""has_header_evidence"": false, ""has_metadata_value_evidence"": false, ""has_title_evidence"": true, ""metadata_columns"": [], ""occurrence_count"": 3, ""table_count"": 3}",other_ambiguous,codex_domain_inferred_primary,"Domain-inferred audit: fragmentary, broad, or opaque evidence is unsafe to assign. Primary targeted reclaim label.",targeted_reclaim,title_clause
term_13743f023228c6e1ceb6,Hours spent in CVT courses by size class,hours spent in cvt courses by size class,train_dev,title_clause|occ_2_5|tables_2_5|title|no_header|no_value|single_role,5,5,"{""title_clause"": 5}","{""has_header_evidence"": false, ""has_metadata_value_evidence"": false, ""has_title_evidence"": true, ""metadata_columns"": [], ""occurrence_count"": 5, ""table_count"": 5}",measure,codex_domain_inferred_primary,Domain-inferred audit: title evidence names a measured statistical phenomenon. Primary targeted reclaim label.,targeted_reclaim,title_clause
term_23718844c710be51cc7e,Beneficiaries of temporary protection by citizenship,beneficiaries of temporary protection by citizenship,train_dev,title_clause|occ_1|tables_1|title|no_header|no_value|single_role,1,1,"{""title_clause"": 1}","{""has_header_evidence"": false, ""has_metadata_value_evidence"": false, ""has_title_evidence"": true, ""metadata_columns"": [], ""occurrence_count"": 1, ""table_count"": 1}",measure,codex_domain_inferred_primary,Domain-inferred audit: title evidence names a measured statistical phenomenon. Primary targeted reclaim label.,targeted_reclaim,title_clause
term_45f2e21ffe40771fef0f,EU-SILC and ECHP surveys,eu-silc and echp surveys,train_dev,title_clause|occ_2_5|tables_2_5|title|no_header|no_value|single_role,4,4,"{""title_clause"": 4}","{""has_header_evidence"": false, ""has_metadata_value_evidence"": false, ""has_title_evidence"": true, ""metadata_columns"": [], ""occurrence_count"": 4, ""table_count"": 4}",other_ambiguous,codex_domain_inferred_primary,"Domain-inferred audit: fragmentary, broad, or opaque evidence is unsafe to assign. Primary targeted reclaim label.",targeted_reclaim,title_clause
term_47e8b30dfa01c69ea177,Retail trade turnover,retail trade turnover,train_dev,title_clause|occ_2_5|tables_2_5|title|no_header|no_value|single_role,4,4,"{""title_clause"": 4}","{""has_header_evidence"": false, ""has_metadata_value_evidence"": false, ""has_title_evidence"": true, ""metadata_columns"": [], ""occurrence_count"": 4, ""table_count"": 4}",measure,codex_domain_inferred_primary,Domain-inferred audit: title evidence names a measured statistical phenomenon. Primary targeted reclaim label.,targeted_reclaim,title_clause
term_4905cdd8d7ab7bd9d044,HIDDEN DAT,hidden dat,train_dev,title_clause|occ_1|tables_1|title|no_header|no_value|single_role,1,1,"{""title_clause"": 1}","{""has_header_evidence"": false, ""has_metadata_value_evidence"": false, ""has_title_evidence"": true, ""metadata_columns"": [], ""occurrence_count"": 1, ""table_count"": 1}",other_ambiguous,codex_domain_inferred_primary,Domain-inferred audit: noisy or malformed surface form is unsafe to assign. Primary targeted reclaim label.,targeted_reclaim,title_clause
term_50db0db80694dd71b190,Real effective exchange rate,real effective exchange rate,train_dev,title_clause|occ_2_5|tables_2_5|title|no_header|no_value|single_role,4,4,"{""title_clause"": 4}","{""has_header_evidence"": false, ""has_metadata_value_evidence"": false, ""has_title_evidence"": true, ""metadata_columns"": [], ""occurrence_count"": 4, ""table_count"": 4}",measure,codex_domain_inferred_primary,Domain-inferred audit: title evidence names a measured statistical phenomenon. Primary targeted reclaim label.,targeted_reclaim,title_clause
term_586a448269018dd8022b,Monthly earnings by economic control (enterprises with 10 employed persons or more),monthly earnings by economic control (enterprises with 10 employed persons or more),train_dev,title_clause|occ_2_5|tables_2_5|title|no_header|no_value|single_role,4,4,"{""title_clause"": 4}","{""has_header_evidence"": false, ""has_metadata_value_evidence"": false, ""has_title_evidence"": true, ""metadata_columns"": [], ""occurrence_count"": 4, ""table_count"": 4}",measure,codex_domain_inferred_primary,Domain-inferred audit: title evidence names a measured statistical phenomenon. Primary targeted reclaim label.,targeted_reclaim,title_clause
term_5880cd17e29f32e7eda9,=100,=100,train_dev,title_clause|occ_2_5|tables_2_5|title|no_header|no_value|single_role,3,3,"{""title_clause"": 3}","{""has_header_evidence"": false, ""has_metadata_value_evidence"": false, ""has_title_evidence"": true, ""metadata_columns"": [], ""occurrence_count"": 3, ""table_count"": 3}",other_ambiguous,codex_domain_inferred_primary,"Domain-inferred audit: fragmentary, broad, or opaque evidence is unsafe to assign. Primary targeted reclaim label.",targeted_reclaim,title_clause
term_5ee0728b28aa0a210bec,consumer durables,consumer durables,train_dev,title_clause|occ_2_5|tables_2_5|title|no_header|no_value|single_role,4,4,"{""title_clause"": 4}","{""has_header_evidence"": false, ""has_metadata_value_evidence"": false, ""has_title_evidence"": true, ""metadata_columns"": [], ""occurrence_count"": 4, ""table_count"": 4}",dimension_value,codex_domain_inferred_primary,Domain-inferred audit: metadata or domain evidence identifies a member of a dimension. Primary targeted reclaim label.,targeted_reclaim,title_clause
term_67b4de073d0c6330ab02,Annual earnings by economic control (enterprises with 10 employed persons or more),annual earnings by economic control (enterprises with 10 employed persons or more),train_dev,title_clause|occ_2_5|tables_2_5|title|no_header|no_value|single_role,4,4,"{""title_clause"": 4}","{""has_header_evidence"": false, ""has_metadata_value_evidence"": false, ""has_title_evidence"": true, ""metadata_columns"": [], ""occurrence_count"": 4, ""table_count"": 4}",measure,codex_domain_inferred_primary,Domain-inferred audit: title evidence names a measured statistical phenomenon. Primary targeted reclaim label.,targeted_reclaim,title_clause
term_6843bb22f31ff5a044e8,Maritime equipment,maritime equipment,train_dev,title_clause|occ_2_5|tables_2_5|title|no_header|no_value|single_role,4,4,"{""title_clause"": 4}","{""has_header_evidence"": false, ""has_metadata_value_evidence"": false, ""has_title_evidence"": true, ""metadata_columns"": [], ""occurrence_count"": 4, ""table_count"": 4}",dimension_value,codex_domain_inferred_primary,Domain-inferred audit: metadata or domain evidence identifies a member of a dimension. Primary targeted reclaim label.,targeted_reclaim,title_clause
term_6ada636e3a0ddab2c526,Road equipment,road equipment,train_dev,title_clause|occ_2_5|tables_2_5|title|no_header|no_value|single_role,4,4,"{""title_clause"": 4}","{""has_header_evidence"": false, ""has_metadata_value_evidence"": false, ""has_title_evidence"": true, ""metadata_columns"": [], ""occurrence_count"": 4, ""table_count"": 4}",dimension_value,codex_domain_inferred_primary,Domain-inferred audit: metadata or domain evidence identifies a member of a dimension. Primary targeted reclaim label.,targeted_reclaim,title_clause
term_7af0d078e201425b4217,Tax rate on low wage earners,tax rate on low wage earners,train_dev,title_clause|occ_2_5|tables_2_5|title|no_header|no_value|single_role,4,4,"{""title_clause"": 4}","{""has_header_evidence"": false, ""has_metadata_value_evidence"": false, ""has_title_evidence"": true, ""metadata_columns"": [], ""occurrence_count"": 4, ""table_count"": 4}",measure,codex_domain_inferred_primary,Domain-inferred audit: title evidence names a measured statistical phenomenon. Primary targeted reclaim label.,targeted_reclaim,title_clause
term_7fad463e4005feb7eac9,Hauled passenger railway vehicle traffic performance by type of railway vehicle speed,hauled passenger railway vehicle traffic performance by type of railway vehicle speed,train_dev,title_clause|occ_1|tables_1|title|no_header|no_value|single_role,1,1,"{""title_clause"": 1}","{""has_header_evidence"": false, ""has_metadata_value_evidence"": false, ""has_title_evidence"": true, ""metadata_columns"": [], ""occurrence_count"": 1, ""table_count"": 1}",measure,codex_domain_inferred_primary,Domain-inferred audit: title evidence names a measured statistical phenomenon. Primary targeted reclaim label.,targeted_reclaim,title_clause
term_895c550b60e4a6b50ad4,Net trade balance of energy products,net trade balance of energy products,train_dev,title_clause|occ_1|tables_1|title|no_header|no_value|single_role,1,1,"{""title_clause"": 1}","{""has_header_evidence"": false, ""has_metadata_value_evidence"": false, ""has_title_evidence"": true, ""metadata_columns"": [], ""occurrence_count"": 1, ""table_count"": 1}",measure,codex_domain_inferred_primary,Domain-inferred audit: title evidence names a measured statistical phenomenon. Primary targeted reclaim label.,targeted_reclaim,title_clause
term_8bbf4ab697fecf88a53e,capital goods,capital goods,train_dev,title_clause|occ_2_5|tables_2_5|title|no_header|no_value|single_role,4,4,"{""title_clause"": 4}","{""has_header_evidence"": false, ""has_metadata_value_evidence"": false, ""has_title_evidence"": true, ""metadata_columns"": [], ""occurrence_count"": 4, ""table_count"": 4}",dimension_value,codex_domain_inferred_primary,Domain-inferred audit: metadata or domain evidence identifies a member of a dimension. Primary targeted reclaim label.,targeted_reclaim,title_clause
term_8eae689ed94f01ec71e6,Asylum applicants by type,asylum applicants by type,train_dev,title_clause|occ_2_5|tables_2_5|title|no_header|no_value|single_role,2,2,"{""title_clause"": 2}","{""has_header_evidence"": false, ""has_metadata_value_evidence"": false, ""has_title_evidence"": true, ""metadata_columns"": [], ""occurrence_count"": 2, ""table_count"": 2}",measure,codex_domain_inferred_primary,Domain-inferred audit: title evidence names a measured statistical phenomenon. Primary targeted reclaim label.,targeted_reclaim,title_clause
term_8f83a773d35adbba8c93,Hungaria,hungaria,train_dev,title_clause|occ_1|tables_1|title|no_header|no_value|single_role,1,1,"{""title_clause"": 1}","{""has_header_evidence"": false, ""has_metadata_value_evidence"": false, ""has_title_evidence"": true, ""metadata_columns"": [], ""occurrence_count"": 1, ""table_count"": 1}",other_ambiguous,codex_domain_inferred_primary,"Domain-inferred audit: fragmentary, broad, or opaque evidence is unsafe to assign. Primary targeted reclaim label.",targeted_reclaim,title_clause
term_90024b3f44193e07a265,Level of internet access,level of internet access,train_dev,title_clause|occ_1|tables_1|title|no_header|no_value|single_role,1,1,"{""title_clause"": 1}","{""has_header_evidence"": false, ""has_metadata_value_evidence"": false, ""has_title_evidence"": true, ""metadata_columns"": [], ""occurrence_count"": 1, ""table_count"": 1}",measure,codex_domain_inferred_primary,Domain-inferred audit: title evidence names a measured statistical phenomenon. Primary targeted reclaim label.,targeted_reclaim,title_clause
term_919161fc0ea6f7d167cf,"all items excluding energy, food, alcohol and tobacco","all items excluding energy, food, alcohol and tobacco",train_dev,title_clause|occ_1|tables_1|title|no_header|no_value|single_role,1,1,"{""title_clause"": 1}","{""has_header_evidence"": false, ""has_metadata_value_evidence"": false, ""has_title_evidence"": true, ""metadata_columns"": [], ""occurrence_count"": 1, ""table_count"": 1}",dimension_value,codex_domain_inferred_primary,Domain-inferred audit: metadata or domain evidence identifies a member of a dimension. Primary targeted reclaim label.,targeted_reclaim,title_clause
term_95b8178020896fefdfb0,Distribution by occupation (ISCO-08) of the labour market demand for ICT specialists in online job advertisements,distribution by occupation (isco-08) of the labour market demand for ict specialists in online job advertisements,train_dev,title_clause|occ_1|tables_1|title|no_header|no_value|single_role,1,1,"{""title_clause"": 1}","{""has_header_evidence"": false, ""has_metadata_value_evidence"": false, ""has_title_evidence"": true, ""metadata_columns"": [], ""occurrence_count"": 1, ""table_count"": 1}",measure,codex_domain_inferred_primary,Domain-inferred audit: title evidence names a measured statistical phenomenon. Primary targeted reclaim label.,targeted_reclaim,title_clause
term_97fcb88bbf9fcf458966,Total researchers by sector of performance,total researchers by sector of performance,train_dev,title_clause|occ_1|tables_1|title|no_header|no_value|single_role,1,1,"{""title_clause"": 1}","{""has_header_evidence"": false, ""has_metadata_value_evidence"": false, ""has_title_evidence"": true, ""metadata_columns"": [], ""occurrence_count"": 1, ""table_count"": 1}",measure,codex_domain_inferred_primary,Domain-inferred audit: title evidence names a measured statistical phenomenon. Primary targeted reclaim label.,targeted_reclaim,title_clause
term_9cb9627709d636a78028,Hours spent in CVT courses by NACE Rev. 2 activity,hours spent in cvt courses by nace rev. 2 activity,train_dev,title_clause|occ_2_5|tables_2_5|title|no_header|no_value|single_role,5,5,"{""title_clause"": 5}","{""has_header_evidence"": false, ""has_metadata_value_evidence"": false, ""has_title_evidence"": true, ""metadata_columns"": [], ""occurrence_count"": 5, ""table_count"": 5}",measure,codex_domain_inferred_primary,Domain-inferred audit: title evidence names a measured statistical phenomenon. Primary targeted reclaim label.,targeted_reclaim,title_clause
term_9dd75a6d973800fdf329,Turnover in industry,turnover in industry,train_dev,title_clause|occ_2_5|tables_2_5|title|no_header|no_value|single_role,5,5,"{""title_clause"": 5}","{""has_header_evidence"": false, ""has_metadata_value_evidence"": false, ""has_title_evidence"": true, ""metadata_columns"": [], ""occurrence_count"": 5, ""table_count"": 5}",measure,codex_domain_inferred_primary,Domain-inferred audit: title evidence names a measured statistical phenomenon. Primary targeted reclaim label.,targeted_reclaim,title_clause
term_a4abb059f538c91197bb,Mean annual earnings by NUTS 1 region (enterprises with 10 employees or more),mean annual earnings by nuts 1 region (enterprises with 10 employees or more),train_dev,title_clause|occ_2_5|tables_2_5|title|no_header|no_value|single_role,4,4,"{""title_clause"": 4}","{""has_header_evidence"": false, ""has_metadata_value_evidence"": false, ""has_title_evidence"": true, ""metadata_columns"": [], ""occurrence_count"": 4, ""table_count"": 4}",measure,codex_domain_inferred_primary,Domain-inferred audit: title evidence names a measured statistical phenomenon. Primary targeted reclaim label.,targeted_reclaim,title_clause
term_a7dc8cac0fc93496f776,Enterprises employing IVT participants by size class,enterprises employing ivt participants by size class,train_dev,title_clause|occ_1|tables_1|title|no_header|no_value|single_role,1,1,"{""title_clause"": 1}","{""has_header_evidence"": false, ""has_metadata_value_evidence"": false, ""has_title_evidence"": true, ""metadata_columns"": [], ""occurrence_count"": 1, ""table_count"": 1}",measure,codex_domain_inferred_primary,Domain-inferred audit: title evidence names a measured statistical phenomenon. Primary targeted reclaim label.,targeted_reclaim,title_clause
term_a99ca240ee68502382af,Money supply and official reserves,money supply and official reserves,train_dev,title_clause|occ_1|tables_1|title|no_header|no_value|single_role,1,1,"{""title_clause"": 1}","{""has_header_evidence"": false, ""has_metadata_value_evidence"": false, ""has_title_evidence"": true, ""metadata_columns"": [], ""occurrence_count"": 1, ""table_count"": 1}",measure,codex_domain_inferred_primary,Domain-inferred audit: title evidence names a measured statistical phenomenon. Primary targeted reclaim label.,targeted_reclaim,title_clause
term_aadaf5e4aab45b997b29,"debt securities by sectors, non-consolidated","debt securities by sectors, non-consolidated",train_dev,title_clause|occ_2_5|tables_2_5|title|no_header|no_value|single_role,4,4,"{""title_clause"": 4}","{""has_header_evidence"": false, ""has_metadata_value_evidence"": false, ""has_title_evidence"": true, ""metadata_columns"": [], ""occurrence_count"": 4, ""table_count"": 4}",measure,codex_domain_inferred_primary,Domain-inferred audit: title evidence names a measured statistical phenomenon. Primary targeted reclaim label.,targeted_reclaim,title_clause
term_b7f2a600fd0019a5a880,Median saving rate by household type,median saving rate by household type,train_dev,title_clause|occ_1|tables_1|title|no_header|no_value|single_role,1,1,"{""title_clause"": 1}","{""has_header_evidence"": false, ""has_metadata_value_evidence"": false, ""has_title_evidence"": true, ""metadata_columns"": [], ""occurrence_count"": 1, ""table_count"": 1}",measure,codex_domain_inferred_primary,Domain-inferred audit: title evidence names a measured statistical phenomenon. Primary targeted reclaim label.,targeted_reclaim,title_clause
term_b9d733818f81c4c879ae,Persons subject to immigration law enforcement,persons subject to immigration law enforcement,train_dev,title_clause|occ_1|tables_1|title|no_header|no_value|single_role,1,1,"{""title_clause"": 1}","{""has_header_evidence"": false, ""has_metadata_value_evidence"": false, ""has_title_evidence"": true, ""metadata_columns"": [], ""occurrence_count"": 1, ""table_count"": 1}",measure,codex_domain_inferred_primary,Domain-inferred audit: title evidence names a measured statistical phenomenon. Primary targeted reclaim label.,targeted_reclaim,title_clause
term_c58ed4b98d2960a0ce21,At-risk-of-poverty rate of elderly people by tenure status,at-risk-of-poverty rate of elderly people by tenure status,train_dev,title_clause|occ_1|tables_1|title|no_header|no_value|single_role,1,1,"{""title_clause"": 1}","{""has_header_evidence"": false, ""has_metadata_value_evidence"": false, ""has_title_evidence"": true, ""metadata_columns"": [], ""occurrence_count"": 1, ""table_count"": 1}",measure,codex_domain_inferred_primary,Domain-inferred audit: title evidence names a measured statistical phenomenon. Primary targeted reclaim label.,targeted_reclaim,title_clause
term_d351e062261cbc6c3b70,area in ha,area in ha,train_dev,title_clause|occ_2_5|tables_2_5|title|no_header|no_value|single_role,4,4,"{""title_clause"": 4}","{""has_header_evidence"": false, ""has_metadata_value_evidence"": false, ""has_title_evidence"": true, ""metadata_columns"": [], ""occurrence_count"": 4, ""table_count"": 4}",measure,codex_domain_inferred_primary,Domain-inferred audit: title evidence names a measured statistical phenomenon. Primary targeted reclaim label.,targeted_reclaim,title_clause
term_d6ba7f693120ab37f029,Portfolio investment,portfolio investment,train_dev,title_clause|occ_1|tables_1|title|no_header|no_value|single_role,1,1,"{""title_clause"": 1}","{""has_header_evidence"": false, ""has_metadata_value_evidence"": false, ""has_title_evidence"": true, ""metadata_columns"": [], ""occurrence_count"": 1, ""table_count"": 1}",measure,codex_domain_inferred_primary,Domain-inferred audit: title evidence names a measured statistical phenomenon. Primary targeted reclaim label.,targeted_reclaim,title_clause
term_da349106ed02d9e18d0b,Enterprises by sourcing status and enterprise group identification,enterprises by sourcing status and enterprise group identification,train_dev,title_clause|occ_1|tables_1|title|no_header|no_value|single_role,1,1,"{""title_clause"": 1}","{""has_header_evidence"": false, ""has_metadata_value_evidence"": false, ""has_title_evidence"": true, ""metadata_columns"": [], ""occurrence_count"": 1, ""table_count"": 1}",measure,codex_domain_inferred_primary,Domain-inferred audit: title evidence names a measured statistical phenomenon. Primary targeted reclaim label.,targeted_reclaim,title_clause
term_de6ad87afb9770c966bf,calendar adjusted,calendar adjusted,train_dev,title_clause|occ_2_5|tables_2_5|title|no_header|no_value|single_role,2,2,"{""title_clause"": 2}","{""has_header_evidence"": false, ""has_metadata_value_evidence"": false, ""has_title_evidence"": true, ""metadata_columns"": [], ""occurrence_count"": 2, ""table_count"": 2}",dimension_value,codex_domain_inferred_primary,Domain-inferred audit: metadata or domain evidence identifies a member of a dimension. Primary targeted reclaim label.,targeted_reclaim,title_clause
term_f72fa8d994fb8b35702c,EU level,eu level,train_dev,title_clause|occ_2_5|tables_2_5|title|no_header|no_value|single_role,5,5,"{""title_clause"": 5}","{""has_header_evidence"": false, ""has_metadata_value_evidence"": false, ""has_title_evidence"": true, ""metadata_columns"": [], ""occurrence_count"": 5, ""table_count"": 5}",dimension_value,codex_domain_inferred_primary,Domain-inferred audit: metadata or domain evidence identifies a member of a dimension. Primary targeted reclaim label.,targeted_reclaim,title_clause
term_f8773e37175cee000595,intermediate goods,intermediate goods,train_dev,title_clause|occ_2_5|tables_2_5|title|no_header|no_value|single_role,4,4,"{""title_clause"": 4}","{""has_header_evidence"": false, ""has_metadata_value_evidence"": false, ""has_title_evidence"": true, ""metadata_columns"": [], ""occurrence_count"": 4, ""table_count"": 4}",dimension_value,codex_domain_inferred_primary,Domain-inferred audit: metadata or domain evidence identifies a member of a dimension. Primary targeted reclaim label.,targeted_reclaim,title_clause
term_0043ff0570d1d65ffca2,Financial accounts for EU institutions,financial accounts for eu institutions,train_dev,title_full|occ_1|tables_1|title|no_header|no_value|single_role,1,1,"{""title_full"": 1}","{""has_header_evidence"": false, ""has_metadata_value_evidence"": false, ""has_title_evidence"": true, ""metadata_columns"": [], ""occurrence_count"": 1, ""table_count"": 1}",measure,codex_domain_inferred_primary,Domain-inferred audit: title evidence names a measured statistical phenomenon. Primary targeted reclaim label.,targeted_reclaim,title_full
term_04d259a5dc606fafaa23,EMU convergence criterion series - annual data,emu convergence criterion series - annual data,train_dev,title_full|occ_2_5|tables_2_5|title|no_header|no_value|single_role,2,2,"{""title_full"": 2}","{""has_header_evidence"": false, ""has_metadata_value_evidence"": false, ""has_title_evidence"": true, ""metadata_columns"": [], ""occurrence_count"": 2, ""table_count"": 2}",measure,codex_domain_inferred_primary,Domain-inferred audit: title evidence names a measured statistical phenomenon. Primary targeted reclaim label.,targeted_reclaim,title_full
term_0563739b5560786e3ac2,Prison capacity and number of persons held,prison capacity and number of persons held,train_dev,title_full|occ_1|tables_1|title|no_header|no_value|single_role,1,1,"{""title_full"": 1}","{""has_header_evidence"": false, ""has_metadata_value_evidence"": false, ""has_title_evidence"": true, ""metadata_columns"": [], ""occurrence_count"": 1, ""table_count"": 1}",measure,codex_domain_inferred_primary,Domain-inferred audit: title evidence names a measured statistical phenomenon. Primary targeted reclaim label.,targeted_reclaim,title_full
term_065e96a331bc26c22337,"Non-residents among all hospital discharges, % - historical data","non-residents among all hospital discharges, % - historical data",train_dev,title_full|occ_1|tables_1|title|no_header|no_value|single_role,1,1,"{""title_full"": 1}","{""has_header_evidence"": false, ""has_metadata_value_evidence"": false, ""has_title_evidence"": true, ""metadata_columns"": [], ""occurrence_count"": 1, ""table_count"": 1}",measure,codex_domain_inferred_primary,Domain-inferred audit: title evidence names a measured statistical phenomenon. Primary targeted reclaim label.,targeted_reclaim,title_full
term_07a6fed9674d36677632,Gender pay gap in unadjusted form,gender pay gap in unadjusted form,train_dev,title_full|occ_2_5|tables_2_5|title|no_header|no_value|single_role,3,3,"{""title_full"": 3}","{""has_header_evidence"": false, ""has_metadata_value_evidence"": false, ""has_title_evidence"": true, ""metadata_columns"": [], ""occurrence_count"": 3, ""table_count"": 3}",measure,codex_domain_inferred_primary,Domain-inferred audit: title evidence names a measured statistical phenomenon. Primary targeted reclaim label.,targeted_reclaim,title_full
term_07b543faa28cd1d2cd2a,"Annual earnings by economic control (enterprises with 10 employed persons or more) - NACE Rev. 2, B-S excluding O","annual earnings by economic control (enterprises with 10 employed persons or more) - nace rev. 2, b-s excluding o",train_dev,title_full|occ_2_5|tables_2_5|title|no_header|no_value|single_role,3,3,"{""title_full"": 3}","{""has_header_evidence"": false, ""has_metadata_value_evidence"": false, ""has_title_evidence"": true, ""metadata_columns"": [], ""occurrence_count"": 3, ""table_count"": 3}",measure,codex_domain_inferred_primary,Domain-inferred audit: title evidence names a measured statistical phenomenon. Primary targeted reclaim label.,targeted_reclaim,title_full
term_091cd45345c47686d877,"Monthly earnings by economic control (enterprises with 10 employed persons or more) - NACE Rev. 2, B-S excluding O","monthly earnings by economic control (enterprises with 10 employed persons or more) - nace rev. 2, b-s excluding o",train_dev,title_full|occ_2_5|tables_2_5|title|no_header|no_value|single_role,3,3,"{""title_full"": 3}","{""has_header_evidence"": false, ""has_metadata_value_evidence"": false, ""has_title_evidence"": true, ""metadata_columns"": [], ""occurrence_count"": 3, ""table_count"": 3}",measure,codex_domain_inferred_primary,Domain-inferred audit: title evidence names a measured statistical phenomenon. Primary targeted reclaim label.,targeted_reclaim,title_full
term_0b8b296439cb337c826f,Air emissions per sector and per gas,air emissions per sector and per gas,train_dev,title_full|occ_1|tables_1|title|no_header|no_value|single_role,1,1,"{""title_full"": 1}","{""has_header_evidence"": false, ""has_metadata_value_evidence"": false, ""has_title_evidence"": true, ""metadata_columns"": [], ""occurrence_count"": 1, ""table_count"": 1}",measure,codex_domain_inferred_primary,Domain-inferred audit: title evidence names a measured statistical phenomenon. Primary targeted reclaim label.,targeted_reclaim,title_full
term_0bd132f1a552c79780a1,Area at risk of severe soil erosion by water,area at risk of severe soil erosion by water,train_dev,title_full|occ_1|tables_1|title|no_header|no_value|single_role,1,1,"{""title_full"": 1}","{""has_header_evidence"": false, ""has_metadata_value_evidence"": false, ""has_title_evidence"": true, ""metadata_columns"": [], ""occurrence_count"": 1, ""table_count"": 1}",measure,codex_domain_inferred_primary,Domain-inferred audit: title evidence names a measured statistical phenomenon. Primary targeted reclaim label.,targeted_reclaim,title_full
term_123862fc9616167ba725,Private households by type of housing,private households by type of housing,train_dev,title_full|occ_1|tables_1|title|no_header|no_value|single_role,1,1,"{""title_full"": 1}","{""has_header_evidence"": false, ""has_metadata_value_evidence"": false, ""has_title_evidence"": true, ""metadata_columns"": [], ""occurrence_count"": 1, ""table_count"": 1}",measure,codex_domain_inferred_primary,Domain-inferred audit: title evidence names a measured statistical phenomenon. Primary targeted reclaim label.,targeted_reclaim,title_full
term_12d00fdb10c7d1e9aac5,"Accidental injuries at work in, by sex","accidental injuries at work in, by sex",train_dev,title_full|occ_1|tables_1|title|no_header|no_value|single_role,1,1,"{""title_full"": 1}","{""has_header_evidence"": false, ""has_metadata_value_evidence"": false, ""has_title_evidence"": true, ""metadata_columns"": [], ""occurrence_count"": 1, ""table_count"": 1}",measure,codex_domain_inferred_primary,Domain-inferred audit: title evidence names a measured statistical phenomenon. Primary targeted reclaim label.,targeted_reclaim,title_full
term_187ed41fa5539b31e8a0,Accommodation establishments,accommodation establishments,train_dev,title_full|occ_1|tables_1|title|no_header|no_value|single_role,1,1,"{""title_full"": 1}","{""has_header_evidence"": false, ""has_metadata_value_evidence"": false, ""has_title_evidence"": true, ""metadata_columns"": [], ""occurrence_count"": 1, ""table_count"": 1}",measure,codex_domain_inferred_primary,Domain-inferred audit: title evidence names a measured statistical phenomenon. Primary targeted reclaim label.,targeted_reclaim,title_full
term_1913b5df9a67325b0909,Rail freight traffic - ENP-South countries,rail freight traffic - enp-south countries,train_dev,title_full|occ_1|tables_1|title|no_header|no_value|single_role,1,1,"{""title_full"": 1}","{""has_header_evidence"": false, ""has_metadata_value_evidence"": false, ""has_title_evidence"": true, ""metadata_columns"": [], ""occurrence_count"": 1, ""table_count"": 1}",measure,codex_domain_inferred_primary,Domain-inferred audit: title evidence names a measured statistical phenomenon. Primary targeted reclaim label.,targeted_reclaim,title_full
term_1b8a9e7e2d011c43ca72,Aggregate propensity to consume by household type - experimental statistics,aggregate propensity to consume by household type - experimental statistics,train_dev,title_full|occ_1|tables_1|title|no_header|no_value|single_role,1,1,"{""title_full"": 1}","{""has_header_evidence"": false, ""has_metadata_value_evidence"": false, ""has_title_evidence"": true, ""metadata_columns"": [], ""occurrence_count"": 1, ""table_count"": 1}",measure,codex_domain_inferred_primary,Domain-inferred audit: title evidence names a measured statistical phenomenon. Primary targeted reclaim label.,targeted_reclaim,title_full
term_2331eaa212d7600b9d80,Generation of waste by hazardousness,generation of waste by hazardousness,train_dev,title_full|occ_1|tables_1|title|no_header|no_value|single_role,1,1,"{""title_full"": 1}","{""has_header_evidence"": false, ""has_metadata_value_evidence"": false, ""has_title_evidence"": true, ""metadata_columns"": [], ""occurrence_count"": 1, ""table_count"": 1}",measure,codex_domain_inferred_primary,Domain-inferred audit: title evidence names a measured statistical phenomenon. Primary targeted reclaim label.,targeted_reclaim,title_full
term_2808cfa62187fc77b830,3-month rates for euro area countries - quarterly data,3-month rates for euro area countries - quarterly data,train_dev,title_full|occ_1|tables_1|title|no_header|no_value|single_role,1,1,"{""title_full"": 1}","{""has_header_evidence"": false, ""has_metadata_value_evidence"": false, ""has_title_evidence"": true, ""metadata_columns"": [], ""occurrence_count"": 1, ""table_count"": 1}",measure,codex_domain_inferred_primary,Domain-inferred audit: title evidence names a measured statistical phenomenon. Primary targeted reclaim label.,targeted_reclaim,title_full
term_29f19de7cd079bdd4bd8,Annual captures of fish - live weight in tonnes - by fishing areas,annual captures of fish - live weight in tonnes - by fishing areas,train_dev,title_full|occ_1|tables_1|title|no_header|no_value|single_role,1,1,"{""title_full"": 1}","{""has_header_evidence"": false, ""has_metadata_value_evidence"": false, ""has_title_evidence"": true, ""metadata_columns"": [], ""occurrence_count"": 1, ""table_count"": 1}",measure,codex_domain_inferred_primary,Domain-inferred audit: title evidence names a measured statistical phenomenon. Primary targeted reclaim label.,targeted_reclaim,title_full
term_2bd205f355d558cc6a00,Annual work units in forestry and logging,annual work units in forestry and logging,train_dev,title_full|occ_1|tables_1|title|no_header|no_value|single_role,1,1,"{""title_full"": 1}","{""has_header_evidence"": false, ""has_metadata_value_evidence"": false, ""has_title_evidence"": true, ""metadata_columns"": [], ""occurrence_count"": 1, ""table_count"": 1}",measure,codex_domain_inferred_primary,Domain-inferred audit: title evidence names a measured statistical phenomenon. Primary targeted reclaim label.,targeted_reclaim,title_full
term_369d87390f41753c141f,HICP - non-energy industrial goods,hicp - non-energy industrial goods,train_dev,title_full|occ_1|tables_1|title|no_header|no_value|single_role,1,1,"{""title_full"": 1}","{""has_header_evidence"": false, ""has_metadata_value_evidence"": false, ""has_title_evidence"": true, ""metadata_columns"": [], ""occurrence_count"": 1, ""table_count"": 1}",measure,codex_domain_inferred_primary,Domain-inferred audit: title evidence names a measured statistical phenomenon. Primary targeted reclaim label.,targeted_reclaim,title_full
term_379f4d60e3eadc93e467,Immigration,immigration,train_dev,title_full|occ_1|tables_1|title|no_header|no_value|single_role,1,1,"{""title_full"": 1}","{""has_header_evidence"": false, ""has_metadata_value_evidence"": false, ""has_title_evidence"": true, ""metadata_columns"": [], ""occurrence_count"": 1, ""table_count"": 1}",measure,codex_domain_inferred_primary,Domain-inferred audit: title evidence names a measured statistical phenomenon. Primary targeted reclaim label.,targeted_reclaim,title_full
term_3d9b97ec67084366efcc,Protected areas,protected areas,validation,title_full|occ_2_5|tables_2_5|title|no_header|no_value|single_role,2,2,"{""title_full"": 2}","{""has_header_evidence"": false, ""has_metadata_value_evidence"": false, ""has_title_evidence"": true, ""metadata_columns"": [], ""occurrence_count"": 2, ""table_count"": 2}",measure,codex_domain_inferred_primary,Domain-inferred audit: title evidence names a measured statistical phenomenon. Primary targeted reclaim label.,targeted_reclaim,title_full
term_3e69ae651db583624d1b,Aggregate propensity to consume by activity status of the reference person - experimental statistics,aggregate propensity to consume by activity status of the reference person - experimental statistics,validation,title_full|occ_1|tables_1|title|no_header|no_value|single_role,1,1,"{""title_full"": 1}","{""has_header_evidence"": false, ""has_metadata_value_evidence"": false, ""has_title_evidence"": true, ""metadata_columns"": [], ""occurrence_count"": 1, ""table_count"": 1}",measure,codex_domain_inferred_primary,Domain-inferred audit: title evidence names a measured statistical phenomenon. Primary targeted reclaim label.,targeted_reclaim,title_full
term_40145d7332bc1dee9fec,Distribution of households by household type - experimental statistics,distribution of households by household type - experimental statistics,validation,title_full|occ_1|tables_1|title|no_header|no_value|single_role,1,1,"{""title_full"": 1}","{""has_header_evidence"": false, ""has_metadata_value_evidence"": false, ""has_title_evidence"": true, ""metadata_columns"": [], ""occurrence_count"": 1, ""table_count"": 1}",measure,codex_domain_inferred_primary,Domain-inferred audit: title evidence names a measured statistical phenomenon. Primary targeted reclaim label.,targeted_reclaim,title_full
term_42177d50c64f623cdb2e,Air pollutants - ENP-South countries,air pollutants - enp-south countries,validation,title_full|occ_1|tables_1|title|no_header|no_value|single_role,1,1,"{""title_full"": 1}","{""has_header_evidence"": false, ""has_metadata_value_evidence"": false, ""has_title_evidence"": true, ""metadata_columns"": [], ""occurrence_count"": 1, ""table_count"": 1}",measure,codex_domain_inferred_primary,Domain-inferred audit: title evidence names a measured statistical phenomenon. Primary targeted reclaim label.,targeted_reclaim,title_full
term_434d445881139e9d2acc,Autonomous pension funds - number of enterprises by size class of investments,autonomous pension funds - number of enterprises by size class of investments,validation,title_full|occ_1|tables_1|title|no_header|no_value|single_role,1,1,"{""title_full"": 1}","{""has_header_evidence"": false, ""has_metadata_value_evidence"": false, ""has_title_evidence"": true, ""metadata_columns"": [], ""occurrence_count"": 1, ""table_count"": 1}",measure,codex_domain_inferred_primary,Domain-inferred audit: title evidence names a measured statistical phenomenon. Primary targeted reclaim label.,targeted_reclaim,title_full
term_45ff40083bc2f9e4b0aa,"Ever-working women who have experienced sexual harassment at work, by frequency","ever-working women who have experienced sexual harassment at work, by frequency",validation,title_full|occ_1|tables_1|title|no_header|no_value|single_role,1,1,"{""title_full"": 1}","{""has_header_evidence"": false, ""has_metadata_value_evidence"": false, ""has_title_evidence"": true, ""metadata_columns"": [], ""occurrence_count"": 1, ""table_count"": 1}",measure,codex_domain_inferred_primary,Domain-inferred audit: title evidence names a measured statistical phenomenon. Primary targeted reclaim label.,targeted_reclaim,title_full
term_49b35e242f34c712bca5,Aggregate replacement ratio,aggregate replacement ratio,validation,title_full|occ_1|tables_1|title|no_header|no_value|single_role,1,1,"{""title_full"": 1}","{""has_header_evidence"": false, ""has_metadata_value_evidence"": false, ""has_title_evidence"": true, ""metadata_columns"": [], ""occurrence_count"": 1, ""table_count"": 1}",measure,codex_domain_inferred_primary,Domain-inferred audit: title evidence names a measured statistical phenomenon. Primary targeted reclaim label.,targeted_reclaim,title_full
term_4a9f17b11aea848e0f3f,Oil pipeline enterprises,oil pipeline enterprises,validation,title_full|occ_1|tables_1|title|no_header|no_value|single_role,1,1,"{""title_full"": 1}","{""has_header_evidence"": false, ""has_metadata_value_evidence"": false, ""has_title_evidence"": true, ""metadata_columns"": [], ""occurrence_count"": 1, ""table_count"": 1}",measure,codex_domain_inferred_primary,Domain-inferred audit: title evidence names a measured statistical phenomenon. Primary targeted reclaim label.,targeted_reclaim,title_full
term_55fb7cc1d878464e0004,"Enterprises in wholesale trade, repair of vehicles and motorcycles (NACE Rev.2, G) - changes in stocks","enterprises in wholesale trade, repair of vehicles and motorcycles (nace rev.2, g) - changes in stocks",validation,title_full|occ_1|tables_1|title|no_header|no_value|single_role,1,1,"{""title_full"": 1}","{""has_header_evidence"": false, ""has_metadata_value_evidence"": false, ""has_title_evidence"": true, ""metadata_columns"": [], ""occurrence_count"": 1, ""table_count"": 1}",measure,codex_domain_inferred_primary,Domain-inferred audit: title evidence names a measured statistical phenomenon. Primary targeted reclaim label.,targeted_reclaim,title_full
term_5b4a11bda5ff152083c1,3-month-interest rate,3-month-interest rate,validation,title_full|occ_1|tables_1|title|no_header|no_value|single_role,1,1,"{""title_full"": 1}","{""has_header_evidence"": false, ""has_metadata_value_evidence"": false, ""has_title_evidence"": true, ""metadata_columns"": [], ""occurrence_count"": 1, ""table_count"": 1}",measure,codex_domain_inferred_primary,Domain-inferred audit: title evidence names a measured statistical phenomenon. Primary targeted reclaim label.,targeted_reclaim,title_full
term_5c1b41fc457db65739b7,"Navigable waterways, by horizontal dimensions of vessels and pushed convoys","navigable waterways, by horizontal dimensions of vessels and pushed convoys",validation,title_full|occ_1|tables_1|title|no_header|no_value|single_role,1,1,"{""title_full"": 1}","{""has_header_evidence"": false, ""has_metadata_value_evidence"": false, ""has_title_evidence"": true, ""metadata_columns"": [], ""occurrence_count"": 1, ""table_count"": 1}",measure,codex_domain_inferred_primary,Domain-inferred audit: title evidence names a measured statistical phenomenon. Primary targeted reclaim label.,targeted_reclaim,title_full
term_5cdd46954bb17460a674,Activity rates (aged 15-64) by sex - ENP-South countries,activity rates (aged 15-64) by sex - enp-south countries,validation,title_full|occ_1|tables_1|title|no_header|no_value|single_role,1,1,"{""title_full"": 1}","{""has_header_evidence"": false, ""has_metadata_value_evidence"": false, ""has_title_evidence"": true, ""metadata_columns"": [], ""occurrence_count"": 1, ""table_count"": 1}",measure,codex_domain_inferred_primary,Domain-inferred audit: title evidence names a measured statistical phenomenon. Primary targeted reclaim label.,targeted_reclaim,title_full
term_5e2c43ef1c4b04578673,Minimum wages,minimum wages,validation,title_full|occ_1|tables_1|title|no_header|no_value|single_role,1,1,"{""title_full"": 1}","{""has_header_evidence"": false, ""has_metadata_value_evidence"": false, ""has_title_evidence"": true, ""metadata_columns"": [], ""occurrence_count"": 1, ""table_count"": 1}",measure,codex_domain_inferred_primary,Domain-inferred audit: title evidence names a measured statistical phenomenon. Primary targeted reclaim label.,targeted_reclaim,title_full
term_5f829060c22d86f7d6b2,"Stock of general government debt security liabilities issued as 'green bonds' - one-off data collection, experimental statistics","stock of general government debt security liabilities issued as 'green bonds' - one-off data collection, experimental statistics",validation,title_full|occ_1|tables_1|title|no_header|no_value|single_role,1,1,"{""title_full"": 1}","{""has_header_evidence"": false, ""has_metadata_value_evidence"": false, ""has_title_evidence"": true, ""metadata_columns"": [], ""occurrence_count"": 1, ""table_count"": 1}",measure,codex_domain_inferred_primary,Domain-inferred audit: title evidence names a measured statistical phenomenon. Primary targeted reclaim label.,targeted_reclaim,title_full
term_62294acb88ad6d31e988,Local pollution,local pollution,validation,title_full|occ_1|tables_1|title|no_header|no_value|single_role,1,1,"{""title_full"": 1}","{""has_header_evidence"": false, ""has_metadata_value_evidence"": false, ""has_title_evidence"": true, ""metadata_columns"": [], ""occurrence_count"": 1, ""table_count"": 1}",measure,codex_domain_inferred_primary,Domain-inferred audit: title evidence names a measured statistical phenomenon. Primary targeted reclaim label.,targeted_reclaim,title_full
term_65bf0215a34702079df7,"Seats /berths in motor coaches, buses and trolley buses","seats /berths in motor coaches, buses and trolley buses",validation,title_full|occ_1|tables_1|title|no_header|no_value|single_role,1,1,"{""title_full"": 1}","{""has_header_evidence"": false, ""has_metadata_value_evidence"": false, ""has_title_evidence"": true, ""metadata_columns"": [], ""occurrence_count"": 1, ""table_count"": 1}",measure,codex_domain_inferred_primary,Domain-inferred audit: title evidence names a measured statistical phenomenon. Primary targeted reclaim label.,targeted_reclaim,title_full
term_6c50c8f06cce6a349241,Depth of material deprivation - EU-SILC survey,depth of material deprivation - eu-silc survey,validation,title_full|occ_1|tables_1|title|no_header|no_value|single_role,1,1,"{""title_full"": 1}","{""has_header_evidence"": false, ""has_metadata_value_evidence"": false, ""has_title_evidence"": true, ""metadata_columns"": [], ""occurrence_count"": 1, ""table_count"": 1}",measure,codex_domain_inferred_primary,Domain-inferred audit: title evidence names a measured statistical phenomenon. Primary targeted reclaim label.,targeted_reclaim,title_full
term_6e1776b5ebfea29c4600,Annual freshwater abstraction by source - ENP-South countries,annual freshwater abstraction by source - enp-south countries,validation,title_full|occ_1|tables_1|title|no_header|no_value|single_role,1,1,"{""title_full"": 1}","{""has_header_evidence"": false, ""has_metadata_value_evidence"": false, ""has_title_evidence"": true, ""metadata_columns"": [], ""occurrence_count"": 1, ""table_count"": 1}",measure,codex_domain_inferred_primary,Domain-inferred audit: title evidence names a measured statistical phenomenon. Primary targeted reclaim label.,targeted_reclaim,title_full
term_713204dc2ee4ab1bd2ec,GHG (Green House Gases) emissions,ghg (green house gases) emissions,validation,title_full|occ_1|tables_1|title|no_header|no_value|single_role,1,1,"{""title_full"": 1}","{""has_header_evidence"": false, ""has_metadata_value_evidence"": false, ""has_title_evidence"": true, ""metadata_columns"": [], ""occurrence_count"": 1, ""table_count"": 1}",measure,codex_domain_inferred_primary,Domain-inferred audit: title evidence names a measured statistical phenomenon. Primary targeted reclaim label.,targeted_reclaim,title_full
term_7495099c6cc5f1bd9f7e,Acquisition of citizenship,acquisition of citizenship,validation,title_full|occ_1|tables_1|title|no_header|no_value|single_role,1,1,"{""title_full"": 1}","{""has_header_evidence"": false, ""has_metadata_value_evidence"": false, ""has_title_evidence"": true, ""metadata_columns"": [], ""occurrence_count"": 1, ""table_count"": 1}",measure,codex_domain_inferred_primary,Domain-inferred audit: title evidence names a measured statistical phenomenon. Primary targeted reclaim label.,targeted_reclaim,title_full
term_766fd9b0b8551f7a0059,Additional indicators,additional indicators,validation,title_full|occ_1|tables_1|title|no_header|no_value|single_role,1,1,"{""title_full"": 1}","{""has_header_evidence"": false, ""has_metadata_value_evidence"": false, ""has_title_evidence"": true, ""metadata_columns"": [], ""occurrence_count"": 1, ""table_count"": 1}",other_ambiguous,codex_domain_inferred_primary,"Domain-inferred audit: fragmentary, broad, or opaque evidence is unsafe to assign. Primary targeted reclaim label.",targeted_reclaim,title_full
term_7835785684eb33a24d30,"Female school-management personnel - as % of total school-management personnel, by education level","female school-management personnel - as % of total school-management personnel, by education level",validation,title_full|occ_1|tables_1|title|no_header|no_value|single_role,1,1,"{""title_full"": 1}","{""has_header_evidence"": false, ""has_metadata_value_evidence"": false, ""has_title_evidence"": true, ""metadata_columns"": [], ""occurrence_count"": 1, ""table_count"": 1}",measure,codex_domain_inferred_primary,Domain-inferred audit: title evidence names a measured statistical phenomenon. Primary targeted reclaim label.,targeted_reclaim,title_full
term_835ff22574abe600d47f,Average number of weekly hours of formal care by age group - children with at least 1 hour of formal care,average number of weekly hours of formal care by age group - children with at least 1 hour of formal care,validation,title_full|occ_1|tables_1|title|no_header|no_value|single_role,1,1,"{""title_full"": 1}","{""has_header_evidence"": false, ""has_metadata_value_evidence"": false, ""has_title_evidence"": true, ""metadata_columns"": [], ""occurrence_count"": 1, ""table_count"": 1}",measure,codex_domain_inferred_primary,Domain-inferred audit: title evidence names a measured statistical phenomenon. Primary targeted reclaim label.,targeted_reclaim,title_full
term_83bd4b19bfdc9cabd920,Access to basic services and housing,access to basic services and housing,validation,title_full|occ_1|tables_1|title|no_header|no_value|single_role,1,1,"{""title_full"": 1}","{""has_header_evidence"": false, ""has_metadata_value_evidence"": false, ""has_title_evidence"": true, ""metadata_columns"": [], ""occurrence_count"": 1, ""table_count"": 1}",measure,codex_domain_inferred_primary,Domain-inferred audit: title evidence names a measured statistical phenomenon. Primary targeted reclaim label.,targeted_reclaim,title_full
term_88075fa39a20cb2fd639,HICP - hotels and restaurants,hicp - hotels and restaurants,validation,title_full|occ_1|tables_1|title|no_header|no_value|single_role,1,1,"{""title_full"": 1}","{""has_header_evidence"": false, ""has_metadata_value_evidence"": false, ""has_title_evidence"": true, ""metadata_columns"": [], ""occurrence_count"": 1, ""table_count"": 1}",measure,codex_domain_inferred_primary,Domain-inferred audit: title evidence names a measured statistical phenomenon. Primary targeted reclaim label.,targeted_reclaim,title_full
term_88ed5c725bfb8e77ac73,Activity rates by sex and age - ENP-East countries,activity rates by sex and age - enp-east countries,validation,title_full|occ_1|tables_1|title|no_header|no_value|single_role,1,1,"{""title_full"": 1}","{""has_header_evidence"": false, ""has_metadata_value_evidence"": false, ""has_title_evidence"": true, ""metadata_columns"": [], ""occurrence_count"": 1, ""table_count"": 1}",measure,codex_domain_inferred_primary,Domain-inferred audit: title evidence names a measured statistical phenomenon. Primary targeted reclaim label.,targeted_reclaim,title_full
term_8c21ac98eb2cdd70c316,Aviation and airport enterprises,aviation and airport enterprises,validation,title_full|occ_1|tables_1|title|no_header|no_value|single_role,1,1,"{""title_full"": 1}","{""has_header_evidence"": false, ""has_metadata_value_evidence"": false, ""has_title_evidence"": true, ""metadata_columns"": [], ""occurrence_count"": 1, ""table_count"": 1}",measure,codex_domain_inferred_primary,Domain-inferred audit: title evidence names a measured statistical phenomenon. Primary targeted reclaim label.,targeted_reclaim,title_full
term_9695c80f86e9452669b7,Main farm land use - ENP-East countries,main farm land use - enp-east countries,validation,title_full|occ_1|tables_1|title|no_header|no_value|single_role,1,1,"{""title_full"": 1}","{""has_header_evidence"": false, ""has_metadata_value_evidence"": false, ""has_title_evidence"": true, ""metadata_columns"": [], ""occurrence_count"": 1, ""table_count"": 1}",measure,codex_domain_inferred_primary,Domain-inferred audit: title evidence names a measured statistical phenomenon. Primary targeted reclaim label.,targeted_reclaim,title_full
term_a0e8c0ddd179e3a19198,Contribution of recycled materials to raw materials demand - end-of-life recycling input rates (EOL-RIR),contribution of recycled materials to raw materials demand - end-of-life recycling input rates (eol-rir),validation,title_full|occ_1|tables_1|title|no_header|no_value|single_role,1,1,"{""title_full"": 1}","{""has_header_evidence"": false, ""has_metadata_value_evidence"": false, ""has_title_evidence"": true, ""metadata_columns"": [], ""occurrence_count"": 1, ""table_count"": 1}",measure,codex_domain_inferred_primary,Domain-inferred audit: title evidence names a measured statistical phenomenon. Primary targeted reclaim label.,targeted_reclaim,title_full
term_a1d39b0f58f58885ef03,Ammonia emissions from agriculture - % of total emissions,ammonia emissions from agriculture - % of total emissions,validation,title_full|occ_1|tables_1|title|no_header|no_value|single_role,1,1,"{""title_full"": 1}","{""has_header_evidence"": false, ""has_metadata_value_evidence"": false, ""has_title_evidence"": true, ""metadata_columns"": [], ""occurrence_count"": 1, ""table_count"": 1}",measure,codex_domain_inferred_primary,Domain-inferred audit: title evidence names a measured statistical phenomenon. Primary targeted reclaim label.,targeted_reclaim,title_full
term_a1ea7fd6fd9a6053806a,Purchasing Power Parities in the European Union (Duty stations) - index (Brussels = 1),purchasing power parities in the european union (duty stations) - index (brussels = 1),validation,title_full|occ_1|tables_1|title|no_header|no_value|single_role,1,1,"{""title_full"": 1}","{""has_header_evidence"": false, ""has_metadata_value_evidence"": false, ""has_title_evidence"": true, ""metadata_columns"": [], ""occurrence_count"": 1, ""table_count"": 1}",measure,codex_domain_inferred_primary,Domain-inferred audit: title evidence names a measured statistical phenomenon. Primary targeted reclaim label.,targeted_reclaim,title_full
term_a2238b63e06e72e5c3db,"Water exploitation index, plus (WEI+)","water exploitation index, plus (wei+)",validation,title_full|occ_1|tables_1|title|no_header|no_value|single_role,1,1,"{""title_full"": 1}","{""has_header_evidence"": false, ""has_metadata_value_evidence"": false, ""has_title_evidence"": true, ""metadata_columns"": [], ""occurrence_count"": 1, ""table_count"": 1}",measure,codex_domain_inferred_primary,Domain-inferred audit: title evidence names a measured statistical phenomenon. Primary targeted reclaim label.,targeted_reclaim,title_full
term_a4a393bb61b7f0f6fddd,3-month rates for euro area countries - annual data,3-month rates for euro area countries - annual data,validation,title_full|occ_1|tables_1|title|no_header|no_value|single_role,1,1,"{""title_full"": 1}","{""has_header_evidence"": false, ""has_metadata_value_evidence"": false, ""has_title_evidence"": true, ""metadata_columns"": [], ""occurrence_count"": 1, ""table_count"": 1}",measure,codex_domain_inferred_primary,Domain-inferred audit: title evidence names a measured statistical phenomenon. Primary targeted reclaim label.,targeted_reclaim,title_full
term_a968943d1710d36e3932,Persons aged 25-34 with tertiary educational attainment level,persons aged 25-34 with tertiary educational attainment level,validation,title_full|occ_1|tables_1|title|no_header|no_value|single_role,1,1,"{""title_full"": 1}","{""has_header_evidence"": false, ""has_metadata_value_evidence"": false, ""has_title_evidence"": true, ""metadata_columns"": [], ""occurrence_count"": 1, ""table_count"": 1}",measure,codex_domain_inferred_primary,Domain-inferred audit: title evidence names a measured statistical phenomenon. Primary targeted reclaim label.,targeted_reclaim,title_full
term_a9de94cae9218e50d61e,Age at which the person first received an old-age pension,age at which the person first received an old-age pension,validation,title_full|occ_1|tables_1|title|no_header|no_value|single_role,1,1,"{""title_full"": 1}","{""has_header_evidence"": false, ""has_metadata_value_evidence"": false, ""has_title_evidence"": true, ""metadata_columns"": [], ""occurrence_count"": 1, ""table_count"": 1}",measure,codex_domain_inferred_primary,Domain-inferred audit: title evidence names a measured statistical phenomenon. Primary targeted reclaim label.,targeted_reclaim,title_full
term_af256c1aad4ed67c73cb,Common bird index by type of species - EU aggregate,common bird index by type of species - eu aggregate,validation,title_full|occ_1|tables_1|title|no_header|no_value|single_role,1,1,"{""title_full"": 1}","{""has_header_evidence"": false, ""has_metadata_value_evidence"": false, ""has_title_evidence"": true, ""metadata_columns"": [], ""occurrence_count"": 1, ""table_count"": 1}",measure,codex_domain_inferred_primary,Domain-inferred audit: title evidence names a measured statistical phenomenon. Primary targeted reclaim label.,targeted_reclaim,title_full
term_b9412a1b7ab718be5c1b,"Private sector debt, non-consolidated","private sector debt, non-consolidated",validation,title_full|occ_1|tables_1|title|no_header|no_value|single_role,1,1,"{""title_full"": 1}","{""has_header_evidence"": false, ""has_metadata_value_evidence"": false, ""has_title_evidence"": true, ""metadata_columns"": [], ""occurrence_count"": 1, ""table_count"": 1}",measure,codex_domain_inferred_primary,Domain-inferred audit: title evidence names a measured statistical phenomenon. Primary targeted reclaim label.,targeted_reclaim,title_full
term_b9d2e73ff923d9dee35f,Median of the housing cost burden distribution by age group - EU-SILC survey,median of the housing cost burden distribution by age group - eu-silc survey,validation,title_full|occ_1|tables_1|title|no_header|no_value|single_role,1,1,"{""title_full"": 1}","{""has_header_evidence"": false, ""has_metadata_value_evidence"": false, ""has_title_evidence"": true, ""metadata_columns"": [], ""occurrence_count"": 1, ""table_count"": 1}",measure,codex_domain_inferred_primary,Domain-inferred audit: title evidence names a measured statistical phenomenon. Primary targeted reclaim label.,targeted_reclaim,title_full
term_c2eac31babcbf50d29ec,Household saving rate,household saving rate,validation,title_full|occ_2_5|tables_2_5|title|no_header|no_value|single_role,2,2,"{""title_full"": 2}","{""has_header_evidence"": false, ""has_metadata_value_evidence"": false, ""has_title_evidence"": true, ""metadata_columns"": [], ""occurrence_count"": 2, ""table_count"": 2}",measure,codex_domain_inferred_primary,Domain-inferred audit: title evidence names a measured statistical phenomenon. Primary targeted reclaim label.,targeted_reclaim,title_full
term_c5b6d6213a3f115d6a9f,Aggregate propensity to consume by degree of urbanisation - experimental statistics,aggregate propensity to consume by degree of urbanisation - experimental statistics,validation,title_full|occ_1|tables_1|title|no_header|no_value|single_role,1,1,"{""title_full"": 1}","{""has_header_evidence"": false, ""has_metadata_value_evidence"": false, ""has_title_evidence"": true, ""metadata_columns"": [], ""occurrence_count"": 1, ""table_count"": 1}",measure,codex_domain_inferred_primary,Domain-inferred audit: title evidence names a measured statistical phenomenon. Primary targeted reclaim label.,targeted_reclaim,title_full
term_c6b62adcbff51d6e3318,Abortion indicators,abortion indicators,validation,title_full|occ_1|tables_1|title|no_header|no_value|single_role,1,1,"{""title_full"": 1}","{""has_header_evidence"": false, ""has_metadata_value_evidence"": false, ""has_title_evidence"": true, ""metadata_columns"": [], ""occurrence_count"": 1, ""table_count"": 1}",measure,codex_domain_inferred_primary,Domain-inferred audit: title evidence names a measured statistical phenomenon. Primary targeted reclaim label.,targeted_reclaim,title_full
term_cbeb5ff501e35233c9bf,"Monthly earnings by quantiles and contractual working time (enterprises with 10 employed persons or more) - NACE Rev. 2, B-S excluding O","monthly earnings by quantiles and contractual working time (enterprises with 10 employed persons or more) - nace rev. 2, b-s excluding o",validation,title_full|occ_2_5|tables_2_5|title|no_header|no_value|single_role,2,2,"{""title_full"": 2}","{""has_header_evidence"": false, ""has_metadata_value_evidence"": false, ""has_title_evidence"": true, ""metadata_columns"": [], ""occurrence_count"": 2, ""table_count"": 2}",measure,codex_domain_inferred_primary,Domain-inferred audit: title evidence names a measured statistical phenomenon. Primary targeted reclaim label.,targeted_reclaim,title_full
term_d02d5a8beed347abd885,Households that have internet access at home by NUTS 2 region,households that have internet access at home by nuts 2 region,validation,title_full|occ_1|tables_1|title|no_header|no_value|single_role,1,1,"{""title_full"": 1}","{""has_header_evidence"": false, ""has_metadata_value_evidence"": false, ""has_title_evidence"": true, ""metadata_columns"": [], ""occurrence_count"": 1, ""table_count"": 1}",measure,codex_domain_inferred_primary,Domain-inferred audit: title evidence names a measured statistical phenomenon. Primary targeted reclaim label.,targeted_reclaim,title_full
term_d33d2453df95ab57b4e2,Recycling rate of municipal waste,recycling rate of municipal waste,validation,title_full|occ_2_5|tables_2_5|title|no_header|no_value|single_role,2,2,"{""title_full"": 2}","{""has_header_evidence"": false, ""has_metadata_value_evidence"": false, ""has_title_evidence"": true, ""metadata_columns"": [], ""occurrence_count"": 2, ""table_count"": 2}",measure,codex_domain_inferred_primary,Domain-inferred audit: title evidence names a measured statistical phenomenon. Primary targeted reclaim label.,targeted_reclaim,title_full
term_d3da241238cf6237aaf4,Apparent cost of general government gross debt,apparent cost of general government gross debt,validation,title_full|occ_1|tables_1|title|no_header|no_value|single_role,1,1,"{""title_full"": 1}","{""has_header_evidence"": false, ""has_metadata_value_evidence"": false, ""has_title_evidence"": true, ""metadata_columns"": [], ""occurrence_count"": 1, ""table_count"": 1}",measure,codex_domain_inferred_primary,Domain-inferred audit: title evidence names a measured statistical phenomenon. Primary targeted reclaim label.,targeted_reclaim,title_full
term_d6c7c89a6a8c6a833f4e,Activity rate by sex,activity rate by sex,validation,title_full|occ_1|tables_1|title|no_header|no_value|single_role,1,1,"{""title_full"": 1}","{""has_header_evidence"": false, ""has_metadata_value_evidence"": false, ""has_title_evidence"": true, ""metadata_columns"": [], ""occurrence_count"": 1, ""table_count"": 1}",measure,codex_domain_inferred_primary,Domain-inferred audit: title evidence names a measured statistical phenomenon. Primary targeted reclaim label.,targeted_reclaim,title_full
term_d936cce771b506a7c321,Gross saving,gross saving,validation,title_full|occ_1|tables_1|title|no_header|no_value|single_role,1,1,"{""title_full"": 1}","{""has_header_evidence"": false, ""has_metadata_value_evidence"": false, ""has_title_evidence"": true, ""metadata_columns"": [], ""occurrence_count"": 1, ""table_count"": 1}",measure,codex_domain_inferred_primary,Domain-inferred audit: title evidence names a measured statistical phenomenon. Primary targeted reclaim label.,targeted_reclaim,title_full
term_df1e5c7ae546edb87aaf,Applicants having benefited from material reception conditions at the end of the reference year - annual data,applicants having benefited from material reception conditions at the end of the reference year - annual data,validation,title_full|occ_1|tables_1|title|no_header|no_value|single_role,1,1,"{""title_full"": 1}","{""has_header_evidence"": false, ""has_metadata_value_evidence"": false, ""has_title_evidence"": true, ""metadata_columns"": [], ""occurrence_count"": 1, ""table_count"": 1}",measure,codex_domain_inferred_primary,Domain-inferred audit: title evidence names a measured statistical phenomenon. Primary targeted reclaim label.,targeted_reclaim,title_full
term_dfad7967b9279d6847df,Trade balance - ENP-East countries,trade balance - enp-east countries,validation,title_full|occ_1|tables_1|title|no_header|no_value|single_role,1,1,"{""title_full"": 1}","{""has_header_evidence"": false, ""has_metadata_value_evidence"": false, ""has_title_evidence"": true, ""metadata_columns"": [], ""occurrence_count"": 1, ""table_count"": 1}",measure,codex_domain_inferred_primary,Domain-inferred audit: title evidence names a measured statistical phenomenon. Primary targeted reclaim label.,targeted_reclaim,title_full
term_e012724b204aae25aa07,"Annual earnings by economic control (enterprises with 10 employed persons or more) - NACE Rev. 1.1, C-O excluding L","annual earnings by economic control (enterprises with 10 employed persons or more) - nace rev. 1.1, c-o excluding l",validation,title_full|occ_1|tables_1|title|no_header|no_value|single_role,1,1,"{""title_full"": 1}","{""has_header_evidence"": false, ""has_metadata_value_evidence"": false, ""has_title_evidence"": true, ""metadata_columns"": [], ""occurrence_count"": 1, ""table_count"": 1}",measure,codex_domain_inferred_primary,Domain-inferred audit: title evidence names a measured statistical phenomenon. Primary targeted reclaim label.,targeted_reclaim,title_full
term_e7a61b07373085649f64,All valid permits by reason on 31 December of each year,all valid permits by reason on 31 december of each year,final_test,title_full|occ_1|tables_1|title|no_header|no_value|single_role,1,1,"{""title_full"": 1}","{""has_header_evidence"": false, ""has_metadata_value_evidence"": false, ""has_title_evidence"": true, ""metadata_columns"": [], ""occurrence_count"": 1, ""table_count"": 1}",measure,codex_domain_inferred_primary,Domain-inferred audit: title evidence names a measured statistical phenomenon. Primary targeted reclaim label.,targeted_reclaim,title_full
term_ec3854936cdf4e1324e0,Business written in non-EEA countries,business written in non-eea countries,final_test,title_full|occ_1|tables_1|title|no_header|no_value|single_role,1,1,"{""title_full"": 1}","{""has_header_evidence"": false, ""has_metadata_value_evidence"": false, ""has_title_evidence"": true, ""metadata_columns"": [], ""occurrence_count"": 1, ""table_count"": 1}",measure,codex_domain_inferred_primary,Domain-inferred audit: title evidence names a measured statistical phenomenon. Primary targeted reclaim label.,targeted_reclaim,title_full
term_ee434dbf13471413f354,"Annual earnings by quantiles and contractual working time (enterprises with 10 employed persons or more) - NACE Rev. 1.1, C-O excluding L","annual earnings by quantiles and contractual working time (enterprises with 10 employed persons or more) - nace rev. 1.1, c-o excluding l",final_test,title_full|occ_1|tables_1|title|no_header|no_value|single_role,1,1,"{""title_full"": 1}","{""has_header_evidence"": false, ""has_metadata_value_evidence"": false, ""has_title_evidence"": true, ""metadata_columns"": [], ""occurrence_count"": 1, ""table_count"": 1}",measure,codex_domain_inferred_primary,Domain-inferred audit: title evidence names a measured statistical phenomenon. Primary targeted reclaim label.,targeted_reclaim,title_full
term_f7887bf53a4673ca954f,Intermediate services trade,intermediate services trade,final_test,title_full|occ_1|tables_1|title|no_header|no_value|single_role,1,1,"{""title_full"": 1}","{""has_header_evidence"": false, ""has_metadata_value_evidence"": false, ""has_title_evidence"": true, ""metadata_columns"": [], ""occurrence_count"": 1, ""table_count"": 1}",measure,codex_domain_inferred_primary,Domain-inferred audit: title evidence names a measured statistical phenomenon. Primary targeted reclaim label.,targeted_reclaim,title_full
term_f8b8d4685a58c4e867cb,In-work at-risk-of-poverty rate,in-work at-risk-of-poverty rate,final_test,title_full|occ_1|tables_1|title|no_header|no_value|single_role,1,1,"{""title_full"": 1}","{""has_header_evidence"": false, ""has_metadata_value_evidence"": false, ""has_title_evidence"": true, ""metadata_columns"": [], ""occurrence_count"": 1, ""table_count"": 1}",measure,codex_domain_inferred_primary,Domain-inferred audit: title evidence names a measured statistical phenomenon. Primary targeted reclaim label.,targeted_reclaim,title_full
term_fabbf309b5c9703c961b,Air emissions intensity of manufacturing,air emissions intensity of manufacturing,final_test,title_full|occ_1|tables_1|title|no_header|no_value|single_role,1,1,"{""title_full"": 1}","{""has_header_evidence"": false, ""has_metadata_value_evidence"": false, ""has_title_evidence"": true, ""metadata_columns"": [], ""occurrence_count"": 1, ""table_count"": 1}",measure,codex_domain_inferred_primary,Domain-inferred audit: title evidence names a measured statistical phenomenon. Primary targeted reclaim label.,targeted_reclaim,title_full
term_fbbc91e806db4f982f57,Annual net earnings of a full-time single worker without children earning an average wage,annual net earnings of a full-time single worker without children earning an average wage,final_test,title_full|occ_1|tables_1|title|no_header|no_value|single_role,1,1,"{""title_full"": 1}","{""has_header_evidence"": false, ""has_metadata_value_evidence"": false, ""has_title_evidence"": true, ""metadata_columns"": [], ""occurrence_count"": 1, ""table_count"": 1}",measure,codex_domain_inferred_primary,Domain-inferred audit: title evidence names a measured statistical phenomenon. Primary targeted reclaim label.,targeted_reclaim,title_full
term_fc2f8d2d5515dc34a85a,Average number of weekly hours of formal care by age group - children with or without formal care,average number of weekly hours of formal care by age group - children with or without formal care,final_test,title_full|occ_1|tables_1|title|no_header|no_value|single_role,1,1,"{""title_full"": 1}","{""has_header_evidence"": false, ""has_metadata_value_evidence"": false, ""has_title_evidence"": true, ""metadata_columns"": [], ""occurrence_count"": 1, ""table_count"": 1}",measure,codex_domain_inferred_primary,Domain-inferred audit: title evidence names a measured statistical phenomenon. Primary targeted reclaim label.,targeted_reclaim,title_full
term_fc37453713d8145719e4,"Private sector credit flow: loans by sectors, consolidated - million units of national currency","private sector credit flow: loans by sectors, consolidated - million units of national currency",final_test,title_full|occ_1|tables_1|title|no_header|no_value|single_role,1,1,"{""title_full"": 1}","{""has_header_evidence"": false, ""has_metadata_value_evidence"": false, ""has_title_evidence"": true, ""metadata_columns"": [], ""occurrence_count"": 1, ""table_count"": 1}",measure,codex_domain_inferred_primary,Domain-inferred audit: title evidence names a measured statistical phenomenon. Primary targeted reclaim label.,targeted_reclaim,title_full
term_fecd3f8e4c2245ae4fd6,Adult participation in learning by sex,adult participation in learning by sex,final_test,title_full|occ_1|tables_1|title|no_header|no_value|single_role,1,1,"{""title_full"": 1}","{""has_header_evidence"": false, ""has_metadata_value_evidence"": false, ""has_title_evidence"": true, ""metadata_columns"": [], ""occurrence_count"": 1, ""table_count"": 1}",measure,codex_domain_inferred_primary,Domain-inferred audit: title evidence names a measured statistical phenomenon. Primary targeted reclaim label.,targeted_reclaim,title_full
term_0085158832a03c12d356,Bratislava - Petrzalka St.Hr. - Bratislava - Petrzalka *2,bratislava - petrzalka st.hr. - bratislava - petrzalka *2,final_test,metadata_value|occ_2_5|tables_1|no_title|no_header|value|single_role,1,3,"{""metadata_value"": 3}","{""has_header_evidence"": false, ""has_metadata_value_evidence"": true, ""has_title_evidence"": false, ""metadata_columns"": [""Rail network segment (2005)""], ""occurrence_count"": 3, ""table_count"": 1}",dimension_value,codex_domain_inferred_primary,Domain-inferred audit: metadata or domain evidence identifies a member of a dimension. Primary targeted reclaim label.,targeted_reclaim,unit_range_digit_metadata_value
term_054d87aef01de33fc7dc,At risk of poverty rate (cut-off point: 60% of median equivalised income after social transfers),at risk of poverty rate (cut-off point: 60% of median equivalised income after social transfers),final_test,metadata_value|occ_21_plus|tables_6_20|no_title|no_header|value|single_role,19,1737,"{""metadata_value"": 1737}","{""has_header_evidence"": false, ""has_metadata_value_evidence"": true, ""has_title_evidence"": false, ""metadata_columns"": [""Income and living conditions indicator""], ""occurrence_count"": 1737, ""table_count"": 19}",dimension_value,codex_domain_inferred_primary,Domain-inferred audit: metadata or domain evidence identifies a member of a dimension. Primary targeted reclaim label.,targeted_reclaim,unit_range_digit_metadata_value
term_13c2334529ae74d24317,CPA_J6512,cpa_j6512,final_test,metadata_value|occ_21_plus|tables_6_20|no_title|no_header|value|single_role,6,82,"{""metadata_value"": 82}","{""has_header_evidence"": false, ""has_metadata_value_evidence"": true, ""has_title_evidence"": false, ""metadata_columns"": [""cpa02""], ""occurrence_count"": 82, ""table_count"": 6}",dimension_value,codex_domain_inferred_primary,Domain-inferred audit: metadata or domain evidence identifies a member of a dimension. Primary targeted reclaim label.,targeted_reclaim,unit_range_digit_metadata_value
term_145641e8ec28d35cea80,Enterprises - number,enterprises - number,final_test,metadata_value|occ_21_plus|tables_6_20|no_title|no_header|value|single_role,14,2236,"{""metadata_value"": 2236}","{""has_header_evidence"": false, ""has_metadata_value_evidence"": true, ""has_title_evidence"": false, ""metadata_columns"": [""Economical indicator for structural business statistics""], ""occurrence_count"": 2236, ""table_count"": 14}",dimension_value,codex_domain_inferred_primary,Domain-inferred audit: metadata or domain evidence identifies a member of a dimension. Primary targeted reclaim label.,targeted_reclaim,unit_range_digit_metadata_value
term_1ad17798898ecec67e10,Upper secondary and post-secondary non-tertiary education (levels 3 and 4),upper secondary and post-secondary non-tertiary education (levels 3 and 4),final_test,metadata_value|occ_21_plus|tables_6_20|no_title|no_header|value|single_role,20,742,"{""metadata_value"": 742}","{""has_header_evidence"": false, ""has_metadata_value_evidence"": true, ""has_title_evidence"": false, ""metadata_columns"": [""International Standard Classification of Education (ISCED 1997)"", ""International Standard Classification of Education (ISCED 2011)""], ""occurrence_count"": 742, ""table_count"": 20}",dimension_value,codex_domain_inferred_primary,Domain-inferred audit: metadata or domain evidence identifies a member of a dimension. Primary targeted reclaim label.,targeted_reclaim,unit_range_digit_metadata_value
term_2fc95b304ed63ef18da6,250 persons employed or more,250 persons employed or more,final_test,metadata_value|occ_21_plus|tables_6_20|no_title|no_header|value|single_role,12,479,"{""metadata_value"": 479}","{""has_header_evidence"": false, ""has_metadata_value_evidence"": true, ""has_title_evidence"": false, ""metadata_columns"": [""Size classes in number of persons employed""], ""occurrence_count"": 479, ""table_count"": 12}",dimension_value,codex_domain_inferred_primary,Domain-inferred audit: metadata or domain evidence identifies a member of a dimension. Primary targeted reclaim label.,targeted_reclaim,unit_range_digit_metadata_value
term_309cce7dc3b805203a26,Number of plants,number of plants,final_test,metadata_value|occ_6_20|tables_1|no_title|no_header|value|single_role,1,6,"{""metadata_value"": 6}","{""has_header_evidence"": false, ""has_metadata_value_evidence"": true, ""has_title_evidence"": false, ""metadata_columns"": [""Plant capacity""], ""occurrence_count"": 6, ""table_count"": 1}",dimension_value,codex_domain_inferred_primary,Domain-inferred audit: metadata or domain evidence identifies a member of a dimension. Primary targeted reclaim label.,targeted_reclaim,unit_range_digit_metadata_value
term_33d9f1267999db0b1fbc,Rodange - Rodange Frt (B1) (Athus),rodange - rodange frt (b1) (athus),final_test,metadata_value|occ_6_20|tables_2_5|no_title|no_header|value|single_role,4,8,"{""metadata_value"": 8}","{""has_header_evidence"": false, ""has_metadata_value_evidence"": true, ""has_title_evidence"": false, ""metadata_columns"": [""Rail network Segment (2015)"", ""Rail network segment (2005)"", ""Rail network segment (2010)"", ""Rail network segment (2020)""], ""occurrence_count"": 8, ""table_count"": 4}",dimension_value,codex_domain_inferred_primary,Domain-inferred audit: metadata or domain evidence identifies a member of a dimension. Primary targeted reclaim label.,targeted_reclaim,unit_range_digit_metadata_value
term_3945fb4c3d52f47e841a,Tonnes of CO2 equivalent,tonnes of co2 equivalent,final_test,metadata_value|occ_2_5|tables_1|no_title|no_header|value|single_role,1,4,"{""metadata_value"": 4}","{""has_header_evidence"": false, ""has_metadata_value_evidence"": true, ""has_title_evidence"": false, ""metadata_columns"": [""Unit of measure""], ""occurrence_count"": 4, ""table_count"": 1}",unit,codex_domain_inferred_primary,"Domain-inferred audit: source evidence identifies a measurement unit, scale, rate, or unit code. Primary targeted reclaim label.",targeted_reclaim,unit_range_digit_metadata_value
term_42b74c6656b1bc288aaf,Area (cultivation/harvested/production) (1000 ha),area (cultivation/harvested/production) (1000 ha),final_test,metadata_value|occ_21_plus|tables_6_20|no_title|no_header|value|single_role,12,1010,"{""metadata_value"": 1010}","{""has_header_evidence"": false, ""has_metadata_value_evidence"": true, ""has_title_evidence"": false, ""metadata_columns"": [""Structure of production""], ""occurrence_count"": 1010, ""table_count"": 12}",dimension_value,codex_domain_inferred_primary,Domain-inferred audit: metadata or domain evidence identifies a member of a dimension. Primary targeted reclaim label.,targeted_reclaim,unit_range_digit_metadata_value
term_5aa773228117610f87c8,J6512_J652,j6512_j652,final_test,metadata_value|occ_21_plus|tables_6_20|no_title|no_header|value|single_role,8,550,"{""metadata_value"": 550}","{""has_header_evidence"": false, ""has_metadata_value_evidence"": true, ""has_title_evidence"": false, ""metadata_columns"": [""nace_r1""], ""occurrence_count"": 550, ""table_count"": 8}",dimension_value,codex_domain_inferred_primary,Domain-inferred audit: metadata or domain evidence identifies a member of a dimension. Primary targeted reclaim label.,targeted_reclaim,unit_range_digit_metadata_value
term_612f5ca2583871fccfdc,Above 60%,above 60%,final_test,metadata_value|occ_21_plus|tables_6_20|no_title|no_header|value|single_role,10,557,"{""metadata_value"": 557}","{""has_header_evidence"": false, ""has_metadata_value_evidence"": true, ""has_title_evidence"": false, ""metadata_columns"": [""Risk of poverty threshold""], ""occurrence_count"": 557, ""table_count"": 10}",dimension_value,codex_domain_inferred_primary,Domain-inferred audit: metadata or domain evidence identifies a member of a dimension. Primary targeted reclaim label.,targeted_reclaim,unit_range_digit_metadata_value
term_637bad5463c2b87fbd36,Relative poverty gap (cut-off point: 60% of median equivalised income),relative poverty gap (cut-off point: 60% of median equivalised income),final_test,metadata_value|occ_21_plus|tables_2_5|no_title|no_header|value|single_role,5,427,"{""metadata_value"": 427}","{""has_header_evidence"": false, ""has_metadata_value_evidence"": true, ""has_title_evidence"": false, ""metadata_columns"": [""Income and living conditions indicator""], ""occurrence_count"": 427, ""table_count"": 5}",dimension_value,codex_domain_inferred_primary,Domain-inferred audit: metadata or domain evidence identifies a member of a dimension. Primary targeted reclaim label.,targeted_reclaim,unit_range_digit_metadata_value
term_682c58657e0d2cb0489b,Marine area (km2),marine area (km2),final_test,metadata_value|occ_21_plus|tables_1|no_title|no_header|value|single_role,1,28,"{""metadata_value"": 28}","{""has_header_evidence"": false, ""has_metadata_value_evidence"": true, ""has_title_evidence"": false, ""metadata_columns"": [""Protected or protective area""], ""occurrence_count"": 28, ""table_count"": 1}",dimension_value,codex_domain_inferred_primary,Domain-inferred audit: metadata or domain evidence identifies a member of a dimension. Primary targeted reclaim label.,targeted_reclaim,unit_range_digit_metadata_value
term_6a7fb789a63339eb8f7f,50 hours or over,50 hours or over,final_test,metadata_value|occ_6_20|tables_2_5|no_title|no_header|value|single_role,2,18,"{""metadata_value"": 18}","{""has_header_evidence"": false, ""has_metadata_value_evidence"": true, ""has_title_evidence"": false, ""metadata_columns"": [""Working time""], ""occurrence_count"": 18, ""table_count"": 2}",dimension_value,codex_domain_inferred_primary,Domain-inferred audit: metadata or domain evidence identifies a member of a dimension. Primary targeted reclaim label.,targeted_reclaim,unit_range_digit_metadata_value
term_70cbe31690b92e0e18a3,Very low work intensity (0-0.2),very low work intensity (0-0.2),final_test,metadata_value|occ_21_plus|tables_2_5|no_title|no_header|value|single_role,4,434,"{""metadata_value"": 434}","{""has_header_evidence"": false, ""has_metadata_value_evidence"": true, ""has_title_evidence"": false, ""metadata_columns"": [""Work intensity""], ""occurrence_count"": 434, ""table_count"": 4}",dimension_value,codex_domain_inferred_primary,Domain-inferred audit: metadata or domain evidence identifies a member of a dimension. Primary targeted reclaim label.,targeted_reclaim,unit_range_digit_metadata_value
term_7167b55a27fae63ee5f9,"Other community, social and personal service activities","other community, social and personal service activities",final_test,metadata_value|occ_6_20|tables_2_5|no_title|no_header|value|single_role,2,18,"{""metadata_value"": 18}","{""has_header_evidence"": false, ""has_metadata_value_evidence"": true, ""has_title_evidence"": false, ""metadata_columns"": [""Statistical classification of economic activities in the European Community (NACE Rev. 1.1)""], ""occurrence_count"": 18, ""table_count"": 2}",dimension_value,codex_domain_inferred_primary,Domain-inferred audit: metadata or domain evidence identifies a member of a dimension. Primary targeted reclaim label.,targeted_reclaim,unit_range_digit_metadata_value
term_73bcaf0c9444835dd312,Single person,single person,final_test,metadata_value|occ_21_plus|tables_6_20|no_title|no_header|value|single_role,10,542,"{""metadata_value"": 542}","{""has_header_evidence"": false, ""has_metadata_value_evidence"": true, ""has_title_evidence"": false, ""metadata_columns"": [""Type of household""], ""occurrence_count"": 542, ""table_count"": 10}",dimension_value,codex_domain_inferred_primary,Domain-inferred audit: metadata or domain evidence identifies a member of a dimension. Primary targeted reclaim label.,targeted_reclaim,unit_range_digit_metadata_value
term_8712dde3318e2a48c4ac,4 days or over,4 days or over,final_test,metadata_value|occ_21_plus|tables_6_20|no_title|no_header|value|single_role,10,454,"{""metadata_value"": 454}","{""has_header_evidence"": false, ""has_metadata_value_evidence"": true, ""has_title_evidence"": false, ""metadata_columns"": [""Severity (days lost)""], ""occurrence_count"": 454, ""table_count"": 10}",dimension_value,codex_domain_inferred_primary,Domain-inferred audit: metadata or domain evidence identifies a member of a dimension. Primary targeted reclaim label.,targeted_reclaim,unit_range_digit_metadata_value
term_89a9eaff4e41072604a3,Euro per household,euro per household,final_test,metadata_value|occ_21_plus|tables_1|no_title|no_header|value|single_role,1,47,"{""metadata_value"": 47}","{""has_header_evidence"": false, ""has_metadata_value_evidence"": true, ""has_title_evidence"": false, ""metadata_columns"": [""Unit of measure""], ""occurrence_count"": 47, ""table_count"": 1}",unit,codex_domain_inferred_primary,"Domain-inferred audit: source evidence identifies a measurement unit, scale, rate, or unit code. Primary targeted reclaim label.",targeted_reclaim,unit_range_digit_metadata_value
term_8b9d097148cfb9b4c153,"Euro per kilogram, chain linked volumes (2015)","euro per kilogram, chain linked volumes (2015)",final_test,metadata_value|occ_21_plus|tables_2_5|no_title|no_header|value|single_role,2,72,"{""metadata_value"": 72}","{""has_header_evidence"": false, ""has_metadata_value_evidence"": true, ""has_title_evidence"": false, ""metadata_columns"": [""Unit of measure""], ""occurrence_count"": 72, ""table_count"": 2}",unit,codex_domain_inferred_primary,"Domain-inferred audit: source evidence identifies a measurement unit, scale, rate, or unit code. Primary targeted reclaim label.",targeted_reclaim,unit_range_digit_metadata_value
term_97f0e9ad3927accc07a0,Below 60%,below 60%,final_test,metadata_value|occ_21_plus|tables_6_20|no_title|no_header|value|single_role,10,557,"{""metadata_value"": 557}","{""has_header_evidence"": false, ""has_metadata_value_evidence"": true, ""has_title_evidence"": false, ""metadata_columns"": [""Risk of poverty threshold""], ""occurrence_count"": 557, ""table_count"": 10}",dimension_value,codex_domain_inferred_primary,Domain-inferred audit: metadata or domain evidence identifies a member of a dimension. Primary targeted reclaim label.,targeted_reclaim,unit_range_digit_metadata_value
term_9d907da3071ead843171,European Union (aggregate changing according to the context) and Norway,european union (aggregate changing according to the context) and norway,final_test,metadata_value|occ_21_plus|tables_6_20|no_title|no_header|value|single_role,11,495,"{""metadata_value"": 495}","{""has_header_evidence"": false, ""has_metadata_value_evidence"": true, ""has_title_evidence"": false, ""metadata_columns"": [""Geopolitical entity (reporting)\\Time""], ""occurrence_count"": 495, ""table_count"": 11}",dimension_value,codex_domain_inferred_primary,Domain-inferred audit: metadata or domain evidence identifies a member of a dimension. Primary targeted reclaim label.,targeted_reclaim,unit_range_digit_metadata_value
term_9ed6b6b08869c2ed0659,Maturity: 20 years,maturity: 20 years,final_test,metadata_value|occ_6_20|tables_1|no_title|no_header|value|single_role,1,6,"{""metadata_value"": 6}","{""has_header_evidence"": false, ""has_metadata_value_evidence"": true, ""has_title_evidence"": false, ""metadata_columns"": [""Maturity""], ""occurrence_count"": 6, ""table_count"": 1}",dimension_value,codex_domain_inferred_primary,Domain-inferred audit: metadata or domain evidence identifies a member of a dimension. Primary targeted reclaim label.,targeted_reclaim,unit_range_digit_metadata_value
term_9ff241b374540f40f239,CPA_J6512AC,cpa_j6512ac,final_test,metadata_value|occ_21_plus|tables_6_20|no_title|no_header|value|single_role,6,36,"{""metadata_value"": 36}","{""has_header_evidence"": false, ""has_metadata_value_evidence"": true, ""has_title_evidence"": false, ""metadata_columns"": [""cpa02""], ""occurrence_count"": 36, ""table_count"": 6}",dimension_value,codex_domain_inferred_primary,Domain-inferred audit: metadata or domain evidence identifies a member of a dimension. Primary targeted reclaim label.,targeted_reclaim,unit_range_digit_metadata_value
term_a24e61fe0595c13551a2,Inicio Variante de Alcácer (agulha 4I de Pinheiro) - Extremo Variante de Alcácer (agulha 3 de Grândola Norte),inicio variante de alcácer (agulha 4i de pinheiro) - extremo variante de alcácer (agulha 3 de grândola norte),final_test,metadata_value|occ_6_20|tables_2_5|no_title|no_header|value|single_role,2,6,"{""metadata_value"": 6}","{""has_header_evidence"": false, ""has_metadata_value_evidence"": true, ""has_title_evidence"": false, ""metadata_columns"": [""Rail network Segment (2015)"", ""Rail network segment (2020)""], ""occurrence_count"": 6, ""table_count"": 2}",dimension_value,codex_domain_inferred_primary,Domain-inferred audit: metadata or domain evidence identifies a member of a dimension. Primary targeted reclaim label.,targeted_reclaim,unit_range_digit_metadata_value
term_a8c49a0906a8cbf03f1e,Gross household saving rate (B8G/(B6G+D8Net)*100),gross household saving rate (b8g/(b6g+d8net)*100),final_test,metadata_value|occ_21_plus|tables_2_5|no_title|no_header|value|single_role,2,72,"{""metadata_value"": 72}","{""has_header_evidence"": false, ""has_metadata_value_evidence"": true, ""has_title_evidence"": false, ""metadata_columns"": [""National accounts indicator (ESA 2010)""], ""occurrence_count"": 72, ""table_count"": 2}",dimension_value,codex_domain_inferred_primary,Domain-inferred audit: metadata or domain evidence identifies a member of a dimension. Primary targeted reclaim label.,targeted_reclaim,unit_range_digit_metadata_value
term_b6fbe1a1164a60243d1a,More than 2 megabits per second (Mbps),more than 2 megabits per second (mbps),final_test,metadata_value|occ_21_plus|tables_1|no_title|no_header|value|single_role,1,32,"{""metadata_value"": 32}","{""has_header_evidence"": false, ""has_metadata_value_evidence"": true, ""has_title_evidence"": false, ""metadata_columns"": [""Internet speed""], ""occurrence_count"": 32, ""table_count"": 1}",dimension_value,codex_domain_inferred_primary,Domain-inferred audit: metadata or domain evidence identifies a member of a dimension. Primary targeted reclaim label.,targeted_reclaim,unit_range_digit_metadata_value
term_bb1bd0caaaefd08a067d,Growth rate on previous period (t/t-1),growth rate on previous period (t/t-1),final_test,metadata_value|occ_21_plus|tables_21_plus|no_title|no_header|value|single_role,24,852,"{""metadata_value"": 852}","{""has_header_evidence"": false, ""has_metadata_value_evidence"": true, ""has_title_evidence"": false, ""metadata_columns"": [""Unit of measure"", ""Unit of measure\\Time""], ""occurrence_count"": 852, ""table_count"": 24}",unit,codex_domain_inferred_primary,"Domain-inferred audit: source evidence identifies a measurement unit, scale, rate, or unit code. Primary targeted reclaim label.",targeted_reclaim,unit_range_digit_metadata_value
term_befc871964f8361b4bcc,Cubic metres per inhabitant,cubic metres per inhabitant,final_test,metadata_value|occ_21_plus|tables_2_5|no_title|no_header|value|single_role,2,273,"{""metadata_value"": 273}","{""has_header_evidence"": false, ""has_metadata_value_evidence"": true, ""has_title_evidence"": false, ""metadata_columns"": [""Unit of measure""], ""occurrence_count"": 273, ""table_count"": 2}",unit,codex_domain_inferred_primary,"Domain-inferred audit: source evidence identifies a measurement unit, scale, rate, or unit code. Primary targeted reclaim label.",targeted_reclaim,unit_range_digit_metadata_value
term_c01a97d69567dcf6be54,"Nominal wage index, ( G ) (index)","nominal wage index, ( g ) (index)",final_test,metadata_value|occ_2_5|tables_1|no_title|no_header|value|single_role,1,2,"{""metadata_value"": 2}","{""has_header_evidence"": false, ""has_metadata_value_evidence"": true, ""has_title_evidence"": false, ""metadata_columns"": [""Indicator used in Euro_Med""], ""occurrence_count"": 2, ""table_count"": 1}",dimension_value,codex_domain_inferred_primary,Domain-inferred audit: metadata or domain evidence identifies a member of a dimension. Primary targeted reclaim label.,targeted_reclaim,unit_range_digit_metadata_value
term_c92118a97bb0432f9c00,Rating (0-10),rating (0-10),final_test,metadata_value|occ_21_plus|tables_6_20|no_title|no_header|value|single_role,7,800,"{""metadata_value"": 800}","{""has_header_evidence"": false, ""has_metadata_value_evidence"": true, ""has_title_evidence"": false, ""metadata_columns"": [""Unit of measure""], ""occurrence_count"": 800, ""table_count"": 7}",unit,codex_domain_inferred_primary,"Domain-inferred audit: source evidence identifies a measurement unit, scale, rate, or unit code. Primary targeted reclaim label.",targeted_reclaim,unit_range_digit_metadata_value
term_d111b7bea6887d492b73,Euro per billion GDP,euro per billion gdp,final_test,metadata_value|occ_21_plus|tables_2_5|no_title|no_header|value|single_role,2,100,"{""metadata_value"": 100}","{""has_header_evidence"": false, ""has_metadata_value_evidence"": true, ""has_title_evidence"": false, ""metadata_columns"": [""Unit of measure""], ""occurrence_count"": 100, ""table_count"": 2}",unit,codex_domain_inferred_primary,"Domain-inferred audit: source evidence identifies a measurement unit, scale, rate, or unit code. Primary targeted reclaim label.",targeted_reclaim,unit_range_digit_metadata_value
term_d31c80bf908221bd3b9a,Above 60% of median equivalised income,above 60% of median equivalised income,final_test,metadata_value|occ_21_plus|tables_6_20|no_title|no_header|value|single_role,11,465,"{""metadata_value"": 465}","{""has_header_evidence"": false, ""has_metadata_value_evidence"": true, ""has_title_evidence"": false, ""metadata_columns"": [""Income situation in relation to the risk of poverty threshold""], ""occurrence_count"": 465, ""table_count"": 11}",dimension_value,codex_domain_inferred_primary,Domain-inferred audit: metadata or domain evidence identifies a member of a dimension. Primary targeted reclaim label.,targeted_reclaim,unit_range_digit_metadata_value
term_da2cf040222a59d70512,Thousand hectares,thousand hectares,final_test,metadata_value|occ_21_plus|tables_2_5|no_title|no_header|value|single_role,5,428,"{""metadata_value"": 428}","{""has_header_evidence"": false, ""has_metadata_value_evidence"": true, ""has_title_evidence"": false, ""metadata_columns"": [""Unit of measure""], ""occurrence_count"": 428, ""table_count"": 5}",unit,codex_domain_inferred_primary,"Domain-inferred audit: source evidence identifies a measurement unit, scale, rate, or unit code. Primary targeted reclaim label.",targeted_reclaim,unit_range_digit_metadata_value
term_dd82d73628ba267ad7a5,Consumption 200 GJ or over - band D3,consumption 200 gj or over - band d3,final_test,metadata_value|occ_21_plus|tables_1|no_title|no_header|value|single_role,1,33,"{""metadata_value"": 33}","{""has_header_evidence"": false, ""has_metadata_value_evidence"": true, ""has_title_evidence"": false, ""metadata_columns"": [""Energy consumption""], ""occurrence_count"": 33, ""table_count"": 1}",dimension_value,codex_domain_inferred_primary,Domain-inferred audit: metadata or domain evidence identifies a member of a dimension. Primary targeted reclaim label.,targeted_reclaim,unit_range_digit_metadata_value
term_ea1545aeb076d8fd9887,Healthy life years in absolute value at 50,healthy life years in absolute value at 50,final_test,metadata_value|occ_21_plus|tables_1|no_title|no_header|value|single_role,1,33,"{""metadata_value"": 33}","{""has_header_evidence"": false, ""has_metadata_value_evidence"": true, ""has_title_evidence"": false, ""metadata_columns"": [""Health indicator""], ""occurrence_count"": 33, ""table_count"": 1}",dimension_value,codex_domain_inferred_primary,Domain-inferred audit: metadata or domain evidence identifies a member of a dimension. Primary targeted reclaim label.,targeted_reclaim,unit_range_digit_metadata_value
term_f1ed61d293c423855073,"Upper secondary, post-secondary non-tertiary and tertiary education (levels 3-8)","upper secondary, post-secondary non-tertiary and tertiary education (levels 3-8)",final_test,metadata_value|occ_21_plus|tables_2_5|no_title|no_header|value|single_role,5,494,"{""metadata_value"": 494}","{""has_header_evidence"": false, ""has_metadata_value_evidence"": true, ""has_title_evidence"": false, ""metadata_columns"": [""International Standard Classification of Education (ISCED 2011)""], ""occurrence_count"": 494, ""table_count"": 5}",dimension_value,codex_domain_inferred_primary,Domain-inferred audit: metadata or domain evidence identifies a member of a dimension. Primary targeted reclaim label.,targeted_reclaim,unit_range_digit_metadata_value
term_f2605a3223c3aeb9adfc,10 employees or more,10 employees or more,final_test,metadata_value|occ_21_plus|tables_6_20|no_title|no_header|value|single_role,11,1740,"{""metadata_value"": 1740}","{""has_header_evidence"": false, ""has_metadata_value_evidence"": true, ""has_title_evidence"": false, ""metadata_columns"": [""Size classes in number of employees""], ""occurrence_count"": 1740, ""table_count"": 11}",dimension_value,codex_domain_inferred_primary,Domain-inferred audit: metadata or domain evidence identifies a member of a dimension. Primary targeted reclaim label.,targeted_reclaim,unit_range_digit_metadata_value
term_f3593146cab6f6c5ec45,Below 60% of median equivalised income,below 60% of median equivalised income,final_test,metadata_value|occ_21_plus|tables_6_20|no_title|no_header|value|single_role,11,465,"{""metadata_value"": 465}","{""has_header_evidence"": false, ""has_metadata_value_evidence"": true, ""has_title_evidence"": false, ""metadata_columns"": [""Income situation in relation to the risk of poverty threshold""], ""occurrence_count"": 465, ""table_count"": 11}",dimension_value,codex_domain_inferred_primary,Domain-inferred audit: metadata or domain evidence identifies a member of a dimension. Primary targeted reclaim label.,targeted_reclaim,unit_range_digit_metadata_value
