system,split,question_set,question_id,rank,table_id,score,target_table_id,relevance_label
title_bm25,final_test,original,3,1,sbs_pen_7c,1.000000,sbs_pen_7c,highly_relevant
title_bm25,final_test,original,3,2,sbs_pen_7b1,0.680335,sbs_pen_7c,relevant
title_bm25,final_test,original,3,3,sbs_pen_7e,0.496273,sbs_pen_7c,relevant
title_bm25,final_test,original,3,4,sbs_pen_7b2,0.424769,sbs_pen_7c,relevant
title_bm25,final_test,original,3,5,mar_sg_am_pwc,0.306244,sbs_pen_7c,
title_bm25,final_test,original,3,6,mar_sg_am_pwr,0.291885,sbs_pen_7c,
title_bm25,final_test,original,3,7,tipslm90,0.258905,sbs_pen_7c,
title_bm25,final_test,original,3,8,trng_nfe6,0.254187,sbs_pen_7c,
title_bm25,final_test,original,3,9,lfso_12worklong,0.232169,sbs_pen_7c,
title_bm25,final_test,original,3,10,tran_im_umod,0.213324,sbs_pen_7c,
title_bm25,final_test,original,4,1,enps_avia_typ,1.000000,enps_avia_typ,highly_relevant
title_bm25,final_test,original,4,2,lfst_dpw_03,0.914488,enps_avia_typ,
title_bm25,final_test,original,4,3,med_air3,0.898270,enps_avia_typ,highly_relevant
title_bm25,final_test,original,4,4,avia_eq_arc_agereg,0.758942,enps_avia_typ,relevant
title_bm25,final_test,original,4,5,avia_eq_arc_age,0.748537,enps_avia_typ,relevant
title_bm25,final_test,original,4,6,iww_ec_ent_c,0.721311,enps_avia_typ,
title_bm25,final_test,original,4,7,tag00116,0.653986,enps_avia_typ,not_relevant
title_bm25,final_test,original,4,8,mar_sg_am_pwc,0.501395,enps_avia_typ,
title_bm25,final_test,original,4,9,mar_sg_am_pwr,0.471935,enps_avia_typ,
title_bm25,final_test,original,4,10,prc_rem_gdp,0.461738,enps_avia_typ,
title_bm25,final_test,original,11,1,ilc_odbt09,1.000000,ilc_odbt08,relevant
title_bm25,final_test,original,11,2,ilc_odbt08,0.926636,ilc_odbt08,highly_relevant
title_bm25,final_test,original,11,3,ilc_odbt05,0.516964,ilc_odbt08,relevant
title_bm25,final_test,original,11,4,ilc_odbt06,0.516964,ilc_odbt08,relevant
title_bm25,final_test,original,11,5,ilc_odbt07,0.516964,ilc_odbt08,relevant
title_bm25,final_test,original,11,6,ilc_igtp04,0.344296,ilc_odbt08,
title_bm25,final_test,original,11,7,tin00102,0.339547,ilc_odbt08,
title_bm25,final_test,original,11,8,tespm020,0.299581,ilc_odbt08,not_relevant
title_bm25,final_test,original,11,9,tespm060,0.285678,ilc_odbt08,not_relevant
title_bm25,final_test,original,11,10,ilc_li13,0.251832,ilc_odbt08,
title_bm25,final_test,original,13,1,tipslc10,1.000000,tgs00107,relevant
title_bm25,final_test,original,13,2,sdg_01_10,0.920804,tgs00107,relevant
title_bm25,final_test,original,13,3,ilc_lvhd01,0.889392,tgs00107,not_relevant
title_bm25,final_test,original,13,4,tepsr_lm410,0.887786,tgs00107,relevant
title_bm25,final_test,original,13,5,tepsr_lm412,0.880652,tgs00107,
title_bm25,final_test,original,13,6,ilc_pecs01,0.856242,tgs00107,
title_bm25,final_test,original,13,7,tespm040,0.839318,tgs00107,relevant
title_bm25,final_test,original,13,8,tespm090,0.809877,tgs00107,
title_bm25,final_test,original,13,9,tepsr_lm411,0.790945,tgs00107,relevant
title_bm25,final_test,original,13,10,sdg_01_10a,0.772258,tgs00107,relevant
title_bm25,final_test,original,14,1,mar_sg_am_pwc,1.000000,gov_eu_nfa,
title_bm25,final_test,original,14,2,mar_sg_am_pwr,0.952769,gov_eu_nfa,
title_bm25,final_test,original,14,3,gov_eu_fa,0.895905,gov_eu_nfa,not_relevant
title_bm25,final_test,original,14,4,gov_eu_nfa,0.783258,gov_eu_nfa,highly_relevant
title_bm25,final_test,original,14,5,mar_sg_am_pwb,0.742231,gov_eu_nfa,
title_bm25,final_test,original,14,6,mar_sg_am_pwl,0.718177,gov_eu_nfa,
title_bm25,final_test,original,14,7,gov_eu_debt,0.666508,gov_eu_nfa,
title_bm25,final_test,original,14,8,educ_uoe_fini06,0.608867,gov_eu_nfa,
title_bm25,final_test,original,14,9,trng_nfe6,0.579810,gov_eu_nfa,
title_bm25,final_test,original,14,10,tespn260,0.559557,gov_eu_nfa,
title_bm25,final_test,original,17,1,prc_colc_nat,1.000000,icw_pov_03,
title_bm25,final_test,original,17,2,prc_colc_pppnat,0.983743,icw_pov_03,
title_bm25,final_test,original,17,3,prc_colc_tot,0.862044,icw_pov_03,
title_bm25,final_test,original,17,4,prc_colc_ppptot,0.848646,icw_pov_03,
title_bm25,final_test,original,17,5,icw_pov_03,0.824290,icw_pov_03,highly_relevant
title_bm25,final_test,original,17,6,lfsi_jhh_a,0.487597,icw_pov_03,
title_bm25,final_test,original,17,7,med_ps423,0.453007,icw_pov_03,
title_bm25,final_test,original,17,8,tespm060,0.450111,icw_pov_03,
title_bm25,final_test,original,17,9,tran_im_umod,0.406324,icw_pov_03,
title_bm25,final_test,original,17,10,mar_sg_am_pwc,0.405035,icw_pov_03,
title_bm25,final_test,original,27,1,educ_iste,1.000000,educ_iste,highly_relevant
title_bm25,final_test,original,27,2,enps_educ_comprate,0.873366,educ_iste,not_relevant
title_bm25,final_test,original,27,3,educ_uoe_fini06,0.580590,educ_iste,
title_bm25,final_test,original,27,4,enps_edat_lfse3,0.534155,educ_iste,
title_bm25,final_test,original,27,5,gbv_shw_rp,0.524441,educ_iste,
title_bm25,final_test,original,27,6,hsw_aw_inasz,0.465502,educ_iste,
title_bm25,final_test,original,27,7,hsw_aw_nnasz,0.459302,educ_iste,
title_bm25,final_test,original,27,8,trng_nfe5,0.385803,educ_iste,not_relevant
title_bm25,final_test,original,27,9,gbv_ch_rp,0.385704,educ_iste,not_relevant
title_bm25,final_test,original,27,10,egr_emp,0.362854,educ_iste,
title_bm25,final_test,original,28,1,tps00184,1.000000,tipslc20,relevant
title_bm25,final_test,original,28,2,tipslc20,0.988126,tipslc20,highly_relevant
title_bm25,final_test,original,28,3,enpe_ilc_li09,0.922091,tipslc20,
title_bm25,final_test,original,28,4,enpe_ilc_li01,0.888840,tipslc20,relevant
title_bm25,final_test,original,28,5,sdg_01_20a,0.847926,tipslc20,relevant
title_bm25,final_test,original,28,6,sdg_01_20,0.781950,tipslc20,relevant
title_bm25,final_test,original,28,7,tipslc10,0.757992,tipslc20,relevant
title_bm25,final_test,original,28,8,tepsr_lm410,0.668669,tipslc20,
title_bm25,final_test,original,28,9,tepsr_lm411,0.591582,tipslc20,
title_bm25,final_test,original,28,10,tesov250,0.555514,tipslc20,
title_bm25,final_test,original,29,1,tipslm50,1.000000,tet00065,
title_bm25,final_test,original,29,2,mar_sg_am_pwc,0.874247,tet00065,
title_bm25,final_test,original,29,3,mar_sg_am_pwr,0.829472,tet00065,
title_bm25,final_test,original,29,4,irt_h_ddmr_a,0.807178,tet00065,
title_bm25,final_test,original,29,5,mar_sg_am_pwb,0.764809,tet00065,
title_bm25,final_test,original,29,6,ei_bsci_m_r2,0.754459,tet00065,
title_bm25,final_test,original,29,7,mar_sg_am_pwl,0.743051,tet00065,
title_bm25,final_test,original,29,8,teiet210,0.698048,tet00065,not_relevant
title_bm25,final_test,original,29,9,ert_h_eur_a,0.607599,tet00065,
title_bm25,final_test,original,29,10,educ_uoe_enra18,0.551608,tet00065,
title_bm25,final_test,original,31,1,mar_mg_aa_pwhd,1.000000,mar_qg_qm_cwh,relevant
title_bm25,final_test,original,31,2,enps_mar_frdir,0.890542,mar_qg_qm_cwh,relevant
title_bm25,final_test,original,31,3,mar_sg_am_pwc,0.856854,mar_qg_qm_cwh,
title_bm25,final_test,original,31,4,mar_sg_am_pwr,0.821821,mar_qg_qm_cwh,
title_bm25,final_test,original,31,5,mar_sg_am_pwb,0.810612,mar_qg_qm_cwh,
title_bm25,final_test,original,31,6,mar_sg_am_pwl,0.793903,mar_qg_qm_cwh,
title_bm25,final_test,original,31,7,mar_mg_aa_cwh,0.727778,mar_qg_qm_cwh,relevant
title_bm25,final_test,original,31,8,mar_qg_qm_ewhd,0.692370,mar_qg_qm_cwh,relevant
title_bm25,final_test,original,31,9,mar_mg_am_pvh,0.671802,mar_qg_qm_cwh,
title_bm25,final_test,original,31,10,mar_qg_qm_ewht,0.667796,mar_qg_qm_cwh,relevant
title_bm25,final_test,original,35,1,tespn020,1.000000,tespn020,highly_relevant
title_bm25,final_test,original,35,2,tespn060,0.978541,tespn020,highly_relevant
title_bm25,final_test,original,35,3,tespn250,0.972600,tespn020,relevant
title_bm25,final_test,original,35,4,tespn090,0.737040,tespn020,relevant
title_bm25,final_test,original,35,5,tespn270,0.650443,tespn020,
title_bm25,final_test,original,35,6,ilc_pns5,0.543968,tespn020,not_relevant
title_bm25,final_test,original,35,7,lfst_r_edatd_22,0.393237,tespn020,
title_bm25,final_test,original,35,8,lfst_dpw_06,0.343805,tespn020,
title_bm25,final_test,original,35,9,ilc_pns2,0.337397,tespn020,relevant
title_bm25,final_test,original,35,10,ilc_li13,0.297847,tespn020,
title_bm25,final_test,original,54,1,enps_lfsa_argaed,1.000000,med_ps412,relevant
title_bm25,final_test,original,54,2,ilc_igtp04,0.776953,med_ps412,
title_bm25,final_test,original,54,3,tipslm15,0.745107,med_ps412,relevant
title_bm25,final_test,original,54,4,enps_lfsa_ergan,0.697792,med_ps412,relevant
title_bm25,final_test,original,54,5,tipslm90,0.614584,med_ps412,
title_bm25,final_test,original,54,6,mar_sg_am_pwc,0.568397,med_ps412,
title_bm25,final_test,original,54,7,mar_sg_am_pwr,0.537780,med_ps412,
title_bm25,final_test,original,54,8,trng_nfe6,0.510865,med_ps412,
title_bm25,final_test,original,54,9,ilc_lvhl23n,0.489351,med_ps412,
title_bm25,final_test,original,54,10,mar_sg_am_pwb,0.425798,med_ps412,
title_bm25,final_test,original,64,1,ten00110,1.000000,ten00110,highly_relevant
title_bm25,final_test,original,64,2,enps_env_wasgenm,0.899308,ten00110,relevant
title_bm25,final_test,original,64,3,enps_env_wasgenh,0.621208,ten00110,relevant
title_bm25,final_test,original,64,4,ilc_igtp04,0.503266,ten00110,
title_bm25,final_test,original,64,5,med_ag41,0.360986,ten00110,
title_bm25,final_test,original,64,6,enps_mar_frdir,0.332111,ten00110,
title_bm25,final_test,original,64,7,mar_sg_am_pwc,0.322487,ten00110,
title_bm25,final_test,original,64,8,mar_sg_am_pwr,0.303724,ten00110,
title_bm25,final_test,original,64,9,tran_im_umod,0.291323,ten00110,
title_bm25,final_test,original,64,10,mar_mg_aa_pwhd,0.280875,ten00110,
title_bm25,final_test,original,69,1,gbv_dv_occ,1.000000,gbv_dv_age,relevant
title_bm25,final_test,original,69,2,gbv_dv_type,0.960574,gbv_dv_age,relevant
title_bm25,final_test,original,69,3,gbv_dv_du,0.943300,gbv_dv_age,relevant
title_bm25,final_test,original,69,4,gbv_dv_cob,0.877993,gbv_dv_age,relevant
title_bm25,final_test,original,69,5,gbv_dv_lim,0.868775,gbv_dv_age,
title_bm25,final_test,original,69,6,gbv_dv_age,0.850923,gbv_dv_age,highly_relevant
title_bm25,final_test,original,69,7,gbv_dv_ed,0.841955,gbv_dv_age,relevant
title_bm25,final_test,original,69,8,gbv_ch_perp,0.759709,gbv_dv_age,relevant
title_bm25,final_test,original,69,9,gbv_ch_rp,0.698996,gbv_dv_age,
title_bm25,final_test,original,69,10,gbv_any_rp,0.647038,gbv_dv_age,
title_bm25,final_test,original,75,1,road_go_ca_d_c,1.000000,road_go_ca_d_c,highly_relevant
title_bm25,final_test,original,75,2,med_rd6,0.869433,road_go_ca_d_c,relevant
title_bm25,final_test,original,75,3,road_go_ca_c,0.743265,road_go_ca_d_c,relevant
title_bm25,final_test,original,75,4,road_go_ca_d_ha,0.719424,road_go_ca_d_c,highly_relevant
title_bm25,final_test,original,75,5,tran_im_uroad,0.469361,road_go_ca_d_c,
title_bm25,final_test,original,75,6,tran_im_umod,0.435015,road_go_ca_d_c,
title_bm25,final_test,original,75,7,road_pa_mov,0.347976,road_go_ca_d_c,not_relevant
title_bm25,final_test,original,75,8,mar_qg_qm_pvh,0.313743,road_go_ca_d_c,
title_bm25,final_test,original,75,9,enps_road_go,0.302245,road_go_ca_d_c,
title_bm25,final_test,original,75,10,road_ec_empl_s,0.282936,road_go_ca_d_c,
title_bm25,final_test,original,81,1,med_air2,1.000000,med_air2,highly_relevant
title_bm25,final_test,original,81,2,lfso_12worklong,0.360960,med_air2,
title_bm25,final_test,original,81,3,avia_ec_emp_ent,0.350128,med_air2,
title_bm25,final_test,original,81,4,mar_sg_am_pwc,0.308692,med_air2,
title_bm25,final_test,original,81,5,road_if_bsurfa,0.301256,med_air2,not_relevant
title_bm25,final_test,original,81,6,mar_sg_am_pwr,0.292729,med_air2,
title_bm25,final_test,original,81,7,tran_im_umod,0.249042,med_air2,
title_bm25,final_test,original,81,8,lfst_r_edatd_22,0.247609,med_air2,
title_bm25,final_test,original,81,9,trng_nfe6,0.235815,med_air2,
title_bm25,final_test,original,81,10,mar_sg_am_pwb,0.209039,med_air2,
title_bm25,final_test,original,86,1,gbv_ipv_ed,1.000000,gbv_ipv_ed,highly_relevant
title_bm25,final_test,original,86,2,gbv_ipv_lim,0.825132,gbv_ipv_ed,relevant
title_bm25,final_test,original,86,3,gbv_ipv_comm,0.791371,gbv_ipv_ed,not_relevant
title_bm25,final_test,original,86,4,gbv_ipv_occ,0.784240,gbv_ipv_ed,
title_bm25,final_test,original,86,5,educ_uoe_fini06,0.761901,gbv_ipv_ed,
title_bm25,final_test,original,86,6,gbv_ipv_cnq,0.751926,gbv_ipv_ed,relevant
title_bm25,final_test,original,86,7,educ_uoe_grad09,0.722567,gbv_ipv_ed,not_relevant
title_bm25,final_test,original,86,8,gbv_ipv_type,0.716429,gbv_ipv_ed,relevant
title_bm25,final_test,original,86,9,gbv_ipv_frq,0.711164,gbv_ipv_ed,relevant
title_bm25,final_test,original,86,10,gbv_npv_ed,0.709867,gbv_ipv_ed,relevant
title_bm25,final_test,original,88,1,enpe_isoc_ci_in_h,1.000000,tin00092,relevant
title_bm25,final_test,original,88,2,tps00005,0.676632,tin00092,
title_bm25,final_test,original,88,3,tin00103,0.458308,tin00092,
title_bm25,final_test,original,88,4,tin00134,0.453757,tin00092,highly_relevant
title_bm25,final_test,original,88,5,tin00102,0.434832,tin00092,relevant
title_bm25,final_test,original,88,6,sdg_03_70,0.404104,tin00092,
title_bm25,final_test,original,88,7,tessi292,0.293555,tin00092,
title_bm25,final_test,original,88,8,tessi293,0.289339,tin00092,
title_bm25,final_test,original,88,9,tesem240,0.283798,tin00092,
title_bm25,final_test,original,88,10,tin00085,0.283375,tin00092,
title_bm25,final_test,original,94,1,crim_hom_city,1.000000,crim_hist,relevant
title_bm25,final_test,original,94,2,crim_hist,0.846823,crim_hist,highly_relevant
title_bm25,final_test,original,94,3,lfst_dpw_03,0.470140,crim_hist,
title_bm25,final_test,original,94,4,iww_ec_ent_c,0.385608,crim_hist,
title_bm25,final_test,original,94,5,ilc_chmd04,0.215901,crim_hist,
title_bm25,final_test,original,94,6,lfst_dpw_09,0.202329,crim_hist,
title_bm25,final_test,original,94,7,prc_rem_gdp,0.186010,crim_hist,
title_bm25,final_test,original,94,8,ten00119,0.175289,crim_hist,
title_bm25,final_test,original,94,9,lfsi_jhh_a,0.173915,crim_hist,
title_bm25,final_test,original,94,10,mar_tp_go,0.160505,crim_hist,
title_bm25,final_test,original,97,1,pipe_if_capac,1.000000,pipe_if_capac,highly_relevant
title_bm25,final_test,original,97,2,iww_ec_ent_c,0.516722,pipe_if_capac,not_relevant
title_bm25,final_test,original,97,3,pipe_if_lenght,0.446460,pipe_if_capac,relevant
title_bm25,final_test,original,97,4,sdg_03_70,0.323559,pipe_if_capac,
title_bm25,final_test,original,97,5,med_ma4,0.305838,pipe_if_capac,not_relevant
title_bm25,final_test,original,97,6,med_ma5,0.301568,pipe_if_capac,
title_bm25,final_test,original,97,7,enps_mar_eqton,0.278670,pipe_if_capac,
title_bm25,final_test,original,97,8,lfsi_jhh_a,0.212605,pipe_if_capac,
title_bm25,final_test,original,97,9,teibs070,0.149202,pipe_if_capac,not_relevant
title_bm25,final_test,original,97,10,mar_sg_am_pwc,0.141546,pipe_if_capac,
title_bm25,final_test,reformulated,3,1,lfso_12reduchrs,1.000000,sbs_pen_7c,
title_bm25,final_test,reformulated,3,2,mar_sg_am_pwc,0.435354,sbs_pen_7c,
title_bm25,final_test,reformulated,3,3,mar_sg_am_pwr,0.413110,sbs_pen_7c,
title_bm25,final_test,reformulated,3,4,tipslm90,0.398947,sbs_pen_7c,
title_bm25,final_test,reformulated,3,5,lfst_r_edatd_22,0.356858,sbs_pen_7c,
title_bm25,final_test,reformulated,3,6,iww_ec_employ,0.318238,sbs_pen_7c,
title_bm25,final_test,reformulated,3,7,trng_nfe6,0.272560,sbs_pen_7c,
title_bm25,final_test,reformulated,3,8,lfst_dpw_03,0.222949,sbs_pen_7c,
title_bm25,final_test,reformulated,3,9,lfst_dpw_06,0.222949,sbs_pen_7c,
title_bm25,final_test,reformulated,3,10,sbs_pen_7c,0.209646,sbs_pen_7c,highly_relevant
title_bm25,final_test,reformulated,4,1,enps_avia_typ,1.000000,enps_avia_typ,highly_relevant
title_bm25,final_test,reformulated,4,2,med_air4,0.914272,enps_avia_typ,relevant
title_bm25,final_test,reformulated,4,3,tran_im_uiww,0.909202,enps_avia_typ,not_relevant
title_bm25,final_test,reformulated,4,4,tran_im_urail,0.836651,enps_avia_typ,not_relevant
title_bm25,final_test,reformulated,4,5,tran_im_umar,0.822272,enps_avia_typ,
title_bm25,final_test,reformulated,4,6,avia_eq_arc_agereg,0.813721,enps_avia_typ,relevant
title_bm25,final_test,reformulated,4,7,avia_eq_arc_age,0.805434,enps_avia_typ,relevant
title_bm25,final_test,reformulated,4,8,tran_im_uroad,0.801245,enps_avia_typ,
title_bm25,final_test,reformulated,4,9,med_rd6,0.791249,enps_avia_typ,
title_bm25,final_test,reformulated,4,10,tran_im_umod,0.741603,enps_avia_typ,
title_bm25,final_test,reformulated,11,1,teimf100,1.000000,ilc_odbt08,not_relevant
title_bm25,final_test,reformulated,11,2,ilc_odbt05,0.681380,ilc_odbt08,relevant
title_bm25,final_test,reformulated,11,3,ilc_odbt06,0.681380,ilc_odbt08,relevant
title_bm25,final_test,reformulated,11,4,ilc_odbt07,0.681380,ilc_odbt08,relevant
title_bm25,final_test,reformulated,11,5,tespm020,0.664818,ilc_odbt08,not_relevant
title_bm25,final_test,reformulated,11,6,ilc_lvhd01,0.654815,ilc_odbt08,
title_bm25,final_test,reformulated,11,7,sdg_06_10,0.620297,ilc_odbt08,
title_bm25,final_test,reformulated,11,8,ilc_odbt09,0.605208,ilc_odbt08,relevant
title_bm25,final_test,reformulated,11,9,ilc_igtp04,0.578790,ilc_odbt08,
title_bm25,final_test,reformulated,11,10,ilc_igtp03,0.560024,ilc_odbt08,
title_bm25,final_test,reformulated,13,1,enps_ilc_natln,1.000000,tgs00107,
title_bm25,final_test,reformulated,13,2,lfst_dpw_09,0.621780,tgs00107,
title_bm25,final_test,reformulated,13,3,enpe_ilc_li09,0.501969,tgs00107,relevant
title_bm25,final_test,reformulated,13,4,qoe_ewcs_7b1,0.477256,tgs00107,
title_bm25,final_test,reformulated,13,5,lfst_dpw_02,0.431533,tgs00107,
title_bm25,final_test,reformulated,13,6,ilc_li13,0.301939,tgs00107,
title_bm25,final_test,reformulated,13,7,lfst_dpw_03,0.295431,tgs00107,
title_bm25,final_test,reformulated,13,8,ilc_lvhd01,0.293327,tgs00107,not_relevant
title_bm25,final_test,reformulated,13,9,tespn240,0.279593,tgs00107,
title_bm25,final_test,reformulated,13,10,qoe_ewcs_7a3,0.273471,tgs00107,
title_bm25,final_test,reformulated,14,1,mar_sg_am_pwc,1.000000,gov_eu_nfa,
title_bm25,final_test,reformulated,14,2,gov_eu_nfa,0.970045,gov_eu_nfa,highly_relevant
title_bm25,final_test,reformulated,14,3,mar_sg_am_pwr,0.956781,gov_eu_nfa,
title_bm25,final_test,reformulated,14,4,gov_eu_fa,0.917589,gov_eu_nfa,not_relevant
title_bm25,final_test,reformulated,14,5,med_ag50,0.903279,gov_eu_nfa,
title_bm25,final_test,reformulated,14,6,mar_sg_am_pwb,0.898193,gov_eu_nfa,
title_bm25,final_test,reformulated,14,7,mar_sg_am_pwl,0.877221,gov_eu_nfa,
title_bm25,final_test,reformulated,14,8,mar_sg_am_ewx,0.569552,gov_eu_nfa,
title_bm25,final_test,reformulated,14,9,tessi294,0.506171,gov_eu_nfa,
title_bm25,final_test,reformulated,14,10,bs_bs14_04,0.438955,gov_eu_nfa,
title_bm25,final_test,reformulated,17,1,prc_colc_nat,1.000000,icw_pov_03,
title_bm25,final_test,reformulated,17,2,prc_colc_pppnat,0.984148,icw_pov_03,
title_bm25,final_test,reformulated,17,3,lfst_dpw_06,0.939983,icw_pov_03,not_relevant
title_bm25,final_test,reformulated,17,4,tus_00simuact,0.935356,icw_pov_03,
title_bm25,final_test,reformulated,17,5,prc_colc_tot,0.865486,icw_pov_03,
title_bm25,final_test,reformulated,17,6,prc_colc_ppptot,0.852422,icw_pov_03,
title_bm25,final_test,reformulated,17,7,mar_sg_am_pwr,0.567666,icw_pov_03,
title_bm25,final_test,reformulated,17,8,ilc_lvps20,0.451410,icw_pov_03,not_relevant
title_bm25,final_test,reformulated,17,9,sdg_10_50,0.413800,icw_pov_03,not_relevant
title_bm25,final_test,reformulated,17,10,cens_91hnnch,0.388569,icw_pov_03,
title_bm25,final_test,reformulated,27,1,enps_educ_comprate,1.000000,educ_iste,not_relevant
title_bm25,final_test,reformulated,27,2,hsw_aw_inasz,0.769913,educ_iste,
title_bm25,final_test,reformulated,27,3,educ_iste,0.766020,educ_iste,highly_relevant
title_bm25,final_test,reformulated,27,4,hsw_aw_nnasz,0.760073,educ_iste,
title_bm25,final_test,reformulated,27,5,trng_nfe13,0.758456,educ_iste,not_relevant
title_bm25,final_test,reformulated,27,6,hsw_ij_isna,0.523093,educ_iste,
title_bm25,final_test,reformulated,27,7,educ_uoe_perp03,0.463713,educ_iste,
title_bm25,final_test,reformulated,27,8,prc_colc_pppnat,0.462449,educ_iste,
title_bm25,final_test,reformulated,27,9,trng_any5,0.459090,educ_iste,
title_bm25,final_test,reformulated,27,10,trng_nfe5,0.450724,educ_iste,not_relevant
title_bm25,final_test,reformulated,28,1,tipslc20,1.000000,tipslc20,highly_relevant
title_bm25,final_test,reformulated,28,2,tps00184,0.955710,tipslc20,relevant
title_bm25,final_test,reformulated,28,3,ilc_li70,0.892966,tipslc20,not_relevant
title_bm25,final_test,reformulated,28,4,sdg_01_20a,0.821501,tipslc20,relevant
title_bm25,final_test,reformulated,28,5,enpe_ilc_li09,0.792017,tipslc20,
title_bm25,final_test,reformulated,28,6,sdg_01_20,0.763276,tipslc20,relevant
title_bm25,final_test,reformulated,28,7,enpe_ilc_li01,0.735280,tipslc20,relevant
title_bm25,final_test,reformulated,28,8,tipslc10,0.708589,tipslc20,relevant
title_bm25,final_test,reformulated,28,9,sdg_01_10,0.654694,tipslc20,relevant
title_bm25,final_test,reformulated,28,10,tepsr_lm410,0.632225,tipslc20,
title_bm25,final_test,reformulated,29,1,mar_sg_am_pwc,1.000000,tet00065,
title_bm25,final_test,reformulated,29,2,mar_sg_am_pwr,0.951475,tet00065,
title_bm25,final_test,reformulated,29,3,mar_sg_am_pwb,0.923893,tet00065,
title_bm25,final_test,reformulated,29,4,mar_sg_am_pwl,0.900659,tet00065,
title_bm25,final_test,reformulated,29,5,tipslm50,0.758323,tet00065,
title_bm25,final_test,reformulated,29,6,educ_uoe_enra18,0.532556,tet00065,
title_bm25,final_test,reformulated,29,7,educ_uoe_enra21,0.526853,tet00065,
title_bm25,final_test,reformulated,29,8,educ_uoe_enra23,0.526853,tet00065,
title_bm25,final_test,reformulated,29,9,educ_uoe_enra10,0.485046,tet00065,
title_bm25,final_test,reformulated,29,10,enpe_bop_iip6_serv,0.461965,tet00065,
title_bm25,final_test,reformulated,31,1,mar_sg_am_ewx,1.000000,mar_qg_qm_cwh,relevant
title_bm25,final_test,reformulated,31,2,mar_mg_am_pvh,0.896030,mar_qg_qm_cwh,
title_bm25,final_test,reformulated,31,3,mar_qg_qm_ewhk,0.824386,mar_qg_qm_cwh,relevant
title_bm25,final_test,reformulated,31,4,med_ag41,0.807882,mar_qg_qm_cwh,
title_bm25,final_test,reformulated,31,5,trng_nfe6,0.753884,mar_qg_qm_cwh,
title_bm25,final_test,reformulated,31,6,med_ag42,0.577270,mar_qg_qm_cwh,
title_bm25,final_test,reformulated,31,7,lfst_dpw_03,0.551639,mar_qg_qm_cwh,
title_bm25,final_test,reformulated,31,8,tran_im_umar,0.536975,mar_qg_qm_cwh,relevant
title_bm25,final_test,reformulated,31,9,lfst_dpw_09,0.494692,mar_qg_qm_cwh,
title_bm25,final_test,reformulated,31,10,prc_rem_gdp,0.485982,mar_qg_qm_cwh,
title_bm25,final_test,reformulated,35,1,lfst_r_edatd_22,1.000000,tespn020,
title_bm25,final_test,reformulated,35,2,tespn250,0.585758,tespn020,relevant
title_bm25,final_test,reformulated,35,3,tespn270,0.559686,tespn020,
title_bm25,final_test,reformulated,35,4,tespn020,0.537932,tespn020,highly_relevant
title_bm25,final_test,reformulated,35,5,tespn060,0.517074,tespn020,highly_relevant
title_bm25,final_test,reformulated,35,6,tipslc40,0.491280,tespn020,
title_bm25,final_test,reformulated,35,7,tespn090,0.482831,tespn020,relevant
title_bm25,final_test,reformulated,35,8,mar_sg_am_pwc,0.478890,tespn020,
title_bm25,final_test,reformulated,35,9,mar_sg_am_pwr,0.450852,tespn020,
title_bm25,final_test,reformulated,35,10,lfst_dpw_03,0.440921,tespn020,
title_bm25,final_test,reformulated,54,1,enps_lfsa_ergan,1.000000,med_ps412,relevant
title_bm25,final_test,reformulated,54,2,enps_lfsa_argaed,0.990817,med_ps412,relevant
title_bm25,final_test,reformulated,54,3,tipslm90,0.894576,med_ps412,
title_bm25,final_test,reformulated,54,4,tipslm15,0.816430,med_ps412,relevant
title_bm25,final_test,reformulated,54,5,ilc_lvhl23n,0.735907,med_ps412,
title_bm25,final_test,reformulated,54,6,tipslm16,0.653798,med_ps412,
title_bm25,final_test,reformulated,54,7,gbv_st_rp,0.646164,med_ps412,
title_bm25,final_test,reformulated,54,8,ilc_igtp04,0.599843,med_ps412,
title_bm25,final_test,reformulated,54,9,gbv_any_rp,0.587768,med_ps412,
title_bm25,final_test,reformulated,54,10,gbv_ch_rp,0.579056,med_ps412,
title_bm25,final_test,reformulated,64,1,mar_sg_am_pwr,1.000000,ten00110,
title_bm25,final_test,reformulated,64,2,mar_sg_am_pwc,0.530547,ten00110,
title_bm25,final_test,reformulated,64,3,mar_qg_qm_pwhr,0.522319,ten00110,not_relevant
title_bm25,final_test,reformulated,64,4,tran_im_umod,0.450926,ten00110,
title_bm25,final_test,reformulated,64,5,mar_mg_aa_pwhd,0.422956,ten00110,
title_bm25,final_test,reformulated,64,6,mar_sg_am_pwb,0.389203,ten00110,
title_bm25,final_test,reformulated,64,7,mar_sg_am_pwl,0.376207,ten00110,
title_bm25,final_test,reformulated,64,8,tipslm90,0.361818,ten00110,
title_bm25,final_test,reformulated,64,9,cens_91hnnch,0.351812,ten00110,
title_bm25,final_test,reformulated,64,10,med_ag41,0.350745,ten00110,
title_bm25,final_test,reformulated,69,1,gbv_ipv_comm,1.000000,gbv_dv_age,relevant
title_bm25,final_test,reformulated,69,2,gbv_awr_serv,0.898906,gbv_dv_age,relevant
title_bm25,final_test,reformulated,69,3,gbv_awr_leg,0.896339,gbv_dv_age,relevant
title_bm25,final_test,reformulated,69,4,gbv_shw_comm,0.850299,gbv_dv_age,
title_bm25,final_test,reformulated,69,5,tepsr_spi130,0.837260,gbv_dv_age,
title_bm25,final_test,reformulated,69,6,sdg_16_70,0.651019,gbv_dv_age,not_relevant
title_bm25,final_test,reformulated,69,7,crim_thb_vctz,0.637425,gbv_dv_age,
title_bm25,final_test,reformulated,69,8,ilc_li70,0.637096,gbv_dv_age,
title_bm25,final_test,reformulated,69,9,enpe_edat_lfse_14,0.626443,gbv_dv_age,
title_bm25,final_test,reformulated,69,10,crim_thb_vexp,0.624295,gbv_dv_age,
title_bm25,final_test,reformulated,75,1,road_go_ca_d_c,1.000000,road_go_ca_d_c,highly_relevant
title_bm25,final_test,reformulated,75,2,med_rd6,0.869433,road_go_ca_d_c,relevant
title_bm25,final_test,reformulated,75,3,road_go_ca_c,0.743265,road_go_ca_d_c,relevant
title_bm25,final_test,reformulated,75,4,road_go_ca_d_ha,0.719424,road_go_ca_d_c,highly_relevant
title_bm25,final_test,reformulated,75,5,tran_im_uroad,0.469361,road_go_ca_d_c,
title_bm25,final_test,reformulated,75,6,tran_im_umod,0.435015,road_go_ca_d_c,
title_bm25,final_test,reformulated,75,7,road_pa_mov,0.347976,road_go_ca_d_c,not_relevant
title_bm25,final_test,reformulated,75,8,mar_qg_qm_pvh,0.313743,road_go_ca_d_c,
title_bm25,final_test,reformulated,75,9,enps_road_go,0.302245,road_go_ca_d_c,
title_bm25,final_test,reformulated,75,10,road_ec_empl_s,0.282936,road_go_ca_d_c,
title_bm25,final_test,reformulated,81,1,lfso_12worklong,1.000000,med_air2,
title_bm25,final_test,reformulated,81,2,mar_sg_am_pwc,0.857296,med_air2,
title_bm25,final_test,reformulated,81,3,mar_sg_am_pwr,0.813714,med_air2,
title_bm25,final_test,reformulated,81,4,tran_im_umod,0.694440,med_air2,
title_bm25,final_test,reformulated,81,5,lfst_r_edatd_22,0.690528,med_air2,
title_bm25,final_test,reformulated,81,6,trng_nfe6,0.658326,med_air2,
title_bm25,final_test,reformulated,81,7,mar_sg_am_pwb,0.585223,med_air2,
title_bm25,final_test,reformulated,81,8,mar_sg_am_pwl,0.562762,med_air2,
title_bm25,final_test,reformulated,81,9,nrg_pc_206,0.530536,med_air2,
title_bm25,final_test,reformulated,81,10,ilc_igtp04,0.472626,med_air2,
title_bm25,final_test,reformulated,86,1,gbv_npv_du,1.000000,gbv_ipv_ed,relevant
title_bm25,final_test,reformulated,86,2,gbv_npv_ed,0.841149,gbv_ipv_ed,relevant
title_bm25,final_test,reformulated,86,3,gbv_npv_occ,0.818784,gbv_ipv_ed,
title_bm25,final_test,reformulated,86,4,gbv_dv_du,0.731882,gbv_ipv_ed,relevant
title_bm25,final_test,reformulated,86,5,gbv_npv_cnq,0.721615,gbv_ipv_ed,relevant
title_bm25,final_test,reformulated,86,6,gbv_npv_type,0.697727,gbv_ipv_ed,
title_bm25,final_test,reformulated,86,7,gbv_npv_cob,0.683302,gbv_ipv_ed,
title_bm25,final_test,reformulated,86,8,gbv_npv_frq,0.677636,gbv_ipv_ed,
title_bm25,final_test,reformulated,86,9,gbv_npv_lim,0.674825,gbv_ipv_ed,relevant
title_bm25,final_test,reformulated,86,10,gbv_npv_age,0.647327,gbv_ipv_ed,
title_bm25,final_test,reformulated,88,1,enpe_isoc_ci_in_h,1.000000,tin00092,relevant
title_bm25,final_test,reformulated,88,2,sdg_03_70,0.577626,tin00092,
title_bm25,final_test,reformulated,88,3,teimf100,0.553303,tin00092,
title_bm25,final_test,reformulated,88,4,tin00103,0.527263,tin00092,
title_bm25,final_test,reformulated,88,5,mar_sg_am_pwc,0.517300,tin00092,
title_bm25,final_test,reformulated,88,6,mar_sg_am_pwr,0.485841,tin00092,
title_bm25,final_test,reformulated,88,7,tin00085,0.476960,tin00092,
title_bm25,final_test,reformulated,88,8,tin00074,0.471205,tin00092,
title_bm25,final_test,reformulated,88,9,tin00172,0.454905,tin00092,
title_bm25,final_test,reformulated,88,10,isoc_bde15ag,0.454288,tin00092,
title_bm25,final_test,reformulated,94,1,migr_eilpop,1.000000,crim_hist,not_relevant
title_bm25,final_test,reformulated,94,2,sdg_16_30,0.393229,crim_hist,
title_bm25,final_test,reformulated,94,3,lfst_dpw_03,0.215838,crim_hist,
title_bm25,final_test,reformulated,94,4,mar_sg_am_pwc,0.209364,crim_hist,
title_bm25,final_test,reformulated,94,5,mar_sg_am_pwr,0.199002,crim_hist,
title_bm25,final_test,reformulated,94,6,prc_rem_gdp,0.194142,crim_hist,
title_bm25,final_test,reformulated,94,7,ten00119,0.186303,crim_hist,
title_bm25,final_test,reformulated,94,8,mar_tp_go,0.175516,crim_hist,
title_bm25,final_test,reformulated,94,9,mar_tp_pa,0.175516,crim_hist,
title_bm25,final_test,reformulated,94,10,trng_nfe6,0.174327,crim_hist,
title_bm25,final_test,reformulated,97,1,pipe_if_capac,1.000000,pipe_if_capac,highly_relevant
title_bm25,final_test,reformulated,97,2,sdg_03_70,0.845382,pipe_if_capac,
title_bm25,final_test,reformulated,97,3,iww_ec_ent_c,0.699551,pipe_if_capac,not_relevant
title_bm25,final_test,reformulated,97,4,teibs070,0.386425,pipe_if_capac,not_relevant
title_bm25,final_test,reformulated,97,5,mar_sg_am_pwc,0.366273,pipe_if_capac,
title_bm25,final_test,reformulated,97,6,mar_sg_am_pwr,0.345762,pipe_if_capac,
title_bm25,final_test,reformulated,97,7,pipe_if_lenght,0.343119,pipe_if_capac,relevant
title_bm25,final_test,reformulated,97,8,lfst_dpw_03,0.338496,pipe_if_capac,
title_bm25,final_test,reformulated,97,9,lfst_r_edatd_22,0.295335,pipe_if_capac,
title_bm25,final_test,reformulated,97,10,tipslm90,0.291659,pipe_if_capac,
all_vocabulary_bm25,final_test,original,3,1,sbs_pen_7b1,1.000000,sbs_pen_7c,relevant
all_vocabulary_bm25,final_test,original,3,2,sbs_pen_7c,0.814445,sbs_pen_7c,highly_relevant
all_vocabulary_bm25,final_test,original,3,3,sbs_pen_7e,0.649228,sbs_pen_7c,relevant
all_vocabulary_bm25,final_test,original,3,4,sbs_pen_7b2,0.549374,sbs_pen_7c,relevant
all_vocabulary_bm25,final_test,original,3,5,sbs_pen_enteea,0.457249,sbs_pen_7c,relevant
all_vocabulary_bm25,final_test,original,3,6,gov_eu_fa,0.285108,sbs_pen_7c,not_relevant
all_vocabulary_bm25,final_test,original,3,7,tag00123,0.252841,sbs_pen_7c,not_relevant
all_vocabulary_bm25,final_test,original,3,8,lfso_12penstyp,0.141579,sbs_pen_7c,
all_vocabulary_bm25,final_test,original,3,9,gov_eu_nfa,0.139481,sbs_pen_7c,
all_vocabulary_bm25,final_test,original,3,10,lfso_06finiagps,0.119299,sbs_pen_7c,not_relevant
all_vocabulary_bm25,final_test,original,4,1,enps_avia_typ,1.000000,enps_avia_typ,highly_relevant
all_vocabulary_bm25,final_test,original,4,2,med_air3,0.743839,enps_avia_typ,highly_relevant
all_vocabulary_bm25,final_test,original,4,3,avia_eq_arc_agereg,0.562667,enps_avia_typ,relevant
all_vocabulary_bm25,final_test,original,4,4,avia_eq_arc_age,0.495755,enps_avia_typ,relevant
all_vocabulary_bm25,final_test,original,4,5,mar_qg_qm_ewhk,0.339461,enps_avia_typ,not_relevant
all_vocabulary_bm25,final_test,original,4,6,med_air4,0.315588,enps_avia_typ,relevant
all_vocabulary_bm25,final_test,original,4,7,ert_bil_eur_a$dv_861,0.309706,enps_avia_typ,not_relevant
all_vocabulary_bm25,final_test,original,4,8,tag00116,0.295722,enps_avia_typ,not_relevant
all_vocabulary_bm25,final_test,original,4,9,mar_v_est,0.200983,enps_avia_typ,
all_vocabulary_bm25,final_test,original,4,10,mar_sg_am_ewx,0.198494,enps_avia_typ,
all_vocabulary_bm25,final_test,original,11,1,ilc_odbt09,1.000000,ilc_odbt08,relevant
all_vocabulary_bm25,final_test,original,11,2,ilc_odbt08,0.958629,ilc_odbt08,highly_relevant
all_vocabulary_bm25,final_test,original,11,3,ilc_odbt05,0.603516,ilc_odbt08,relevant
all_vocabulary_bm25,final_test,original,11,4,ilc_odbt06,0.603516,ilc_odbt08,relevant
all_vocabulary_bm25,final_test,original,11,5,ilc_odbt07,0.603516,ilc_odbt08,relevant
all_vocabulary_bm25,final_test,original,11,6,ilc_odbt03,0.410000,ilc_odbt08,relevant
all_vocabulary_bm25,final_test,original,11,7,ilc_pw14,0.336602,ilc_odbt08,
all_vocabulary_bm25,final_test,original,11,8,sdg_06_10,0.316467,ilc_odbt08,
all_vocabulary_bm25,final_test,original,11,9,tespm020,0.282038,ilc_odbt08,not_relevant
all_vocabulary_bm25,final_test,original,11,10,ilc_odbt01,0.261369,ilc_odbt08,relevant
all_vocabulary_bm25,final_test,original,13,1,ilc_lvhd01,1.000000,tgs00107,not_relevant
all_vocabulary_bm25,final_test,original,13,2,ilc_pecs01,0.752171,tgs00107,
all_vocabulary_bm25,final_test,original,13,3,tipslc10,0.683309,tgs00107,relevant
all_vocabulary_bm25,final_test,original,13,4,sdg_01_10,0.639302,tgs00107,relevant
all_vocabulary_bm25,final_test,original,13,5,ilc_peps07,0.627718,tgs00107,
all_vocabulary_bm25,final_test,original,13,6,tepsr_lm410,0.622278,tgs00107,relevant
all_vocabulary_bm25,final_test,original,13,7,tepsr_lm412,0.618567,tgs00107,
all_vocabulary_bm25,final_test,original,13,8,tespm040,0.596828,tgs00107,relevant
all_vocabulary_bm25,final_test,original,13,9,tespm090,0.595464,tgs00107,
all_vocabulary_bm25,final_test,original,13,10,tepsr_lm411,0.594344,tgs00107,relevant
all_vocabulary_bm25,final_test,original,14,1,gov_eu_nfa,1.000000,gov_eu_nfa,highly_relevant
all_vocabulary_bm25,final_test,original,14,2,gov_eu_fa,0.389273,gov_eu_nfa,not_relevant
all_vocabulary_bm25,final_test,original,14,3,gov_eu_debt,0.259484,gov_eu_nfa,
all_vocabulary_bm25,final_test,original,14,4,sbs_pen_7b1,0.252642,gov_eu_nfa,
all_vocabulary_bm25,final_test,original,14,5,tag00123,0.218749,gov_eu_nfa,
all_vocabulary_bm25,final_test,original,14,6,teiet210,0.174634,gov_eu_nfa,
all_vocabulary_bm25,final_test,original,14,7,ten00139,0.161875,gov_eu_nfa,relevant
all_vocabulary_bm25,final_test,original,14,8,tipspd26,0.142220,gov_eu_nfa,
all_vocabulary_bm25,final_test,original,14,9,tet00066,0.138899,gov_eu_nfa,
all_vocabulary_bm25,final_test,original,14,10,tipspc26,0.138687,gov_eu_nfa,
all_vocabulary_bm25,final_test,original,17,1,icw_pov_03,1.000000,icw_pov_03,highly_relevant
all_vocabulary_bm25,final_test,original,17,2,med_ps423,0.581652,icw_pov_03,
all_vocabulary_bm25,final_test,original,17,3,med_ps32,0.505856,icw_pov_03,
all_vocabulary_bm25,final_test,original,17,4,edat_lfso_00t2,0.458777,icw_pov_03,not_relevant
all_vocabulary_bm25,final_test,original,17,5,earn_mw_avgr1,0.416077,icw_pov_03,relevant
all_vocabulary_bm25,final_test,original,17,6,earn_mw_avgr2,0.410997,icw_pov_03,relevant
all_vocabulary_bm25,final_test,original,17,7,med_ps43,0.277082,icw_pov_03,
all_vocabulary_bm25,final_test,original,17,8,enps_ilc_natln,0.269190,icw_pov_03,
all_vocabulary_bm25,final_test,original,17,9,tespm060,0.215373,icw_pov_03,
all_vocabulary_bm25,final_test,original,17,10,gov_eu_nfa,0.163532,icw_pov_03,
all_vocabulary_bm25,final_test,original,27,1,educ_iste,1.000000,educ_iste,highly_relevant
all_vocabulary_bm25,final_test,original,27,2,edat_lfso_00t4,0.734757,educ_iste,not_relevant
all_vocabulary_bm25,final_test,original,27,3,med_ps422,0.644828,educ_iste,not_relevant
all_vocabulary_bm25,final_test,original,27,4,educ_uoe_lang03,0.406401,educ_iste,
all_vocabulary_bm25,final_test,original,27,5,med_ps24,0.404008,educ_iste,not_relevant
all_vocabulary_bm25,final_test,original,27,6,lfst_dpw_01,0.402553,educ_iste,
all_vocabulary_bm25,final_test,original,27,7,gbv_ch_rp,0.362705,educ_iste,not_relevant
all_vocabulary_bm25,final_test,original,27,8,educ_fiaid,0.354973,educ_iste,not_relevant
all_vocabulary_bm25,final_test,original,27,9,lfst_dpw_04,0.329461,educ_iste,
all_vocabulary_bm25,final_test,original,27,10,hlth_ehis_hc3,0.311930,educ_iste,
all_vocabulary_bm25,final_test,original,28,1,tipslc20,1.000000,tipslc20,highly_relevant
all_vocabulary_bm25,final_test,original,28,2,sdg_01_20,0.830704,tipslc20,relevant
all_vocabulary_bm25,final_test,original,28,3,tps00184,0.809205,tipslc20,relevant
all_vocabulary_bm25,final_test,original,28,4,tesov250,0.769030,tipslc20,
all_vocabulary_bm25,final_test,original,28,5,tespn010,0.764601,tipslc20,relevant
all_vocabulary_bm25,final_test,original,28,6,enpe_ilc_li01,0.760419,tipslc20,relevant
all_vocabulary_bm25,final_test,original,28,7,tespn120,0.754942,tipslc20,
all_vocabulary_bm25,final_test,original,28,8,tespn110,0.754639,tipslc20,relevant
all_vocabulary_bm25,final_test,original,28,9,enpe_ilc_li09,0.639964,tipslc20,
all_vocabulary_bm25,final_test,original,28,10,tessi220,0.614192,tipslc20,relevant
all_vocabulary_bm25,final_test,original,29,1,tag00123,1.000000,tet00065,not_relevant
all_vocabulary_bm25,final_test,original,29,2,sbs_pen_7b1,0.778841,tet00065,not_relevant
all_vocabulary_bm25,final_test,original,29,3,tet00065,0.418102,tet00065,highly_relevant
all_vocabulary_bm25,final_test,original,29,4,tet00071,0.354581,tet00065,relevant
all_vocabulary_bm25,final_test,original,29,5,gov_eu_fa,0.347206,tet00065,
all_vocabulary_bm25,final_test,original,29,6,lfso_12worklong,0.320908,tet00065,
all_vocabulary_bm25,final_test,original,29,7,teiet050,0.306853,tet00065,
all_vocabulary_bm25,final_test,original,29,8,teiet150,0.306853,tet00065,
all_vocabulary_bm25,final_test,original,29,9,teiet060,0.286697,tet00065,relevant
all_vocabulary_bm25,final_test,original,29,10,teiet160,0.286697,tet00065,not_relevant
all_vocabulary_bm25,final_test,original,31,1,mar_qg_qm_ewhd,1.000000,mar_qg_qm_cwh,relevant
all_vocabulary_bm25,final_test,original,31,2,mar_qg_qm_ewhk,0.976028,mar_qg_qm_cwh,relevant
all_vocabulary_bm25,final_test,original,31,3,mar_qg_qm_ewht,0.968840,mar_qg_qm_cwh,relevant
all_vocabulary_bm25,final_test,original,31,4,mar_qg_qm_cwh,0.967396,mar_qg_qm_cwh,highly_relevant
all_vocabulary_bm25,final_test,original,31,5,mar_qg_qm_ewhg,0.939264,mar_qg_qm_cwh,relevant
all_vocabulary_bm25,final_test,original,31,6,enps_mar_frdir,0.839463,mar_qg_qm_cwh,relevant
all_vocabulary_bm25,final_test,original,31,7,mar_qg_qm_pwh,0.804662,mar_qg_qm_cwh,relevant
all_vocabulary_bm25,final_test,original,31,8,mar_qg_qm_pwhc,0.795428,mar_qg_qm_cwh,not_relevant
all_vocabulary_bm25,final_test,original,31,9,mar_qg_qm_pwhl,0.779687,mar_qg_qm_cwh,relevant
all_vocabulary_bm25,final_test,original,31,10,mar_mg_aa_pwhd,0.779527,mar_qg_qm_cwh,relevant
all_vocabulary_bm25,final_test,original,35,1,tespn020,1.000000,tespn020,highly_relevant
all_vocabulary_bm25,final_test,original,35,2,tespn060,0.989371,tespn020,highly_relevant
all_vocabulary_bm25,final_test,original,35,3,tespn090,0.976325,tespn020,relevant
all_vocabulary_bm25,final_test,original,35,4,tespn250,0.900952,tespn020,relevant
all_vocabulary_bm25,final_test,original,35,5,ilc_pns5,0.841888,tespn020,not_relevant
all_vocabulary_bm25,final_test,original,35,6,tespn120,0.716860,tespn020,
all_vocabulary_bm25,final_test,original,35,7,tespn110,0.574633,tespn020,
all_vocabulary_bm25,final_test,original,35,8,tespn270,0.565543,tespn020,
all_vocabulary_bm25,final_test,original,35,9,tessi030,0.387456,tespn020,not_relevant
all_vocabulary_bm25,final_test,original,35,10,ilc_pnp2,0.348293,tespn020,relevant
all_vocabulary_bm25,final_test,original,54,1,med_ps412,1.000000,med_ps412,highly_relevant
all_vocabulary_bm25,final_test,original,54,2,enps_lfsa_argaed,0.671495,med_ps412,relevant
all_vocabulary_bm25,final_test,original,54,3,tipslm15,0.513600,med_ps412,relevant
all_vocabulary_bm25,final_test,original,54,4,enps_lfsa_ergan,0.443958,med_ps412,relevant
all_vocabulary_bm25,final_test,original,54,5,ilc_igtp04,0.393941,med_ps412,
all_vocabulary_bm25,final_test,original,54,6,hsw_aw_ws2,0.316377,med_ps412,
all_vocabulary_bm25,final_test,original,54,7,tipslm16,0.293311,med_ps412,
all_vocabulary_bm25,final_test,original,54,8,lfst_dpw_05,0.275502,med_ps412,
all_vocabulary_bm25,final_test,original,54,9,enpe_lfsa_argaed,0.271658,med_ps412,relevant
all_vocabulary_bm25,final_test,original,54,10,tipslm80,0.270738,med_ps412,
all_vocabulary_bm25,final_test,original,64,1,ten00110,1.000000,ten00110,highly_relevant
all_vocabulary_bm25,final_test,original,64,2,enps_env_wasgenm,0.784675,ten00110,relevant
all_vocabulary_bm25,final_test,original,64,3,cei_pc040,0.596671,ten00110,relevant
all_vocabulary_bm25,final_test,original,64,4,cei_pc050,0.589949,ten00110,relevant
all_vocabulary_bm25,final_test,original,64,5,cei_pc031,0.554101,ten00110,relevant
all_vocabulary_bm25,final_test,original,64,6,enps_env_wasgenh,0.461518,ten00110,relevant
all_vocabulary_bm25,final_test,original,64,7,sdg_12_51,0.403108,ten00110,relevant
all_vocabulary_bm25,final_test,original,64,8,cei_pc034,0.398639,ten00110,relevant
all_vocabulary_bm25,final_test,original,64,9,ilc_igtp04,0.365224,ten00110,
all_vocabulary_bm25,final_test,original,64,10,med_en23,0.246613,ten00110,relevant
all_vocabulary_bm25,final_test,original,69,1,gbv_dv_age,1.000000,gbv_dv_age,highly_relevant
all_vocabulary_bm25,final_test,original,69,2,gbv_dv_type,0.794016,gbv_dv_age,relevant
all_vocabulary_bm25,final_test,original,69,3,gbv_ch_age,0.789337,gbv_dv_age,relevant
all_vocabulary_bm25,final_test,original,69,4,gbv_dv_du,0.777594,gbv_dv_age,relevant
all_vocabulary_bm25,final_test,original,69,5,gbv_dv_occ,0.764475,gbv_dv_age,relevant
all_vocabulary_bm25,final_test,original,69,6,gbv_dv_cob,0.759967,gbv_dv_age,relevant
all_vocabulary_bm25,final_test,original,69,7,gbv_any_age,0.754975,gbv_dv_age,relevant
all_vocabulary_bm25,final_test,original,69,8,gbv_any_cnq,0.751272,gbv_dv_age,relevant
all_vocabulary_bm25,final_test,original,69,9,gbv_ch_perp,0.740956,gbv_dv_age,relevant
all_vocabulary_bm25,final_test,original,69,10,gbv_dv_lim,0.734525,gbv_dv_age,
all_vocabulary_bm25,final_test,original,75,1,road_go_ca_d_c,1.000000,road_go_ca_d_c,highly_relevant
all_vocabulary_bm25,final_test,original,75,2,road_go_ca_d_ha,0.837861,road_go_ca_d_c,highly_relevant
all_vocabulary_bm25,final_test,original,75,3,road_go_ca_c,0.788971,road_go_ca_d_c,relevant
all_vocabulary_bm25,final_test,original,75,4,med_rd6,0.725641,road_go_ca_d_c,relevant
all_vocabulary_bm25,final_test,original,75,5,road_tert_go,0.558019,road_go_ca_d_c,relevant
all_vocabulary_bm25,final_test,original,75,6,tran_im_uroad,0.437765,road_go_ca_d_c,
all_vocabulary_bm25,final_test,original,75,7,road_ec_empl_s,0.366681,road_go_ca_d_c,
all_vocabulary_bm25,final_test,original,75,8,road_ec_invest,0.357055,road_go_ca_d_c,
all_vocabulary_bm25,final_test,original,75,9,road_pa_mov,0.347914,road_go_ca_d_c,not_relevant
all_vocabulary_bm25,final_test,original,75,10,road_ec_empl,0.334403,road_go_ca_d_c,
all_vocabulary_bm25,final_test,original,81,1,med_air2,1.000000,med_air2,highly_relevant
all_vocabulary_bm25,final_test,original,81,2,road_if_bsurfa,0.162564,med_air2,not_relevant
all_vocabulary_bm25,final_test,original,81,3,avia_ec_emp_arp,0.107394,med_air2,not_relevant
all_vocabulary_bm25,final_test,original,86,1,gbv_ipv_ed,1.000000,gbv_ipv_ed,highly_relevant
all_vocabulary_bm25,final_test,original,86,2,gbv_ipv_cnq,0.830196,gbv_ipv_ed,relevant
all_vocabulary_bm25,final_test,original,86,3,gbv_npv_ed,0.737245,gbv_ipv_ed,relevant
all_vocabulary_bm25,final_test,original,86,4,gbv_ipv_comm,0.678281,gbv_ipv_ed,not_relevant
all_vocabulary_bm25,final_test,original,86,5,gbv_ipv_lim,0.660114,gbv_ipv_ed,relevant
all_vocabulary_bm25,final_test,original,86,6,gbv_any_ed,0.589214,gbv_ipv_ed,relevant
all_vocabulary_bm25,final_test,original,86,7,gbv_dv_ed,0.584805,gbv_ipv_ed,highly_relevant
all_vocabulary_bm25,final_test,original,86,8,educ_uoe_grad09,0.566072,gbv_ipv_ed,not_relevant
all_vocabulary_bm25,final_test,original,86,9,gbv_npv_cnq,0.555345,gbv_ipv_ed,relevant
all_vocabulary_bm25,final_test,original,86,10,gbv_ipv_type,0.546165,gbv_ipv_ed,relevant
all_vocabulary_bm25,final_test,original,88,1,enpe_isoc_ci_ifp_fu,1.000000,tin00092,relevant
all_vocabulary_bm25,final_test,original,88,2,tin00092,0.649388,tin00092,highly_relevant
all_vocabulary_bm25,final_test,original,88,3,enpe_isoc_ci_in_h,0.511556,tin00092,relevant
all_vocabulary_bm25,final_test,original,88,4,tin00102,0.500896,tin00092,relevant
all_vocabulary_bm25,final_test,original,88,5,tin00091,0.491656,tin00092,highly_relevant
all_vocabulary_bm25,final_test,original,88,6,tin00134,0.452914,tin00092,highly_relevant
all_vocabulary_bm25,final_test,original,88,7,tin00103,0.406948,tin00092,
all_vocabulary_bm25,final_test,original,88,8,isoc_ci_ac_i$dv_1122,0.287184,tin00092,relevant
all_vocabulary_bm25,final_test,original,88,9,sdg_03_70,0.265574,tin00092,
all_vocabulary_bm25,final_test,original,88,10,enps_edat_lfse3,0.256012,tin00092,
all_vocabulary_bm25,final_test,original,94,1,crim_hom_city,1.000000,crim_hist,relevant
all_vocabulary_bm25,final_test,original,94,2,crim_hist,0.789631,crim_hist,highly_relevant
all_vocabulary_bm25,final_test,original,94,3,gbv_st_rp,0.506193,crim_hist,not_relevant
all_vocabulary_bm25,final_test,original,94,4,gbv_any_rp,0.485509,crim_hist,
all_vocabulary_bm25,final_test,original,94,5,gbv_npv_rp,0.481940,crim_hist,
all_vocabulary_bm25,final_test,original,94,6,gbv_ipv_rp,0.474915,crim_hist,not_relevant
all_vocabulary_bm25,final_test,original,94,7,gbv_ch_rp,0.428124,crim_hist,not_relevant
all_vocabulary_bm25,final_test,original,94,8,crim_plce,0.410833,crim_hist,not_relevant
all_vocabulary_bm25,final_test,original,94,9,gbv_shw_rp,0.377914,crim_hist,
all_vocabulary_bm25,final_test,original,94,10,teimf200,0.185653,crim_hist,
all_vocabulary_bm25,final_test,original,97,1,pipe_if_capac,1.000000,pipe_if_capac,highly_relevant
all_vocabulary_bm25,final_test,original,97,2,pipe_if_lenght,0.504929,pipe_if_capac,relevant
all_vocabulary_bm25,final_test,original,97,3,iww_ec_ent_c,0.423185,pipe_if_capac,not_relevant
all_vocabulary_bm25,final_test,original,97,4,med_ma4,0.396183,pipe_if_capac,not_relevant
all_vocabulary_bm25,final_test,original,97,5,med_ma5,0.394107,pipe_if_capac,
all_vocabulary_bm25,final_test,original,97,6,enps_mar_eqton,0.382662,pipe_if_capac,
all_vocabulary_bm25,final_test,original,97,7,sdg_03_70,0.298486,pipe_if_capac,
all_vocabulary_bm25,final_test,original,97,8,bs_bs5_04,0.244825,pipe_if_capac,
all_vocabulary_bm25,final_test,original,97,9,bs_bs7_04,0.212382,pipe_if_capac,
all_vocabulary_bm25,final_test,original,97,10,bs_bs6_04,0.178669,pipe_if_capac,
all_vocabulary_bm25,final_test,reformulated,3,1,sbs_pen_7b1,1.000000,sbs_pen_7c,relevant
all_vocabulary_bm25,final_test,reformulated,3,2,tag00123,0.635093,sbs_pen_7c,not_relevant
all_vocabulary_bm25,final_test,reformulated,3,3,sbs_pen_7e,0.445190,sbs_pen_7c,relevant
all_vocabulary_bm25,final_test,reformulated,3,4,sbs_pen_7c,0.440620,sbs_pen_7c,highly_relevant
all_vocabulary_bm25,final_test,reformulated,3,5,lfso_12reduchrs,0.434124,sbs_pen_7c,
all_vocabulary_bm25,final_test,reformulated,3,6,sbs_pen_7b2,0.421287,sbs_pen_7c,relevant
all_vocabulary_bm25,final_test,reformulated,3,7,tai09,0.333268,sbs_pen_7c,not_relevant
all_vocabulary_bm25,final_test,reformulated,3,8,lfso_06finiagps,0.331243,sbs_pen_7c,not_relevant
all_vocabulary_bm25,final_test,reformulated,3,9,sbs_pen_enteea,0.330038,sbs_pen_7c,relevant
all_vocabulary_bm25,final_test,reformulated,3,10,lfso_12earlyret,0.252407,sbs_pen_7c,
all_vocabulary_bm25,final_test,reformulated,4,1,med_air4,1.000000,enps_avia_typ,relevant
all_vocabulary_bm25,final_test,reformulated,4,2,enps_avia_typ,0.485547,enps_avia_typ,highly_relevant
all_vocabulary_bm25,final_test,reformulated,4,3,avia_eq_arc_agereg,0.359654,enps_avia_typ,relevant
all_vocabulary_bm25,final_test,reformulated,4,4,med_air3,0.336780,enps_avia_typ,highly_relevant
all_vocabulary_bm25,final_test,reformulated,4,5,avia_eq_arc_age,0.312402,enps_avia_typ,relevant
all_vocabulary_bm25,final_test,reformulated,4,6,tran_im_uiww,0.303378,enps_avia_typ,not_relevant
all_vocabulary_bm25,final_test,reformulated,4,7,tran_im_umar,0.287201,enps_avia_typ,
all_vocabulary_bm25,final_test,reformulated,4,8,tran_im_uroad,0.283141,enps_avia_typ,
all_vocabulary_bm25,final_test,reformulated,4,9,med_rd6,0.248460,enps_avia_typ,
all_vocabulary_bm25,final_test,reformulated,4,10,tran_im_urail,0.228961,enps_avia_typ,not_relevant
all_vocabulary_bm25,final_test,reformulated,11,1,teimf100,1.000000,ilc_odbt08,not_relevant
all_vocabulary_bm25,final_test,reformulated,11,2,enpe_mon_res,0.939930,ilc_odbt08,
all_vocabulary_bm25,final_test,reformulated,11,3,tespn120,0.857603,ilc_odbt08,
all_vocabulary_bm25,final_test,reformulated,11,4,tessi293,0.803361,ilc_odbt08,
all_vocabulary_bm25,final_test,reformulated,11,5,sdg_06_10,0.764465,ilc_odbt08,
all_vocabulary_bm25,final_test,reformulated,11,6,enpe_irt_st,0.763275,ilc_odbt08,
all_vocabulary_bm25,final_test,reformulated,11,7,ilc_odbt05,0.688322,ilc_odbt08,relevant
all_vocabulary_bm25,final_test,reformulated,11,8,ilc_odbt06,0.688322,ilc_odbt08,relevant
all_vocabulary_bm25,final_test,reformulated,11,9,ilc_odbt07,0.688322,ilc_odbt08,relevant
all_vocabulary_bm25,final_test,reformulated,11,10,tespm020,0.660439,ilc_odbt08,not_relevant
all_vocabulary_bm25,final_test,reformulated,13,1,enps_ilc_natln,1.000000,tgs00107,
all_vocabulary_bm25,final_test,reformulated,13,2,enpe_ilc_li09,0.685500,tgs00107,relevant
all_vocabulary_bm25,final_test,reformulated,13,3,edat_lfso_00t2,0.517462,tgs00107,not_relevant
all_vocabulary_bm25,final_test,reformulated,13,4,med_ps423,0.512009,tgs00107,
all_vocabulary_bm25,final_test,reformulated,13,5,med_ps43,0.506078,tgs00107,
all_vocabulary_bm25,final_test,reformulated,13,6,tipslc30,0.500659,tgs00107,
all_vocabulary_bm25,final_test,reformulated,13,7,earn_mw_avgr2,0.497411,tgs00107,
all_vocabulary_bm25,final_test,reformulated,13,8,earn_mw_avgr1,0.490327,tgs00107,
all_vocabulary_bm25,final_test,reformulated,13,9,qoe_ewcs_7b1,0.475986,tgs00107,
all_vocabulary_bm25,final_test,reformulated,13,10,med_ps32,0.401371,tgs00107,
all_vocabulary_bm25,final_test,reformulated,14,1,gov_eu_nfa,1.000000,gov_eu_nfa,highly_relevant
all_vocabulary_bm25,final_test,reformulated,14,2,gov_eu_fa,0.317477,gov_eu_nfa,not_relevant
all_vocabulary_bm25,final_test,reformulated,14,3,gov_eu_debt,0.231663,gov_eu_nfa,
all_vocabulary_bm25,final_test,reformulated,14,4,trng_aes_186,0.202810,gov_eu_nfa,
all_vocabulary_bm25,final_test,reformulated,14,5,teilm100,0.196841,gov_eu_nfa,not_relevant
all_vocabulary_bm25,final_test,reformulated,14,6,tec00021,0.186876,gov_eu_nfa,relevant
all_vocabulary_bm25,final_test,reformulated,14,7,tessi294,0.167356,gov_eu_nfa,
all_vocabulary_bm25,final_test,reformulated,14,8,sdg_17_50,0.140836,gov_eu_nfa,not_relevant
all_vocabulary_bm25,final_test,reformulated,14,9,teina520,0.128623,gov_eu_nfa,
all_vocabulary_bm25,final_test,reformulated,14,10,tipspd30,0.119584,gov_eu_nfa,
all_vocabulary_bm25,final_test,reformulated,17,1,lfst_dpw_06,1.000000,icw_pov_03,not_relevant
all_vocabulary_bm25,final_test,reformulated,17,2,tus_00simuact,0.628773,icw_pov_03,
all_vocabulary_bm25,final_test,reformulated,17,3,tessi293,0.543730,icw_pov_03,
all_vocabulary_bm25,final_test,reformulated,17,4,tessi294,0.523491,icw_pov_03,not_relevant
all_vocabulary_bm25,final_test,reformulated,17,5,tessi295,0.513861,icw_pov_03,
all_vocabulary_bm25,final_test,reformulated,17,6,ilc_lvhd06,0.438261,icw_pov_03,
all_vocabulary_bm25,final_test,reformulated,17,7,tour_ce_oasc,0.335350,icw_pov_03,not_relevant
all_vocabulary_bm25,final_test,reformulated,17,8,ilc_lvps20,0.301825,icw_pov_03,not_relevant
all_vocabulary_bm25,final_test,reformulated,17,9,ilc_mdho02c,0.285340,icw_pov_03,
all_vocabulary_bm25,final_test,reformulated,17,10,trng_cvt_25s,0.280886,icw_pov_03,
all_vocabulary_bm25,final_test,reformulated,27,1,med_ps22,1.000000,educ_iste,not_relevant
all_vocabulary_bm25,final_test,reformulated,27,2,educ_iste,0.925203,educ_iste,highly_relevant
all_vocabulary_bm25,final_test,reformulated,27,3,educ_uoe_perp03,0.522651,educ_iste,
all_vocabulary_bm25,final_test,reformulated,27,4,trng_nfe13,0.519015,educ_iste,not_relevant
all_vocabulary_bm25,final_test,reformulated,27,5,sbs_pen_7b2,0.481656,educ_iste,
all_vocabulary_bm25,final_test,reformulated,27,6,trng_any5,0.442824,educ_iste,
all_vocabulary_bm25,final_test,reformulated,27,7,trng_nfe5,0.437906,educ_iste,not_relevant
all_vocabulary_bm25,final_test,reformulated,27,8,sbs_pen_7b1,0.397256,educ_iste,
all_vocabulary_bm25,final_test,reformulated,27,9,med_ec0,0.363832,educ_iste,
all_vocabulary_bm25,final_test,reformulated,27,10,med_ps422,0.359193,educ_iste,not_relevant
all_vocabulary_bm25,final_test,reformulated,28,1,ilc_li70,1.000000,tipslc20,not_relevant
all_vocabulary_bm25,final_test,reformulated,28,2,tipslc20,0.829846,tipslc20,highly_relevant
all_vocabulary_bm25,final_test,reformulated,28,3,sdg_01_20,0.807419,tipslc20,relevant
all_vocabulary_bm25,final_test,reformulated,28,4,tps00184,0.777076,tipslc20,relevant
all_vocabulary_bm25,final_test,reformulated,28,5,enpe_ilc_li01,0.671819,tipslc20,relevant
all_vocabulary_bm25,final_test,reformulated,28,6,tesov250,0.668272,tipslc20,
all_vocabulary_bm25,final_test,reformulated,28,7,tessi220,0.600781,tipslc20,relevant
all_vocabulary_bm25,final_test,reformulated,28,8,ilc_li13,0.600384,tipslc20,
all_vocabulary_bm25,final_test,reformulated,28,9,tesov092,0.578781,tipslc20,relevant
all_vocabulary_bm25,final_test,reformulated,28,10,sdg_01_20a,0.574779,tipslc20,relevant
all_vocabulary_bm25,final_test,reformulated,29,1,teiet050,1.000000,tet00065,
all_vocabulary_bm25,final_test,reformulated,29,2,teiet150,1.000000,tet00065,
all_vocabulary_bm25,final_test,reformulated,29,3,teina444_r2,0.973318,tet00065,
all_vocabulary_bm25,final_test,reformulated,29,4,teina446_r2,0.945605,tet00065,
all_vocabulary_bm25,final_test,reformulated,29,5,env_ac_egss3,0.581404,tet00065,
all_vocabulary_bm25,final_test,reformulated,29,6,teiet010,0.549149,tet00065,relevant
all_vocabulary_bm25,final_test,reformulated,29,7,teiet110,0.549149,tet00065,
all_vocabulary_bm25,final_test,reformulated,29,8,teiet030,0.545666,tet00065,relevant
all_vocabulary_bm25,final_test,reformulated,29,9,teiet130,0.545666,tet00065,not_relevant
all_vocabulary_bm25,final_test,reformulated,29,10,teiet060,0.544933,tet00065,relevant
all_vocabulary_bm25,final_test,reformulated,31,1,mar_qg_qm_ewhk,1.000000,mar_qg_qm_cwh,relevant
all_vocabulary_bm25,final_test,reformulated,31,2,mar_qg_qm_ewhd,0.672748,mar_qg_qm_cwh,relevant
all_vocabulary_bm25,final_test,reformulated,31,3,mar_sg_am_ewx,0.668363,mar_qg_qm_cwh,relevant
all_vocabulary_bm25,final_test,reformulated,31,4,mar_qg_qm_ewht,0.649031,mar_qg_qm_cwh,relevant
all_vocabulary_bm25,final_test,reformulated,31,5,mar_qg_qm_cwh,0.647934,mar_qg_qm_cwh,highly_relevant
all_vocabulary_bm25,final_test,reformulated,31,6,mar_qg_qm_ewhg,0.626602,mar_qg_qm_cwh,relevant
all_vocabulary_bm25,final_test,reformulated,31,7,mar_v_est,0.427136,mar_qg_qm_cwh,relevant
all_vocabulary_bm25,final_test,reformulated,31,8,mar_qg_qm_pwh,0.415753,mar_qg_qm_cwh,relevant
all_vocabulary_bm25,final_test,reformulated,31,9,mar_qg_qm_pwhc,0.412857,mar_qg_qm_cwh,not_relevant
all_vocabulary_bm25,final_test,reformulated,31,10,mar_qg_qm_pwhl,0.399204,mar_qg_qm_cwh,relevant
all_vocabulary_bm25,final_test,reformulated,35,1,gov_eu_nfa,1.000000,tespn020,not_relevant
all_vocabulary_bm25,final_test,reformulated,35,2,rd_p_sen,0.651793,tespn020,not_relevant
all_vocabulary_bm25,final_test,reformulated,35,3,tespn120,0.635193,tespn020,
all_vocabulary_bm25,final_test,reformulated,35,4,tespn090,0.609039,tespn020,relevant
all_vocabulary_bm25,final_test,reformulated,35,5,tespn020,0.596894,tespn020,highly_relevant
all_vocabulary_bm25,final_test,reformulated,35,6,tespn060,0.589076,tespn020,highly_relevant
all_vocabulary_bm25,final_test,reformulated,35,7,ilc_pns5,0.513076,tespn020,not_relevant
all_vocabulary_bm25,final_test,reformulated,35,8,tec00021,0.487051,tespn020,not_relevant
all_vocabulary_bm25,final_test,reformulated,35,9,gbv_ch_rp,0.468636,tespn020,
all_vocabulary_bm25,final_test,reformulated,35,10,tespn250,0.451522,tespn020,relevant
all_vocabulary_bm25,final_test,reformulated,54,1,tipslm15,1.000000,med_ps412,relevant
all_vocabulary_bm25,final_test,reformulated,54,2,enps_lfsa_ergan,0.924013,med_ps412,relevant
all_vocabulary_bm25,final_test,reformulated,54,3,enps_lfsa_argaed,0.919493,med_ps412,relevant
all_vocabulary_bm25,final_test,reformulated,54,4,gbv_ch_rp,0.764492,med_ps412,
all_vocabulary_bm25,final_test,reformulated,54,5,med_ps412,0.728444,med_ps412,highly_relevant
all_vocabulary_bm25,final_test,reformulated,54,6,gbv_st_rp,0.653571,med_ps412,
all_vocabulary_bm25,final_test,reformulated,54,7,tqoe3b4,0.647231,med_ps412,not_relevant
all_vocabulary_bm25,final_test,reformulated,54,8,hsw_aw_ws2,0.629129,med_ps412,
all_vocabulary_bm25,final_test,reformulated,54,9,tipslm90,0.622992,med_ps412,
all_vocabulary_bm25,final_test,reformulated,54,10,gbv_any_rp,0.599377,med_ps412,
all_vocabulary_bm25,final_test,reformulated,64,1,mar_sg_am_pwr,1.000000,ten00110,
all_vocabulary_bm25,final_test,reformulated,64,2,mar_qg_qm_pwhr,0.920509,ten00110,not_relevant
all_vocabulary_bm25,final_test,reformulated,64,3,gbv_ch_rp,0.898662,ten00110,not_relevant
all_vocabulary_bm25,final_test,reformulated,64,4,mar_qg_qm_ewhk,0.620708,ten00110,not_relevant
all_vocabulary_bm25,final_test,reformulated,64,5,mar_sg_am_ewx,0.596923,ten00110,
all_vocabulary_bm25,final_test,reformulated,64,6,gov_eu_nfa,0.567508,ten00110,
all_vocabulary_bm25,final_test,reformulated,64,7,tran_im_umod,0.490825,ten00110,
all_vocabulary_bm25,final_test,reformulated,64,8,mar_mg_aa_cwh,0.465902,ten00110,
all_vocabulary_bm25,final_test,reformulated,64,9,med_ag41,0.447960,ten00110,
all_vocabulary_bm25,final_test,reformulated,64,10,enps_mar_frdir,0.430507,ten00110,
all_vocabulary_bm25,final_test,reformulated,69,1,gbv_dv_age,1.000000,gbv_dv_age,highly_relevant
all_vocabulary_bm25,final_test,reformulated,69,2,lfsi_jhh_a,0.943529,gbv_dv_age,not_relevant
all_vocabulary_bm25,final_test,reformulated,69,3,gbv_ipv_comm,0.809845,gbv_dv_age,relevant
all_vocabulary_bm25,final_test,reformulated,69,4,gbv_awr_leg,0.762515,gbv_dv_age,relevant
all_vocabulary_bm25,final_test,reformulated,69,5,gbv_awr_serv,0.750842,gbv_dv_age,relevant
all_vocabulary_bm25,final_test,reformulated,69,6,gbv_shw_comm,0.718948,gbv_dv_age,
all_vocabulary_bm25,final_test,reformulated,69,7,gbv_st_age,0.698292,gbv_dv_age,
all_vocabulary_bm25,final_test,reformulated,69,8,gbv_ch_age,0.676450,gbv_dv_age,relevant
all_vocabulary_bm25,final_test,reformulated,69,9,gbv_any_age,0.671705,gbv_dv_age,relevant
all_vocabulary_bm25,final_test,reformulated,69,10,gbv_npv_age,0.664659,gbv_dv_age,relevant
all_vocabulary_bm25,final_test,reformulated,75,1,road_go_ca_d_c,1.000000,road_go_ca_d_c,highly_relevant
all_vocabulary_bm25,final_test,reformulated,75,2,road_go_ca_d_ha,0.837861,road_go_ca_d_c,highly_relevant
all_vocabulary_bm25,final_test,reformulated,75,3,road_go_ca_c,0.788971,road_go_ca_d_c,relevant
all_vocabulary_bm25,final_test,reformulated,75,4,med_rd6,0.725641,road_go_ca_d_c,relevant
all_vocabulary_bm25,final_test,reformulated,75,5,road_tert_go,0.558019,road_go_ca_d_c,relevant
all_vocabulary_bm25,final_test,reformulated,75,6,tran_im_uroad,0.437765,road_go_ca_d_c,
all_vocabulary_bm25,final_test,reformulated,75,7,road_ec_empl_s,0.366681,road_go_ca_d_c,
all_vocabulary_bm25,final_test,reformulated,75,8,road_ec_invest,0.357055,road_go_ca_d_c,
all_vocabulary_bm25,final_test,reformulated,75,9,road_pa_mov,0.347914,road_go_ca_d_c,not_relevant
all_vocabulary_bm25,final_test,reformulated,75,10,road_ec_empl,0.334403,road_go_ca_d_c,
all_vocabulary_bm25,final_test,reformulated,81,1,med_air2,1.000000,med_air2,highly_relevant
all_vocabulary_bm25,final_test,reformulated,81,2,lfso_12worklong,0.199869,med_air2,
all_vocabulary_bm25,final_test,reformulated,81,3,med_ra1,0.189200,med_air2,not_relevant
all_vocabulary_bm25,final_test,reformulated,81,4,enps_rail_if,0.177975,med_air2,not_relevant
all_vocabulary_bm25,final_test,reformulated,81,5,enps_road_if,0.175661,med_air2,not_relevant
all_vocabulary_bm25,final_test,reformulated,81,6,bs_bs2_00,0.167034,med_air2,
all_vocabulary_bm25,final_test,reformulated,81,7,iss_21covt,0.162511,med_air2,
all_vocabulary_bm25,final_test,reformulated,81,8,rail_if_traff,0.125074,med_air2,relevant
all_vocabulary_bm25,final_test,reformulated,81,9,ilc_igtp04,0.120932,med_air2,
all_vocabulary_bm25,final_test,reformulated,81,10,edat_lfso_00t2,0.119764,med_air2,
all_vocabulary_bm25,final_test,reformulated,86,1,gbv_npv_du,1.000000,gbv_ipv_ed,relevant
all_vocabulary_bm25,final_test,reformulated,86,2,rd_p_sen,0.931702,gbv_ipv_ed,not_relevant
all_vocabulary_bm25,final_test,reformulated,86,3,gbv_npv_ed,0.834066,gbv_ipv_ed,relevant
all_vocabulary_bm25,final_test,reformulated,86,4,gbv_dv_du,0.787930,gbv_ipv_ed,relevant
all_vocabulary_bm25,final_test,reformulated,86,5,gbv_npv_cnq,0.736266,gbv_ipv_ed,relevant
all_vocabulary_bm25,final_test,reformulated,86,6,gbv_npv_occ,0.657623,gbv_ipv_ed,
all_vocabulary_bm25,final_test,reformulated,86,7,gbv_npv_cob,0.636985,gbv_ipv_ed,
all_vocabulary_bm25,final_test,reformulated,86,8,gbv_npv_type,0.634644,gbv_ipv_ed,
all_vocabulary_bm25,final_test,reformulated,86,9,gbv_dv_ed,0.633641,gbv_ipv_ed,highly_relevant
all_vocabulary_bm25,final_test,reformulated,86,10,gbv_npv_frq,0.620344,gbv_ipv_ed,
all_vocabulary_bm25,final_test,reformulated,88,1,enpe_isoc_ci_ifp_fu,1.000000,tin00092,relevant
all_vocabulary_bm25,final_test,reformulated,88,2,tin00091,0.699751,tin00092,highly_relevant
all_vocabulary_bm25,final_test,reformulated,88,3,hlth_ehis_al1e$dv_1142,0.437948,tin00092,not_relevant
all_vocabulary_bm25,final_test,reformulated,88,4,ilc_scp07$dv_1064,0.394539,tin00092,not_relevant
all_vocabulary_bm25,final_test,reformulated,88,5,enpe_isoc_ci_in_h,0.394019,tin00092,relevant
all_vocabulary_bm25,final_test,reformulated,88,6,ilc_scp10$dv_2744,0.357995,tin00092,
all_vocabulary_bm25,final_test,reformulated,88,7,ilc_scp12$dv_2746,0.347990,tin00092,not_relevant
all_vocabulary_bm25,final_test,reformulated,88,8,tin00134,0.343772,tin00092,highly_relevant
all_vocabulary_bm25,final_test,reformulated,88,9,tin00103,0.341118,tin00092,
all_vocabulary_bm25,final_test,reformulated,88,10,cult_pcs_nws,0.322394,tin00092,
all_vocabulary_bm25,final_test,reformulated,94,1,migr_eilpop,1.000000,crim_hist,not_relevant
all_vocabulary_bm25,final_test,reformulated,94,2,mar_pa_qm_me,0.468711,crim_hist,not_relevant
all_vocabulary_bm25,final_test,reformulated,94,3,trng_aes_186,0.410200,crim_hist,not_relevant
all_vocabulary_bm25,final_test,reformulated,94,4,teimf200,0.337732,crim_hist,
all_vocabulary_bm25,final_test,reformulated,94,5,sdg_16_30,0.323475,crim_hist,
all_vocabulary_bm25,final_test,reformulated,94,6,iss_18bfbck,0.300690,crim_hist,not_relevant
all_vocabulary_bm25,final_test,reformulated,94,7,tec00033,0.298905,crim_hist,
all_vocabulary_bm25,final_test,reformulated,94,8,trng_nfe18,0.238552,crim_hist,not_relevant
all_vocabulary_bm25,final_test,reformulated,94,9,crim_hom_city,0.191253,crim_hist,relevant
all_vocabulary_bm25,final_test,reformulated,94,10,edat_lfso_00t5,0.185770,crim_hist,
all_vocabulary_bm25,final_test,reformulated,97,1,pipe_if_capac,1.000000,pipe_if_capac,highly_relevant
all_vocabulary_bm25,final_test,reformulated,97,2,sdg_03_70,0.698015,pipe_if_capac,
all_vocabulary_bm25,final_test,reformulated,97,3,pipe_if_lenght,0.481108,pipe_if_capac,relevant
all_vocabulary_bm25,final_test,reformulated,97,4,gbv_ch_rp,0.450153,pipe_if_capac,
all_vocabulary_bm25,final_test,reformulated,97,5,iww_ec_ent_c,0.430932,pipe_if_capac,not_relevant
all_vocabulary_bm25,final_test,reformulated,97,6,teibs070,0.392600,pipe_if_capac,not_relevant
all_vocabulary_bm25,final_test,reformulated,97,7,ilc_odbt08,0.373295,pipe_if_capac,
all_vocabulary_bm25,final_test,reformulated,97,8,gbv_st_rp,0.360808,pipe_if_capac,
all_vocabulary_bm25,final_test,reformulated,97,9,gbv_any_cnq,0.354201,pipe_if_capac,not_relevant
all_vocabulary_bm25,final_test,reformulated,97,10,ilc_odbt09,0.354153,pipe_if_capac,
pearl_semantic,final_test,original,3,1,sbs_pen_7c,1.000000,sbs_pen_7c,highly_relevant
pearl_semantic,final_test,original,3,2,sbs_pen_7b1,0.989717,sbs_pen_7c,relevant
pearl_semantic,final_test,original,3,3,sbs_pen_7b2,0.684795,sbs_pen_7c,relevant
pearl_semantic,final_test,original,3,4,sbs_pen_7e,0.590371,sbs_pen_7c,relevant
pearl_semantic,final_test,original,3,5,cei_cie012,0.428361,sbs_pen_7c,
pearl_semantic,final_test,original,3,6,tipsii15,0.399243,sbs_pen_7c,
pearl_semantic,final_test,original,3,7,tipsii12,0.375642,sbs_pen_7c,
pearl_semantic,final_test,original,3,8,env_ac_epite,0.300636,sbs_pen_7c,not_relevant
pearl_semantic,final_test,original,3,9,env_ac_epite1,0.300636,sbs_pen_7c,not_relevant
pearl_semantic,final_test,original,3,10,ten00136,0.300636,sbs_pen_7c,
pearl_semantic,final_test,original,4,1,med_air3,1.000000,enps_avia_typ,highly_relevant
pearl_semantic,final_test,original,4,2,avia_eq_arc_age,0.983673,enps_avia_typ,relevant
pearl_semantic,final_test,original,4,3,avia_eq_arc_agereg,0.858245,enps_avia_typ,relevant
pearl_semantic,final_test,original,4,4,enps_avia_typ,0.737908,enps_avia_typ,highly_relevant
pearl_semantic,final_test,original,4,5,med_air4,0.622938,enps_avia_typ,relevant
pearl_semantic,final_test,original,4,6,iww_ec_ent_c,0.555966,enps_avia_typ,
pearl_semantic,final_test,original,4,7,avia_tppa,0.463995,enps_avia_typ,
pearl_semantic,final_test,original,4,8,sbs_part_wtstck,0.449578,enps_avia_typ,
pearl_semantic,final_test,original,4,9,avia_tpgo,0.392913,enps_avia_typ,
pearl_semantic,final_test,original,4,10,med_ma2,0.373733,enps_avia_typ,
pearl_semantic,final_test,original,11,1,ilc_odbt08,1.000000,ilc_odbt08,highly_relevant
pearl_semantic,final_test,original,11,2,ilc_odbt09,0.826875,ilc_odbt08,relevant
pearl_semantic,final_test,original,11,3,ilc_igtp04,0.673813,ilc_odbt08,
pearl_semantic,final_test,original,11,4,ilc_odbt03,0.581663,ilc_odbt08,relevant
pearl_semantic,final_test,original,11,5,ilc_odbt06,0.553598,ilc_odbt08,relevant
pearl_semantic,final_test,original,11,6,med_ps312,0.546589,ilc_odbt08,not_relevant
pearl_semantic,final_test,original,11,7,ilc_igtp03,0.543278,ilc_odbt08,
pearl_semantic,final_test,original,11,8,ilc_li70,0.538984,ilc_odbt08,
pearl_semantic,final_test,original,11,9,ilc_odbt07,0.517527,ilc_odbt08,relevant
pearl_semantic,final_test,original,11,10,ilc_odbt05,0.505743,ilc_odbt08,relevant
pearl_semantic,final_test,original,13,1,ilc_peps13n,1.000000,tgs00107,relevant
pearl_semantic,final_test,original,13,2,tepsr_lm410,0.909255,tgs00107,relevant
pearl_semantic,final_test,original,13,3,tesov250,0.902527,tgs00107,
pearl_semantic,final_test,original,13,4,tipslc10,0.899443,tgs00107,relevant
pearl_semantic,final_test,original,13,5,tipslc20,0.890555,tgs00107,relevant
pearl_semantic,final_test,original,13,6,sdg_01_10a,0.865784,tgs00107,relevant
pearl_semantic,final_test,original,13,7,ilc_pecs01,0.848270,tgs00107,
pearl_semantic,final_test,original,13,8,ilc_lvhd01,0.818948,tgs00107,not_relevant
pearl_semantic,final_test,original,13,9,tepsr_lm411,0.807703,tgs00107,relevant
pearl_semantic,final_test,original,13,10,tespm040,0.799429,tgs00107,relevant
pearl_semantic,final_test,original,14,1,gov_eu_nfa,1.000000,gov_eu_nfa,highly_relevant
pearl_semantic,final_test,original,14,2,ten00139,0.557822,gov_eu_nfa,relevant
pearl_semantic,final_test,original,14,3,gov_eu_fa,0.530271,gov_eu_nfa,not_relevant
pearl_semantic,final_test,original,14,4,tec00009,0.500914,gov_eu_nfa,
pearl_semantic,final_test,original,14,5,sbs_pen_7e,0.468524,gov_eu_nfa,
pearl_semantic,final_test,original,14,6,gov_eu_debt,0.392168,gov_eu_nfa,
pearl_semantic,final_test,original,14,7,sdg_12_10,0.306046,gov_eu_nfa,
pearl_semantic,final_test,original,14,8,tipspd30,0.300292,gov_eu_nfa,
pearl_semantic,final_test,original,14,9,tipspd16,0.293979,gov_eu_nfa,
pearl_semantic,final_test,original,14,10,tec00039,0.285723,gov_eu_nfa,
pearl_semantic,final_test,original,17,1,tin00176,1.000000,icw_pov_03,
pearl_semantic,final_test,original,17,2,ilc_lvhd03,0.985659,icw_pov_03,
pearl_semantic,final_test,original,17,3,ilc_lvhd04,0.935007,icw_pov_03,
pearl_semantic,final_test,original,17,4,sdg_10_20,0.894652,icw_pov_03,
pearl_semantic,final_test,original,17,5,ilc_lvhl23n,0.780372,icw_pov_03,
pearl_semantic,final_test,original,17,6,tqoe4a3,0.769533,icw_pov_03,
pearl_semantic,final_test,original,17,7,mar_mp_aa_cph,0.657768,icw_pov_03,
pearl_semantic,final_test,original,17,8,sdg_01_20a,0.602631,icw_pov_03,
pearl_semantic,final_test,original,17,9,tessi294,0.559665,icw_pov_03,not_relevant
pearl_semantic,final_test,original,17,10,migr_asytpfa$dv_1381,0.517587,icw_pov_03,
pearl_semantic,final_test,original,27,1,educ_iste,1.000000,educ_iste,highly_relevant
pearl_semantic,final_test,original,27,2,med_ps22,0.674764,educ_iste,not_relevant
pearl_semantic,final_test,original,27,3,earn_ses_pub1i,0.673308,educ_iste,
pearl_semantic,final_test,original,27,4,ilc_hch16$dv_2262,0.633364,educ_iste,not_relevant
pearl_semantic,final_test,original,27,5,enps_educ_comprate,0.563809,educ_iste,not_relevant
pearl_semantic,final_test,original,27,6,hlth_ehis_pe2e$dv_301,0.560558,educ_iste,
pearl_semantic,final_test,original,27,7,educ_uoe_lang03,0.508037,educ_iste,
pearl_semantic,final_test,original,27,8,hlth_ehis_pe2e$dv_1144,0.505679,educ_iste,
pearl_semantic,final_test,original,27,9,trng_nfe5,0.504452,educ_iste,not_relevant
pearl_semantic,final_test,original,27,10,ilc_pw15$dv_2750,0.489103,educ_iste,not_relevant
pearl_semantic,final_test,original,28,1,tipslc20,1.000000,tipslc20,highly_relevant
pearl_semantic,final_test,original,28,2,tesov250,0.907472,tipslc20,
pearl_semantic,final_test,original,28,3,sdg_01_20,0.873738,tipslc20,relevant
pearl_semantic,final_test,original,28,4,tps00184,0.820476,tipslc20,relevant
pearl_semantic,final_test,original,28,5,sdg_01_20a,0.745684,tipslc20,relevant
pearl_semantic,final_test,original,28,6,enpe_ilc_li09,0.667830,tipslc20,
pearl_semantic,final_test,original,28,7,tipslc10,0.544027,tipslc20,relevant
pearl_semantic,final_test,original,28,8,sdg_01_10a,0.508038,tipslc20,
pearl_semantic,final_test,original,28,9,enpe_ilc_li01,0.490868,tipslc20,relevant
pearl_semantic,final_test,original,28,10,ilc_pecs01,0.468259,tipslc20,
pearl_semantic,final_test,original,29,1,tec00110,1.000000,tet00065,
pearl_semantic,final_test,original,29,2,teiet210,0.806830,tet00065,not_relevant
pearl_semantic,final_test,original,29,3,med_ec1,0.755404,tet00065,
pearl_semantic,final_test,original,29,4,tag00123,0.715907,tet00065,not_relevant
pearl_semantic,final_test,original,29,5,tec00001,0.586421,tet00065,
pearl_semantic,final_test,original,29,6,env_ac_epite,0.558812,tet00065,
pearl_semantic,final_test,original,29,7,env_ac_epite1,0.558812,tet00065,
pearl_semantic,final_test,original,29,8,ten00136,0.558812,tet00065,
pearl_semantic,final_test,original,29,9,enpe_nama_10_gdp,0.544962,tet00065,
pearl_semantic,final_test,original,29,10,tet00003,0.531155,tet00065,
pearl_semantic,final_test,original,31,1,mar_qg_qm_ewhk,1.000000,mar_qg_qm_cwh,relevant
pearl_semantic,final_test,original,31,2,mar_qg_qm_ewhd,0.944154,mar_qg_qm_cwh,relevant
pearl_semantic,final_test,original,31,3,mar_qg_qm_cwh,0.928529,mar_qg_qm_cwh,highly_relevant
pearl_semantic,final_test,original,31,4,mar_qg_qm_ewht,0.877342,mar_qg_qm_cwh,relevant
pearl_semantic,final_test,original,31,5,mar_qg_qm_ewhg,0.779679,mar_qg_qm_cwh,relevant
pearl_semantic,final_test,original,31,6,mar_mg_am_cwt,0.768705,mar_qg_qm_cwh,relevant
pearl_semantic,final_test,original,31,7,mar_qg_qm_pwh,0.765549,mar_qg_qm_cwh,relevant
pearl_semantic,final_test,original,31,8,mar_qg_qm_pwhc,0.691690,mar_qg_qm_cwh,not_relevant
pearl_semantic,final_test,original,31,9,mar_mg_aa_cwh,0.680567,mar_qg_qm_cwh,relevant
pearl_semantic,final_test,original,31,10,mar_mg_aa_pwhd,0.632747,mar_qg_qm_cwh,relevant
pearl_semantic,final_test,original,35,1,tespn020,1.000000,tespn020,highly_relevant
pearl_semantic,final_test,original,35,2,tespn060,0.983151,tespn020,highly_relevant
pearl_semantic,final_test,original,35,3,tespn270,0.733948,tespn020,
pearl_semantic,final_test,original,35,4,tespn250,0.686131,tespn020,relevant
pearl_semantic,final_test,original,35,5,ilc_pns5,0.677202,tespn020,not_relevant
pearl_semantic,final_test,original,35,6,ilc_pns2,0.675592,tespn020,relevant
pearl_semantic,final_test,original,35,7,tespn090,0.647638,tespn020,relevant
pearl_semantic,final_test,original,35,8,ilc_pnp2,0.570663,tespn020,relevant
pearl_semantic,final_test,original,35,9,tespn080,0.521927,tespn020,
pearl_semantic,final_test,original,35,10,tespn110,0.416021,tespn020,
pearl_semantic,final_test,original,54,1,lfsa_ewpsat$dv_606,1.000000,med_ps412,
pearl_semantic,final_test,original,54,2,enps_lfsa_ergan,0.875685,med_ps412,relevant
pearl_semantic,final_test,original,54,3,med_ps412,0.875396,med_ps412,highly_relevant
pearl_semantic,final_test,original,54,4,enpe_lfsa_argaed,0.861773,med_ps412,relevant
pearl_semantic,final_test,original,54,5,enps_lfsa_argaed,0.793660,med_ps412,relevant
pearl_semantic,final_test,original,54,6,lfsa_ewpeve$dv_604,0.788891,med_ps412,
pearl_semantic,final_test,original,54,7,lfsa_ewpnig$dv_605,0.788891,med_ps412,
pearl_semantic,final_test,original,54,8,lfsa_ewpsun$dv_607,0.788891,med_ps412,
pearl_semantic,final_test,original,54,9,hsw_ac8$dv_386,0.755860,med_ps412,
pearl_semantic,final_test,original,54,10,tps00066,0.753404,med_ps412,
pearl_semantic,final_test,original,64,1,ten00110,1.000000,ten00110,highly_relevant
pearl_semantic,final_test,original,64,2,enps_env_wasgenh,0.851583,ten00110,relevant
pearl_semantic,final_test,original,64,3,cei_pc035,0.661768,ten00110,relevant
pearl_semantic,final_test,original,64,4,med_en22,0.588241,ten00110,
pearl_semantic,final_test,original,64,5,enps_env_wasgenm,0.586450,ten00110,relevant
pearl_semantic,final_test,original,64,6,cei_pc034,0.566222,ten00110,relevant
pearl_semantic,final_test,original,64,7,med_en23,0.548758,ten00110,relevant
pearl_semantic,final_test,original,64,8,enps_env_wasacc,0.518782,ten00110,
pearl_semantic,final_test,original,64,9,enps_env_wasgenp,0.496466,ten00110,
pearl_semantic,final_test,original,64,10,sdg_12_51,0.490328,ten00110,relevant
pearl_semantic,final_test,original,69,1,gbv_dv_age,1.000000,gbv_dv_age,highly_relevant
pearl_semantic,final_test,original,69,2,gbv_any_age,0.838713,gbv_dv_age,relevant
pearl_semantic,final_test,original,69,3,gbv_npv_age,0.697317,gbv_dv_age,relevant
pearl_semantic,final_test,original,69,4,gbv_ipv_age,0.666648,gbv_dv_age,highly_relevant
pearl_semantic,final_test,original,69,5,gbv_ch_age,0.640573,gbv_dv_age,relevant
pearl_semantic,final_test,original,69,6,gbv_st_age,0.567472,gbv_dv_age,
pearl_semantic,final_test,original,69,7,gbv_dv_type,0.548040,gbv_dv_age,relevant
pearl_semantic,final_test,original,69,8,gbv_dv_cob,0.478537,gbv_dv_age,relevant
pearl_semantic,final_test,original,69,9,gbv_dv_lim,0.476236,gbv_dv_age,
pearl_semantic,final_test,original,69,10,gbv_npv_perp,0.463116,gbv_dv_age,relevant
pearl_semantic,final_test,original,75,1,road_go_ca_d_c,1.000000,road_go_ca_d_c,highly_relevant
pearl_semantic,final_test,original,75,2,road_go_ca_c,0.957780,road_go_ca_d_c,relevant
pearl_semantic,final_test,original,75,3,road_go_ca_d_ha,0.883315,road_go_ca_d_c,highly_relevant
pearl_semantic,final_test,original,75,4,iww_ec_ent_c,0.706830,road_go_ca_d_c,
pearl_semantic,final_test,original,75,5,med_rd6,0.662577,road_go_ca_d_c,relevant
pearl_semantic,final_test,original,75,6,iww_ec_invest,0.657995,road_go_ca_d_c,
pearl_semantic,final_test,original,75,7,iww_ec_employ,0.629537,road_go_ca_d_c,
pearl_semantic,final_test,original,75,8,road_ec_invest,0.628417,road_go_ca_d_c,
pearl_semantic,final_test,original,75,9,med_rd2,0.610817,road_go_ca_d_c,
pearl_semantic,final_test,original,75,10,road_ec_entveh,0.552526,road_go_ca_d_c,
pearl_semantic,final_test,original,81,1,med_air2,1.000000,med_air2,highly_relevant
pearl_semantic,final_test,original,81,2,road_if_bsurfa,0.340104,med_air2,not_relevant
pearl_semantic,final_test,original,81,3,avia_ec_emp_arp,0.314231,med_air2,not_relevant
pearl_semantic,final_test,original,81,4,med_air1,0.286501,med_air2,relevant
pearl_semantic,final_test,original,81,5,road_eqs_trail,0.240585,med_air2,
pearl_semantic,final_test,original,81,6,avia_if_arp,0.230313,med_air2,not_relevant
pearl_semantic,final_test,original,81,7,road_eqr_trailn,0.218668,med_air2,
pearl_semantic,final_test,original,81,8,road_eqr_trail,0.215541,med_air2,
pearl_semantic,final_test,original,81,9,road_eqs_semitn,0.209303,med_air2,
pearl_semantic,final_test,original,81,10,road_eqs_trailn,0.195017,med_air2,
pearl_semantic,final_test,original,86,1,gbv_npv_ed,1.000000,gbv_ipv_ed,relevant
pearl_semantic,final_test,original,86,2,gbv_dv_ed,0.980759,gbv_ipv_ed,highly_relevant
pearl_semantic,final_test,original,86,3,gbv_ipv_ed,0.969735,gbv_ipv_ed,highly_relevant
pearl_semantic,final_test,original,86,4,gbv_any_ed,0.918162,gbv_ipv_ed,relevant
pearl_semantic,final_test,original,86,5,gbv_npv_du,0.773508,gbv_ipv_ed,relevant
pearl_semantic,final_test,original,86,6,gbv_dv_du,0.737453,gbv_ipv_ed,relevant
pearl_semantic,final_test,original,86,7,gbv_any_du,0.712390,gbv_ipv_ed,
pearl_semantic,final_test,original,86,8,gbv_npv_perp,0.651896,gbv_ipv_ed,
pearl_semantic,final_test,original,86,9,gbv_ipv_du,0.634413,gbv_ipv_ed,relevant
pearl_semantic,final_test,original,86,10,educ_uoe_grad09,0.622795,gbv_ipv_ed,not_relevant
pearl_semantic,final_test,original,88,1,enpe_isoc_ci_in_h,1.000000,tin00092,relevant
pearl_semantic,final_test,original,88,2,tin00134,0.966642,tin00092,highly_relevant
pearl_semantic,final_test,original,88,3,tin00091,0.785678,tin00092,highly_relevant
pearl_semantic,final_test,original,88,4,tin00092,0.748867,tin00092,highly_relevant
pearl_semantic,final_test,original,88,5,tin00028,0.702391,tin00092,relevant
pearl_semantic,final_test,original,88,6,tin00096,0.689389,tin00092,relevant
pearl_semantic,final_test,original,88,7,tin00099,0.634395,tin00092,not_relevant
pearl_semantic,final_test,original,88,8,tin00101,0.624674,tin00092,
pearl_semantic,final_test,original,88,9,tgs00047,0.603528,tin00092,
pearl_semantic,final_test,original,88,10,tin00127,0.601923,tin00092,
pearl_semantic,final_test,original,94,1,crim_hist,1.000000,crim_hist,highly_relevant
pearl_semantic,final_test,original,94,2,crim_hom_city,0.513946,crim_hist,relevant
pearl_semantic,final_test,original,94,3,crim_pris_cap,0.482113,crim_hist,relevant
pearl_semantic,final_test,original,94,4,crim_plce,0.470661,crim_hist,not_relevant
pearl_semantic,final_test,original,94,5,crim_off_cat$dv_1401,0.347051,crim_hist,relevant
pearl_semantic,final_test,original,94,6,crim_off_cat$dv_348,0.347051,crim_hist,relevant
pearl_semantic,final_test,original,94,7,sdg_16_20,0.326096,crim_hist,
pearl_semantic,final_test,original,94,8,crim_smu_sctz,0.234475,crim_hist,
pearl_semantic,final_test,original,94,9,sdg_05_10,0.217955,crim_hist,
pearl_semantic,final_test,original,94,10,crim_crt_per,0.217531,crim_hist,
pearl_semantic,final_test,original,97,1,pipe_if_capac,1.000000,pipe_if_capac,highly_relevant
pearl_semantic,final_test,original,97,2,pipe_if_lenght,0.525939,pipe_if_capac,relevant
pearl_semantic,final_test,original,97,3,iww_ec_ent_c,0.442929,pipe_if_capac,not_relevant
pearl_semantic,final_test,original,97,4,pipe_ec_employ,0.368268,pipe_if_capac,
pearl_semantic,final_test,original,97,5,med_rd4,0.350191,pipe_if_capac,
pearl_semantic,final_test,original,97,6,pipe_ec_invest,0.348403,pipe_if_capac,relevant
pearl_semantic,final_test,original,97,7,med_ma4,0.330684,pipe_if_capac,not_relevant
pearl_semantic,final_test,original,97,8,med_ma5,0.321577,pipe_if_capac,
pearl_semantic,final_test,original,97,9,road_eqr_lsttt,0.310306,pipe_if_capac,
pearl_semantic,final_test,original,97,10,road_eqs_trailn,0.285461,pipe_if_capac,
pearl_semantic,final_test,reformulated,3,1,sbs_pen_7b1,1.000000,sbs_pen_7c,relevant
pearl_semantic,final_test,reformulated,3,2,sbs_pen_7c,0.809644,sbs_pen_7c,highly_relevant
pearl_semantic,final_test,reformulated,3,3,sbs_pen_7b2,0.648693,sbs_pen_7c,relevant
pearl_semantic,final_test,reformulated,3,4,tipsii12,0.632851,sbs_pen_7c,
pearl_semantic,final_test,reformulated,3,5,sbs_pen_7e,0.588103,sbs_pen_7c,relevant
pearl_semantic,final_test,reformulated,3,6,tipsii21,0.561426,sbs_pen_7c,not_relevant
pearl_semantic,final_test,reformulated,3,7,tipsbp22,0.440548,sbs_pen_7c,not_relevant
pearl_semantic,final_test,reformulated,3,8,tipsii15,0.426762,sbs_pen_7c,
pearl_semantic,final_test,reformulated,3,9,cei_cie012,0.420731,sbs_pen_7c,
pearl_semantic,final_test,reformulated,3,10,tec00105,0.359330,sbs_pen_7c,
pearl_semantic,final_test,reformulated,4,1,med_air3,1.000000,enps_avia_typ,highly_relevant
pearl_semantic,final_test,reformulated,4,2,med_air4,0.772104,enps_avia_typ,relevant
pearl_semantic,final_test,reformulated,4,3,avia_eq_arc_age,0.539910,enps_avia_typ,relevant
pearl_semantic,final_test,reformulated,4,4,avia_eq_arc_agereg,0.481784,enps_avia_typ,relevant
pearl_semantic,final_test,reformulated,4,5,enps_avia_typ,0.465020,enps_avia_typ,highly_relevant
pearl_semantic,final_test,reformulated,4,6,avia_tppa,0.423345,enps_avia_typ,
pearl_semantic,final_test,reformulated,4,7,med_air5,0.419496,enps_avia_typ,relevant
pearl_semantic,final_test,reformulated,4,8,avia_ec_emp_ent,0.407267,enps_avia_typ,
pearl_semantic,final_test,reformulated,4,9,avia_tpgo,0.402266,enps_avia_typ,
pearl_semantic,final_test,reformulated,4,10,enps_avia_fr,0.398608,enps_avia_typ,relevant
pearl_semantic,final_test,reformulated,11,1,ilc_odbt08,1.000000,ilc_odbt08,highly_relevant
pearl_semantic,final_test,reformulated,11,2,ilc_odbt09,0.752247,ilc_odbt08,relevant
pearl_semantic,final_test,reformulated,11,3,ilc_igtp04,0.610046,ilc_odbt08,
pearl_semantic,final_test,reformulated,11,4,ilc_li70,0.604757,ilc_odbt08,
pearl_semantic,final_test,reformulated,11,5,med_ps312,0.554531,ilc_odbt08,not_relevant
pearl_semantic,final_test,reformulated,11,6,sdg_01_20,0.523392,ilc_odbt08,
pearl_semantic,final_test,reformulated,11,7,ilc_odbt06,0.495002,ilc_odbt08,relevant
pearl_semantic,final_test,reformulated,11,8,ilc_odbt05,0.457624,ilc_odbt08,relevant
pearl_semantic,final_test,reformulated,11,9,ilc_odbt03,0.451874,ilc_odbt08,relevant
pearl_semantic,final_test,reformulated,11,10,tesov092,0.450977,ilc_odbt08,
pearl_semantic,final_test,reformulated,13,1,ilc_peps13n,1.000000,tgs00107,relevant
pearl_semantic,final_test,reformulated,13,2,tipslc20,0.846949,tgs00107,relevant
pearl_semantic,final_test,reformulated,13,3,sdg_01_20,0.840951,tgs00107,
pearl_semantic,final_test,reformulated,13,4,sdg_01_10a,0.791124,tgs00107,relevant
pearl_semantic,final_test,reformulated,13,5,enpe_ilc_li09,0.781530,tgs00107,relevant
pearl_semantic,final_test,reformulated,13,6,tepsr_lm410,0.769448,tgs00107,relevant
pearl_semantic,final_test,reformulated,13,7,tipslc10,0.740151,tgs00107,relevant
pearl_semantic,final_test,reformulated,13,8,ilc_lvhd01,0.728927,tgs00107,not_relevant
pearl_semantic,final_test,reformulated,13,9,tgs00107,0.728643,tgs00107,highly_relevant
pearl_semantic,final_test,reformulated,13,10,tesov250,0.677511,tgs00107,
pearl_semantic,final_test,reformulated,14,1,gov_eu_nfa,1.000000,gov_eu_nfa,highly_relevant
pearl_semantic,final_test,reformulated,14,2,ten00139,0.736503,gov_eu_nfa,relevant
pearl_semantic,final_test,reformulated,14,3,tipspd30,0.504997,gov_eu_nfa,
pearl_semantic,final_test,reformulated,14,4,sdg_12_10,0.486681,gov_eu_nfa,
pearl_semantic,final_test,reformulated,14,5,tec00009,0.425293,gov_eu_nfa,
pearl_semantic,final_test,reformulated,14,6,tqoe4a3,0.383220,gov_eu_nfa,
pearl_semantic,final_test,reformulated,14,7,egr_mne_n2sc,0.373046,gov_eu_nfa,
pearl_semantic,final_test,reformulated,14,8,gov_eu_fa,0.344377,gov_eu_nfa,not_relevant
pearl_semantic,final_test,reformulated,14,9,tipsbd20,0.329482,gov_eu_nfa,
pearl_semantic,final_test,reformulated,14,10,tesem090,0.328245,gov_eu_nfa,
pearl_semantic,final_test,reformulated,17,1,tin00176,1.000000,icw_pov_03,
pearl_semantic,final_test,reformulated,17,2,sdg_10_20,0.956240,icw_pov_03,
pearl_semantic,final_test,reformulated,17,3,tqoe4a3,0.864103,icw_pov_03,
pearl_semantic,final_test,reformulated,17,4,ilc_lvhd03,0.859186,icw_pov_03,
pearl_semantic,final_test,reformulated,17,5,enpe_ext_intro,0.840140,icw_pov_03,not_relevant
pearl_semantic,final_test,reformulated,17,6,ilc_lvhd04,0.755482,icw_pov_03,
pearl_semantic,final_test,reformulated,17,7,migr_asytpfa$dv_1381,0.714637,icw_pov_03,
pearl_semantic,final_test,reformulated,17,8,mar_mp_aa_cph,0.666553,icw_pov_03,
pearl_semantic,final_test,reformulated,17,9,tessi294,0.578105,icw_pov_03,not_relevant
pearl_semantic,final_test,reformulated,17,10,sdg_08_30a,0.540669,icw_pov_03,
pearl_semantic,final_test,reformulated,27,1,educ_iste,1.000000,educ_iste,highly_relevant
pearl_semantic,final_test,reformulated,27,2,med_ps22,0.669102,educ_iste,not_relevant
pearl_semantic,final_test,reformulated,27,3,enps_educ_comprate,0.549004,educ_iste,not_relevant
pearl_semantic,final_test,reformulated,27,4,earn_ses_pub1i$dv_353,0.524326,educ_iste,not_relevant
pearl_semantic,final_test,reformulated,27,5,ilc_hch16$dv_2262,0.500909,educ_iste,not_relevant
pearl_semantic,final_test,reformulated,27,6,earn_ses_pub1i,0.477408,educ_iste,
pearl_semantic,final_test,reformulated,27,7,enpe_educ_uoe_enra02,0.455624,educ_iste,
pearl_semantic,final_test,reformulated,27,8,educ_uoe_perp05,0.453935,educ_iste,
pearl_semantic,final_test,reformulated,27,9,educ_uoe_lang03,0.436495,educ_iste,
pearl_semantic,final_test,reformulated,27,10,hlth_ehis_pe2e$dv_301,0.434036,educ_iste,
pearl_semantic,final_test,reformulated,28,1,tesov250,1.000000,tipslc20,
pearl_semantic,final_test,reformulated,28,2,sdg_01_20,0.968452,tipslc20,relevant
pearl_semantic,final_test,reformulated,28,3,tipslc20,0.952338,tipslc20,highly_relevant
pearl_semantic,final_test,reformulated,28,4,tps00184,0.755441,tipslc20,relevant
pearl_semantic,final_test,reformulated,28,5,sdg_01_20a,0.732664,tipslc20,relevant
pearl_semantic,final_test,reformulated,28,6,tessi121,0.653369,tipslc20,
pearl_semantic,final_test,reformulated,28,7,tespn100,0.644727,tipslc20,
pearl_semantic,final_test,reformulated,28,8,enpe_ilc_li09,0.635088,tipslc20,
pearl_semantic,final_test,reformulated,28,9,tipslc10,0.597579,tipslc20,relevant
pearl_semantic,final_test,reformulated,28,10,tespm040,0.584475,tipslc20,
pearl_semantic,final_test,reformulated,29,1,tec00110,1.000000,tet00065,
pearl_semantic,final_test,reformulated,29,2,teiet210,0.908255,tet00065,not_relevant
pearl_semantic,final_test,reformulated,29,3,med_ec1,0.841189,tet00065,
pearl_semantic,final_test,reformulated,29,4,teina010,0.697667,tet00065,not_relevant
pearl_semantic,final_test,reformulated,29,5,teina050,0.657886,tet00065,
pearl_semantic,final_test,reformulated,29,6,tec00001,0.597344,tet00065,
pearl_semantic,final_test,reformulated,29,7,tet00003,0.588488,tet00065,
pearl_semantic,final_test,reformulated,29,8,teiet030,0.573765,tet00065,relevant
pearl_semantic,final_test,reformulated,29,9,teina444_r2,0.568642,tet00065,
pearl_semantic,final_test,reformulated,29,10,tec00039,0.530890,tet00065,
pearl_semantic,final_test,reformulated,31,1,mar_qg_qm_ewhd,1.000000,mar_qg_qm_cwh,relevant
pearl_semantic,final_test,reformulated,31,2,mar_qg_qm_ewhk,0.952112,mar_qg_qm_cwh,relevant
pearl_semantic,final_test,reformulated,31,3,mar_qg_qm_cwh,0.927461,mar_qg_qm_cwh,highly_relevant
pearl_semantic,final_test,reformulated,31,4,mar_qg_qm_ewht,0.914854,mar_qg_qm_cwh,relevant
pearl_semantic,final_test,reformulated,31,5,tgs00076,0.790680,mar_qg_qm_cwh,relevant
pearl_semantic,final_test,reformulated,31,6,mar_qg_qm_ewhg,0.705263,mar_qg_qm_cwh,relevant
pearl_semantic,final_test,reformulated,31,7,mar_qg_qm_pwh,0.694759,mar_qg_qm_cwh,relevant
pearl_semantic,final_test,reformulated,31,8,mar_mg_am_pvh,0.654338,mar_qg_qm_cwh,
pearl_semantic,final_test,reformulated,31,9,mar_mg_am_cwt,0.629466,mar_qg_qm_cwh,relevant
pearl_semantic,final_test,reformulated,31,10,tgs00075,0.627845,mar_qg_qm_cwh,
pearl_semantic,final_test,reformulated,35,1,tespn020,1.000000,tespn020,highly_relevant
pearl_semantic,final_test,reformulated,35,2,tespn060,0.957528,tespn020,highly_relevant
pearl_semantic,final_test,reformulated,35,3,tespn080,0.665971,tespn020,
pearl_semantic,final_test,reformulated,35,4,ilc_pns5,0.651839,tespn020,not_relevant
pearl_semantic,final_test,reformulated,35,5,tespn090,0.642706,tespn020,relevant
pearl_semantic,final_test,reformulated,35,6,tespn270,0.635976,tespn020,
pearl_semantic,final_test,reformulated,35,7,ilc_pns2,0.604209,tespn020,relevant
pearl_semantic,final_test,reformulated,35,8,tespn250,0.485501,tespn020,relevant
pearl_semantic,final_test,reformulated,35,9,tessi301,0.427763,tespn020,
pearl_semantic,final_test,reformulated,35,10,tespn120,0.421113,tespn020,
pearl_semantic,final_test,reformulated,54,1,lfsa_ewpsat$dv_606,1.000000,med_ps412,
pearl_semantic,final_test,reformulated,54,2,enps_lfsa_ergan,0.979848,med_ps412,relevant
pearl_semantic,final_test,reformulated,54,3,tipslm15,0.923472,med_ps412,relevant
pearl_semantic,final_test,reformulated,54,4,enps_lfsa_argaed,0.877542,med_ps412,relevant
pearl_semantic,final_test,reformulated,54,5,enpe_lfsa_argaed,0.812398,med_ps412,relevant
pearl_semantic,final_test,reformulated,54,6,tqoe3a5,0.772441,med_ps412,
pearl_semantic,final_test,reformulated,54,7,med_ps412,0.764959,med_ps412,highly_relevant
pearl_semantic,final_test,reformulated,54,8,hsw_ac8$dv_386,0.760226,med_ps412,
pearl_semantic,final_test,reformulated,54,9,lfsa_ipga$dv_610,0.743084,med_ps412,
pearl_semantic,final_test,reformulated,54,10,tps00065,0.725963,med_ps412,
pearl_semantic,final_test,reformulated,64,1,enps_env_wasgenh,1.000000,ten00110,relevant
pearl_semantic,final_test,reformulated,64,2,ten00110,0.975867,ten00110,highly_relevant
pearl_semantic,final_test,reformulated,64,3,road_eqs_trail,0.767935,ten00110,
pearl_semantic,final_test,reformulated,64,4,mar_sg_am_pwc,0.686288,ten00110,
pearl_semantic,final_test,reformulated,64,5,mar_qg_qm_cwh,0.640507,ten00110,
pearl_semantic,final_test,reformulated,64,6,mar_qg_qm_ewhk,0.626770,ten00110,not_relevant
pearl_semantic,final_test,reformulated,64,7,mar_sg_am_pwr,0.619209,ten00110,
pearl_semantic,final_test,reformulated,64,8,mar_sg_am_pwb,0.618502,ten00110,
pearl_semantic,final_test,reformulated,64,9,mar_sg_am_pwl,0.599505,ten00110,
pearl_semantic,final_test,reformulated,64,10,mar_mg_aa_cwh,0.593621,ten00110,
pearl_semantic,final_test,reformulated,69,1,gbv_dv_age,1.000000,gbv_dv_age,highly_relevant
pearl_semantic,final_test,reformulated,69,2,gbv_any_age,0.779734,gbv_dv_age,relevant
pearl_semantic,final_test,reformulated,69,3,gbv_ch_age,0.678605,gbv_dv_age,relevant
pearl_semantic,final_test,reformulated,69,4,gbv_npv_age,0.662753,gbv_dv_age,relevant
pearl_semantic,final_test,reformulated,69,5,gbv_ipv_age,0.644267,gbv_dv_age,highly_relevant
pearl_semantic,final_test,reformulated,69,6,gbv_st_age,0.634409,gbv_dv_age,
pearl_semantic,final_test,reformulated,69,7,gbv_shw_age,0.429244,gbv_dv_age,not_relevant
pearl_semantic,final_test,reformulated,69,8,gbv_dv_type,0.390058,gbv_dv_age,relevant
pearl_semantic,final_test,reformulated,69,9,gbv_dv_lim,0.350853,gbv_dv_age,
pearl_semantic,final_test,reformulated,69,10,gbv_dv_cob,0.341130,gbv_dv_age,relevant
pearl_semantic,final_test,reformulated,75,1,road_go_ca_d_c,1.000000,road_go_ca_d_c,highly_relevant
pearl_semantic,final_test,reformulated,75,2,road_go_ca_c,0.957780,road_go_ca_d_c,relevant
pearl_semantic,final_test,reformulated,75,3,road_go_ca_d_ha,0.883315,road_go_ca_d_c,highly_relevant
pearl_semantic,final_test,reformulated,75,4,iww_ec_ent_c,0.706830,road_go_ca_d_c,
pearl_semantic,final_test,reformulated,75,5,med_rd6,0.662577,road_go_ca_d_c,relevant
pearl_semantic,final_test,reformulated,75,6,iww_ec_invest,0.657995,road_go_ca_d_c,
pearl_semantic,final_test,reformulated,75,7,iww_ec_employ,0.629537,road_go_ca_d_c,
pearl_semantic,final_test,reformulated,75,8,road_ec_invest,0.628417,road_go_ca_d_c,
pearl_semantic,final_test,reformulated,75,9,med_rd2,0.610817,road_go_ca_d_c,
pearl_semantic,final_test,reformulated,75,10,road_ec_entveh,0.552526,road_go_ca_d_c,
pearl_semantic,final_test,reformulated,81,1,med_air2,1.000000,med_air2,highly_relevant
pearl_semantic,final_test,reformulated,81,2,tgs00077,0.643189,med_air2,not_relevant
pearl_semantic,final_test,reformulated,81,3,tgs00078,0.596221,med_air2,
pearl_semantic,final_test,reformulated,81,4,enps_tour_occ_ninat,0.589292,med_air2,
pearl_semantic,final_test,reformulated,81,5,enps_tour_occ_arnat,0.553979,med_air2,
pearl_semantic,final_test,reformulated,81,6,med_air3,0.539209,med_air2,not_relevant
pearl_semantic,final_test,reformulated,81,7,tour_ce_oasc,0.484876,med_air2,
pearl_semantic,final_test,reformulated,81,8,med_air4,0.461298,med_air2,not_relevant
pearl_semantic,final_test,reformulated,81,9,avia_ec_emp_arp,0.448169,med_air2,not_relevant
pearl_semantic,final_test,reformulated,81,10,nrg_dhdc_n,0.432302,med_air2,
pearl_semantic,final_test,reformulated,86,1,gbv_ipv_ed,1.000000,gbv_ipv_ed,highly_relevant
pearl_semantic,final_test,reformulated,86,2,gbv_dv_ed,0.967536,gbv_ipv_ed,highly_relevant
pearl_semantic,final_test,reformulated,86,3,gbv_npv_ed,0.900032,gbv_ipv_ed,relevant
pearl_semantic,final_test,reformulated,86,4,gbv_any_ed,0.816296,gbv_ipv_ed,relevant
pearl_semantic,final_test,reformulated,86,5,gbv_dv_du,0.705092,gbv_ipv_ed,relevant
pearl_semantic,final_test,reformulated,86,6,gbv_npv_du,0.657544,gbv_ipv_ed,relevant
pearl_semantic,final_test,reformulated,86,7,gbv_ipv_du,0.627879,gbv_ipv_ed,relevant
pearl_semantic,final_test,reformulated,86,8,gbv_any_du,0.621725,gbv_ipv_ed,
pearl_semantic,final_test,reformulated,86,9,gbv_dv_age,0.613681,gbv_ipv_ed,
pearl_semantic,final_test,reformulated,86,10,gbv_ipv_age,0.588920,gbv_ipv_ed,
pearl_semantic,final_test,reformulated,88,1,enpe_isoc_ci_in_h,1.000000,tin00092,relevant
pearl_semantic,final_test,reformulated,88,2,tin00134,0.973885,tin00092,highly_relevant
pearl_semantic,final_test,reformulated,88,3,tin00091,0.858881,tin00092,highly_relevant
pearl_semantic,final_test,reformulated,88,4,tin00092,0.804148,tin00092,highly_relevant
pearl_semantic,final_test,reformulated,88,5,tin00028,0.797432,tin00092,relevant
pearl_semantic,final_test,reformulated,88,6,tin00096,0.771459,tin00092,relevant
pearl_semantic,final_test,reformulated,88,7,tin00099,0.698908,tin00092,not_relevant
pearl_semantic,final_test,reformulated,88,8,tin00127,0.670661,tin00092,
pearl_semantic,final_test,reformulated,88,9,tin00094,0.664181,tin00092,
pearl_semantic,final_test,reformulated,88,10,tin00101,0.658912,tin00092,
pearl_semantic,final_test,reformulated,94,1,crim_hist,1.000000,crim_hist,highly_relevant
pearl_semantic,final_test,reformulated,94,2,crim_pris_cap,0.595908,crim_hist,relevant
pearl_semantic,final_test,reformulated,94,3,crim_hom_ocit,0.530174,crim_hist,
pearl_semantic,final_test,reformulated,94,4,crim_hom_city,0.502128,crim_hist,relevant
pearl_semantic,final_test,reformulated,94,5,crim_crt_per,0.419499,crim_hist,
pearl_semantic,final_test,reformulated,94,6,crim_plce,0.419491,crim_hist,not_relevant
pearl_semantic,final_test,reformulated,94,7,migr_eilpop,0.363243,crim_hist,not_relevant
pearl_semantic,final_test,reformulated,94,8,crim_off_cat$dv_1401,0.359054,crim_hist,relevant
pearl_semantic,final_test,reformulated,94,9,crim_off_cat$dv_348,0.359054,crim_hist,relevant
pearl_semantic,final_test,reformulated,94,10,hsw_aw_nnasv,0.332344,crim_hist,not_relevant
pearl_semantic,final_test,reformulated,97,1,pipe_if_capac,1.000000,pipe_if_capac,highly_relevant
pearl_semantic,final_test,reformulated,97,2,pipe_if_lenght,0.564151,pipe_if_capac,relevant
pearl_semantic,final_test,reformulated,97,3,pipe_ec_employ,0.496493,pipe_if_capac,
pearl_semantic,final_test,reformulated,97,4,pipe_ec_invest,0.389648,pipe_if_capac,relevant
pearl_semantic,final_test,reformulated,97,5,mar_mg_am_pvh,0.325025,pipe_if_capac,
pearl_semantic,final_test,reformulated,97,6,med_rd4,0.306347,pipe_if_capac,
pearl_semantic,final_test,reformulated,97,7,iww_ec_ent_c,0.303135,pipe_if_capac,not_relevant
pearl_semantic,final_test,reformulated,97,8,mar_mg_am_cvh,0.277066,pipe_if_capac,
pearl_semantic,final_test,reformulated,97,9,road_eqs_trailn,0.259375,pipe_if_capac,
pearl_semantic,final_test,reformulated,97,10,road_eqs_trail,0.257508,pipe_if_capac,
fused,final_test,original,3,1,sbs_pen_7b1,0.997429,sbs_pen_7c,relevant
fused,final_test,original,3,2,sbs_pen_7c,0.922889,sbs_pen_7c,highly_relevant
fused,final_test,original,3,3,sbs_pen_7e,0.807438,sbs_pen_7c,relevant
fused,final_test,original,3,4,sbs_pen_7b2,0.721074,sbs_pen_7c,relevant
fused,final_test,original,3,5,tag00123,0.532376,sbs_pen_7c,not_relevant
fused,final_test,original,3,6,pipe_ec_invest,0.503696,sbs_pen_7c,
fused,final_test,original,3,7,sbs_pen_enteea,0.481450,sbs_pen_7c,relevant
fused,final_test,original,3,8,educ_fiexpc,0.475123,sbs_pen_7c,
fused,final_test,original,3,9,sdg_10_20,0.471531,sbs_pen_7c,
fused,final_test,original,3,10,ilc_mdho03c,0.470705,sbs_pen_7c,
fused,final_test,original,4,1,enps_avia_typ,0.832636,enps_avia_typ,highly_relevant
fused,final_test,original,4,2,med_air3,0.807246,enps_avia_typ,highly_relevant
fused,final_test,original,4,3,avia_eq_arc_agereg,0.756126,enps_avia_typ,relevant
fused,final_test,original,4,4,avia_eq_arc_age,0.726759,enps_avia_typ,relevant
fused,final_test,original,4,5,med_air4,0.567358,enps_avia_typ,relevant
fused,final_test,original,4,6,iww_ec_ent_c,0.498481,enps_avia_typ,
fused,final_test,original,4,7,med_ma2,0.471244,enps_avia_typ,
fused,final_test,original,4,8,med_ma5,0.457776,enps_avia_typ,
fused,final_test,original,4,9,med_ma3,0.453415,enps_avia_typ,
fused,final_test,original,4,10,iww_ec_employ,0.440039,enps_avia_typ,
fused,final_test,original,11,1,ilc_odbt08,0.931726,ilc_odbt08,highly_relevant
fused,final_test,original,11,2,ilc_odbt09,0.896719,ilc_odbt08,relevant
fused,final_test,original,11,3,ilc_odbt06,0.749103,ilc_odbt08,relevant
fused,final_test,original,11,4,ilc_odbt07,0.740085,ilc_odbt08,relevant
fused,final_test,original,11,5,ilc_odbt05,0.737139,ilc_odbt08,relevant
fused,final_test,original,11,6,ilc_odbt03,0.717416,ilc_odbt08,relevant
fused,final_test,original,11,7,ilc_li70,0.626082,ilc_odbt08,
fused,final_test,original,11,8,ilc_odbt12,0.609705,ilc_odbt08,not_relevant
fused,final_test,original,11,9,tesov092,0.594920,ilc_odbt08,
fused,final_test,original,11,10,ilc_li13,0.593182,ilc_odbt08,
fused,final_test,original,13,1,tipslc10,0.796523,tgs00107,relevant
fused,final_test,original,13,2,ilc_peps13n,0.786210,tgs00107,relevant
fused,final_test,original,13,3,tepsr_lm411,0.775794,tgs00107,relevant
fused,final_test,original,13,4,tepsr_lm410,0.766769,tgs00107,relevant
fused,final_test,original,13,5,sdg_01_10a,0.759718,tgs00107,relevant
fused,final_test,original,13,6,ilc_lvhd01,0.739737,tgs00107,not_relevant
fused,final_test,original,13,7,tespm040,0.734223,tgs00107,relevant
fused,final_test,original,13,8,ilc_pecs01,0.727502,tgs00107,
fused,final_test,original,13,9,tesov250,0.716917,tgs00107,
fused,final_test,original,13,10,tipslc20,0.708027,tgs00107,relevant
fused,final_test,original,14,1,gov_eu_nfa,0.920000,gov_eu_nfa,highly_relevant
fused,final_test,original,14,2,gov_eu_fa,0.600563,gov_eu_nfa,not_relevant
fused,final_test,original,14,3,gov_eu_debt,0.519919,gov_eu_nfa,
fused,final_test,original,14,4,ten00139,0.442441,gov_eu_nfa,relevant
fused,final_test,original,14,5,tipspd16,0.428077,gov_eu_nfa,
fused,final_test,original,14,6,tipspd14,0.416601,gov_eu_nfa,
fused,final_test,original,14,7,tipspd30,0.413936,gov_eu_nfa,
fused,final_test,original,14,8,env_ac_egss3,0.406179,gov_eu_nfa,
fused,final_test,original,14,9,tipspc16,0.389410,gov_eu_nfa,
fused,final_test,original,14,10,sdg_17_50,0.373280,gov_eu_nfa,not_relevant
fused,final_test,original,17,1,icw_pov_03,0.777933,icw_pov_03,highly_relevant
fused,final_test,original,17,2,sdg_10_20,0.636587,icw_pov_03,
fused,final_test,original,17,3,tin00176,0.573333,icw_pov_03,
fused,final_test,original,17,4,tessi294,0.571673,icw_pov_03,not_relevant
fused,final_test,original,17,5,med_ps423,0.561190,icw_pov_03,
fused,final_test,original,17,6,mar_mp_aa_cph,0.539256,icw_pov_03,
fused,final_test,original,17,7,sdg_01_20a,0.520877,icw_pov_03,
fused,final_test,original,17,8,ilc_lvhd03,0.515220,icw_pov_03,
fused,final_test,original,17,9,tessi291,0.513240,icw_pov_03,
fused,final_test,original,17,10,tessi295,0.505564,icw_pov_03,
fused,final_test,original,27,1,educ_iste,0.900000,educ_iste,highly_relevant
fused,final_test,original,27,2,earn_ses_pub1i,0.657532,educ_iste,
fused,final_test,original,27,3,ilc_iw04,0.631951,educ_iste,not_relevant
fused,final_test,original,27,4,edat_lfso_00t4,0.605615,educ_iste,not_relevant
fused,final_test,original,27,5,educ_uoe_lang03,0.578289,educ_iste,
fused,final_test,original,27,6,sbs_pen_7b2,0.577817,educ_iste,
fused,final_test,original,27,7,trng_nfe5,0.571785,educ_iste,not_relevant
fused,final_test,original,27,8,yth_educ_020,0.566188,educ_iste,not_relevant
fused,final_test,original,27,9,hlth_ehis_hc2,0.558099,educ_iste,
fused,final_test,original,27,10,ilc_hch16$dv_2262,0.548282,educ_iste,not_relevant
fused,final_test,original,28,1,tipslc20,0.960000,tipslc20,highly_relevant
fused,final_test,original,28,2,sdg_01_20,0.874575,tipslc20,relevant
fused,final_test,original,28,3,sdg_01_20a,0.817878,tipslc20,relevant
fused,final_test,original,28,4,tesov250,0.790674,tipslc20,
fused,final_test,original,28,5,tps00184,0.756960,tipslc20,relevant
fused,final_test,original,28,6,tesem210,0.667082,tipslc20,highly_relevant
fused,final_test,original,28,7,tepsr_spi110,0.657483,tipslc20,relevant
fused,final_test,original,28,8,tipslc10,0.645060,tipslc20,relevant
fused,final_test,original,28,9,tespn120,0.622585,tipslc20,
fused,final_test,original,28,10,ilc_li48,0.614387,tipslc20,
fused,final_test,original,29,1,tet00071,0.618451,tet00065,relevant
fused,final_test,original,29,2,tag00123,0.578977,tet00065,not_relevant
fused,final_test,original,29,3,sdg_02_30,0.524340,tet00065,
fused,final_test,original,29,4,tsc00008,0.511625,tet00065,not_relevant
fused,final_test,original,29,5,rd_p_sen,0.475848,tet00065,
fused,final_test,original,29,6,tet00065,0.453620,tet00065,highly_relevant
fused,final_test,original,29,7,tec00110,0.390000,tet00065,
fused,final_test,original,29,8,teiet210,0.374911,tet00065,not_relevant
fused,final_test,original,29,9,tet00003,0.372789,tet00065,
fused,final_test,original,29,10,tet00004,0.358430,tet00065,
fused,final_test,original,31,1,mar_qg_qm_ewhd,0.696039,mar_qg_qm_cwh,relevant
fused,final_test,original,31,2,mar_qg_qm_ewhk,0.685206,mar_qg_qm_cwh,relevant
fused,final_test,original,31,3,mar_qg_qm_cwh,0.665612,mar_qg_qm_cwh,highly_relevant
fused,final_test,original,31,4,mar_qg_qm_ewht,0.653103,mar_qg_qm_cwh,relevant
fused,final_test,original,31,5,mar_qg_qm_ewhg,0.622772,mar_qg_qm_cwh,relevant
fused,final_test,original,31,6,tran_im_umar,0.622652,mar_qg_qm_cwh,relevant
fused,final_test,original,31,7,mar_qg_qm_pwh,0.592320,mar_qg_qm_cwh,relevant
fused,final_test,original,31,8,tran_im_urail,0.587029,mar_qg_qm_cwh,relevant
fused,final_test,original,31,9,sdg_12_61,0.576260,mar_qg_qm_cwh,
fused,final_test,original,31,10,mar_qg_qm_pwhc,0.572008,mar_qg_qm_cwh,not_relevant
fused,final_test,original,35,1,tespn020,0.920000,tespn020,highly_relevant
fused,final_test,original,35,2,tespn060,0.880329,tespn020,highly_relevant
fused,final_test,original,35,3,tespn090,0.847175,tespn020,relevant
fused,final_test,original,35,4,tespn250,0.841723,tespn020,relevant
fused,final_test,original,35,5,ilc_pns5,0.827678,tespn020,not_relevant
fused,final_test,original,35,6,tespn270,0.786596,tespn020,
fused,final_test,original,35,7,tespn120,0.729297,tespn020,
fused,final_test,original,35,8,tespn110,0.708932,tespn020,
fused,final_test,original,35,9,ilc_pns2,0.697380,tespn020,relevant
fused,final_test,original,35,10,ilc_pnp2,0.682324,tespn020,relevant
fused,final_test,original,54,1,med_ps412,0.905132,med_ps412,highly_relevant
fused,final_test,original,54,2,enps_lfsa_argaed,0.790285,med_ps412,relevant
fused,final_test,original,54,3,enpe_lfsa_argaed,0.733033,med_ps412,relevant
fused,final_test,original,54,4,tipslm15,0.648317,med_ps412,relevant
fused,final_test,original,54,5,enps_lfsa_ergan,0.623617,med_ps412,relevant
fused,final_test,original,54,6,tepsr_wc130,0.606566,med_ps412,relevant
fused,final_test,original,54,7,qoe_ewcs_6_3,0.497355,med_ps412,
fused,final_test,original,54,8,qoe_ewcs_6_1,0.485625,med_ps412,
fused,final_test,original,54,9,tps00066,0.464468,med_ps412,
fused,final_test,original,54,10,tesem080,0.460881,med_ps412,
fused,final_test,original,64,1,ten00110,0.973333,ten00110,highly_relevant
fused,final_test,original,64,2,cei_pc034,0.668378,ten00110,relevant
fused,final_test,original,64,3,sdg_12_51,0.644271,ten00110,relevant
fused,final_test,original,64,4,cei_pc040,0.639361,ten00110,relevant
fused,final_test,original,64,5,cei_pc050,0.626795,ten00110,relevant
fused,final_test,original,64,6,cei_pc031,0.605327,ten00110,relevant
fused,final_test,original,64,7,med_en23,0.568683,ten00110,relevant
fused,final_test,original,64,8,enps_env_wasgenh,0.566932,ten00110,relevant
fused,final_test,original,64,9,enps_env_wasgenm,0.564730,ten00110,relevant
fused,final_test,original,64,10,cei_pc035,0.514313,ten00110,relevant
fused,final_test,original,69,1,gbv_dv_age,1.000000,gbv_dv_age,highly_relevant
fused,final_test,original,69,2,gbv_any_age,0.910673,gbv_dv_age,relevant
fused,final_test,original,69,3,gbv_ch_age,0.868011,gbv_dv_age,relevant
fused,final_test,original,69,4,gbv_npv_age,0.858968,gbv_dv_age,relevant
fused,final_test,original,69,5,gbv_ipv_age,0.824047,gbv_dv_age,highly_relevant
fused,final_test,original,69,6,gbv_dv_type,0.805813,gbv_dv_age,relevant
fused,final_test,original,69,7,gbv_dv_cob,0.781628,gbv_dv_age,relevant
fused,final_test,original,69,8,gbv_dv_du,0.777999,gbv_dv_age,relevant
fused,final_test,original,69,9,gbv_dv_lim,0.775964,gbv_dv_age,
fused,final_test,original,69,10,gbv_st_age,0.770890,gbv_dv_age,
fused,final_test,original,75,1,road_go_ca_d_ha,0.858401,road_go_ca_d_c,highly_relevant
fused,final_test,original,75,2,road_ec_invest,0.698515,road_go_ca_d_c,
fused,final_test,original,75,3,road_go_ca_d_c,0.690000,road_go_ca_d_c,highly_relevant
fused,final_test,original,75,4,iww_ec_ent_c,0.676229,road_go_ca_d_c,
fused,final_test,original,75,5,road_ec_entemp,0.673105,road_go_ca_d_c,
fused,final_test,original,75,6,road_ec_entveh,0.670725,road_go_ca_d_c,
fused,final_test,original,75,7,iww_ec_employ,0.652194,road_go_ca_d_c,
fused,final_test,original,75,8,tran_hv_pstra,0.640507,road_go_ca_d_c,not_relevant
fused,final_test,original,75,9,iww_ec_invest,0.625543,road_go_ca_d_c,
fused,final_test,original,75,10,road_ec_empl,0.625190,road_go_ca_d_c,
fused,final_test,original,81,1,med_air2,0.886667,med_air2,highly_relevant
fused,final_test,original,81,2,med_en22,0.514516,med_air2,
fused,final_test,original,81,3,enps_rail_if,0.510025,med_air2,not_relevant
fused,final_test,original,81,4,enps_avia_if,0.506423,med_air2,relevant
fused,final_test,original,81,5,med_ra1,0.506373,med_air2,not_relevant
fused,final_test,original,81,6,enps_road_if,0.496764,med_air2,not_relevant
fused,final_test,original,81,7,enps_tour_dem_tttot,0.476498,med_air2,
fused,final_test,original,81,8,med_ag33,0.470270,med_air2,
fused,final_test,original,81,9,med_air3,0.444489,med_air2,not_relevant
fused,final_test,original,81,10,med_air1,0.441625,med_air2,relevant
fused,final_test,original,86,1,gbv_ipv_ed,0.952434,gbv_ipv_ed,highly_relevant
fused,final_test,original,86,2,gbv_npv_ed,0.907449,gbv_ipv_ed,relevant
fused,final_test,original,86,3,gbv_dv_ed,0.872151,gbv_ipv_ed,highly_relevant
fused,final_test,original,86,4,gbv_any_ed,0.857383,gbv_ipv_ed,relevant
fused,final_test,original,86,5,educ_uoe_grad09,0.758913,gbv_ipv_ed,not_relevant
fused,final_test,original,86,6,gbv_ipv_cnq,0.755574,gbv_ipv_ed,relevant
fused,final_test,original,86,7,gbv_ipv_du,0.753137,gbv_ipv_ed,relevant
fused,final_test,original,86,8,gbv_ipv_comm,0.752193,gbv_ipv_ed,not_relevant
fused,final_test,original,86,9,gbv_npv_du,0.731489,gbv_ipv_ed,relevant
fused,final_test,original,86,10,gbv_ipv_type,0.722718,gbv_ipv_ed,relevant
fused,final_test,original,88,1,tin00134,0.789658,tin00092,highly_relevant
fused,final_test,original,88,2,tin00092,0.742792,tin00092,highly_relevant
fused,final_test,original,88,3,tin00091,0.713001,tin00092,highly_relevant
fused,final_test,original,88,4,tin00102,0.642330,tin00092,relevant
fused,final_test,original,88,5,tin00103,0.626523,tin00092,
fused,final_test,original,88,6,tin00096,0.614872,tin00092,relevant
fused,final_test,original,88,7,tin00028,0.605784,tin00092,relevant
fused,final_test,original,88,8,enpe_isoc_ci_ifp_fu,0.580202,tin00092,relevant
fused,final_test,original,88,9,enpe_isoc_ci_in_h,0.576415,tin00092,relevant
fused,final_test,original,88,10,tin00099,0.571448,tin00092,not_relevant
fused,final_test,original,94,1,crim_hom_city,0.757982,crim_hist,relevant
fused,final_test,original,94,2,crim_hist,0.730568,crim_hist,highly_relevant
fused,final_test,original,94,3,crim_plce,0.586442,crim_hist,not_relevant
fused,final_test,original,94,4,road_ec_empl,0.369607,crim_hist,
fused,final_test,original,94,5,road_ec_entemp,0.366925,crim_hist,
fused,final_test,original,94,6,sbs_pen_enteea,0.355379,crim_hist,
fused,final_test,original,94,7,iww_ec_employ,0.352655,crim_hist,
fused,final_test,original,94,8,road_eqr_motors,0.349211,crim_hist,
fused,final_test,original,94,9,road_eqs_motorc,0.348718,crim_hist,
fused,final_test,original,94,10,crim_pris_cap,0.347371,crim_hist,relevant
fused,final_test,original,97,1,pipe_if_capac,0.920000,pipe_if_capac,highly_relevant
fused,final_test,original,97,2,pipe_if_lenght,0.707471,pipe_if_capac,relevant
fused,final_test,original,97,3,iww_ec_ent_c,0.565369,pipe_if_capac,not_relevant
fused,final_test,original,97,4,pipe_ec_invest,0.557101,pipe_if_capac,relevant
fused,final_test,original,97,5,iww_eq_age_loa,0.551105,pipe_if_capac,not_relevant
fused,final_test,original,97,6,tessi294,0.535732,pipe_if_capac,
fused,final_test,original,97,7,iww_eq_power_lo,0.524392,pipe_if_capac,not_relevant
fused,final_test,original,97,8,tin00092,0.515069,pipe_if_capac,
fused,final_test,original,97,9,rail_eq_pa_csb,0.513460,pipe_if_capac,
fused,final_test,original,97,10,road_eqr_bussea,0.506279,pipe_if_capac,
fused,final_test,reformulated,3,1,sbs_pen_7b1,0.950000,sbs_pen_7c,relevant
fused,final_test,reformulated,3,2,sbs_pen_7c,0.730535,sbs_pen_7c,highly_relevant
fused,final_test,reformulated,3,3,sbs_pen_7e,0.726064,sbs_pen_7c,relevant
fused,final_test,reformulated,3,4,sbs_pen_7b2,0.686431,sbs_pen_7c,relevant
fused,final_test,reformulated,3,5,tag00123,0.626795,sbs_pen_7c,not_relevant
fused,final_test,reformulated,3,6,pipe_ec_invest,0.502408,sbs_pen_7c,
fused,final_test,reformulated,3,7,ilc_di12b,0.485866,sbs_pen_7c,
fused,final_test,reformulated,3,8,lfso_12earlyret,0.475391,sbs_pen_7c,
fused,final_test,reformulated,3,9,ilc_pnp14,0.474016,sbs_pen_7c,
fused,final_test,reformulated,3,10,educ_fiexpc,0.471056,sbs_pen_7c,
fused,final_test,reformulated,4,1,med_air4,0.870701,enps_avia_typ,relevant
fused,final_test,reformulated,4,2,med_air3,0.769808,enps_avia_typ,highly_relevant
fused,final_test,reformulated,4,3,enps_avia_typ,0.631153,enps_avia_typ,highly_relevant
fused,final_test,reformulated,4,4,avia_eq_arc_agereg,0.576502,enps_avia_typ,relevant
fused,final_test,reformulated,4,5,avia_eq_arc_age,0.529944,enps_avia_typ,relevant
fused,final_test,reformulated,4,6,med_air5,0.507246,enps_avia_typ,relevant
fused,final_test,reformulated,4,7,enps_avia_fr,0.503492,enps_avia_typ,relevant
fused,final_test,reformulated,4,8,road_ec_entemp,0.465465,enps_avia_typ,
fused,final_test,reformulated,4,9,road_ec_empl,0.458159,enps_avia_typ,
fused,final_test,reformulated,4,10,mar_qg_qm_ewht,0.456642,enps_avia_typ,not_relevant
fused,final_test,reformulated,11,1,ilc_odbt08,0.800589,ilc_odbt08,highly_relevant
fused,final_test,reformulated,11,2,ilc_odbt09,0.784788,ilc_odbt08,relevant
fused,final_test,reformulated,11,3,ilc_odbt06,0.731415,ilc_odbt08,relevant
fused,final_test,reformulated,11,4,ilc_odbt05,0.722070,ilc_odbt08,relevant
fused,final_test,reformulated,11,5,ilc_odbt07,0.718815,ilc_odbt08,relevant
fused,final_test,reformulated,11,6,tespn120,0.718691,ilc_odbt08,
fused,final_test,reformulated,11,7,tesov092,0.676323,ilc_odbt08,
fused,final_test,reformulated,11,8,tessi292,0.632426,ilc_odbt08,
fused,final_test,reformulated,11,9,tessi293,0.632054,ilc_odbt08,
fused,final_test,reformulated,11,10,tespn110,0.629238,ilc_odbt08,
fused,final_test,reformulated,13,1,ilc_peps13n,0.665000,tgs00107,relevant
fused,final_test,reformulated,13,2,sdg_01_10a,0.612781,tgs00107,relevant
fused,final_test,reformulated,13,3,tepsr_lm411,0.608202,tgs00107,relevant
fused,final_test,reformulated,13,4,tipslc20,0.606737,tgs00107,relevant
fused,final_test,reformulated,13,5,sdg_01_20,0.605238,tgs00107,
fused,final_test,reformulated,13,6,tgs00107,0.597161,tgs00107,highly_relevant
fused,final_test,reformulated,13,7,tepsr_lm410,0.595632,tgs00107,relevant
fused,final_test,reformulated,13,8,tipslc10,0.594185,tgs00107,relevant
fused,final_test,reformulated,13,9,sdg_11_20,0.588992,tgs00107,
fused,final_test,reformulated,13,10,tipslc30,0.583219,tgs00107,
fused,final_test,reformulated,14,1,gov_eu_nfa,0.893333,gov_eu_nfa,highly_relevant
fused,final_test,reformulated,14,2,egr_mne_n2sc,0.524349,gov_eu_nfa,
fused,final_test,reformulated,14,3,tipspd30,0.493555,gov_eu_nfa,
fused,final_test,reformulated,14,4,gov_eu_fa,0.492786,gov_eu_nfa,not_relevant
fused,final_test,reformulated,14,5,ten00139,0.461995,gov_eu_nfa,relevant
fused,final_test,reformulated,14,6,ten00141,0.413783,gov_eu_nfa,relevant
fused,final_test,reformulated,14,7,env_ac_egss3,0.390606,gov_eu_nfa,
fused,final_test,reformulated,14,8,sdg_12_61,0.390149,gov_eu_nfa,
fused,final_test,reformulated,14,9,sdg_17_50,0.384223,gov_eu_nfa,not_relevant
fused,final_test,reformulated,14,10,sdg_12_10,0.362227,gov_eu_nfa,
fused,final_test,reformulated,17,1,tessi294,0.705632,icw_pov_03,not_relevant
fused,final_test,reformulated,17,2,tessi295,0.684326,icw_pov_03,
fused,final_test,reformulated,17,3,sdg_10_20,0.638747,icw_pov_03,
fused,final_test,reformulated,17,4,tessi293,0.637429,icw_pov_03,
fused,final_test,reformulated,17,5,enpe_ext_intro,0.573844,icw_pov_03,not_relevant
fused,final_test,reformulated,17,6,tin00176,0.573333,icw_pov_03,
fused,final_test,reformulated,17,7,ilc_lvps20,0.522496,icw_pov_03,not_relevant
fused,final_test,reformulated,17,8,tesov190,0.504586,icw_pov_03,not_relevant
fused,final_test,reformulated,17,9,mar_mp_am_cft,0.492662,icw_pov_03,
fused,final_test,reformulated,17,10,sdg_01_20a,0.489047,icw_pov_03,
fused,final_test,reformulated,27,1,educ_iste,0.860041,educ_iste,highly_relevant
fused,final_test,reformulated,27,2,sbs_pen_7b2,0.626331,educ_iste,
fused,final_test,reformulated,27,3,sbs_pen_7b1,0.569451,educ_iste,
fused,final_test,reformulated,27,4,trng_nfe5,0.568749,educ_iste,not_relevant
fused,final_test,reformulated,27,5,road_ec_empl,0.554564,educ_iste,
fused,final_test,reformulated,27,6,road_ec_entemp,0.544789,educ_iste,
fused,final_test,reformulated,27,7,trng_any5,0.538256,educ_iste,
fused,final_test,reformulated,27,8,educ_uoe_perp03,0.495559,educ_iste,
fused,final_test,reformulated,27,9,educ_uoe_enra10,0.490969,educ_iste,relevant
fused,final_test,reformulated,27,10,trng_nfe13,0.473803,educ_iste,not_relevant
fused,final_test,reformulated,28,1,tipslc20,0.832071,tipslc20,highly_relevant
fused,final_test,reformulated,28,2,sdg_01_20,0.831462,tipslc20,relevant
fused,final_test,reformulated,28,3,sdg_01_20a,0.717496,tipslc20,relevant
fused,final_test,reformulated,28,4,tesov250,0.698206,tipslc20,
fused,final_test,reformulated,28,5,enpe_ilc_li09,0.642060,tipslc20,
fused,final_test,reformulated,28,6,ilc_li70,0.633393,tipslc20,not_relevant
fused,final_test,reformulated,28,7,med_ps312,0.630403,tipslc20,relevant
fused,final_test,reformulated,28,8,tesem210,0.621994,tipslc20,highly_relevant
fused,final_test,reformulated,28,9,tps00184,0.619034,tipslc20,relevant
fused,final_test,reformulated,28,10,tepsr_spi110,0.594548,tipslc20,relevant
fused,final_test,reformulated,29,1,teina444_r2,0.689099,tet00065,
fused,final_test,reformulated,29,2,tec00110,0.653333,tet00065,
fused,final_test,reformulated,29,3,teina446_r2,0.567697,tet00065,
fused,final_test,reformulated,29,4,env_ac_egss3,0.555041,tet00065,
fused,final_test,reformulated,29,5,teiet050,0.554157,tet00065,
fused,final_test,reformulated,29,6,teiet030,0.523432,tet00065,relevant
fused,final_test,reformulated,29,7,tet00003,0.516163,tet00065,
fused,final_test,reformulated,29,8,teiet210,0.489418,tet00065,not_relevant
fused,final_test,reformulated,29,9,teiet060,0.487028,tet00065,relevant
fused,final_test,reformulated,29,10,teiet070,0.485400,tet00065,
fused,final_test,reformulated,31,1,mar_qg_qm_ewhk,0.648028,mar_qg_qm_cwh,relevant
fused,final_test,reformulated,31,2,mar_qg_qm_ewhd,0.614550,mar_qg_qm_cwh,relevant
fused,final_test,reformulated,31,3,tgs00076,0.612670,mar_qg_qm_cwh,relevant
fused,final_test,reformulated,31,4,tran_im_umar,0.584454,mar_qg_qm_cwh,relevant
fused,final_test,reformulated,31,5,mar_tp_sss,0.583540,mar_qg_qm_cwh,
fused,final_test,reformulated,31,6,mar_qg_qm_cwh,0.571452,mar_qg_qm_cwh,highly_relevant
fused,final_test,reformulated,31,7,mar_sg_am_ewx,0.568626,mar_qg_qm_cwh,relevant
fused,final_test,reformulated,31,8,mar_qg_qm_ewht,0.568520,mar_qg_qm_cwh,relevant
fused,final_test,reformulated,31,9,mar_tp_go,0.565413,mar_qg_qm_cwh,
fused,final_test,reformulated,31,10,tgs00075,0.551961,mar_qg_qm_cwh,
fused,final_test,reformulated,35,1,tespn020,0.819379,tespn020,highly_relevant
fused,final_test,reformulated,35,2,tespn060,0.773864,tespn020,highly_relevant
fused,final_test,reformulated,35,3,tespn090,0.752484,tespn020,relevant
fused,final_test,reformulated,35,4,ilc_pns5,0.735575,tespn020,not_relevant
fused,final_test,reformulated,35,5,tespn270,0.717670,tespn020,
fused,final_test,reformulated,35,6,tespn120,0.702317,tespn020,
fused,final_test,reformulated,35,7,tespn250,0.681680,tespn020,relevant
fused,final_test,reformulated,35,8,tespn080,0.679190,tespn020,
fused,final_test,reformulated,35,9,tespn110,0.653414,tespn020,
fused,final_test,reformulated,35,10,tessi301,0.650762,tespn020,
fused,final_test,reformulated,54,1,tipslm15,0.850046,med_ps412,relevant
fused,final_test,reformulated,54,2,med_ps412,0.822572,med_ps412,highly_relevant
fused,final_test,reformulated,54,3,enps_lfsa_ergan,0.759686,med_ps412,relevant
fused,final_test,reformulated,54,4,enps_lfsa_argaed,0.724379,med_ps412,relevant
fused,final_test,reformulated,54,5,qoe_ewcs_6_1,0.573965,med_ps412,
fused,final_test,reformulated,54,6,tipslm90,0.571878,med_ps412,
fused,final_test,reformulated,54,7,qoe_ewcs_6_3,0.528508,med_ps412,
fused,final_test,reformulated,54,8,enpe_lfsa_ergan,0.505683,med_ps412,
fused,final_test,reformulated,54,9,qoe_ewcs_6_6,0.490263,med_ps412,
fused,final_test,reformulated,54,10,enpe_lfsa_argaed,0.484133,med_ps412,relevant
fused,final_test,reformulated,64,1,ten00110,0.773967,ten00110,highly_relevant
fused,final_test,reformulated,64,2,road_eqs_trail,0.611667,ten00110,
fused,final_test,reformulated,64,3,ilc_lvph03,0.598500,ten00110,
fused,final_test,reformulated,64,4,sdg_12_51,0.595456,ten00110,relevant
fused,final_test,reformulated,64,5,cei_pc032,0.578740,ten00110,relevant
fused,final_test,reformulated,64,6,road_eqs_trailn,0.577724,ten00110,
fused,final_test,reformulated,64,7,sdg_11_20,0.576749,ten00110,
fused,final_test,reformulated,64,8,sdg_12_61,0.571157,ten00110,
fused,final_test,reformulated,64,9,road_eqs_unlweig,0.570767,ten00110,
fused,final_test,reformulated,64,10,tran_im_uiww,0.567139,ten00110,
fused,final_test,reformulated,69,1,gbv_dv_age,1.000000,gbv_dv_age,highly_relevant
fused,final_test,reformulated,69,2,gbv_any_age,0.879275,gbv_dv_age,relevant
fused,final_test,reformulated,69,3,gbv_ch_age,0.854941,gbv_dv_age,relevant
fused,final_test,reformulated,69,4,gbv_npv_age,0.848620,gbv_dv_age,relevant
fused,final_test,reformulated,69,5,gbv_st_age,0.848261,gbv_dv_age,
fused,final_test,reformulated,69,6,gbv_ipv_age,0.841231,gbv_dv_age,highly_relevant
fused,final_test,reformulated,69,7,gbv_shw_age,0.788851,gbv_dv_age,not_relevant
fused,final_test,reformulated,69,8,gbv_ipv_comm,0.746046,gbv_dv_age,relevant
fused,final_test,reformulated,69,9,lfsi_jhh_a,0.698706,gbv_dv_age,not_relevant
fused,final_test,reformulated,69,10,gbv_shw_comm,0.679838,gbv_dv_age,
fused,final_test,reformulated,75,1,road_go_ca_d_ha,0.858401,road_go_ca_d_c,highly_relevant
fused,final_test,reformulated,75,2,road_ec_invest,0.698515,road_go_ca_d_c,
fused,final_test,reformulated,75,3,road_go_ca_d_c,0.690000,road_go_ca_d_c,highly_relevant
fused,final_test,reformulated,75,4,iww_ec_ent_c,0.676229,road_go_ca_d_c,
fused,final_test,reformulated,75,5,road_ec_entemp,0.673105,road_go_ca_d_c,
fused,final_test,reformulated,75,6,road_ec_entveh,0.670725,road_go_ca_d_c,
fused,final_test,reformulated,75,7,iww_ec_employ,0.652194,road_go_ca_d_c,
fused,final_test,reformulated,75,8,tran_hv_pstra,0.640507,road_go_ca_d_c,not_relevant
fused,final_test,reformulated,75,9,iww_ec_invest,0.625543,road_go_ca_d_c,
fused,final_test,reformulated,75,10,road_ec_empl,0.625190,road_go_ca_d_c,
fused,final_test,reformulated,81,1,med_air2,0.886667,med_air2,highly_relevant
fused,final_test,reformulated,81,2,med_air3,0.571469,med_air2,not_relevant
fused,final_test,reformulated,81,3,enps_rail_if,0.570066,med_air2,not_relevant
fused,final_test,reformulated,81,4,med_air4,0.551991,med_air2,not_relevant
fused,final_test,reformulated,81,5,enps_avia_typ,0.546732,med_air2,not_relevant
fused,final_test,reformulated,81,6,enps_road_if,0.526519,med_air2,not_relevant
fused,final_test,reformulated,81,7,enps_avia_if,0.509801,med_air2,relevant
fused,final_test,reformulated,81,8,med_en22,0.505356,med_air2,
fused,final_test,reformulated,81,9,enps_tour_cap_nat,0.501961,med_air2,
fused,final_test,reformulated,81,10,med_ra1,0.490680,med_air2,not_relevant
fused,final_test,reformulated,86,1,gbv_npv_ed,0.901821,gbv_ipv_ed,relevant
fused,final_test,reformulated,86,2,gbv_dv_ed,0.878612,gbv_ipv_ed,highly_relevant
fused,final_test,reformulated,86,3,gbv_npv_du,0.854386,gbv_ipv_ed,relevant
fused,final_test,reformulated,86,4,gbv_ipv_ed,0.844141,gbv_ipv_ed,highly_relevant
fused,final_test,reformulated,86,5,gbv_dv_du,0.823859,gbv_ipv_ed,relevant
fused,final_test,reformulated,86,6,gbv_npv_age,0.792736,gbv_ipv_ed,
fused,final_test,reformulated,86,7,gbv_dv_age,0.787037,gbv_ipv_ed,
fused,final_test,reformulated,86,8,gbv_any_ed,0.760481,gbv_ipv_ed,relevant
fused,final_test,reformulated,86,9,gbv_ipv_du,0.759081,gbv_ipv_ed,relevant
fused,final_test,reformulated,86,10,gbv_ipv_age,0.737115,gbv_ipv_ed,
fused,final_test,reformulated,88,1,tin00091,0.844671,tin00092,highly_relevant
fused,final_test,reformulated,88,2,tin00134,0.822226,tin00092,highly_relevant
fused,final_test,reformulated,88,3,tin00092,0.751567,tin00092,highly_relevant
fused,final_test,reformulated,88,4,tin00096,0.733719,tin00092,relevant
fused,final_test,reformulated,88,5,tin00028,0.729301,tin00092,relevant
fused,final_test,reformulated,88,6,tin00103,0.716481,tin00092,
fused,final_test,reformulated,88,7,tin00127,0.698575,tin00092,
fused,final_test,reformulated,88,8,tin00099,0.689047,tin00092,not_relevant
fused,final_test,reformulated,88,9,tin00102,0.687575,tin00092,relevant
fused,final_test,reformulated,88,10,tin00094,0.671244,tin00092,
fused,final_test,reformulated,94,1,migr_eilpop,0.547748,crim_hist,not_relevant
fused,final_test,reformulated,94,2,crim_hist,0.481457,crim_hist,highly_relevant
fused,final_test,reformulated,94,3,crim_hom_city,0.418377,crim_hist,relevant
fused,final_test,reformulated,94,4,iww_ec_ent_c,0.302114,crim_hist,
fused,final_test,reformulated,94,5,crim_plce,0.295421,crim_hist,not_relevant
fused,final_test,reformulated,94,6,road_pa_mov,0.292760,crim_hist,not_relevant
fused,final_test,reformulated,94,7,crim_crt_per,0.273166,crim_hist,
fused,final_test,reformulated,94,8,sdg_16_30,0.258680,crim_hist,
fused,final_test,reformulated,94,9,mar_pa_qm_me,0.258323,crim_hist,not_relevant
fused,final_test,reformulated,94,10,trng_aes_186,0.242720,crim_hist,not_relevant
fused,final_test,reformulated,97,1,pipe_if_capac,0.920000,pipe_if_capac,highly_relevant
fused,final_test,reformulated,97,2,pipe_if_lenght,0.712259,pipe_if_capac,relevant
fused,final_test,reformulated,97,3,iww_eq_age_loa,0.575546,pipe_if_capac,not_relevant
fused,final_test,reformulated,97,4,pipe_ec_invest,0.567412,pipe_if_capac,relevant
fused,final_test,reformulated,97,5,tin00092,0.546548,pipe_if_capac,
fused,final_test,reformulated,97,6,rail_eq_pa_csb,0.546432,pipe_if_capac,
fused,final_test,reformulated,97,7,tessi294,0.544441,pipe_if_capac,
fused,final_test,reformulated,97,8,sdg_03_70,0.537791,pipe_if_capac,
fused,final_test,reformulated,97,9,iww_eq_power_lo,0.533161,pipe_if_capac,not_relevant
fused,final_test,reformulated,97,10,iww_ec_ent_c,0.531970,pipe_if_capac,not_relevant
