term_id,canonical_term,category,confidence,variant,protected,evidence,occurrence_ids_json,run_id
term_20d6b4a1cc5307075745,Accidents in waterway transport,measure,0.88,local-hybrid,True,title evidence with measure lexical cue,"[""occ_5f8eb80b7e42c67847f1""]",run_5f8127cf8e6be829b1ac
term_2c16cafab319d30eed0d,Accidents involving the transport of dangerous goods,measure,0.88,local-hybrid,True,title evidence with measure lexical cue,"[""occ_84ff46631dc99865b39e""]",run_5f8127cf8e6be829b1ac
term_0f8f9cf7bf3053d8d92c,Accidents involving the transport of dangerous goods - annual data,measure,0.88,local-hybrid,True,title evidence with measure lexical cue,"[""occ_c24aa35c783b7a70c4e9""]",run_5f8127cf8e6be829b1ac
term_28537334be6786e5aad6,Adjusted gross disposable income of households per capita in PPS,measure,0.88,local-hybrid,True,title evidence with measure lexical cue,"[""occ_6881f8db1e6783273eaa""]",run_5f8127cf8e6be829b1ac
term_a8771db3c5fdeaea7553,Aggregate propensity to consume by income quintile,measure,0.88,local-hybrid,True,title evidence with measure lexical cue,"[""occ_616aa8c25c99e165c992""]",run_5f8127cf8e6be829b1ac
term_dd253336ca9a867f3b27,Aggregate propensity to consume by income quintile - experimental statistics,measure,0.88,local-hybrid,True,title evidence with measure lexical cue,"[""occ_a4e221b90422d82503e1""]",run_5f8127cf8e6be829b1ac
term_d159d1d70a676d86fe50,Agricultural holdings by age of holder,measure,0.88,local-hybrid,True,title evidence with measure lexical cue,"[""occ_726d8889cfebd40daa92""]",run_5f8127cf8e6be829b1ac
term_0d7a0d04c0ce32966ea7,Agricultural holdings by agricultural area,measure,0.88,local-hybrid,True,title evidence with measure lexical cue,"[""occ_c38b2bc7b944ae703531""]",run_5f8127cf8e6be829b1ac
term_f2c0c07a0e4bc0b204b8,Agricultural holdings by economic size of the farm (Standard Output in Euro),measure,0.88,local-hybrid,True,title evidence with measure lexical cue,"[""occ_c18647d5b6e2c327c671""]",run_5f8127cf8e6be829b1ac
term_6cc6165729f5e7f40aea,Agricultural land prices by region,measure,0.88,local-hybrid,True,title evidence with measure lexical cue,"[""occ_bcbc12880e327229b93e""]",run_5f8127cf8e6be829b1ac
term_0e0b3810707546d985d4,Agricultural land prices by region - historical data,measure,0.88,local-hybrid,True,title evidence with measure lexical cue,"[""occ_59a1b38faa076944e27d""]",run_5f8127cf8e6be829b1ac
term_6f2b02206af9e587fed1,Agricultural land renting prices for one year by region,measure,0.88,local-hybrid,True,title evidence with measure lexical cue,"[""occ_b502bcbbaf60dfc40750""]",run_5f8127cf8e6be829b1ac
term_e422348de0704bae21cd,Agricultural land renting prices for one year by region - historical data,measure,0.88,local-hybrid,True,title evidence with measure lexical cue,"[""occ_ebf8ee6cf6827b54e82c""]",run_5f8127cf8e6be829b1ac
term_91ab15d8f699b278f32c,Agricultural real factor income per annual work unit (AWU),measure,0.88,local-hybrid,True,title evidence with measure lexical cue,"[""occ_290d9af57d60d8afff06""]",run_5f8127cf8e6be829b1ac
term_0b214cfd73ab25abb7b2,Air passenger transport,measure,0.88,local-hybrid,True,title evidence with measure lexical cue,"[""occ_dbe8630067864741131e""]",run_5f8127cf8e6be829b1ac
term_d2e804e762d250d07c7c,Air passenger transport - ENP-South countries,measure,0.88,local-hybrid,True,title evidence with measure lexical cue,"[""occ_e18b0094bfae1db46a18""]",run_5f8127cf8e6be829b1ac
term_7dcf76b37479e12f0002,Air transport equipment,measure,0.88,local-hybrid,True,title evidence with measure lexical cue,"[""occ_215a5c27247ae0959741""]",run_5f8127cf8e6be829b1ac
term_45c3f1dcec8bf74b3b4e,Air transport equipment: number of aircrafts,measure,0.88,local-hybrid,True,title evidence with measure lexical cue,"[""occ_b87c63555869d8ad8405""]",run_5f8127cf8e6be829b1ac
term_34fd33d58a573e6288b3,Air transport infrastructure,measure,0.88,local-hybrid,True,title evidence with measure lexical cue,"[""occ_bef24e4c730c5c40193a"", ""occ_c2eaa3df2fb570f24e56""]",run_5f8127cf8e6be829b1ac
term_c9079f249b58f620e9c3,Air transport infrastructure: airports,measure,0.88,local-hybrid,True,title evidence with measure lexical cue,"[""occ_61433ee08508aab3cf02""]",run_5f8127cf8e6be829b1ac
term_6a711696e7225f1e4d10,Air transport infrastructure: length of paved runways,measure,0.88,local-hybrid,True,title evidence with measure lexical cue,"[""occ_925a8090aef9cf593847""]",run_5f8127cf8e6be829b1ac
term_a0016567b77ecdefeda9,Air transport of freight by NUTS 2 region,measure,0.88,local-hybrid,True,title evidence with measure lexical cue,"[""occ_4b18c857edf585bd0b1c""]",run_5f8127cf8e6be829b1ac
term_1051834513fa48bf6daa,Air transport of goods by country (yearly data),measure,0.88,local-hybrid,True,title evidence with measure lexical cue,"[""occ_c0379189e032bbd7b5e1""]",run_5f8127cf8e6be829b1ac
term_b13910a22b73184ff80d,Air transport of passengers by NUTS 2 region,measure,0.88,local-hybrid,True,title evidence with measure lexical cue,"[""occ_80c810cee45b9eef33ea""]",run_5f8127cf8e6be829b1ac
term_b847033074daa0b60a7d,Air transport traffic,measure,0.88,local-hybrid,True,title evidence with measure lexical cue,"[""occ_4aa6f94bbfaa1c18ec90"", ""occ_63edd6d461b2f5e6985e""]",run_5f8127cf8e6be829b1ac
term_54d9b1f4afa97eb30220,Air transport traffic: freight and passengers,measure,0.88,local-hybrid,True,title evidence with measure lexical cue,"[""occ_61baae140b30501bd880""]",run_5f8127cf8e6be829b1ac
term_50eb0e42cf2464964ee5,Air transport traffic: number of aircraft movements,measure,0.88,local-hybrid,True,title evidence with measure lexical cue,"[""occ_15235f7eadcbb0d732e6""]",run_5f8127cf8e6be829b1ac
term_26408b77200929d0bb01,Animal output - basic and producer prices,measure,0.88,local-hybrid,True,title evidence with measure lexical cue,"[""occ_6549f7bc0dcda2e57410""]",run_5f8127cf8e6be829b1ac
term_558f4a8e9de234d081fa,Annual aquaculture production,measure,0.88,local-hybrid,True,title evidence with measure lexical cue,"[""occ_4d8acd97f439c40b7cca""]",run_5f8127cf8e6be829b1ac
term_de9b03884237b6ceb33d,Annual aquaculture production - live weight in tonnes,measure,0.88,local-hybrid,True,title evidence with measure lexical cue,"[""occ_fcaa402cca294d319fd3""]",run_5f8127cf8e6be829b1ac
term_08daf5eebc86334e6fe1,"annual data, % of GDP",measure,0.88,local-hybrid,True,title evidence with measure lexical cue,"[""occ_3e5c42e73bd5cea2180a"", ""occ_c006a3a2460023ad6287"", ""occ_c78582a4f145279e743e"", ""occ_de3aff5226c3d24a831f""]",run_5f8127cf8e6be829b1ac
term_e327dc97a9636e3ea46d,Annual production and utilisation of milk on the farm,measure,0.88,local-hybrid,True,title evidence with measure lexical cue,"[""occ_5a421c4527094a05d8ce""]",run_5f8127cf8e6be829b1ac
term_c8cbf667c7ff9a10e81f,Aquaculture production by aquatic environment,measure,0.88,local-hybrid,True,title evidence with measure lexical cue,"[""occ_9e44c7817f0a921fffc0""]",run_5f8127cf8e6be829b1ac
term_99a7a01d09d96b6d97c9,Aquaculture production by aquatic environment - ENP-South countries,measure,0.88,local-hybrid,True,title evidence with measure lexical cue,"[""occ_ecadeeb2add023bd3817""]",run_5f8127cf8e6be829b1ac
term_7789a973297e4d885e32,Aquaculture production in tonnes and value,measure,0.88,local-hybrid,True,title evidence with measure lexical cue,"[""occ_95da98184fbf47135819""]",run_5f8127cf8e6be829b1ac
term_1ea0302f0e6ecab11f29,Arrears on non-housing bills by income quintile,measure,0.88,local-hybrid,True,title evidence with measure lexical cue,"[""occ_4aefbd195a0533bcea24""]",run_5f8127cf8e6be829b1ac
term_f562209adf44b800cb23,as % of the population of the corresponding age,measure,0.88,local-hybrid,True,title evidence with measure lexical cue,"[""occ_946734a7324d4478b10c"", ""occ_a8a75a64cc9415e179a0""]",run_5f8127cf8e6be829b1ac
term_a66e5a24f4ba2094a4f6,as % of the population of the corresponding age group,measure,0.88,local-hybrid,True,title evidence with measure lexical cue,"[""occ_2b4166c35f72b1ee95d0"", ""occ_d0b97d5f067961cb9799"", ""occ_f1d956c06e253bacdb92""]",run_5f8127cf8e6be829b1ac
term_e1eb350cc06d0a62981f,as % of the total population of post-compulsory school age,measure,0.88,local-hybrid,True,title evidence with measure lexical cue,"[""occ_2568fd4912b5c4560192""]",run_5f8127cf8e6be829b1ac
term_7c168de392caf7078752,as % of total active population,measure,0.88,local-hybrid,True,title evidence with measure lexical cue,"[""occ_49ffecd386c30afe7a1a""]",run_5f8127cf8e6be829b1ac
term_e1602b3139cef5deb9f9,as % of total or current expenditure,measure,0.88,local-hybrid,True,title evidence with measure lexical cue,"[""occ_d241df1b0ec8e79b5a52""]",run_5f8127cf8e6be829b1ac
term_70fbc6c91624609e107f,as % of total public expenditure,measure,0.88,local-hybrid,True,title evidence with measure lexical cue,"[""occ_4eb7778c63449d84de2d""]",run_5f8127cf8e6be829b1ac
term_b24eebc0b3af6b6b4aa0,At risk-of-poverty rate for the population living in (quasi-)jobless households,measure,0.88,local-hybrid,True,title evidence with measure lexical cue,"[""occ_45bf5b16cdb715570f1d""]",run_5f8127cf8e6be829b1ac
term_6344e0456def1c9ee015,At-risk-of poverty rate for children by citizenship of their parents (population aged 0 to 17),measure,0.88,local-hybrid,True,title evidence with measure lexical cue,"[""occ_f53388b83b08b96d850b""]",run_5f8127cf8e6be829b1ac
term_213859f5d72fd3eaad3d,At-risk-of poverty rate for children by country of birth of their parents (population aged 0 to 17),measure,0.88,local-hybrid,True,title evidence with measure lexical cue,"[""occ_134c002235bbfb5d9ce2""]",run_5f8127cf8e6be829b1ac
term_1d11dca31232a36ebf76,Average expenditure per night,measure,0.88,local-hybrid,True,title evidence with measure lexical cue,"[""occ_844b8921d0343c2c8813""]",run_5f8127cf8e6be829b1ac
term_06fd140352484b25e43e,Average expenditure per trip,measure,0.88,local-hybrid,True,title evidence with measure lexical cue,"[""occ_e9d464bccddf36ff2d45""]",run_5f8127cf8e6be829b1ac
term_335951c32d8d2116b9f0,Average population (mid-year),measure,0.88,local-hybrid,True,title evidence with measure lexical cue,"[""occ_cdccfd1462ea746a502b""]",run_5f8127cf8e6be829b1ac
term_424bd938c951afe537f5,Average population mid-year by sex and age group,measure,0.88,local-hybrid,True,title evidence with measure lexical cue,"[""occ_b01a7b503036b08ef745""]",run_5f8127cf8e6be829b1ac
term_0f501f4a2588acc2b10d,Average population mid-year by sex and age group - ENP-South countries,measure,0.88,local-hybrid,True,title evidence with measure lexical cue,"[""occ_44962ff2858fb0e80147""]",run_5f8127cf8e6be829b1ac
term_b82538563afbccd385b6,"Barley by area, production and humidity",measure,0.88,local-hybrid,True,title evidence with measure lexical cue,"[""occ_248acdddea39bd8432d7""]",run_5f8127cf8e6be829b1ac
term_b90af556331316163672,basic and producer prices,measure,0.88,local-hybrid,True,title evidence with measure lexical cue,"[""occ_6046bf9bf4495988c101"", ""occ_7092ab4e777c13395694"", ""occ_bf1f5cf25a152517b9fe"", ""occ_eeaa97cfeb6ce7617b9f""]",run_5f8127cf8e6be829b1ac
term_2d69baedc15824c81811,Buses and coaches traffic performance registered in the by transport covarage,measure,0.88,local-hybrid,True,title evidence with measure lexical cue,"[""occ_02f41c0fc01074f87c5b""]",run_5f8127cf8e6be829b1ac
term_318cf2b1f91f6cc6d9ec,Carrying capacity of the waterway transport enterprises vessels by number of vessels in enterprises,measure,0.88,local-hybrid,True,title evidence with measure lexical cue,"[""occ_46d3e8dac890c919c71b""]",run_5f8127cf8e6be829b1ac
term_5f7e6cf5264e9854d4ea,Causes of death,measure,0.88,local-hybrid,True,title evidence with measure lexical cue,"[""occ_9747d95b7be6e7fc7ddb""]",run_5f8127cf8e6be829b1ac
term_962076671ba1710ec9cd,Causes of death - potential years of life lost by country of residence,measure,0.88,local-hybrid,True,title evidence with measure lexical cue,"[""occ_b66cddb066527ed1af7b""]",run_5f8127cf8e6be829b1ac
term_3456ee1ef3a4b5d3e160,"Causes of death, by sex",measure,0.88,local-hybrid,True,title evidence with measure lexical cue,"[""occ_2a6383bffb6dee3b9f42""]",run_5f8127cf8e6be829b1ac
term_21acbc3991aad168be3f,"Cereals for the production of grain (including seed) by area, production and humidity",measure,0.88,local-hybrid,True,title evidence with measure lexical cue,"[""occ_f49ff15384280ce512c2""]",run_5f8127cf8e6be829b1ac
term_bddb535218bdd2ecee0c,Children cared only by their parents by age group - % over the population of each age group,measure,0.88,local-hybrid,True,title evidence with measure lexical cue,"[""occ_c47fdac72346294409eb""]",run_5f8127cf8e6be829b1ac
term_8fa5a4c35cfb38394961,"Classroom teachers working full-time and part-time in primary, lower-secondary and upper-secondary education - as % of total active population",measure,0.88,local-hybrid,True,title evidence with measure lexical cue,"[""occ_0435b7fd2c7a4c048e36""]",run_5f8127cf8e6be829b1ac
term_1d490b3690f8a6d9f521,constant prices,measure,0.88,local-hybrid,True,title evidence with measure lexical cue,"[""occ_3c472b75f91a8dd949f0""]",run_5f8127cf8e6be829b1ac
term_eacb2216fe4997adf92e,Consumer price index,measure,0.88,local-hybrid,True,title evidence with measure lexical cue,"[""occ_0ade844f855e2cc7e3ec"", ""occ_e4ce685771592bd1b6f2""]",run_5f8127cf8e6be829b1ac
term_5574a85a609e8966b428,Consumer price index - ENP-East countries,measure,0.88,local-hybrid,True,title evidence with measure lexical cue,"[""occ_428205c5457712de4396""]",run_5f8127cf8e6be829b1ac
term_a1ec4c2cbf84309933ed,Consumer price index - ENP-South countries,measure,0.88,local-hybrid,True,title evidence with measure lexical cue,"[""occ_e339d94f53fb9a24dc38""]",run_5f8127cf8e6be829b1ac
term_6150cd2caa8f4a04c46e,Container transport by type of goods and coverage,measure,0.88,local-hybrid,True,title evidence with measure lexical cue,"[""occ_6c3a3321244aa616c325""]",run_5f8127cf8e6be829b1ac
term_027275b4917a775d06d1,Country level - gross weight of goods transported to/from main ports,measure,0.88,local-hybrid,True,title evidence with measure lexical cue,"[""occ_3fef920e4b4c6091f442""]",run_5f8127cf8e6be829b1ac
term_ac49c8d4bf9ebe2ab58f,Crimes recorded by the police - homicide in cities,measure,0.88,local-hybrid,True,title evidence with measure lexical cue,"[""occ_d97d5f85c313a5a77fdf""]",run_5f8127cf8e6be829b1ac
term_112b7bcba889c2543790,Crop output - basic and producer prices,measure,0.88,local-hybrid,True,title evidence with measure lexical cue,"[""occ_8daac879fbe24cfd64cc""]",run_5f8127cf8e6be829b1ac
term_484236517c42f3ecd18f,Crop production - ENP-East countries,measure,0.88,local-hybrid,True,title evidence with measure lexical cue,"[""occ_9d378f86402735c71fcc""]",run_5f8127cf8e6be829b1ac
term_e9ef238b028627dd77c4,Crop production - ENP-South countries,measure,0.88,local-hybrid,True,title evidence with measure lexical cue,"[""occ_9731dcadaf142d5e4512""]",run_5f8127cf8e6be829b1ac
term_99e1529e4e89f9c36b6e,"Crude rate of birth, of dead and of population change",measure,0.88,local-hybrid,True,title evidence with measure lexical cue,"[""occ_8593896ef881b89db663""]",run_5f8127cf8e6be829b1ac
term_0aaad1fb739644538df7,"Crude rate of birth, of dead and of population change - ENP-South countries",measure,0.88,local-hybrid,True,title evidence with measure lexical cue,"[""occ_ed153bd4f799f587999e""]",run_5f8127cf8e6be829b1ac
term_1e90b7c1d9857b0b43e2,Cultural employment by sex,measure,0.88,local-hybrid,True,title evidence with measure lexical cue,"[""occ_0c7c251f816d02679ea2""]",run_5f8127cf8e6be829b1ac
term_c46d3ef2aa9824c586e8,"Current account transactions - primary income: credits, debits and balance",measure,0.88,local-hybrid,True,title evidence with measure lexical cue,"[""occ_5588605db54edf25987f""]",run_5f8127cf8e6be829b1ac
term_f216ac3c2bf81bef68a4,"Current account transactions - secondary income: credits, debits and balance",measure,0.88,local-hybrid,True,title evidence with measure lexical cue,"[""occ_bff04f617679b0e49615""]",run_5f8127cf8e6be829b1ac
term_06805613d2075f44c3ed,current prices,measure,0.88,local-hybrid,True,title evidence with measure lexical cue,"[""occ_2a3fe43b920fdff5ecb0"", ""occ_3090d7266ac99bd3d4a9"", ""occ_3be4faafa9076c7ff322"", ""occ_5993b0ce993d55a104c5"", ""occ_62fba27a7e6167c42393"", ""occ_77b49f474a004c115639"", ""occ_7c36156788399e0bd8eb"", ""occ_86a62e7415bb9659e067"", ""occ_cf74dedde48d8af3db19"", ""occ_df30f81d1c867fc257cf"", ""occ_e16e97686400b64d86e8"", ""occ_fdfbc2e693f8c16d8072""]",run_5f8127cf8e6be829b1ac
term_101e60ee5f0f430737e5,"Death due to accidents, by sex",measure,0.88,local-hybrid,True,title evidence with measure lexical cue,"[""occ_4e8ae24d7d6afd53d294""]",run_5f8127cf8e6be829b1ac
term_956ee1e95cb224363643,"Death due to AIDS (HIV-disease), by sex",measure,0.88,local-hybrid,True,title evidence with measure lexical cue,"[""occ_2fa48a96c06a0148bca6""]",run_5f8127cf8e6be829b1ac
term_76957f17efd94e0cea36,"Death due to alcoholic abuse, by sex",measure,0.88,local-hybrid,True,title evidence with measure lexical cue,"[""occ_a0293f94f3977adf46e1""]",run_5f8127cf8e6be829b1ac
term_94b6765642dac6f6949f,"Death due to cancer, by sex",measure,0.88,local-hybrid,True,title evidence with measure lexical cue,"[""occ_7d90efc98110b2b7868e""]",run_5f8127cf8e6be829b1ac
term_917e54b71e6c2b9e56cf,"Death due to chronic liver disease, by sex",measure,0.88,local-hybrid,True,title evidence with measure lexical cue,"[""occ_18c82ed334acc32f4c3d""]",run_5f8127cf8e6be829b1ac
term_eeb6980f51c7d56fc3f4,"Death due to diabetes mellitus, by sex",measure,0.88,local-hybrid,True,title evidence with measure lexical cue,"[""occ_1bf706b8e262945477f4""]",run_5f8127cf8e6be829b1ac
term_00b72c6e5deff8c38d7c,"Death due to diseases of the nervous system, by sex",measure,0.88,local-hybrid,True,title evidence with measure lexical cue,"[""occ_45ebf642021871edc490""]",run_5f8127cf8e6be829b1ac
term_399d10eefab967a56ee1,"Death due to drugs dependence, by sex",measure,0.88,local-hybrid,True,title evidence with measure lexical cue,"[""occ_63cd87de4891397186a2""]",run_5f8127cf8e6be829b1ac
term_d2dca023ba00e51db540,"Death due to homicide, assault, by sex",measure,0.88,local-hybrid,True,title evidence with measure lexical cue,"[""occ_797896c8eebb2b579b42""]",run_5f8127cf8e6be829b1ac
term_57d1f644eb4f567ee35e,"Death due to other ischaemic heart diseases, by sex",measure,0.88,local-hybrid,True,title evidence with measure lexical cue,"[""occ_5eaf124b69b56d577876""]",run_5f8127cf8e6be829b1ac
term_16db44a8101ea3aaa4f2,"Death due to pneumonia, by sex",measure,0.88,local-hybrid,True,title evidence with measure lexical cue,"[""occ_a3f1faa45612dfd7a962""]",run_5f8127cf8e6be829b1ac
term_a328ea1f4752a941f146,"Death due to suicide, by sex",measure,0.88,local-hybrid,True,title evidence with measure lexical cue,"[""occ_c79aee8aabcf9d311bfa""]",run_5f8127cf8e6be829b1ac
term_5849d9c0db41e7b9acb9,"Death due to transport accidents, by sex",measure,0.88,local-hybrid,True,title evidence with measure lexical cue,"[""occ_3ff29694c6226a08e636""]",run_5f8127cf8e6be829b1ac
term_4ac219ee67cfb6b290fb,Deaths and crude death rate,measure,0.88,local-hybrid,True,title evidence with measure lexical cue,"[""occ_3d2d0d7378c77d45a1a2""]",run_5f8127cf8e6be829b1ac
term_92edf6d2724d27c3b16d,Deaths by sex,measure,0.88,local-hybrid,True,title evidence with measure lexical cue,"[""occ_5b12a81aef8bc646b51e""]",run_5f8127cf8e6be829b1ac
term_137e8305fffe057d3255,Deaths of residents related to dementias including Alzheimer,measure,0.88,local-hybrid,True,title evidence with measure lexical cue,"[""occ_7315d22adca28f0af675""]",run_5f8127cf8e6be829b1ac
term_6c28e669b8ae9b75d28b,"Direct investment liabilities (flows) - annual data, % of GDP",measure,0.88,local-hybrid,True,title evidence with measure lexical cue,"[""occ_78bbfe1602a1cdc091f9""]",run_5f8127cf8e6be829b1ac
term_83264f46823288d5d1e9,"Direct investment liabilities (stocks) - annual data, % of GDP",measure,0.88,local-hybrid,True,title evidence with measure lexical cue,"[""occ_15dc1d726caa4ab1f4d0""]",run_5f8127cf8e6be829b1ac
term_80b5ab22dea335cf3afa,Disparities in adjusted gross disposable income of households per capita,measure,0.88,local-hybrid,True,title evidence with measure lexical cue,"[""occ_1a6233a9125c80f3b5de""]",run_5f8127cf8e6be829b1ac
term_4c7e35d1efbd7315d86c,Distribution of digital platform workers (at least one hour in the last month) by price setting,measure,0.88,local-hybrid,True,title evidence with measure lexical cue,"[""occ_1acb4d0ae43d89fd73f4""]",run_5f8127cf8e6be829b1ac
term_0a5f811862a59c07d79f,Distribution of digital platform workers (at least one hour in the last month) by price setting - experimental statistics,measure,0.88,local-hybrid,True,title evidence with measure lexical cue,"[""occ_c2bf976f37da066d2aae""]",run_5f8127cf8e6be829b1ac
term_d0cf9392077626f22315,Distribution of digital platform workers (at least one hour in the last month) by share of platform income in their earnings,measure,0.88,local-hybrid,True,title evidence with measure lexical cue,"[""occ_780fb7aad1fc5a791e43""]",run_5f8127cf8e6be829b1ac
term_caa6309ffcec0ffa87e1,Distribution of digital platform workers (at least one hour in the last month) by share of platform income in their earnings - experimental statistics,measure,0.88,local-hybrid,True,title evidence with measure lexical cue,"[""occ_aacf3914ee906186df60""]",run_5f8127cf8e6be829b1ac
term_eab582259d286e7cd986,Distribution of population by household types,measure,0.88,local-hybrid,True,title evidence with measure lexical cue,"[""occ_59111621d60b7054eee5""]",run_5f8127cf8e6be829b1ac
term_892ca2920961f51b7d30,Distribution of population by household types - EU-SILC survey,measure,0.88,local-hybrid,True,title evidence with measure lexical cue,"[""occ_becf83144e031c3e036e""]",run_5f8127cf8e6be829b1ac
term_51ed3941228748ad9c32,Domestic industrial production price index,measure,0.88,local-hybrid,True,title evidence with measure lexical cue,"[""occ_696ac66ec8d0cd2f6edd""]",run_5f8127cf8e6be829b1ac
term_5717f6e639f4b12f4341,Domestic industrial production price index - ENP-East countries,measure,0.88,local-hybrid,True,title evidence with measure lexical cue,"[""occ_b79f254366887c1e53ce""]",run_5f8127cf8e6be829b1ac
term_1cffd66b8825402d8cd6,Domestic producer prices - capital goods,measure,0.88,local-hybrid,True,title evidence with measure lexical cue,"[""occ_b2cc2da25e07bc1eb592""]",run_5f8127cf8e6be829b1ac
term_c2d0179c7cd68ff9bdc4,Domestic producer prices - consumer durables,measure,0.88,local-hybrid,True,title evidence with measure lexical cue,"[""occ_b7ef5732dfb9b28b6353""]",run_5f8127cf8e6be829b1ac
term_d3259c0a506408ea96d9,Domestic producer prices - consumer non-durables,measure,0.88,local-hybrid,True,title evidence with measure lexical cue,"[""occ_ae371c9bce8d70a570fe""]",run_5f8127cf8e6be829b1ac
term_ebb8bef4d41b8ff4cc33,Domestic producer prices - energy,measure,0.88,local-hybrid,True,title evidence with measure lexical cue,"[""occ_48c973c2493e1b689b64""]",run_5f8127cf8e6be829b1ac
term_fe4e2ce249094bf3ed20,Domestic producer prices - intermediate goods,measure,0.88,local-hybrid,True,title evidence with measure lexical cue,"[""occ_f9b86e812ceb9c753290""]",run_5f8127cf8e6be829b1ac
term_9dbbcc4f8da2f29988f9,Domestic producer prices - manufacturing,measure,0.88,local-hybrid,True,title evidence with measure lexical cue,"[""occ_2997d4a3613c6ecc06e3""]",run_5f8127cf8e6be829b1ac
term_2a0305468dfa4b8a1343,Domestic producer prices - total industry (excluding construction),measure,0.88,local-hybrid,True,title evidence with measure lexical cue,"[""occ_67b2c991123f9cb7ec3f""]",run_5f8127cf8e6be829b1ac
term_7850094491fdcb8c4867,"Dry pulses and protein crops for the production of grain (including seed and mixtures of cereals and pulses) by area, production and humidity",measure,0.88,local-hybrid,True,title evidence with measure lexical cue,"[""occ_0e48772960962661c0f0""]",run_5f8127cf8e6be829b1ac
term_0bc9d7812026d642cd23,Effect of social transfers on income quintile share ratio S80/S20,measure,0.88,local-hybrid,True,title evidence with measure lexical cue,"[""occ_c0efaa740efa305d9e9a""]",run_5f8127cf8e6be829b1ac
term_a4a4b3edcc8d7cd6085f,Effect of taxes and social transfers on income quintile share ratio S80/S20,measure,0.88,local-hybrid,True,title evidence with measure lexical cue,"[""occ_4b3928bf68dc6bf3606f""]",run_5f8127cf8e6be829b1ac
term_5a81cbeed5828801de9a,Effect of taxes on income quintile share ratio S80/S20,measure,0.88,local-hybrid,True,title evidence with measure lexical cue,"[""occ_719b86e11d42e215a2f0""]",run_5f8127cf8e6be829b1ac
term_25afea5a7addd2535b88,"Employed persons exposed to employment-related physical, psychological or sexual violence in the last 12 months by sex and age",measure,0.88,local-hybrid,True,title evidence with measure lexical cue,"[""occ_072d52ab8b1b74fb9d2b""]",run_5f8127cf8e6be829b1ac
term_ca743b9337ba4d9b8d54,Employment,measure,0.88,local-hybrid,True,title evidence with measure lexical cue,"[""occ_4007880b3f83e7e147d6""]",run_5f8127cf8e6be829b1ac
term_3975fde3be8673d043a1,Employment and economic activity branches,measure,0.88,local-hybrid,True,title evidence with measure lexical cue,"[""occ_9ea5b002447a7f698e26""]",run_5f8127cf8e6be829b1ac
term_6a33f33bcda42090451b,Employment and employment rates (aged 20-64) by sex,measure,0.88,local-hybrid,True,title evidence with measure lexical cue,"[""occ_2c71d5da53fb0de31239""]",run_5f8127cf8e6be829b1ac
term_795d9ad98feaa090e492,Employment and employment rates (aged 20-64) by sex - ENP-East countries,measure,0.88,local-hybrid,True,title evidence with measure lexical cue,"[""occ_8bf2b04420367c1ebae4""]",run_5f8127cf8e6be829b1ac
term_ec9454af09d7d3861fda,Employment by professional status,measure,0.88,local-hybrid,True,title evidence with measure lexical cue,"[""occ_f66dc08c994bf00b0e9b""]",run_5f8127cf8e6be829b1ac
term_5992c9ed3e19ee9f1cca,Employment by professional status - ENP-South countries,measure,0.88,local-hybrid,True,title evidence with measure lexical cue,"[""occ_c20c304dc9148ff9d9ca""]",run_5f8127cf8e6be829b1ac
term_7222b4430267209c516b,Employment characteristics,measure,0.88,local-hybrid,True,title evidence with measure lexical cue,"[""occ_8c4dcf12ff016a6be67b""]",run_5f8127cf8e6be829b1ac
term_1216e5cffc0c3beaacd4,Employment expectations by sectors,measure,0.88,local-hybrid,True,title evidence with measure lexical cue,"[""occ_818989d77335f38c75ea""]",run_5f8127cf8e6be829b1ac
term_a5c9e443dfb7c240a1b6,Employment expectations indicator,measure,0.88,local-hybrid,True,title evidence with measure lexical cue,"[""occ_ba972ce7112f901053c8""]",run_5f8127cf8e6be829b1ac
term_ed103e759eb80d6441c5,Employment growth (domestic concept),measure,0.88,local-hybrid,True,title evidence with measure lexical cue,"[""occ_1944bd032556336f496a""]",run_5f8127cf8e6be829b1ac
term_65afc991fda4bfad6726,Employment growth (domestic concept) - ENP-East countries,measure,0.88,local-hybrid,True,title evidence with measure lexical cue,"[""occ_2c9d88f3ea977e13a84f""]",run_5f8127cf8e6be829b1ac
term_598b44b5a3281568bbc3,Employment in Foreign Affiliates of Domestic Enterprises,measure,0.88,local-hybrid,True,title evidence with measure lexical cue,"[""occ_a9a660db3948ecf36680""]",run_5f8127cf8e6be829b1ac
term_249f821d698e17073d0f,Employment in Foreign Controlled Enterprises,measure,0.88,local-hybrid,True,title evidence with measure lexical cue,"[""occ_883b076da54383722837""]",run_5f8127cf8e6be829b1ac
term_079ed5d6db4e3900293a,Employment in waterways transport enterprises by number of vessels in enterprises,measure,0.88,local-hybrid,True,title evidence with measure lexical cue,"[""occ_8406134bb1d1f3a64490""]",run_5f8127cf8e6be829b1ac
term_289d3ad56aa1ffc52628,Employment in waterways transport enterprises by sex,measure,0.88,local-hybrid,True,title evidence with measure lexical cue,"[""occ_cd08c009b8d86a7f23fd""]",run_5f8127cf8e6be829b1ac
term_98ccf44d2931bdcf2215,Employment rate,measure,0.88,local-hybrid,True,title evidence with measure lexical cue,"[""occ_5a5b5fd9768eeddaaeba""]",run_5f8127cf8e6be829b1ac
term_6a05457df916fa51e4b7,Employment rate by citizenship,measure,0.88,local-hybrid,True,title evidence with measure lexical cue,"[""occ_d534eee17732afb3221b""]",run_5f8127cf8e6be829b1ac
term_11690bfa78e5b9ada064,Employment rate by sex,measure,0.88,local-hybrid,True,title evidence with measure lexical cue,"[""occ_49048b5d05fb8cbfeb77"", ""occ_7fdbe4c56a72f6831906""]",run_5f8127cf8e6be829b1ac
term_a7ebeda4912ad87981e2,Employment rate of low skilled persons (age group 20-64),measure,0.88,local-hybrid,True,title evidence with measure lexical cue,"[""occ_1392ba912a48ba780702""]",run_5f8127cf8e6be829b1ac
term_a6ec76a4cb1ad6932069,Employment rate of non-EU nationals (age group 20-64),measure,0.88,local-hybrid,True,title evidence with measure lexical cue,"[""occ_098946f8ab673c18044f""]",run_5f8127cf8e6be829b1ac
term_cc6c389a3a5b9ede456e,"Employment rate of older workers, age group 55-64",measure,0.88,local-hybrid,True,title evidence with measure lexical cue,"[""occ_093c82c81f7448293506""]",run_5f8127cf8e6be829b1ac
term_c9fa520584151533f5a2,Employment rates (aged 15-64) by sex,measure,0.88,local-hybrid,True,title evidence with measure lexical cue,"[""occ_5e0fc3b7216f7b6d6f8a""]",run_5f8127cf8e6be829b1ac
term_27a95e3ef428412228a6,Employment rates (aged 15-64) by sex - ENP-South countries,measure,0.88,local-hybrid,True,title evidence with measure lexical cue,"[""occ_65619d8c6db62d7f0765""]",run_5f8127cf8e6be829b1ac
term_178890956c1e3c7acc0d,Employment rates of recent graduates,measure,0.88,local-hybrid,True,title evidence with measure lexical cue,"[""occ_ef409043ef3ed3606ea7""]",run_5f8127cf8e6be829b1ac
term_27403ee3a08ef6612373,"Employment, domestic concept",measure,0.88,local-hybrid,True,title evidence with measure lexical cue,"[""occ_62004064f4061717212d"", ""occ_c5df37801dcfd14f0e3d""]",run_5f8127cf8e6be829b1ac
term_defff23a8f88d8548c58,"Employment, domestic concept - annual data",measure,0.88,local-hybrid,True,title evidence with measure lexical cue,"[""occ_92d9dcb33fdc3d88e697""]",run_5f8127cf8e6be829b1ac
term_e74b0b68daf6ab98bfae,"Employment, domestic concept - Total",measure,0.88,local-hybrid,True,title evidence with measure lexical cue,"[""occ_491279500b449ded2f92""]",run_5f8127cf8e6be829b1ac
term_09e1aee2eae3f6f961d2,"Ever-partnered women who have experienced violence by an intimate partner, by country of birth",measure,0.88,local-hybrid,True,title evidence with measure lexical cue,"[""occ_6bdff78c7bd5956aff72""]",run_5f8127cf8e6be829b1ac
term_9c16d79cea97b0714de5,Expenditure on education in constant prices,measure,0.88,local-hybrid,True,title evidence with measure lexical cue,"[""occ_9ca5873dfb0e41e0d5c8""]",run_5f8127cf8e6be829b1ac
term_b1fb19c84fd17e2fd413,Expenditure on public educational institutions,measure,0.88,local-hybrid,True,title evidence with measure lexical cue,"[""occ_3bbd79ce2f858c7a6a87""]",run_5f8127cf8e6be829b1ac
term_bf772c90f95cd422ec1d,Expenditure on public educational institutions - as % of total or current expenditure,measure,0.88,local-hybrid,True,title evidence with measure lexical cue,"[""occ_ca9a3487054885a857c1""]",run_5f8127cf8e6be829b1ac
term_27f5a1f9c59e1b87dc68,Expenditure on road transport vehicles and road infrastructure,measure,0.88,local-hybrid,True,title evidence with measure lexical cue,"[""occ_2f05573fd47fd8f1031e""]",run_5f8127cf8e6be829b1ac
term_46da92b563b9ffdccb55,Expenditure on rolling stock and railway infrastructure,measure,0.88,local-hybrid,True,title evidence with measure lexical cue,"[""occ_6ca78a38a3433418f1e0""]",run_5f8127cf8e6be829b1ac
term_6e80a6ca3ae0ebf52856,Expenditure on social protection by type,measure,0.88,local-hybrid,True,title evidence with measure lexical cue,"[""occ_4626e5652105e1a6cb36""]",run_5f8127cf8e6be829b1ac
term_a87ced2df78c51659769,Expenditure on social protection per inhabitant at constant prices,measure,0.88,local-hybrid,True,title evidence with measure lexical cue,"[""occ_6e379af2e166acfe8e4f""]",run_5f8127cf8e6be829b1ac
term_30dd549a4d0eb8151b25,Expenditure on social protection per inhabitant in PPS,measure,0.88,local-hybrid,True,title evidence with measure lexical cue,"[""occ_8b8986f52ddba0eaea94""]",run_5f8127cf8e6be829b1ac
term_0121d15f00fd5074d0bf,Expenditure on waterway transport infrastructure and freight vessels,measure,0.88,local-hybrid,True,title evidence with measure lexical cue,"[""occ_2e60e4bb6e233202feb8""]",run_5f8127cf8e6be829b1ac
term_af395f1610bfa9afa413,Exports of goods - machinery and transport equipment,measure,0.88,local-hybrid,True,title evidence with measure lexical cue,"[""occ_eefa8f395d18b1594df8""]",run_5f8127cf8e6be829b1ac
term_233266d63f959636da6c,Exports of goods and services in % of GDP,measure,0.88,local-hybrid,True,title evidence with measure lexical cue,"[""occ_313625d77e3d8c31047b""]",run_5f8127cf8e6be829b1ac
term_f98c68c67133ddf86700,"External balance of goods and services, current prices",measure,0.88,local-hybrid,True,title evidence with measure lexical cue,"[""occ_007cb65eb02b9c764c10""]",run_5f8127cf8e6be829b1ac
term_f1ad67c786a97690fa75,Final consumption expenditure of households and non-profit institutions serving households - annual data,measure,0.88,local-hybrid,True,title evidence with measure lexical cue,"[""occ_8e312b1f4907fa891669""]",run_5f8127cf8e6be829b1ac
term_115d903267dadba6da0f,"Final consumption expenditure of households and NPISH, current prices",measure,0.88,local-hybrid,True,title evidence with measure lexical cue,"[""occ_dea8ef4c0a90f282df60""]",run_5f8127cf8e6be829b1ac
term_5bd6cc28bc0c9ce94e30,"Final consumption expenditure of households and NPISH, volumes",measure,0.88,local-hybrid,True,title evidence with measure lexical cue,"[""occ_6e3f9d21bb8e110760ca""]",run_5f8127cf8e6be829b1ac
term_d1a57151199d56c5e07f,Financial aid to students by education level - as % of total public expenditure,measure,0.88,local-hybrid,True,title evidence with measure lexical cue,"[""occ_1155f6065012042aa487""]",run_5f8127cf8e6be829b1ac
term_f3ae2a10579c3fbd217e,Foreign-born population,measure,0.88,local-hybrid,True,title evidence with measure lexical cue,"[""occ_b12de16630c2906b3010""]",run_5f8127cf8e6be829b1ac
term_39de1f14cd5fe4b343a1,Freight and mail air transport (including national transport),measure,0.88,local-hybrid,True,title evidence with measure lexical cue,"[""occ_e90db48686abc5990769""]",run_5f8127cf8e6be829b1ac
term_5e2d8a28ef31383d28d4,Freight and mail air transport (including national transport) - ENP-South countries,measure,0.88,local-hybrid,True,title evidence with measure lexical cue,"[""occ_6e394b25b5b551af6199""]",run_5f8127cf8e6be829b1ac
term_f354ea1081d17071b4ab,Freight and mail air transport over national territory (including territorial sea),measure,0.88,local-hybrid,True,title evidence with measure lexical cue,"[""occ_73a5227eec547f06f2e6""]",run_5f8127cf8e6be829b1ac
term_366e31423c1da3f1342b,GDP deflator,measure,0.88,local-hybrid,True,title evidence with measure lexical cue,"[""occ_24b1db45813a07e07fe9""]",run_5f8127cf8e6be829b1ac
term_2c295ea215a5bc746b20,GDP per capita in PPS,measure,0.88,local-hybrid,True,title evidence with measure lexical cue,"[""occ_ab325750047ba37f0a6e""]",run_5f8127cf8e6be829b1ac
term_a7f8640f667814e9fbfc,GDP weights used in the calculation of the global specific indicator,measure,0.88,local-hybrid,True,title evidence with measure lexical cue,"[""occ_464f84d8643be992f321""]",run_5f8127cf8e6be829b1ac
term_2e238609443153c1dccf,Gender differences in the relative income of elderly people (65+),measure,0.88,local-hybrid,True,title evidence with measure lexical cue,"[""occ_1a64facce516b414ce06""]",run_5f8127cf8e6be829b1ac
term_99869cc8c80491bbbd12,Gender differences in the relative income of elderly people (65+) - EU-SILC survey,measure,0.88,local-hybrid,True,title evidence with measure lexical cue,"[""occ_cfd8e19e648b96138500""]",run_5f8127cf8e6be829b1ac
term_38c1e42ad3a781b8ce27,Gender differences in the relative income of older people,measure,0.88,local-hybrid,True,title evidence with measure lexical cue,"[""occ_72a0ef5f6b0be3f1fa4b""]",run_5f8127cf8e6be829b1ac
term_09a908de463198bdf18f,Gender differences in the relative income of older people - EU-SILC survey,measure,0.88,local-hybrid,True,title evidence with measure lexical cue,"[""occ_e6e19ba9ec72ac374e50""]",run_5f8127cf8e6be829b1ac
term_922fd757dd8e2ece5c17,Gender employment gap,measure,0.88,local-hybrid,True,title evidence with measure lexical cue,"[""occ_b67710f7bd2c8cf209f2""]",run_5f8127cf8e6be829b1ac
term_523b5db9b2693145b25e,Gender employment gap by degree of urbanisation,measure,0.88,local-hybrid,True,title evidence with measure lexical cue,"[""occ_86515de1900fac3caf92""]",run_5f8127cf8e6be829b1ac
term_9718df264a1793a565c9,"Gender employment gap, by type of employment",measure,0.88,local-hybrid,True,title evidence with measure lexical cue,"[""occ_cc816a2af3982e2586f5""]",run_5f8127cf8e6be829b1ac
term_f36eb226e177a37eccaa,Gender gap in part-time employment,measure,0.88,local-hybrid,True,title evidence with measure lexical cue,"[""occ_2c53883401544eb0f3f6""]",run_5f8127cf8e6be829b1ac
term_d568e02e14bc35c58cb8,General government employment,measure,0.88,local-hybrid,True,title evidence with measure lexical cue,"[""occ_a05a667637c32962a2fa""]",run_5f8127cf8e6be829b1ac
term_e7c0eb872bd0448f567a,General government expenditure by function,measure,0.88,local-hybrid,True,title evidence with measure lexical cue,"[""occ_c8fe58e4572ae533ed58""]",run_5f8127cf8e6be829b1ac
term_537dee1205ecb32bbdaa,General government total expenditure on law courts,measure,0.88,local-hybrid,True,title evidence with measure lexical cue,"[""occ_d99b0d3e1fdd8bfe1717""]",run_5f8127cf8e6be829b1ac
term_3a96181f535cf675fed7,Generation of waste excluding major mineral wastes per GDP unit,measure,0.88,local-hybrid,True,title evidence with measure lexical cue,"[""occ_2f039029ec990b0ef850""]",run_5f8127cf8e6be829b1ac
term_87a753574448dc6084bb,Gini coefficient of equivalised disposable income,measure,0.88,local-hybrid,True,title evidence with measure lexical cue,"[""occ_2b112d7082056cf8ab23""]",run_5f8127cf8e6be829b1ac
term_0e2307e31f6b17f4428d,Gini coefficient of equivalised disposable income before social transfers (pensions excluded from social transfers),measure,0.88,local-hybrid,True,title evidence with measure lexical cue,"[""occ_2ee48ebc75e6cd991609""]",run_5f8127cf8e6be829b1ac
term_5b8a86d13344cbd5b242,Gini coefficient of equivalised disposable income before social transfers (pensions included in social transfers),measure,0.88,local-hybrid,True,title evidence with measure lexical cue,"[""occ_8b090dd4fe631014471c""]",run_5f8127cf8e6be829b1ac
term_577b998e77e6ecacb649,Gini coefficient of equivalised disposable income by age,measure,0.88,local-hybrid,True,title evidence with measure lexical cue,"[""occ_51b2068453d268213386""]",run_5f8127cf8e6be829b1ac
term_fc07b47631d01b3c08c3,Gini coefficient on household population,measure,0.88,local-hybrid,True,title evidence with measure lexical cue,"[""occ_009719c8e9a730ada7d2""]",run_5f8127cf8e6be829b1ac
term_48f8ab7f344df9f62f58,Gini coefficient on household population - experimental statistics,measure,0.88,local-hybrid,True,title evidence with measure lexical cue,"[""occ_d8669d17b582f62122b8""]",run_5f8127cf8e6be829b1ac
term_7c7d663e6be11fcca38d,Goods road transport enterprises by employment size classes,measure,0.88,local-hybrid,True,title evidence with measure lexical cue,"[""occ_9474fb98f1a68226a14a""]",run_5f8127cf8e6be829b1ac
term_6f657ad56da603744e65,Goods road transport enterprises by number of vehicles,measure,0.88,local-hybrid,True,title evidence with measure lexical cue,"[""occ_492f0925d2895c749f48""]",run_5f8127cf8e6be829b1ac
term_a8781b86da3b752f69bd,Goods transport by rail,measure,0.88,local-hybrid,True,title evidence with measure lexical cue,"[""occ_a9a479d53d674a5b0d5b""]",run_5f8127cf8e6be829b1ac
term_83f4130ed4f379e5ebf9,Goods transport by road,measure,0.88,local-hybrid,True,title evidence with measure lexical cue,"[""occ_1c6422094d8f3fe633ee""]",run_5f8127cf8e6be829b1ac
term_454b60d6038aeaf7dfdf,Goods transport by waterways,measure,0.88,local-hybrid,True,title evidence with measure lexical cue,"[""occ_dfecc2ff81e20a096aba""]",run_5f8127cf8e6be829b1ac
term_047c9239143df8136f91,Goods transported,measure,0.88,local-hybrid,True,title evidence with measure lexical cue,"[""occ_b2000a12ad6137d53015""]",run_5f8127cf8e6be829b1ac
term_1575199f961fd6cde6d7,Goods transported (detailed reporting only ),measure,0.88,local-hybrid,True,title evidence with measure lexical cue,"[""occ_617f51fc60e8b4ca28bc""]",run_5f8127cf8e6be829b1ac
term_f68670e75aff7b03543b,Goods transported (detailed reporting only ) - quarterly data,measure,0.88,local-hybrid,True,title evidence with measure lexical cue,"[""occ_536334f3a08513d80a8c""]",run_5f8127cf8e6be829b1ac
term_7abc3292942090afa980,Goods transported by rail,measure,0.88,local-hybrid,True,title evidence with measure lexical cue,"[""occ_99fe970fa19897c2756d""]",run_5f8127cf8e6be829b1ac
term_57558496f0fd3ea26847,Goods transported by rail - ENP-East countries,measure,0.88,local-hybrid,True,title evidence with measure lexical cue,"[""occ_772e9192ed6de46b2c2b""]",run_5f8127cf8e6be829b1ac
term_7b36a7699313ac1e7386,Goods transported by type of consignment,measure,0.88,local-hybrid,True,title evidence with measure lexical cue,"[""occ_3470a2531d6d4293a874""]",run_5f8127cf8e6be829b1ac
term_3dfd8e54220a5a7f4b4c,"Government final consumption expenditure, current prices",measure,0.88,local-hybrid,True,title evidence with measure lexical cue,"[""occ_34f1d4ef55caa9a39f56""]",run_5f8127cf8e6be829b1ac
term_a3b5edd80874bf518515,"Government final consumption expenditure, volumes",measure,0.88,local-hybrid,True,title evidence with measure lexical cue,"[""occ_15c9dcd7a70b9f2e168c""]",run_5f8127cf8e6be829b1ac
term_000d0c45492699547811,Government support to agricultural research and development,measure,0.88,local-hybrid,True,title evidence with measure lexical cue,"[""occ_de7d7611ebf42c7e94bd""]",run_5f8127cf8e6be829b1ac
term_c09913cf45bdb5830bad,Graduates at doctoral level by sex and age groups - per 1000 of population aged 25-34,measure,0.88,local-hybrid,True,title evidence with measure lexical cue,"[""occ_4f06b1d80d8635ed26de""]",run_5f8127cf8e6be829b1ac
term_75f99b8a1b5911e78516,"Graduates at doctoral level, in science, math., computing, engineering, manufacturing, construction, by sex - per 1000 of population aged 25-34",measure,0.88,local-hybrid,True,title evidence with measure lexical cue,"[""occ_7da133760c7995fce964""]",run_5f8127cf8e6be829b1ac
term_b86ab4699fecadbd4c05,"Grain maize and corn-cob-mix by area, production and humidity",measure,0.88,local-hybrid,True,title evidence with measure lexical cue,"[""occ_e16f3822f3571b76bd5c""]",run_5f8127cf8e6be829b1ac
term_a42f6f49f0d22fbc8143,Grapes by production,measure,0.88,local-hybrid,True,title evidence with measure lexical cue,"[""occ_dccbcc750072a793374d""]",run_5f8127cf8e6be829b1ac
term_9f5d8553695db4a24cad,"Green maize by area, production and humidity",measure,0.88,local-hybrid,True,title evidence with measure lexical cue,"[""occ_ad80a6c7333b6c435346""]",run_5f8127cf8e6be829b1ac
term_0e3fb5e8571efdb988ec,Greenhouse gases emissions from production activities,measure,0.88,local-hybrid,True,title evidence with measure lexical cue,"[""occ_ae9f11f8973188ece8e9""]",run_5f8127cf8e6be829b1ac
term_ffaf9a30e0d7a69ee461,Gross debt-to-income ratio of households,measure,0.88,local-hybrid,True,title evidence with measure lexical cue,"[""occ_15cf40bd6e30a453b23d""]",run_5f8127cf8e6be829b1ac
term_49db7acc54bc2943fa50,Gross disposable income,measure,0.88,local-hybrid,True,title evidence with measure lexical cue,"[""occ_1b7269e43cf395c51854""]",run_5f8127cf8e6be829b1ac
term_03fbe91d9fb3780da7f3,Gross domestic expenditure on R&D (GERD),measure,0.88,local-hybrid,True,title evidence with measure lexical cue,"[""occ_f0a391a4210adfb3c367""]",run_5f8127cf8e6be829b1ac
term_e147987d892497288288,Gross domestic expenditure on R&D (GERD) - ENP-East countries,measure,0.88,local-hybrid,True,title evidence with measure lexical cue,"[""occ_312376981f0edbe3d1c9""]",run_5f8127cf8e6be829b1ac
term_157213bbb658b7604c19,Gross domestic expenditure on research and development (R&D),measure,0.88,local-hybrid,True,title evidence with measure lexical cue,"[""occ_b051b15bab84d0e80cf5""]",run_5f8127cf8e6be829b1ac
term_9f55fe8d95776762c3e3,Gross domestic product at market prices - ENP-East countries,measure,0.88,local-hybrid,True,title evidence with measure lexical cue,"[""occ_82fc6d35365e653cdabd""]",run_5f8127cf8e6be829b1ac
term_930c45421b51de6645cd,Gross domestic product at market prices - ENP-South countries,measure,0.88,local-hybrid,True,title evidence with measure lexical cue,"[""occ_d1cef5211afe8298fdfe""]",run_5f8127cf8e6be829b1ac
term_cec938ba052542d9d4b6,Gross domestic product at market prices by expenditure,measure,0.88,local-hybrid,True,title evidence with measure lexical cue,"[""occ_75745eb8e8cc25b18428"", ""occ_c9bdf6f0a238fce49ff6""]",run_5f8127cf8e6be829b1ac
term_3300b84d8d1e1cbc3fa4,Gross domestic product at market prices by expenditure - ENP-East countries,measure,0.88,local-hybrid,True,title evidence with measure lexical cue,"[""occ_299b67cf97a97afb74f2""]",run_5f8127cf8e6be829b1ac
term_dc071a8bc9f2763851ec,Gross domestic product at market prices by expenditure - ENP-South countries,measure,0.88,local-hybrid,True,title evidence with measure lexical cue,"[""occ_9b72a2919134950ae9ec""]",run_5f8127cf8e6be829b1ac
term_8c80a20920007a0c2a77,"Gross domestic product, current prices",measure,0.88,local-hybrid,True,title evidence with measure lexical cue,"[""occ_ae02dc2f129e1b429a79""]",run_5f8127cf8e6be829b1ac
term_b28f611947fbb9543e41,"Gross domestic product, volumes",measure,0.88,local-hybrid,True,title evidence with measure lexical cue,"[""occ_1b5753fe2c5edf26f04c""]",run_5f8127cf8e6be829b1ac
term_b909730e54c564d77499,Gross fixed capital formation at current prices,measure,0.88,local-hybrid,True,title evidence with measure lexical cue,"[""occ_11ad8583ca63f1074074""]",run_5f8127cf8e6be829b1ac
term_aa4e3596e1241a2aafa1,"Gross fixed capital formation, current prices",measure,0.88,local-hybrid,True,title evidence with measure lexical cue,"[""occ_659c19818870f471fb29""]",run_5f8127cf8e6be829b1ac
term_54a3bcdbf8f08629560f,Gross national income,measure,0.88,local-hybrid,True,title evidence with measure lexical cue,"[""occ_2ec1798d556dbdfa6fa6""]",run_5f8127cf8e6be829b1ac
term_dabaa8001f873ce3c478,Gross national income (GNI) per capita,measure,0.88,local-hybrid,True,title evidence with measure lexical cue,"[""occ_9c9ebc773b9f4ca45136""]",run_5f8127cf8e6be829b1ac
term_523720a52ca07c570e36,Gross value added - NACE Rev. 2: - current prices,measure,0.88,local-hybrid,True,title evidence with measure lexical cue,"[""occ_d69e2d77dd94b588d592""]",run_5f8127cf8e6be829b1ac
term_de1275695e85a9ad231b,Gross value added - NACE Rev. 2: - volumes,measure,0.88,local-hybrid,True,title evidence with measure lexical cue,"[""occ_2152786c1a52ad99f16c""]",run_5f8127cf8e6be829b1ac
term_1b36ae99c8e59f36e985,Gross value added - NACE Rev. 2: A - current prices,measure,0.88,local-hybrid,True,title evidence with measure lexical cue,"[""occ_c41bece5472e93e5d1a3""]",run_5f8127cf8e6be829b1ac
term_284c77bb50fa6394ff34,Gross value added - NACE Rev. 2: A - volumes,measure,0.88,local-hybrid,True,title evidence with measure lexical cue,"[""occ_ace1b263291f020a0e8b""]",run_5f8127cf8e6be829b1ac
term_e627eb2b6cef0cf15347,Gross value added - NACE Rev. 2: B-E - current prices,measure,0.88,local-hybrid,True,title evidence with measure lexical cue,"[""occ_7304097929e43d5dfb37""]",run_5f8127cf8e6be829b1ac
term_b02ae624a643197bb062,Gross value added - NACE Rev. 2: B-E - volumes,measure,0.88,local-hybrid,True,title evidence with measure lexical cue,"[""occ_48f2767cd94062dcb64b""]",run_5f8127cf8e6be829b1ac
term_8cddf207ccad91a60de9,Gross value added - NACE Rev. 2: C - current prices,measure,0.88,local-hybrid,True,title evidence with measure lexical cue,"[""occ_d9af56e7807b701289d1""]",run_5f8127cf8e6be829b1ac
term_43b3e9a5541c91515e12,Gross value added - NACE Rev. 2: C - volumes,measure,0.88,local-hybrid,True,title evidence with measure lexical cue,"[""occ_423ab5dd4e8d9dbb7aea""]",run_5f8127cf8e6be829b1ac
term_aa9dcb3b1b5e3cb0f0d6,Gross value added - NACE Rev. 2: F - current prices,measure,0.88,local-hybrid,True,title evidence with measure lexical cue,"[""occ_b1117268c547fdb1d746""]",run_5f8127cf8e6be829b1ac
term_bca0c3b7c19ae02f790f,Gross value added - NACE Rev. 2: F - volumes,measure,0.88,local-hybrid,True,title evidence with measure lexical cue,"[""occ_9d21b61dcdc11cd5bff4""]",run_5f8127cf8e6be829b1ac
term_ce2cdc7f7b3486cc640f,Gross value added - NACE Rev. 2: G-I - current prices,measure,0.88,local-hybrid,True,title evidence with measure lexical cue,"[""occ_b7f70c260fb0f39b9c30""]",run_5f8127cf8e6be829b1ac
term_4a7ca24e09ef4e55de2f,Gross value added - NACE Rev. 2: G-I - volumes,measure,0.88,local-hybrid,True,title evidence with measure lexical cue,"[""occ_10d3dc4422b74418a121""]",run_5f8127cf8e6be829b1ac
term_120e767f33d49114efb9,Gross value added - NACE Rev. 2: J - current prices,measure,0.88,local-hybrid,True,title evidence with measure lexical cue,"[""occ_f900942e94cef6d0f0fb""]",run_5f8127cf8e6be829b1ac
term_f9712695721fec6734d3,Gross value added - NACE Rev. 2: J - volumes,measure,0.88,local-hybrid,True,title evidence with measure lexical cue,"[""occ_fd2a7a5798c2ad8aab89""]",run_5f8127cf8e6be829b1ac
term_132a92984b672ddddfbe,Gross value added - NACE Rev. 2: K - current prices,measure,0.88,local-hybrid,True,title evidence with measure lexical cue,"[""occ_23cf0d95ea62d6c76f56""]",run_5f8127cf8e6be829b1ac
term_d9fb3aeefcbd7e2f796a,Gross value added - NACE Rev. 2: K - volumes,measure,0.88,local-hybrid,True,title evidence with measure lexical cue,"[""occ_4cf3000868b21fd67867""]",run_5f8127cf8e6be829b1ac
term_7f231a9b7cbedf86f343,Gross value added - NACE Rev. 2: L - current prices,measure,0.88,local-hybrid,True,title evidence with measure lexical cue,"[""occ_e20f0480fcbf2465054c""]",run_5f8127cf8e6be829b1ac
term_8d79218e8970c663f49b,Gross value added - NACE Rev. 2: L - volumes,measure,0.88,local-hybrid,True,title evidence with measure lexical cue,"[""occ_328b6228bc8a75e8b4b9""]",run_5f8127cf8e6be829b1ac
term_6b43fbddf11cc0d86ec7,Gross value added - NACE Rev. 2: M_N - current prices,measure,0.88,local-hybrid,True,title evidence with measure lexical cue,"[""occ_d206a9b91c5018cccb87""]",run_5f8127cf8e6be829b1ac
term_6a4b2ac0d5193a131324,Gross value added - NACE Rev. 2: M_N - volumes,measure,0.88,local-hybrid,True,title evidence with measure lexical cue,"[""occ_47412dda18d8326bd892""]",run_5f8127cf8e6be829b1ac
term_45e5d4ea6d3cfabd1255,Gross value added - NACE Rev. 2: O-Q - current prices,measure,0.88,local-hybrid,True,title evidence with measure lexical cue,"[""occ_cb457eebbd911c693afe""]",run_5f8127cf8e6be829b1ac
term_904fdc9e8e59b47185f3,Gross value added - NACE Rev. 2: O-Q - volumes,measure,0.88,local-hybrid,True,title evidence with measure lexical cue,"[""occ_45c8bfd8afad73044c69""]",run_5f8127cf8e6be829b1ac
term_2a7c2482523dd275c758,Gross value added - NACE Rev. 2: R-U - current prices,measure,0.88,local-hybrid,True,title evidence with measure lexical cue,"[""occ_e084e5283f8f73fafe4e""]",run_5f8127cf8e6be829b1ac
term_05a5d4d4a9fe9df881fb,Gross value added - NACE Rev. 2: R-U - volumes,measure,0.88,local-hybrid,True,title evidence with measure lexical cue,"[""occ_483bc6c6d34e3adc003f""]",run_5f8127cf8e6be829b1ac
term_7b14b367f153f0478857,Gross value added by industry,measure,0.88,local-hybrid,True,title evidence with measure lexical cue,"[""occ_4bb11a988269112dba60"", ""occ_679f4cc07a9cd90d3e9a""]",run_5f8127cf8e6be829b1ac
term_df1a5ad7a443268181aa,Gross value added by industry - ENP-East countries,measure,0.88,local-hybrid,True,title evidence with measure lexical cue,"[""occ_7d1f6afae9fddb20c968""]",run_5f8127cf8e6be829b1ac
term_9fbaa45e3349ea71692d,Gross value added by industry - ENP-South countries,measure,0.88,local-hybrid,True,title evidence with measure lexical cue,"[""occ_fe49b6feb0058dbb1db3""]",run_5f8127cf8e6be829b1ac
term_07eb873c84a3b89ea386,Gross value added in environmental goods and services sector,measure,0.88,local-hybrid,True,title evidence with measure lexical cue,"[""occ_abc0dbd4f982a0486c3d""]",run_5f8127cf8e6be829b1ac
term_38c663b569ebe677c2d6,Gross value added of the agricultural industry,measure,0.88,local-hybrid,True,title evidence with measure lexical cue,"[""occ_32c188c3ed6692705634""]",run_5f8127cf8e6be829b1ac
term_fb061a2388528d4de67d,Gross value added of the agricultural industry - basic and producer prices,measure,0.88,local-hybrid,True,title evidence with measure lexical cue,"[""occ_5b57ecb874eef1dc74ad""]",run_5f8127cf8e6be829b1ac
term_77db762d503f8c2112f8,Gross weight of dry bulk goods transported in short sea shipping from/to the top 5 EU ports for dry bulk goods,measure,0.88,local-hybrid,True,title evidence with measure lexical cue,"[""occ_36c6932bfade4795568d""]",run_5f8127cf8e6be829b1ac
term_684770e20fcc03635ea1,Gross weight of goods in containers transported in short sea shipping from/to the top 5 EU ports for goods in containers,measure,0.88,local-hybrid,True,title evidence with measure lexical cue,"[""occ_8f847478aafa82ac0033""]",run_5f8127cf8e6be829b1ac
term_9cedd100584c1a2e3c09,Gross weight of goods in Ro-ro units transported in short sea shipping from/to the top 5 EU ports for goods in Ro-ro units,measure,0.88,local-hybrid,True,title evidence with measure lexical cue,"[""occ_c1b571bcd7906e276fb7""]",run_5f8127cf8e6be829b1ac
term_f05dc66b43a245fd67c2,gross weight of goods transported to/from main ports,measure,0.88,local-hybrid,True,title evidence with measure lexical cue,"[""occ_3c8c1b4a5f92883b3fa2""]",run_5f8127cf8e6be829b1ac
term_4888eefe70fe4ed02e10,"gross weight of goods transported to/from main ports, by direction",measure,0.88,local-hybrid,True,title evidence with measure lexical cue,"[""occ_b0c0c421fb034a207468""]",run_5f8127cf8e6be829b1ac
term_eb450627122a1664dc13,"gross weight of goods transported to/from main ports, by type of cargo for each sea region of partner ports",measure,0.88,local-hybrid,True,title evidence with measure lexical cue,"[""occ_748ae9c83f66ed3dd8fb""]",run_5f8127cf8e6be829b1ac
term_e6cd08c5e530a7d55c17,Gross weight of liquid bulk goods transported in short sea shipping from/to the top 5 EU ports for liquid bulk goods,measure,0.88,local-hybrid,True,title evidence with measure lexical cue,"[""occ_7cba52314f2e8ba1ebc1""]",run_5f8127cf8e6be829b1ac
term_3dbc7e5444fb23d6d899,Harmonised risk indicator 1 for pesticides by categorisation of active substances,measure,0.88,local-hybrid,True,title evidence with measure lexical cue,"[""occ_55bfe0c670345e67ed34""]",run_5f8127cf8e6be829b1ac
term_b28741ef4ee8a1420a20,Health care expenditure,measure,0.88,local-hybrid,True,title evidence with measure lexical cue,"[""occ_ec022bce8478ca79bf2b""]",run_5f8127cf8e6be829b1ac
term_7a46a9a0691b4a23f53b,Health care expenditure - % of GDP - ENP-East countries,measure,0.88,local-hybrid,True,title evidence with measure lexical cue,"[""occ_79cf1b473c0eea02e3e8""]",run_5f8127cf8e6be829b1ac
term_8c0da67ed1006687b002,Healthy life years at birth by sex,measure,0.88,local-hybrid,True,title evidence with measure lexical cue,"[""occ_cf887005960b9b22e6e2"", ""occ_d29f59311ddcc641426a""]",run_5f8127cf8e6be829b1ac
term_9b83e3239cd2a5b6767f,HICP - transport,measure,0.88,local-hybrid,True,title evidence with measure lexical cue,"[""occ_ddd2242245793029d431""]",run_5f8127cf8e6be829b1ac
term_889e83c0402a09059be4,Hours worked per week of full-time employment,measure,0.88,local-hybrid,True,title evidence with measure lexical cue,"[""occ_879750daa3868ffa4609""]",run_5f8127cf8e6be829b1ac
term_2ac0acffca0463ed9ded,House price index,measure,0.88,local-hybrid,True,title evidence with measure lexical cue,"[""occ_48dd05872f82ab2e5eca"", ""occ_e8fae38ea345e5be5d0e""]",run_5f8127cf8e6be829b1ac
term_53a4355232fa8ec64f34,House price index (= 100),measure,0.88,local-hybrid,True,title evidence with measure lexical cue,"[""occ_5eae3f3b2cf7d182ee12""]",run_5f8127cf8e6be829b1ac
term_95b646dd7227ccce08b4,House price index (= 100) - quarterly data,measure,0.88,local-hybrid,True,title evidence with measure lexical cue,"[""occ_4fe249746295828a714b""]",run_5f8127cf8e6be829b1ac
term_b287058763b62e747ffb,House price index - Item weights,measure,0.88,local-hybrid,True,title evidence with measure lexical cue,"[""occ_44c76ae8105c4507839d""]",run_5f8127cf8e6be829b1ac
term_7fd0142c8dd981cee687,House price index - quarterly data,measure,0.88,local-hybrid,True,title evidence with measure lexical cue,"[""occ_68b988f66554c2a11cc1""]",run_5f8127cf8e6be829b1ac
term_20521c72e6cabba7e964,"House price index, deflated",measure,0.88,local-hybrid,True,title evidence with measure lexical cue,"[""occ_3f4920f08d71d78ce92d"", ""occ_47b61ef2ebae4ecb6ccd""]",run_5f8127cf8e6be829b1ac
term_4d5be5b88085385db32d,"House price index, deflated - annual data",measure,0.88,local-hybrid,True,title evidence with measure lexical cue,"[""occ_eded6b61ff20cd050ffb""]",run_5f8127cf8e6be829b1ac
term_cf8712dfc9d708cb8fa1,"House price index, deflated - quarterly data",measure,0.88,local-hybrid,True,title evidence with measure lexical cue,"[""occ_b9d1e1e2493920a661de""]",run_5f8127cf8e6be829b1ac
term_14fbb936b6af82a1ad80,"House price index, nominal",measure,0.88,local-hybrid,True,title evidence with measure lexical cue,"[""occ_b9e14d82cb812bff193a""]",run_5f8127cf8e6be829b1ac
term_3987c647edbf48762f80,"House price index, nominal - annual data",measure,0.88,local-hybrid,True,title evidence with measure lexical cue,"[""occ_8eb2185c251cfcffd7f4""]",run_5f8127cf8e6be829b1ac
term_b42b72d1ef59e78b9232,House sales,measure,0.88,local-hybrid,True,title evidence with measure lexical cue,"[""occ_40ea3223e1f9da517b2d"", ""occ_73cdc07757bc293e63ba""]",run_5f8127cf8e6be829b1ac
term_d47300ffaf337f995f13,"House sales - number and index (=100), annual data",measure,0.88,local-hybrid,True,title evidence with measure lexical cue,"[""occ_5f0a1f12eab7e804284c""]",run_5f8127cf8e6be829b1ac
term_48fc1ea3059120d115be,"House sales - value and index (=100), annual data",measure,0.88,local-hybrid,True,title evidence with measure lexical cue,"[""occ_7f6a4019f183a86bf3c4""]",run_5f8127cf8e6be829b1ac
term_d3a86d6b1442368c3650,Housing cost overburden rate by income quintile - EU-SILC survey,measure,0.88,local-hybrid,True,title evidence with measure lexical cue,"[""occ_328c74eba1fcc2cdd2b6""]",run_5f8127cf8e6be829b1ac
term_b5b8d388f2ef30d9a63b,Import prices - capital goods,measure,0.88,local-hybrid,True,title evidence with measure lexical cue,"[""occ_c6e75cb2e7aefd928dff""]",run_5f8127cf8e6be829b1ac
term_fa079b5a5c445856b3d5,Import prices - consumer durables,measure,0.88,local-hybrid,True,title evidence with measure lexical cue,"[""occ_d11da2a6bc236774b02c""]",run_5f8127cf8e6be829b1ac
term_113fb5fe2b429e592b11,Import prices - consumer non-durables,measure,0.88,local-hybrid,True,title evidence with measure lexical cue,"[""occ_4f392b58049d72c3e031""]",run_5f8127cf8e6be829b1ac
term_01e9da427b6abfa900c2,Import prices - intermediate goods,measure,0.88,local-hybrid,True,title evidence with measure lexical cue,"[""occ_e02a8309759fefd4cfb2""]",run_5f8127cf8e6be829b1ac
term_1db7e88dc0bc19d4fa1a,Import prices - manufacturing,measure,0.88,local-hybrid,True,title evidence with measure lexical cue,"[""occ_3cbab9c9c748c536711c""]",run_5f8127cf8e6be829b1ac
term_22efcbdc7e86854e5717,Import prices - total industry,measure,0.88,local-hybrid,True,title evidence with measure lexical cue,"[""occ_8080d2b2140395439331""]",run_5f8127cf8e6be829b1ac
term_c4e193b79f7c26d0cd98,Imports of goods - machinery and transport equipment,measure,0.88,local-hybrid,True,title evidence with measure lexical cue,"[""occ_2db08bf1f7c39b75f2a1""]",run_5f8127cf8e6be829b1ac
term_6e013eaf01ca71a8b4dd,Imports of goods and services in % of GDP,measure,0.88,local-hybrid,True,title evidence with measure lexical cue,"[""occ_96d11273d5c8fc9b64a1""]",run_5f8127cf8e6be829b1ac
term_9ac263f40d0cdab6e19b,including health expenditure,measure,0.88,local-hybrid,True,title evidence with measure lexical cue,"[""occ_8a8d69f65eb84da654cf""]",run_5f8127cf8e6be829b1ac
term_0388239da703c3da3a94,including national transport,measure,0.88,local-hybrid,True,title evidence with measure lexical cue,"[""occ_ad0594e914ee7e0e44c8""]",run_5f8127cf8e6be829b1ac
term_e419e19674142f6f64cc,Income from intellectual property rights for computer services,measure,0.88,local-hybrid,True,title evidence with measure lexical cue,"[""occ_300575be152d92c77ca5""]",run_5f8127cf8e6be829b1ac
term_28e6144223bf5a76d0ee,Income in real terms (SILC=100),measure,0.88,local-hybrid,True,title evidence with measure lexical cue,"[""occ_62f9b321337b5fbb917b""]",run_5f8127cf8e6be829b1ac
term_d1255f52cdca607165d0,Income inequality for older people,measure,0.88,local-hybrid,True,title evidence with measure lexical cue,"[""occ_84f622f9d09686ce390f""]",run_5f8127cf8e6be829b1ac
term_55eb5e8e6a2e6b24d8d3,Income inequality for older people - EU-SILC survey,measure,0.88,local-hybrid,True,title evidence with measure lexical cue,"[""occ_7946887357e08c09f31a""]",run_5f8127cf8e6be829b1ac
term_dbffea080c0d5fdff163,Income quintile share ratio (S80/S20) by sex,measure,0.88,local-hybrid,True,title evidence with measure lexical cue,"[""occ_e28129c7178b92e5df0e""]",run_5f8127cf8e6be829b1ac
term_9d5a4b6bdd9d740a605a,Income quintile share ratio - S80/S20 - ENP-East countries,measure,0.88,local-hybrid,True,title evidence with measure lexical cue,"[""occ_ae1d3cc697d50c8b6dc7""]",run_5f8127cf8e6be829b1ac
term_6d86dd447f76de1a4400,Income quintile share ratio - S80/S20 - ENP-South countries,measure,0.88,local-hybrid,True,title evidence with measure lexical cue,"[""occ_74294d96cacfec9a1e9b""]",run_5f8127cf8e6be829b1ac
term_5714bc6f1087bc9fb5f0,Income quintile share ratio S80/S20 by NUTS 2 region,measure,0.88,local-hybrid,True,title evidence with measure lexical cue,"[""occ_f466bfd878e35f9127ee""]",run_5f8127cf8e6be829b1ac
term_25037dcefaa4c67fcebb,Income share of the bottom 40 % of the population,measure,0.88,local-hybrid,True,title evidence with measure lexical cue,"[""occ_81f410f0677c0a08a76f""]",run_5f8127cf8e6be829b1ac
term_9ada14c39440e5583682,Indicator A of the income from agricultural activity,measure,0.88,local-hybrid,True,title evidence with measure lexical cue,"[""occ_1b61fcf6a6318edfc06e""]",run_5f8127cf8e6be829b1ac
term_86c6296d5245a05d0ec6,Industrial and construction production volume index,measure,0.88,local-hybrid,True,title evidence with measure lexical cue,"[""occ_3746bae270ac5755e279""]",run_5f8127cf8e6be829b1ac
term_324b9884a59c48c27271,Industrial and construction production volume index - calendar adjusted - ENP-East countries,measure,0.88,local-hybrid,True,title evidence with measure lexical cue,"[""occ_b2f9dd55550fd112fa92""]",run_5f8127cf8e6be829b1ac
term_ac3a2131e4f6dda678a5,Inequality of income distribution,measure,0.88,local-hybrid,True,title evidence with measure lexical cue,"[""occ_3ee1ed94e7f5ca19c6a1""]",run_5f8127cf8e6be829b1ac
term_6e3300b3b76ec6fc07b9,Inequality of income distribution S80/S20 income quintile share ratio,measure,0.88,local-hybrid,True,title evidence with measure lexical cue,"[""occ_9d800f32fc2179827f35""]",run_5f8127cf8e6be829b1ac
term_720ba7a9b58779717a67,Inequality of income distribution S80/S20 income quintile share ratio - EU-SILC and ECHP surveys,measure,0.88,local-hybrid,True,title evidence with measure lexical cue,"[""occ_0b9159b3ddb2951fccb1""]",run_5f8127cf8e6be829b1ac
term_e9a99632a5e342b4b239,Interests receivable and similar income by product,measure,0.88,local-hybrid,True,title evidence with measure lexical cue,"[""occ_508d158d2fe47801d99f""]",run_5f8127cf8e6be829b1ac
term_18e4be30cbe2563cec14,International trade as a share of GDP,measure,0.88,local-hybrid,True,title evidence with measure lexical cue,"[""occ_be8524187c659d05cd1c""]",run_5f8127cf8e6be829b1ac
term_3ea65693dfee62b7d7d9,Intra-mural Business Enterprise R&D Expenditures in Foreign Controlled Enterprises,measure,0.88,local-hybrid,True,title evidence with measure lexical cue,"[""occ_6452a42dca2d173b1a9c""]",run_5f8127cf8e6be829b1ac
term_71e8da9a79f9decbfde7,Investment share of GDP by institutional sectors,measure,0.88,local-hybrid,True,title evidence with measure lexical cue,"[""occ_c446e61faf55ce905e70""]",run_5f8127cf8e6be829b1ac
term_07c88bf3aece412e87e2,Involuntary temporary employment,measure,0.88,local-hybrid,True,title evidence with measure lexical cue,"[""occ_f875b60dca6809c4eec4""]",run_5f8127cf8e6be829b1ac
term_5de95c935e54b28c5aa1,Inward FDI stocks in % of GDP,measure,0.88,local-hybrid,True,title evidence with measure lexical cue,"[""occ_d7dea4df7da165d3c3d0""]",run_5f8127cf8e6be829b1ac
term_ce67cd86ecfdda211083,Labour productivity in GDP (constant prices) per person employed,measure,0.88,local-hybrid,True,title evidence with measure lexical cue,"[""occ_ae20e6196014639ef9e4""]",run_5f8127cf8e6be829b1ac
term_f17f855c2456eeb7b95d,Labour productivity in GDP (constant prices) per person employed - ENP-East countries,measure,0.88,local-hybrid,True,title evidence with measure lexical cue,"[""occ_8d057684200f2bb21b2c""]",run_5f8127cf8e6be829b1ac
term_9aec9416f35680f516f6,Laying hens population,measure,0.88,local-hybrid,True,title evidence with measure lexical cue,"[""occ_d0e785d4e13cf291dd9d""]",run_5f8127cf8e6be829b1ac
term_d186ea2cd1615cb2621c,Laying hens population - annual data,measure,0.88,local-hybrid,True,title evidence with measure lexical cue,"[""occ_7ba6b7eebcec9f2d24c0""]",run_5f8127cf8e6be829b1ac
term_f6876eaedf46f3589cd0,Life expectancy at birth by sex - ENP-South countries,measure,0.88,local-hybrid,True,title evidence with measure lexical cue,"[""occ_9789d2061afb4e432e43""]",run_5f8127cf8e6be829b1ac
term_812ad3ebcd48675b5282,Live births,measure,0.88,local-hybrid,True,title evidence with measure lexical cue,"[""occ_544f3ae1627556613adb""]",run_5f8127cf8e6be829b1ac
term_ae811119ae4287ceef98,Live births and crude birth rate,measure,0.88,local-hybrid,True,title evidence with measure lexical cue,"[""occ_dddf5ec047c007e87440""]",run_5f8127cf8e6be829b1ac
term_47ead53796b0ad6f4802,Loans (excluding mortgages on purchase of main residence) by income quintile,measure,0.88,local-hybrid,True,title evidence with measure lexical cue,"[""occ_42510c75d199d26e0f0f""]",run_5f8127cf8e6be829b1ac
term_d3e9231fa5288ba36887,Long-term unemployment rate by sex,measure,0.88,local-hybrid,True,title evidence with measure lexical cue,"[""occ_0fbb8efc6aa16476ff76"", ""occ_2a0fd9c58eb983f3d0e9""]",run_5f8127cf8e6be829b1ac
term_8bb310c92f161e04aeb0,"Long-term unemployment rate, % of active population aged 15-74",measure,0.88,local-hybrid,True,title evidence with measure lexical cue,"[""occ_e3bc567b440bf4c7300c""]",run_5f8127cf8e6be829b1ac
term_6273fd9149de8fb6704b,Long-term unemployment rates by sex,measure,0.88,local-hybrid,True,title evidence with measure lexical cue,"[""occ_c82d920ac0882b08217e""]",run_5f8127cf8e6be829b1ac
term_06310cc3ee57698adc4b,Long-term unemployment rates by sex - ENP-East countries,measure,0.88,local-hybrid,True,title evidence with measure lexical cue,"[""occ_f022c8700deb875907bd""]",run_5f8127cf8e6be829b1ac
term_57896bda73fe719211f7,Low-wage earners as a proportion of all employees (excluding apprentices) by employment contract,measure,0.88,local-hybrid,True,title evidence with measure lexical cue,"[""occ_c5cd9d34580de8cbba5d""]",run_5f8127cf8e6be829b1ac
term_e157e5c7f05a0049cc46,Maritime goods transport performed in the Exclusive Economic Zone of the countries,measure,0.88,local-hybrid,True,title evidence with measure lexical cue,"[""occ_7c580259aeb4bc3d3ff2""]",run_5f8127cf8e6be829b1ac
term_cf4d38e388c2bc56090a,Maritime passenger transport performed in the Exclusive Economic Zone of the countries,measure,0.88,local-hybrid,True,title evidence with measure lexical cue,"[""occ_576413ff415d773f8fde""]",run_5f8127cf8e6be829b1ac
term_eb0740949292b76319ec,Maritime transport infrastructure,measure,0.88,local-hybrid,True,title evidence with measure lexical cue,"[""occ_84c69f772c9aeab3d271""]",run_5f8127cf8e6be829b1ac
term_c6b8e720436e1d8a19f2,Maritime transport infrastructure: ports,measure,0.88,local-hybrid,True,title evidence with measure lexical cue,"[""occ_557c246cfdcb093aad3c""]",run_5f8127cf8e6be829b1ac
term_422013898bdc7aa0ad06,Maritime transport of freight by NUTS 2 region,measure,0.88,local-hybrid,True,title evidence with measure lexical cue,"[""occ_dcaa418773d480809992""]",run_5f8127cf8e6be829b1ac
term_0ecae0b5473fbb8ae729,Maritime transport of passengers by NUTS 2 region,measure,0.88,local-hybrid,True,title evidence with measure lexical cue,"[""occ_69dcc20f1760698f4a3f""]",run_5f8127cf8e6be829b1ac
term_5a62747e9b2bbc98b77e,Market production,measure,0.88,local-hybrid,True,title evidence with measure lexical cue,"[""occ_729f35802c341cc7c4ac""]",run_5f8127cf8e6be829b1ac
term_012b2e24a75dae7a8801,Market production - annual data,measure,0.88,local-hybrid,True,title evidence with measure lexical cue,"[""occ_7a41f8d1d44dfc58f116""]",run_5f8127cf8e6be829b1ac
term_078d046c57799f9a57b5,Mean age of women at childbirth and at birth of first child,measure,0.88,local-hybrid,True,title evidence with measure lexical cue,"[""occ_a00e2f1a07fbb8a1c41a""]",run_5f8127cf8e6be829b1ac
term_45b9a362994ac998a029,Mean consumption expenditure by number of active persons,measure,0.88,local-hybrid,True,title evidence with measure lexical cue,"[""occ_0f551fb414265ef2dc05""]",run_5f8127cf8e6be829b1ac
term_c14bca743ac5884f17e2,Mean consumption expenditure of private households on cultural goods and services by income quintile,measure,0.88,local-hybrid,True,title evidence with measure lexical cue,"[""occ_077b74638fc483123d0d""]",run_5f8127cf8e6be829b1ac
term_fcbaef808b290197842f,Mean consumption expenditure of private households on sporting goods and services by income quintile,measure,0.88,local-hybrid,True,title evidence with measure lexical cue,"[""occ_2e40bd3bfad9b9773a86""]",run_5f8127cf8e6be829b1ac
term_20ca9ef9e116900d5e88,Mean consumption expenditure per household and per adult equivalent,measure,0.88,local-hybrid,True,title evidence with measure lexical cue,"[""occ_c7459fe218580054cbea""]",run_5f8127cf8e6be829b1ac
term_e10167245fc767be14f4,Meat (total production),measure,0.88,local-hybrid,True,title evidence with measure lexical cue,"[""occ_9b797ca52e018daf2d36""]",run_5f8127cf8e6be829b1ac
term_aeaee419e62acf4048d5,Meat production,measure,0.88,local-hybrid,True,title evidence with measure lexical cue,"[""occ_9d746a1f685e7e36c911"", ""occ_c422f466db80ab0719ac""]",run_5f8127cf8e6be829b1ac
term_dda222aaf1cad0d16ff4,Meat production - ENP-East countries,measure,0.88,local-hybrid,True,title evidence with measure lexical cue,"[""occ_2c8135896404f2cda5d9""]",run_5f8127cf8e6be829b1ac
term_08f3dd440b4f4e4ac60d,Meat production - ENP-South countries,measure,0.88,local-hybrid,True,title evidence with measure lexical cue,"[""occ_83677e2a7ee351c49b94""]",run_5f8127cf8e6be829b1ac
term_f7373141e70e62bc181d,Median age of residents by sex and country of birth,measure,0.88,local-hybrid,True,title evidence with measure lexical cue,"[""occ_4f5a610df239a4af58cd""]",run_5f8127cf8e6be829b1ac
term_126f1c47aefcedb88cc8,Median relative income of elderly people,measure,0.88,local-hybrid,True,title evidence with measure lexical cue,"[""occ_cf7b38617b0ef63153ce""]",run_5f8127cf8e6be829b1ac
term_1847b10ff62e7ccf2fbb,Median relative income of elderly people (60+),measure,0.88,local-hybrid,True,title evidence with measure lexical cue,"[""occ_e53ae81c2c11382ce52f""]",run_5f8127cf8e6be829b1ac
term_074ac00adbe5f73a2af1,Median relative income of elderly people (60+) - EU-SILC survey,measure,0.88,local-hybrid,True,title evidence with measure lexical cue,"[""occ_85fa6fd6fe5a940b926f""]",run_5f8127cf8e6be829b1ac
term_aae6ecbce1ea4c04530e,Median relative income of elderly people - EU-SILC survey,measure,0.88,local-hybrid,True,title evidence with measure lexical cue,"[""occ_84e4a0bbc432a4d9567b""]",run_5f8127cf8e6be829b1ac
term_751662a2365b33aba273,Median saving rate by income quintile,measure,0.88,local-hybrid,True,title evidence with measure lexical cue,"[""occ_b3bbc74874eacc80fac4""]",run_5f8127cf8e6be829b1ac
term_6d3a4e9e00dfe2d6b031,Median saving rate by income quintile - experimental statistics,measure,0.88,local-hybrid,True,title evidence with measure lexical cue,"[""occ_b8196d6fdf9c395410b4""]",run_5f8127cf8e6be829b1ac
term_b61bf04e7a77cfdc39a0,"Modal split of air, sea and freight transport",measure,0.88,local-hybrid,True,title evidence with measure lexical cue,"[""occ_a65ef0f362e070490040""]",run_5f8127cf8e6be829b1ac
term_c3cd9054646b135d0b4e,"Modal split of air, sea and passenger transport",measure,0.88,local-hybrid,True,title evidence with measure lexical cue,"[""occ_6965470f4d85cab53988""]",run_5f8127cf8e6be829b1ac
term_c81d6ee622d33c0e63b4,Modal split of freight transport,measure,0.88,local-hybrid,True,title evidence with measure lexical cue,"[""occ_4483cde52d9531171880""]",run_5f8127cf8e6be829b1ac
term_8c5599186ab207fa39cc,National expenditure on environmental protection,measure,0.88,local-hybrid,True,title evidence with measure lexical cue,"[""occ_f571dfb91ef40a8d9ceb""]",run_5f8127cf8e6be829b1ac
term_f32b7749e3c9ff7974e4,National passenger road transport performance by type of vehicles registered in the,measure,0.88,local-hybrid,True,title evidence with measure lexical cue,"[""occ_3bb3e65a1c2de409b06e""]",run_5f8127cf8e6be829b1ac
term_5c1b156bf1e3cc20b804,"Net external debt - annual data, % of GDP",measure,0.88,local-hybrid,True,title evidence with measure lexical cue,"[""occ_24e032cdcde99d9ecd54""]",run_5f8127cf8e6be829b1ac
term_cd3886f7e671857294d0,"Net external debt - quarterly data, % of GDP",measure,0.88,local-hybrid,True,title evidence with measure lexical cue,"[""occ_4079bde7b8482c46889c""]",run_5f8127cf8e6be829b1ac
term_4b419433504b08218669,"Net international investment position - quarterly data, % of GDP",measure,0.88,local-hybrid,True,title evidence with measure lexical cue,"[""occ_29cb666fe2e3d3286327""]",run_5f8127cf8e6be829b1ac
term_5aa8c2375b016a280a45,Net international investment position excluding non-defaultable instruments - % of GDP,measure,0.88,local-hybrid,True,title evidence with measure lexical cue,"[""occ_91dcf41cb351a510256f""]",run_5f8127cf8e6be829b1ac
term_06536802769bc978a649,Net trade balance of energy products - % of GDP,measure,0.88,local-hybrid,True,title evidence with measure lexical cue,"[""occ_86fd6702fbcc5183e3ff""]",run_5f8127cf8e6be829b1ac
term_5cb1785dd3f1be3b9d22,"Non-financial corporations debt, consolidated - % of GDP",measure,0.88,local-hybrid,True,title evidence with measure lexical cue,"[""occ_91c60b45605191127e95""]",run_5f8127cf8e6be829b1ac
term_e5122b2bba66f017eaa9,number and load capacity of goods transport wagons,measure,0.88,local-hybrid,True,title evidence with measure lexical cue,"[""occ_f7c5fa65299410fd6c93""]",run_5f8127cf8e6be829b1ac
term_975f92a4a6ba860bd35f,Number of accidents at work by NACE Rev. 1.1 activity and employment status,measure,0.88,local-hybrid,True,title evidence with measure lexical cue,"[""occ_aa0c5c357c862ebec283""]",run_5f8127cf8e6be829b1ac
term_44182a54b9802a05ffb2,Number of enterprises carrying out cross trade by employment size class,measure,0.88,local-hybrid,True,title evidence with measure lexical cue,"[""occ_2d8bdefbe89e8afa21f4""]",run_5f8127cf8e6be829b1ac
term_9560cd093859db0ca542,Number of enterprises carrying out cross trade by reasons for cross trade and employment size class,measure,0.88,local-hybrid,True,title evidence with measure lexical cue,"[""occ_d0f911b58ad096319629""]",run_5f8127cf8e6be829b1ac
term_abd74cab62a22713b235,Number of enterprises carrying out cross trade by type of cross trade and employment size class,measure,0.88,local-hybrid,True,title evidence with measure lexical cue,"[""occ_466dd36d85b278268863""]",run_5f8127cf8e6be829b1ac
term_41e0d6bfe368e5f58f50,"Oats and spring cereal mixtures by area, production and humidity",measure,0.88,local-hybrid,True,title evidence with measure lexical cue,"[""occ_50089080b0ab7a3302b8""]",run_5f8127cf8e6be829b1ac
term_95b23a0abc0cf6816c43,Official development assistance as share of gross national income,measure,0.88,local-hybrid,True,title evidence with measure lexical cue,"[""occ_5e2b37633a9f142b1c29""]",run_5f8127cf8e6be829b1ac
term_e8a486be8d619db8be64,Olives by production,measure,0.88,local-hybrid,True,title evidence with measure lexical cue,"[""occ_78ff6d53e11c374be134""]",run_5f8127cf8e6be829b1ac
term_ebddfd2ef3407d39c4e4,Organic production of animal products,measure,0.88,local-hybrid,True,title evidence with measure lexical cue,"[""occ_21ba2bd9781f6aeb1c47""]",run_5f8127cf8e6be829b1ac
term_2254084cb5bd693de12c,Organic production of aquaculture products,measure,0.88,local-hybrid,True,title evidence with measure lexical cue,"[""occ_eb122a7f082e9d8d5fb2""]",run_5f8127cf8e6be829b1ac
term_4b1fd1a7f6908d2872c0,Out-of-pocket expenditure on healthcare,measure,0.88,local-hybrid,True,title evidence with measure lexical cue,"[""occ_bee67c6470996a6d6b53""]",run_5f8127cf8e6be829b1ac
term_0fcf4e988e3ce59aa8b1,Out-of-school rate by sex and age - as % of the population of the corresponding age,measure,0.88,local-hybrid,True,title evidence with measure lexical cue,"[""occ_5cd05fb304d2a382cb0e""]",run_5f8127cf8e6be829b1ac
term_d877db962664d4857680,"Out-of-school rate in population of lower secondary school age, by sex",measure,0.88,local-hybrid,True,title evidence with measure lexical cue,"[""occ_fdd3d38b03175844bc71""]",run_5f8127cf8e6be829b1ac
term_769a96867babeedc522b,"Out-of-school rate in population of upper secondary school age, by sex",measure,0.88,local-hybrid,True,title evidence with measure lexical cue,"[""occ_0721814a77a7c6ab69a1""]",run_5f8127cf8e6be829b1ac
term_84c96995e5ca8437bcca,Output of the agricultural industry,measure,0.88,local-hybrid,True,title evidence with measure lexical cue,"[""occ_cbfbe4db32ad1ab190d5""]",run_5f8127cf8e6be829b1ac
term_a1ccdeee056213c3adca,Output of the agricultural industry - basic and producer prices,measure,0.88,local-hybrid,True,title evidence with measure lexical cue,"[""occ_6e40ad60c65d9e7d11b0""]",run_5f8127cf8e6be829b1ac
term_3992b935b7626c5f87e1,Outward FDI stocks in % of GDP,measure,0.88,local-hybrid,True,title evidence with measure lexical cue,"[""occ_77f5944d2bcdeed18098""]",run_5f8127cf8e6be829b1ac
term_34bb2d7daaad6b23269d,Overall employment growth,measure,0.88,local-hybrid,True,title evidence with measure lexical cue,"[""occ_2e22ecbd469c2c5c2a16""]",run_5f8127cf8e6be829b1ac
term_462c1513203af7c8e5e2,Overcrowding rate by age group - population without single-person households - EU-SILC survey,measure,0.88,local-hybrid,True,title evidence with measure lexical cue,"[""occ_104e01bbe31fb42628d2""]",run_5f8127cf8e6be829b1ac
term_63e72f5b64212ddf7e4f,Overcrowding rate by degree of urbanisation - total population,measure,0.88,local-hybrid,True,title evidence with measure lexical cue,"[""occ_bd6cc1e6d374dd26e770""]",run_5f8127cf8e6be829b1ac
term_65b7a817742d84dc8b39,Overcrowding rate by poverty status - population without single-person households - EU-SILC survey,measure,0.88,local-hybrid,True,title evidence with measure lexical cue,"[""occ_dab4277f2626af5c6a07""]",run_5f8127cf8e6be829b1ac
term_a26d81c3f985547c93b7,Overcrowding rate by sex - population without single-person households - EU-SILC survey,measure,0.88,local-hybrid,True,title evidence with measure lexical cue,"[""occ_59caad8f6de48a6af033""]",run_5f8127cf8e6be829b1ac
term_26490cbba0bceff791ef,Overcrowding rate by tenure status - total population,measure,0.88,local-hybrid,True,title evidence with measure lexical cue,"[""occ_fe46346341ead9788465""]",run_5f8127cf8e6be829b1ac
term_c959179fd99717013cd0,Part-time employment rate,measure,0.88,local-hybrid,True,title evidence with measure lexical cue,"[""occ_69c433d1936138369497""]",run_5f8127cf8e6be829b1ac
term_47b9219432ba9fa33c1f,Participation in tourism for personal purposes - % of total population,measure,0.88,local-hybrid,True,title evidence with measure lexical cue,"[""occ_46e904aa9601cac4ba0b""]",run_5f8127cf8e6be829b1ac
term_cbe3f0c0c63df0d8189e,Passenger air transport over national territory (including territorial sea),measure,0.88,local-hybrid,True,title evidence with measure lexical cue,"[""occ_b8d432920b2559e5dd9c""]",run_5f8127cf8e6be829b1ac
term_9680b4f19d0a8245842f,Passenger air transport over national territory (including territorial sea) - million passenger-km,measure,0.88,local-hybrid,True,title evidence with measure lexical cue,"[""occ_f1a96fce30959caffa09""]",run_5f8127cf8e6be829b1ac
term_ded4bcecdf6431047f86,"Passenger cars in accompanied passenger car railway transport, by type of transport",measure,0.88,local-hybrid,True,title evidence with measure lexical cue,"[""occ_6a2bbc5b81c052c92f40""]",run_5f8127cf8e6be829b1ac
term_d4ee21213e40c0f9e7c5,Passenger road transport,measure,0.88,local-hybrid,True,title evidence with measure lexical cue,"[""occ_7b635c2ff64f3f40f26a""]",run_5f8127cf8e6be829b1ac
term_9c01f58c839e886cff89,Passenger road transport - ENP-East countries,measure,0.88,local-hybrid,True,title evidence with measure lexical cue,"[""occ_0bfc9ed74ae58367ed44""]",run_5f8127cf8e6be829b1ac
term_3016d8f4c9d8fbfa2d3f,Passengers (excluding cruise passengers) transported from/to the main ports,measure,0.88,local-hybrid,True,title evidence with measure lexical cue,"[""occ_c992dc17c7867a936f58""]",run_5f8127cf8e6be829b1ac
term_8287815d3953999fafc9,Passengers (excluding cruise passengers) transported from/to the main ports quarterly data,measure,0.88,local-hybrid,True,title evidence with measure lexical cue,"[""occ_c3673c0785b7fbd50fcf"", ""occ_c9b1df578aac71e63b87""]",run_5f8127cf8e6be829b1ac
term_54ab3a65984d82df4910,"Passengers in accompanied passenger car railway transport, by type of transport",measure,0.88,local-hybrid,True,title evidence with measure lexical cue,"[""occ_10f07c04648dd2f61302""]",run_5f8127cf8e6be829b1ac
term_298c39b5e6c3879b2034,Passengers transported,measure,0.88,local-hybrid,True,title evidence with measure lexical cue,"[""occ_7519a698d0db78675d4b""]",run_5f8127cf8e6be829b1ac
term_60ede498db7097a1bd4c,Passengers transported by type of train speed,measure,0.88,local-hybrid,True,title evidence with measure lexical cue,"[""occ_a9b7a2f05d9c3196baee""]",run_5f8127cf8e6be829b1ac
term_2c38fafe65ca58d949f0,per 1000 of corresponding age population,measure,0.88,local-hybrid,True,title evidence with measure lexical cue,"[""occ_8293e27330e268dc7c46""]",run_5f8127cf8e6be829b1ac
term_6c398553c4d684b6aba1,per 1000 of population aged 25-34,measure,0.88,local-hybrid,True,title evidence with measure lexical cue,"[""occ_2220923b4c86037e0a8d"", ""occ_aa715649f9c9250844bc""]",run_5f8127cf8e6be829b1ac
term_a3677d8c6276e767b3fe,Persons employed in goods road transport enterprises by employment size classes,measure,0.88,local-hybrid,True,title evidence with measure lexical cue,"[""occ_b16cc2d0265d2204bf7e""]",run_5f8127cf8e6be829b1ac
term_83071806be9a1b00d7c3,Persons employed in goods road transport enterprises by sex,measure,0.88,local-hybrid,True,title evidence with measure lexical cue,"[""occ_027d8b68e15a32a8e80e""]",run_5f8127cf8e6be829b1ac
term_d231c73501a8c2085599,Persons having experienced housing difficulties in their lifetime by sex and group of country of birth,measure,0.88,local-hybrid,True,title evidence with measure lexical cue,"[""occ_bb29b44dcc98d59f1250""]",run_5f8127cf8e6be829b1ac
term_155f68a9d0bb78c1747e,Persons outside the labour force who receive a pension who would have wished to stay longer in employment,measure,0.88,local-hybrid,True,title evidence with measure lexical cue,"[""occ_6497f7061674ae785374""]",run_5f8127cf8e6be829b1ac
term_109c7527c2782f5e5b6d,Persons owning real estate other than main residence by income quantile,measure,0.88,local-hybrid,True,title evidence with measure lexical cue,"[""occ_71d7c9fa014932706e61""]",run_5f8127cf8e6be829b1ac
term_d2f14aff04e6b38ff1b0,Persons receiving benefits (other than old age benefits) by risk of poverty and work intensity of the household (population aged 18 to 64),measure,0.88,local-hybrid,True,title evidence with measure lexical cue,"[""occ_4398d0e5c12c89e096a1""]",run_5f8127cf8e6be829b1ac
term_3fb4d8aaa9743e4baabd,"Persons with loans for purposes other than property, transport, education and daily living expenses by risk of poverty threshold",measure,0.88,local-hybrid,True,title evidence with measure lexical cue,"[""occ_9752f0b7f3697f5e929b""]",run_5f8127cf8e6be829b1ac
term_782651427b7030ca5928,Persons with loans for transport purposes by risk of poverty threshold,measure,0.88,local-hybrid,True,title evidence with measure lexical cue,"[""occ_2ce4f037086b2d9922cd""]",run_5f8127cf8e6be829b1ac
term_ee85c78292b759908a3d,Pesticide sales by categorisation of active substances,measure,0.88,local-hybrid,True,title evidence with measure lexical cue,"[""occ_e21eaeed48a291d46ae6""]",run_5f8127cf8e6be829b1ac
term_3c74886439e5cd2fb286,Population (aged 20-24) who completed at least an upper secondary educational attainment level (ISCED level 3) by sex,measure,0.88,local-hybrid,True,title evidence with measure lexical cue,"[""occ_c47a3d1b0b67bf206387""]",run_5f8127cf8e6be829b1ac
term_3499e3c7d17ee0abdf55,Population (aged 20-24) who completed at least an upper secondary educational attainment level (ISCED level 3) by sex - ENP-South countries,measure,0.88,local-hybrid,True,title evidence with measure lexical cue,"[""occ_ef989a44ec84b4a9b8d9""]",run_5f8127cf8e6be829b1ac
term_99b168fc5730e52ce37d,Population (aged 25 and over) by sex and educational attainment level,measure,0.88,local-hybrid,True,title evidence with measure lexical cue,"[""occ_235ba5b5b8faeb8b99bb""]",run_5f8127cf8e6be829b1ac
term_752a4d2a5b755187bcc4,Population (aged 25 and over) by sex and educational attainment level - ENP-South countries,measure,0.88,local-hybrid,True,title evidence with measure lexical cue,"[""occ_cf72b11cda8e70566b06""]",run_5f8127cf8e6be829b1ac
term_2c8c0c8c6ab4970569ba,Population (aged 30-34) who completed tertiary or equivalent education,measure,0.88,local-hybrid,True,title evidence with measure lexical cue,"[""occ_4426a4dafc9de5b379b6""]",run_5f8127cf8e6be829b1ac
term_2bc18f78c89d4d2ce3fe,Population (aged 30-34) who completed tertiary or equivalent education - ENP-East countries,measure,0.88,local-hybrid,True,title evidence with measure lexical cue,"[""occ_c046a9ee53280a757c36""]",run_5f8127cf8e6be829b1ac
term_c287e0ca5232e6163718,Population (aged 30-34) with tertiary educational attainment level by sex,measure,0.88,local-hybrid,True,title evidence with measure lexical cue,"[""occ_4d4c762c53e30e3f6861""]",run_5f8127cf8e6be829b1ac
term_de2c10dc4ca88dbd36ca,Population aged 15-74 in private households,measure,0.88,local-hybrid,True,title evidence with measure lexical cue,"[""occ_4990595300ff229e0afe""]",run_5f8127cf8e6be829b1ac
term_00794e6316ee6533eb31,Population aged 15-74 in private households - LFS,measure,0.88,local-hybrid,True,title evidence with measure lexical cue,"[""occ_74f448178abef376ca24""]",run_5f8127cf8e6be829b1ac
term_5e969fc9f5e1ef6cef7f,Population change,measure,0.88,local-hybrid,True,title evidence with measure lexical cue,"[""occ_d176cb1f5329753d650a""]",run_5f8127cf8e6be829b1ac
term_1235dd822d5ad1200534,"Population change - crude rates of total change, natural change and net migration plus adjustment",measure,0.88,local-hybrid,True,title evidence with measure lexical cue,"[""occ_bb76fa2224fed33156fc""]",run_5f8127cf8e6be829b1ac
term_66a7a8627044b4d0fc6a,Population connected to at least secondary wastewater treatment,measure,0.88,local-hybrid,True,title evidence with measure lexical cue,"[""occ_231bc3e1a6b189005efc""]",run_5f8127cf8e6be829b1ac
term_cb772a85556d4c34b572,Population connected to public water supply - ENP-South countries,measure,0.88,local-hybrid,True,title evidence with measure lexical cue,"[""occ_fd3855a7061374af4f50""]",run_5f8127cf8e6be829b1ac
term_fc4c296a653c39b9033c,Population connected to wastewater collection and treatment systems,measure,0.88,local-hybrid,True,title evidence with measure lexical cue,"[""occ_f1411918364c3b11aba4""]",run_5f8127cf8e6be829b1ac
term_6918aaed3bab18229b10,Population connected to wastewater collection and treatment systems - ENP-South countries,measure,0.88,local-hybrid,True,title evidence with measure lexical cue,"[""occ_062e8856031c64e88317""]",run_5f8127cf8e6be829b1ac
term_1f0f520b54430bc6abe1,Population connected to Wastewater Treatment,measure,0.88,local-hybrid,True,title evidence with measure lexical cue,"[""occ_b9ae5828a352cbac181e""]",run_5f8127cf8e6be829b1ac
term_3e0305cd108e456f71c5,Population density - ENP-South countries,measure,0.88,local-hybrid,True,title evidence with measure lexical cue,"[""occ_79117de0fdc09ec998c7""]",run_5f8127cf8e6be829b1ac
term_02c811e71846f8f59a4b,Population density by metropolitan region,measure,0.88,local-hybrid,True,title evidence with measure lexical cue,"[""occ_2764a1ea4c90e30f7a88""]",run_5f8127cf8e6be829b1ac
term_9a39fc3791a919f5cdb9,"Population having neither a bath, nor a shower, nor indoor flushing toilet in their household by poverty status",measure,0.88,local-hybrid,True,title evidence with measure lexical cue,"[""occ_96db5366249647388b89""]",run_5f8127cf8e6be829b1ac
term_23202d38f263756ed950,Population in jobless private households,measure,0.88,local-hybrid,True,title evidence with measure lexical cue,"[""occ_d0bc225f605d0a62926f""]",run_5f8127cf8e6be829b1ac
term_883b1192f0226fbe8107,Population in jobless private households - % of persons living in private households where no-one is employed,measure,0.88,local-hybrid,True,title evidence with measure lexical cue,"[""occ_74ab3840924b9ea2c5a1""]",run_5f8127cf8e6be829b1ac
term_661ea0454236ae7c181b,"Population living in households considering that they suffer from noise, by poverty status",measure,0.88,local-hybrid,True,title evidence with measure lexical cue,"[""occ_45237a9958344c3f43e0""]",run_5f8127cf8e6be829b1ac
term_cbcda8ee4c84bb52bb07,Population on 1 January,measure,0.88,local-hybrid,True,title evidence with measure lexical cue,"[""occ_1c8e9d24a0024ea72056""]",run_5f8127cf8e6be829b1ac
term_3a6aa3a21850433042bb,Population on 1 January by sex and by age group,measure,0.88,local-hybrid,True,title evidence with measure lexical cue,"[""occ_5064be743a0c5de1272a""]",run_5f8127cf8e6be829b1ac
term_9dcd6774cc4d7d3e8b99,"Population reporting occurrence of crime, violence or vandalism in their area by poverty status",measure,0.88,local-hybrid,True,title evidence with measure lexical cue,"[""occ_c8e266a4f0734f892c43""]",run_5f8127cf8e6be829b1ac
term_1fd8ee608312159f93ce,Population served by municipal waste,measure,0.88,local-hybrid,True,title evidence with measure lexical cue,"[""occ_027fb75b566ce8cafcf9""]",run_5f8127cf8e6be829b1ac
term_5e416bfcffb96e0462a3,Population served by municipal waste - ENP-South countries,measure,0.88,local-hybrid,True,title evidence with measure lexical cue,"[""occ_221e7212bf95880a34bf""]",run_5f8127cf8e6be829b1ac
term_85f46a94adae83c65aa0,Population structure by detailed age group,measure,0.88,local-hybrid,True,title evidence with measure lexical cue,"[""occ_7f9d0e47dee75543ac23""]",run_5f8127cf8e6be829b1ac
term_b792bbff52c871715296,Population structure by sex,measure,0.88,local-hybrid,True,title evidence with measure lexical cue,"[""occ_c604c1fb13f44e476fe5""]",run_5f8127cf8e6be829b1ac
term_f34098c34128bcc75f40,Population unable to keep home adequately warm by poverty status,measure,0.88,local-hybrid,True,title evidence with measure lexical cue,"[""occ_8f5c8c65f41e470b4bd8""]",run_5f8127cf8e6be829b1ac
term_4fca53cde49e472d8d3b,population without single-person households,measure,0.88,local-hybrid,True,title evidence with measure lexical cue,"[""occ_4f82cc659180d0c4644b"", ""occ_5a43089e0502f00b68cc"", ""occ_b47934cc96f1a8b96c24""]",run_5f8127cf8e6be829b1ac
term_7657a3997e431eff5e36,Population without the citizenship of the,measure,0.88,local-hybrid,True,title evidence with measure lexical cue,"[""occ_42b84ec1d706cbf54336""]",run_5f8127cf8e6be829b1ac
term_d2e8926e165b563b2364,Premature deaths due to exposure to fine particulate matter (PM2.5),measure,0.88,local-hybrid,True,title evidence with measure lexical cue,"[""occ_62360e679f4e47519ee6""]",run_5f8127cf8e6be829b1ac
term_f3cf73148dd08f19dbab,Price and volume convergence between EU Member States,measure,0.88,local-hybrid,True,title evidence with measure lexical cue,"[""occ_1f3f0cb58abe8324995e""]",run_5f8127cf8e6be829b1ac
term_d2ef954d82d5a2aa301b,Price indices of agricultural input/output at nominal value (= 100),measure,0.88,local-hybrid,True,title evidence with measure lexical cue,"[""occ_3f8cd4197a7a05b5d357""]",run_5f8127cf8e6be829b1ac
term_40b19f5a21b3b4e61deb,Price level indices,measure,0.88,local-hybrid,True,title evidence with measure lexical cue,"[""occ_2a6fd7313f80aef76561""]",run_5f8127cf8e6be829b1ac
term_0dd5c6463b1a707e0a9f,Prices (annual series),measure,0.88,local-hybrid,True,title evidence with measure lexical cue,"[""occ_f7b5ed5d33b3ece0475d""]",run_5f8127cf8e6be829b1ac
term_a4b4dfa6de5345c78a4d,Primary energy production,measure,0.88,local-hybrid,True,title evidence with measure lexical cue,"[""occ_03ba1249bf077bcbfe67""]",run_5f8127cf8e6be829b1ac
term_b4a2b5282e4bc860b99b,Prison population,measure,0.88,local-hybrid,True,title evidence with measure lexical cue,"[""occ_dde78d76c79644e400bf""]",run_5f8127cf8e6be829b1ac
term_4b9ed4e5dbc24137e6e3,"Private sector credit flow, consolidated - % GDP",measure,0.88,local-hybrid,True,title evidence with measure lexical cue,"[""occ_03f8665efdaa15f5171d""]",run_5f8127cf8e6be829b1ac
term_20f0568d3084e3c66191,"Private sector credit flow: debt securities by sectors, consolidated - % of GDP",measure,0.88,local-hybrid,True,title evidence with measure lexical cue,"[""occ_acccae95177e70b5f8a7""]",run_5f8127cf8e6be829b1ac
term_9987e242ef89d7650d4c,"Private sector credit flow: debt securities by sectors, non-consolidated - % of GDP",measure,0.88,local-hybrid,True,title evidence with measure lexical cue,"[""occ_f42f115a6660110b5257""]",run_5f8127cf8e6be829b1ac
term_cd7a39a0bc9ab7d16394,"Private sector credit flow: loans by sectors, consolidated - % of GDP",measure,0.88,local-hybrid,True,title evidence with measure lexical cue,"[""occ_916511ca0bf7e3f36c77""]",run_5f8127cf8e6be829b1ac
term_2e754403a3df9923c2b5,"Private sector credit flow: loans by sectors, non-consolidated - % of GDP",measure,0.88,local-hybrid,True,title evidence with measure lexical cue,"[""occ_e1c318376dc30978e928""]",run_5f8127cf8e6be829b1ac
term_5842369333bd62a04195,"Private sector debt, consolidated - % of GDP",measure,0.88,local-hybrid,True,title evidence with measure lexical cue,"[""occ_ed7db5c44deced00ecf3""]",run_5f8127cf8e6be829b1ac
term_ad9dc9a5708b94af4fb0,"Private sector debt: debt securities by sectors, non-consolidated - % of GDP",measure,0.88,local-hybrid,True,title evidence with measure lexical cue,"[""occ_b3f29b73dff8a73a946d""]",run_5f8127cf8e6be829b1ac
term_d43e9eb1d7802e118e16,"Private sector debt: debt securities, by sectors, consolidated - % of GDP",measure,0.88,local-hybrid,True,title evidence with measure lexical cue,"[""occ_f44520b6c678d4b2baa9""]",run_5f8127cf8e6be829b1ac
term_e3cfbb83163ba40271ed,"Private sector debt: loans, by sectors, consolidated - % of GDP",measure,0.88,local-hybrid,True,title evidence with measure lexical cue,"[""occ_f0ea70263892ccd6821a""]",run_5f8127cf8e6be829b1ac
term_1718a2844b38ef2cb8e6,"Private sector debt: loans, by sectors, non-consolidated - % of GDP",measure,0.88,local-hybrid,True,title evidence with measure lexical cue,"[""occ_1e5cb8af108d0b1e45a8""]",run_5f8127cf8e6be829b1ac
term_8dcaba990735ba9a2b8d,"Producer price indices, animals and animal products",measure,0.88,local-hybrid,True,title evidence with measure lexical cue,"[""occ_f0b6fa729f2ac2fb3fc5""]",run_5f8127cf8e6be829b1ac
term_f28e10cdf7f618065874,"Producer price indices, crop products",measure,0.88,local-hybrid,True,title evidence with measure lexical cue,"[""occ_aa0f8667d07d6b20d24a""]",run_5f8127cf8e6be829b1ac
term_9bcd4b391a70ebb8d94e,"Producer price indices, total agricultural production",measure,0.88,local-hybrid,True,title evidence with measure lexical cue,"[""occ_552af311124e7dd1974a""]",run_5f8127cf8e6be829b1ac
term_bc836f9457aaa2352e2c,Production and consumption of chemicals by hazard class,measure,0.88,local-hybrid,True,title evidence with measure lexical cue,"[""occ_974ae9727370c88d0959""]",run_5f8127cf8e6be829b1ac
term_8e72fee385baec40ba64,Production forecasts for pigs,measure,0.88,local-hybrid,True,title evidence with measure lexical cue,"[""occ_b63912df1a6081936d7e""]",run_5f8127cf8e6be829b1ac
term_1f425fe6b2c44195e8c6,Production forecasts for pigs - quarterly data,measure,0.88,local-hybrid,True,title evidence with measure lexical cue,"[""occ_9974520c4c70502a3dbe""]",run_5f8127cf8e6be829b1ac
term_f25b3958d6da1017e631,Production in construction,measure,0.88,local-hybrid,True,title evidence with measure lexical cue,"[""occ_955dc221d744c8cd1885""]",run_5f8127cf8e6be829b1ac
term_6065d4f8545e2fd54fdf,Production in industry,measure,0.88,local-hybrid,True,title evidence with measure lexical cue,"[""occ_0582e216cc81ac6e091c"", ""occ_2505872b94f00d1af276"", ""occ_506e746539c1a033783c"", ""occ_7f7ffa392eaf1739875b"", ""occ_8eadad825fab8559cd7a"", ""occ_975959c70ce199866dd0"", ""occ_f2c47c6402789524b76f""]",run_5f8127cf8e6be829b1ac
term_36a72c577c29ed8a435e,Production in industry - capital goods,measure,0.88,local-hybrid,True,title evidence with measure lexical cue,"[""occ_363014d44c571b19d65d""]",run_5f8127cf8e6be829b1ac
term_b7a69d80e0c95946c178,Production in industry - consumer durables,measure,0.88,local-hybrid,True,title evidence with measure lexical cue,"[""occ_b48d911107c0e9d8fa4a""]",run_5f8127cf8e6be829b1ac
term_57dbe832a6b7457178ca,Production in industry - consumer non-durables,measure,0.88,local-hybrid,True,title evidence with measure lexical cue,"[""occ_e1da23ade9378ec9ef17""]",run_5f8127cf8e6be829b1ac
term_04279f6a3fcd4e3a01d3,Production in industry - energy,measure,0.88,local-hybrid,True,title evidence with measure lexical cue,"[""occ_bd696313747b13097db0""]",run_5f8127cf8e6be829b1ac
term_e454da1bd3a645c5546e,Production in industry - intermediate goods,measure,0.88,local-hybrid,True,title evidence with measure lexical cue,"[""occ_33324900acb7204a88e7""]",run_5f8127cf8e6be829b1ac
term_675346f52e1bfda71a21,Production in industry - manufacturing,measure,0.88,local-hybrid,True,title evidence with measure lexical cue,"[""occ_2f97cf018f41054e5201""]",run_5f8127cf8e6be829b1ac
term_84eeb94c45bbd41c0060,Production in industry - total (excluding construction),measure,0.88,local-hybrid,True,title evidence with measure lexical cue,"[""occ_c2bde9cf91cd5f25b957""]",run_5f8127cf8e6be829b1ac
term_132fa562e61d24fc668c,Production of bovine meat in slaughterhouses,measure,0.88,local-hybrid,True,title evidence with measure lexical cue,"[""occ_2acd1c5cb55f031959a8""]",run_5f8127cf8e6be829b1ac
term_ce41243bf53e1fe41ce1,Production of butter,measure,0.88,local-hybrid,True,title evidence with measure lexical cue,"[""occ_e44fcaa4c14f46af3a4a""]",run_5f8127cf8e6be829b1ac
term_d97417c7bb4f4f99740f,Production of cheese,measure,0.88,local-hybrid,True,title evidence with measure lexical cue,"[""occ_dd5601b103fcacf589d4""]",run_5f8127cf8e6be829b1ac
term_b90c6d0271ff608c3091,Production of eggs for consumption and number of laying hens,measure,0.88,local-hybrid,True,title evidence with measure lexical cue,"[""occ_885376ead00052ff8e9c""]",run_5f8127cf8e6be829b1ac
term_4eb46767e3553546663a,Production of milk on farms,measure,0.88,local-hybrid,True,title evidence with measure lexical cue,"[""occ_da227e120c3c3ee540a7""]",run_5f8127cf8e6be829b1ac
term_db8a280dd7686a2ac1f5,Production of milk powder,measure,0.88,local-hybrid,True,title evidence with measure lexical cue,"[""occ_2675021156ed2807d6a4""]",run_5f8127cf8e6be829b1ac
term_9454b887f1867f090bca,Production of pigmeat in slaughterhouses,measure,0.88,local-hybrid,True,title evidence with measure lexical cue,"[""occ_2b6a25cf52f5590becc8""]",run_5f8127cf8e6be829b1ac
term_3a115ac194876f2b07de,Production of poultry meat in slaughterhouses,measure,0.88,local-hybrid,True,title evidence with measure lexical cue,"[""occ_603af38de05fbf805d14""]",run_5f8127cf8e6be829b1ac
term_226172b7f9c30b7a429a,Production of sheepmeat and goat meat in slaughterhouses,measure,0.88,local-hybrid,True,title evidence with measure lexical cue,"[""occ_cc3e7932de1a38c32b28""]",run_5f8127cf8e6be829b1ac
term_30044f68d1cf70550729,"Production, value added and employment by industry groups in the environmental goods and services sector",measure,0.88,local-hybrid,True,title evidence with measure lexical cue,"[""occ_326a920bf6315765e84d""]",run_5f8127cf8e6be829b1ac
term_5022e34de5091385c309,Proportion of population aged 65 and over,measure,0.88,local-hybrid,True,title evidence with measure lexical cue,"[""occ_90f45eb51b3f10f659e5""]",run_5f8127cf8e6be829b1ac
term_90d064a0e3555d070ed8,Public expenditure on education - ENP-East countries,measure,0.88,local-hybrid,True,title evidence with measure lexical cue,"[""occ_5c981843e91bc23b0e37""]",run_5f8127cf8e6be829b1ac
term_136f56a98d371355cdb3,Public expenditure on education - ENP-South countries,measure,0.88,local-hybrid,True,title evidence with measure lexical cue,"[""occ_e87db41f8a6d5a2f01dd""]",run_5f8127cf8e6be829b1ac
term_9a6b6617fb90a759d2c1,"Pupils aged 3 years old, by sex - as % of the population of the corresponding age group",measure,0.88,local-hybrid,True,title evidence with measure lexical cue,"[""occ_69bb3866adb028db3433""]",run_5f8127cf8e6be829b1ac
term_b35b80b9bb3da89a8d77,"Pupils aged 4 years old, by sex - as % of the population of the corresponding age group",measure,0.88,local-hybrid,True,title evidence with measure lexical cue,"[""occ_eca44713305987b30200""]",run_5f8127cf8e6be829b1ac
term_c87cc3e6907e2d7127e0,Pupils and students in education aged 30 and over - per 1000 of corresponding age population,measure,0.88,local-hybrid,True,title evidence with measure lexical cue,"[""occ_852f5fc76c6a264c6c60""]",run_5f8127cf8e6be829b1ac
term_c32b9badb0ba4710ff3e,Pupils from age 0 to the starting age of compulsory education at primary level by sex - % of the population of the corresponding age,measure,0.88,local-hybrid,True,title evidence with measure lexical cue,"[""occ_9acba8b0d7b73dd3b68f""]",run_5f8127cf8e6be829b1ac
term_a59522b13eee62d49daf,Pupils from age 3 to the starting age of compulsory education at primary level by NUTS 2 region - % of the population of the corresponding age,measure,0.88,local-hybrid,True,title evidence with measure lexical cue,"[""occ_3c4f2aa8a0bb379ceed9""]",run_5f8127cf8e6be829b1ac
term_00f0c8f9cf02f648a6af,Pupils from age 3 to the starting age of compulsory education at primary level by sex - % of the population of the corresponding age,measure,0.88,local-hybrid,True,title evidence with measure lexical cue,"[""occ_009a5c1561ac4e008188""]",run_5f8127cf8e6be829b1ac
term_f9d50b4dda831c318c4f,Pupils from age 4 to the starting age of compulsory education at primary level by NUTS 2 region - % of the population of the corresponding age,measure,0.88,local-hybrid,True,title evidence with measure lexical cue,"[""occ_31c692950aea2084d22e""]",run_5f8127cf8e6be829b1ac
term_0972dcd431ad96904bc3,"Pupils from age 4 to the starting age of compulsory education at primary level, by sex - as % of the population of the corresponding age group",measure,0.88,local-hybrid,True,title evidence with measure lexical cue,"[""occ_14fb743aae89af0c26db""]",run_5f8127cf8e6be829b1ac
term_56b4c088a0be47482038,Pupils from age 5 to the starting age of compulsory education at primary level by sex - % of the population of the corresponding age,measure,0.88,local-hybrid,True,title evidence with measure lexical cue,"[""occ_ab2ce59e85875caf6627""]",run_5f8127cf8e6be829b1ac
term_15bfeaad968154afb48f,Pupils under the age of 3 by sex - as % of the population of the corresponding age,measure,0.88,local-hybrid,True,title evidence with measure lexical cue,"[""occ_2cf706e76baba38cb61a""]",run_5f8127cf8e6be829b1ac
term_962f61904b6619372cea,"Purchase price indices, total means of agricultural production",measure,0.88,local-hybrid,True,title evidence with measure lexical cue,"[""occ_d7ab12c1d0f9a637528b""]",run_5f8127cf8e6be829b1ac
term_0d4c9ed65da1702cede8,Purchasing power adjusted GDP per capita,measure,0.88,local-hybrid,True,title evidence with measure lexical cue,"[""occ_ae3e739a693eba4fd4bf""]",run_5f8127cf8e6be829b1ac
term_957fdeb7beb70d12bd2e,"quarterly data, % of GDP",measure,0.88,local-hybrid,True,title evidence with measure lexical cue,"[""occ_3167e8e91ba31af41a45"", ""occ_91c754598a570f14300c""]",run_5f8127cf8e6be829b1ac
term_46734978017f544624fb,Rail accidents involving the transport of dangerous goods,measure,0.88,local-hybrid,True,title evidence with measure lexical cue,"[""occ_07dc50bfea413d99f67e""]",run_5f8127cf8e6be829b1ac
term_e97dc4d33c64b5e32ec4,Rail equipment: number and load capacity of goods transport wagons,measure,0.88,local-hybrid,True,title evidence with measure lexical cue,"[""occ_6b226b386e9ee01e70cb""]",run_5f8127cf8e6be829b1ac
term_d2e98712668aabb3a0dd,Rail transport of passengers,measure,0.88,local-hybrid,True,title evidence with measure lexical cue,"[""occ_3655ffc048351a41e251""]",run_5f8127cf8e6be829b1ac
term_d6d506c422eb73f7712b,Railway transport vans,measure,0.88,local-hybrid,True,title evidence with measure lexical cue,"[""occ_46d6e1db3d0a694b49d7""]",run_5f8127cf8e6be829b1ac
term_3767f7ef54c6688a174c,"Ratio of annual expenditure per student at the tertiary level and primary level of education, in public educational institutions",measure,0.88,local-hybrid,True,title evidence with measure lexical cue,"[""occ_3db1230a479ab8b68fe6""]",run_5f8127cf8e6be829b1ac
term_438ebeb43c6e54618660,Ratio of the proportion of tertiary students over the proportion of the population by NUTS 1 and NUTS 2 region,measure,0.88,local-hybrid,True,title evidence with measure lexical cue,"[""occ_82eb29dfa798693bd5b7""]",run_5f8127cf8e6be829b1ac
term_524f26c23c149007b7c1,Real GDP growth rate,measure,0.88,local-hybrid,True,title evidence with measure lexical cue,"[""occ_e4b38f8cdfd99543ad8b""]",run_5f8127cf8e6be829b1ac
term_680d8add75684ad731c8,Real GDP growth rate - volume,measure,0.88,local-hybrid,True,title evidence with measure lexical cue,"[""occ_ccf8ad6a53bd7be29c56""]",run_5f8127cf8e6be829b1ac
term_21415cb11e781cdfeb3d,Real GDP per capita,measure,0.88,local-hybrid,True,title evidence with measure lexical cue,"[""occ_39659aede6262e1e30f5"", ""occ_e8bcd001550320e0ce01""]",run_5f8127cf8e6be829b1ac
term_34ee60daa9822653ce56,Regional disparities in gender employment gap (NUTS level 2),measure,0.88,local-hybrid,True,title evidence with measure lexical cue,"[""occ_7ba817ef4ffe16d8b4bc""]",run_5f8127cf8e6be829b1ac
term_6292bbab930d004a75ac,Regional disparities in long-term unemployment rates (NUTS level 2),measure,0.88,local-hybrid,True,title evidence with measure lexical cue,"[""occ_0fbf4c727b883348bbd0""]",run_5f8127cf8e6be829b1ac
term_d72c23437b51f7d6c80e,Regional disparities in the rate of young people neither in employment nor in education and training (NEET) (NUTS level 2),measure,0.88,local-hybrid,True,title evidence with measure lexical cue,"[""occ_2f4c6bc7af455715e3a2""]",run_5f8127cf8e6be829b1ac
term_f177d5318f6bbdc99d9b,Relative median income ratio (60+),measure,0.88,local-hybrid,True,title evidence with measure lexical cue,"[""occ_2571618f7bf31bdb351f""]",run_5f8127cf8e6be829b1ac
term_3de4fab0404f410eda9e,Relative median income ratio (65+),measure,0.88,local-hybrid,True,title evidence with measure lexical cue,"[""occ_5c7f1a54fb274f8a3e7d""]",run_5f8127cf8e6be829b1ac
term_22efd91c36cb3cff4359,Relative median income ratio (65+) - EU-SILC and ECHP surveys,measure,0.88,local-hybrid,True,title evidence with measure lexical cue,"[""occ_f506ea0ac2eb781748af""]",run_5f8127cf8e6be829b1ac
term_c13633b1f5d1178e4b09,Relative poverty gap by risk of poverty and work intensity of the households with income from benefits,measure,0.88,local-hybrid,True,title evidence with measure lexical cue,"[""occ_864e3bc74dc911c8da22""]",run_5f8127cf8e6be829b1ac
term_849e62807acaa4f25c07,"Relative poverty threshold after social transfers, income per month",measure,0.88,local-hybrid,True,title evidence with measure lexical cue,"[""occ_e4e85958c855fd209fa3""]",run_5f8127cf8e6be829b1ac
term_76c2945b074128c6464f,"Relative poverty threshold after social transfers, income per month - ENP-East countries",measure,0.88,local-hybrid,True,title evidence with measure lexical cue,"[""occ_be4bfab83949e7c4c624""]",run_5f8127cf8e6be829b1ac
term_fb2242632dabfe71b151,Research and development expenditure by sector of performance,measure,0.88,local-hybrid,True,title evidence with measure lexical cue,"[""occ_4b661b641bf71a7a03a8""]",run_5f8127cf8e6be829b1ac
term_18ca3b5c7d836a170234,"Residential construction - annual data, % of GDP",measure,0.88,local-hybrid,True,title evidence with measure lexical cue,"[""occ_0d0a452c6b9f0cee156b""]",run_5f8127cf8e6be829b1ac
term_e05002e50ec575d45b7d,Retail trade volume of sales,measure,0.88,local-hybrid,True,title evidence with measure lexical cue,"[""occ_19e2ff9e5cd76afe76ea"", ""occ_42f64b9b474bd6e5212f"", ""occ_6d71a9882ef01c3c9f21"", ""occ_e3af1515c826ed4d6b7d""]",run_5f8127cf8e6be829b1ac
term_ba47358bfc54de8095aa,Retail trade volume of sales - automotive fuel,measure,0.88,local-hybrid,True,title evidence with measure lexical cue,"[""occ_bb7bf99b72aba6b63238""]",run_5f8127cf8e6be829b1ac
term_d89120ce008c2ccbdc95,"Retail trade volume of sales - food, beverages and tobacco",measure,0.88,local-hybrid,True,title evidence with measure lexical cue,"[""occ_352f677a0c45ae04fe8d""]",run_5f8127cf8e6be829b1ac
term_4c5308d0a19b91efd0ab,Retail trade volume of sales - non food,measure,0.88,local-hybrid,True,title evidence with measure lexical cue,"[""occ_a0594eb9dae16cc7a022""]",run_5f8127cf8e6be829b1ac
term_3b7f7fbc9919a7ca04c3,Retail trade volume of sales - total,measure,0.88,local-hybrid,True,title evidence with measure lexical cue,"[""occ_b80b9bd54049ac658bbd""]",run_5f8127cf8e6be829b1ac
term_4aac2f9ebd7575071967,Retail trade volume of sales index (deflated turnover),measure,0.88,local-hybrid,True,title evidence with measure lexical cue,"[""occ_f96a4365b38ceda887f0""]",run_5f8127cf8e6be829b1ac
term_d6f5bc46e400e8956380,Retail trade volume of sales index (deflated turnover) - ENP-East countries,measure,0.88,local-hybrid,True,title evidence with measure lexical cue,"[""occ_1064ff41c747a586c10d""]",run_5f8127cf8e6be829b1ac
term_4ea94854b36b7164e6fb,"Road cabotage transport by country in which cabotage takes place (t, tkm)",measure,0.88,local-hybrid,True,title evidence with measure lexical cue,"[""occ_e2efbde9346de366d647""]",run_5f8127cf8e6be829b1ac
term_0da9b68f84efad225392,"Road cabotage transport by country in which cabotage takes place (t, tkm) - (from onwards)",measure,0.88,local-hybrid,True,title evidence with measure lexical cue,"[""occ_f9c5658632fc4808080c""]",run_5f8127cf8e6be829b1ac
term_05c0b6ba67174ffe73ae,Road cabotage transport by country in which cabotage takes place (tkm),measure,0.88,local-hybrid,True,title evidence with measure lexical cue,"[""occ_0a62e73f974d8d429dde""]",run_5f8127cf8e6be829b1ac
term_c5b812f5d9a40c40c48e,Road cabotage transport performed by each (tkm),measure,0.88,local-hybrid,True,title evidence with measure lexical cue,"[""occ_79392a99eeb8869d47a9""]",run_5f8127cf8e6be829b1ac
term_bac0c3c9920f444b2b53,Road freight transport,measure,0.88,local-hybrid,True,title evidence with measure lexical cue,"[""occ_74ec1a5ae1a93cd9e8d4"", ""occ_8bfadbdd4c01bd5b383e""]",run_5f8127cf8e6be829b1ac
term_00f3ee6bf94038cfb789,Road freight transport - ENP-East countries,measure,0.88,local-hybrid,True,title evidence with measure lexical cue,"[""occ_26a9a1f4b4474ead75f2""]",run_5f8127cf8e6be829b1ac
term_5e4df62ef683da8502b4,Road freight transport - ENP-South countries,measure,0.88,local-hybrid,True,title evidence with measure lexical cue,"[""occ_96c5e99b072a94d3110e""]",run_5f8127cf8e6be829b1ac
term_bd16ed3b50396db5bfb6,road freight transport in volume,measure,0.88,local-hybrid,True,title evidence with measure lexical cue,"[""occ_b3f53bc4ef662b2c04a3""]",run_5f8127cf8e6be829b1ac
term_35f091028bedc80f3304,Road traffic: road freight transport in volume,measure,0.88,local-hybrid,True,title evidence with measure lexical cue,"[""occ_efadf26bb54e7a35d0cb""]",run_5f8127cf8e6be829b1ac
term_793c46c555df1c2cc3be,"Rye and winter cereal mixtures by area, production and humidity",measure,0.88,local-hybrid,True,title evidence with measure lexical cue,"[""occ_7cf488b8aaf104f3eb92""]",run_5f8127cf8e6be829b1ac
term_acd69213722fdbfd0960,Sales and collection of portable batteries and accumulators,measure,0.88,local-hybrid,True,title evidence with measure lexical cue,"[""occ_faaff2d74e1856282bda""]",run_5f8127cf8e6be829b1ac
term_c943668852a9a733cf2d,Sea transport of goods,measure,0.88,local-hybrid,True,title evidence with measure lexical cue,"[""occ_7510806ce490d5457e35""]",run_5f8127cf8e6be829b1ac
term_8030a23a4a2dc7be617b,Secondary energy production (transformation),measure,0.88,local-hybrid,True,title evidence with measure lexical cue,"[""occ_1ea8d849ccc62150932f""]",run_5f8127cf8e6be829b1ac
term_65f931a9d4bebf6fc3e4,"Secondary wood products, production",measure,0.88,local-hybrid,True,title evidence with measure lexical cue,"[""occ_63248a4ab6079ac3bfc5""]",run_5f8127cf8e6be829b1ac
term_3c6db2dfbfb5d56d21f8,Selling prices of barley,measure,0.88,local-hybrid,True,title evidence with measure lexical cue,"[""occ_3d81150b9f19b784fb4d""]",run_5f8127cf8e6be829b1ac
term_8ae9febccaa808aa61b1,Selling prices of calves,measure,0.88,local-hybrid,True,title evidence with measure lexical cue,"[""occ_afb5d2453875a1d0fa05""]",run_5f8127cf8e6be829b1ac
term_7e6b66c9d3d0e5d8a5de,Selling prices of chickens (live 1st choice),measure,0.88,local-hybrid,True,title evidence with measure lexical cue,"[""occ_76710f12341017d41cb2""]",run_5f8127cf8e6be829b1ac
term_1b5c2b9c0bccd1eda4f0,Selling prices of fresh eggs,measure,0.88,local-hybrid,True,title evidence with measure lexical cue,"[""occ_0cf0f36886d033e4dfb8""]",run_5f8127cf8e6be829b1ac
term_47ac29381f85fbf42700,Selling prices of main crop potatoes,measure,0.88,local-hybrid,True,title evidence with measure lexical cue,"[""occ_c844b1bd457e0e256269""]",run_5f8127cf8e6be829b1ac
term_e8bb5187b5795bdb8efb,Selling prices of maize,measure,0.88,local-hybrid,True,title evidence with measure lexical cue,"[""occ_59ff24cbb9e52bc778cf""]",run_5f8127cf8e6be829b1ac
term_2c07bd94b4e43d46432e,Selling prices of oats,measure,0.88,local-hybrid,True,title evidence with measure lexical cue,"[""occ_ced917f8d315be1a8ec3""]",run_5f8127cf8e6be829b1ac
term_e1ed281f7f0b76371214,Selling prices of piglets,measure,0.88,local-hybrid,True,title evidence with measure lexical cue,"[""occ_bcbc1035e59e253240a6""]",run_5f8127cf8e6be829b1ac
term_6e08e94ef6da9bc1d1a2,Selling prices of pigs (light),measure,0.88,local-hybrid,True,title evidence with measure lexical cue,"[""occ_33b1971a05398407da7c""]",run_5f8127cf8e6be829b1ac
term_ecdcf7eb31b6f39bf823,Selling prices of raw cow's milk,measure,0.88,local-hybrid,True,title evidence with measure lexical cue,"[""occ_b03ab9985032403106f2""]",run_5f8127cf8e6be829b1ac
term_ade4d4857a14058b599e,Selling prices of sheep,measure,0.88,local-hybrid,True,title evidence with measure lexical cue,"[""occ_b5224e9929c3df117ec0""]",run_5f8127cf8e6be829b1ac
term_95e7e6f2848eac909c03,Selling prices of soft wheat,measure,0.88,local-hybrid,True,title evidence with measure lexical cue,"[""occ_0671706d299cc10394fd""]",run_5f8127cf8e6be829b1ac
term_a98332e2942b3c18dca1,Selling prices of sugar beet (unit value),measure,0.88,local-hybrid,True,title evidence with measure lexical cue,"[""occ_bcddfa7d82da40b04dac""]",run_5f8127cf8e6be829b1ac
term_ffd9b4c7b420884fbe19,Severe housing deprivation rate by income quintile,measure,0.88,local-hybrid,True,title evidence with measure lexical cue,"[""occ_cbd8150c774ead94a3c8""]",run_5f8127cf8e6be829b1ac
term_807855b35101cb82e6e2,Sewage sludge production and disposal from urban wastewater (in dry substance (d.s)),measure,0.88,local-hybrid,True,title evidence with measure lexical cue,"[""occ_6304e826e2a557306af9""]",run_5f8127cf8e6be829b1ac
term_1b743ced7fa697781fea,Share of buses and trains in passenger transport,measure,0.88,local-hybrid,True,title evidence with measure lexical cue,"[""occ_fc8f836719beb0fd1a9b""]",run_5f8127cf8e6be829b1ac
term_d9dc4d60cef3d7a1efdf,Share of GBARD in total general government expenditure,measure,0.88,local-hybrid,True,title evidence with measure lexical cue,"[""occ_f06c6716c7fdb0db1141""]",run_5f8127cf8e6be829b1ac
term_afe7759e5baca150ea21,Share of organic crop area out of the total utilised agricultural area (UAA),measure,0.88,local-hybrid,True,title evidence with measure lexical cue,"[""occ_6ed81d873c3f4a86bf15""]",run_5f8127cf8e6be829b1ac
term_f2f7044cf051e6ac588e,Share of people living in under-occupied dwellings by degree of urbanisation - total population,measure,0.88,local-hybrid,True,title evidence with measure lexical cue,"[""occ_5c791db044e2c1f81857""]",run_5f8127cf8e6be829b1ac
term_3af505742b8264ff30b3,Share of people living in under-occupied dwellings by tenure status - total population,measure,0.88,local-hybrid,True,title evidence with measure lexical cue,"[""occ_e85348f468d286bcbeb6""]",run_5f8127cf8e6be829b1ac
term_823f0fdf459aef1fe7d0,Share of rail and waterways in freight transport,measure,0.88,local-hybrid,True,title evidence with measure lexical cue,"[""occ_11393dbbfedbe647807a""]",run_5f8127cf8e6be829b1ac
term_e2b8352ea0bd6d24d2a8,Share of total population considering their dwelling as too dark,measure,0.88,local-hybrid,True,title evidence with measure lexical cue,"[""occ_c24325e474294aa83249""]",run_5f8127cf8e6be829b1ac
term_d6eb62d83d043213445a,Share of total population considering their dwelling as too dark - EU-SILC survey,measure,0.88,local-hybrid,True,title evidence with measure lexical cue,"[""occ_81a229fd977bd8164772""]",run_5f8127cf8e6be829b1ac
term_e240bb227d56e6e7f6a3,"Share of total population having neither a bath, nor a shower in their dwelling",measure,0.88,local-hybrid,True,title evidence with measure lexical cue,"[""occ_a52592f6806d8ec7d977""]",run_5f8127cf8e6be829b1ac
term_658d47fb6d3c1b8c88df,"Share of total population having neither a bath, nor a shower in their dwelling - EU-SILC survey",measure,0.88,local-hybrid,True,title evidence with measure lexical cue,"[""occ_1ff8b89e16133698a05a""]",run_5f8127cf8e6be829b1ac
term_0b83f07eaa7dd6ad6447,"Share of total population living in a dwelling with a leaking roof, damp walls, floors or foundation, or rot in window frames of floor",measure,0.88,local-hybrid,True,title evidence with measure lexical cue,"[""occ_27c1cebb2d92fa371d87""]",run_5f8127cf8e6be829b1ac
term_7218e473cbfc459e7f00,"Share of total population living in a dwelling with a leaking roof, damp walls, floors or foundation, or rot in window frames of floor - EU-SILC survey",measure,0.88,local-hybrid,True,title evidence with measure lexical cue,"[""occ_54a4c479aa7598825de9""]",run_5f8127cf8e6be829b1ac
term_5cdcf9cf1a2d52d3887b,Share of total population not having indoor flushing toilet for the sole use of their household,measure,0.88,local-hybrid,True,title evidence with measure lexical cue,"[""occ_ea0f8daa40d65da77bbe""]",run_5f8127cf8e6be829b1ac
term_452027397b2cdcf36d77,Share of total population not having indoor flushing toilet for the sole use of their household - EU-SILC survey,measure,0.88,local-hybrid,True,title evidence with measure lexical cue,"[""occ_ef73d90f99f4ed008d0a""]",run_5f8127cf8e6be829b1ac
term_a03bdea9a2c1ac178e82,"Short sea shipping - country level - gross weight of goods transported to/from main ports, by direction",measure,0.88,local-hybrid,True,title evidence with measure lexical cue,"[""occ_8f1a322a3fb6a6b2228b""]",run_5f8127cf8e6be829b1ac
term_9a3dacd0972009bf63b3,"Short sea shipping - country level - volume (in TEUs) of containers transported to/from main ports, by loading status",measure,0.88,local-hybrid,True,title evidence with measure lexical cue,"[""occ_4ac63c63ddcc999f12d8""]",run_5f8127cf8e6be829b1ac
term_c179b5f3ca305b4b45df,"Short sea shipping - EU level - gross weight of goods transported to/from main ports, by type of cargo for each sea region of partner ports",measure,0.88,local-hybrid,True,title evidence with measure lexical cue,"[""occ_f4d5fa5c8e69f2afb071""]",run_5f8127cf8e6be829b1ac
term_3bdd979f3dc7ba4e0a66,Social protection expenditure excluding administrative costs (including health expenditure),measure,0.88,local-hybrid,True,title evidence with measure lexical cue,"[""occ_81bf570695a4930bce18""]",run_5f8127cf8e6be829b1ac
term_d5170af9bd18d3defe26,Social protection expenditure excluding administrative costs (including health expenditure) - % of GDP - ENP-East countries,measure,0.88,local-hybrid,True,title evidence with measure lexical cue,"[""occ_f80b8c93503490dd2cf0""]",run_5f8127cf8e6be829b1ac
term_908f14554d236f99c580,Standardised death rate due to homicide by sex,measure,0.88,local-hybrid,True,title evidence with measure lexical cue,"[""occ_a1fa0b7e9b7c5fea43b5""]",run_5f8127cf8e6be829b1ac
term_2f610bfeb326156a6008,"Standardised death rate due to tuberculosis, HIV and hepatitis by type of disease",measure,0.88,local-hybrid,True,title evidence with measure lexical cue,"[""occ_1f17d7c2c9df747fd626""]",run_5f8127cf8e6be829b1ac
term_2628c6a89a9f36655b7d,Standardised incidence rate of accidents at work by NACE Rev. 1.1 activity and employment status,measure,0.88,local-hybrid,True,title evidence with measure lexical cue,"[""occ_1fb78dbb58a09fb32bb3""]",run_5f8127cf8e6be829b1ac
term_81d71c36ce39beb87a6b,Students in post-compulsory education - as % of the total population of post-compulsory school age,measure,0.88,local-hybrid,True,title evidence with measure lexical cue,"[""occ_530a75215b8dda3c7e4e""]",run_5f8127cf8e6be829b1ac
term_1525307af6e8b30b1efb,Subjective poverty by educational attainment level (population aged 18 and over),measure,0.88,local-hybrid,True,title evidence with measure lexical cue,"[""occ_6a0ad2d8f18fe69d000c""]",run_5f8127cf8e6be829b1ac
term_127015b9847860423017,Suicide death rate by age group,measure,0.88,local-hybrid,True,title evidence with measure lexical cue,"[""occ_3d985065c468a2e2fc43""]",run_5f8127cf8e6be829b1ac
term_a9c7f2dcbb2456b21fef,Tax rate on low wage earners - Unemployment trap,measure,0.88,local-hybrid,True,title evidence with measure lexical cue,"[""occ_0d0834dbb681d58ac494"", ""occ_38e99cfe23a87732ff15""]",run_5f8127cf8e6be829b1ac
term_0861fc84eecc384d6adc,"Territorialised road freight transport, by transport coverage",measure,0.88,local-hybrid,True,title evidence with measure lexical cue,"[""occ_b980ae00375802d7996c""]",run_5f8127cf8e6be829b1ac
term_71d5be4aff0fb69bb056,"Territorialised road freight transport, by transport coverage - annual data",measure,0.88,local-hybrid,True,title evidence with measure lexical cue,"[""occ_14c0bcc0fb6df4b4da9d""]",run_5f8127cf8e6be829b1ac
term_66732f938ee1a81097cf,The real gross disposable income of households per capita (index =),measure,0.88,local-hybrid,True,title evidence with measure lexical cue,"[""occ_780232b16aff917fffd7""]",run_5f8127cf8e6be829b1ac
term_0909d04619556ce772ab,Time spent on travelling by mode of transport (and),measure,0.88,local-hybrid,True,title evidence with measure lexical cue,"[""occ_abfdb7ca764bdc03caf6""]",run_5f8127cf8e6be829b1ac
term_2277dced936ebe7e514b,Total employment by age group,measure,0.88,local-hybrid,True,title evidence with measure lexical cue,"[""occ_4f63f421dafa92991486""]",run_5f8127cf8e6be829b1ac
term_aa68604b0a18d14e8f75,Total employment by age group - ENP-South countries,measure,0.88,local-hybrid,True,title evidence with measure lexical cue,"[""occ_300099d7b1705677f2e5""]",run_5f8127cf8e6be829b1ac
term_cb729a0a0923670b9a0c,total population,measure,0.88,local-hybrid,True,title evidence with measure lexical cue,"[""occ_31b57ec293ff89d2626d"", ""occ_73df6c25a29ff708e877"", ""occ_a6800420077cbe7d4111"", ""occ_c231680ef52cd7899ecb""]",run_5f8127cf8e6be829b1ac
term_a32ba4e10b1eca08f244,Turnover by client specialisation and employment size class,measure,0.88,local-hybrid,True,title evidence with measure lexical cue,"[""occ_19c21781f33c343700b6""]",run_5f8127cf8e6be829b1ac
term_dcec609979d5cb0e0dbb,Turnover by nationality of client and employment size class,measure,0.88,local-hybrid,True,title evidence with measure lexical cue,"[""occ_fd4eb6281d40f38a06fc""]",run_5f8127cf8e6be829b1ac
term_0fc1db91c993288de631,Turnover by product specialisation and employment size class for group 72.2,measure,0.88,local-hybrid,True,title evidence with measure lexical cue,"[""occ_9b522692a8b77ed096f3""]",run_5f8127cf8e6be829b1ac
term_d586e925d2063811eb99,Turnover by type of client and employment size class,measure,0.88,local-hybrid,True,title evidence with measure lexical cue,"[""occ_e52ea3631d39b7a1c3a6""]",run_5f8127cf8e6be829b1ac
term_1529764711dbbdad5438,Unemployment by sex - age group 15-24,measure,0.88,local-hybrid,True,title evidence with measure lexical cue,"[""occ_9179aa7b1d6fc90898c6""]",run_5f8127cf8e6be829b1ac
term_93fc17aa9b69df511486,Unemployment by sex - age group 25-74,measure,0.88,local-hybrid,True,title evidence with measure lexical cue,"[""occ_51f045acb6bbd3831d1b""]",run_5f8127cf8e6be829b1ac
term_79bdfae6a83ca066ae99,Unemployment rate - 3 year average,measure,0.88,local-hybrid,True,title evidence with measure lexical cue,"[""occ_5570e5a1e0b89ac9ca84""]",run_5f8127cf8e6be829b1ac
term_e41a8a27162e454712ee,Unemployment rate - annual data,measure,0.88,local-hybrid,True,title evidence with measure lexical cue,"[""occ_ce24470eccb03c7827a4""]",run_5f8127cf8e6be829b1ac
term_1af71f3547cf8a591b56,"Unemployment rate - quarterly data, seasonally adjusted",measure,0.88,local-hybrid,True,title evidence with measure lexical cue,"[""occ_5cd6f592638a0d12ce02""]",run_5f8127cf8e6be829b1ac
term_6a7ea42520f4578ca635,Unemployment rate by education level,measure,0.88,local-hybrid,True,title evidence with measure lexical cue,"[""occ_887d1654b18cdb6271e2""]",run_5f8127cf8e6be829b1ac
term_a37e7a638feff73a0a92,Unemployment rate by sex - age group 15-24,measure,0.88,local-hybrid,True,title evidence with measure lexical cue,"[""occ_d7c645780a76b0041fda""]",run_5f8127cf8e6be829b1ac
term_a8ad46b0a7ab4a8761a8,Unemployment rate by sex - age group 25-74,measure,0.88,local-hybrid,True,title evidence with measure lexical cue,"[""occ_3042694e0caba6d1b7cf""]",run_5f8127cf8e6be829b1ac
term_7a27f1dacce2f021d0c4,Unemployment rates (persons aged 25-64) by educational attainment level,measure,0.88,local-hybrid,True,title evidence with measure lexical cue,"[""occ_d7eb841ef0daabf291d5""]",run_5f8127cf8e6be829b1ac
term_6740e82c105d11b93340,Unemployment rates by sex and age,measure,0.88,local-hybrid,True,title evidence with measure lexical cue,"[""occ_2ee9efbbdfb16480dcbb"", ""occ_d3617d3ba4e29ddbd663""]",run_5f8127cf8e6be829b1ac
term_c396f89acaee68a2c8bf,Unemployment rates by sex and age - ENP-East countries,measure,0.88,local-hybrid,True,title evidence with measure lexical cue,"[""occ_dff3cfb52f7b30d32463""]",run_5f8127cf8e6be829b1ac
term_3e78a36a740b5f059ecd,Unemployment rates by sex and age - ENP-South countries,measure,0.88,local-hybrid,True,title evidence with measure lexical cue,"[""occ_0f5a23a6e83f9ace32d8""]",run_5f8127cf8e6be829b1ac
term_608d058dd9f4afca7ce3,Unemployment trap,measure,0.88,local-hybrid,True,title evidence with measure lexical cue,"[""occ_44d5594be2f5fb1b8ac1"", ""occ_bffa491038106162234f""]",run_5f8127cf8e6be829b1ac
term_fa38f209e4b8c386f58c,Unitisation in maritime freight transport,measure,0.88,local-hybrid,True,title evidence with measure lexical cue,"[""occ_30520a272a2ff51c6a48""]",run_5f8127cf8e6be829b1ac
term_8cd6e2e0f19af59b9a69,Unitisation in maritime freight transport - tonnes for gross weight of goods,measure,0.88,local-hybrid,True,title evidence with measure lexical cue,"[""occ_0d0f251c95e64e19d889""]",run_5f8127cf8e6be829b1ac
term_3b2614c8b53e660d154a,Unitisation in rail freight transport- tonne-kilometre for gross-gross weight of goods,measure,0.88,local-hybrid,True,title evidence with measure lexical cue,"[""occ_4dc830bb5b5fac85b83f""]",run_5f8127cf8e6be829b1ac
term_1eda2413fab212d2b53a,Unitisation in road freight transport,measure,0.88,local-hybrid,True,title evidence with measure lexical cue,"[""occ_0e0c3bb4be368559b2d6""]",run_5f8127cf8e6be829b1ac
term_735f5b874e0e33937a24,Unitisation in road freight transport - tonne-kilometre for gross weight of goods,measure,0.88,local-hybrid,True,title evidence with measure lexical cue,"[""occ_d7ba521ad1779e1bc7a3""]",run_5f8127cf8e6be829b1ac
term_c7b4b6d9a065c9bf8846,Unitisation in the different modes of transport,measure,0.88,local-hybrid,True,title evidence with measure lexical cue,"[""occ_3e6cc529e62c69994ade""]",run_5f8127cf8e6be829b1ac
term_0cfd941ee23def242bc0,Unitisation in the different modes of transport - tonne-kilometre for gross weight of goods,measure,0.88,local-hybrid,True,title evidence with measure lexical cue,"[""occ_dd00656fc97f6a625697""]",run_5f8127cf8e6be829b1ac
term_ada6f8ab141a96788083,Unitisation in waterways freight transport,measure,0.88,local-hybrid,True,title evidence with measure lexical cue,"[""occ_0cbcb77d451a839bf924""]",run_5f8127cf8e6be829b1ac
term_c920190059a666a1895b,Unitisation in waterways freight transport - tonne-kilometre for gross-gross weight of goods,measure,0.88,local-hybrid,True,title evidence with measure lexical cue,"[""occ_77e297a021af19663fee""]",run_5f8127cf8e6be829b1ac
term_aaf50cda1682e2356755,Use and risk of chemical pesticides,measure,0.88,local-hybrid,True,title evidence with measure lexical cue,"[""occ_ad971489b731038b1643""]",run_5f8127cf8e6be829b1ac
term_0b3b81a0f6a2a4f0bc27,Usually resident population on 1 January,measure,0.88,local-hybrid,True,title evidence with measure lexical cue,"[""occ_f8b12e4f40a6e3b9ad81""]",run_5f8127cf8e6be829b1ac
term_2e8cbd82183180402590,Vaccination against influenza of population aged 65 and over,measure,0.88,local-hybrid,True,title evidence with measure lexical cue,"[""occ_e7776541556ecd6a7e2e""]",run_5f8127cf8e6be829b1ac
term_dcdfd7d57ed36874c698,Value Added in Foreign Controlled Enterprises,measure,0.88,local-hybrid,True,title evidence with measure lexical cue,"[""occ_908fcac88573a721cb96""]",run_5f8127cf8e6be829b1ac
term_783f110b27cf7b2988d8,"volume (in TEUs) of containers transported to/from main ports, by loading status",measure,0.88,local-hybrid,True,title evidence with measure lexical cue,"[""occ_b06721d22ae5a269a1f8""]",run_5f8127cf8e6be829b1ac
term_e31f733dac43272facbc,Volume of freight transport relative to GDP,measure,0.88,local-hybrid,True,title evidence with measure lexical cue,"[""occ_c38ccab39579a6df97c8""]",run_5f8127cf8e6be829b1ac
term_5e60d2f1d1859714617a,Volume of passenger transport relative to GDP,measure,0.88,local-hybrid,True,title evidence with measure lexical cue,"[""occ_1bb3c150ad3664d09192"", ""occ_29c86838fc414c3ba0b4""]",run_5f8127cf8e6be829b1ac
term_7beb7e648657fdf85a26,waterway transport enterprises by number of vessels,measure,0.88,local-hybrid,True,title evidence with measure lexical cue,"[""occ_8c534e23485cb79f2528""]",run_5f8127cf8e6be829b1ac
term_46c5d867f1991ca07183,Weights of producer prices of agricultural products,measure,0.88,local-hybrid,True,title evidence with measure lexical cue,"[""occ_26dc7eaad89fcbbb423f""]",run_5f8127cf8e6be829b1ac
term_5f2113363aa4f765d57e,Weights of producer prices of agricultural products - survey,measure,0.88,local-hybrid,True,title evidence with measure lexical cue,"[""occ_81923bedec9efb493031""]",run_5f8127cf8e6be829b1ac
term_d6d6bbf88f45ac0fed3e,Weights of purchase prices of the means of agricultural production,measure,0.88,local-hybrid,True,title evidence with measure lexical cue,"[""occ_a24504225e44ba8f39d9""]",run_5f8127cf8e6be829b1ac
term_0a75239384408607d20b,Weights of purchase prices of the means of agricultural production - survey,measure,0.88,local-hybrid,True,title evidence with measure lexical cue,"[""occ_aff12920816e00e449c3""]",run_5f8127cf8e6be829b1ac
term_084a82356f88b7f13c12,"Wheat and spelt by area, production and humidity",measure,0.88,local-hybrid,True,title evidence with measure lexical cue,"[""occ_8d1fb45903102ebf5fff""]",run_5f8127cf8e6be829b1ac
term_1e5fd1a337fed64610ed,"Women who have experienced violence by a domestic perpetrator, by country of birth",measure,0.88,local-hybrid,True,title evidence with measure lexical cue,"[""occ_5bdd556da3bf6034a214""]",run_5f8127cf8e6be829b1ac
term_c8283b83f20914d744b0,"Women who have experienced violence by a non-partner, by country of birth",measure,0.88,local-hybrid,True,title evidence with measure lexical cue,"[""occ_ae43c9499edc4d522909""]",run_5f8127cf8e6be829b1ac
term_ab56bb9eb34a3bbd6d39,"Women who have experienced violence by any perpetrator, by country of birth",measure,0.88,local-hybrid,True,title evidence with measure lexical cue,"[""occ_07b7e42b7b3da6b7640a""]",run_5f8127cf8e6be829b1ac
term_055bfac06b09b11dc896,Young persons (aged 15-24) neither in employment nor in education and training,measure,0.88,local-hybrid,True,title evidence with measure lexical cue,"[""occ_92ffd85d246d554af4fa""]",run_5f8127cf8e6be829b1ac
term_2e9ce14b15b7a574fa90,Young persons (aged 15-24) neither in employment nor in education and training - % of total population in private households in the same age group,measure,0.88,local-hybrid,True,title evidence with measure lexical cue,"[""occ_6b026fade3849f021547""]",run_5f8127cf8e6be829b1ac
term_2c531a8a827df2e14928,Young persons neither in employment nor in education and training (NEET) by citizenship,measure,0.88,local-hybrid,True,title evidence with measure lexical cue,"[""occ_5f802dab22411209b22b""]",run_5f8127cf8e6be829b1ac
term_cc3e04edd8ae8955e635,Young persons neither in employment nor in education and training (NEET) by sex,measure,0.88,local-hybrid,True,title evidence with measure lexical cue,"[""occ_cadcc18fb12b82a19e4a""]",run_5f8127cf8e6be829b1ac
term_9672d50aacb8ed271606,Youth employment rate (age group 20-29),measure,0.88,local-hybrid,True,title evidence with measure lexical cue,"[""occ_fa48a9ad74281b1401a3""]",run_5f8127cf8e6be829b1ac
term_9d019695e06bee470d9e,Youth unemployment rate,measure,0.88,local-hybrid,True,title evidence with measure lexical cue,"[""occ_a4696990c6b54e3a48fc""]",run_5f8127cf8e6be829b1ac
term_6a159da8f44b32a6a971,Youth unemployment rate - % of active population aged 15-24,measure,0.88,local-hybrid,True,title evidence with measure lexical cue,"[""occ_eaa32f7576774e967e39""]",run_5f8127cf8e6be829b1ac
term_b729ad875ff9c728f329,Youth unemployment rate by sex,measure,0.88,local-hybrid,True,title evidence with measure lexical cue,"[""occ_cc7e5ec2cc25785a7016""]",run_5f8127cf8e6be829b1ac
term_37cf41b2716bfe4cd304,Youth unemployment ratio (age group 15-24),measure,0.88,local-hybrid,True,title evidence with measure lexical cue,"[""occ_25a96728a63377067c47""]",run_5f8127cf8e6be829b1ac
