term_id,canonical_term,category,confidence,variant,protected,evidence,occurrence_ids_json,run_id
term_74ea855f131291a5db83,Abstraction and use sector or treatment type,dimension_name,0.98,semantic-hybrid,True,metadata column name evidence,"[""occ_7d5bc59052f4dd3a1198"", ""occ_7de558cc2880e1989dc6"", ""occ_c12ff494b2624c9a2d00""]",run_d0d5415dcc5fdcae1cb4
term_4ae69896984e2ec32e17,Accident,dimension_name,0.98,semantic-hybrid,True,metadata column name evidence,"[""occ_493be9bc79d3f58013fb"", ""occ_608e7f7d03d2ee717c3d"", ""occ_8c007b72cee142e47e3e"", ""occ_f11af33e8987b41cbcf4"", ""occ_fbcd0e9ae7c00c66fa1f""]",run_d0d5415dcc5fdcae1cb4
term_69d6d8044fe022b058e1,Accommodation unit,dimension_name,0.98,semantic-hybrid,True,metadata column name evidence,"[""occ_29b937a60f1644a9849f"", ""occ_cb2ae0fd39f265f5d92e"", ""occ_e4b984dc670821a41e44""]",run_d0d5415dcc5fdcae1cb4
term_47573372bc7696d600cf,Activity and employment status,dimension_name,0.98,semantic-hybrid,True,metadata column name evidence,"[""occ_000c72cbd3a196a995a6"", ""occ_05376be3b8562d395eae"", ""occ_0e2c22d58de018f3366a"", ""occ_0fdf718b47b1728cb5ea"", ""occ_144a16a1c7a9c127b351"", ""occ_18696376e643ecb2c589"", ""occ_197492cf840b2e271c63"", ""occ_2b75d8add902017126da"", ""occ_31ce9b6e83ca46a77f97"", ""occ_348a9003e5f96348aa56"", ""occ_3b815a8b617192543af2"", ""occ_3d2d3f11d5e9b5933297"", ""occ_4bcde9d15055be908996"", ""occ_50097ed7339a7ed819ab"", ""occ_578ee84b0e77748dd262"", ""occ_5ef657cb72ee79dbee1b"", ""occ_681d215157e25355625f"", ""occ_74eb44873e4dee18ae1b"", ""occ_783986e9f1e8fd926932"", ""occ_7b37d5ae20af69187e40"", ""occ_7ea03b17178285359dfa"", ""occ_822fc873a551bf254952"", ""occ_8b896a87f07ed3f209ac"", ""occ_93a457f10d2c2fc5c422"", ""occ_93cd756261789f7939dd"", ""occ_9c92f20e86ce29669fe9"", ""occ_9c93f14b913d593d2a1b"", ""occ_9e63b24703da91e14d84"", ""occ_aae4ff24a8ec35a25358"", ""occ_ad3dd53d1584e728efd0"", ""occ_b1e8d12960a4caef3f00"", ""occ_b864997c09d7b8bb6965"", ""occ_b8edaf832b2bd2f2fd13"", ""occ_c3d6b6696de8142807c5"", ""occ_c6f02be91e12eeb0a02c"", ""occ_c8065fc22b4f81792c85"", ""occ_d0e069e71c16a4621d02"", ""occ_d17049bc36d74dcea0f6"", ""occ_d1c64987b3febb5e7795"", ""occ_d8c927027b94bfd31547"", ""occ_dbb949ba61992577ba77"", ""occ_e568d40c402f9eed706b"", ""occ_ea22b3e8a86e3f8c57c2"", ""occ_ed71fd94afdee55fabd6"", ""occ_f8e82b2e20434a7df38d"", ""occ_fcdcd9810590af331af0""]",run_d0d5415dcc5fdcae1cb4
term_7e3cc7286fd245dc9c45,Administrative domain,dimension_name,0.98,semantic-hybrid,True,metadata column name evidence,"[""occ_1d553c76f74483a559bf""]",run_d0d5415dcc5fdcae1cb4
term_869f0643b37b78f2a38e,age,dimension_name,0.98,semantic-hybrid,True,metadata column name evidence,"[""occ_02aa6173f88523c86bf2"", ""occ_83dff5cd1f3df092a22a"", ""occ_8ed5509b76f8d8be3a44"", ""occ_ed58a643dca5977c53b7"", ""occ_f04500455e8925756a75""]",run_d0d5415dcc5fdcae1cb4
term_a3eb37e2e7d3d4d539b4,Age class,dimension_name,0.98,semantic-hybrid,True,metadata column name evidence,"[""occ_00831d49e6dee2022c70"", ""occ_00be51356a606c273409"", ""occ_00e9b6295f2015ac545f"", ""occ_021cbb53954a6ecfa5b1"", ""occ_023f2b931bc6272702db"", ""occ_03c1bc5bb74a8f88c18c"", ""occ_04009378584e4b7260e4"", ""occ_042caabb8531f6e5aba5"", ""occ_04f19c2b402a0aa28401"", ""occ_069981b4929b6b594677"", ""occ_08b6ed10d7d2beff5b49"", ""occ_08caa8576f7f68eb492e"", ""occ_08db99be78a9225160fa"", ""occ_0a6b353d3d731a9c81dc"", ""occ_0a9050088fb968f5f77c"", ""occ_0bc24f8484588be94119"", ""occ_0bc5d326676be573f241"", ""occ_0c4a65c19a66dc23aa65"", ""occ_0cb1f829af1b3d1ed119"", ""occ_0d424c6672a1ae9adc2f"", ""occ_0fc10209a860e6e39ca5"", ""occ_106afc2a395aa5a51f00"", ""occ_1094f7bd284dffe973da"", ""occ_1123ed96b69118a454db"", ""occ_1141455f9387099e454b"", ""occ_12113fde907e480afade"", ""occ_1224d48c675d31fc9b3b"", ""occ_123f0a4b3a49a161abbf"", ""occ_12c04804b57c8143f954"", ""occ_135dd0ec0aafaf61423a"", ""occ_13e2fa42d1636fb49fac"", ""occ_144ff792f718c2bd7c26"", ""occ_15491ba79959f783d721"", ""occ_170f46abc3f6a41ff68f"", ""occ_17ffbb97bc8fc1128790"", ""occ_198c1489338e480b2f43"", ""occ_1adeeaff41464ec630d0"", ""occ_1c1322a8f1673c1c9e08"", ""occ_1c9e92ee8b02cc985bd5"", ""occ_1d079619638245aec28e"", ""occ_1d6ae5bff557adac7e90"", ""occ_1e962c0fbc1b14078f89"", ""occ_1f0c0af9558d29217b1a"", ""occ_1f1c01ebd6a531287fa6"", ""occ_1f451e0db3c8deed77fa"", ""occ_1f74e9de728e522b2c80"", ""occ_21b0c62685bd20cff047"", ""occ_22e9e02b69b9db6f2ab2"", ""occ_2308f5417f14933c88f2"", ""occ_24c7800cdd01547cd6cd"", ""occ_254f8ef24d67549778b3"", ""occ_26c1b54c9115382c1eb8"", ""occ_271aade90bac8caa6523"", ""occ_273fa5f62d34c993a816"", ""occ_27b2674e37e5042491f9"", ""occ_286f2a5272cffa47754c"", ""occ_28d3a43d91a0f0511106"", ""occ_2bd9197137e506e5bd11"", ""occ_2bee4b00b0b126dcd858"", ""occ_2c043bf0408bd55910f9"", ""occ_2c34e787f47cb3d1f013"", ""occ_2c43c235734e90a56d6c"", ""occ_2cdbeb46437121bf319e"", ""occ_2d1893d33c4d45e91a6a"", ""occ_2d79e24fdc2d2ccad548"", ""occ_2e0d00d8e9153de39cec"", ""occ_2e833a0bf2a6f739b0b9"", ""occ_2ebee6a72afd6fde3c19"", ""occ_2eded5ef098fc5eb8051"", ""occ_2f5a4145fc0efdb16a2e"", ""occ_30de685c604711938bc8"", ""occ_31612471729a06ba5e31"", ""occ_31840e8cae5dfd2a84c3"", ""occ_3299821805e5af7bcc88"", ""occ_3331686c206a48403fde"", ""occ_336f17376dd85d007bbe"", ""occ_33cacffd6db83bd1ef3b"", ""occ_33d2f6937065078106b3"", ""occ_33ed25ce2b0f15edcf17"", ""occ_35363c2da6f0580f0178"", ""occ_3543e202d21699eb1405"", ""occ_366d19e0c6389829cf20"", ""occ_37105663da6b2c2ada72"", ""occ_37f10700707f0061aec3"", ""occ_387c598030ee78d4e7c7"", ""occ_39c39e4e02042156e462"", ""occ_3a324c2e4340bc992a69"", ""occ_3cb17660e614f24c587e"", ""occ_3e9a68068d7dccf8ee79"", ""occ_3f234b614ab4dca9173f"", ""occ_3fb7083ad7c0f67fea6f"", ""occ_40c1ff889dd6d88a29fe"", ""occ_4185f2c7b04383e9aca9"", ""occ_41c6f038b2ba17e51904"", ""occ_41dff594f9022ffec956"", ""occ_43b2a9d411829e14159b"", ""occ_43d2c5845f3e5497d2e7"", ""occ_4408ec80bd5b205efb6e"", ""occ_44490c8b43f285354b69"", ""occ_446cd94dd6bd2a2b4514"", ""occ_44b170f4e101c05eacb5"", ""occ_45b8266cd80fdba7c81b"", ""occ_4793c97e9630715d6282"", ""occ_48629147474edc04a2fd"", ""occ_486eea9de92d1c73bdaf"", ""occ_49223790808a4a71ed27"", ""occ_49a9bc40889409ecb412"", ""occ_49f22e950b5db4fbf20c"", ""occ_4c0443ab634557e2a5e5"", ""occ_4cb9f51978908f2b1e42"", ""occ_4ceac5a97bb103112321"", ""occ_4e52da3dd97013c57a02"", ""occ_5061730d845f55c613a1"", ""occ_508e22dfa16054107526"", ""occ_50b7f82a7ede9a5c9a11"", ""occ_50dd278f041a60f3c605"", ""occ_514e2e7b589511ddbeed"", ""occ_53569679c069e9b013db"", ""occ_54de801a30aa107118b1"", ""occ_578dbad03cd5880a8631"", ""occ_57ee0f9d1d996f185680"", ""occ_587cba9aeb1162c76a55"", ""occ_599b105c20ef93a9cf7a"", ""occ_59ba1b23908cdedb5018"", ""occ_59bb91dfbe52d8ed2974"", ""occ_5af17f8357fd7efd6ad0"", ""occ_5b0d4e17816af8609b75"", ""occ_5b3a284e465a90ba0ce2"", ""occ_5b4870928b738f213eae"", ""occ_5be7358309eb37701fb5"", ""occ_5c568712399c2799785d"", ""occ_5c5ebf8ad9f497baea7f"", ""occ_5ce8164176e9197dc363"", ""occ_5fed80880206652f9d81"", ""occ_61f36f15527fafdb70f6"", ""occ_625424cdda1aedd9a7f3"", ""occ_62b7f4c3927d509302ab"", ""occ_634ca769b11377138275"", ""occ_6360a854c087cbe76992"", ""occ_63d05036d843a6dc8ba0"", ""occ_6511f650d0c58d30c302"", ""occ_6552ff32cf55377fad69"", ""occ_6560b1562b40fc45084d"", ""occ_6644380bc3a4fdb45a22"", ""occ_6669c7d2d2a6b05a2e5b"", ""occ_6763432704f359dab102"", ""occ_682abe06c76945ddcd10"", ""occ_6a7b2c859e259a5bdda7"", ""occ_6cbf98185ca89112162d"", ""occ_6e4f64e92dee807573dd"", ""occ_6ebe5453b4f3ec813299"", ""occ_6f7d1ccace5458ae8a88"", ""occ_7049ab43f64116189235"", ""occ_7185ee6746c61876e38c"", ""occ_71abd6cc8f9993c710ed"", ""occ_71b826ba119861181579"", ""occ_729d3a00f692819b2390"", ""occ_72dfcf48934ef5264a09"", ""occ_72f2d1ca069d81e00969"", ""occ_73285f61734033ad0814"", ""occ_736d7f72fad9afa701f7"", ""occ_7388e4b6cb31791ce41b"", ""occ_739fdf97f148ca72995e"", ""occ_742d70f57bc0ff02ac6e"", ""occ_7515ffef4bc7b07ee848"", ""occ_75d95e815c707bba10d1"", ""occ_76beb8d2ee0d6093e23e"", ""occ_76dbed9303859a966d4c"", ""occ_785ea86e814d84e90749"", ""occ_78919c4c08380bf3e17c"", ""occ_791b93166eaccab4e591"", ""occ_792656f852d07bfd4ab2"", ""occ_7a4ea67e2072cfc64e7f"", ""occ_7a6e0b7ba47c66f91ac0"", ""occ_7b3e955f159bec6263ac"", ""occ_7b3f1ffdf31c76286350"", ""occ_7cd8815556e2a259a74b"", ""occ_7d09ec7e1bd625716a04"", ""occ_7eba40588e2c27807016"", ""occ_7f25ef574be9e1aa8ca4"", ""occ_7f339387ac3a4d580b86"", ""occ_7f5dab0588d2fe491860"", ""occ_815ed1a1a96b9c12c116"", ""occ_822824cfd973bfcd2ec3"", ""occ_831e6ac80101c8f8db33"", ""occ_838d1451761c89f80a1f"", ""occ_840d2224f61b970d51da"", ""occ_860614b7c99aab9d35d2"", ""occ_8681744b8462976343da"", ""occ_872313f2038f242c4687"", ""occ_88a695ba0565a1983ad4"", ""occ_894a3caa916cdf2e00a1"", ""occ_89cd95d24edd436946a0"", ""occ_8ab8b2ef073834eab19f"", ""occ_8adbdfe6432e12ac6315"", ""occ_8aff117a3ad3e0c5f82f"", ""occ_8b61f18a5bf69e483e22"", ""occ_8bc74e3a4c4f1db74293"", ""occ_8c55031986df68828b06"", ""occ_8daec8d72b1fa3794f69"", ""occ_8e3128dc12ee7a07101a"", ""occ_8f2559896c34663700a8"", ""occ_9005aaed9e1b3e974fca"", ""occ_9129375faabc20b37247"", ""occ_914ba6b440159a4cfefa"", ""occ_9318829574c67574691d"", ""occ_9344a9ef5737f778332d"", ""occ_937772288eab4aa39730"", ""occ_93ecec8d89e551ee6a3a"", ""occ_93f7db43962341e12f0a"", ""occ_96aa4b261fefe7097d54"", ""occ_974d02bbbcac277c5aa9"", ""occ_9768381286fb1c065e2d"", ""occ_9795975a9743b50e3291"", ""occ_991637ecf165db788eb4"", ""occ_9a889fbf958e7370244e"", ""occ_9b2345d28fee8e0ffb0d"", ""occ_9b3152c59dcbdfd85d46"", ""occ_9c730784985f0e25a69a"", ""occ_9c9a74586adece8b7274"", ""occ_9d5732c76c46dcf363e3"", ""occ_9d6fffe3ea7d45711dd3"", ""occ_9dd53bc82cfb57ced281"", ""occ_a07c320a4e56d8502f8e"", ""occ_a08c19b9207cab4da0d7"", ""occ_a0fe77cdc696e286a768"", ""occ_a101878e3d124e62fa57"", ""occ_a125378924d42649092f"", ""occ_a17adfe60df4d1b5aa82"", ""occ_a259bb92f9a483a75410"", ""occ_a2a61799ce13408933fa"", ""occ_a4872acf3e6208446c1a"", ""occ_a50b864d1d14fe418e59"", ""occ_a5d71514e6a54bd2b091"", ""occ_a5e3d1a8d5d8f062947d"", ""occ_a5ef678dc892e439a029"", ""occ_a6af89dab52a7b027280"", ""occ_a720790a2b85bf85a3b8"", ""occ_a917ec8b9ecea741f611"", ""occ_aa49d7ca14a5acf64bb0"", ""occ_ab0507d845a871184a46"", ""occ_ab7685cfe0bdcb583c55"", ""occ_ab9d86f64b01fb9b5ce0"", ""occ_abda77d37f09b43355d1"", ""occ_ac1edaca7e5efc4efd11"", ""occ_ae5384674124f71b4e6a"", ""occ_ae8063a05ef7e94f029b"", ""occ_ae89050b02ff269089e5"", ""occ_af676178231ae3d96046"", ""occ_af6fce33f2b40931c147"", ""occ_afbe384d8df78bd6e383"", ""occ_afd0dd7134be2b1caac9"", ""occ_b0f1007b4a2b90773dbd"", ""occ_b11e9de20de9fd773307"", ""occ_b23b81a66cd07e4f41a1"", ""occ_b250d9bac7fb0f0f3d1a"", ""occ_b250fc8d6e0e8d84f08c"", ""occ_b28848ef6db2d2622d98"", ""occ_b2dc22a4e164c4dc56e9"", ""occ_b52cad6e68c5af182862"", ""occ_b620713a88cf364f37de"", ""occ_b66801ec1a74228b94ae"", ""occ_b691f875c45f33f66d04"", ""occ_b73e59650a318960ceaf"", ""occ_b83432effe4c47c50a2a"", ""occ_b8796ff50b8e56e2b2db"", ""occ_b9f9406f073d6a985d70"", ""occ_ba8751ea590900d9d098"", ""occ_bb3f6ff1c54c259459af"", ""occ_bb5e568cc58028845b51"", ""occ_bbac6c836c04110443c0"", ""occ_bc2cddd3dce49178b3db"", ""occ_bc68a22c1ad7998ac07e"", ""occ_bcd9baa4f31678bf0462"", ""occ_bd0556ab0d9da5b3b53b"", ""occ_bf28373286e6066ec4ca"", ""occ_bf881303f774542a66b6"", ""occ_bf94a5082685d8852a47"", ""occ_c07e4f088032ed883fa6"", ""occ_c094632ee9e23d92a5be"", ""occ_c0ad934c31e100f1e082"", ""occ_c1d5725b6fda818ffbbf"", ""occ_c274c324d814f2bda452"", ""occ_c31795404ecff760e06c"", ""occ_c31f8a86ac0e7bb3e671"", ""occ_c3bea2e7122351af395d"", ""occ_c40b1a88b45bd26538e3"", ""occ_c51c9e678d50ec418746"", ""occ_c69dddd0f853a9e331a1"", ""occ_c6c74387c9d99b287ac8"", ""occ_c6e9eba7f884f7eb4765"", ""occ_c726ecf4fdee43bf7c65"", ""occ_c7d552484d99a0134c61"", ""occ_c83288f70aba1ab6a335"", ""occ_c85505e8454fbfa760ef"", ""occ_c8d1034f62915bf84234"", ""occ_c9eae51b0d1f9586dd70"", ""occ_ca0371b63eb5aafc6ec0"", ""occ_ca29e13631690d038e94"", ""occ_cc1cc7fa180c072c6c72"", ""occ_cc1f3b48264abdd6ac92"", ""occ_cc44de7d5648609c90e0"", ""occ_cca6d578d61eb08453bb"", ""occ_ccb908a83d8acfb2b89f"", ""occ_cd3c7a1395ab0e0a84ec"", ""occ_cdd22560e42b380e2ea5"", ""occ_cdfd0817b2217b55b59d"", ""occ_cf41a82136bf6cd9b37a"", ""occ_cf6cda9cc103c9bcf98e"", ""occ_cf7ebe0e4e8fb50f640e"", ""occ_d149532d2f3228994341"", ""occ_d215effe072fcf11cb2a"", ""occ_d3db7e7379870d50ffe2"", ""occ_d4d6fda02b5977ff2416"", ""occ_d4e121d69cf492b0a729"", ""occ_d52f2b5980d4cb4aa820"", ""occ_d5d2b82c487c9aeb73cd"", ""occ_d64e34905e188a784a40"", ""occ_d682fbac3aefedf193e4"", ""occ_d6eb196e9ca85fec3541"", ""occ_d7514914c9c5b98e9c87"", ""occ_d7be9756c9cf270ba538"", ""occ_d8bc92e66527d57e114e"", ""occ_d94cdc3a816b3aef5b14"", ""occ_d97af5065ccf029421fd"", ""occ_d9d1922a216e67ce339b"", ""occ_da038706747f4d68a442"", ""occ_daa9597cf7c7c44e7f16"", ""occ_db05bd74cbc54815ac43"", ""occ_dbbe3a14ca53a7c4b266"", ""occ_dd39c3b75ccacdc0050c"", ""occ_dd6f6018bc8617a13581"", ""occ_ddaeb8904861e97d75a3"", ""occ_df1569f71a8efd2a304b"", ""occ_df222d1b895c21456873"", ""occ_df4d14ddfc1ae9a421d7"", ""occ_dfe0432c9fdb665152a6"", ""occ_e1a161ea37c9330e71e3"", ""occ_e1ee86a3b6d1601dac11"", ""occ_e2421652dc7568ff93d2"", ""occ_e278f147256af54afbaf"", ""occ_e323f634be1440c8eae7"", ""occ_e343e88b9e0b1611c62a"", ""occ_e362ef2365fe92e6de22"", ""occ_e363ee6994bea9bbc2d2"", ""occ_e4505aa08f5bf37d1dac"", ""occ_e4bd9491c8277a6081da"", ""occ_e5630bfb14f418515534"", ""occ_e66e91d83640d8612a9e"", ""occ_e6e921dff520453e5c45"", ""occ_e79b9f2eb254f91945c0"", ""occ_e7ec707f27f3773730d6"", ""occ_e8870031e191a2be9175"", ""occ_e8a918ccff1bbf9690ac"", ""occ_e994c2b43815905193e8"", ""occ_e9b219acf3fb386b9bf8"", ""occ_ea5b1fbb8bfe22bc9411"", ""occ_eb81857a0c937ad95ed2"", ""occ_ec862912a2139878fb55"", ""occ_ed1b90bccf2b6307d527"", ""occ_ed2c234bd93e4c4ac882"", ""occ_ee1cf97ebde1f6cbd72c"", ""occ_ef12b6e93e5a3da822c8"", ""occ_f0f8faebd7d30bc0865d"", ""occ_f112b9063aa7891f5e7a"", ""occ_f12a42752123ce747a95"", ""occ_f1609ae7f84570b3decf"", ""occ_f268d7b53419fffe65dd"", ""occ_f4536d4014897ce8a704"", ""occ_f7a9b573f544c6217459"", ""occ_f7f8f04e6d1867931918"", ""occ_f8772275fd53bec385d0"", ""occ_f944f883e3756ea54205"", ""occ_f9e5ba0435a4be31dad1"", ""occ_fba179025d1f74fde614"", ""occ_fbf65eaf49789affff02"", ""occ_fc813dd36d23f5d005af"", ""occ_fc96dcc0c0f15f96c33a"", ""occ_fcecd379f29bc3c5cc6c"", ""occ_fdb41457ec229a419f40"", ""occ_fe3237e984bb134fd271"", ""occ_ff5e00b3d94d730173a0""]",run_d0d5415dcc5fdcae1cb4
term_be9b82aa8cfea7069135,Age class\Time,dimension_name,0.98,semantic-hybrid,True,metadata column name evidence,"[""occ_92bd00c43fdad87e8510"", ""occ_fdd0b32e4ae4f2203240""]",run_d0d5415dcc5fdcae1cb4
term_5725f6ca1c4139aaa95c,Age definition,dimension_name,0.98,semantic-hybrid,True,metadata column name evidence,"[""occ_5cbb21148f94ba549323"", ""occ_b17b07d27c299e3787cf"", ""occ_bbbf31b627e10b967ade""]",run_d0d5415dcc5fdcae1cb4
term_95c0dd76750bedda80b7,Age of the child,dimension_name,0.98,semantic-hybrid,True,metadata column name evidence,"[""occ_ab0d0d937c4587d06a0f""]",run_d0d5415dcc5fdcae1cb4
term_f13184c2377d6faaf328,agechild,dimension_name,0.98,semantic-hybrid,True,metadata column name evidence,"[""occ_113c078df0d693b04321""]",run_d0d5415dcc5fdcae1cb4
term_ef77f39907d3f693a17d,Agricultural area,dimension_name,0.98,semantic-hybrid,True,metadata column name evidence,"[""occ_31a34423b11be049d710"", ""occ_376c37c2b9efea5d3c3d"", ""occ_5a275a3c140046d49489"", ""occ_e80253525598757ec373""]",run_d0d5415dcc5fdcae1cb4
term_96e54896d43cacc5c77e,Agricultural production methods,dimension_name,0.98,semantic-hybrid,True,metadata column name evidence,"[""occ_da8d29d334724453f044""]",run_d0d5415dcc5fdcae1cb4
term_a4a388f0e9c9eaecd508,Agricultural products,dimension_name,0.98,semantic-hybrid,True,metadata column name evidence,"[""occ_06a0aea15f197a94a38e"", ""occ_0ec37b9a06c2d54cc30d"", ""occ_4e730e00c415a5479a2b"", ""occ_722d174ec4746f32fbe6""]",run_d0d5415dcc5fdcae1cb4
term_799415c7adb43189a8af,Air pollutants and greenhouse gases,dimension_name,0.98,semantic-hybrid,True,metadata column name evidence,"[""occ_09de25d34ac1c37a6877"", ""occ_28d644490a7faeffc37c"", ""occ_31e8f55178dc37fc4ba4"", ""occ_32e186e27cd1017dcea6"", ""occ_5b9204dcb76914931df0"", ""occ_83253cf8bc36388ba044"", ""occ_e2c54d5fcc3d8fea4ee3"", ""occ_faee4d3b153630851654""]",run_d0d5415dcc5fdcae1cb4
term_3b020cc5742ab0eb1c99,Aircraft category,dimension_name,0.98,semantic-hybrid,True,metadata column name evidence,"[""occ_8cb75efdcc1fa2bcc13b"", ""occ_fc6df7efa7f0a4b95333""]",run_d0d5415dcc5fdcae1cb4
term_a6a5705573ba4afe91cc,airsect,dimension_name,0.98,semantic-hybrid,True,metadata column name evidence,"[""occ_5b3a7b871c1f420b1369""]",run_d0d5415dcc5fdcae1cb4
term_6a68b6a687d4a6ce57cb,Amenities,dimension_name,0.98,semantic-hybrid,True,metadata column name evidence,"[""occ_ad3798e9967e1bf72f2b"", ""occ_f7b95c9fed0fa8647a07""]",run_d0d5415dcc5fdcae1cb4
term_4535f553400ca563bf84,Analytical categories for purchasing power parities (PPPs) calculation,dimension_name,0.98,semantic-hybrid,True,metadata column name evidence,"[""occ_09fec2e1b85aca945a4f"", ""occ_1deed6289219eeb7c73b"", ""occ_278b32c5ac248407614e"", ""occ_4420cbbbaa36bc0df62b"", ""occ_98790f6c95eb67d72ddf""]",run_d0d5415dcc5fdcae1cb4
term_2461c4b741fd6095b259,annex,dimension_name,0.98,semantic-hybrid,True,metadata column name evidence,"[""occ_5cb5a547c7f7896eda43"", ""occ_6a081e3e9c4941393fb7"", ""occ_86a953b392076a4fd9e4"", ""occ_9357189a5dc592b82b55"", ""occ_a53707be53d889111a66"", ""occ_d37d60b468f4dc4e181a"", ""occ_e139e3479b8073c4fe0c"", ""occ_fc384e5bb89234fa64ca""]",run_d0d5415dcc5fdcae1cb4
term_382ae43e7d8730165920,Applicant type,dimension_name,0.98,semantic-hybrid,True,metadata column name evidence,"[""occ_13ad63142ee0b1025d5d"", ""occ_52281ec8b25673c4b9e7"", ""occ_861434a59413988fac39"", ""occ_c15c45c52bf82fcd4ca2""]",run_d0d5415dcc5fdcae1cb4
term_d0dc74ace7978f99272a,Aquaculture method,dimension_name,0.98,semantic-hybrid,True,metadata column name evidence,"[""occ_cf0cc40fdcbb387ac43f""]",run_d0d5415dcc5fdcae1cb4
term_853c17c4946552ef0713,aquaenv,dimension_name,0.98,semantic-hybrid,True,metadata column name evidence,"[""occ_b88c61b70f9e87f510a6""]",run_d0d5415dcc5fdcae1cb4
term_ad447c8e35557cd7945f,Aquatic environment,dimension_name,0.98,semantic-hybrid,True,metadata column name evidence,"[""occ_47ba1ed007ec601eadac"", ""occ_65d595d17b8ce3b3f122"", ""occ_6d1574bf1ccb45f39dc4"", ""occ_c515479c30eb6411be81""]",run_d0d5415dcc5fdcae1cb4
term_6404613fbdb363618e36,Arable land area,dimension_name,0.98,semantic-hybrid,True,metadata column name evidence,"[""occ_c91f540ec14fd68d1f1f""]",run_d0d5415dcc5fdcae1cb4
term_93645a9be9cb0d5ed20d,Assets (ESA 2010),dimension_name,0.98,semantic-hybrid,True,metadata column name evidence,"[""occ_9e51729afd28b167a727""]",run_d0d5415dcc5fdcae1cb4
term_67b379003d9d8c6b8048,At risk of poverty - Yes/No,dimension_name,0.98,semantic-hybrid,True,metadata column name evidence,"[""occ_137c80838068cfa224a4"", ""occ_d75ceb40a69b19851ff4"", ""occ_e122b0bd07bc9a9059a4""]",run_d0d5415dcc5fdcae1cb4
term_d2c25d40e79fd3561d71,At risk of poverty or social exclusion - Yes/No,dimension_name,0.98,semantic-hybrid,True,metadata column name evidence,"[""occ_c9c7b5d5fdbe9b6dfd1f""]",run_d0d5415dcc5fdcae1cb4
term_6f5a9f6bd5c53965bc15,Awareness - Yes/No,dimension_name,0.98,semantic-hybrid,True,metadata column name evidence,"[""occ_5382746fa34ebfc4d198"", ""occ_b266f4b755267c3cca72""]",run_d0d5415dcc5fdcae1cb4
term_df5a572cb4fbd948d9d4,Balance of payments indicator,dimension_name,0.98,semantic-hybrid,True,metadata column name evidence,"[""occ_23e1f8241babb1b02502"", ""occ_4c7b98472d311690be3d"", ""occ_8695ea5d10fb41c04890"", ""occ_e18352afbb4f469022b1""]",run_d0d5415dcc5fdcae1cb4
term_6db36f19abb398121cda,Balance of payments item,dimension_name,0.98,semantic-hybrid,True,metadata column name evidence,"[""occ_092fb459b4b0d5fee410"", ""occ_12bc9520445ab13e6b1a"", ""occ_1aee67abe434ee46762a"", ""occ_2204eeb3a981d5472db9"", ""occ_22c3f92dd0e72be752c5"", ""occ_2e389a2aae73774a38aa"", ""occ_30af21eba1604e52bf03"", ""occ_3da8b6688d68fb025a95"", ""occ_40803c53bb72cbb55e5f"", ""occ_42991c304bb2a4382541"", ""occ_477e90e0679f17db5f2b"", ""occ_62e458eef73bb21de7a1"", ""occ_6b9e5ec1ff3a9eb97f1d"", ""occ_77d8d29187feb8328107"", ""occ_97692183bfe41eec4fc3"", ""occ_a2b065e256ae884468b4"", ""occ_a440ae8ce5c125c8ca8f"", ""occ_a727ec4431d1c3fe3a90"", ""occ_a9e49f11bb0e7e87a808"", ""occ_baa16542deac9a6592ea"", ""occ_bc5f963ce76de98b8207"", ""occ_c1bbaa551f6199cee35f"", ""occ_c98ff5ba394c31af3500"", ""occ_d419fb8b7ce7586835cf"", ""occ_dbab829af289adf281e8"", ""occ_ddc0a442ef4aee8b941f"", ""occ_e2443535799ed8e2b1a7"", ""occ_e42c66dfb8d47bd53a98"", ""occ_e8362ab0419e197c2200"", ""occ_ee71f2e1e98a7034c6f5"", ""occ_fc2b110c87c6e8845266""]",run_d0d5415dcc5fdcae1cb4
term_6d8b0abb91471408434b,Basic classes of goods in the System of National Accounts (SNA) in terms of Broad Economic Categories (BEC),dimension_name,0.98,semantic-hybrid,True,metadata column name evidence,"[""occ_e37134958379da3050c2""]",run_d0d5415dcc5fdcae1cb4
term_8f06b2c055ce0b8c2865,Bird species,dimension_name,0.98,semantic-hybrid,True,metadata column name evidence,"[""occ_5e4e6b6c948c11d8efd1"", ""occ_a143aebbcf4c9fe37e55""]",run_d0d5415dcc5fdcae1cb4
term_ec4671b9d285ce52cffa,Body Mass Index,dimension_name,0.98,semantic-hybrid,True,metadata column name evidence,"[""occ_2846b6ebf826e9265f0f"", ""occ_8f52efe4c64c1f450017"", ""occ_c8068b06c0facc705b41""]",run_d0d5415dcc5fdcae1cb4
term_792d4700a8e99263faa6,Bonds,dimension_name,0.98,semantic-hybrid,True,metadata column name evidence,"[""occ_03bcfe20ceb4b146cadf""]",run_d0d5415dcc5fdcae1cb4
term_31362c6a65077eef9845,Broad economic categories (BEC Rev.5),dimension_name,0.98,semantic-hybrid,True,metadata column name evidence,"[""occ_bed073f6348dc62ea590""]",run_d0d5415dcc5fdcae1cb4
term_d90167ab1983cce51a93,Business function,dimension_name,0.98,semantic-hybrid,True,metadata column name evidence,"[""occ_5ee0585a4f0fc958c7d1""]",run_d0d5415dcc5fdcae1cb4
term_08a9bc3ff0e4b5c337d4,Business trend indicator,dimension_name,0.98,semantic-hybrid,True,metadata column name evidence,"[""occ_06bbc74dd670498e8435"", ""occ_0fecf2de0d180ca50f7b"", ""occ_1059b1ec6263e95fd9fc"", ""occ_16a1070a9504c96d4dfa"", ""occ_2b229915dd0a374d8354"", ""occ_3e052d4a55324e8b200a"", ""occ_4be2216e0b223fe114c5"", ""occ_4c10b53840b07a41dc56"", ""occ_4e727516fdb12be1ee0b"", ""occ_4e854bd47ce68ff779d4"", ""occ_4ed93585d64cc7a65ce8"", ""occ_4f922e8fa3df3d54eb87"", ""occ_521e53b6f5a500675129"", ""occ_5677effeba0bbdf176fb"", ""occ_634fc4a99fe24dabbe25"", ""occ_6ad93fd719c94022b6df"", ""occ_7292d0448d1e4e019840"", ""occ_783d61cb51267cc359e8"", ""occ_7c03e8b87506255eab51"", ""occ_85e51239a58c13f7d369"", ""occ_870546bcd517843adbb7"", ""occ_879871b827c0b5f2a081"", ""occ_8b2756cf34a620f1efe3"", ""occ_8e895da9e2d3b6f9c8b2"", ""occ_94bda059833718bd7549"", ""occ_992bea890aced1e6655e"", ""occ_9c7b0699cfa7daaed1dc"", ""occ_a1f674eb551158ce1c5a"", ""occ_a5c11b8bb91d29c3aaf9"", ""occ_ba09617e486978d3b5eb"", ""occ_bf43288ed50145da01d5"", ""occ_c05c1d8ad27c470b4f20"", ""occ_c06cd1f80340f291011f"", ""occ_c1a242abb13bc948bb22"", ""occ_d1dffe9792e42ed53ddb"", ""occ_d9c5708639613bfdbe7f"", ""occ_e2b584672be6cce2bdd8"", ""occ_e717d2a4b1c8fe7ac8f8"", ""occ_fa901d30f9f851c059b1""]",run_d0d5415dcc5fdcae1cb4
term_36ce6cfc4d23d2d6c99f,Categories of navigable inland waterways by horizontal dimensions of vessels and pushed convoys,dimension_name,0.98,semantic-hybrid,True,metadata column name evidence,"[""occ_e6c6ce28807ab466d627""]",run_d0d5415dcc5fdcae1cb4
term_d0252be7189ebb4c120f,Categorisation of active substances for harmonised risk indicator,dimension_name,0.98,semantic-hybrid,True,metadata column name evidence,"[""occ_23d3e83fb8c70b3ddafd"", ""occ_89e7a1d36df11f9e9072"", ""occ_9a33223b0d7e19f7607e""]",run_d0d5415dcc5fdcae1cb4
term_2e4fc856e39285d1a1b5,Category,dimension_name,0.98,semantic-hybrid,True,metadata column name evidence,"[""occ_8369e868e123e35ac717""]",run_d0d5415dcc5fdcae1cb4
term_b8beb731d4d2a8ebb77f,Category of persons,dimension_name,0.98,semantic-hybrid,True,metadata column name evidence,"[""occ_30122654ec9467e72dab"", ""occ_423d1a3e48986d44c127""]",run_d0d5415dcc5fdcae1cb4
term_5dbb97bb8343013abb88,Category of schemes,dimension_name,0.98,semantic-hybrid,True,metadata column name evidence,"[""occ_0a6462de2f8e48514052"", ""occ_566c6d25a4fd2465c453"", ""occ_e32046c2714d8d7e4d26""]",run_d0d5415dcc5fdcae1cb4
term_c3f1b95b96d309978298,Category of voters,dimension_name,0.98,semantic-hybrid,True,metadata column name evidence,"[""occ_0ee6b6dfde6d46912d29""]",run_d0d5415dcc5fdcae1cb4
term_70b577c748f9a7bd7c5e,Change,dimension_name,0.98,semantic-hybrid,True,metadata column name evidence,"[""occ_28b16ce32feafea43c68""]",run_d0d5415dcc5fdcae1cb4
term_60e2e7992eb78ff28bbc,Classification of activities for time use,dimension_name,0.98,semantic-hybrid,True,metadata column name evidence,"[""occ_0dc714019ca16a95aaa0"", ""occ_3cf5d91e7879787c6d09"", ""occ_473c2d6d8a2eec94b7eb"", ""occ_5d704698fca1e0c1a9a9"", ""occ_6e6dd406daf3433e2b4c"", ""occ_7c4adcb60043dac5440d"", ""occ_84382a8ac1f4acff6451"", ""occ_9c5938e8c65efd2022ae"", ""occ_a28c8c9372077676f74f"", ""occ_b0ea896c6432af5336c3"", ""occ_b182df7bc3782c5ba0ee"", ""occ_c03bc0c72720ecb7ea78"", ""occ_d09cc49485a85049243f"", ""occ_f551e999821844e8c388"", ""occ_f5eaceb850cb394244ec""]",run_d0d5415dcc5fdcae1cb4
term_c4fab00565f1f3cfb736,Classification of health care financing schemes - SHA 2011,dimension_name,0.98,semantic-hybrid,True,metadata column name evidence,"[""occ_0d6a4d0fe2b010d15ef9"", ""occ_42001a02b73d86569490"", ""occ_6db7233d0a267a0e66eb""]",run_d0d5415dcc5fdcae1cb4
term_0675a6d2d21e6aeb56ea,Classification of health care functions - SHA 2011,dimension_name,0.98,semantic-hybrid,True,metadata column name evidence,"[""occ_b74ff595489baea93c2a""]",run_d0d5415dcc5fdcae1cb4
term_231162ca386d65b97312,Classification of individual consumption by purpose (COICOP),dimension_name,0.98,semantic-hybrid,True,metadata column name evidence,"[""occ_0031bde3f11847a582c3"", ""occ_00e796c5db6b8ab7b1e2"", ""occ_030af84c006bd8a6141c"", ""occ_04b219e15b2789158b68"", ""occ_13e29dd254500b304f29"", ""occ_15e82104e21d2c130d57"", ""occ_17147e8fa459ba6c6396"", ""occ_1a8b0c6ba319064339a5"", ""occ_22a7b9c1e1a724275061"", ""occ_247c8f83895faf9f1025"", ""occ_287d980be9a58f5b5eb8"", ""occ_307026abd99c401c75c3"", ""occ_319279ee9d180a421c53"", ""occ_39f040e08ccca978c61c"", ""occ_3dbd253b718f42566df7"", ""occ_3e068068c058847df1f1"", ""occ_4f68be8d7b941f2b06c4"", ""occ_5422001a7d8a5d3ee83a"", ""occ_5e6d1c4c6890687f8fc1"", ""occ_62ca586f0af5f55cf8c1"", ""occ_84e72a378c4453d7cd25"", ""occ_8623b3fcd4f1891b800c"", ""occ_8fe00c2b91f5d978c469"", ""occ_bf3646db6f6db7a9512e"", ""occ_cd72e2ff8c53a0ce22fe"", ""occ_cf0185102a0a397669b6"", ""occ_d91444f4a323f7f2a391"", ""occ_e422e21ff41dd8eab2a6"", ""occ_f6acfcc366c437c5362d""]",run_d0d5415dcc5fdcae1cb4
term_f889e230b9ca91e06bdf,Classification of the functions of government (COFOG 1999),dimension_name,0.98,semantic-hybrid,True,metadata column name evidence,"[""occ_18d4890e78b07a613c75""]",run_d0d5415dcc5fdcae1cb4
term_64bf443091c069a6dee0,Classifications of environmental activities: environmental protection activities (CEPA) and resource management activities (CReMA),dimension_name,0.98,semantic-hybrid,True,metadata column name evidence,"[""occ_85fbdcb673d09eec0964"", ""occ_ac52b74dbec9387107fe""]",run_d0d5415dcc5fdcae1cb4
term_749c2d18c1ab248a6bfd,Client specialisation,dimension_name,0.98,semantic-hybrid,True,metadata column name evidence,"[""occ_4a4b5b140ea954be3c86"", ""occ_711e9b7c2629a8d11a92"", ""occ_ea44530f43c4bdd77602""]",run_d0d5415dcc5fdcae1cb4
term_d7c5544e3cd3e1d55418,Client/Trader,dimension_name,0.98,semantic-hybrid,True,metadata column name evidence,"[""occ_c43cf29a62b1b68d62fb"", ""occ_e3937e5cfef46ccf9046""]",run_d0d5415dcc5fdcae1cb4
term_f07627ffe3da160c4819,Components of energy prices,dimension_name,0.98,semantic-hybrid,True,metadata column name evidence,"[""occ_22396508dacec21b625f""]",run_d0d5415dcc5fdcae1cb4
term_7ec9f7930850364d3fed,Consequences - Yes/No,dimension_name,0.98,semantic-hybrid,True,metadata column name evidence,"[""occ_9705597560141dacaf4a""]",run_d0d5415dcc5fdcae1cb4
term_3b9c0c89a33945390e62,Consolidated/Non consolidated,dimension_name,0.98,semantic-hybrid,True,metadata column name evidence,"[""occ_05670505876dd9c0a252"", ""occ_0611e0fdf29de7a22119"", ""occ_0c0f3516d49c03ccae1e"", ""occ_0ec93728f3246338d186"", ""occ_212ea71a39b964d15e4d"", ""occ_222041a679deca21bb84"", ""occ_47e5070565dcde4e67d1"", ""occ_4da5f4d08d4b46ec8093"", ""occ_5a5855d0a054e671a980"", ""occ_62e7181d7f016eb627a5"", ""occ_6612f51aa0b9f8f685c5"", ""occ_69ea97222ef580a0ddaa"", ""occ_6f83334901fd79128a3e"", ""occ_7a63d55d9cae13ed27b0"", ""occ_7d40c007d30d04b4184d"", ""occ_85ed2e095fa303087b19"", ""occ_9514e7b7be9eeaf95172"", ""occ_a885da186698b21e08a9"", ""occ_c2d873454a31c2a5cbd5"", ""occ_cd8dbf76fcc056d912f8"", ""occ_cef1663ceeb1fba81679"", ""occ_d00c06e3d2b3ee4d645a"", ""occ_d2d6a5eeaf8e35a3320a"", ""occ_d2e178b1c0e8e63a75b3"", ""occ_e9fb41a289740a4b4d94""]",run_d0d5415dcc5fdcae1cb4
term_3c6d521cdfcc16424cfe,Control over working time,dimension_name,0.98,semantic-hybrid,True,metadata column name evidence,"[""occ_92b4fee0ce2907bb5fbb""]",run_d0d5415dcc5fdcae1cb4
term_601e5f5cc69059034950,Cooperation partners,dimension_name,0.98,semantic-hybrid,True,metadata column name evidence,"[""occ_9de0d3b7a1d0c335bc41""]",run_d0d5415dcc5fdcae1cb4
term_1b7792c937fcd4431dc4,Cooperative patent classification,dimension_name,0.98,semantic-hybrid,True,metadata column name evidence,"[""occ_3142e89792917c291140""]",run_d0d5415dcc5fdcae1cb4
term_6aeb484d29d23a57c4c4,Country of cabotage\Time,dimension_name,0.98,semantic-hybrid,True,metadata column name evidence,"[""occ_02492ef0a5d23cc650f9"", ""occ_47e88772926a873e6319""]",run_d0d5415dcc5fdcae1cb4
term_4f839bbf3c7cc2f141e5,Country of citizenship,dimension_name,0.98,semantic-hybrid,True,metadata column name evidence,"[""occ_01dd8bd86df2d6452892"", ""occ_05d8dadd61021758cdd1"", ""occ_12a059bc3a2675d8f7d8"", ""occ_171bcf5807fadaf28db5"", ""occ_1765a38a536f081f2a90"", ""occ_23c28e877661c21703ea"", ""occ_2dd139623c8df7f0ca97"", ""occ_3ba71ab01c86b792b7e7"", ""occ_40a6301dc388d3f5161f"", ""occ_4499e587980f83e867bf"", ""occ_45c97ac6ff763c0cc14f"", ""occ_4dfbc081562335b5636b"", ""occ_4f9159e1cdfb74ece852"", ""occ_526f452249c0377828b0"", ""occ_611810e8cfda055bae13"", ""occ_638f848428f46aaa9766"", ""occ_6458acd749b67987601f"", ""occ_6833d80e5911c1bd3b86"", ""occ_6c791d16a26c46dec71b"", ""occ_6fc337a4b60ec3834784"", ""occ_6ffa2d64d7a000c988b5"", ""occ_733e0931090097731ad5"", ""occ_83dcc79b4b95475ca522"", ""occ_8a9e40e892f81a012630"", ""occ_943495d667f21dda757a"", ""occ_97112cdcd645d3da2815"", ""occ_9cda9934dbbf3f9100c1"", ""occ_a421c33a3174ac71eddf"", ""occ_a4f3b90363e9ad5c915b"", ""occ_ad15d17db2d19859c911"", ""occ_b0b10ee18d2ddebd9db8"", ""occ_b68ab70b0341e28eb613"", ""occ_bac215b4d272718177a9"", ""occ_c3efeb933a7e981557fb"", ""occ_ce6780fec3009c4042d7"", ""occ_d54a283b0eaff841553b"", ""occ_d69dffe147ca5eca5353"", ""occ_dde55d99b41a2d36605a"", ""occ_e63d73a0b27ce7e879bd"", ""occ_ebd4f277046f87d42839"", ""occ_f358880b426d236f1a72"", ""occ_f6b005494b609ab64144"", ""occ_ff42bf4ad74436273844"", ""occ_ff611c17a495eb01e591"", ""occ_ffaf0fb8b0a3ab2e9161""]",run_d0d5415dcc5fdcae1cb4
term_73f32026d45690ee751d,Country of destination,dimension_name,0.98,semantic-hybrid,True,metadata column name evidence,"[""occ_0b2396192851578ffac5"", ""occ_26467d3ba8abee9e1ba4"", ""occ_3541079f4750e296bde5"", ""occ_392c93a77d3ee6d6b556"", ""occ_914de8a6af113fa189ab"", ""occ_ff439e7075b49af21004""]",run_d0d5415dcc5fdcae1cb4
term_89bab97678d0e4079b18,Country of origin\Time,dimension_name,0.98,semantic-hybrid,True,metadata column name evidence,"[""occ_9b683f30e5c3571f022b""]",run_d0d5415dcc5fdcae1cb4
term_5ebbe628d12c02af3033,Country of registration\Time,dimension_name,0.98,semantic-hybrid,True,metadata column name evidence,"[""occ_5af42ba528b02f0a8ef5"", ""occ_b5f5fbf9a1ae8e2dc7eb""]",run_d0d5415dcc5fdcae1cb4
term_5ed61b6892743ab4d8b0,Country of residence,dimension_name,0.98,semantic-hybrid,True,metadata column name evidence,"[""occ_10482627a8a7e6055e2f"", ""occ_37c9bba9af4057607f05"", ""occ_456d744b68c0c30055bd"", ""occ_4a516b239d2ef98fdfa7"", ""occ_b536011dec231f05e4cb"", ""occ_e07c541d80ca4c55f65e""]",run_d0d5415dcc5fdcae1cb4
term_5966689bb002527e9568,Country/region of birth,dimension_name,0.98,semantic-hybrid,True,metadata column name evidence,"[""occ_0c1b0609a1f53990c3e4"", ""occ_0de28d9e65a412ba96e1"", ""occ_26e01dcf45934d30e11e"", ""occ_271700f6522999c92a72"", ""occ_31fcc6b346907f726aea"", ""occ_66ceea73cabc1991a556"", ""occ_ad3539388c1a714990bc"", ""occ_ccd0c80a8d42ab49622e"", ""occ_ce25daead3c8c02cdfc5""]",run_d0d5415dcc5fdcae1cb4
term_cb22c7817e24c93daa50,cpa02,dimension_name,0.98,semantic-hybrid,True,metadata column name evidence,"[""occ_114230ad4e913b10e60f"", ""occ_465bf2b37994c6af3da6"", ""occ_652ec3d93c5c8c0e1093"", ""occ_8d86fe84cd206ce32654"", ""occ_e0246b0134eecdfc9041"", ""occ_e33af365afc64b150219""]",run_d0d5415dcc5fdcae1cb4
term_1fa0268e6c6558a3cd45,Crops,dimension_name,0.98,semantic-hybrid,True,metadata column name evidence,"[""occ_176344201f5e8bc7af2c"", ""occ_2c420bc4f826e6da7154"", ""occ_315fee163a0d12e20d65"", ""occ_41373e50575c878a2ef8"", ""occ_47fc77ccca2143756798"", ""occ_4a37f43df9a21689bd0b"", ""occ_515775733df3ae859d84"", ""occ_5d767c8958104e026a3c"", ""occ_6397008a20203991d525"", ""occ_6971ad213d0220fe9050"", ""occ_76c68a35366016624959"", ""occ_7d4aed203db8630a8383"", ""occ_8d5533089c0f27887851"", ""occ_9d7a67b09fcad5851dbc"", ""occ_a81cc651a40583cfe0fa"", ""occ_bee5efa7519b7a4199c1"", ""occ_d3fbb2c715222b13847e"", ""occ_e43be254190f5042ec6a"", ""occ_e93d530a9208b1ed0b27"", ""occ_f842c087eb72b036d7c4""]",run_d0d5415dcc5fdcae1cb4
term_0f5960f352b6fac4adfc,Cross border trade,dimension_name,0.98,semantic-hybrid,True,metadata column name evidence,"[""occ_047775b500ec09d75e33"", ""occ_497e543d63a5082c0ee9""]",run_d0d5415dcc5fdcae1cb4
term_4436fb61e53d6f1fc53c,Currency\Time,dimension_name,0.98,semantic-hybrid,True,metadata column name evidence,"[""occ_5188b565515937f6ad04"", ""occ_a1c07a8987f4f6d09ac9"", ""occ_d801ae745e43b9b70ebc"", ""occ_fe734d68035faa09595f"", ""occ_ffc2e7ca9330d0424310""]",run_d0d5415dcc5fdcae1cb4
term_015dcfd0361d255ec6d3,Customer,dimension_name,0.98,semantic-hybrid,True,metadata column name evidence,"[""occ_25e002df699a9ccb9e80"", ""occ_f137804671bf8db7ae4c""]",run_d0d5415dcc5fdcae1cb4
term_deab4443fa36036f3af1,Dairy and other animal products (except meat),dimension_name,0.98,semantic-hybrid,True,metadata column name evidence,"[""occ_1bbebbf78fbbb7176984"", ""occ_72d69930bb2ce6f5fcf5"", ""occ_825e08b1cfcec1b17f4f"", ""occ_9c4b719ce6dab7cf8ac0"", ""occ_d6da6a9f7b817f2bca20""]",run_d0d5415dcc5fdcae1cb4
term_4c6f11b1c0fc13b2e9ba,Data source,dimension_name,0.98,semantic-hybrid,True,metadata column name evidence,"[""occ_e7e006494aba86e6e646""]",run_d0d5415dcc5fdcae1cb4
term_bb3a9170a727ffc4de39,Decision,dimension_name,0.98,semantic-hybrid,True,metadata column name evidence,"[""occ_020097ab33137adb8950"", ""occ_5acd2562571d20fcbf0c"", ""occ_98cd6cbaa7202ab75b53"", ""occ_9db728358c84bcc6f957""]",run_d0d5415dcc5fdcae1cb4
term_af93c5db9ad1944d5558,Degree of urbanisation,dimension_name,0.98,semantic-hybrid,True,metadata column name evidence,"[""occ_0d001d247879a0cd3b71"", ""occ_0faf988d9edcf8d4e1be"", ""occ_12df356a7a23cb258c08"", ""occ_1dcb9ed81f7ffef1b653"", ""occ_1fd98c5fc9051d580f2b"", ""occ_2224d5d6298457e99725"", ""occ_269443f509fe9dc6feba"", ""occ_276eb295c80854aeafdc"", ""occ_37e185fd4606879fd3b6"", ""occ_4d9cd7df3f33fa3b0924"", ""occ_51da81a59c1513952586"", ""occ_52267e6a373f61f18ab9"", ""occ_58b4d54fdcf5b724fcb9"", ""occ_5e84a941c6b722f600c7"", ""occ_6233957632266c3b1694"", ""occ_64280e6756cbf748c1fe"", ""occ_644a10de576799baca1d"", ""occ_666a9b4440beba3ddfe1"", ""occ_6e769f827087039ef93f"", ""occ_7489a1dc73dfadf08754"", ""occ_8253bbf1f97566654891"", ""occ_8a5f7f0deffd9e086122"", ""occ_9723ddb3767b13d4af83"", ""occ_9d8af7bdadc13d6044e7"", ""occ_a31ddb189ba293ec6310"", ""occ_bf75f553513a2fafc8af"", ""occ_c343336eef6b9f963195"", ""occ_c4d785cf898b06dab270"", ""occ_d609a4386ba0ebd8c01a"", ""occ_d7e569b62cbc79356e2c"", ""occ_dd4e7be0fe63acc95b50"", ""occ_ed8858d55ed9d7944ec8"", ""occ_f2e450602f23f5b4ad6d"", ""occ_f4fd0c9c5cb5099d2f48"", ""occ_fa9a29f176a9eb555cac"", ""occ_fac701921d07e2d219e4""]",run_d0d5415dcc5fdcae1cb4
term_d9d4b8d7c8d3e5710522,Demographic indicator,dimension_name,0.98,semantic-hybrid,True,metadata column name evidence,"[""occ_05c9b975f5ddb989acc4"", ""occ_0fef47235bb609aea5f7"", ""occ_186b5c3b09c4ea972f97"", ""occ_40925f2305a9776ed787"", ""occ_4c114c04f86c9efd2459"", ""occ_51d0e383e718359c8cfd"", ""occ_52db6f3fbe2df8a54333"", ""occ_55ccb4296159f13f3141"", ""occ_568d4e62f84f01cd7d61"", ""occ_5db41665314366523a0f"", ""occ_5f6dfbd88fd0988cdec6"", ""occ_67919da71d27cb88ae09"", ""occ_68a7c71e91faeef21100"", ""occ_6be2af08c6db993a8347"", ""occ_8006a5e3dc84795ed706"", ""occ_82f0ed0ff3c03b7901d7"", ""occ_838e65595317b3766505"", ""occ_9885d94bf99f124bbc03"", ""occ_a47c43656f6cadf70e4a"", ""occ_a976f4ea10e43b644fbb"", ""occ_af561203fd888a4518ba"", ""occ_b3426c4fe45c3b34df36"", ""occ_bc9df37ee79be929b94c"", ""occ_bee8bdd08602c63ab233"", ""occ_c950bb9757dd082dc517"", ""occ_ee78ddc1085f67f26156"", ""occ_eeef843dec4a56661cf9"", ""occ_f9d2a380f3a6f8605392""]",run_d0d5415dcc5fdcae1cb4
term_98f85c26c55629c2b007,diagnose,dimension_name,0.98,semantic-hybrid,True,metadata column name evidence,"[""occ_7792d7844933056d40e5""]",run_d0d5415dcc5fdcae1cb4
term_6a785fab3542e9a3d2a0,Direction of flow,dimension_name,0.98,semantic-hybrid,True,metadata column name evidence,"[""occ_00752839c02cd2990443"", ""occ_0f92d5b83804a173eeca"", ""occ_1e765c4f56b966d7c1ee"", ""occ_2654fe932bbfd991e670"", ""occ_27b4c3f9b5a9c5924a84"", ""occ_3a9f11687b5a77efbbfd"", ""occ_70a94ef4f0a87b053b02"", ""occ_8321428ec7258f2af405"", ""occ_8b60ae125c9b00531a69"", ""occ_b5269a997c6a2e446f69"", ""occ_b5fcc4c6f4eb9030c4c0"", ""occ_badf0eb86734b1021a74"", ""occ_d1ced02cb5d6d4c47f79"", ""occ_e9d500609bdfee40a25e"", ""occ_f4312cf134eeb4f97355"", ""occ_fec6f29c7ca3cefb1c0b""]",run_d0d5415dcc5fdcae1cb4
term_effb008355c9199735d4,Duration,dimension_name,0.98,semantic-hybrid,True,metadata column name evidence,"[""occ_0c96cea775f2092ad582"", ""occ_257c90e31dfe46e40573"", ""occ_2679083491ed9db074ec"", ""occ_2bca4e7516dd24e3d517"", ""occ_63842262e285f2741c51"", ""occ_74ed1cbc47bff61eef09"", ""occ_76a5eec131cd76af7b5c"", ""occ_7cd1ae5fcf4941b20b79"", ""occ_a09d478c9f132bc1d461"", ""occ_b20e8dbe66946f3a2dd9"", ""occ_bbe41df422241be2daf7"", ""occ_c72a95f919340600e484"", ""occ_d4f8f6a4e606fadae1be"", ""occ_e44df9d9f98fd5c9db31"", ""occ_f8306d5c3e5fa95a08cb""]",run_d0d5415dcc5fdcae1cb4
term_b0676852074ef1be2d42,Earnings case,dimension_name,0.98,semantic-hybrid,True,metadata column name evidence,"[""occ_cf8a4415d77b80e203a4""]",run_d0d5415dcc5fdcae1cb4
term_6641e08a74ef085617d0,Economical indicator for structural business statistics,dimension_name,0.98,semantic-hybrid,True,metadata column name evidence,"[""occ_022706729766143c9189"", ""occ_0ffea24ba090636cd976"", ""occ_1187a9382be194b1ca9c"", ""occ_189ff71be8e2149d7a01"", ""occ_1a1d2967246541fa28bf"", ""occ_1f7d78e2ad36a18d1d02"", ""occ_34ec45d96a4ef87be703"", ""occ_3946ad2f8e6143845c2c"", ""occ_42d64065c09f712a568d"", ""occ_42fec3a13e20f18daf6c"", ""occ_435b3655bfa97aa87be3"", ""occ_440886ddbd7f5c015013"", ""occ_56c18634ed07d46787a9"", ""occ_5991b527fde5d51f762e"", ""occ_5be1663fba0226f06afd"", ""occ_5efda2ccef05481f39d7"", ""occ_76a8ecb28847909447f9"", ""occ_7ce7f948e40cf1e1ec8f"", ""occ_8498a6e9b57c23f7b115"", ""occ_893b44f2d2bd90abe563"", ""occ_904be0ff5208a98bc58b"", ""occ_90609f51391c14e9f948"", ""occ_9a6504e717ec43ca5357"", ""occ_9ddf4173705337e93b34"", ""occ_a234a409338ab27e9ff3"", ""occ_a5a94ec35ca740c13cdf"", ""occ_b52161f99119e7a70f23"", ""occ_d159c1e1c898906260e7"", ""occ_d6f28f2e7fe80878a1ed"", ""occ_e7a9700692dbd483b6dd"", ""occ_e812666cab601bdd06e5"", ""occ_f0e6ab71083d4266088b"", ""occ_f4bf4abd2b2b158084ee"", ""occ_f5f514827be2586dca45"", ""occ_fcabef8c122152ea31f3""]",run_d0d5415dcc5fdcae1cb4
term_48085d7c2668d1bb7552,Education indicator,dimension_name,0.98,semantic-hybrid,True,metadata column name evidence,"[""occ_285b5cdb4e9d2ad66c3c"", ""occ_5eda3d1b906e551afad9"", ""occ_63522389113b75a4ce93"", ""occ_78301a30a48c1e114f5e"", ""occ_b51c5d0a89f380c46f38"", ""occ_bf5a86f22f58b3850b3b"", ""occ_e1f9d2ae9b828205284d""]",run_d0d5415dcc5fdcae1cb4
term_051a314066f3913b0b28,Education or training field,dimension_name,0.98,semantic-hybrid,True,metadata column name evidence,"[""occ_6d59360e605d3abf08cd"", ""occ_949fd4f481d572ee4c54"", ""occ_c05d33cb2bcb4f323944""]",run_d0d5415dcc5fdcae1cb4
term_de327733952033f833c3,Effects,dimension_name,0.98,semantic-hybrid,True,metadata column name evidence,"[""occ_079e7c36d3880d462164"", ""occ_0b4e4f5100edc3c93eb1"", ""occ_670c4bde39b96f8d592d"", ""occ_6a62f3edd59659543e83"", ""occ_b3bc0f990f9307f79e10"", ""occ_cf20ea557b5f9a9386bf"", ""occ_e2c9569d92b7d48521e0""]",run_d0d5415dcc5fdcae1cb4
term_7c5a43ee57eba6396e01,Employment indicator,dimension_name,0.98,semantic-hybrid,True,metadata column name evidence,"[""occ_249450bb01444890c258"", ""occ_2959cf1e4eedc2af6f0c"", ""occ_30a0e83c021f619ceddc"", ""occ_5542b5e34affbfe4d364"", ""occ_5d60dcb0511b2a49bede"", ""occ_766816fd73cd96d5a107"", ""occ_91723dc543f29448d4fd"", ""occ_9c4866ba058c9170eb7f"", ""occ_b88c7c1f1b34a96f1b19"", ""occ_d7f7ea172323d4bb45c2"", ""occ_e3e10926e3d7e3934bab"", ""occ_f9a5865fa66a6653149e""]",run_d0d5415dcc5fdcae1cb4
term_06e007ab479e2f4b4e2e,Employment status in the second job,dimension_name,0.98,semantic-hybrid,True,metadata column name evidence,"[""occ_2aa7e79615f8a06b16d1""]",run_d0d5415dcc5fdcae1cb4
term_08e46e1c50ec45963a72,Energy indicator,dimension_name,0.98,semantic-hybrid,True,metadata column name evidence,"[""occ_719ea778f919ab68a91f""]",run_d0d5415dcc5fdcae1cb4
term_c460cd5e6258190b18f8,Energy market indicator,dimension_name,0.98,semantic-hybrid,True,metadata column name evidence,"[""occ_de1dcb787d05cd0d9282""]",run_d0d5415dcc5fdcae1cb4
term_63c0518bb47269a01086,Engine capacity of vehicle,dimension_name,0.98,semantic-hybrid,True,metadata column name evidence,"[""occ_300c3c4925d93c1f51f9"", ""occ_ac3471c92c2dabbd6395""]",run_d0d5415dcc5fdcae1cb4
term_da2cf88601763b4f1fbb,Engine power,dimension_name,0.98,semantic-hybrid,True,metadata column name evidence,"[""occ_15121b4dc9fd26e62183"", ""occ_c334afcb839ca9d7da6d""]",run_d0d5415dcc5fdcae1cb4
term_2cd13ec394a57c389804,Enterprise,dimension_name,0.98,semantic-hybrid,True,metadata column name evidence,"[""occ_0fb807ad1429fe3798ca"", ""occ_1b1d529c2b3d127e1fb4"", ""occ_460afd6dec28cc21b0d8"", ""occ_8eac706be922fbd5ef69"", ""occ_969f6ed2aeed80f677af"", ""occ_9e6e5e3808ad223fd3fe"", ""occ_b94eace85d6fca54aa72"", ""occ_effca09154ad307868d2"", ""occ_f6c8a2e7070d8399b10f"", ""occ_f83337ddbeba6279ed1c""]",run_d0d5415dcc5fdcae1cb4
term_4d14543714bcf00a667b,Enterprise group identification,dimension_name,0.98,semantic-hybrid,True,metadata column name evidence,"[""occ_09fba0ae37ff5cad84c2""]",run_d0d5415dcc5fdcae1cb4
term_57ac2a22629f04dd71ac,Entity,dimension_name,0.98,semantic-hybrid,True,metadata column name evidence,"[""occ_1a2e8b7954f8474a4d27"", ""occ_63b2f0cd4b5f684253b1"", ""occ_7700fe687c95dab1eb75""]",run_d0d5415dcc5fdcae1cb4
term_07a033a44bdca39505ac,Environment indicator,dimension_name,0.98,semantic-hybrid,True,metadata column name evidence,"[""occ_0fe66851a48c5ddc3471"", ""occ_2ab4bc6b1b6891980697"", ""occ_2e6561d3fec94daafda4"", ""occ_4fe1226ad3676a86c40d"", ""occ_51780c415a9aa020213c"", ""occ_6b1d68d1a3116398afeb"", ""occ_84463d3b8a2d6379213f"", ""occ_85aee1a004aabb37dd0d"", ""occ_9777ef8e4670d30028d2"", ""occ_9875af966bd6024759d0"", ""occ_d66e9475bcac372fc02a"", ""occ_e0d8a1fdfd588ba6ee07"", ""occ_e204b8edd76326d22388""]",run_d0d5415dcc5fdcae1cb4
term_52ca3c03c042ca21ee4b,Environment indicator\Time,dimension_name,0.98,semantic-hybrid,True,metadata column name evidence,"[""occ_d45132ee625ec9c43508""]",run_d0d5415dcc5fdcae1cb4
term_461c27730f3ddcbb10ba,Eurofarm indicators,dimension_name,0.98,semantic-hybrid,True,metadata column name evidence,"[""occ_21fcca05d34d4caac5c1"", ""occ_485f9e3c033b975ad040"", ""occ_5c9c53edffad14d88644"", ""occ_8c3c519c4edba31788ee"", ""occ_9481164f96dca0766b2c"", ""occ_ad30d12d7de5ac6d9f4e"", ""occ_e4797c68814893f7f299""]",run_d0d5415dcc5fdcae1cb4
term_059311f1741b8a03dee5,Exchange rate,dimension_name,0.98,semantic-hybrid,True,metadata column name evidence,"[""occ_08bc20cfa94c83cabb68"", ""occ_1525ae883c8f3e822a7d"", ""occ_a4e586cbdf8c7f7d0d6c"", ""occ_fa370dbe936b8003ceea""]",run_d0d5415dcc5fdcae1cb4
term_b14d7392d5a72daa18e2,expend,dimension_name,0.98,semantic-hybrid,True,metadata column name evidence,"[""occ_247f461a5a6625d48b02"", ""occ_661e5bd7e2e057eddf99"", ""occ_80fc5852cebc20233e75""]",run_d0d5415dcc5fdcae1cb4
term_352bf65e5dae06784b8c,Expenditure and investment,dimension_name,0.98,semantic-hybrid,True,metadata column name evidence,"[""occ_c0e2908cbd6e4ce9f4ff"", ""occ_ca2a7cdf3a3693ae6ae6"", ""occ_d9038b57ec98a362cead"", ""occ_fc97960bb75bc60ec9fb""]",run_d0d5415dcc5fdcae1cb4
term_c70cfad13671300f632f,External trade indicator,dimension_name,0.98,semantic-hybrid,True,metadata column name evidence,"[""occ_17bd65b8bd3083989c61"", ""occ_1b98e4e64f3a99c02873"", ""occ_1f4aeebd20398054f3fc"", ""occ_3aa5aab907dfdddc51ac"", ""occ_3bc0dc4b70358d3fd982"", ""occ_457a8c0e4357d6f63036"", ""occ_47402286f40e6971249d"", ""occ_4df4d63c96cd0cc87cfe"", ""occ_56f136c8bc7ceaef1631"", ""occ_7e09361413930690592b"", ""occ_b6e8148faf8f98cf1afe"", ""occ_e3d35d027f9f732bd252"", ""occ_ea3341d94f02ab3c9604"", ""occ_ef2eeafa74a6f131720b""]",run_d0d5415dcc5fdcae1cb4
term_ffd0d37262947fc139d5,Farm type,dimension_name,0.98,semantic-hybrid,True,metadata column name evidence,"[""occ_861337bdd785e1677e98"", ""occ_c6b298f58194f9b29182"", ""occ_db4469bff6b91fafda8e""]",run_d0d5415dcc5fdcae1cb4
term_99a2256d7ec2e4605aec,Financial position,dimension_name,0.98,semantic-hybrid,True,metadata column name evidence,"[""occ_16f5d2c6ad4ad1f83541"", ""occ_1ca6b95a76fdb4441a58"", ""occ_1f2bf5936a079fe2dc47"", ""occ_20e35ff0b9d9014a5b3d"", ""occ_229cc5eb2a0a64f64f8c"", ""occ_31039a93186b1c8b0aa4"", ""occ_3f6400302d850abfde29"", ""occ_49e4e0b4be6b9ac9ad00"", ""occ_4f4d9b51a605a0fad861"", ""occ_54cc31d30b8881e734e6"", ""occ_566ea3ba659809110064"", ""occ_57c8b720c0c283dc2813"", ""occ_5814417c04614d002d2c"", ""occ_5bfeeb27c9159be31ca6"", ""occ_6b134c926135b4a48660"", ""occ_9ac909538405eaa794e0"", ""occ_a070879b48ebd16c7ea8"", ""occ_a65717cce0e47de25003"", ""occ_b3f8ef279db5c4cf31fe"", ""occ_c2d970097f9625787382"", ""occ_c7eff5a9e0a7a4aa696e"", ""occ_d8c225b55a8c153c1158"", ""occ_df50b0343709f75b76d0"", ""occ_ead81a989fc32308082d"", ""occ_eb072594901a4f931c48"", ""occ_fbd9579a6d22403909d6""]",run_d0d5415dcc5fdcae1cb4
term_ac43d9be5b3719bcb8d9,Financial source,dimension_name,0.98,semantic-hybrid,True,metadata column name evidence,"[""occ_b14c13e765eae8285755""]",run_d0d5415dcc5fdcae1cb4
term_26497c6460f559ca5a22,Fishing gears,dimension_name,0.98,semantic-hybrid,True,metadata column name evidence,"[""occ_892e0d2694ba078b4eb9"", ""occ_a9bcb0b6e158a5e6d5d1""]",run_d0d5415dcc5fdcae1cb4
term_86cac7158a73ed70a9b5,Fishing regions,dimension_name,0.98,semantic-hybrid,True,metadata column name evidence,"[""occ_dc33f71692581fa9532f""]",run_d0d5415dcc5fdcae1cb4
term_547e195ecf2996b69ae4,fishreg,dimension_name,0.98,semantic-hybrid,True,metadata column name evidence,"[""occ_2040af17d870a31b8cf7"", ""occ_26a5cf32f2675cea9315"", ""occ_8e6956798e7dba900eb5"", ""occ_a993e97f1e33aa11afc1"", ""occ_d86cacf587653654e8b2"", ""occ_e03ff26e12ac12ef5923"", ""occ_e12b79997aa32cecba5a""]",run_d0d5415dcc5fdcae1cb4
term_ac589d7547821d7173f8,fishreg\TIME_PERIOD,dimension_name,0.98,semantic-hybrid,True,metadata column name evidence,"[""occ_d25aef4f107ab3a4cb1e"", ""occ_dc746873fe397da2e72f""]",run_d0d5415dcc5fdcae1cb4
term_d326a089cb14164df145,Foreign direct investment item,dimension_name,0.98,semantic-hybrid,True,metadata column name evidence,"[""occ_6a4a4948a9c0489d4cd7"", ""occ_7894b1f506c811fe554a"", ""occ_dc65ff7ea8d4757fd76e""]",run_d0d5415dcc5fdcae1cb4
term_7f4038032cd07b78ceb5,Forestry indicators,dimension_name,0.98,semantic-hybrid,True,metadata column name evidence,"[""occ_4fa9dcf43bfc7ce955cf"", ""occ_928cf2f95ff12dbafc28"", ""occ_9c6ee386dd3e2d4900cb"", ""occ_c2781624e6e94950bf64""]",run_d0d5415dcc5fdcae1cb4
term_7b58c4b2082bce2b0e00,Frequency,dimension_name,0.98,semantic-hybrid,True,metadata column name evidence,"[""occ_0e45a21314ec65442ae5"", ""occ_0f49c2cb608092cd05df"", ""occ_1d25c884f07a11185147"", ""occ_1f23c9615c79567018c5"", ""occ_26d64ce01f937fa852fc"", ""occ_2a683bacd80883f4fe6d"", ""occ_3495bd5806bcb237934c"", ""occ_4553fa09f68803789b43"", ""occ_6a2b1ab9ab6be201892d"", ""occ_6b1a8c3a8f2f50c9e683"", ""occ_7348cbaf024e867a1362"", ""occ_788708a81761864c5160"", ""occ_83df9254dc18851792e6"", ""occ_8a41c7bfbffd82185aa7"", ""occ_9cf25cbeaad1556b05dd"", ""occ_a919978ed9828e50eba4"", ""occ_a9a1fe4fcf4d480aa81b"", ""occ_ac297e16bcf84e388c22"", ""occ_b9aaca75918dcc2a72e6"", ""occ_c3bd695227d8601917f9"", ""occ_d58242a7a48dee6e19db"", ""occ_dcc5cd8ea163da49143a""]",run_d0d5415dcc5fdcae1cb4
term_7805345e03a9d8f73462,Fruit species and groups of varieties,dimension_name,0.98,semantic-hybrid,True,metadata column name evidence,"[""occ_759f0a8da89bd77ddeb4"", ""occ_8090febce114763e263b"", ""occ_8605f252cf6bad46e3ca"", ""occ_d845d65e3e1ee7d86e73"", ""occ_e15a052752ad927521e3""]",run_d0d5415dcc5fdcae1cb4
term_b975da0e5f92dcc4e496,geo\TIME_PERIOD,dimension_name,0.98,semantic-hybrid,True,metadata column name evidence,"[""occ_0018229caa78bc3c3a16"", ""occ_0312c37ba2a2acf00ee0"", ""occ_1350cc56f3930492b466"", ""occ_13561b4a8115de876a40"", ""occ_13a1ec1953e978a907ff"", ""occ_1f0d7e415c89b740950d"", ""occ_212a490814e303f5f0b2"", ""occ_230cc9f3fa9101529d06"", ""occ_2a15032a34343c158de5"", ""occ_2a64139e0217cafadd78"", ""occ_2a73963ad609bdeed479"", ""occ_2e92b35bdad8972473e2"", ""occ_31f7c538ae1d19d9dea3"", ""occ_32aa5156e0a686d5faa4"", ""occ_33098e364b7103f49576"", ""occ_39e4c9c5dbe637361571"", ""occ_3ab63f41cc5aed32ec37"", ""occ_3f8da93a27fdebf6b43f"", ""occ_43ba894cd4f2172129b0"", ""occ_441c593718f595ea2277"", ""occ_4c8453aeaecad238793f"", ""occ_4cb7adcafd6915beac23"", ""occ_4e06c8f4ee5117817bbd"", ""occ_4ff247a5f98edca5aa57"", ""occ_509cef1db204c00a4ab6"", ""occ_514ce25d4d50c36ebdb9"", ""occ_5666cc0dc8fea9bed89a"", ""occ_5936536a8393de973bd2"", ""occ_5d1b701d959bae8d905e"", ""occ_6041d8f4cbf675ffdff4"", ""occ_60b446e1d132f3718a11"", ""occ_61938d8cc6fd4d058cd5"", ""occ_63ba7975f43d4af51c47"", ""occ_655be4d2f511da8de01a"", ""occ_65f62311ff0b15c00490"", ""occ_66ae28b0babe5dbb9015"", ""occ_68034e4d815333404144"", ""occ_6a882ab465f29f087b9f"", ""occ_6b4d4affed2e56a964c5"", ""occ_7438f3dba28a8a2f4a9b"", ""occ_752f9e2663081e9eebff"", ""occ_7803b547da0adf98c440"", ""occ_7f69a60109b22fdb086f"", ""occ_83caa5e6a8f73ac1e650"", ""occ_83dd0743c5de9470aedf"", ""occ_84619539cd2c95265201"", ""occ_86dff19bac4b17e9c891"", ""occ_88bc89f81dcfdf96d61e"", ""occ_8a0a7164772be8e56666"", ""occ_8ce75a5b343a0e8956ed"", ""occ_8d87287419e19dcd5667"", ""occ_8e68189b3df9d91c5e57"", ""occ_93a8ffcef7210e1a3df9"", ""occ_9bbad2e43b8b571329ee"", ""occ_9c3284465db5dd5d7a43"", ""occ_a55aceb9486c0488da71"", ""occ_aa9b6ed542327908e216"", ""occ_aaca064630048c39b273"", ""occ_acc83d632e249f570045"", ""occ_af0a964117a0d4c8a9d7"", ""occ_b42071f362ba30a82fd2"", ""occ_b950bc6acfc9b23fe58a"", ""occ_ba871f816c3705144d67"", ""occ_bd02db667f03f0f6cd0c"", ""occ_bded9fbc5cb511a057b7"", ""occ_c3f734465ffd63264d6f"", ""occ_cfdec819749445aa6396"", ""occ_d035abfe0af968b2ad47"", ""occ_d44c4c550f372fee6b44"", ""occ_d9d0fe876b3fe322ec89"", ""occ_dcedf31d84f9be0b4ad3"", ""occ_dd75c79d7692f1d39fbb"", ""occ_e32a6e18438e41dd9a80"", ""occ_e3467ea8375fa07bf1a2"", ""occ_e5fd13d128b1b3458e55"", ""occ_e69b77d68e0df730abce"", ""occ_eb70571abed966cbc7b7"", ""occ_ec13444b12832ab7cd84"", ""occ_ef9a4ae3fa236bf582a4"", ""occ_f0a3359abe0ca2b6557d"", ""occ_f5909c19d522f18c7ee5"", ""occ_f7da4a3862dc577cf648"", ""occ_ff67e7c4430fb0eed265""]",run_d0d5415dcc5fdcae1cb4
term_caa584df34dc4a8a9043,Geopolitical entity (declaring)\Time,dimension_name,0.98,semantic-hybrid,True,metadata column name evidence,"[""occ_61d4e92de56bd98630c4"", ""occ_bde872d6ba334f2e3559"", ""occ_c7544c994a980ff00381""]",run_d0d5415dcc5fdcae1cb4
term_fb7d29c81bdb44d7811c,Geopolitical entity (partner),dimension_name,0.98,semantic-hybrid,True,metadata column name evidence,"[""occ_018c0a24160543b92c91"", ""occ_0e53bb09fd3ca42741a0"", ""occ_0f88d492012bc8347273"", ""occ_1070596e92998fbdde84"", ""occ_11a5f86bbd159c9508dd"", ""occ_156828f2f88591031b95"", ""occ_176dd081221a77504599"", ""occ_189c7d23fc40f5a02da5"", ""occ_1e677d99f3c56a0a3196"", ""occ_2bd619c40dc87e7788ed"", ""occ_2cc665a173790b2aa391"", ""occ_2cd6949c1de24516a247"", ""occ_2e1f4a6ec2dc0cfa3ece"", ""occ_30dd9d48426b00247b49"", ""occ_33c50b76023c89d20da9"", ""occ_355a0c5d402aa2fd066e"", ""occ_37d756ecc820e2647d22"", ""occ_3934f96329f3105320a0"", ""occ_3c0d594e7d0113d6d025"", ""occ_3c53f976da058653fe61"", ""occ_3c59e079cb513d100e27"", ""occ_40cbe3b1dfddc26d4a23"", ""occ_43704732945e51482571"", ""occ_4495b2c72e9ce64dc100"", ""occ_50e750c86bb0c8b2c26e"", ""occ_519a1b1eb8498341af33"", ""occ_529b26ea9058d0bb362d"", ""occ_56bdfb523dc57e345ce3"", ""occ_5b90e0573840d81259db"", ""occ_5bf4e3392b806168c4f9"", ""occ_5e270c05dacf1c2d2a1b"", ""occ_610e590e480963c798e0"", ""occ_613919d3ecd8e1dca51b"", ""occ_63241730ce49e8a0aaf8"", ""occ_64cd54a46a0a80ba8e0c"", ""occ_6fb59664fc4cbe2dbced"", ""occ_7e9b726ad8b7e801e951"", ""occ_8ab147ec5b300ab477e7"", ""occ_8e2e6ce279c95623c8c4"", ""occ_920d6a43cc8d7dc4ba63"", ""occ_951ac9139cfaad7ca05b"", ""occ_953d43cb703a2e86c441"", ""occ_9bd5c17b823ae94ee3f1"", ""occ_9d00de05a7af1592648e"", ""occ_9ec7dc72e96c95d03612"", ""occ_a01a6b2d239a1fb43622"", ""occ_a0b81e3dc548fac6a947"", ""occ_a14e137e3c6f9208f010"", ""occ_a20ae0d9fdbca5fd117e"", ""occ_a2c2bcad797e2aa70947"", ""occ_a6eca0a193669cd2928a"", ""occ_a8e956aec6060b6f6ec1"", ""occ_aea859d26a8f0740361a"", ""occ_b7f835e0ab8832a65512"", ""occ_bb7857b4128771eef848"", ""occ_c1136a586bcc03562c34"", ""occ_c4e2669367dafdb05dd1"", ""occ_ca9fd8440a2deb222c50"", ""occ_ce4dbfd0566aee669fa9"", ""occ_cea3c7fa6b80527691a9"", ""occ_cebce93968f152347fb1"", ""occ_e2974f9c5e73042e4564"", ""occ_e64b235bc2219f59385e"", ""occ_e658d8ab4730b11e8191"", ""occ_f0c4005c38a71a32a9d8"", ""occ_f240be59cf06f2e89ce6"", ""occ_f3d39e87b5e7265a4528"", ""occ_f54b6fce7b3d8b16d05b"", ""occ_f594f6394ecf03a35486"", ""occ_f82851433c7f05cdb349"", ""occ_fd002fb5e924cabfdaea"", ""occ_fe4f6cc7f2eb1bec2297""]",run_d0d5415dcc5fdcae1cb4
term_35975748a90d4fd0a6ce,Geopolitical entity (partner)\Time,dimension_name,0.98,semantic-hybrid,True,metadata column name evidence,"[""occ_5256678926640d40b0b6"", ""occ_8913bcb9419733683260""]",run_d0d5415dcc5fdcae1cb4
term_f8f32bf8f8d272d562dc,Geopolitical entity (reporting),dimension_name,0.98,semantic-hybrid,True,metadata column name evidence,"[""occ_05b8e638fc214cc9d589"", ""occ_143812c7e2e3ced31802"", ""occ_a3d7de371e2d2dfd98c1"", ""occ_a67f6f1aeecdfbcd138c"", ""occ_ae4afdc7cb33e0846b04"", ""occ_af683375b0b477440b6b"", ""occ_b5a4a1b48c75ef154732"", ""occ_dbec3d6e3e16cb2206fe"", ""occ_e6add27c275e4986741b"", ""occ_e8512d011dac2909018f"", ""occ_eb2308107b5b6c3d0696"", ""occ_f3680f1b790fe1bfe17f""]",run_d0d5415dcc5fdcae1cb4
term_87ccd55e6ba1d67e7996,Geopolitical entity (reporting)\Time,dimension_name,0.98,semantic-hybrid,True,metadata column name evidence,"[""occ_002d4a6274a0614d9d17"", ""occ_00688086d189c8c606fa"", ""occ_009939d0f32dcaf1d83f"", ""occ_00de5f1b628671d5d64f"", ""occ_00fc1f82cef209efee42"", ""occ_010c195c5e33cb3ac57f"", ""occ_0123fb66337b5ffc7fcb"", ""occ_0162e855429663bb7c4a"", ""occ_017f27870fbb8b597c0f"", ""occ_018f50bea1c03fd25eda"", ""occ_01d0a4891787940a8e6b"", ""occ_01e344cbcae1d65e76d7"", ""occ_025fb6a85d4b43d1ed54"", ""occ_02874c14038cb1cf859f"", ""occ_02d6568286d0df217a33"", ""occ_02da86ce28d01120ed8f"", ""occ_030d95129d30564e422f"", ""occ_035f7420de388e11dcce"", ""occ_035fb9803e031335f61e"", ""occ_03635c1a88dd5f8f0d2b"", ""occ_037c24759e4f2f2a9f91"", ""occ_0397bb248504e9ba1f5c"", ""occ_03b8387d16281052b289"", ""occ_044d26852088207a8bc9"", ""occ_044fdf20c4a8e8abbc77"", ""occ_04578217932ef906fd02"", ""occ_04661009398c303bc0ae"", ""occ_048a193932b18cbe0c44"", ""occ_04e21c094dc49f7e92f0"", ""occ_04f3060bd5de758e7f52"", ""occ_04fc05b54dc6740bbaaa"", ""occ_052b1d43dc6f3f10bb87"", ""occ_054705fca3bbebc7f85d"", ""occ_0555e3ac2b457bc0f8e5"", ""occ_05883f3c9c4d5e453741"", ""occ_058cd93b1f33263eed67"", ""occ_05afc445c2a75a7808d5"", ""occ_05ef815c24ab61d3bf31"", ""occ_05f680a54a1a221069af"", ""occ_0615de73d85db1543d94"", ""occ_061a0e4048a49095aaa3"", ""occ_065fb8bb4618205372e7"", ""occ_06833f1c567a8777a52c"", ""occ_06ac4cf91301a9b2ef9f"", ""occ_070063d324ebb87a1be5"", ""occ_0707707ca0e06530c1fd"", ""occ_072c81f181fa76568181"", ""occ_072dc5c544c2f9d3caa0"", ""occ_0748bfb5402c50a4857d"", ""occ_076e2939a19c951a214f"", ""occ_077fda2432abd241cf7b"", ""occ_0797b6609456bf80d20d"", ""occ_079a5527b595d6626950"", ""occ_07a2f73a2ec655064854"", ""occ_07a725cdcd491fe43c54"", ""occ_07a743e392eb27cda4a3"", ""occ_07b3a8925e9a3fae8fdd"", ""occ_07d0424522cd1112a207"", ""occ_07fa3f7835b6fc521b91"", ""occ_082163ab3602d3ac5827"", ""occ_082696e8e17789ec3b5a"", ""occ_086e9b7a11f358a96e7f"", ""occ_08b5fd7ff4a1c37c6992"", ""occ_08de654d8b9a76befd41"", ""occ_093a6a14f5af13cb55f6"", ""occ_0979b34dad78d2c8f601"", ""occ_0985200db3e1e0168a69"", ""occ_09bdbb78e3d173fd3635"", ""occ_09c5360d2dfd2e554ca0"", ""occ_09cda403b9d3a9af000e"", ""occ_09e4b078ba68e9f52627"", ""occ_0a27182d94054a9b0390"", ""occ_0a2e94fc81f81c8fa181"", ""occ_0a319fadbf28cb9d6aa2"", ""occ_0a5a64430de92e763c2d"", ""occ_0a8d4413d67aef098295"", ""occ_0aa8f31ec6cf3a49db9a"", ""occ_0abafbf153b3bcb86fb7"", ""occ_0af8c053d4447f7eecfd"", ""occ_0b19d180d376373bddaf"", ""occ_0b260b057475ec5cf927"", ""occ_0b30ac1948cafd2cf7de"", ""occ_0b93d0c1dd1a092739a2"", ""occ_0b9b4b1cb70956fa4e93"", ""occ_0ba5d09940155a6cabac"", ""occ_0bcdff4a8eec3b9cd00e"", ""occ_0c35696b783a8a476bda"", ""occ_0c3ff6af54432aa6023d"", ""occ_0c908f339edcda3307b7"", ""occ_0c98574e3641c32ded02"", ""occ_0c9e731fad44b4dc7efc"", ""occ_0cfa4821c1423949ca79"", ""occ_0cfe94260f352384057d"", ""occ_0d0c8fb20ad0cdcb0abd"", ""occ_0d42d46ecde89c9c1e81"", ""occ_0d55c64a774d85f2f6ee"", ""occ_0da0706682eb76c0241c"", ""occ_0ddce0799cc0117cf14f"", ""occ_0def8234cfb25c39427c"", ""occ_0df7708d4d76b7b68e43"", ""occ_0e00df6148458688543c"", ""occ_0e447fedab0d820081f9"", ""occ_0e49e27396b0e17f6190"", ""occ_0e8d453d83483d52b953"", ""occ_0e8da79f9e04cc98ccff"", ""occ_0e96d5fd166da5934aaa"", ""occ_0eacef375919baa4a960"", ""occ_0eda1b5a352c8b933bf2"", ""occ_0f028a26be14b305db3d"", ""occ_0f0e82e7633be2bbbe9a"", ""occ_0f0e9e5aafe4e140c96a"", ""occ_0f2622714f69bbe319b6"", ""occ_0f62110c119bed6fbe8a"", ""occ_0f88726f9ed218eee870"", ""occ_0fb6752de79d5f028af8"", ""occ_0fdbdf61023c24a6bfd6"", ""occ_1016e18f3616ff3f537d"", ""occ_10a132b08c49c08bbc93"", ""occ_10a9f12ea998590843e1"", ""occ_10c272cd7a72dbfa3317"", ""occ_10c4bacb2b0e6cbc4418"", ""occ_112c2121c2fc2910be25"", ""occ_113ed80e94c0b81b4719"", ""occ_114858c0564f9a42e7fa"", ""occ_11704e97c98ee8c03ebb"", ""occ_118133efefdb3455414e"", ""occ_119e1e00cb481f00e3ae"", ""occ_11a6d663fa9e4ad9cf60"", ""occ_11b0486dae8e2ae5f165"", ""occ_11cd5cc8124890695eb6"", ""occ_11e99152df4dd593ef6c"", ""occ_12456d36f77b844ae859"", ""occ_125e00353ac39c818f59"", ""occ_12653b25055dd5594619"", ""occ_127fe846f7c975aed2a9"", ""occ_12d828b350271e14d9e1"", ""occ_12e2439a3e4b90c56f07"", ""occ_12ebff7ba8a5e9dd5cf5"", ""occ_130d3284b3e07e66aa68"", ""occ_1314db6ffae019d2e404"", ""occ_133e2e9dac39bffc8df3"", ""occ_1352bb08fdc74c3c1048"", ""occ_13691c67808f923f127b"", ""occ_137f9204840fe8b9a5d2"", ""occ_13a0786087a612639525"", ""occ_13b3819c5a468e059762"", ""occ_13c0fec6ace402bc4137"", ""occ_13f92681f69ed71d7125"", ""occ_14270ef311fcf397c2fd"", ""occ_14358e529db62cc4d997"", ""occ_1442a2bd34e6da9028fb"", ""occ_14472e78de2a99c9404f"", ""occ_14715decd9a4b121a081"", ""occ_14a2cd8a59b3ed6644ab"", ""occ_14ad500bb0261e1ae9fc"", ""occ_14b1d8222eab3f291a23"", ""occ_14c62602ecd82099da72"", ""occ_14fb264b315da7a8c05a"", ""occ_151dced86490bc9833cf"", ""occ_153c576e2d26e489740e"", ""occ_154792ffdd736f1d219c"", ""occ_1549a8af200db4d544e0"", ""occ_1576ff925571d7d176c6"", ""occ_15938c14d64357f8b48d"", ""occ_159a8058a86bd8ef0cc3"", ""occ_159ee06085405ea63298"", ""occ_15a75b6c73edd1af3727"", ""occ_16082128097c24b7336d"", ""occ_16135e931bc367c9187f"", ""occ_164260f31e948da8def4"", ""occ_165b745c991a6edf3caa"", ""occ_167697cafb650850c2f1"", ""occ_16a6a1237c0a82f5ac0f"", ""occ_16c583fc2648c8309408"", ""occ_16c8f20d17d4ebeb5897"", ""occ_17644c1ae54b778133f2"", ""occ_1770588fd378de656ee1"", ""occ_17c90c4b6b43026fe3de"", ""occ_17d4b140545ce6693451"", ""occ_17f14a033d290e9d9640"", ""occ_17f158a250fd9686e6e2"", ""occ_184994691f912b75f892"", ""occ_184ea5b5fade6b603da9"", ""occ_184f92df3726fb1a4a78"", ""occ_18700d98b8d6bd40122b"", ""occ_1875bcd7f4d04e4abae9"", ""occ_1895b16ac110f77ca5ca"", ""occ_1897211fd3a0921474b4"", ""occ_19190974e0e7a15ccf06"", ""occ_1944692bcd07d7dfe3f1"", ""occ_1947aa88d849bb5a457f"", ""occ_198bfb269cdf6ac3a96e"", ""occ_19a40b60e4f8d489fe31"", ""occ_19c2a9d968045127ffa9"", ""occ_19c827deea5d1441c6cd"", ""occ_19ccf60acfaab0b0161d"", ""occ_19e1a9e70405a51cf6a0"", ""occ_1a055c4135b878678779"", ""occ_1a0cbe7a49dec7e8a788"", ""occ_1a3f6b17cee47dcc6256"", ""occ_1a40d093a0d9e5850c02"", ""occ_1a6fa83d84282bf5fd5f"", ""occ_1a6fc02756b62641a3aa"", ""occ_1aa15ff66783e83503fd"", ""occ_1aa8b348421959a80a2d"", ""occ_1b4ee6a6afdc45df8fc6"", ""occ_1bba33f8efb8dbcfd873"", ""occ_1c20bd6bd5df0835181b"", ""occ_1c248f2788d21014415d"", ""occ_1c32046bf54832f55ac7"", ""occ_1c3ba595326350a5c7d3"", ""occ_1c4262edec6536bfc7ba"", ""occ_1c4b52d16d2f55e9ea73"", ""occ_1c7719561925a2819467"", ""occ_1ca405b718c30d3c6c54"", ""occ_1caa84fcce45c98f66d0"", ""occ_1cb5cbf16e0052189437"", ""occ_1cf220d74b50f9f5faaf"", ""occ_1d11ca84f1cc08bac9f0"", ""occ_1d27240f341e1a959026"", ""occ_1d35301f4de47fb6d8f2"", ""occ_1d37f81e48ca7f8e285a"", ""occ_1d4b48d9564ad160a78a"", ""occ_1d5ba2bd5ca737e0c256"", ""occ_1da7875e44668b8df53b"", ""occ_1df2d1a73e3e56e5616a"", ""occ_1e2147514e85b0baae03"", ""occ_1e2d18fd3b24e2310279"", ""occ_1e3097fb5f3f1566e076"", ""occ_1e51ae12c4f10f6a1a66"", ""occ_1e75d4a5fe93c784806f"", ""occ_1e7de936689a3b0afe73"", ""occ_1e992cee5ab2013839f9"", ""occ_1e9e1e19ed08911f1120"", ""occ_1eb4d85a67e86927e956"", ""occ_1eddd6dab8fc8395b763"", ""occ_1f023dae41708d35eb3e"", ""occ_1f223dfbb62a0973eb2b"", ""occ_1f2df9603b57255e0e13"", ""occ_1f35ef9f289b215f9077"", ""occ_1f6479b7fc1e31cea733"", ""occ_1f7d07af0fe8660e7a5a"", ""occ_1fa61f6c9c6c140d73cb"", ""occ_1faa3576b49789d6ec98"", ""occ_1febb6b35521e288d8d7"", ""occ_2015843bba1e97288d4a"", ""occ_204a9864f45d8ff6cb93"", ""occ_204df60b45c5b6ba5a8b"", ""occ_209ce9b13ed46fc02bd7"", ""occ_20a466abe0734b17c6ef"", ""occ_210dd06998a2dd7ea3a4"", ""occ_210ec5cbd0dafb382831"", ""occ_212f5704119c54b6323d"", ""occ_2164b36d2a15b9b5b843"", ""occ_21d70d3717276c300d26"", ""occ_21e634e2a823023fdf76"", ""occ_226dbc697790f69aa2a9"", ""occ_22d7f650d70494c79bd5"", ""occ_22f61eea1857666f8ffa"", ""occ_230553f02c638a16b6ea"", ""occ_232b860b6e4b266d9d56"", ""occ_2347039d1b93e05db677"", ""occ_2367af2c1d1c3273b59f"", ""occ_23bdf7d5f9bf3926fbbc"", ""occ_240bfdf2819176e95dec"", ""occ_24650fcd6ae50e65f1c3"", ""occ_248c23d0412ae424ece0"", ""occ_249b029f223433f70173"", ""occ_249c25dbc18a8f709e07"", ""occ_24dd38496dfe1151a67d"", ""occ_2505b5651bb3bc32e064"", ""occ_2592490013bfd4783ef9"", ""occ_25b22b03bdda77fd1289"", ""occ_25fc9b7ababfc308bf6e"", ""occ_2624744708c832e3aad9"", ""occ_2696c88737db049367b4"", ""occ_26a97929f80d6d4d1574"", ""occ_26b6670e0c3d109b8bf1"", ""occ_26f99b28863736e240ef"", ""occ_276b606fcc6929370975"", ""occ_27a036e918af8ed23793"", ""occ_27b2f2d8207e1c0ef949"", ""occ_27ee36613566e9e4f971"", ""occ_28213359a911dc7fb405"", ""occ_28395f264a38498ab285"", ""occ_2844c31736fc672147d3"", ""occ_28a5cf72d5951cd5d0aa"", ""occ_2990bef7bfd225dce76c"", ""occ_2993e6c70a711632b6be"", ""occ_2994c9a957e20b72b06e"", ""occ_29dbd6f689bb14667fc6"", ""occ_29f9e2bb7d67f105a00a"", ""occ_2aaeede932019f1034bf"", ""occ_2b6584e90ec1e61ea510"", ""occ_2b79f3d6a86f7189737b"", ""occ_2b8460661ebc2a6d0464"", ""occ_2b9aaf08a2ee8b94b32c"", ""occ_2bded68de6c594da720a"", ""occ_2be43b2e41f9d6809549"", ""occ_2c0d832db528529899f8"", ""occ_2c2f527cad28dbbdcc88"", ""occ_2c9f91530d4bc81ca3d9"", ""occ_2ccb8268088de3317ac3"", ""occ_2ce363b5ae6d0a384b92"", ""occ_2d3513f7b251c247b3d3"", ""occ_2db70172c65770a7ad49"", ""occ_2df00e1afd202f2da1e1"", ""occ_2df62e62a5cff309fd8d"", ""occ_2e04df1e4f3695227947"", ""occ_2e0b70cedc2237b9d008"", ""occ_2e3499586e356ee9105a"", ""occ_2e6e67adb733f301a105"", ""occ_2e7ed6c799ba2715b441"", ""occ_2e8361b63183277a1ecf"", ""occ_2e87a776990ca8b55714"", ""occ_2e98e212c678429101d1"", ""occ_2eb7471984b9f8bcf55e"", ""occ_2ed81b2f363d567ddc2e"", ""occ_2f2c9607784d2e5ecf8e"", ""occ_2f79989a16bd65f11b5b"", ""occ_2f7eb2bf13022821cdef"", ""occ_2f92ed40c8fb6c73d70d"", ""occ_300905416e5daf476e20"", ""occ_30627d322036ea46ed32"", ""occ_306d14a02640a5653f26"", ""occ_3076888931d38832c8e4"", ""occ_30e7e32dfb16699addd8"", ""occ_310d27c2f03f15e0a33f"", ""occ_31261cfed22c3bd12a77"", ""occ_314d63b0b1950fd8341f"", ""occ_31644ab7319e21cc48ef"", ""occ_316eab9c2a39d9b85059"", ""occ_31731ecfc3d0010223ca"", ""occ_31838bed506a024c37a8"", ""occ_31bacd8d17fe77c9d9ad"", ""occ_31c5e4ef1b87edd17c30"", ""occ_31ec0b63a46d33f5a2e2"", ""occ_31ee0c5d484558053f3d"", ""occ_32086dfbdfbece1922c5"", ""occ_32405b4c41c0448d2a5c"", ""occ_326900ef8e303e66eb3f"", ""occ_326ec139b4d7f024e23f"", ""occ_32cf45c366e3ba0a5e03"", ""occ_32fed809fc0d40486a1f"", ""occ_3339b0793ce1ed763719"", ""occ_333f13ded969633b61cc"", ""occ_34189bc30f50f42af16d"", ""occ_343670ec16440035f5da"", ""occ_34393a51ee42dca6552a"", ""occ_3443a700e148952d7e37"", ""occ_3465a7e0d245f0f4451f"", ""occ_347c26d3ca127606249c"", ""occ_349c9fadcee92bf9d0fe"", ""occ_34ae161c42dfdc8421f2"", ""occ_34caa95ed2a36197bbdf"", ""occ_34cef46feb0756680797"", ""occ_34ffb3a9ea3b60faa553"", ""occ_356c090e345c1bc3ddd9"", ""occ_357671585836d64dc86e"", ""occ_35bd473b61348fac1930"", ""occ_35d0f810405ebfeafd0f"", ""occ_35e19f722da237ead625"", ""occ_362ccbda4aa70e310d5a"", ""occ_362d4528faa409205d72"", ""occ_364c6fe6bb5017acec5e"", ""occ_36647d3f0b67be8f1c65"", ""occ_36952d74f8c120ecd91f"", ""occ_36e4bba722270d093a4a"", ""occ_36fb52a76667e29cddd2"", ""occ_3730f51c46db0e48622f"", ""occ_37704830df7a61233b48"", ""occ_379997b7de7b95d46af8"", ""occ_380387a20692b44ac818"", ""occ_38287358dda3ca7acb96"", ""occ_3853cd671129ac406ece"", ""occ_3870ccf8b240e9c93fc4"", ""occ_3880f55a878bd1dd98af"", ""occ_38914da22ca4a181efc3"", ""occ_38b71ee110830889c8bc"", ""occ_38d47f12403994404054"", ""occ_38ee8e079907c5d3c942"", ""occ_391ce0eb116a13930038"", ""occ_3949af074902193f5ca0"", ""occ_3984975cda21199d671f"", ""occ_39965b50485e4cb3b6c6"", ""occ_399aafd3ceab802331ab"", ""occ_39b9fc0dd00aa7a6e5e3"", ""occ_3a21da0688be61629361"", ""occ_3a55fe6067ffc8a356cd"", ""occ_3a59004926c9461d2031"", ""occ_3a6c81e6192217a84a34"", ""occ_3a6fd042cfc575ac4349"", ""occ_3a77dc1849ad8760798b"", ""occ_3ac76306e4e871cccaaf"", ""occ_3b22ece99fba7ca42bfb"", ""occ_3b71f5199f261d5c6d6a"", ""occ_3bb1c1291c4b499d9707"", ""occ_3bba9ffb3b263dfcef75"", ""occ_3c427ff891cd4a084fe6"", ""occ_3ca61d0c6b6195074caf"", ""occ_3d2859ff90e827bef494"", ""occ_3d51319a80b368bc16b6"", ""occ_3d58099cc741dda5972d"", ""occ_3d8aa0ba7dbd863271d4"", ""occ_3d9aaf82e8eb915316c1"", ""occ_3e13bc34dc44a5987cbd"", ""occ_3e1c49609768cd7ab34d"", ""occ_3e3fcbb833037b1e0a40"", ""occ_3e4cb7617fea76110057"", ""occ_3e7a2024724c9511c561"", ""occ_3e9600e0b7988ad9b5ea"", ""occ_3ed1bd475fcae615f6f2"", ""occ_3f10b7b0f1ed1deb70f9"", ""occ_3f2913ec7a42de30471c"", ""occ_3fb25991e802c52765e9"", ""occ_3fb5b37d26e241bd34e9"", ""occ_3fc234895d3ca1fa852f"", ""occ_3fee9ad0472759d519ec"", ""occ_400a58765d1a5427ba3c"", ""occ_40113971bd516335ce6b"", ""occ_40385ed79498c804c23c"", ""occ_4051d545c793c589ad69"", ""occ_405af7a6d1a85b61d729"", ""occ_4075f58ab1cc03622df6"", ""occ_407d6f4fcb4e981f0634"", ""occ_4081a4e79b14d58bce26"", ""occ_4094eb3caf565e4cdc62"", ""occ_409ce23f3e4c8dbfdc11"", ""occ_40a6577bd34c1ceee0fb"", ""occ_40a661001d61261ab6a5"", ""occ_40bcd2c3d317d771e8a3"", ""occ_40d105cb7170893a988a"", ""occ_40e17cfaeccca76b182c"", ""occ_40ed9c2872bff1824d3f"", ""occ_416f17a3ba8d65124f8b"", ""occ_41bf5a3067a5ea156544"", ""occ_422f22c206f27f63fec7"", ""occ_4240af49555eabbf3d96"", ""occ_424e439f4a6a1036f2e8"", ""occ_42b842dc57667fa5c641"", ""occ_42c717f55ea68f904a4f"", ""occ_4312df02cbe8de40664c"", ""occ_4327a00aef5c7586f646"", ""occ_4327d1def9c8eaed3651"", ""occ_434bcbb9675fa1c8b4f2"", ""occ_4357294fb7ad166b61fe"", ""occ_436a635e89a0e911dfc7"", ""occ_437c254dea69ace1a4a8"", ""occ_43a2878c297a5e70d03f"", ""occ_43b20d2fb5a3b3f1c239"", ""occ_43f3a58ff96f656a31e9"", ""occ_4403c30656f1ca12fe87"", ""occ_441d3a841be5e3e6c403"", ""occ_4431f5482329d940d62a"", ""occ_4450a1c02d9e9f6f22f4"", ""occ_449ab847f1fc3825b722"", ""occ_44ab688fe40ad3642b18"", ""occ_44df46cbea2969d8c120"", ""occ_44e13d784113f1522a02"", ""occ_450aab46e4e3f9c70e10"", ""occ_4520a6c0b23fc2d27dce"", ""occ_453b912cd954096fc37e"", ""occ_45631f80a24fc2801d4a"", ""occ_4584f3e47063b480d508"", ""occ_4588a73f289a00e4e01c"", ""occ_4589cbdd11fca69d0dee"", ""occ_458eb3aa989359804678"", ""occ_4605a855292acbfa502d"", ""occ_461fefe0b2ca0c37ba69"", ""occ_462eaa5dc9728ae9871d"", ""occ_464302ebfdac4a2f2332"", ""occ_4645a5d5f7dbaafd7c26"", ""occ_465d8c258c8f84f9d232"", ""occ_468d8d700b22b9a45b8f"", ""occ_47013b8998b4d707d79e"", ""occ_47091d9768561bf0812d"", ""occ_47177538ad101efc6c34"", ""occ_471d9a5edf9187c5df1a"", ""occ_471e371721da511a7e25"", ""occ_472ffb2030aa7e264553"", ""occ_47f517efe81260666d39"", ""occ_4861f5c8c5d88b826abb"", ""occ_4867d670e064648743db"", ""occ_48822748c1785b462c68"", ""occ_48972310cbdb3315c082"", ""occ_48a786e271af0295d69b"", ""occ_48c44d0e61ebad744dd4"", ""occ_48c7e024709766971677"", ""occ_48da0d369eefb70b9709"", ""occ_49b4d32da5312f357f8d"", ""occ_49ea78d50d3e71695546"", ""occ_4a59d50a93946b462a41"", ""occ_4a77e7a4dd302c6af3d3"", ""occ_4a7d1a0a23679e0c5875"", ""occ_4a8cc44c715c977ceca4"", ""occ_4ab702583fdd67740c14"", ""occ_4ab757a9bd710ab2650b"", ""occ_4acc9bcdb0ee8317b5b3"", ""occ_4acd2b4797ffb4852456"", ""occ_4ad9c90dbdff65029b57"", ""occ_4ae8de64bb6f49d9c18b"", ""occ_4aebc2aaf4f78791ea9c"", ""occ_4af6f73c2625b552bbb5"", ""occ_4b09e061d696df48fe13"", ""occ_4b286d13270e660bd1dc"", ""occ_4b451367cde277d6f66e"", ""occ_4b5dfac4206fb217ea0b"", ""occ_4bbb36f21646aa032664"", ""occ_4bbe472d1660a89427f2"", ""occ_4bc2bbf7ccb5498039fc"", ""occ_4bdbcff195395e57879b"", ""occ_4be7c031815152c23a8d"", ""occ_4c1a6bd679c8e889ca63"", ""occ_4c2beef2d772fc268949"", ""occ_4c93818b3530eba8e8d1"", ""occ_4c9b9015dcdb80bd5df4"", ""occ_4ca88c23f796d1f0a6d2"", ""occ_4cc7f225944ce4538d03"", ""occ_4d10bf625c9813e8bd62"", ""occ_4d292829c753108959ad"", ""occ_4d33f1f5f19e171e1f36"", ""occ_4d3a062d040d3e0c6b99"", ""occ_4d59f8dcf596fe81dc4f"", ""occ_4d7381e066f0d1669d58"", ""occ_4d7fc405acde2f0458d8"", ""occ_4ddd25be2df41a048343"", ""occ_4e0ce8f24cac93d00fb6"", ""occ_4e21af630c249b082184"", ""occ_4eabe6f9b2149bdfa707"", ""occ_4eacfeaf2fdec2363f21"", ""occ_4eb15b6abcc8f72be479"", ""occ_4ebd94e552f3219584b6"", ""occ_4ec634a5a7bd4dace5ce"", ""occ_4ecf4855ebe4fd4f6726"", ""occ_4eea64fe2d9ead446061"", ""occ_4f2c7c4c0e3dfcc4473d"", ""occ_4f51007fe37e561a18f2"", ""occ_4feb4a9653601e0e0cb4"", ""occ_4ff0a57e59121cc12729"", ""occ_4ffdec78bf10b9953abd"", ""occ_5077ed053cdf4fa3aa23"", ""occ_508e933e33f862b8bf29"", ""occ_50a2577dd32a841b1824"", ""occ_50a41602335adfe29ccb"", ""occ_50a9c55d2da35a718746"", ""occ_50d0416932f3952f1b39"", ""occ_50d65654082b12811597"", ""occ_5114b082ddee29a7b7c4"", ""occ_512384b8608c2d240347"", ""occ_5198e476372ed8c71c67"", ""occ_51aa40ef7a676184eaca"", ""occ_51c59db4891195023fa5"", ""occ_51e0359c509ddf4c4029"", ""occ_5230d7e264ae3a3aaa3b"", ""occ_5261b7657f776a72fd49"", ""occ_5288cabfda711c3306c5"", ""occ_52950e57ca3f474c6e04"", ""occ_52b3239dcb471965169c"", ""occ_530b7d0dd6fc260f17c5"", ""occ_532dd2542cb7ad6529ab"", ""occ_5343193906cded837f60"", ""occ_5366ea99b64a5a370032"", ""occ_53a92143d33ccd282891"", ""occ_53b55301a3a476ecc330"", ""occ_53c8bf2536cb19c30c06"", ""occ_5401755f5183551bbcf5"", ""occ_5401f26f7ec6e778fd0c"", ""occ_5411af26f4569d218d8f"", ""occ_5437851f0843748e7f2a"", ""occ_54669a95529b14906516"", ""occ_54ac809614d9e00f0e0c"", ""occ_54c59fac14344c6d6c30"", ""occ_54d576d9680b3190a78b"", ""occ_54fc44578041257d608d"", ""occ_5585f6450a453c648799"", ""occ_55e90a8c11f9dd9fa5af"", ""occ_5605474d58f4f1cb0010"", ""occ_566f18877e0b523ecb6c"", ""occ_569e5eab545c4475bc91"", ""occ_56a54bcdaf48981dbf6e"", ""occ_56e23becc21922015a49"", ""occ_56ec9ad121ca8d5125c0"", ""occ_5739ec68c176c949c185"", ""occ_576847a7f462744d3c7f"", ""occ_57989d8fa9cfb954c25f"", ""occ_580302fc285edb6a93c0"", ""occ_583b7adcbb0ab0239c46"", ""occ_585dd87563c4a5b1989a"", ""occ_5881393aebd3ac5e323e"", ""occ_58ae1220c5ae73ebb431"", ""occ_58af8382b6aba225df92"", ""occ_58f2565d33e0f97f6edf"", ""occ_58ff22bff519f2c55cf3"", ""occ_5955f6d74bbf86b10b54"", ""occ_5974f39d98991a5ca581"", ""occ_597caa51af00ca9f9289"", ""occ_59848977d35262945cc0"", ""occ_598b265a9f8c92df8f6c"", ""occ_59922c589d140621d0e2"", ""occ_59c443f8f36a419f2a36"", ""occ_5a030c7e723508239bc8"", ""occ_5a0666b1e6ece6147e7a"", ""occ_5a6923a7917b34de1f9f"", ""occ_5a8e293756262e8342fd"", ""occ_5a95b428b3213b4dd888"", ""occ_5aaeb252cc07bac9745e"", ""occ_5ab920814ae44e18378b"", ""occ_5ac1141c3b4bbe7c7e71"", ""occ_5b05ab7acc6a87935408"", ""occ_5b0df03bd15483fd0fd1"", ""occ_5b276d8ddb41511f7dc3"", ""occ_5b3e9294d89543c03c9b"", ""occ_5b4c5ebe4f3302837072"", ""occ_5b5fc19178f540355652"", ""occ_5b62d4fb1c34b7a655f9"", ""occ_5b830d5b30c87f45c569"", ""occ_5b83e0bb58927c2183ec"", ""occ_5b89592aea9bf4b3dc32"", ""occ_5b8b1ed25824a6c25596"", ""occ_5b90a0e2100fb21c9ee9"", ""occ_5babb5350213e7e8cd26"", ""occ_5bbbd092d8b93174ec7e"", ""occ_5bd11baeee69df4ce4f1"", ""occ_5be2f515c0d3deadb5b8"", ""occ_5beba13182a7691f008f"", ""occ_5c22675952495a14ea28"", ""occ_5c4275824ea1812381ec"", ""occ_5c608cef897aae7bf345"", ""occ_5c6b98abec36145fcd40"", ""occ_5c90553adbb767b03510"", ""occ_5c9b8c16234ffcb804a7"", ""occ_5cf3dc6f95a58febc975"", ""occ_5cf67bbc07b982138554"", ""occ_5d3813d3309d96af3dbe"", ""occ_5d779d7d546fe95f4aca"", ""occ_5d7e6d2c9282da8cee0f"", ""occ_5d8c7a6c0e10c9c7ffed"", ""occ_5e0318f1c1202904244b"", ""occ_5e69824b15cecc6f7147"", ""occ_5e6cbc747d6533876adb"", ""occ_5e7fc5a2b8a5b6eae716"", ""occ_5e847003fbdf97cc709d"", ""occ_5eb0738b3b6be8610b22"", ""occ_5ebea8273b80071038ff"", ""occ_5f02242f08f27ae40bf5"", ""occ_5f2a301fd61ba2054bea"", ""occ_5f3032d43a4c989ff53f"", ""occ_5f420cff2b8e08cfe6ed"", ""occ_5f7cac4d918f212a14e2"", ""occ_5f83d246d2351ead470f"", ""occ_5f94f9b93e96a8ba060d"", ""occ_5f981bc7d2dc3ee60a8c"", ""occ_5fa1d8496ecc875f83a0"", ""occ_5fb318464b032d36a657"", ""occ_5fc33a847a52cd143c4e"", ""occ_60033d30168048ce6b1b"", ""occ_6017341dfc184ffd2fc4"", ""occ_60612ae1b5d76954051b"", ""occ_607e6c353dd846171048"", ""occ_60aeff29b373847c0528"", ""occ_60b9ec6cc39da43e596d"", ""occ_60dea33c0cddfe55745f"", ""occ_60e165886c0b117e8b72"", ""occ_610f9ddd55dc33298606"", ""occ_611322954b5c8dc1adbf"", ""occ_61166a034378b6c293e7"", ""occ_613f1173a286de0593f2"", ""occ_61662ca59ae477ad842a"", ""occ_617c1e93aa0f17e11e91"", ""occ_6182aaa85789ba519b8e"", ""occ_61dd1f5d193b7597e537"", ""occ_61f43477531dd66e8963"", ""occ_62039cca247652eb5397"", ""occ_623c6095b8304b525b23"", ""occ_626094ab163336b10eb9"", ""occ_6275150a50d61af4afc1"", ""occ_62934d6cc577344483f6"", ""occ_63069fbca1cb3c151a99"", ""occ_635587a0dda3fb7c52b9"", ""occ_6391e2270bb8d48a91c6"", ""occ_63c01cf9d07a7096bfea"", ""occ_63e4c860c7f8a85fe065"", ""occ_6410ecb1ea0d21a77346"", ""occ_64677483072219b1af9b"", ""occ_6483ff00c39aa057809d"", ""occ_64aafc56f4c6ed8f8a7b"", ""occ_64d197fe2ff6d81cfa67"", ""occ_6507eb78eeb9984d29a3"", ""occ_65957750d926469e779f"", ""occ_65ad8649ff61bbdd94a0"", ""occ_65d8c05702585bf8d5a1"", ""occ_67060185577908673408"", ""occ_6712ccf9eb014ada83ae"", ""occ_671b7bdf0c12e3fcc0ac"", ""occ_6774c8190af4e79bc349"", ""occ_680f48404ed74dd14572"", ""occ_681d19d69c54af2dc861"", ""occ_6826fffacb85b7843794"", ""occ_682c1ce1c7e16ee04c19"", ""occ_684bca55861b214f6bc3"", ""occ_68682fbb1597e597407e"", ""occ_68c69cfa9983da999b06"", ""occ_692da28c1268f4f22e6d"", ""occ_69501d3c641c4aca7a33"", ""occ_69a5935aae93b16f0a3c"", ""occ_69b30eaee867e5bb8b0f"", ""occ_69f599d67881a3311ed2"", ""occ_6a189913cc00e326cd34"", ""occ_6a35c91dc2135ab92c24"", ""occ_6a36b20cc633a1763e51"", ""occ_6a607ab02596dc0302c1"", ""occ_6abf75fe1385597a4ac6"", ""occ_6ac1121129a00f1be567"", ""occ_6ad4afde30dffb287b9a"", ""occ_6afe41d458e573de617a"", ""occ_6b1a63bd10803e677157"", ""occ_6b68b0a4ca02d4453304"", ""occ_6b86aca4a065840ff70b"", ""occ_6ba9f99e4dd3cf63c3fb"", ""occ_6be2986efc9523055576"", ""occ_6bec55473fe9e69551ae"", ""occ_6c16e274f439abdcbdcf"", ""occ_6c19c6136c280d84ac9e"", ""occ_6c216538d8817e535276"", ""occ_6c2a4eb2472829cb2679"", ""occ_6c2f2c2b08c2be43ab3f"", ""occ_6c666aa0f1d4c53d6b1b"", ""occ_6c6b45f7a3d289ac4ae4"", ""occ_6c8f12119c82ade50128"", ""occ_6caf2acc5964369b0841"", ""occ_6cc09bba8e04d4acaed3"", ""occ_6cccb1aaaa5326379d1c"", ""occ_6cfe22dc75237cbe6e51"", ""occ_6d3097ca67d6a3fb9956"", ""occ_6d66ab1b8e769b8e5e1e"", ""occ_6d67c2eb9dedf516ce72"", ""occ_6d7f57c9c0a665180738"", ""occ_6da0b32d3cb3a3ec4399"", ""occ_6db0b54d4364b47a697b"", ""occ_6dbb5fd107d1338d8249"", ""occ_6dd1a8e4746b8377cb9c"", ""occ_6dfb250eccb0c588b825"", ""occ_6e142a4bbf7b6a2bb119"", ""occ_6e193e51af58c99c41bc"", ""occ_6e214f1235b41692030d"", ""occ_6e4e8330fabef7347915"", ""occ_6e558c75fb1849152584"", ""occ_6e5f9297ab07fc9bb548"", ""occ_6e71d553a8fa3e584546"", ""occ_6f1ae4a70e901b49e225"", ""occ_700bb5d98e122c2cd910"", ""occ_700efe63600384191c44"", ""occ_701486140b0bace6ede3"", ""occ_701c7e6f61a85409db8a"", ""occ_7065d85fdef50b9c90f0"", ""occ_70a5347cdc4168d45f03"", ""occ_70a64a846f1cf556efce"", ""occ_70ded8fc705a75117b91"", ""occ_70e54ea610908498029c"", ""occ_711f3377d7f0cb1cb1a6"", ""occ_7157e6c508a629517a8b"", ""occ_71819af7258c5788a199"", ""occ_719e7929a42e4f4404f9"", ""occ_71b73f2683ee2cf79878"", ""occ_71c51e5b440b8ffb42ef"", ""occ_71e40f43c0488de2bfc7"", ""occ_71f8287aee33447af02a"", ""occ_725c670cf0200f8fc7f9"", ""occ_72737a1fb90c88cacb83"", ""occ_72751219f98b208531a2"", ""occ_7284e4897dee940d291b"", ""occ_7293acce5604f645ee0b"", ""occ_72a392f1411baef39088"", ""occ_72b470d53f8fb4fd4593"", ""occ_72bac78d15917b8e6520"", ""occ_72e1cd175cc25efeff3f"", ""occ_72e6d8bd5e9088dcfc6e"", ""occ_72f8e3078953b6b80a63"", ""occ_73668b5abed29cfeb5e5"", ""occ_736d9154545868539bad"", ""occ_7392e378676cfeb544b5"", ""occ_7394240fc468cac43ad2"", ""occ_745c040ff7bba5b4b741"", ""occ_74648e1fe5d29f59281a"", ""occ_74841695b61604beaead"", ""occ_749190dcc8fdec99478f"", ""occ_749d925bb76541806b0d"", ""occ_74c13912541e2dc98a69"", ""occ_74dcba3ee4aa84aa95e4"", ""occ_74e8a13b9c9608213197"", ""occ_750bacfff5947ea290fd"", ""occ_7512ab2d98c957b04b6a"", ""occ_751b51bd51bcceb96778"", ""occ_753a26f1091c16c25a4d"", ""occ_7542a5a613c70e4ca8bb"", ""occ_7544433e89456b04f1ba"", ""occ_754736115be9d3bac137"", ""occ_7582f4d32da51d05c8cb"", ""occ_7595ecc5a33b452a8eff"", ""occ_75d3a7d7f1cde141bbbd"", ""occ_7605e0f1fa9dcbdfd87b"", ""occ_76185d38bfb009b78658"", ""occ_761c06be4e6c03b7190c"", ""occ_76899c199257472a8362"", ""occ_76a47d87f9f54b2de56d"", ""occ_76acfe6e41a200ab01f8"", ""occ_76c866f4ead66958f1d7"", ""occ_76d5710996247e432b53"", ""occ_76e7df9ad488c687c02a"", ""occ_772889846b51ed1b8fb4"", ""occ_7732fd7d271e7d0dc5fe"", ""occ_7785c5a3e00315cc8b00"", ""occ_77ee95cf994b4c8e9b94"", ""occ_78340dbf5fbd4fec4f9f"", ""occ_78c8db38d566f6fa41ce"", ""occ_78cd9e3b3243bff4d2e7"", ""occ_78cfea4131b9873b2119"", ""occ_78ed47b02ea109a37e8c"", ""occ_79050e4ce01a6c6a5766"", ""occ_7906ed1cc4e60fc8118c"", ""occ_79203294c237dfe10cef"", ""occ_7921318afcf663c488bb"", ""occ_794a12adb512dde6fd0b"", ""occ_7953b0eb493cf523ea72"", ""occ_7972d32d36f3e00e251d"", ""occ_79d41a7f1d1ec66561d5"", ""occ_79d426e1080418f963d5"", ""occ_79e6ad4566f32020b861"", ""occ_79f88c651843704e9d44"", ""occ_7a335b498b77cabf2666"", ""occ_7a50106a93d6ef96047c"", ""occ_7a99c865d5079db971f4"", ""occ_7aa87277e9be8957eca3"", ""occ_7ab2c63739a815af4345"", ""occ_7ad56bf43e6212f012f7"", ""occ_7adc4a89756761fbe86f"", ""occ_7b770828f6e25ac82305"", ""occ_7b8d77bb602f014ad7bc"", ""occ_7b90a217964a941c8e4c"", ""occ_7bb1c127f49248baa73a"", ""occ_7bc0e73ced94ae9db271"", ""occ_7bce3dac2e90675cc81f"", ""occ_7c28dc2bf5acd88cc28a"", ""occ_7c49aa567fb4f030bd32"", ""occ_7c740f9bf72507c0eafa"", ""occ_7c83423fc574ec558362"", ""occ_7c95b84d62ba835154d7"", ""occ_7cae5087d14f4b836c21"", ""occ_7ce5a34c51adca8d80b7"", ""occ_7cec99d88ff87a5711c8"", ""occ_7d14e1cf9193621042d1"", ""occ_7d2beb41a3cbf7fe2e8d"", ""occ_7d3bdc8365e29328258e"", ""occ_7d9f3ca6b1d578205766"", ""occ_7dfaccc02fc0f18ec8a2"", ""occ_7e0f6b3d3b9b5c6e3c57"", ""occ_7e1a3dc304b38adbb8f8"", ""occ_7e3df6a35aa95f3db8b2"", ""occ_7e6890bf7dbe63c876ee"", ""occ_7e784105f093a5ef0dbe"", ""occ_7e9fd92df3b318f9d6f5"", ""occ_7ea94211dbf244fe5af8"", ""occ_7ea9c70ad24277b23168"", ""occ_7ee3640d2faee3e920eb"", ""occ_7f0134ab33ff9e146a81"", ""occ_7f0238b70de05834aa87"", ""occ_7f173f157509026b56c9"", ""occ_7f29258816a2961ec39d"", ""occ_7f579fb4e8f44b6b73bf"", ""occ_7f5ab75df93f75442653"", ""occ_7f5eda7b475c35c37c48"", ""occ_7f68ce7dbe2c250f982f"", ""occ_7f70959d315961b9a04f"", ""occ_7f8b2e3bdd50553a6ae0"", ""occ_7f99f7392f01ffd759dc"", ""occ_7fb7592b6257930b5e09"", ""occ_804a1c841726425ff1bf"", ""occ_804c1022fa35490aea0b"", ""occ_804c1e0703ba22533186"", ""occ_809dcf2b56133970d7be"", ""occ_80c9958f36054058f4d6"", ""occ_80d2294eeefd5555051e"", ""occ_80e4b928519c743781fd"", ""occ_814e277ebf81bbd31513"", ""occ_814f978592f4e5b85f82"", ""occ_8163662366dc00c48eb2"", ""occ_816bee1c4cc22ab4d73f"", ""occ_817e84972f71b1b0a170"", ""occ_81a3edde770c944a6114"", ""occ_81ceb3428a84b4df604c"", ""occ_8216f2e7b35f46cc24bf"", ""occ_82318414a52bdb467026"", ""occ_82371cc6266eff51389d"", ""occ_8238c972fef1d84246bb"", ""occ_829b1a593cb6e72a020c"", ""occ_82b366457a50fef9c45a"", ""occ_82d63ea9a7bad8ee9925"", ""occ_8307cd117856054d0875"", ""occ_830ed817a28e956d030d"", ""occ_8310a1cde8b8667d7d23"", ""occ_837f7586b7b4534605be"", ""occ_8397b4f0f929c96d32cb"", ""occ_83e6b5d0ffb9bde8e4b4"", ""occ_841eec235b06cafab19d"", ""occ_8439cb3cd78a814d649c"", ""occ_84f5fbefc14ad048561d"", ""occ_85055f5aad6c32d9eb58"", ""occ_8558c8e9622ce6d11ed2"", ""occ_85719834f767887cbfef"", ""occ_857327b8cea97236c9b8"", ""occ_858bba90eca8c033d0ec"", ""occ_85b917c31c99e3aa807b"", ""occ_85c85db58fa9f692238f"", ""occ_85ca482b847d1b5ef2ec"", ""occ_85db2401f61ecd02738b"", ""occ_8635ef08467af73c48ad"", ""occ_865f067a9655bd59ac69"", ""occ_86634e4427b7d5d911e2"", ""occ_8678be76eb36f39b9ace"", ""occ_867f95f6108e815ab9e7"", ""occ_8697b4e4c3f0dc04b853"", ""occ_86986fdf475610792c66"", ""occ_869abccceb497a1bec9e"", ""occ_86c58799e884c17b1d6c"", ""occ_87178b3aeb74d2c29206"", ""occ_8720ce06b9e93524b714"", ""occ_874e1faf6520d96c8c55"", ""occ_876440a9cc6a3b08394f"", ""occ_8789fa23782cf4ff2d7d"", ""occ_87af3f712903a8efa3f6"", ""occ_87cbeb87657362252c61"", ""occ_87d982f4c0abdb4957b3"", ""occ_87ef28132ee5d1e02089"", ""occ_881e5849d3222512ee66"", ""occ_882e8157c4ea7fd039ef"", ""occ_886853125477da2990b5"", ""occ_886c92382f7a0dc592cd"", ""occ_88730a47f9fb8178ca11"", ""occ_88b16098e55d40e485f2"", ""occ_88c5b66abf885ad84647"", ""occ_88cb69db14a2866c0bee"", ""occ_88d03b37fc392ff81af6"", ""occ_88d31f40bfe4bea4ae34"", ""occ_88e697b493f75c3a5627"", ""occ_88f13fdca4b02bdd4c7b"", ""occ_8924553be98edc545162"", ""occ_89661dccc14565d40d72"", ""occ_898476d3dfd5aaabd54c"", ""occ_8984e4d5282e76129fe0"", ""occ_89d0b6d01b2f41d35a89"", ""occ_8a1cc8eda43470981e4f"", ""occ_8a33c1258a7f25167282"", ""occ_8a3dea555a83485f8095"", ""occ_8a413807c4ffbd0c7ac1"", ""occ_8a60f530746dcdcd2b9d"", ""occ_8a68951a82be31be07f8"", ""occ_8a805a2157d1f2db07b3"", ""occ_8a819c861bf6ce95c200"", ""occ_8ae421173324fd5ca706"", ""occ_8b01d8a552a9b2ea6c09"", ""occ_8b302142f0643c59ddb4"", ""occ_8b375e977ddc4b88d5ac"", ""occ_8b3bf6524c4962fe6311"", ""occ_8b5ead4953b6dff840ea"", ""occ_8b80d14ce465de8ee5d9"", ""occ_8bdf57c32070195e497d"", ""occ_8c1e289a3a76f1567682"", ""occ_8c36bb4888dabd957383"", ""occ_8c69884401244230dc35"", ""occ_8c7b3e1d56b65bc39dd3"", ""occ_8cb5100a485491de2ff8"", ""occ_8d0a5995681d45f329dd"", ""occ_8d34c3debb5925253738"", ""occ_8d51726cb76b537523b5"", ""occ_8d63f3070d7536d97e48"", ""occ_8d6bac33864ccb827592"", ""occ_8dc81449f2efe14fff3a"", ""occ_8ddcc401a942849f2c50"", ""occ_8de0f4dd1a6cc78c8418"", ""occ_8e4b5a3a9238635d19d1"", ""occ_8e5cb6143f86d87307ec"", ""occ_8e7730a4e3831306a4ed"", ""occ_8e7e932f5119999fdc29"", ""occ_8f0f2291e4100f9b5df6"", ""occ_8f2a7c541fc8b15280c2"", ""occ_8f3bf925b1de886908d9"", ""occ_8f6ff048a92b3e6c5496"", ""occ_8f7bb7d79797c6748c47"", ""occ_8f8ea39c4c30b41be8be"", ""occ_8fa00d2b0636285148de"", ""occ_8ff4257ca59d6883e29a"", ""occ_9011eba430a7f0753978"", ""occ_904fda3379b0760bff80"", ""occ_90beeeb443758264cf99"", ""occ_90d66dcca443190a1dc7"", ""occ_9100fb39a31ddf7094b6"", ""occ_9117f007c0a237e4f045"", ""occ_911c39e7e0094bba6243"", ""occ_9121131d5e2f2ca3cdd9"", ""occ_91990c714d0c951a8978"", ""occ_91a90eef3774e968f600"", ""occ_91bb93112cf3495953d9"", ""occ_91c6dba7b1fa02a79574"", ""occ_91d5c59f194ae41add65"", ""occ_91fb901686007d9a61ad"", ""occ_922264825031e6ecae5c"", ""occ_923a3cc2137d7ae6cb79"", ""occ_92654fd9b8d71d3425a4"", ""occ_927b5b55c71d3f9f0bfc"", ""occ_928209d5c427b5f50872"", ""occ_928592aab18853b0d9d7"", ""occ_9289d14107cf1c2733f8"", ""occ_92b1e47f8bfc1c964491"", ""occ_92c429406c90bd29bb42"", ""occ_92d9a7e96700c3584e80"", ""occ_92dc67b62e2a356f8a76"", ""occ_93301e9cfc62d81196ef"", ""occ_9336a4c92d717734651a"", ""occ_93564fb9c3310aa387fd"", ""occ_9358fa824a4e79816bc3"", ""occ_939e2e9414f2a1aab1df"", ""occ_93b97fd9dc0153cae9a0"", ""occ_93db7dfce7241f4e7179"", ""occ_93f01b112e88ab519b7b"", ""occ_9413f0e637c5fbf4b4a6"", ""occ_943b9d1bbf3c5ccd1a19"", ""occ_944919bf2d66a16761b3"", ""occ_945e08426f2dbd5e8535"", ""occ_9473cbaac38d8d44433a"", ""occ_949bc2a836934ac377a9"", ""occ_94b9575b6ea067b3a121"", ""occ_94d20e4d47971c4a192b"", ""occ_94f91c153b92dd3c60e5"", ""occ_952a0f3b0db9b24001a9"", ""occ_95305e3a99f5a5f9a986"", ""occ_955a03548bf3cba5e266"", ""occ_955e5296ff7ccc4052b3"", ""occ_95615bae2d9f733fb4b8"", ""occ_958920340b727824caca"", ""occ_95d1391075f9c79db0d8"", ""occ_96286e86f5971f83b316"", ""occ_96aefd01b699ebc315bb"", ""occ_96cac9abe74b3fdd6ee6"", ""occ_96e0e7afb6244d4ab227"", ""occ_96ea724517655edb3dc4"", ""occ_9735bf0e36bc7b41d1fd"", ""occ_973cba1a14ca0f980b46"", ""occ_973f3176a71882ea32c0"", ""occ_97405008252db2f63f50"", ""occ_975d374b627711ae1ce6"", ""occ_979ffd76165784cf2371"", ""occ_97ac78e225338a424ef8"", ""occ_97c5d685317b7eec5070"", ""occ_97c8bce11e66ef616d6e"", ""occ_97fc1d2acffda0f76cd7"", ""occ_9819b688afaedef97d7e"", ""occ_9827ee360393c61e2a85"", ""occ_9848d5d9a71eaf73e848"", ""occ_9876a65da951c92fc258"", ""occ_9887b6aaef3c4c738fa9"", ""occ_98c9b498e39b91264643"", ""occ_98cca1edba839aa6aa6d"", ""occ_98d26c8138f85a73a773"", ""occ_991686e16fd4e8510fb6"", ""occ_992342c8eef3246f26f2"", ""occ_993eb2441e54724df2fe"", ""occ_99797630e0c11ec846df"", ""occ_999fdf66bb5357f7c9e7"", ""occ_99fadd801d8cfb599e7f"", ""occ_9a121b438cb10726ce21"", ""occ_9a62c260d11d6cb627ec"", ""occ_9a7502cd46832e27aec9"", ""occ_9a77291d7d4e02db2320"", ""occ_9a7763ca6bdb3ae1fce9"", ""occ_9a89d69cdb3bf12e6d91"", ""occ_9afbcf9053262c3aaec7"", ""occ_9b0f5d4793e7f6a04896"", ""occ_9b1146df030dc6bf5f35"", ""occ_9b19ebde1d0ce6bc81ad"", ""occ_9b47dc6802136e5994a8"", ""occ_9b7cdcbf9526bd0e3b5e"", ""occ_9ba0e8cf4faaa9209681"", ""occ_9ba804d156f9c46b05de"", ""occ_9bb1b2a9a88f032bab02"", ""occ_9bbdf1959c2312aa6362"", ""occ_9bd248f6de6abe77c06b"", ""occ_9bd8b4d7bd4a502c726e"", ""occ_9bf667ef1c18481cca01"", ""occ_9bfa7555d8062c9029df"", ""occ_9c21ac62e0690176e6ee"", ""occ_9c6c1df1d7cfb52ead90"", ""occ_9c98233edbc83aac9186"", ""occ_9d04ffa81df49dec2072"", ""occ_9d41e1ebf95dd129e679"", ""occ_9d508556ba5fd09ff284"", ""occ_9d58cfec175631631b1f"", ""occ_9d640c1b5299d00ce99a"", ""occ_9db534997c4f7da5d60e"", ""occ_9de38eccddcee6a4d8dc"", ""occ_9defa5eee7f6b38f78b0"", ""occ_9e334768135184dc3fe3"", ""occ_9e49613d3213bc53f9da"", ""occ_9e563011cb7241447e37"", ""occ_9e5718a0381bdf937f00"", ""occ_9eaee2a107f935c0b73d"", ""occ_9eb4d0fd4da10e3a42d2"", ""occ_9f1964864514fc269cda"", ""occ_9f23797bd97566dc8325"", ""occ_9f60290d2c6a3968fe21"", ""occ_9f89560b4f5dc874243f"", ""occ_9f938bf3fafb31a28fcb"", ""occ_9fbf37cd72353e5ad355"", ""occ_9ffaa1eaab9e8503c380"", ""occ_a00258c5025c0b98b85a"", ""occ_a02874e56c6b05e4e098"", ""occ_a096a25f1e59b6652c20"", ""occ_a0c015d5aaf5f71a458e"", ""occ_a0e4450dcd3d43815811"", ""occ_a1067287507915add351"", ""occ_a11b7dede532444412c9"", ""occ_a148bc0ab13e2de9145f"", ""occ_a149a6a7309062ba9ef7"", ""occ_a15bdec9f3553fa19996"", ""occ_a19128e4c77bca7bd47f"", ""occ_a1b5230b8fe69b7f5f6c"", ""occ_a2087a85ca53fc437514"", ""occ_a2158a3784986d4390a6"", ""occ_a23b88ab46a6d30080b3"", ""occ_a2781e7333d662a9d844"", ""occ_a27baa1846e51fca2012"", ""occ_a2a359ffb1516160b209"", ""occ_a3964020fe84b4ef55c4"", ""occ_a398e7462ce0683448c2"", ""occ_a3a5ddafb83ed075f667"", ""occ_a3c546a33a96405a9e07"", ""occ_a3ca099b3a42d65bf570"", ""occ_a3d84b6d14b5f7e90492"", ""occ_a40eac6e503a740bcd97"", ""occ_a43952bbe5eeed7bdb97"", ""occ_a4cd063adc6c4dbda031"", ""occ_a4de9505e2b2f20e4954"", ""occ_a4ee48bad06d3b08e8f9"", ""occ_a4fcdabb87ac62d3056a"", ""occ_a52cd81cf8ae1c8d82d4"", ""occ_a5348d4bba28e2bbbe83"", ""occ_a549dc148de3e061df49"", ""occ_a56ea38a27eaea77ac89"", ""occ_a5773b504ab1c5a89311"", ""occ_a57cec51018c79ee2c87"", ""occ_a59f36e1b29ea6f217b0"", ""occ_a5f4d50181b07fc68736"", ""occ_a5fd47abac543226f9a6"", ""occ_a612be861ad53d1efc89"", ""occ_a617441170ec939c4352"", ""occ_a64e42d057c63d0f792e"", ""occ_a66777900a109a0002c9"", ""occ_a66d05d0464696fae834"", ""occ_a6a72257a9c04bd8f855"", ""occ_a6afbbfc9e725f18cb6f"", ""occ_a6c198030d00e3527b75"", ""occ_a6c4e242577c5fb2886c"", ""occ_a6c7a1c4426832d06fb3"", ""occ_a6d50eecf6334027f33a"", ""occ_a6e87cd00fea4ab3cbe5"", ""occ_a717d5ee6760bb406f1e"", ""occ_a7204f1ce0af23e71d01"", ""occ_a74ad81c8460cd587dc5"", ""occ_a88552fda87191d111c7"", ""occ_a898a36a86a196df44a4"", ""occ_a8a1da25fa7bc4877dcc"", ""occ_a8ad80da62ecff6fbe1c"", ""occ_a8c7f1dffcb010c96d60"", ""occ_a8d8acdd4e288367b7eb"", ""occ_a8edba9d636594f3d214"", ""occ_a8ee7a7039fae75eaf8d"", ""occ_a938e6fa0dd21057cde1"", ""occ_a93b1685a300eea53921"", ""occ_a9592319e4c43676183c"", ""occ_a98612a1da6c69ff0ae9"", ""occ_a999a9654c03b6fc9258"", ""occ_a9f52517eca465758ec0"", ""occ_a9fbde37d32ab94e260d"", ""occ_aa49e820d3e1237babe0"", ""occ_aaae562fcc093bd9ca39"", ""occ_aab13dcdff5d4ff0e1eb"", ""occ_aad0de26e9642ea90388"", ""occ_aadedd025a7e99ee6ccb"", ""occ_aafb2067d5d9b7e7cbdb"", ""occ_ab13bc12ca3807f643e1"", ""occ_ab2a247af50fcc684edf"", ""occ_ab49127a2fb7e96326c8"", ""occ_ab5d9fb1d88184cc74f8"", ""occ_ab71b31b246614ee323d"", ""occ_ab9e199fc44db9a3d92c"", ""occ_abae5c1ddb4680311eab"", ""occ_abbdbe8d4d6eb809c6d0"", ""occ_abc88e307ccb10f3d884"", ""occ_ac0b3db01acb0c9e1f08"", ""occ_ac108d5a426f60614046"", ""occ_ac1bf56e143c86ab840b"", ""occ_ac8835eedc7ab65dec70"", ""occ_acb2c19c284c7074ff13"", ""occ_ad1e4192614418186f3f"", ""occ_ad35a730eb6740c1ab7e"", ""occ_ad5bc23dc5c0b97741dc"", ""occ_ad5f93f8bb5e3c94b7f2"", ""occ_ad9175329e80163ef90a"", ""occ_ad9c1e36e25ec496bcc2"", ""occ_ada0438a60e74bfcf0d3"", ""occ_adc103ffc00c8d051fa0"", ""occ_ae2f9922cfd5bfb71916"", ""occ_ae4e2329671c4dc4c541"", ""occ_aeadb2a2e7624bbeafa9"", ""occ_aeca04ef29f544227544"", ""occ_aef4da1ade63f0c72ced"", ""occ_aefaade9dea820c56137"", ""occ_af17d24bd3fed3b2756e"", ""occ_af3c087f3da35649863c"", ""occ_af4e936eb922073dab0d"", ""occ_af5687a54107f208354f"", ""occ_af66beea6782dbbe5cf9"", ""occ_af67bd3439c72cf9a6b3"", ""occ_af7d5263cd0904498d6b"", ""occ_afcb8043748f2172e930"", ""occ_afdf6e66f80e2d9d77a8"", ""occ_afe421eeb2dfd5ab1382"", ""occ_b070c0274c48e1060738"", ""occ_b0cc74ac5f09d41c9387"", ""occ_b13ed9e351ec2d8139da"", ""occ_b142b947a71ba676c2d8"", ""occ_b14e241205292f65bc85"", ""occ_b1562f0bb6f5153d0bd8"", ""occ_b1bdf9ef8496091b3034"", ""occ_b1c833c61bd9b1a6d2e7"", ""occ_b1cbabdafbbc312fae8d"", ""occ_b1decc5134ce54212034"", ""occ_b20979d66b13a07cabb6"", ""occ_b25cf9686fe32fa37b9b"", ""occ_b276ac4eefad2237637e"", ""occ_b28c9ea4a7b328cf5952"", ""occ_b29c1020c11684d6ae40"", ""occ_b2a13fd661d06ff5eaa5"", ""occ_b2c8de69251684d92e5a"", ""occ_b30a3bc84dd5dd000c86"", ""occ_b3145c6db1a8a437382b"", ""occ_b315b318021ed7fac8cc"", ""occ_b33bd9363c23ab823752"", ""occ_b3555dc8fc69dbd6515b"", ""occ_b3561d1008fe0a636cd4"", ""occ_b39844b10d4b92be733d"", ""occ_b3d1be9005d1efa94c0c"", ""occ_b3d1ea1c006c64350b0b"", ""occ_b3e6c2cd0bc298f7cbf8"", ""occ_b41009de9228b67e80d3"", ""occ_b42d122ce4065492c1e2"", ""occ_b455618791563a28db28"", ""occ_b460e4231e732c440411"", ""occ_b4b2ea0f67f573afc86b"", ""occ_b4c2c54426464523a41c"", ""occ_b5096ebc31f37b400f30"", ""occ_b50e75d29df5ed6c32d3"", ""occ_b5404d7424e2753f9cd0"", ""occ_b54d4041fac7273098dd"", ""occ_b55de7549ed40eae6a89"", ""occ_b579155f7ffc033a8499"", ""occ_b57f29a9171b3b4d23c9"", ""occ_b5d22a41da5d46fb0317"", ""occ_b5db96c8f5d9b150c6e8"", ""occ_b5f4705a779b82a4ca3d"", ""occ_b619903866b1d2655d95"", ""occ_b61c46bc17b8a3853ae0"", ""occ_b6262568f120c54ec5fd"", ""occ_b645849fe240a5707572"", ""occ_b64ba0ded18c62827781"", ""occ_b6b9e4da525abe2abcb6"", ""occ_b6c56d6768319b3a2c20"", ""occ_b745ba94f97e1668fa16"", ""occ_b7a93d9c3b17d44c0300"", ""occ_b7bd2fa3ed4d32d41356"", ""occ_b7fc4a42504258d38b61"", ""occ_b80cf188c66f8b4e266e"", ""occ_b82a3139301f12155764"", ""occ_b82f4382f153c61489f2"", ""occ_b831d81d563f8bf426c6"", ""occ_b8450c816995c9c135b0"", ""occ_b848db571daf50ca7695"", ""occ_b88470a7877c6eddcda0"", ""occ_b896139481afac8cfa05"", ""occ_b8a6f2d6e87a6fc06d7a"", ""occ_b8c5f2bb94e57b8a7e4f"", ""occ_b8f7a3bef903d177ef22"", ""occ_b9674f95037391ac61c0"", ""occ_b97561f9f70f6787748a"", ""occ_b99b5e767f0dd5f9854c"", ""occ_b9a788afff2947609eb9"", ""occ_b9ae9ad8a6cfd84f9d9d"", ""occ_b9b98968b6dfdd1ae9e2"", ""occ_b9bb1acc79927479c81b"", ""occ_b9bca43f3d59e521c6bc"", ""occ_b9cd75545641d3b769ca"", ""occ_b9efda83249273ea9e7e"", ""occ_b9fcae08717de2bd9040"", ""occ_ba10b47b0d16ee516cea"", ""occ_ba4e602edba8e517dc6a"", ""occ_ba502a23dcf0b3cb482a"", ""occ_ba5c2d9915650a55a6da"", ""occ_ba7875a354d0e8349046"", ""occ_baa724ace9602bec855d"", ""occ_bb0492b2fe1cce182228"", ""occ_bb5edcc926cad6930d17"", ""occ_bb792215f475d0ea58ab"", ""occ_bbab8aa3c45193363d69"", ""occ_bbf300ebf5497062ffad"", ""occ_bc410ee28a1a4dc7a7cf"", ""occ_bc476c95046ca2a80358"", ""occ_bc52a4178147b5219777"", ""occ_bc6cafa4378f1f03d30a"", ""occ_bc85fab0e977449fc6ac"", ""occ_bcb5c0afb2468fd0a332"", ""occ_bcbeef545c684d4551f6"", ""occ_bd5d93228485f7fd9821"", ""occ_bd86d0cb9d4225c936b7"", ""occ_bdb68c3c2a58ace54929"", ""occ_bde328eab91ae4703288"", ""occ_bde3ea1f733add62eee0"", ""occ_be1a6ebc178fd07e6eb3"", ""occ_be2e9dc83f3e8019c6e1"", ""occ_be3810b7410468f511f7"", ""occ_be6b79ad20314791a435"", ""occ_be98cfe59d86de43412b"", ""occ_bf24f7d485b5e9e8756c"", ""occ_bf26ddbefe3213812c8d"", ""occ_bf7d2d8c5be4ddbd87f9"", ""occ_bfd27ccf5292179c56c0"", ""occ_bfe71c32cb4db4b4df14"", ""occ_bfef026c472aa0132b71"", ""occ_c0281f7fe0422d7e90f8"", ""occ_c07a068558d4b98a9af3"", ""occ_c0a09c786e949c5aa6d9"", ""occ_c0de2802c0645cec3c9c"", ""occ_c0eb436b065530636151"", ""occ_c0ed81f06f0f37adee2a"", ""occ_c126a1262a204b1cdf0a"", ""occ_c129f4d6d41b4ad71d8a"", ""occ_c1443dc787369f3505f6"", ""occ_c145451c495c8dff0fd2"", ""occ_c150179d63b9d098af6b"", ""occ_c16c80b2d319c5b5c753"", ""occ_c1913d1578b85ea32b05"", ""occ_c1a0b49c5cfd7838f8f1"", ""occ_c1c52c354df1b42a61e2"", ""occ_c1cf31a5f6386d3b5f27"", ""occ_c1def4a293947241737e"", ""occ_c207aed5ac2d5bc48114"", ""occ_c21e2d87250f25f7e7e8"", ""occ_c24d18dc0f4b1bcfa488"", ""occ_c26d60b87ebc9b2f18a4"", ""occ_c28c730f566bf127b15c"", ""occ_c2c038e7bb43247042ff"", ""occ_c30d0998e8598c4cead1"", ""occ_c3188c4c4f70bddb24e5"", ""occ_c34dc985005c26977076"", ""occ_c371ffaed5966c18fe15"", ""occ_c39589a129842408ef02"", ""occ_c3a21f72cfb349e34fdf"", ""occ_c3ae6a9682035e48e5e8"", ""occ_c3c8b7b49d00b53b28b3"", ""occ_c3ef61794b949df51d85"", ""occ_c3f30e3346d049c345e0"", ""occ_c43c76de87ee13da8650"", ""occ_c465aa64c17a8aa5ddfb"", ""occ_c46e345741fa445b9ddb"", ""occ_c4abcb751dfac219ff69"", ""occ_c4c1d97247bd4d323f38"", ""occ_c4ddcc0751da676b2bd6"", ""occ_c4e13f4dd19ccfb907e8"", ""occ_c5092bc7ff34677b63bd"", ""occ_c56f8cde3549a224d379"", ""occ_c5730f0e311fcf3dd644"", ""occ_c574668398d2d10dc3d2"", ""occ_c5919b9f48b4b6b063e0"", ""occ_c5b274b071db866ed11a"", ""occ_c5ddb16737e35ab85725"", ""occ_c5e13e27521972cc3a57"", ""occ_c61475986fdbd8af65e8"", ""occ_c61f0442f654a143b1af"", ""occ_c630018a29870f78942e"", ""occ_c638fedf9bd40746c31c"", ""occ_c70268428c0aeeda2315"", ""occ_c7176a134764aaa44a5a"", ""occ_c74d0520c3578dc8dc31"", ""occ_c78256144ff1be911014"", ""occ_c7f8038d04265b894711"", ""occ_c80b95a60cfae630f1b8"", ""occ_c82a573c3116f2b5e2db"", ""occ_c82c509de938a7d2fd7f"", ""occ_c84cf26a96a23620b772"", ""occ_c8a62756b434771295f2"", ""occ_c8bee4c15ccdad69b0c9"", ""occ_c8d0267ed9fd6739562e"", ""occ_ca02de9c1c868af37d01"", ""occ_ca2fbdebfd5eb841355e"", ""occ_caef58e87951062bfa4c"", ""occ_caf265376ca05ecd38cb"", ""occ_caf3f34c5750ca197f68"", ""occ_cafeaead589ad97c266e"", ""occ_cb0b1a350e6e0a655815"", ""occ_cb101ea5b074ddf85817"", ""occ_cb1e0eae169f333d5a35"", ""occ_cb4a306829e880ed89b5"", ""occ_cb5a5e4237fa0da9dd11"", ""occ_cb684d604227cc009e85"", ""occ_cb6ac9658f0daea1a4f5"", ""occ_cb9e0596746a9d233aa1"", ""occ_cbd43d30265cf6e4cab0"", ""occ_cc10bc558327e414d729"", ""occ_cc17c0437d2b6bcd5a89"", ""occ_cc35eccba488abc85772"", ""occ_cc393dbcb8ddc843cfd7"", ""occ_cc862f1f97e0d1f62c05"", ""occ_cca931bac41e5ed69167"", ""occ_ccd96a5fc81671f8d325"", ""occ_cd03f0043df0b80250e5"", ""occ_cd07b32e6492b087fc41"", ""occ_cd30e468dc122dade499"", ""occ_cd428230eb7f1d5ead33"", ""occ_cd49fc6dda5cb34de1ae"", ""occ_cd8e2d6b915044b9c5f9"", ""occ_cd9095d851e79a5e890f"", ""occ_cd9d53de864878917e2d"", ""occ_cdaf942187dca2b78fdc"", ""occ_cdb77a0b0e2f82980ec1"", ""occ_cdd20a78981738e32e63"", ""occ_cdeb92e097ef826b6d60"", ""occ_cdf2b370b04528c3910d"", ""occ_ce102ac1bf566d4d8161"", ""occ_ce2015684bd6135b3e4a"", ""occ_ce977fc510fd26959635"", ""occ_ce97f068a9dd7bad7a41"", ""occ_ce9bda2b3da7becb3705"", ""occ_ceba941ef668b874e4a4"", ""occ_cebff9db32327f4ff4b2"", ""occ_ced3937026fa82784522"", ""occ_cee2b82f67f46daa15d6"", ""occ_ceee2592276d1215930c"", ""occ_cf3ff9e0275ee276264a"", ""occ_cf76f19b144cf8e0b9e1"", ""occ_cf82bc90330d0e8b0bd6"", ""occ_cf9327d0f4431252dec2"", ""occ_d005ea3fce5e1fdea443"", ""occ_d006e86027e1002fda51"", ""occ_d00eba72249df776bdb1"", ""occ_d00fd393c8fa1928d669"", ""occ_d0735951d57cae1ce410"", ""occ_d076ec2a3785e901e61f"", ""occ_d083f7923fa281f19469"", ""occ_d08a38a1710631b214d5"", ""occ_d0c9b364ed3464a22822"", ""occ_d10cc8da0ee4d26804bd"", ""occ_d170621f5cdeb67aa8ee"", ""occ_d18cdf960d750afc6005"", ""occ_d231e07d2a68f9d8c4c6"", ""occ_d316acece0f132d7cef1"", ""occ_d319f0737b73510cd070"", ""occ_d342c7f089aedc971e48"", ""occ_d36aafdc0b30954d66e4"", ""occ_d391845e4b236b514df3"", ""occ_d3d91b585d55b1ec1198"", ""occ_d3e539241c5ca43aba98"", ""occ_d44e30f7423cc2c59a47"", ""occ_d459368249fcc8c69349"", ""occ_d466dac3cf9fba30692e"", ""occ_d482f978706bbd731ae9"", ""occ_d48a8955051568fc0134"", ""occ_d48c8c981f5a5dbac174"", ""occ_d4b3a2aaf854021d1697"", ""occ_d4bbb2e5e9931df1fc93"", ""occ_d4cdbaaa926da3a2a409"", ""occ_d4df94748c489741f2cb"", ""occ_d4f8636e2a1b08afd43f"", ""occ_d50050a62f2c9c801098"", ""occ_d532af9bc3907fb177cc"", ""occ_d5a400298d26d941f825"", ""occ_d5b01a6bec70e9dc877e"", ""occ_d5fe773f1b358bd27b9b"", ""occ_d6189bb9e6073a00dfe7"", ""occ_d64d63fb146e88baafe2"", ""occ_d66492083c181c1ef8d0"", ""occ_d68c1dce3767fb034675"", ""occ_d6a8ebba13911702966b"", ""occ_d7119a8017c31cab6494"", ""occ_d7284673c73264a05fe7"", ""occ_d7370f06d606d36dadd8"", ""occ_d75fe56f012b9233bf0f"", ""occ_d77c4a2d7dbd93b5111b"", ""occ_d79e1fd30462a119b081"", ""occ_d7b809dbc8e01dab4a30"", ""occ_d7cec4a48ccaf2ddb4b6"", ""occ_d80b25ba04c609bbb6ea"", ""occ_d86155c17347d5b45f8b"", ""occ_d8bfde57558b463520e7"", ""occ_d91c55d8e3b19122cc7f"", ""occ_d9466287b9ca259d1ada"", ""occ_d96c28d0f03aa735860b"", ""occ_d9c57b1e5883f891b467"", ""occ_d9fc6c1670774438dca0"", ""occ_da240a288ae2042ef677"", ""occ_da3e3f0560f60b8f54f7"", ""occ_da603eb0b83f2d08115e"", ""occ_da70787a4504d16a6ffa"", ""occ_da812fb5948c7f51937f"", ""occ_dab842bfd682cf60da34"", ""occ_dadf3ba5523b44a645f1"", ""occ_db1d015c51ced67594c7"", ""occ_db1f9fd58a539c13ac34"", ""occ_db40e1f39ceef8e500c5"", ""occ_db4d8e41ce92fb79b97b"", ""occ_db855fd93c954fc8d9f0"", ""occ_db8e9816f437165766f1"", ""occ_dbb9e52a88be41cc512f"", ""occ_dbc512267a51363182b0"", ""occ_dbd18221511c8c5c9ed3"", ""occ_dbf2ad5a44835f4646ae"", ""occ_dc13f4662150b7f97132"", ""occ_dc20195e3099b8d88e94"", ""occ_dc42bec7dd1f58980129"", ""occ_dc5de5902e8a6d0ddaf7"", ""occ_dc6466b4e8816b671e11"", ""occ_dc71f4e85dc339749101"", ""occ_dc9bbc54a29e9c0f01d6"", ""occ_dcb8f5579328f34996f9"", ""occ_dcccb0750264a9a510d3"", ""occ_dcdea13945ee1d64232a"", ""occ_dd22f7a6a3e111bb6d4c"", ""occ_dd33d3d012ed2a0c7f7a"", ""occ_dd6f4a0e3493c6093ecd"", ""occ_dd89044f66018a41d19a"", ""occ_dd8e0540bbd7b1b1b82c"", ""occ_dda4d67f40da2413eddc"", ""occ_ddc6159e801abeb68d42"", ""occ_ddda9cb8b93a67b8e92f"", ""occ_de1682e8865be6ab4584"", ""occ_de1b136478e75ab9598c"", ""occ_de43d9688edbe76239e5"", ""occ_de6cba6ac64b865e4ba5"", ""occ_de87128cd0bfcca734ad"", ""occ_deb02cc09b9e0dfe12c0"", ""occ_df124c8ae8f6cfe9ebb9"", ""occ_df346c3480c5c129ae2e"", ""occ_df3b62594fa7e06f6d19"", ""occ_df9baedd1a2141057f29"", ""occ_dfc02a5eac7218451f16"", ""occ_dfdfdaa875b7d5543148"", ""occ_dfe4e4da1b52eb620980"", ""occ_dfe7ce6382d2f480156b"", ""occ_dfebbba8ab0cefb6e5a9"", ""occ_dff9cff177045acf2785"", ""occ_e04936665b43ecfa625c"", ""occ_e07838bdc22eaf738be8"", ""occ_e08d24bdda50ab7264fb"", ""occ_e09347182444ce3e7e18"", ""occ_e09f6b6fc11358883ccb"", ""occ_e0a35e4df4d9bcd4f0f9"", ""occ_e0be770d5f2cb50937dd"", ""occ_e0c046bff110428980fd"", ""occ_e0d157d6138d938874fa"", ""occ_e113e0800ec07cf49b86"", ""occ_e12072ae6e71f0007899"", ""occ_e1242ecc484a6fc41cfc"", ""occ_e191724587ae25ff0bd3"", ""occ_e1bc0b316e64ceecfa60"", ""occ_e1d14e89da2d3c6d5696"", ""occ_e21c5995e393785eac41"", ""occ_e2563e8011410dfbae41"", ""occ_e28007316b59e33cbca6"", ""occ_e2a3be3395f0b49409f3"", ""occ_e2efb976477ff43832dc"", ""occ_e337212caa01a66923de"", ""occ_e3b011c8c211c8801fad"", ""occ_e3fa3fdadf8b623b877e"", ""occ_e4187a0d4925a9a393f5"", ""occ_e41e952fe64e8d759f1c"", ""occ_e432a10f77da3a9f7b95"", ""occ_e447f0b502c3f05f60b7"", ""occ_e44e08732e7f880d2e01"", ""occ_e45d0443353562f61e88"", ""occ_e470a8c8197a32fd7cd1"", ""occ_e4b13af278590d26ab73"", ""occ_e4d623d3fcfeeeb35d40"", ""occ_e4f3d281cf6732bbb176"", ""occ_e50ec18be7800ba678ee"", ""occ_e58cca3052a78b38f4db"", ""occ_e5963275df96f829f4b5"", ""occ_e59cdc359183893ea1cf"", ""occ_e5c3070df6639d27054c"", ""occ_e5c739c09a76d45bbb77"", ""occ_e5cdf4fe700d8943aa4e"", ""occ_e5edc6a923949653f75b"", ""occ_e60e6af9eec4a73cfab2"", ""occ_e62c95a87b83c4c43e24"", ""occ_e632880fd6fbf2e0760d"", ""occ_e63eb089d80cf0c42d17"", ""occ_e675038278774d087297"", ""occ_e67526f27e4bd1d7815a"", ""occ_e6b2575d2a9761ede8be"", ""occ_e6c1f46f647f26d7d40b"", ""occ_e6e2b4e91d7b749eefe7"", ""occ_e6f9fe26ad4e7b1f2630"", ""occ_e7318dc979fe1e6e1d5c"", ""occ_e73fb45e8765727d8c4d"", ""occ_e750ec5a04bfa6958364"", ""occ_e773e9a6440cb2042c6b"", ""occ_e793f59741e9a661d992"", ""occ_e797d021169bd4ddc381"", ""occ_e7f286ecfa5ae8ec288a"", ""occ_e7fa8d3f7d212d60e834"", ""occ_e806f7b8722ef592f8a2"", ""occ_e820eb1608fa51093e23"", ""occ_e8813dae494a021768d9"", ""occ_e88c9afeb724f4fb3da8"", ""occ_e897e3ed11d6aa09339a"", ""occ_e89becb123405f218645"", ""occ_e8be56f24af7aee6ae5c"", ""occ_e8c181eafcc980c68411"", ""occ_e8c8584365c5f21c3653"", ""occ_e8f51a03cdae7ee2a864"", ""occ_e934400c9e4e036e1700"", ""occ_e94fb9add66a0f6875f2"", ""occ_e95ac86bcd976672145e"", ""occ_e960b1538f16944d14d1"", ""occ_e9845279cc1a5f9505f4"", ""occ_e9bd74997ecbde908743"", ""occ_e9eec6119f80a952d09d"", ""occ_ea0381c78e3b2a2b927c"", ""occ_ea0ea26ad302ddc4131a"", ""occ_ea1765fbd7422a0323a9"", ""occ_ea48ba3d3db40a2ab1e3"", ""occ_ea8e3b1112e54260e4d2"", ""occ_eae4eb95445f4b39acce"", ""occ_eafc056d7695b0292738"", ""occ_eb05b384c6b039b7f090"", ""occ_eb2c01ee0ac1ab83c320"", ""occ_eb4345ccffc5defbbbb9"", ""occ_eb75158e1ceb0fadb693"", ""occ_ec58bb14d7c51eafb323"", ""occ_ecd4319454050551571b"", ""occ_ecec27a1ea16fb949b46"", ""occ_ed3c445a6381afa44370"", ""occ_ed48f4fddf1e50911a53"", ""occ_ed4952a3803f06525244"", ""occ_ed4d03c75db15710f292"", ""occ_ed8d2a8b053a4b9b7e6b"", ""occ_edf8ed8a33dbe5f94335"", ""occ_ee0a5017b9fdcce78322"", ""occ_ee0d1e22d80202838c24"", ""occ_ee117630215a9045651d"", ""occ_ee2bc2525d44f7f40fec"", ""occ_eeb2721cb3ddefafce23"", ""occ_eec5f4bcbf1d1e8956e1"", ""occ_eed0915c55dd16549a4d"", ""occ_eee38cee3d4dad61a060"", ""occ_ef3c2014b40ea6bf08fe"", ""occ_ef3e5f46029ff150ab96"", ""occ_ef46f501509bbe2e5d3b"", ""occ_eff5dadffef00f341249"", ""occ_effecc4558f2ecdbcb38"", ""occ_f002c0c8d2b64f3d8f12"", ""occ_f0064ef364accc1ea778"", ""occ_f008b5b182138e2a0599"", ""occ_f01f0c1fccf7dee54bcd"", ""occ_f02749be02b037bf33c0"", ""occ_f0a9a5859c20184dd7fb"", ""occ_f0c2d0d7c1e055a78153"", ""occ_f0e249114c0f56979fc7"", ""occ_f0fd4f8a2ce01894e1ad"", ""occ_f11882a9a49725d6fbc8"", ""occ_f124434d7cd401310700"", ""occ_f150f23bfbf082883770"", ""occ_f156df78eab772f20f66"", ""occ_f16c17ccf42578f6e807"", ""occ_f175a125e830a95b99e0"", ""occ_f1a5c2f381cf3d492e5f"", ""occ_f1a8e70b3d17807d3d3d"", ""occ_f285aee48c2e95707cf4"", ""occ_f2ae5349b8ce06904ffd"", ""occ_f2d753d6ba38511c7eb6"", ""occ_f2f74db4455895bcc24c"", ""occ_f2fdb18e076c3d5409d4"", ""occ_f39b004477fb806bf112"", ""occ_f3a35a72d7c40d7b4c30"", ""occ_f41065c152bca1986964"", ""occ_f414d6d647e648bd3635"", ""occ_f4c7f1ac2cddd5add055"", ""occ_f5080437cd84f725c9ff"", ""occ_f530932c9289d2a2c1f4"", ""occ_f545ef8c423409dc46b6"", ""occ_f59c3b583858f98109f6"", ""occ_f5bd3d440ab96e741d57"", ""occ_f5e5c2d20fd0759b7406"", ""occ_f5eedfa99d70ab81467a"", ""occ_f63dfb24552b308b7530"", ""occ_f667bd6a8cf36a3ad9b5"", ""occ_f685d6506f429681a420"", ""occ_f69e850390972cf484bb"", ""occ_f6a56aebd2d7483db407"", ""occ_f6d5d0c336c816d2c7dc"", ""occ_f6dcfae5caca5992acd4"", ""occ_f7863b3b90357ba26bc5"", ""occ_f7d12f39672ee34d1ff5"", ""occ_f7d74d9618b6e543fbfb"", ""occ_f7f50996ac033ee78241"", ""occ_f8096c3eb20b0beb64ed"", ""occ_f826857008605a5ab847"", ""occ_f87f4fe664a824c0c421"", ""occ_f8f4709eb507580893b4"", ""occ_f97e792e8e133448c71b"", ""occ_f985e026ca7511a68653"", ""occ_f99c57a8c3b458284085"", ""occ_f9c1bdb075ae34ade7e5"", ""occ_f9c4159a280df74d9cce"", ""occ_f9fbfb9c8cb26b724c58"", ""occ_fa39940aaba4bab3736c"", ""occ_fa3b9accb9d8af46ab67"", ""occ_fa703d02040808e91b7f"", ""occ_fa8288c1dd9b46b80bd4"", ""occ_fa964dd6eab1ff90487a"", ""occ_fae57467731346596039"", ""occ_faf6bfcac670e7931b17"", ""occ_fb16150e2dc82f155715"", ""occ_fb48cad26e013b77954d"", ""occ_fb82046e1a4322225ed0"", ""occ_fb8929314706fff732d9"", ""occ_fba0a4d77b5e3fec30d4"", ""occ_fbaea70a1a35a89dd345"", ""occ_fbbc80d56ce257de7477"", ""occ_fbf35090c425c6f3ec40"", ""occ_fbf63e7c033409706970"", ""occ_fc2ad532fb3e25c20df4"", ""occ_fc3002e401903335d571"", ""occ_fc35959e8a7383a93250"", ""occ_fc6a0cf800db65ef7e36"", ""occ_fc8a6a0ad799ca31f2dc"", ""occ_fc988b40ae54849378a5"", ""occ_fcae55e61f9a3e209e4e"", ""occ_fcafeff6c210e69279b7"", ""occ_fcc1bb1f9a8c3fedeca0"", ""occ_fcd96f7b34525fbe1645"", ""occ_fd065e6cb8180ad36889"", ""occ_fd087fe6a234f45a0be2"", ""occ_fd1837913e94faaece2d"", ""occ_fd1d38d9e11105d138f9"", ""occ_fd3f44f7f63614cddfa8"", ""occ_fd5459cc2672d091e86f"", ""occ_fd62b947e30724db57c0"", ""occ_fd786e4c71d276a8309c"", ""occ_fdada922c47024cead6e"", ""occ_fdb70a9bd4e47a3c0133"", ""occ_fe03300f91947c58811b"", ""occ_fe1eb232ade2b1708bc8"", ""occ_fe3ae35aa9faf358ff8a"", ""occ_fe56784f1bc6d0897049"", ""occ_fe5b5d47ed3fa5aaa25b"", ""occ_fed6653489fb421bee4b"", ""occ_ff27454cba8d5a4f1b39"", ""occ_ff40c2e2d6dfd9b48c41"", ""occ_ff4cc428c14acf309e31"", ""occ_ff53c193714bb2c1cb85"", ""occ_ff683f91535b0ca6eb3b"", ""occ_ff6afa5742f643166641"", ""occ_ff9c32ee814bc27bf73e"", ""occ_ffa5cc7bd63a554cb73c"", ""occ_ffb8abfd9991557d8432"", ""occ_ffc1cce057e5ee699367"", ""occ_ffc7575bc063d059de88"", ""occ_ffcc58de511dbacf6c0e"", ""occ_ffd9eda36c3701edc9e4"", ""occ_ffee6eb77086685dac79""]",run_d0d5415dcc5fdcae1cb4
term_7b14482de6768f317e7d,Hazard class,dimension_name,0.98,semantic-hybrid,True,metadata column name evidence,"[""occ_2df3fb8ecf243fb00ae5"", ""occ_328bcbfc94441a648752"", ""occ_340e54042133b3cd446b"", ""occ_3cb8e49ea3529e49757d"", ""occ_4938ad564a54db5a1fb1"", ""occ_f3867c47bc73003404b7""]",run_d0d5415dcc5fdcae1cb4
term_8d05d84d890d3e7d5f3c,Hazard class\Time,dimension_name,0.98,semantic-hybrid,True,metadata column name evidence,"[""occ_258b71455074eca68acb""]",run_d0d5415dcc5fdcae1cb4
term_2eff0b8c6e796612ea69,Health care,dimension_name,0.98,semantic-hybrid,True,metadata column name evidence,"[""occ_1d915c0fa7b307f83ca2"", ""occ_9ce1baf9ef990c503bf2"", ""occ_e7ebd78750eba30f776f""]",run_d0d5415dcc5fdcae1cb4
term_f2dd2b339b3ad558a524,Health facility,dimension_name,0.98,semantic-hybrid,True,metadata column name evidence,"[""occ_686d8b4604252a787401""]",run_d0d5415dcc5fdcae1cb4
term_78550b7b7f2ee7963553,Health indicator,dimension_name,0.98,semantic-hybrid,True,metadata column name evidence,"[""occ_328922f3fe4d8b05f664"", ""occ_40ff3ad843fb7266022b"", ""occ_41696f14719a1aac512a"", ""occ_4d3f026d049f782a2e7a"", ""occ_5fabd7fa632f43388539"", ""occ_907eee1f86b2a0c5fea1"", ""occ_a308f2b709f575669a9f"", ""occ_ae01eba1727c707c9b70"", ""occ_b12dc7e475a877755c73"", ""occ_d31035ea347689dd11e6"", ""occ_e25957b228915b2d583e"", ""occ_e904d883433776f31253"", ""occ_f094873089d97e6994f3"", ""occ_fd499ef0b4ceac4b467c""]",run_d0d5415dcc5fdcae1cb4
term_82ba10d4c045ecf98e2a,Health problems,dimension_name,0.98,semantic-hybrid,True,metadata column name evidence,"[""occ_25cd1208de9b470e9014"", ""occ_9b36393f086b36db44e3"", ""occ_ae40b38004878f381783""]",run_d0d5415dcc5fdcae1cb4
term_d5d3764a56acf4b2d49d,Household composition,dimension_name,0.98,semantic-hybrid,True,metadata column name evidence,"[""occ_25746ba79b1dd61e3b24"", ""occ_268fe57f26ecf394b386"", ""occ_41aa9184337c51904e60"", ""occ_42d044cf247eef185a9c"", ""occ_493c899c7528fef9cd1c"", ""occ_4bf9a27f5bd1902ec137"", ""occ_b80eff588ab4fe8c52ce"", ""occ_c442085bc17618a446cf"", ""occ_db0cd099d3439f70150f""]",run_d0d5415dcc5fdcae1cb4
term_e8bab6965e7704517db7,Hydrological parameters - flows - sources - water supply - treatment of water,dimension_name,0.98,semantic-hybrid,True,metadata column name evidence,"[""occ_3b08e9538b6461f4b435"", ""occ_65f34ebc98bb7bd60225"", ""occ_7319716a2cbb420b5d74"", ""occ_c655eccdda88d45376d8"", ""occ_dd968509eb1077388995""]",run_d0d5415dcc5fdcae1cb4
term_1e74621a68aade204c06,Income and living conditions indicator,dimension_name,0.98,semantic-hybrid,True,metadata column name evidence,"[""occ_0f0a54c85dd9b893ced1"", ""occ_17bb6099e6618c1bc9f6"", ""occ_18de68762b606a716041"", ""occ_1baa59404326912eb357"", ""occ_1c5e72c0a49175c71afa"", ""occ_1e9d8333bcd34ac46438"", ""occ_1f7083a03d4ac50f0ebd"", ""occ_223fc09d39826cbce7e5"", ""occ_2452e5930467dac4b3cf"", ""occ_2921c2b4d418a1b82184"", ""occ_3861665d041a0931cee5"", ""occ_39772a0d6e8f5548adb2"", ""occ_3ae45ff20b72ea4ab602"", ""occ_3bd6cbae0b31656407e7"", ""occ_3d090928fc0170c6ec73"", ""occ_41c04a1c2986db69fb93"", ""occ_442d593d9fe3c1aeaa7d"", ""occ_5cea2044ac3d7106af95"", ""occ_6478cfbc2dc7e07e9355"", ""occ_6e5a9dd7444806201118"", ""occ_6eaa48bec79d21038f47"", ""occ_79d967773f084c9bbf9e"", ""occ_7e119605c2971e498368"", ""occ_893e85b3280ab3dbdc6f"", ""occ_8d17189bfa01e70a8a75"", ""occ_8e1b6eb0106d5faeecf0"", ""occ_93778e6f8354ba92d9ad"", ""occ_9693efacedb3efeb1fe9"", ""occ_9adf16baddd02f0cab0e"", ""occ_9f6a03b0bf6de048fe21"", ""occ_a6bd628d7eabb1f4e30d"", ""occ_ae31c54b714f1d23155b"", ""occ_c2e414d78354514d6038"", ""occ_ca5c54a5e00a54934228"", ""occ_cde956a72439a143c729"", ""occ_cf1f99936b8d1a248115"", ""occ_d2bc082d839c1e2ef1cb"", ""occ_d8c43e1434f621e4b062"", ""occ_d9d2e590539aaaabe368"", ""occ_f22946198c71a9bf1abe""]",run_d0d5415dcc5fdcae1cb4
term_a61ea3480b521827a015,Income quantile,dimension_name,0.98,semantic-hybrid,True,metadata column name evidence,"[""occ_0f2619b8eff1466e2439"", ""occ_2050951fac5f930a8037"", ""occ_23879d89654f42960206"", ""occ_4fc1538af1ef4e9da9fe"", ""occ_5193e3f3d9c3c9e3f840"", ""occ_51fc07970da4596104a6"", ""occ_8b7fd69c63dbb19ebeed"", ""occ_9220d631071d1ca04721"", ""occ_9609008d18497d4f72ca"", ""occ_96b74ce76d4ad4cb83b0"", ""occ_9c11c22846d4e52fcfb0"", ""occ_af02729efb81f11936a8"", ""occ_bd1eb7e9c0e2b9f3f291"", ""occ_c6119f6ccc3704a61b6a"", ""occ_d8c6a37bfd736610c1de"", ""occ_db9d45cfa08a3f199a0d"", ""occ_dc855726d4a89c519dab""]",run_d0d5415dcc5fdcae1cb4
term_9e46b0724cc706492cde,Income situation in relation to the risk of poverty threshold,dimension_name,0.98,semantic-hybrid,True,metadata column name evidence,"[""occ_04a177cdf2650ca0709c"", ""occ_13cc97256024f8bb0893"", ""occ_13fe088e6e8963b2b96f"", ""occ_2233ccaa1377e8209075"", ""occ_22abc3147bd926a64064"", ""occ_251ac4a55a813e03598d"", ""occ_2e6a9ff4f60977fbded3"", ""occ_3021471f8696132a61bd"", ""occ_32f7aa004275d7061edb"", ""occ_365b5c4d948cb5eb77b0"", ""occ_38b491f218b53fc1ddc1"", ""occ_39406a37ba4250f66f52"", ""occ_40842d200efe540a7885"", ""occ_64e8614d2a45030238d9"", ""occ_6d5bd594a79658ad63a3"", ""occ_6e3c46577b66395052f7"", ""occ_7134a71dfd203c6daf2a"", ""occ_73dd19abc6963c331c06"", ""occ_76ae2321544c928cf25c"", ""occ_855fc08872b0dedaca8e"", ""occ_91e74f95162a4d5607ec"", ""occ_9c0d9d1f929454bc96b8"", ""occ_b86f60d6b89d982e7d2a"", ""occ_bd02c1909d4ffe0bd89e"", ""occ_c1fb349bfeddbdf69d8b"", ""occ_d0db42558591b9b7efd7"", ""occ_e2bc7c3573b3a6ccc4a3"", ""occ_fb8eebbd6a3aa183e6cb"", ""occ_fd279ab85bc85ca880b8"", ""occ_fd4c92c465f98ca67c5f"", ""occ_fd6a5bc66b4610b846ae"", ""occ_fe1852813922113ba97f""]",run_d0d5415dcc5fdcae1cb4
term_7ff9eb7b55a59ad8f71b,ind_inpu,dimension_name,0.98,semantic-hybrid,True,metadata column name evidence,"[""occ_4feb96d3b9f49d05c212""]",run_d0d5415dcc5fdcae1cb4
term_1dd78339d249c0bf5eb9,ind_outp,dimension_name,0.98,semantic-hybrid,True,metadata column name evidence,"[""occ_e81b6cf70836f0e48a6a""]",run_d0d5415dcc5fdcae1cb4
term_cfc71109a8313a6d095b,indic_ag,dimension_name,0.98,semantic-hybrid,True,metadata column name evidence,"[""occ_018353f695e311e15f19"", ""occ_0d85c70b998f04144ead"", ""occ_b8d5521f56bcf0879674"", ""occ_ee107c0395ddfe42aa94""]",run_d0d5415dcc5fdcae1cb4
term_88cabbc7622f87603047,indic_en,dimension_name,0.98,semantic-hybrid,True,metadata column name evidence,"[""occ_3b9eae5f778b193d5b07"", ""occ_4abf11ad1316ec57f06f"", ""occ_650b80bfde20f0a8eb01"", ""occ_7601125f0b8831fbd5c2"", ""occ_ae287b5a521330e29416"", ""occ_edfb3ea443eb851a14d4""]",run_d0d5415dcc5fdcae1cb4
term_5d27a8e5cddebdadf0cc,indic_env\TIME_PERIOD,dimension_name,0.98,semantic-hybrid,True,metadata column name evidence,"[""occ_1bc4a827599bd10f7ec9""]",run_d0d5415dcc5fdcae1cb4
term_23231786771f3484cb44,indic_sb,dimension_name,0.98,semantic-hybrid,True,metadata column name evidence,"[""occ_00790c3e3d8777edb4b7"", ""occ_0ab09598098aec60de37"", ""occ_2756d1d4293a335e79ab"", ""occ_536e7e5da78e33b4645f"", ""occ_60977531dbf0374e3130"", ""occ_7cf40f670a3a5b470c4d"", ""occ_7dc79a826a53106b30e7"", ""occ_e104e9fe7c25fd033915""]",run_d0d5415dcc5fdcae1cb4
term_623a5826ed929aa719d6,Indicator,dimension_name,0.98,semantic-hybrid,True,metadata column name evidence,"[""occ_105e132c6d80ffd42611"", ""occ_1543473c0f2794a3dc28"", ""occ_41727486583932ae1a7b"", ""occ_5a9bd6181f91edccf7ce"", ""occ_78a693b7fec327582da4"", ""occ_c5b780e6809f61eb056a"", ""occ_e5e8226414960e2c2a08"", ""occ_f009cc8acd6c909b0447"", ""occ_f7afcb06e50a96f2d38c""]",run_d0d5415dcc5fdcae1cb4
term_81f0f1f05b5901f5f100,Indicator used in Euro_Med,dimension_name,0.98,semantic-hybrid,True,metadata column name evidence,"[""occ_0477df991384daaff68c"", ""occ_0dd10e77611ebe7b57b0"", ""occ_107d430e7a25ff117579"", ""occ_136211833a98980696ea"", ""occ_171d0f73e1b97e94fbfe"", ""occ_1f1d5cf6b111fd4df9c4"", ""occ_244993c4f81e38e5647e"", ""occ_24a96210abe9a7a41f34"", ""occ_30daa30194dbd5ce5365"", ""occ_3240a9e459607637c8a7"", ""occ_3c8b1e3ab455baa18902"", ""occ_413cef4d43238fbed584"", ""occ_4f35cb652cbcce16e364"", ""occ_50e724a267de1d00d2a2"", ""occ_539ec0e34e2911654e6b"", ""occ_5899b53932d51e2ff713"", ""occ_60da5fa5e2b9fc2d52f9"", ""occ_6a040b540b16e8a033f7"", ""occ_6a08ab3c8f3eae5ea96a"", ""occ_6b32973564ca4da1a7eb"", ""occ_7c7614ced5f083cebfbd"", ""occ_7d54b58e9ace41147ff9"", ""occ_86a672a46967484a49fb"", ""occ_8c2df9ad37cd7cccfd82"", ""occ_94ad473049ef669b3736"", ""occ_9910b9395bb0a20c04ab"", ""occ_9bce3491d44d3cd5df42"", ""occ_ae21c32289b381cd3e7d"", ""occ_b423d5b776fa141face3"", ""occ_bc61040801bbb6cc522d"", ""occ_d037a8c2b9702fe76d4b"", ""occ_deec772ed57a60acb589"", ""occ_f3a2c2d9afdbe82bd731"", ""occ_f6c5660aa9e565bdbde7"", ""occ_ffb6e71627acb04e68d2""]",run_d0d5415dcc5fdcae1cb4
term_281c88d854665718bde6,Indicators on crime and criminal justice,dimension_name,0.98,semantic-hybrid,True,metadata column name evidence,"[""occ_efe6449a5632227af0ad"", ""occ_fef5701f5997849317e3""]",run_d0d5415dcc5fdcae1cb4
term_ed5f0131e0a524f4f92d,Individual type,dimension_name,0.98,semantic-hybrid,True,metadata column name evidence,"[""occ_086ba2ea3a491273334b"", ""occ_09f8e15838b1b66a84ae"", ""occ_34086ab6b0f6749c6bde"", ""occ_52217ebc02d0e0a463a3"", ""occ_53882fd741a1dae62d62"", ""occ_566af239e8132d1058fa"", ""occ_5e1c8138893be28f9be9"", ""occ_5fa7532d988c0a0d4407"", ""occ_6de49e47beb662482017"", ""occ_717540180f1e0b6d7832"", ""occ_7c6ad41f850dd68ca70b"", ""occ_8dedb9d547de83864cce"", ""occ_92095d85ce38ee26eaa2"", ""occ_b153a79ee805f4f31499"", ""occ_bce587867c9ac8bf19f1"", ""occ_beb48734009541edd10d"", ""occ_c0261e1c7ee544580a4c"", ""occ_e754bfc7d307d3c6bf44"", ""occ_eddf0f63db46c3663fef""]",run_d0d5415dcc5fdcae1cb4
term_614e118472150970488b,Information society indicator,dimension_name,0.98,semantic-hybrid,True,metadata column name evidence,"[""occ_016adfed55d8b599d3cf"", ""occ_0bbfb29a618980fd91a1"", ""occ_1fc858feda34ef6ff721"", ""occ_22ad5e49f2d93c9a68eb"", ""occ_4749bf89bdbda38b0eb3"", ""occ_4885989761eb1660cdb5"", ""occ_4898dfaeda2b25320c12"", ""occ_4ea09583bd954db67bc8"", ""occ_5d1ff230401c8e129886"", ""occ_677501a0e40f8ad2b386"", ""occ_6bb6604fbf9b343de65f"", ""occ_6c7dcfcb6c85374f8db8"", ""occ_71e45f78ebfa117a52b5"", ""occ_751734ae09eb4bd1cb43"", ""occ_75ef21a4ce1b5bee828a"", ""occ_7734dd52ec665ac7ec9e"", ""occ_7c74bd4a0187ffa548b3"", ""occ_82aca9ede189b42cf47a"", ""occ_83cdecb19463af714d1a"", ""occ_8f82c6feea7d770179a6"", ""occ_a12875dca1df42d1659c"", ""occ_b4a1d523b51ae58bb538"", ""occ_b68db319571bb931cc01"", ""occ_cb2bf02843daedd05625"", ""occ_cfc828cb9b767c95f0b4""]",run_d0d5415dcc5fdcae1cb4
term_d176a5213f8f275af179,Interest rate,dimension_name,0.98,semantic-hybrid,True,metadata column name evidence,"[""occ_0ec7f587f0010bcff4df"", ""occ_216cb7002d3aca2b2080"", ""occ_290835b9e6a054b0fc2b"", ""occ_3ee79d5a0ae17f1761bc"", ""occ_4302f62e89e164e4306d"", ""occ_460e55d1a938d0c384dc"", ""occ_6f6fa3e441f9ec37bf9e"", ""occ_86a15817c80add7d5c8a"", ""occ_a27f6c11cb2c6c59020c"", ""occ_c313b4ab317ce2b42a5d"", ""occ_c6ba74280490a2306ac1"", ""occ_d20b44ccb437610ac8ea"", ""occ_d58dd8384af671f87656"", ""occ_d6e2f7a782c89a85ec44"", ""occ_f31944fdf6006891d6f9""]",run_d0d5415dcc5fdcae1cb4
term_f601bc763880b7f413f8,International classification of crime for statistical purposes (ICCS),dimension_name,0.98,semantic-hybrid,True,metadata column name evidence,"[""occ_357e710fbdea49476761"", ""occ_72d423c92509debd5ff7"", ""occ_9560983829bbd9d713f4""]",run_d0d5415dcc5fdcae1cb4
term_cf9af5e3938dd40bdb13,International Classification of Diseases (Medical procedures),dimension_name,0.98,semantic-hybrid,True,metadata column name evidence,"[""occ_7f9b0006ab2bb7dc0f16""]",run_d0d5415dcc5fdcae1cb4
term_5c0c8ed735b7db394ba5,International Standard Classification of Education (ISCED 1997),dimension_name,0.98,semantic-hybrid,True,metadata column name evidence,"[""occ_3102b3c5a0ed6f95e744"", ""occ_3bdfe35d41a111a9a9f9"", ""occ_8cf39e5813c27e1810fc"", ""occ_b5281cb6e327ae735b2f"", ""occ_e2ae7bff078bd8729003""]",run_d0d5415dcc5fdcae1cb4
term_3563e96abe99710550ca,International Standard Classification of Education (ISCED 2011),dimension_name,0.98,semantic-hybrid,True,metadata column name evidence,"[""occ_00f4d938e0dbf819ece8"", ""occ_05d90e1841ecb97853fb"", ""occ_08bc85aa43496bbf8236"", ""occ_0911439d0079c590b889"", ""occ_09139391834e9adc0f8e"", ""occ_0b8dc8491fb829a6937e"", ""occ_0e508d05a9722e234738"", ""occ_14527729904a8cad2a56"", ""occ_175585aa0717b2d81300"", ""occ_19a74dab9b89e9f0f7a9"", ""occ_1c0e7e0096e6509e9ed2"", ""occ_22ec47480214c6bb5807"", ""occ_263cdbf821f70f2545b6"", ""occ_28e12863f680f66658b3"", ""occ_2a6935fb349d4e2ab591"", ""occ_32babdce9574ebdc392e"", ""occ_32df09273c671882991a"", ""occ_34cc72850ac797c07426"", ""occ_34e053e91de76d785efd"", ""occ_3e0649e3264c3400e7fb"", ""occ_430ddd6dfa35475058ec"", ""occ_441d1a117f851b597e8d"", ""occ_4693b85b8c910ff7d713"", ""occ_46a958aceae235d25354"", ""occ_4a41da3060cebbb9b5c9"", ""occ_4bfd3a73035f1ed08b7c"", ""occ_4c05139cea370561347d"", ""occ_4c4adb02757737309500"", ""occ_4cb7cd9deff60f2058a0"", ""occ_4d239d7ef057c2906b1e"", ""occ_4f238587203a01043c77"", ""occ_598634636087431eb4b2"", ""occ_5c0db350fd1ac8541dec"", ""occ_609e4d17210452fb7514"", ""occ_6e82019463cb34f22a46"", ""occ_6ea77f719b74aa20e904"", ""occ_6ff0870a41fa10f32cb1"", ""occ_70959624f71af822a0c9"", ""occ_74f819064ee295e01ec4"", ""occ_76dc62251dbf316e54a6"", ""occ_78f075e0ad7c67a9bfa3"", ""occ_7b90f336510a41f507d4"", ""occ_80bd0e5d1b1b14b637b6"", ""occ_828930b1a30997904507"", ""occ_846c307513c866f8be18"", ""occ_93debc366c8e3f8bd6a7"", ""occ_93fcc92ba843b646395b"", ""occ_969b27a7f5b33b7cd298"", ""occ_998762a6cb9d651f0b05"", ""occ_9ca7ad195ec9c454e786"", ""occ_9fb0923732a095301740"", ""occ_b7859f55946c7669dc9b"", ""occ_ba2c907f5abab67223d3"", ""occ_bccd025ced2b8d364167"", ""occ_bf147c28c1ee653dfbbc"", ""occ_c213eb58c385d49644dd"", ""occ_d32c7b186da2ce8db426"", ""occ_d43d35a775bbc25015c5"", ""occ_d46390001fc166c1eb2f"", ""occ_d66f41b5d9007965970e"", ""occ_d7ab1d7acb92c460c7af"", ""occ_d94cfee072db18844e35"", ""occ_e04a139037ee151fa019"", ""occ_e25743a70beb51b7c032"", ""occ_e9d1b6fd346afbc70586"", ""occ_ea274c48046453e9bd59"", ""occ_ea755fa670535e55cd06"", ""occ_ebcc3c33ca5cdc0eb060"", ""occ_f3cb83e8158a32741617"", ""occ_f65b638bf77419c7f1be"", ""occ_f79a71deaa689be6198a"", ""occ_f7dd3c0dcb5e15360223"", ""occ_fc0852b49bcdacb782de""]",run_d0d5415dcc5fdcae1cb4
term_ec6e48b69ffb12ce7fa4,International Standard Classification of Occupations 2008 (ISCO-08),dimension_name,0.98,semantic-hybrid,True,metadata column name evidence,"[""occ_34b57adb05386a655fbe"", ""occ_4d57025b3cac38a4c9b6"", ""occ_5e61a7e8443d8fb0f264"", ""occ_a73c37b1a3a55fe0167a"", ""occ_ea5fdef84e648f6956d2"", ""occ_f280b87f77c4baee8574""]",run_d0d5415dcc5fdcae1cb4
term_56856ddb2f5db2f1f5ce,International Standard Classification of Occupations for European Union purposes (ISCO-88 (COM)),dimension_name,0.98,semantic-hybrid,True,metadata column name evidence,"[""occ_1743b5235f40efe53c9e"", ""occ_270085d10367e6fde592"", ""occ_daf068fafc6ca90fd5a0""]",run_d0d5415dcc5fdcae1cb4
term_b57c1d94e251194ed155,International Statistical Classification of Diseases and Related Health Problems (ICD-10 2010),dimension_name,0.98,semantic-hybrid,True,metadata column name evidence,"[""occ_0215efa0173d8f836c98"", ""occ_11ac19b164dc1a04d3b8"", ""occ_150df2981edab363f8d4"", ""occ_2bd9b5109b1d7edebc12"", ""occ_315fdca891c1e44faf19"", ""occ_3941309a1e3e7d034d22"", ""occ_3badb3d1ffcb2e70f12c"", ""occ_40c7cb4533c90d4971ca"", ""occ_42705972b9ce68b5a4c6"", ""occ_4bd01cc3022878b4001a"", ""occ_5ba5e47c5755edf77adb"", ""occ_6d8b426646e2fc967923"", ""occ_82e75cea21dd63f44ad2"", ""occ_8dca54231ce2f4c9a047"", ""occ_a22578e5182b3578e41b"", ""occ_a40a628938c79b1f461a"", ""occ_a45266769a9495ea8e42"", ""occ_a77eaea15f8aad815a77"", ""occ_d09cebb98e871d39efea"", ""occ_dc98a1dbc7caf11a98e6"", ""occ_e3602db67c48b01cd129"", ""occ_ea2539548c144d97ac79"", ""occ_ee618867a16ad96c6cc1"", ""occ_f6abc767b5a1dc015190"", ""occ_fdbf29dd3af891083e61""]",run_d0d5415dcc5fdcae1cb4
term_9b84370522dea8658eef,Internet speed,dimension_name,0.98,semantic-hybrid,True,metadata column name evidence,"[""occ_47259057845302c01298""]",run_d0d5415dcc5fdcae1cb4
term_173c0838a4b7f7461d38,ISCED Fields of education and training (ISCED-F 2013),dimension_name,0.98,semantic-hybrid,True,metadata column name evidence,"[""occ_0997a84d33f9c9067d5b""]",run_d0d5415dcc5fdcae1cb4
term_cd720f81999481e2e251,isced11,dimension_name,0.98,semantic-hybrid,True,metadata column name evidence,"[""occ_2b77f467101e99ad1ada"", ""occ_2f741a5fe5fb9333f514"", ""occ_70aabfa14ea44b07fe36""]",run_d0d5415dcc5fdcae1cb4
term_2cd32647580f603f7bb7,Item of meat,dimension_name,0.98,semantic-hybrid,True,metadata column name evidence,"[""occ_27e8a3f8d733f0ec683a"", ""occ_5aad6250c76152d56997"", ""occ_7b855016797cdafcb1fa"", ""occ_a9ead9530c038e5d4412"", ""occ_f6ae01bd6ba3a3f6f459""]",run_d0d5415dcc5fdcae1cb4
term_d3d8be5827cbeac39a32,Item of milk,dimension_name,0.98,semantic-hybrid,True,metadata column name evidence,"[""occ_163d6f6a7aab6117b146"", ""occ_318d57f184194f5b3b51"", ""occ_5d6cc18b4c1eea70f576"", ""occ_cafb9dd060ae598e33db"", ""occ_d1110612a0d77416d0d8"", ""occ_e2cf0305bc563bc86e1a""]",run_d0d5415dcc5fdcae1cb4
term_d58389ada0c5591ecf44,itm_newa,dimension_name,0.98,semantic-hybrid,True,metadata column name evidence,"[""occ_00c1a41f86879645ec2e"", ""occ_0ba40c3fdf12140b7357"", ""occ_3abc371763fea3a3e9fe"", ""occ_8f66494d34f541e36654"", ""occ_a868e53d9754f4ffd2f8""]",run_d0d5415dcc5fdcae1cb4
term_d9c2a93ff14320889d3e,Kind of business partners,dimension_name,0.98,semantic-hybrid,True,metadata column name evidence,"[""occ_9f7c0c2ea14bb1a2cffd""]",run_d0d5415dcc5fdcae1cb4
term_acce32181926b14dc355,Labour costs structure,dimension_name,0.98,semantic-hybrid,True,metadata column name evidence,"[""occ_2b9dd5b01745eda13689"", ""occ_577d223b2f25d996034c"", ""occ_ab2bce7577a2e15e2d75"", ""occ_df4cccf6bb8eff95a8ae""]",run_d0d5415dcc5fdcae1cb4
term_26e68d73cc576e9f19b4,Land cover,dimension_name,0.98,semantic-hybrid,True,metadata column name evidence,"[""occ_44ea4deec3ff62aeaceb""]",run_d0d5415dcc5fdcae1cb4
term_da4924ff69034216ccc6,Land use,dimension_name,0.98,semantic-hybrid,True,metadata column name evidence,"[""occ_af18eac3664d39d3bf89"", ""occ_bf145dcb45814d2614d0""]",run_d0d5415dcc5fdcae1cb4
term_f4f18ad0ff4e91f7e6a6,Land use category (km2),dimension_name,0.98,semantic-hybrid,True,metadata column name evidence,"[""occ_1649a84351315a22307f"", ""occ_5fb29630872107788aaa"", ""occ_8c3553f9194f72238d2f""]",run_d0d5415dcc5fdcae1cb4
term_6092546f2d6fd91fb87d,Legal form,dimension_name,0.98,semantic-hybrid,True,metadata column name evidence,"[""occ_3cd5b51c7ca42f622831""]",run_d0d5415dcc5fdcae1cb4
term_5102a469c073218cff16,Legal status,dimension_name,0.98,semantic-hybrid,True,metadata column name evidence,"[""occ_2107199bcecc1b6842b6"", ""occ_5126ab5ef1f1314d6bac"", ""occ_7d06b17132454a702a23"", ""occ_89365e0f3a312b14c259"", ""occ_b7a2eba59fa908177122""]",run_d0d5415dcc5fdcae1cb4
term_c368ccd75e112eed2d94,Legal type of the holding,dimension_name,0.98,semantic-hybrid,True,metadata column name evidence,"[""occ_34e23be366af8b3e5c2c"", ""occ_8f87c64f2db692241252""]",run_d0d5415dcc5fdcae1cb4
term_1d7ab052096053cc6ba6,lev_limit,dimension_name,0.98,semantic-hybrid,True,metadata column name evidence,"[""occ_0e9b083be94b18f990b0""]",run_d0d5415dcc5fdcae1cb4
term_98002ab021d859ac29e0,Level,dimension_name,0.98,semantic-hybrid,True,metadata column name evidence,"[""occ_06e7c18edd6c7482b3aa"", ""occ_2958c642382710263937"", ""occ_68c054bfc49fa0800706"", ""occ_cba27127b9f0b27ad0ab""]",run_d0d5415dcc5fdcae1cb4
term_28c730ff64b65a850270,Level of activity limitation,dimension_name,0.98,semantic-hybrid,True,metadata column name evidence,"[""occ_1220f223553b4f692196"", ""occ_149f0a8d476702d7c419"", ""occ_22a3ec9d7107e05bc925"", ""occ_2a9916232ac92df2f4e9"", ""occ_3ec7995973bc26ebf5e1"", ""occ_57c9bc8149500211e104"", ""occ_5daf690e01438eb42bf8"", ""occ_6d96a38f5d97cea999eb"", ""occ_8214bf77499d70d04650"", ""occ_a3b01f23d1711a31df93"", ""occ_a57299e2aec8a9ae2a44"", ""occ_a7952e699cb5d23a4e58"", ""occ_d49cf8609d2c0f6edcfd""]",run_d0d5415dcc5fdcae1cb4
term_fbb6e65c2308bff31d02,Level of commonness,dimension_name,0.98,semantic-hybrid,True,metadata column name evidence,"[""occ_5813258f621a35760c9c"", ""occ_9d332dcf46e684dfb228""]",run_d0d5415dcc5fdcae1cb4
term_fe67d88b2ea467902695,Level of difficulty,dimension_name,0.98,semantic-hybrid,True,metadata column name evidence,"[""occ_2eeef13a23aeae5e85bc"", ""occ_5850a923bb859b1bb5d6"", ""occ_60506410c5897cd1019a"", ""occ_748141d4c62b1d6263ff"", ""occ_b40dee0ab44e95946921""]",run_d0d5415dcc5fdcae1cb4
term_84bf6f154440ffee84ef,Level of efficiency,dimension_name,0.98,semantic-hybrid,True,metadata column name evidence,"[""occ_0d20760df9c2c547e906"", ""occ_1d6e2b63578218b1b8c7"", ""occ_876b09b70a6e7b1e5739""]",run_d0d5415dcc5fdcae1cb4
term_7a7aeb0847071b79d181,Level of financial situation,dimension_name,0.98,semantic-hybrid,True,metadata column name evidence,"[""occ_1bb21a7c245af221aff2""]",run_d0d5415dcc5fdcae1cb4
term_c2e8946d48ce2715b29c,Level of perception,dimension_name,0.98,semantic-hybrid,True,metadata column name evidence,"[""occ_c7f0770c070e0d861e7c""]",run_d0d5415dcc5fdcae1cb4
term_6743c49bdee430172c1d,Level of satisfaction,dimension_name,0.98,semantic-hybrid,True,metadata column name evidence,"[""occ_46430af818731dad0186""]",run_d0d5415dcc5fdcae1cb4
term_475a8daf9f6458ab0aab,Life satisfaction,dimension_name,0.98,semantic-hybrid,True,metadata column name evidence,"[""occ_023d2c135307a24c5366"", ""occ_39ca0eba666a8fe5433a"", ""occ_96a0b954b0b17a8e54ab"", ""occ_9d25d8cd4fc816ce3980"", ""occ_f644d4805151f7caeafc""]",run_d0d5415dcc5fdcae1cb4
term_68dc6c3ee7b5d48c8aeb,List of products - EAA,dimension_name,0.98,semantic-hybrid,True,metadata column name evidence,"[""occ_18f9b49531a3a239fb68"", ""occ_c35985b7189ebb727a62""]",run_d0d5415dcc5fdcae1cb4
term_0302ddbe8acf06286bd8,Live animals,dimension_name,0.98,semantic-hybrid,True,metadata column name evidence,"[""occ_15ff90edbbd459eec502"", ""occ_3c55b94e7ffbd72735c5"", ""occ_50b94c0d0015dc8a341f"", ""occ_6c0b981bd636fd86a396"", ""occ_839845fe64ee55a7bf2b"", ""occ_83dd6aeabe1c6787416d"", ""occ_c79ffa7a109b13d7e6c5"", ""occ_d6f822d38d051cf99c90"", ""occ_ec920921a29aca2abfce"", ""occ_f31d1fd1e486b58d84bd""]",run_d0d5415dcc5fdcae1cb4
term_1387813836fc40975162,Loading status,dimension_name,0.98,semantic-hybrid,True,metadata column name evidence,"[""occ_58a00a84a90f52c13cc8"", ""occ_670fb57bd34588650111"", ""occ_d9efa72b06c0e62ebfc3""]",run_d0d5415dcc5fdcae1cb4
term_1fbbbcb0a3568733acf8,Loading status\Time,dimension_name,0.98,semantic-hybrid,True,metadata column name evidence,"[""occ_1d77ae06d4a358def107""]",run_d0d5415dcc5fdcae1cb4
term_9be2a7c60a15e1f1e092,Main expenditure type,dimension_name,0.98,semantic-hybrid,True,metadata column name evidence,"[""occ_1ffd63baa520e60ffc02"", ""occ_23e8758983b3ed74d4f5"", ""occ_5a1967301cdd896da08e"", ""occ_5d2a625ddba2b136d450"", ""occ_66ad610a89c780f577ed"", ""occ_bbb6bd5f387bf5639160"", ""occ_cd8f023ab63056dd0980"", ""occ_f6b63fff645bc6e649f2""]",run_d0d5415dcc5fdcae1cb4
term_062a46fef073a81ef58f,Maritime entity (partner),dimension_name,0.98,semantic-hybrid,True,metadata column name evidence,"[""occ_6351ecc910482ca2271e"", ""occ_7b3d3abc650a30cb6128"", ""occ_cefb863532f5394fcafd""]",run_d0d5415dcc5fdcae1cb4
term_3efc264c8585e611784a,Maritime entity (partner)\Time,dimension_name,0.98,semantic-hybrid,True,metadata column name evidence,"[""occ_087ac115d0abd45e47df"", ""occ_a3b43ec0f542dc0d2657"", ""occ_ada70a83ae23fb75221e"", ""occ_cc64a36db8f929384e5e"", ""occ_f1dd06c1ed1149f7d4e0""]",run_d0d5415dcc5fdcae1cb4
term_571c93187b32ae86c8b4,Maritime entity (reporting),dimension_name,0.98,semantic-hybrid,True,metadata column name evidence,"[""occ_151bab85eb2ff48474b3"", ""occ_1ad5b79194d004056df2"", ""occ_c6f632fe27e5baa88334"", ""occ_cc16b790309235b41d40"", ""occ_cd62e9b04322a73b358f""]",run_d0d5415dcc5fdcae1cb4
term_eb3caec406abe36351b9,Maritime entity (reporting)\Time,dimension_name,0.98,semantic-hybrid,True,metadata column name evidence,"[""occ_03cebc34f77b02e0964a"", ""occ_0bd2b1068bbe497ca4ef"", ""occ_18f8c4c16529707c02b9"", ""occ_1c4b43ded3b1ca414618"", ""occ_31aa15829e63a9a11d2f"", ""occ_5bb04b71376a667e75e4"", ""occ_6bf1df0f5d23e9311c8a"", ""occ_915b1a630aef315021be"", ""occ_a06e8ae47eb10ecefbd4"", ""occ_ad045e4a182b36a993b8"", ""occ_ad220917ebfab08c2320"", ""occ_ad849bb7636dfa399e36"", ""occ_bd2fbaca7a54331d89de"", ""occ_d3e411b5244c6c17bf76"", ""occ_dcd2c7238bcf1674d0cf"", ""occ_e61de2ee99753fad44fb"", ""occ_e6cb97225c704a308af1""]",run_d0d5415dcc5fdcae1cb4
term_be3afcba6b7d28ee1cd1,Materials,dimension_name,0.98,semantic-hybrid,True,metadata column name evidence,"[""occ_14df738e28f77f3c49a9"", ""occ_24a99b1f213d4ab6257a"", ""occ_56a600105ea9c29f3645"", ""occ_aeed6f2a831b42280be5"", ""occ_bc9bb7b101a7d853b5bf"", ""occ_e9be3990d58fa252cf34""]",run_d0d5415dcc5fdcae1cb4
term_7f2269744e7a800871b4,Maturity,dimension_name,0.98,semantic-hybrid,True,metadata column name evidence,"[""occ_0750d2abd5cf845665d0"", ""occ_6067cb426795a2f6518d"", ""occ_7801f705a21132070ddd"", ""occ_7f3fa1a2bbc6957d281c"", ""occ_c9f692187a696a08268c""]",run_d0d5415dcc5fdcae1cb4
term_ac851d3e348c5f7a6c95,Means of goods and services supply,dimension_name,0.98,semantic-hybrid,True,metadata column name evidence,"[""occ_82c8cf7bc7d7891ae86a""]",run_d0d5415dcc5fdcae1cb4
term_9e31786efa1ed2f68132,Means testing,dimension_name,0.98,semantic-hybrid,True,metadata column name evidence,"[""occ_307ab1031f3fdfbedbe0"", ""occ_7c5f851f7d076693b3ea"", ""occ_9d9ec6c9034451cbcdfa""]",run_d0d5415dcc5fdcae1cb4
term_e96a8de037b46764285a,Meat product,dimension_name,0.98,semantic-hybrid,True,metadata column name evidence,"[""occ_1145fa810da3bf05bc43"", ""occ_416bf1da5f887773ff39"", ""occ_587875d28af40e798a5d"", ""occ_682ad3b0d7b344fe87bc"", ""occ_b2b5ce95fd2615caf03d"", ""occ_d98fcc00fd2f22cddbc5"", ""occ_dc49cbf3e178e5e6e4f5"", ""occ_ff21c8ba5952d7cb9ac8""]",run_d0d5415dcc5fdcae1cb4
term_7bdfb8a76a67925c1435,Media,dimension_name,0.98,semantic-hybrid,True,metadata column name evidence,"[""occ_4353980d3a514c997832""]",run_d0d5415dcc5fdcae1cb4
term_7d6b494bf2c584bf4ac9,Medical speciality,dimension_name,0.98,semantic-hybrid,True,metadata column name evidence,"[""occ_00510e7326bdd8e85bc3"", ""occ_a83510486c39910b7c00"", ""occ_ef8c0c0b96fa9e676364""]",run_d0d5415dcc5fdcae1cb4
term_c7d46181a2b021cd38e4,Metropolitan regions\Time,dimension_name,0.98,semantic-hybrid,True,metadata column name evidence,"[""occ_3b157d308f0936fdc6d8"", ""occ_795ce165196e338212c3"", ""occ_b0e0f6ee022540d225d6"", ""occ_b28ba076d464ed00d9af"", ""occ_d92c20f996172ed00172"", ""occ_de51a3008bb38f815d35""]",run_d0d5415dcc5fdcae1cb4
term_2c739b47c22fa8889b33,Migration status,dimension_name,0.98,semantic-hybrid,True,metadata column name evidence,"[""occ_9627591d322addb7f312""]",run_d0d5415dcc5fdcae1cb4
term_edeabb4d7833a3bf8b98,Milk product,dimension_name,0.98,semantic-hybrid,True,metadata column name evidence,"[""occ_93fb5cdf05198356c48b"", ""occ_df2b4a3f9066d5acd356""]",run_d0d5415dcc5fdcae1cb4
term_096308c54aae53b0cd02,Modalities of the variable for the ad-hoc module,dimension_name,0.98,semantic-hybrid,True,metadata column name evidence,"[""occ_6f365f130b9a66e57099"", ""occ_a1aa3f90b1548ebe8028"", ""occ_a2118037384ba9acd0ba"", ""occ_ad5bd07826028c8a0e27"", ""occ_fe777d21cd88c2666673""]",run_d0d5415dcc5fdcae1cb4
term_ef2ef4acc7dcf99ca544,Mode of accommodation,dimension_name,0.98,semantic-hybrid,True,metadata column name evidence,"[""occ_4c5c706a2907ab210bc9"", ""occ_9fdade5cd1e47b5c65bd""]",run_d0d5415dcc5fdcae1cb4
term_63e57ed40e8f66ee3260,Mode of transport,dimension_name,0.98,semantic-hybrid,True,metadata column name evidence,"[""occ_749ee69d5b8f8a119d17"", ""occ_bb0392dedeb3db947d8e"", ""occ_ca35ab928c81cb8a89b8"", ""occ_ec47d62660e13560fd39"", ""occ_f45375f0dd922e752cb5""]",run_d0d5415dcc5fdcae1cb4
term_ed406c433f86df5738ca,Monetary value by size class,dimension_name,0.98,semantic-hybrid,True,metadata column name evidence,"[""occ_aa0cebe30c2a031788b1""]",run_d0d5415dcc5fdcae1cb4
term_9a3b87d65ed299eb6d71,Month,dimension_name,0.98,semantic-hybrid,True,metadata column name evidence,"[""occ_9836019d686e1975ba21"", ""occ_9a54f0c3e34841ba918d"", ""occ_a1b45575e93af2d54388"", ""occ_d6bda82fe239906c85f0""]",run_d0d5415dcc5fdcae1cb4
term_9c7549dff4d6c92219a6,Motor energy,dimension_name,0.98,semantic-hybrid,True,metadata column name evidence,"[""occ_2b8f5faac7f75425fcf6"", ""occ_3d2673df5fa2727d7b03"", ""occ_46cbeab835d5a89675db"", ""occ_6e498d5363cc7b54bdd4"", ""occ_837c474d485e6daaf4c2"", ""occ_a1cd9abaf7ada2b23711"", ""occ_c7cddcd1c450c0eefb16"", ""occ_f7e6d44dbb76e06fbd73""]",run_d0d5415dcc5fdcae1cb4
term_0c554a4d769f9556c11a,n_action,dimension_name,0.98,semantic-hybrid,True,metadata column name evidence,"[""occ_6b19cb7799ddd048a5db""]",run_d0d5415dcc5fdcae1cb4
term_da9eaecd6b7f9b260897,n_activ,dimension_name,0.98,semantic-hybrid,True,metadata column name evidence,"[""occ_8384149f6d75b71eced2""]",run_d0d5415dcc5fdcae1cb4
term_15f9e280b1e7ef6bcaac,n_book,dimension_name,0.98,semantic-hybrid,True,metadata column name evidence,"[""occ_200f7319166855df7ab8"", ""occ_a27779eadd5cbd68b2e5""]",run_d0d5415dcc5fdcae1cb4
term_f36e194627b2b05f214c,n_child,dimension_name,0.98,semantic-hybrid,True,metadata column name evidence,"[""occ_3d615a058dc76283820c"", ""occ_712e2f4a4106e369c459"", ""occ_a3be4d78b44bda48adb5""]",run_d0d5415dcc5fdcae1cb4
term_dd0be4d710ee1d20fbbb,n_design,dimension_name,0.98,semantic-hybrid,True,metadata column name evidence,"[""occ_cddd5c601a585440915b""]",run_d0d5415dcc5fdcae1cb4
term_dfc0dee809afe5c9aa8c,n_hprob,dimension_name,0.98,semantic-hybrid,True,metadata column name evidence,"[""occ_9b4280797d4eded16675"", ""occ_d58748ccfb7b1637b0d3""]",run_d0d5415dcc5fdcae1cb4
term_cfd64b01c4cb74fd2ce3,n_injury,dimension_name,0.98,semantic-hybrid,True,metadata column name evidence,"[""occ_19f4b0f85dc9c6678ee6""]",run_d0d5415dcc5fdcae1cb4
term_476050394669b5ab76a9,n_item,dimension_name,0.98,semantic-hybrid,True,metadata column name evidence,"[""occ_1d41fefe2f2ed519cecb"", ""occ_87ed6c9c66c45484bbca""]",run_d0d5415dcc5fdcae1cb4
term_a6e35c802bde6dc9a901,n_person,dimension_name,0.98,semantic-hybrid,True,metadata column name evidence,"[""occ_8d63f5245a6b755c735c"", ""occ_a8717330b54e4d296fc8"", ""occ_b38e5830b25194e58495""]",run_d0d5415dcc5fdcae1cb4
term_905acb8a7cfd95596b1c,n_portion,dimension_name,0.98,semantic-hybrid,True,metadata column name evidence,"[""occ_6b918889ae6eb8eb85ac"", ""occ_d73e8eacc507433f2e92""]",run_d0d5415dcc5fdcae1cb4
term_ed1e13ecec4d4c4537c6,n_room,dimension_name,0.98,semantic-hybrid,True,metadata column name evidence,"[""occ_b9e4c83da181eb938165"", ""occ_f695e73b40105e4ccee4""]",run_d0d5415dcc5fdcae1cb4
term_f36fd996141cb1dd69da,n_vehicl,dimension_name,0.98,semantic-hybrid,True,metadata column name evidence,"[""occ_c47804ebd523f9679600""]",run_d0d5415dcc5fdcae1cb4
term_65dcc991497e4d9ef96e,n_vessel,dimension_name,0.98,semantic-hybrid,True,metadata column name evidence,"[""occ_3558740b2476a232e2ce"", ""occ_3efd1393816ffe74a281"", ""occ_765db52ef2eab03a99eb""]",run_d0d5415dcc5fdcae1cb4
term_85ea964cd6a663142730,nace_r1,dimension_name,0.98,semantic-hybrid,True,metadata column name evidence,"[""occ_40c3512f2d9c35747293"", ""occ_4c155919c0f84c162829"", ""occ_6bee012137c198a39463"", ""occ_78c94ea4374660449f92"", ""occ_7f747af1f9c7b5dd54e7"", ""occ_9257ad3a570ddf817a87"", ""occ_b4a0dd000837f3b6f596"", ""occ_caccb86d3ce467f95647"", ""occ_ce2d65c5c3ef95c9be64"", ""occ_dd318274f3ef2f6c7273""]",run_d0d5415dcc5fdcae1cb4
term_19aff867b2805e800b81,National accounts indicator (ESA 2010),dimension_name,0.98,semantic-hybrid,True,metadata column name evidence,"[""occ_079a7241a68c3d69f6e7"", ""occ_0af61c78b4e6c5709ece"", ""occ_0bf306f52d32aa1735f8"", ""occ_0c2c4d22c75800b1f017"", ""occ_0c3f4881ddee86ff9580"", ""occ_13ac0c5f63cf1405a393"", ""occ_182d2ff865afa8e12c20"", ""occ_1cc8ad9caaf433771651"", ""occ_21fb6e02244fbd334683"", ""occ_26b2269a5bdb71625816"", ""occ_2901c0418cc83bc83c68"", ""occ_29505f04350510096cc1"", ""occ_3077d61ceff696b89b49"", ""occ_3172bbeb812d1a8d1213"", ""occ_32f1a376a078efd4d1e1"", ""occ_394b08d43679a3984aa9"", ""occ_3aef44d3b8086b44ee0b"", ""occ_3c0d546e52aace029557"", ""occ_3c14ab88a0970d8ff98c"", ""occ_3c9e37ac26ebb6497862"", ""occ_3dab225dd9f4e33a2fd3"", ""occ_3dc177e8ff176887734c"", ""occ_3e46f98667ef88026fb1"", ""occ_3ea9f5e79db737081488"", ""occ_42ceaba1d4b7913c65d5"", ""occ_42fe09ee4682f771c980"", ""occ_4510b71b4d43a076a0f4"", ""occ_47b4993a012b3d26a5a8"", ""occ_4c75de33d8dfc6440cc6"", ""occ_4c8d233b5dc0084a66e5"", ""occ_4d0b619c347522318098"", ""occ_4f9468bd03647a6dd849"", ""occ_5069f590e40df4f0633c"", ""occ_51009f4eb828174048f5"", ""occ_525de0df49b4cc383ded"", ""occ_52dc4e18905a9acb4dda"", ""occ_547f966841f76fff6605"", ""occ_5a002349015dfa3df219"", ""occ_5caef075bc8ed81361d2"", ""occ_5d01da0fb4b0bf41cb80"", ""occ_5e3d38ebc798927e9a5b"", ""occ_60cfc51a1cf3c8dc6fc4"", ""occ_62e1ea32eb94e7690e32"", ""occ_673ea93aa7b068f6979d"", ""occ_685f6d86526b37aabb53"", ""occ_68a20deb1108e832e6d8"", ""occ_6a2ea70a80765a105f05"", ""occ_710086e12f5c1c01fa1a"", ""occ_720009bcb5da2b8a8452"", ""occ_745d8b94ca91fd66da93"", ""occ_7526612eb41deb3c99e2"", ""occ_783d0587c79a053f9b1a"", ""occ_784a563fa1bb6a7a5d6f"", ""occ_8227039b63dc81095bbb"", ""occ_8312fd328ab69afed942"", ""occ_83bd7188955f345536ee"", ""occ_879c1a9f9fbec9c55641"", ""occ_88206a02e413422dc10b"", ""occ_88fce6c1944e9abfcf4e"", ""occ_8974879f25efc55af9cb"", ""occ_8db9fe57d88130bbf8e4"", ""occ_8f396cf5400dde76518d"", ""occ_9141fb51b17d64c0b60e"", ""occ_9436fcc65f4a0dbe188a"", ""occ_954a32ad147a10ac5833"", ""occ_95f22e89524330ef7f51"", ""occ_9665e74b358899d4ecbd"", ""occ_97b315b716682bd5c722"", ""occ_99110ecd64cc8dde351f"", ""occ_9a7b7028f65732e06b2e"", ""occ_9aac423e603a622448db"", ""occ_9ac59fb54b9ffaef8652"", ""occ_9da14bc84dce5d5ec771"", ""occ_9e6ce6a0361bbaae5875"", ""occ_a1249ac57d16271ca034"", ""occ_a2de7d36e85712d08e10"", ""occ_a68c0ad783c491f607c8"", ""occ_a9ea8b10912665e09909"", ""occ_af7fa90367f3e82fdc3a"", ""occ_b29321a6bffff34eac88"", ""occ_b6f3df198648162cfa90"", ""occ_b8c12e79c6a5b6f787c6"", ""occ_b9f8f8bead03e02acbcd"", ""occ_bade14b4a8c500a6aaf8"", ""occ_bb129c7827e39a003249"", ""occ_bc4d8bb108e6bbaa86a9"", ""occ_bccab5d9c76daa373224"", ""occ_beaea6980a7ec1d3eead"", ""occ_c194423d10b33ebd5ac8"", ""occ_c26e6b87612c37fb814c"", ""occ_c3ddcc18b41ad993eefb"", ""occ_c713b65ded8f7ed7fd25"", ""occ_c78c80a758568ef5817a"", ""occ_c7b5200247ebd6c2e8d3"", ""occ_c9e4aaa294be415916e9"", ""occ_d225ee35421d418873cd"", ""occ_d2f5c5d3525e98997ae9"", ""occ_d72aa55fbc36c8f5a32e"", ""occ_d790e873019d2d2a1813"", ""occ_d98de74fc9632bd4cd3f"", ""occ_da8e875af7f8de59ebc2"", ""occ_daae165ac20a6f9f8694"", ""occ_db4496b1cec99a5bb7cf"", ""occ_dbf666abfa03bbad22ef"", ""occ_dfae7d52c736fb9fe94d"", ""occ_e1a187b151310b388571"", ""occ_e1d7ee891957fae08abf"", ""occ_e4c150a956e5a043eced"", ""occ_e7f648c63006f98903ba"", ""occ_ec08c5cfe3c316bf8edc"", ""occ_f22be76d342aa9e9adfa"", ""occ_f585cc3177dc37226617"", ""occ_f5c64590422c2df81fcc"", ""occ_f5d5bd8e27039df21fae"", ""occ_f6f390b55b9149c3d203"", ""occ_f8218f49888cbc462e0c"", ""occ_fbce35e96a65362f8a95"", ""occ_fd3481a22a680283298e"", ""occ_fe6d5300c5d0419c2fb7""]",run_d0d5415dcc5fdcae1cb4
term_934f3fa6a19ae81762e6,National and international organizations and institutions,dimension_name,0.98,semantic-hybrid,True,metadata column name evidence,"[""occ_bad0c82503ee5994c5bf""]",run_d0d5415dcc5fdcae1cb4
term_24b227471e778583e791,Nationality of registration of vessel,dimension_name,0.98,semantic-hybrid,True,metadata column name evidence,"[""occ_a27ee0dea4ba4bbe3e72"", ""occ_ae040bf4aca515f13524""]",run_d0d5415dcc5fdcae1cb4
term_22edd06adfb5c9bd10d3,Nature of the trademark,dimension_name,0.98,semantic-hybrid,True,metadata column name evidence,"[""occ_101b8db3e85f799a4c8a""]",run_d0d5415dcc5fdcae1cb4
term_409f475888af7e7d9a92,Nomenclature for the analysis and comparison of scientific programmes and budgets (NABS 2007),dimension_name,0.98,semantic-hybrid,True,metadata column name evidence,"[""occ_e4256fadc34d78c745b5"", ""occ_fdd5d970dae12e91e3a5""]",run_d0d5415dcc5fdcae1cb4
term_44072163a89547285a9e,Nomenclature of land cover and land use (Corine Land Cover 2018),dimension_name,0.98,semantic-hybrid,True,metadata column name evidence,"[""occ_4546cb8bf6be94b5b5b5"", ""occ_8e9d58d9baa244884ea3"", ""occ_c4f860044a5a898344bd""]",run_d0d5415dcc5fdcae1cb4
term_404920688c37f8187d00,nstr24,dimension_name,0.98,semantic-hybrid,True,metadata column name evidence,"[""occ_4c4762c0a017d780d1f1""]",run_d0d5415dcc5fdcae1cb4
term_bbc7b3e9918816aff779,Number of children,dimension_name,0.98,semantic-hybrid,True,metadata column name evidence,"[""occ_3460a397f7a1f77c0a80""]",run_d0d5415dcc5fdcae1cb4
term_8ec7619554524a242b5b,Number of items,dimension_name,0.98,semantic-hybrid,True,metadata column name evidence,"[""occ_9abadc5314f0678bfe24"", ""occ_c9cd6d18319b1e696454""]",run_d0d5415dcc5fdcae1cb4
term_3b14cd3b9a8749d5c32b,Number of tracks,dimension_name,0.98,semantic-hybrid,True,metadata column name evidence,"[""occ_4b74c81bc6fd0f9ddabf""]",run_d0d5415dcc5fdcae1cb4
term_cf940d3bcab5570fbb7c,Occurence,dimension_name,0.98,semantic-hybrid,True,metadata column name evidence,"[""occ_2ea55783543c41198e2a"", ""occ_bd69fa05dfe3ef77a5b4"", ""occ_d016c2e7c933a3fce11b"", ""occ_ee4b53b6dbabe3487017"", ""occ_fc3e0f4abb1d469ea0f6"", ""occ_ff4c43a10e5465c4e3bd""]",run_d0d5415dcc5fdcae1cb4
term_01c111f85b9dd16e6892,Operator/Trader,dimension_name,0.98,semantic-hybrid,True,metadata column name evidence,"[""occ_a1b78daa009cebffda54""]",run_d0d5415dcc5fdcae1cb4
term_9369cbac4bdd7df8ce06,Other gainful activity of the holder,dimension_name,0.98,semantic-hybrid,True,metadata column name evidence,"[""occ_d38c4d22508887d15782""]",run_d0d5415dcc5fdcae1cb4
term_27c99385126ec026e054,Other gainful activity of the spouse,dimension_name,0.98,semantic-hybrid,True,metadata column name evidence,"[""occ_6e4a6dfa9c01a6c9e405""]",run_d0d5415dcc5fdcae1cb4
term_e55cd03288058c35a128,Part of body injured,dimension_name,0.98,semantic-hybrid,True,metadata column name evidence,"[""occ_bed671b2c59f65c00d73""]",run_d0d5415dcc5fdcae1cb4
term_721e2b84da774a4d79f1,partner,dimension_name,0.98,semantic-hybrid,True,metadata column name evidence,"[""occ_19cab920e80a7a11b006"", ""occ_24a73baa15b95a981d53"", ""occ_4cee9b94f44269d64d1d"", ""occ_5770d66f660ed85cb4f6"", ""occ_8b0bff079e4ba2bc5f02"", ""occ_b476f4e7ae91e28d6534"", ""occ_bd8f2fda8b0cc234b963"", ""occ_be6cf7dcf9a069da09f7""]",run_d0d5415dcc5fdcae1cb4
term_3f91015c57172de685f8,Pension type,dimension_name,0.98,semantic-hybrid,True,metadata column name evidence,"[""occ_447b081e724985317f8d"", ""occ_81bc3cb8ab2fc19e5f8a"", ""occ_8610f45f152a0c3a3c50""]",run_d0d5415dcc5fdcae1cb4
term_e93ee7401a67c630acec,Person/support service,dimension_name,0.98,semantic-hybrid,True,metadata column name evidence,"[""occ_350b2e185c7436df1d32"", ""occ_73963c3bd3a43b2dafbe"", ""occ_98503fd285210a158256"", ""occ_dd753ea0dca2938f0af6"", ""occ_f181b3d219070b1b9c30"", ""occ_f6c654bd0db9fc0c46cb""]",run_d0d5415dcc5fdcae1cb4
term_1e875c9584ddebb74667,Place of residence,dimension_name,0.98,semantic-hybrid,True,metadata column name evidence,"[""occ_1ce1a10cc4f15900237f"", ""occ_7f77256a8c2d0d945d67"", ""occ_a290b70917584786a294"", ""occ_b5a1356ea4b781229e61""]",run_d0d5415dcc5fdcae1cb4
term_4242d4758135d171ba4a,Plant capacity,dimension_name,0.98,semantic-hybrid,True,metadata column name evidence,"[""occ_a6ed1b8718f71a419591""]",run_d0d5415dcc5fdcae1cb4
term_d2b29566469a49d5ca88,Plantation density,dimension_name,0.98,semantic-hybrid,True,metadata column name evidence,"[""occ_1ccbd0851f71ab6973b0"", ""occ_3c3787c3eedb1521caf8"", ""occ_526313a4bf96aba5053b"", ""occ_700eb903a244e15e23a5"", ""occ_92b4a71d9a24facf8e32""]",run_d0d5415dcc5fdcae1cb4
term_3843f91df5122affb12e,Port infrastructure,dimension_name,0.98,semantic-hybrid,True,metadata column name evidence,"[""occ_bd9f87e1a8409d751562""]",run_d0d5415dcc5fdcae1cb4
term_9f0af057be684e953630,Power asymmetry,dimension_name,0.98,semantic-hybrid,True,metadata column name evidence,"[""occ_10b43f0ad41467ac8994"", ""occ_956272d638ccbe9f0942""]",run_d0d5415dcc5fdcae1cb4
term_5d7ad9e12778a0f4f887,Price adjustment,dimension_name,0.98,semantic-hybrid,True,metadata column name evidence,"[""occ_36d86a31218bf856dd16"", ""occ_50cbfbdd300445c5b3e9"", ""occ_7142353796fbf29ed364"", ""occ_7a6ce9a6d6fa64ab68d1"", ""occ_aa9d93eecbe320044222"", ""occ_e6a6626ceac4d29f3cfa""]",run_d0d5415dcc5fdcae1cb4
term_8b0d6ed2597ef0ad5bbc,Price setting,dimension_name,0.98,semantic-hybrid,True,metadata column name evidence,"[""occ_99fe0903649bafe9bde4""]",run_d0d5415dcc5fdcae1cb4
term_392c45d51302df8efdc3,priority,dimension_name,0.98,semantic-hybrid,True,metadata column name evidence,"[""occ_2fdd81162f025a81dbc0"", ""occ_31bf98481f263f0ab483"", ""occ_3f41058c43a993e9357a"", ""occ_4f435905aa544dd02d3c"", ""occ_77ecf5cb342d0478e0c3"", ""occ_7a2516bf73b8b43a33c8"", ""occ_97cbcef40b1931db55b4"", ""occ_aad70e75c95d68d63de3""]",run_d0d5415dcc5fdcae1cb4
term_a7a2ed18a6a236713c83,prod_ani,dimension_name,0.98,semantic-hybrid,True,metadata column name evidence,"[""occ_0745b1d348783f28a858"", ""occ_3324be407a8a96894bb0"", ""occ_94eca447ecc31760f6ed"", ""occ_99bc57bf8f9a5e37f8f2"", ""occ_b8357565375fb0b3d396"", ""occ_b872d54fa66a5adbbd60"", ""occ_d4a4d70ba2880a3c59e3""]",run_d0d5415dcc5fdcae1cb4
term_995fc51881699966138a,prod_veg,dimension_name,0.98,semantic-hybrid,True,metadata column name evidence,"[""occ_1e43bf7eddf3a3187343"", ""occ_30732248091fae2976c1"", ""occ_57e0b195ef910aac85ef"", ""occ_5d100fe785bd347be521"", ""occ_9b7426db818c62a62806"", ""occ_d512ff51111e836f61ea""]",run_d0d5415dcc5fdcae1cb4
term_fdc14aacde9e1cafda6d,product,dimension_name,0.98,semantic-hybrid,True,metadata column name evidence,"[""occ_028406461b0bcead6e46"", ""occ_045f0dc1083f93e3235e"", ""occ_0622de7d566cf981ecf0"", ""occ_07c5fcc4dd943d105f15"", ""occ_2197dea6d83cf8813d34"", ""occ_4a5e5bcc8e4015a2a088"", ""occ_54eb9c830163cb5023aa"", ""occ_6c023d6c1dbeaf76fffe"", ""occ_71de9b6f5f8e91322c14"", ""occ_7c41096c2087a0f79e88"", ""occ_824aa8d92144422fe6c1"", ""occ_8c9e8fda85ff1356a9ee"", ""occ_8d2dc6589e7291eb2906"", ""occ_b39ceefcd2edbbd29681"", ""occ_ce247f6c792689d56376"", ""occ_db6a966cbd673ab602c5"", ""occ_e5c6fb484ff95195e203"", ""occ_fc994e1ec657b17a2354""]",run_d0d5415dcc5fdcae1cb4
term_281c42b26a4c58599ca9,Professional position,dimension_name,0.98,semantic-hybrid,True,metadata column name evidence,"[""occ_59242374ef6ac70c4ccb"", ""occ_64c2c35852636c7108c2"", ""occ_9df69467de574231fdad"", ""occ_ba2dc008f81f06e313d3""]",run_d0d5415dcc5fdcae1cb4
term_749b63744cfa9d29431d,Protected or protective area,dimension_name,0.98,semantic-hybrid,True,metadata column name evidence,"[""occ_3dc357ba4cbf4a208fb9"", ""occ_961ad6ee1cd7907c4e5b"", ""occ_9b029206ba597ca85632"", ""occ_9ba65b07b4988aac13a8"", ""occ_f6e022f733c33b373146"", ""occ_fe2a332443cd4df27b84""]",run_d0d5415dcc5fdcae1cb4
term_7f5217192a52f5655686,Purchases,dimension_name,0.98,semantic-hybrid,True,metadata column name evidence,"[""occ_19f2eee3fc6c8d2cd5bd""]",run_d0d5415dcc5fdcae1cb4
term_3294abe8304d2249d554,Purchases\Time,dimension_name,0.98,semantic-hybrid,True,metadata column name evidence,"[""occ_114b638394dd53578972"", ""occ_e900ffeaeccd28e96aee""]",run_d0d5415dcc5fdcae1cb4
term_abf1507f171abe5f5bee,Purpose,dimension_name,0.98,semantic-hybrid,True,metadata column name evidence,"[""occ_276113f189bc074c7724"", ""occ_49dae8cb53479eceeb2e""]",run_d0d5415dcc5fdcae1cb4
term_2853d582ced59ec7c54f,Quantile,dimension_name,0.98,semantic-hybrid,True,metadata column name evidence,"[""occ_013da6e8ff5df11f37dd"", ""occ_17dd52931c93f9b603b3"", ""occ_2133820c0e6251e4b9e7"", ""occ_22369915049a447b24c8"", ""occ_348c34aafe788dfda468"", ""occ_3878f8c1510cf4d3d175"", ""occ_3bfc5e26bce2d7fa1cf6"", ""occ_3c22b5425d5e8861aa1f"", ""occ_3eb882d8d0bd3f1e7b69"", ""occ_73ba4cb04a972513b142"", ""occ_7ca548b4a343d843f3fc"", ""occ_85dd240ef4889826bc5b"", ""occ_91df5695f95943ab9f15"", ""occ_96a495d5e92326ab6d56"", ""occ_af1654cbf55c8f74f0c6"", ""occ_b72bc082f09b92966036"", ""occ_ea2eb2df1129b2457e36""]",run_d0d5415dcc5fdcae1cb4
term_da1257de3ee3ad0d07c8,Rail network segment (2005),dimension_name,0.98,semantic-hybrid,True,metadata column name evidence,"[""occ_1b110fb63bf69a5e3a9b"", ""occ_30fbe1a1fc9d80e0fc83"", ""occ_55244bd9964a1f03f954"", ""occ_6c705c5b903310e2af32"", ""occ_6fce9e15324e83d48bd0"", ""occ_73d69bfe3f2cbe7db08e"", ""occ_836cb3b21cc4e6531021"", ""occ_a35a97677c628a21afdb"", ""occ_aab42db81e2e024018de"", ""occ_adc086b84ce4e5306284"", ""occ_b1d3b75328a4415f95eb"", ""occ_b3bbc202bd32a638a0e3"", ""occ_b6f93ce4acb0e3f1e9f9"", ""occ_d84a2d059404235a0277"", ""occ_e6eb36666eac1f5ee1cb"", ""occ_e9b3bab01e40eb353578"", ""occ_fab764811004ca6038ba""]",run_d0d5415dcc5fdcae1cb4
term_bbfea52f39693deb7ee6,Rail network segment (2010),dimension_name,0.98,semantic-hybrid,True,metadata column name evidence,"[""occ_054cb338c4bc1a9d65af"", ""occ_1b2ecbcc154fb61a329e"", ""occ_23198b47115bea40a2b5"", ""occ_421c47774be8714e73d4"", ""occ_4639de61fd96fe6e0465"", ""occ_5d0b917254201309039e"", ""occ_5f4c7fdb8c646626150a"", ""occ_657b4b014ed2f6a2a439"", ""occ_72b5e2ddf702aa038e51"", ""occ_7b869669d7843b062905"", ""occ_8f84f6250ec85e4e8e21"", ""occ_a619051196d41b30c6ba"", ""occ_abbbba7a1aa0d73d087d"", ""occ_bb1f7453608c12b6924a"", ""occ_bff1d588880149d81905"", ""occ_c75f15a11c7f512d6947"", ""occ_c9d5361ca50dc57cd409"", ""occ_d4e195e0d2014e2cdace"", ""occ_dc464c094be0b925e67a"", ""occ_dde2c3245e69469a0b2c"", ""occ_f0929c64ed6da832d626""]",run_d0d5415dcc5fdcae1cb4
term_7525494f8e54ec90713b,Rail network Segment (2015),dimension_name,0.98,semantic-hybrid,True,metadata column name evidence,"[""occ_18db75185b12fc91f549"", ""occ_22b6bd23c36a5b07f7d0"", ""occ_2482a19aee1903b23875"", ""occ_2d8346ac7a3273031925"", ""occ_3e2b2aa57405d6d8c4d4"", ""occ_3f56dec91e29c69f8626"", ""occ_5397ad5cf5998d09ede2"", ""occ_5f3fd544f98701303c46"", ""occ_7c2a213b901dbce932e4"", ""occ_7c938389cb823e647bdb"", ""occ_849de4c65cf5d3504cf3"", ""occ_87aded2a30b76191c121"", ""occ_9e481a13a2f781f9cbe8"", ""occ_a69be81b888c6f2603a6"", ""occ_b2471ed40be2369916af"", ""occ_b542196c5896dbb7b2a5"", ""occ_c8721ce3c3acd13be929"", ""occ_cdce592dff8d421dbfce"", ""occ_d9607b7865dd3e40651e"", ""occ_ed903e71e75723cab2f1""]",run_d0d5415dcc5fdcae1cb4
term_3c6f89f9591b4623a4eb,Rail network segment (2020),dimension_name,0.98,semantic-hybrid,True,metadata column name evidence,"[""occ_19f82e63f2160c8f7420"", ""occ_21c18a6ae4baf09aa9cd"", ""occ_2600a5746c32180c7e1f"", ""occ_334ad15ce0b2af4e5565"", ""occ_4197743165a324db13d8"", ""occ_4be1a02638089dce579c"", ""occ_51d9890834112caf7f5b"", ""occ_52afc7a51721d865d70a"", ""occ_6eb7645655dd12c0f0e2"", ""occ_6f918e3c2e8994215554"", ""occ_7198b3b422567444f322"", ""occ_7f3dcfb00fae8d475390"", ""occ_89d729375c6d9be67508"", ""occ_a0d909001a07cab1bb60"", ""occ_b369e71fe4f4771aa24b"", ""occ_c694a01ae85c213abe54"", ""occ_c7975f3917447a6564cc"", ""occ_d923395f2c8fc3ffc502"", ""occ_ee60a5b5a335258f418d""]",run_d0d5415dcc5fdcae1cb4
term_9a1349900e89ef26a87c,Ranking,dimension_name,0.98,semantic-hybrid,True,metadata column name evidence,"[""occ_23d97208779b345f18e5"", ""occ_ad78977de9b8e4382279""]",run_d0d5415dcc5fdcae1cb4
term_4f400190714b851c08f4,Reason,dimension_name,0.98,semantic-hybrid,True,metadata column name evidence,"[""occ_04d2487df054f82df6c0"", ""occ_0737ddff6cf001d61a16"", ""occ_11bddf7ee1e9f83f9445"", ""occ_12baf452d91c32bcb191"", ""occ_2167ecd6d096dbcc0da7"", ""occ_284e3021424322523c95"", ""occ_287b24d0e197d2b96a72"", ""occ_2e8f1ebea4ba58c3ed1b"", ""occ_2e9d7343b604cebbc33c"", ""occ_504e7f08995dfe078637"", ""occ_53957abd4746a3a95ee2"", ""occ_61d0b34747a3c26e7fc1"", ""occ_641de786e740c48afb11"", ""occ_7df15e9750a6bf87f526"", ""occ_7fdb3f096a774f42b91f"", ""occ_8c8727242aa81f3986b1"", ""occ_8f69a359362126583085"", ""occ_99a84f13cb642f764e08"", ""occ_c8dcade58bb8be79299a"", ""occ_c8df4d0637ee79b8438e"", ""occ_d65016eb3bc37c5a1c9b""]",run_d0d5415dcc5fdcae1cb4
term_2de0beae5b52ad525b0d,Receipt type,dimension_name,0.98,semantic-hybrid,True,metadata column name evidence,"[""occ_465c589ef2921d7de966""]",run_d0d5415dcc5fdcae1cb4
term_06b4cd947e8ec940c779,Reporting airport,dimension_name,0.98,semantic-hybrid,True,metadata column name evidence,"[""occ_5569e30abb3e74ff684f""]",run_d0d5415dcc5fdcae1cb4
term_52ee379d8071845a70e6,Risk of poverty threshold,dimension_name,0.98,semantic-hybrid,True,metadata column name evidence,"[""occ_09c1ad4369f064b90335"", ""occ_2d9b6f83f4b84d37a05e"", ""occ_3e1cccc4002b1cf1923d"", ""occ_3fc532ef66d4bb75aed6"", ""occ_5c98b2a5aac582ae0751"", ""occ_76d345ee827982d1f2fc"", ""occ_a2ac59805e0e0103e2f0"", ""occ_aadb2fce3c6f31a18d9f"", ""occ_b19fa0b34697e2e7d7bc"", ""occ_ba8527447254c1d9eb56"", ""occ_cb91c78dd4a0f6b56795""]",run_d0d5415dcc5fdcae1cb4
term_e3710df43055e72da28a,Risk type,dimension_name,0.98,semantic-hybrid,True,metadata column name evidence,"[""occ_8c99491e1d91f8500502""]",run_d0d5415dcc5fdcae1cb4
term_750345d4e2f83489a1ce,Sea basins,dimension_name,0.98,semantic-hybrid,True,metadata column name evidence,"[""occ_19a39d87d5889fd815cc"", ""occ_76d86ada026266f7e867""]",run_d0d5415dcc5fdcae1cb4
term_ac450373ae2dce3edadf,Sea basins\Time,dimension_name,0.98,semantic-hybrid,True,metadata column name evidence,"[""occ_7864a17c2284abe878cc""]",run_d0d5415dcc5fdcae1cb4
term_8ae37c5e80585e37756b,Seasonal adjustment,dimension_name,0.98,semantic-hybrid,True,metadata column name evidence,"[""occ_00a24867dd12c8f227e0"", ""occ_03a4fba154a0ef5f9cf7"", ""occ_0884a6834cb2f7706d52"", ""occ_09a3c05aa520a889606a"", ""occ_0d98c6278b55cb094ce5"", ""occ_0ddc2ad1fdbd3621c700"", ""occ_11553bf42176a427e83a"", ""occ_1d8001562e54d02309ff"", ""occ_1dcfa186aac4be25428c"", ""occ_25f55e177e212eb42c9d"", ""occ_2dd35792b1de2cf070aa"", ""occ_2e6e6523ec666a80fef4"", ""occ_2e7a9bd851947099ef3c"", ""occ_3724202e68d0ae63e0b6"", ""occ_3744ec8cf7f0bff78648"", ""occ_390a2879a5ba8de7b624"", ""occ_3b99507afd65eb2c83be"", ""occ_3d6254744c961522330f"", ""occ_49b8880c15f1c76d07f3"", ""occ_4bb96a9c2dacfdba2d2a"", ""occ_4ff790c67aceb15692a1"", ""occ_56a1623458b391892d3f"", ""occ_58845cbf9fb7e8c86d0d"", ""occ_5d3c45d590aef1bd75ac"", ""occ_5e067f6018cd31812f20"", ""occ_5eff87d8340fe9f08fa4"", ""occ_5f2e4a0d7a73af636a95"", ""occ_775b9f88bc60bbb08330"", ""occ_7c3d9acab76715a311cf"", ""occ_7c4f291e37ae21d49ccc"", ""occ_7df3152a2afa1de9daa3"", ""occ_7f7efbd341b799fa6324"", ""occ_7feda71e717cb780dd80"", ""occ_807c548396ebe5bca769"", ""occ_848e7ee21d95314a1e50"", ""occ_8782245c037ae5572973"", ""occ_88121638cca89ab12bf3"", ""occ_8a248e3d2e3c387f172c"", ""occ_8a3d61979d5746497d1a"", ""occ_8ef01c03f163e6d24c31"", ""occ_8f03e22c2271d3ff6ddf"", ""occ_90c36fdfb5bb6e31345f"", ""occ_91b233126ffe48729e64"", ""occ_95c75d7518fe8728ce9e"", ""occ_a0d46702f38d3d997d1b"", ""occ_a5c6469fd7dbc56202dc"", ""occ_a7d89222669d1f931565"", ""occ_a9f66785587c8abe7fff"", ""occ_b4c7c1d90b3fe3a1e14d"", ""occ_b8e4b3ee860187b759b4"", ""occ_becae13bc769b9853cb3"", ""occ_c17014805db7dd2be4b9"", ""occ_c6b95a731440e06c89bb"", ""occ_ca4436c14739d22c2ede"", ""occ_cab7ce8ad5a2315732b3"", ""occ_cc27253e0148d53d2c96"", ""occ_cf55fc5e6ede9b37419b"", ""occ_d3559c471f5973f8b9a2"", ""occ_e2bd6a19882e2b91579c"", ""occ_e62ed82356242d869a47"", ""occ_ed1102e430c17fae8007"", ""occ_f12f43783de00c2a3d0b"", ""occ_f1fb650a4db093bf0e71"", ""occ_f45d032cb84198f244ff"", ""occ_fcdc4a51b39b9b3ecb0d""]",run_d0d5415dcc5fdcae1cb4
term_7574dceb1e92e83ea951,Sector,dimension_name,0.98,semantic-hybrid,True,metadata column name evidence,"[""occ_066a2cbfd361fcc77ff4"", ""occ_07aff37f6ff58f0b599b"", ""occ_127f5ae6f250bfe69a79"", ""occ_187540f0467779b54795"", ""occ_1d2530498a54d305799f"", ""occ_1fd8564af2fa37e80e86"", ""occ_23516d64657e990910ae"", ""occ_3211ff0ce495de23e46f"", ""occ_334667c4c87197bee962"", ""occ_470684d411f79f1296e7"", ""occ_48b4c5d8789ea5e0a466"", ""occ_5074f98721239db788c9"", ""occ_5312642a4f0b11c88feb"", ""occ_546cc6d6cba7c1c4c2ab"", ""occ_5f3aa4e68a2e7943b188"", ""occ_615aa49013f6124c595f"", ""occ_69eb3462f87e280fc3f1"", ""occ_6bb3fef75c6558660505"", ""occ_7192f2d43271b4ddb1c1"", ""occ_7c18d01ad0c22e15300c"", ""occ_7d7868b2385b28d93d18"", ""occ_8b61d0cee8f646698f33"", ""occ_8cef038b03db78c20662"", ""occ_8d43c917f0d601ffa39c"", ""occ_9bfd480278023ff8ad75"", ""occ_9d8bb59707467cca6e04"", ""occ_9db2a28f3045c4896f34"", ""occ_9ec385e96fff57716a74"", ""occ_a0fad604f61efcbcd0cf"", ""occ_aa882ff9a42615c6e62b"", ""occ_ad9a849c575f10b1c065"", ""occ_ae3935c33a9687a9a258"", ""occ_b34b870f2b4cf8ea5b24"", ""occ_b45c8861cbb2958e10f4"", ""occ_b4dc96241c6dd74320ac"", ""occ_c230a36097ab84e4c766"", ""occ_c77600fcf300bff48b2a"", ""occ_cd662f2c5b1c1637e23b"", ""occ_cff4e52c3eb2ab003606"", ""occ_d01c231e6b4a05af545e"", ""occ_d40b24f87a5914b59826"", ""occ_d55499116b9372f321a1"", ""occ_d767780cc2c1de257f3d"", ""occ_da879bad02dfb4010b9d"", ""occ_db89b17c1797bf3e1687"", ""occ_e28ee20bbd7d079f7c07"", ""occ_e2cf2dfde5da175ccd9a"", ""occ_ee531dfb5ea29fda9b3a"", ""occ_f266c37eb4a9231e19a2"", ""occ_f48ff62889379900b40f"", ""occ_f4cb3ec9a4002b05a68c"", ""occ_f5da468fad818ae2d84a"", ""occ_fc3849c653caab31207e""]",run_d0d5415dcc5fdcae1cb4
term_c830f8343573ffed6dc7,Sector (ESA 2010),dimension_name,0.98,semantic-hybrid,True,metadata column name evidence,"[""occ_063a52b860cf5b1b3892"", ""occ_08a40516c5c2e7f0edea"", ""occ_09c9595f0cd2bb3769f4"", ""occ_1fa3ee34bf0a0e385b35"", ""occ_203b561e91f0580e7d80"", ""occ_25a3544966c5e8c017a5"", ""occ_2950ce3e98e9324af718"", ""occ_2c20bc784bbd824767fe"", ""occ_2f85d01e9dd6fc1c3f52"", ""occ_30b007c407a2703dba4c"", ""occ_38864a1c94e278ef8c4a"", ""occ_3cbc238bb92e3f16de06"", ""occ_3d3a8c7d70b1ae32ba4a"", ""occ_44b2a1b7fec7f5633060"", ""occ_45bf3de0057dcd2d7699"", ""occ_4a154a1b90e6ccdc587c"", ""occ_5be2d39affaf7c6291d6"", ""occ_606f6ac4bfc572782666"", ""occ_615b62b065f3d0f2fcbc"", ""occ_650eb178262f63220fcc"", ""occ_7566c216eab320a9d5d0"", ""occ_75b93458bfd09b05e60e"", ""occ_79513109a8f80ffecf92"", ""occ_79eb9225237659d80325"", ""occ_807e9d836e47fcb36746"", ""occ_966633585e41facbcbb4"", ""occ_97865988bcc33567bc0c"", ""occ_9f6fbc9d7417d3b10f61"", ""occ_a51375fabd2165d403d9"", ""occ_a5f7b5492d5ef5155a29"", ""occ_ad29614304312adc47f5"", ""occ_b654aef9274d6b98feda"", ""occ_c13ed657faeb67fd0cd6"", ""occ_c5843f02b57bc5800836"", ""occ_cfdfa07cd5266d0fda66"", ""occ_d59ee7a381dc4c97f8ea"", ""occ_ea1aabe45566a8af456d"", ""occ_ebfbfd515367a1189f0c"", ""occ_efe9bae3d88909aaea79"", ""occ_fad52591975c815b5c5d""]",run_d0d5415dcc5fdcae1cb4
term_b2e4bbab8426dcbef232,Sector of performance,dimension_name,0.98,semantic-hybrid,True,metadata column name evidence,"[""occ_116334d59e146d14a0bf"", ""occ_3d0cae0147a6975e18b5"", ""occ_a1dc5390185dd68759f7"", ""occ_ef7a3de05f80a9032355"", ""occ_f18cd655f633517cc89f""]",run_d0d5415dcc5fdcae1cb4
term_e68e2d8f2f09137d7712,Seniority category,dimension_name,0.98,semantic-hybrid,True,metadata column name evidence,"[""occ_1c0ccae0481670827aa9""]",run_d0d5415dcc5fdcae1cb4
term_73a14d3a09027b1d7bc1,Severity (days lost),dimension_name,0.98,semantic-hybrid,True,metadata column name evidence,"[""occ_2ba990a36770782889ad"", ""occ_45a261f01c8abea7277a"", ""occ_515e81774a7ba2af7185"", ""occ_568ce4d6849aaebe5ecf"", ""occ_8ac2f053aa82a96e4a5a"", ""occ_8f8b2e7f2d65b8517dd6"", ""occ_8f9a8833679acc2b80d0"", ""occ_9026a3f119df8f3187ec"", ""occ_9459e73e2b024a438271"", ""occ_da70d1ec35d111e941ae"", ""occ_fd8be22ab281d5eb987a""]",run_d0d5415dcc5fdcae1cb4
term_0d36ab73dc5296625dc8,Sex,dimension_name,0.98,semantic-hybrid,True,metadata column name evidence,"[""occ_007593d2604b6f75d04b"", ""occ_011ab0767bfea30096c4"", ""occ_01e56528f57270f182e1"", ""occ_02176d430b4327740825"", ""occ_02a92c5410267f017d62"", ""occ_02b405cc8a2d1e3c50be"", ""occ_07f6e6263aade81f7fb8"", ""occ_0954d1ccd4007a325c8d"", ""occ_09742de9b922145b1299"", ""occ_09b58b8b3b69079dfca3"", ""occ_0a2852fb74fc2459f4d4"", ""occ_0a39aa5a50ec7930ac94"", ""occ_0a9feb4b69306ae05124"", ""occ_0b27fc989bbdf2999f0e"", ""occ_0bfe301fdf6440132b03"", ""occ_0c18a24cf04607bfc2d3"", ""occ_0c72de9995e7d70b8975"", ""occ_0cbbf3d8a3d8b4077dbf"", ""occ_0cd465d6e8aad02ddf6d"", ""occ_0e220161314154fdfd00"", ""occ_0e4fca665eeb60887f48"", ""occ_0e5b7cc057026557c30d"", ""occ_0f1d46b00c11f021edc8"", ""occ_0fbeb6656db1405b4aca"", ""occ_0fd66b8334c0a9d37ee8"", ""occ_106456b5b23cc3a21758"", ""occ_10768fdf9231261adc3f"", ""occ_12ba4d82e38845ccf028"", ""occ_12e591472eebada2cf32"", ""occ_135644120d7d58853983"", ""occ_1382b6e69643fda2b541"", ""occ_1386c757fff37abc7f64"", ""occ_13f94e014fac2ad76a19"", ""occ_1478a8f90fd23391cf66"", ""occ_14a5bb28f2d031388303"", ""occ_14ac4ed280f2530a85a5"", ""occ_14f34c0a9fe7c499dc99"", ""occ_15ce077517a495f35796"", ""occ_1800972181594f4ffaf1"", ""occ_19918fa0b6e1f4b01fac"", ""occ_19c1890f10ee8f6161a1"", ""occ_19fef88b56355c189c16"", ""occ_1a12a6ab297dda311054"", ""occ_1a6def46a4c39410d8e6"", ""occ_1afdcde4a748d6266e01"", ""occ_1b9f4af1a867f3f3ba63"", ""occ_1bfe6508ca7b760ed518"", ""occ_1c9ad0d486677d70dfd6"", ""occ_1d008cc0635c52e30478"", ""occ_1d8da8e26fe49704979c"", ""occ_1e5e2e559c36945fa109"", ""occ_1e611f8128fe7a6d1937"", ""occ_1e6a415ae56a048b7c30"", ""occ_1f1834504fe78c685e99"", ""occ_20c1055b1bcebae49b3b"", ""occ_21b519909f1681ce2e9e"", ""occ_220ca22aa2e9c536dd0d"", ""occ_22213d558622c33c55ed"", ""occ_222bb22e27d6b2acf45a"", ""occ_238fe61525ecf2ef7fb1"", ""occ_23932a36c292835b4f80"", ""occ_23a37fd463790dcd71e5"", ""occ_23a4df1e0a49df283b3b"", ""occ_240b4665f22ca298cbfa"", ""occ_2485781fa5c66445240d"", ""occ_24aba71de51f0441ba78"", ""occ_24c33283a94438ba21a5"", ""occ_274b1d58b2dc4c7ad13e"", ""occ_2815df80918658fcd6f4"", ""occ_281d3150fe946a488894"", ""occ_282c186e7e4daf86aaeb"", ""occ_28845fe69580dafc922c"", ""occ_29973d7f355ecb9ac183"", ""occ_2abc765604793033526a"", ""occ_2b366d0587fb9092feae"", ""occ_2c909f398413c572cce9"", ""occ_2d100b23ef515f2c65eb"", ""occ_2dd89154da9a6af5f765"", ""occ_2e42ebdca9c55e06b902"", ""occ_2e92b71041281ada072b"", ""occ_2ec014eef81be1e7fb82"", ""occ_2fda59ed44399a44b6d6"", ""occ_30027c56d224b217f385"", ""occ_322d69f88073ff88e6f5"", ""occ_3295a714ebb2ebb8c83f"", ""occ_34a2b9a8f13d5554de38"", ""occ_36f343dab4680605e0c6"", ""occ_3818264424d68e6d5789"", ""occ_3895646691245228dcd4"", ""occ_3b08d3adb82ad1de5484"", ""occ_3c02542a1d682c8f7146"", ""occ_3c05b356d71221c03680"", ""occ_3c6086a7f5b2cf52cfb0"", ""occ_3d5f92fbcecd8ce1d055"", ""occ_3d72c955614c1bf68ac5"", ""occ_3e0d2c09aad7fc9765c0"", ""occ_3f08f80527b52eae7e78"", ""occ_3f857ceb7049efd35b3c"", ""occ_3fe572f6716c980cd6fe"", ""occ_410c13ad05b1a4bc3f60"", ""occ_41ae0ac79fa26f0a408e"", ""occ_4243c5b7e5378364bace"", ""occ_424baaf97f3564a10a8c"", ""occ_431a166bef2bdb764d12"", ""occ_4348435fcbfb896c9b39"", ""occ_4361aab00ec8c27e18b5"", ""occ_43f238ca1e15d824f3f7"", ""occ_4418d3f01ad8e77c5c56"", ""occ_448922c84abf30dd68e2"", ""occ_4585349e8b0418f31d54"", ""occ_45eddeb3cbf3fcf0b234"", ""occ_462dafd4e34d060ea53e"", ""occ_46729a373b4e07426d21"", ""occ_4675cbea4d4a70032ff7"", ""occ_46d51230cddfbbebc452"", ""occ_46fa4762292e6d8909be"", ""occ_482cdfdd0793b4f88ba3"", ""occ_48656cf097749b9b356e"", ""occ_49190cc7abe0041d8267"", ""occ_49a9e90ad71db91ed027"", ""occ_4a028d42b098740d0818"", ""occ_4a36d7aaa2c03171b8c4"", ""occ_4acb7effd36f7188ea3b"", ""occ_4db1981356b0217559d6"", ""occ_4e7956ad137be3f4fb51"", ""occ_50602f5d8302a675549a"", ""occ_50cb03baa40d4557e784"", ""occ_514cd8ed5e9c07806d4a"", ""occ_5235221c14921c5be79c"", ""occ_5366aca77ed8b4b5377e"", ""occ_5402da212231ce45745f"", ""occ_540a886c11cba5a0988c"", ""occ_5468555760a518924333"", ""occ_55219f37fd8216fc7cb1"", ""occ_56f180358161464d52e7"", ""occ_56f835d383d1343e9e42"", ""occ_586abc4e371fbf02bdd4"", ""occ_58ce4ab4cf1fc3c0878f"", ""occ_5970cfb7107aec9f955a"", ""occ_5b0ffdb91f08dbc70ddd"", ""occ_5b11c42c9ccff3db929a"", ""occ_5b5cac77d2667048434f"", ""occ_5b8a9874342e5fe58a55"", ""occ_5c1b4b3a0ee723c66454"", ""occ_5c2e87a5f7945448da53"", ""occ_5cae60fbb7bce99fa8d2"", ""occ_5cbc6d73b6f8c2d69dfd"", ""occ_5d6f788e8cf148cb9a1e"", ""occ_5db311cabeb239390a6f"", ""occ_5dcd9ec63911d9a69f34"", ""occ_5de64502b3f29b65d3a6"", ""occ_5fd86798649e4162316e"", ""occ_5fe37027220a47ce86f4"", ""occ_6078476f05698e7bae9e"", ""occ_627019e6f9327927ea39"", ""occ_62bb52599e18f93007f1"", ""occ_62d466f7046e390ab5b6"", ""occ_636e3211b2f7747dff97"", ""occ_6443c50a0d37e9297e72"", ""occ_6528a81f7f8496657b26"", ""occ_652d31c3b6d1b514b0c1"", ""occ_657f8d13cf14fa94bbf8"", ""occ_65b2d6c808fee88d8311"", ""occ_65cf4a3260165ea36178"", ""occ_65f1000d1dbc8cd7cd65"", ""occ_665479afc1e57528f52f"", ""occ_66b2e767531c4be5388a"", ""occ_66ffacd438a190ab4092"", ""occ_670702a40e0481f80042"", ""occ_6709837c28d9427924bd"", ""occ_678f662baaeef94f0465"", ""occ_6921ef5e18223bc401d1"", ""occ_6a283090ecc8ddf8bf6b"", ""occ_6ad6da30d2431cf98aee"", ""occ_6bd30d89320b8f45eb64"", ""occ_6c1f05f4d0f4c7c554af"", ""occ_6e46eed830fa18cb78f8"", ""occ_6e6067c9cb434818e6d4"", ""occ_6e72dbba41a6f8f29dbc"", ""occ_6e72e2c9919a2fb6b133"", ""occ_6e8814965f3b76c903c2"", ""occ_6e95ee5312fb533d5c3f"", ""occ_6ea963eb7d744b1b2a28"", ""occ_6ebeae25fbfa5f6d8753"", ""occ_6ed96fde52682b8b0e39"", ""occ_6f35a811983b0b9f9759"", ""occ_6f647e1f6838d3b12193"", ""occ_6f7f2f32d3ce45c425d7"", ""occ_6f85e0e9c061e27f43ad"", ""occ_71d05ce4b6bd77b79304"", ""occ_721d767badd9d969635e"", ""occ_725b19e7b7fb02017b75"", ""occ_727c2fa43dfda21d7243"", ""occ_73231a430e81382b0b38"", ""occ_7414134a5a7c850f60ba"", ""occ_749eca131ec7c3bc704b"", ""occ_75a11a618da251f621a9"", ""occ_75c22668abfd4a7bd464"", ""occ_75f13d9babea7fb21f46"", ""occ_7637019de75c3a86e113"", ""occ_764cb58249125f5c88ba"", ""occ_768a8d1b3f124de4861d"", ""occ_773bcb93770fb12b80a5"", ""occ_77446fed6ee483c89ac7"", ""occ_78701b8c34e3c4fc964b"", ""occ_788ee2498723758438fa"", ""occ_79a1bb9183b8aeda0ced"", ""occ_7ca469ad40e40a7783eb"", ""occ_7ce755185b7ca82b5ee0"", ""occ_7d2cb97c6237c5d712a2"", ""occ_7d4d9a637e36c2643de6"", ""occ_7e05b3a73a54d493aef7"", ""occ_7ed809332b3b1b745f44"", ""occ_80136fc46028538c1beb"", ""occ_812935296721b7e0135b"", ""occ_81be32d8b1d87eaf8e92"", ""occ_81f2c2180a512aece77d"", ""occ_8236a012b07d9992e6fc"", ""occ_82472100fecc1dceec65"", ""occ_8268b618883f3ce20855"", ""occ_8479a46a58a26b06680b"", ""occ_84bf27e163a7c216e84f"", ""occ_873b5347f55b211a44d1"", ""occ_878f91d6235e059fc704"", ""occ_8935195fe46eac59dffa"", ""occ_895bb8282b998c3f1a7b"", ""occ_8af61e8c497854bc4ce8"", ""occ_8b271191757750058fdb"", ""occ_8ba4b3d18e152f2dea1c"", ""occ_8be86aaf61257c8be8eb"", ""occ_8c0a62bfc54f82984a94"", ""occ_8d2040c82f9f076eeccf"", ""occ_8e903d8585c8fa28f52b"", ""occ_90f1e4287f48b95eadf7"", ""occ_9163b9ca34dee5348b53"", ""occ_91866aaf36839bc77f9d"", ""occ_9257704bbe577ff1533a"", ""occ_92cb2bc13b21c1f2526b"", ""occ_937a8cf7e5d350c37b14"", ""occ_93a80707c2469d89346b"", ""occ_94f0b8556b9d32ca9c93"", ""occ_94fe9bda80924e79391b"", ""occ_9681f3069d8cdb98bf39"", ""occ_96a294434cfce974ab8d"", ""occ_9750ce17968c29315df7"", ""occ_976909a08bc05645ce60"", ""occ_97b96b79d4206ec7825a"", ""occ_97bf67995527fc76e094"", ""occ_9811ea92cb624838e994"", ""occ_99a675c58072931dec15"", ""occ_9aa799fbb987b4c82b1e"", ""occ_9b8a1990f3f891e3c154"", ""occ_9d3adce89e58de150a8f"", ""occ_9db2492d4af144525ab1"", ""occ_9e9ea675fdc92473f18e"", ""occ_9ef9d23373e39e8602aa"", ""occ_9f54c4ceb8b563d035c9"", ""occ_a0344ffe99e25e9bb681"", ""occ_a1db2e2c4388e75faf4b"", ""occ_a2123a18cb3f2853b985"", ""occ_a3043536e74ef549c4e1"", ""occ_a31e3f9f76e8b6721c1b"", ""occ_a3c52456ef4f0302215a"", ""occ_a3e1dd3e1d998212dc5d"", ""occ_a49bec47d63c04ae32af"", ""occ_a4ac4552a609f9522acb"", ""occ_a50372edfbd784845506"", ""occ_a51b9869e775594df02f"", ""occ_a55e847e56f914b3b5c4"", ""occ_a5d19ba94e0e854dc91c"", ""occ_a6bc36c3904f66bd8b08"", ""occ_a741ab45b52c9f567e31"", ""occ_a7f5f42c8694060b818d"", ""occ_a97e80447f6f184eba71"", ""occ_a9c15cf1305f6b123ded"", ""occ_a9c8b731e15fa75a90ef"", ""occ_aa0b4ba933f391629706"", ""occ_aa92132a0243d101564b"", ""occ_ab3198fc373d96903386"", ""occ_ac692c18891ce0d017e9"", ""occ_ad058521bef781263a30"", ""occ_ad16cda0bfd79cccf26f"", ""occ_aea5662a144f0e9a6cf5"", ""occ_aece9864d3ad6526b574"", ""occ_af7863702dd4a2f56b8c"", ""occ_af96663237fe6bbc1ccf"", ""occ_afe3acf0b9320d83328d"", ""occ_b08d496bab72282ad444"", ""occ_b2255d969ea324123279"", ""occ_b269994e20d93377bf39"", ""occ_b31baf342d6187b4708e"", ""occ_b3a3e853ce9f63860b55"", ""occ_b3ea80be953eeb321273"", ""occ_b4682ff6cce8839fd73c"", ""occ_b47baa29f4ac0aa5f185"", ""occ_b4a7afea3ebfbd101438"", ""occ_b4b83c04c5de510a6d5b"", ""occ_b4ded66dc2848891678f"", ""occ_b5255998ee259cc81408"", ""occ_b6937cf67a12e648b5f6"", ""occ_b75b519eaa08bc3e85ff"", ""occ_b7dffcb432902a56016d"", ""occ_b81069215264c5f0fb6c"", ""occ_b8973a7b202edd544354"", ""occ_b8a2ba44aa99561f4804"", ""occ_b8ad47ea646810b02e48"", ""occ_b8aeabfe4970343a1176"", ""occ_b8c0aeba0d666c9d75d2"", ""occ_b9040519cd088df4a304"", ""occ_b90af08e82d80286b623"", ""occ_b9814147c3076d3a33d5"", ""occ_b9c0e0fbdf6a2ef68389"", ""occ_ba502825a77bf6819790"", ""occ_bb92b1b0882471e47cb7"", ""occ_bbeb8c3764d40d822610"", ""occ_bc01a7cf89b0775b0b9a"", ""occ_bc6ab617285048c0179b"", ""occ_bd053bac94b035c3b1aa"", ""occ_be7547c119b003c8e5fb"", ""occ_bf13c770da140a800196"", ""occ_bf312225397a3b48f22a"", ""occ_bf32596e2833a1322f9d"", ""occ_bf4d8f7974e0e04854e3"", ""occ_bf5f624324dd1842d403"", ""occ_c071d3143261154018ac"", ""occ_c14ab61c098ebec268d4"", ""occ_c15f695cb5b63e33d634"", ""occ_c1669c354b66fa70b927"", ""occ_c1e1081b33183fd6b230"", ""occ_c630377644f8ef91d7b3"", ""occ_c6728361efbc78028696"", ""occ_c6fd61e085640369cade"", ""occ_c74c07aff59ef2548b26"", ""occ_c7e2483a3e685cd93800"", ""occ_c84fb5f767bed24acade"", ""occ_c856989ab454a7802b81"", ""occ_c86ba43fcc4e4867d9a8"", ""occ_c8bc3304386cd84268cc"", ""occ_c97e35707ab459eb94b3"", ""occ_c9bbd3d0bc95b11986d5"", ""occ_ca94497183ae09297097"", ""occ_cb1e9c39123965d28dbd"", ""occ_cb6a24de9834fc4f8af7"", ""occ_cb6c8812cc3a31f7cb57"", ""occ_cbd193ecd30840ecc228"", ""occ_cc892256edda8c0defdb"", ""occ_ccd5703e700743ac6114"", ""occ_ce59992b7e293377f9d1"", ""occ_ce9d8f6368040bf6a719"", ""occ_cea311c89bf7e2cd5014"", ""occ_cec7c184adc9ad5cefb5"", ""occ_d03865f415d41b3c4c83"", ""occ_d1cd536be20a42fb726c"", ""occ_d3296e9d587a10786f34"", ""occ_d36560a9c4adc029281b"", ""occ_d38424554531600ea298"", ""occ_d3dde561c3d638fc58a1"", ""occ_d421dd904f6225c523cd"", ""occ_d4d9ed670c7e21303dd6"", ""occ_d4f235d0be16be92540e"", ""occ_d50e3561c5bf26be2589"", ""occ_d550e6abeafbef2ed22e"", ""occ_d6c818551f0124c4ea72"", ""occ_d6e63a2e2484a2674130"", ""occ_d8286297ae774a3af834"", ""occ_d888729576937945117d"", ""occ_d8d2920d1889c10775be"", ""occ_d963d8788d7f6a88ddc5"", ""occ_da97e85b9849ed2c04a2"", ""occ_db4ced8b82db67637118"", ""occ_dc78c4eae0359e85e410"", ""occ_dd260ac86e8661c3a598"", ""occ_de85c8f1d0feda2882d7"", ""occ_dec96119f2d74be41f1a"", ""occ_df0d54ee2183f35fcee0"", ""occ_dfd0acba87dc60b0b6a1"", ""occ_dfeeaebc7a202eb44ccc"", ""occ_e100c39a774336b8ffd4"", ""occ_e12ed6a11cf8b3390f2f"", ""occ_e152b15ac2858dd6ac97"", ""occ_e24ec72c3afcadae5c12"", ""occ_e264eebdf487450b62b1"", ""occ_e293bddcfbe81a14f3dd"", ""occ_e335caed501a723e41fe"", ""occ_e361d5af27727f64c80e"", ""occ_e4422935acb24c495d88"", ""occ_e457998765d8553053ad"", ""occ_e474f5242d41e3faa644"", ""occ_e4f39b41840711a794ee"", ""occ_e5594af94e2506f56395"", ""occ_e6830b7bad4b5f3f0f9b"", ""occ_e6e09b48959813de3409"", ""occ_e6fdce9df7cd69f1f8ec"", ""occ_e8db9e2c40cf108b4fb3"", ""occ_e9d55e051cd2c7d60fee"", ""occ_ede203a45ba6ae7c849a"", ""occ_efde6a015288d865c4b5"", ""occ_f0a21a699bd71794c8dd"", ""occ_f0d16b8eb8c6393c44e3"", ""occ_f1eef80aacd2b0b904a1"", ""occ_f20315d73186124dc93c"", ""occ_f2890b76b4ea75ed7248"", ""occ_f2b319a5a4eab9e3c1e9"", ""occ_f437e5de50ece6ab2282"", ""occ_f44bb0b56f3243f92181"", ""occ_f5d6e38c1c3331846f8e"", ""occ_f685f3261ee8d3b51b10"", ""occ_f79eabce9b11c72f14e0"", ""occ_f7d7f23a68258cbe1237"", ""occ_f7e8412d5461fdc9c267"", ""occ_f92095b148dbcad1177c"", ""occ_f9360aab8b9e27e581ff"", ""occ_fa1e3ebd0ca9f894daeb"", ""occ_fa4baa31de210e57a992"", ""occ_fad08a13492118e0fec2"", ""occ_fbabea4fe5166a903fe8"", ""occ_fd2675b838e0e8a76881"", ""occ_fdb5f0598d57b2060ead"", ""occ_ff72872828b6d595fd1e"", ""occ_ffc9c4f1fe1c51db76b1""]",run_d0d5415dcc5fdcae1cb4
term_caf634081eb5475e54db,Sex\Time,dimension_name,0.98,semantic-hybrid,True,metadata column name evidence,"[""occ_f20d727b140ac0720ff0""]",run_d0d5415dcc5fdcae1cb4
term_6bf86134e32b0ce18427,Share of income,dimension_name,0.98,semantic-hybrid,True,metadata column name evidence,"[""occ_cc5732dd74fa37fcf708""]",run_d0d5415dcc5fdcae1cb4
term_ffb0c4dca3a89843fb1d,Size classes in number of employees,dimension_name,0.98,semantic-hybrid,True,metadata column name evidence,"[""occ_020d65ccb5da6cc50c8d"", ""occ_0282f9cfd54738b2ce7a"", ""occ_41407ee5a0e2d16cd970"", ""occ_52c58ee97bffebfb0a21"", ""occ_65f121e5a39e910e8219"", ""occ_8baad1fe8a790eeb8729"", ""occ_94b57e4d23ebf6505655"", ""occ_95a0204883d21efed220"", ""occ_9c0c003a405035de20f5"", ""occ_a1fe4d5cdbd2c8666a19"", ""occ_a290b99f9db9f1836878"", ""occ_aeb34b76219214a4e13a"", ""occ_b73f84b78d2274b48bff"", ""occ_c72c6711e2af6fcc6ff1"", ""occ_cf036992f76b12d6f053"", ""occ_dc160fce1c6257da7554"", ""occ_f8c218d4f235f1875125""]",run_d0d5415dcc5fdcae1cb4
term_07d23a6880cc5af857d3,Size classes in number of members,dimension_name,0.98,semantic-hybrid,True,metadata column name evidence,"[""occ_594f9de0addb4befa660""]",run_d0d5415dcc5fdcae1cb4
term_ca03b2c8313a8fea87fa,Size classes in number of persons employed,dimension_name,0.98,semantic-hybrid,True,metadata column name evidence,"[""occ_3dda82363c90d3f5a610"", ""occ_4d2a71c71113f3df9f2b"", ""occ_5a1f32080118435527e6"", ""occ_6152c36986f3cc3bb080"", ""occ_6c75b7ade6a12732365a"", ""occ_77da26b2fe63e69ee300"", ""occ_7a862133f88b18535a60"", ""occ_7a8d47ddb3498cb0252a"", ""occ_84bc68bd6780448d2757"", ""occ_8c62800e3564d06b5ac6"", ""occ_97d1ce973937c7a10da8"", ""occ_9c83f55bb6aaadbb3d0f"", ""occ_c2b89f753dd20f4fd75b"", ""occ_cb5a027ea79adf50e650"", ""occ_d0a041255f954dfffca7"", ""occ_d112dda64fc8f4300d7a"", ""occ_dfb3ae548ee4f766cd89"", ""occ_e07145130130bfc9f87c"", ""occ_f23abdeef4dbaf280ada"", ""occ_ffa88633d16e1c2eb2b9""]",run_d0d5415dcc5fdcae1cb4
term_14530bda067e12064edf,Size classes in percentage,dimension_name,0.98,semantic-hybrid,True,metadata column name evidence,"[""occ_c3751468a75042bdde49""]",run_d0d5415dcc5fdcae1cb4
term_42a6df22a46395e63f0c,Size of accommodation by number of bedplaces,dimension_name,0.98,semantic-hybrid,True,metadata column name evidence,"[""occ_1ddb58b273f06cd81220""]",run_d0d5415dcc5fdcae1cb4
term_b7c8cef98c5e47c0a880,Size of tourism establishments by number of rooms,dimension_name,0.98,semantic-hybrid,True,metadata column name evidence,"[""occ_1b07367032da54259448""]",run_d0d5415dcc5fdcae1cb4
term_8808316d868823d6086b,sizeclas,dimension_name,0.98,semantic-hybrid,True,metadata column name evidence,"[""occ_7157eaa12bcbc1ea0383"", ""occ_840e5da1fb752055fe3e""]",run_d0d5415dcc5fdcae1cb4
term_59623371419ee6302e0f,Smoking behaviour,dimension_name,0.98,semantic-hybrid,True,metadata column name evidence,"[""occ_06177c41ec21d8d37292"", ""occ_2e3c8d147bd5c218b4bd"", ""occ_3312fad81f01d8a08b3c"", ""occ_a4a72d281bce7950e19d""]",run_d0d5415dcc5fdcae1cb4
term_79e45bd6ff5512dad206,Social insurance coverage,dimension_name,0.98,semantic-hybrid,True,metadata column name evidence,"[""occ_b333de2dab6100e73ac7""]",run_d0d5415dcc5fdcae1cb4
term_c399802fd839538c3854,Social protection indicators,dimension_name,0.98,semantic-hybrid,True,metadata column name evidence,"[""occ_12ed030e773605799ce2""]",run_d0d5415dcc5fdcae1cb4
term_f44e583bc82a7d27d394,Source of funds,dimension_name,0.98,semantic-hybrid,True,metadata column name evidence,"[""occ_15a6adcd95c4952a08bf""]",run_d0d5415dcc5fdcae1cb4
term_2931fd59cff566dd9d56,Source of information,dimension_name,0.98,semantic-hybrid,True,metadata column name evidence,"[""occ_bf5f6b6b6f5114826a2b""]",run_d0d5415dcc5fdcae1cb4
term_2780f77f239118360e24,Source sectors for air emissions,dimension_name,0.98,semantic-hybrid,True,metadata column name evidence,"[""occ_88c996a1e1ad7f1e9f0a""]",run_d0d5415dcc5fdcae1cb4
term_1a9d0544d0fbe97f85a8,"Source sectors for emissions of air pollutants (Nomenclature for reporting, CLRTAP)",dimension_name,0.98,semantic-hybrid,True,metadata column name evidence,"[""occ_4111e607f3ecc34041d2""]",run_d0d5415dcc5fdcae1cb4
term_d60847579fe8f24b71bb,"Source sectors for greenhouse gas emissions (Common reporting format, UNFCCC)",dimension_name,0.98,semantic-hybrid,True,metadata column name evidence,"[""occ_879a42a015e876d7cb42""]",run_d0d5415dcc5fdcae1cb4
term_32c5d21356e43998c04b,Sourcing activity,dimension_name,0.98,semantic-hybrid,True,metadata column name evidence,"[""occ_6c393f7d917213bec7a2"", ""occ_9b6767d0ee504858aa56""]",run_d0d5415dcc5fdcae1cb4
term_1250f14be0cf26a88ac8,Species,dimension_name,0.98,semantic-hybrid,True,metadata column name evidence,"[""occ_1429c2d13d3647295c16"", ""occ_29114931afc0a9bcd201"", ""occ_5d66457a93d49a3ff5d7"", ""occ_60fd503d0528998a3d16"", ""occ_66b252ea1416867e8288"", ""occ_a26abb4cbac4df3029f1"", ""occ_b37c225eadc3147f3345""]",run_d0d5415dcc5fdcae1cb4
term_3f35f8ab1aed3021a43a,Specific physical activity,dimension_name,0.98,semantic-hybrid,True,metadata column name evidence,"[""occ_111ce5b2782415139ec5""]",run_d0d5415dcc5fdcae1cb4
term_5c30c2a045c864cc8d3f,"Standard goods classification for transport statistics (NST 2007, 20 group)",dimension_name,0.98,semantic-hybrid,True,metadata column name evidence,"[""occ_9f776c85ff7c423d006c"", ""occ_cf99fd0ab2fc534a45c2""]",run_d0d5415dcc5fdcae1cb4
term_9ab8550ed73e4487a64c,Standard international energy product classification (SIEC),dimension_name,0.98,semantic-hybrid,True,metadata column name evidence,"[""occ_399343a59fed99c5f0d8"", ""occ_66f22fff442bf60a0197"", ""occ_aa17d7456cd898938906"", ""occ_b3085ad7af47fb2f9d5d"", ""occ_bcf61b71f5ceae2b204b"", ""occ_d2714422ed6692e21a5d""]",run_d0d5415dcc5fdcae1cb4
term_42d3e763414821efa351,"Standard International Trade Classification (SITC Rev. 4, 2006)",dimension_name,0.98,semantic-hybrid,True,metadata column name evidence,"[""occ_0110efe73f26bd16ca73"", ""occ_14ea0b8d985f4e83473c"", ""occ_29b632dd878e5d25e552"", ""occ_2b01059470790e886587"", ""occ_2bfd9f5fbf4c4adba5ee"", ""occ_30f80bf7fc9aab1341c8"", ""occ_3dfa74d8c8557444d6b5"", ""occ_4a9b7834b2c965b80d4a"", ""occ_509eee705e160505de6d"", ""occ_63dc98421015572e8729"", ""occ_69bab3f228c3493617a9"", ""occ_70b380878c5b924e0f88"", ""occ_772cce690265a0d29417"", ""occ_7fb67731b22642c47c84"", ""occ_8ebd6020bfbfe44b50da"", ""occ_ae651203220b219151fc"", ""occ_af71abb3ce3537f601fc"", ""occ_afe664e98c619ffb824e"", ""occ_c085dfde7fea6ed6ee48"", ""occ_c46e5fc08c563d839168"", ""occ_d716256d275478c05f02"", ""occ_d9a2d85e62643129d11a"", ""occ_dc9ae26e67a8fa945d94"", ""occ_dfe51030c2965c2aaf06"", ""occ_e5b68889c948b05bcf2b"", ""occ_e870b57675cca53b9e98"", ""occ_ecc6191a1b58a1d58f67"", ""occ_eebefb9e1d4136ea97f7"", ""occ_fbb9937ecce4d9d63574""]",run_d0d5415dcc5fdcae1cb4
term_8a9f6abd0273a59b2edb,Standard output in Euros,dimension_name,0.98,semantic-hybrid,True,metadata column name evidence,"[""occ_37ff1dc26364a09ee2c9"", ""occ_ff20fad129722543a9c7""]",run_d0d5415dcc5fdcae1cb4
term_ce213f4e39f3719db451,Statistical classification of economic activities in the European Community (NACE Rev. 1.1),dimension_name,0.98,semantic-hybrid,True,metadata column name evidence,"[""occ_0073594a3f1f768d2352"", ""occ_02022b9e1867f6cddce1"", ""occ_0f1e4577f0d7834121db"", ""occ_10fff94f62659aa86da2"", ""occ_15a5b56a34abadf6f31a"", ""occ_2796b46dde8d3d106d3a"", ""occ_362d67432806eb2848c7"", ""occ_464c061d3cf44fc3fabd"", ""occ_4dfd04bec91d9adab7e1"", ""occ_5b85338066f827686c97"", ""occ_5daa4385097d81c3050e"", ""occ_5f84b22bd85ee7ae4cca"", ""occ_6ce1b28c82b1e6708cab"", ""occ_8154abbb1e19cfead13c"", ""occ_8c7cd877b55c8330c371"", ""occ_9248cc4a4ba279e219bf"", ""occ_adb4b20ada26d5dfadf5"", ""occ_b02efdfb132cd0b38ed7"", ""occ_b9b68612fb04ea6ad2ab"", ""occ_bab9fe0249b564062c97"", ""occ_c2ac5888cddc9849c26a"", ""occ_d3a37442f70c442ad104"", ""occ_d8f4ccec4f3a3de9b825"", ""occ_e8ca4d46c1dbe15b1075"", ""occ_ed944048a90f2c035808"", ""occ_fbbcdec55d54ed5fe317"", ""occ_fbd3315a88b24378290d""]",run_d0d5415dcc5fdcae1cb4
term_cdbfa4ddbb660de05267,Statistical classification of economic activities in the European Community (NACE Rev. 2),dimension_name,0.98,semantic-hybrid,True,metadata column name evidence,"[""occ_00efb67ba06123ef90ad"", ""occ_019c0053bc3a84ee61c6"", ""occ_01eb1e666e6e3ffa7740"", ""occ_0303cd296c28f6498392"", ""occ_08521727d21f7cd74514"", ""occ_0a46a00c2dd7a8b16f99"", ""occ_0ab544d39c7189f87f03"", ""occ_10feed98508c605fffa5"", ""occ_12f588dabd7844492e07"", ""occ_171a540a0e4d780ef27a"", ""occ_1ae5902766d2f870ef60"", ""occ_1b0b0d3004e7cb0fa74f"", ""occ_1be62df296f8dbcd41b2"", ""occ_1c59059df4cb8e3df5e2"", ""occ_1f884720e46764849abc"", ""occ_21eefb08eb427bc5cf15"", ""occ_22460e55791344f04473"", ""occ_22edc39cb829e03d1ba9"", ""occ_233a74f85e79e0653d52"", ""occ_241607c2073bae4256e0"", ""occ_241d3d628be4440807b1"", ""occ_24bcc54e3c25dc97c379"", ""occ_262dce602ef33e626f43"", ""occ_29bbfa1b9d0b2d7bcb85"", ""occ_29dc387c156c3988b3e2"", ""occ_2ab6472dec525ae9cff3"", ""occ_2c987070f54afb6259ef"", ""occ_2dcbda7ce10c1485f31f"", ""occ_2f8f5f165e0642924644"", ""occ_34beddef5be88ae452c0"", ""occ_356931379478f823d5bb"", ""occ_358604944f0495a27d87"", ""occ_3bf97f7119807bfb6c73"", ""occ_3c2f494e7de14b1e3269"", ""occ_3c76817f6073e994af2d"", ""occ_417d636fc547c5808dc1"", ""occ_43d1570ea3a370d8d0b5"", ""occ_44f4fff54b5fbdff7422"", ""occ_476a564819ae2f9151a9"", ""occ_47ffd0e63d7a8270ad94"", ""occ_4cc129ea9c4c0ad2d333"", ""occ_5138e048e867c07ffef3"", ""occ_53baa296bf9115e2cdb9"", ""occ_585ae864af976ffbc563"", ""occ_58b7dcea10550efcc50a"", ""occ_5addd37d3d1127976f6e"", ""occ_5c6c1985224a6538ca98"", ""occ_5db36aa1978f985d2848"", ""occ_61aa271081efbb8c2d7a"", ""occ_625bbebda3c0556da0d1"", ""occ_642ff62a4052ee635eb2"", ""occ_656a35627f7975e9aa53"", ""occ_667bdb9ffc404c319fb8"", ""occ_66cb2eb803a3e749413b"", ""occ_67e52bb2b64c9b30c157"", ""occ_6842979d7dd25d930ec5"", ""occ_68d55d0a90228c26a01b"", ""occ_6a9e6eb6a6b42aeb49d1"", ""occ_6c2fbc1de8c3dc788947"", ""occ_6f414becf8fda3d443bf"", ""occ_7016cc8e71852ddd0221"", ""occ_71d99c7a6bda8296b866"", ""occ_7342c466677fe222cc09"", ""occ_75a0b9ddbb5def0739a9"", ""occ_76aebb4c18ba3b7bbcf2"", ""occ_78f9967fdd89b5886803"", ""occ_7b056450efd8847a28dd"", ""occ_7b95c497ed12dd2b65bb"", ""occ_8222d67b3d35ba7ae3fe"", ""occ_8280f5bd5815731c5275"", ""occ_859784e213b9446fdbca"", ""occ_860a5f50fa27985c3cfb"", ""occ_86b2abb9c3de1bdd1793"", ""occ_883c1cb045c1d65aec20"", ""occ_8e60c3b3e187b0aa078a"", ""occ_90c2d78579e3b0e5a1a9"", ""occ_93a3bd7e93df6b0a3410"", ""occ_94ce4efb048292baf65d"", ""occ_9627ce1f0de186dddda8"", ""occ_966f4c06c8f0cd382e18"", ""occ_982ee924d13fc0ce87b8"", ""occ_98d1480490a3e4b24a7c"", ""occ_9dfdfea407291ec2e3f3"", ""occ_a1917aaf64e018a1508b"", ""occ_a1fc9da1757767d24881"", ""occ_a21d6b87e7d6040e1420"", ""occ_a399c8865fc273020b49"", ""occ_a41f39a08384359f9811"", ""occ_a4b6be7b87167be18cbf"", ""occ_a4f8ddb7fc49650f8ec2"", ""occ_a7cb995b2ab346646f16"", ""occ_a8b4e44b090e0b97f21a"", ""occ_a94e3b14d2940b3a7efe"", ""occ_a9c581541f61fe46a13d"", ""occ_aab9dafa33bc644d8ef9"", ""occ_aac3fadb362bdba87c35"", ""occ_abaea16bce182d43d66b"", ""occ_ada36dc1f060886e5172"", ""occ_b0e15bf0496b071a79fc"", ""occ_b5127210650755322486"", ""occ_b8146e21384c209e2f62"", ""occ_b82dae3128a2f6df61ba"", ""occ_b866d932c049c0508873"", ""occ_b9d009e8227c07aefe02"", ""occ_ba75813e3aedb2422af4"", ""occ_be3c5b1307930cfb85fd"", ""occ_bf9082b7e20169e206f5"", ""occ_c2c5fde2d1429f91ab38"", ""occ_c368a8634ab38ccb24fe"", ""occ_c48046006b93882ca7c5"", ""occ_c4ea8ae6e2312e11a753"", ""occ_cb5c962775effe50ecbc"", ""occ_d62057e09467e0686c66"", ""occ_d8350a826b0c051d1927"", ""occ_d8e925e2cb3df5e32052"", ""occ_dddc8b4d85b4fbe911e9"", ""occ_e17ae9ed2f721d19dcc5"", ""occ_e2bb366632de79036214"", ""occ_e31fb6da58938e2832c0"", ""occ_e7d1ff265e0080328cc2"", ""occ_e88be79fd09422dc627d"", ""occ_e99c5d66367bdf4d6cb1"", ""occ_ea2f58190fcde4d87f75"", ""occ_eb865e5b80fcd662edab"", ""occ_ef484b770891c8acf91a"", ""occ_f06f621c9047693dfc60"", ""occ_f0981704cae46f0d3a24"", ""occ_f29b645dd58dd4bcb202"", ""occ_f2ce72abe2a820ef3c7c"", ""occ_f3e4965441dd714b187e"", ""occ_f3ed610e3f32c0e9562d"", ""occ_f5d5d9f94bc782f5b5dd"", ""occ_f836ea183e09e026ed37"", ""occ_f8dc92ce6c19a304e32d"", ""occ_f94878eae5b15951b315""]",run_d0d5415dcc5fdcae1cb4
term_110b10f66febe23d4147,Statistical Classification of Products by Activity (CPA 2.1),dimension_name,0.98,semantic-hybrid,True,metadata column name evidence,"[""occ_db51428e060f508385a7""]",run_d0d5415dcc5fdcae1cb4
term_1ed4785d7f1c3999b0fd,Statistical information,dimension_name,0.98,semantic-hybrid,True,metadata column name evidence,"[""occ_04dc2c714a2de5ee83fb"", ""occ_06e46a87f2030a58ba36"", ""occ_086407f2b64ac60038e8"", ""occ_0a18d1773707c60726a3"", ""occ_0aa41617df5b17602ec4"", ""occ_39eacecf8059f5c27a06"", ""occ_3cc34b6b5f06b851dff8"", ""occ_3e11974d7def7155c4d3"", ""occ_43c5ddc41ab9ffca9cf1"", ""occ_44c02dedd2e130c9b4d9"", ""occ_455f897dff12089f18cc"", ""occ_46a337474a3232cc685a"", ""occ_48b7ce54ad440ec1b59a"", ""occ_4f4604393f3a96abeccd"", ""occ_58b9b8b2335a0823f0d7"", ""occ_6042abc3ee94db7dc61a"", ""occ_6a0ddac75e24fe38f3a9"", ""occ_6b39b1737effea2e59e0"", ""occ_7078a5508417f5b67464"", ""occ_74c0ae525ae7be5d2adc"", ""occ_792d6becdb056da63082"", ""occ_7ff5b17948e2b3204219"", ""occ_853d461e6fcb0f04dd12"", ""occ_85aa6affbe26781ebc0c"", ""occ_85f7cd349baa23d72fd1"", ""occ_8715731c7123651e64af"", ""occ_886a6799bcd7d18be6e0"", ""occ_931d4666c33f9a5c1479"", ""occ_93878b66faeed3f0545c"", ""occ_9739bfce45df18302d46"", ""occ_9fbdad73c2cc3525b4d2"", ""occ_a573d6683d79607756cd"", ""occ_a72c4449bbd4ad8f82ef"", ""occ_ad08c7cf8fbb7985775f"", ""occ_b94d17d3a58e673685c1"", ""occ_b959781592a3a3612f11"", ""occ_bb649e43fd3bfd337db6"", ""occ_bcec6fb2be313f818122"", ""occ_dba7a9e5b1b57ea41acb"", ""occ_dda2066f8cadfc3f70c3"", ""occ_e38bb8a25d5d7fddbf90"", ""occ_e633ee4a88866408eb63"", ""occ_f1e074e777786bef1424"", ""occ_f8556a02a9d05409476c"", ""occ_f99ed4f073a8398a4fdc"", ""occ_fc73db9090dd645e07dd""]",run_d0d5415dcc5fdcae1cb4
term_d67e36e87364245b7e35,Stock or flow,dimension_name,0.98,semantic-hybrid,True,metadata column name evidence,"[""occ_01c2b6188405e8c27516"", ""occ_03f0cb88c35a3e8be930"", ""occ_0929c353161dd7e78121"", ""occ_0d03c4f6e7c3f4f2d237"", ""occ_0da9ee45bc0ba937c9bd"", ""occ_11020cf248371fb369d5"", ""occ_186aff3c94414c020788"", ""occ_1ec79faa6540e5bab3f8"", ""occ_2332d6c6114046d69755"", ""occ_2b4db97d1607f99cf5ac"", ""occ_2b55c8b657b61295fa32"", ""occ_2dd9feade87cb26f2cb7"", ""occ_2ed5d23d72a014ebb32b"", ""occ_3048b8836afd1374e747"", ""occ_3a96e19981d070ef95ba"", ""occ_414f2f26744b499ec649"", ""occ_4425cdf638496ae7cad0"", ""occ_4acd2d35ddf8b2f6297d"", ""occ_4e11f35634d600f549c1"", ""occ_5094bf3497db54b2b9a4"", ""occ_50a67c342e9a67308d89"", ""occ_59be809aba8031c70ad8"", ""occ_5e46b73d400b3734686f"", ""occ_642379062730b1ab8438"", ""occ_67723c990e534a8a1c1c"", ""occ_6a181552a983dd740fb2"", ""occ_6de2b4f10a255f15760d"", ""occ_6f2923351222c2106193"", ""occ_748d230e6f017b76f7ab"", ""occ_74f9f6b6477924176493"", ""occ_78b393811ff796496629"", ""occ_7981c64b78542774ad17"", ""occ_7edd4d1895789deec221"", ""occ_802f930d8949029347b8"", ""occ_80c2f86c4a0ed0c3a676"", ""occ_8463562761dd9c548839"", ""occ_8583cefc2c7c19e50011"", ""occ_8d0d580e11df4a32e9bc"", ""occ_959d434c5b35b2af12fd"", ""occ_963df29b04c3f991313d"", ""occ_967293f5c7d75702edf7"", ""occ_9990f9dec7c73066444d"", ""occ_9b6da5d535ebca56cfc6"", ""occ_9d2c5a1c59d4a5b37365"", ""occ_a6aa16ba4bff93e7c6cf"", ""occ_acf6ed00bbfe224f6e48"", ""occ_b8a9c1a4a656d20ce61e"", ""occ_bad2489317fe92ffc4f2"", ""occ_bd87162da0533441a180"", ""occ_bfb513e5fc20cea99a40"", ""occ_c3bc8497cc0e4a651052"", ""occ_c76f364d474d867601c6"", ""occ_d3080f1813aaed3d62b9"", ""occ_d6e760070a729e09963f"", ""occ_d87237e88f917b63d402"", ""occ_dba7493c55c5c19b84ff"", ""occ_df8cafa8c6100e9a25fb"", ""occ_e16754f11c224812d285"", ""occ_f790d5a0107ab2987f86"", ""occ_f9af88f8589c451fa0f2""]",run_d0d5415dcc5fdcae1cb4
term_4dd98f48128a4586a5b9,Structure of earnings indicator,dimension_name,0.98,semantic-hybrid,True,metadata column name evidence,"[""occ_15a32f8d557513198e26"", ""occ_91299c9b2a6078ca138c"", ""occ_bd28586144b23ea19d94"", ""occ_d299fd30a7271d3f3d7e""]",run_d0d5415dcc5fdcae1cb4
term_16975b8c839dc04ec3f0,Structure of production,dimension_name,0.98,semantic-hybrid,True,metadata column name evidence,"[""occ_0b1fbed56906593d4575"", ""occ_1593ec9d2bc01da76848"", ""occ_20979b7f663aefc8e5ef"", ""occ_2154088ec7d13daa1375"", ""occ_3ef8d3e6d891a879a56c"", ""occ_4bfeffdbb5212d7fc7f3"", ""occ_71e54aa11d8bdc282142"", ""occ_959a7418c13cd3aef683"", ""occ_b75397195e749d0bf20c"", ""occ_c2301f30c5de9ef94177"", ""occ_cad44c4125f048aa83ac"", ""occ_da2cb4bd425ab1869473"", ""occ_db7a9ad1f74b78aad1ad"", ""occ_ed50df8c149ee93b3b40""]",run_d0d5415dcc5fdcae1cb4
term_1a83ce114f8665ebf19c,Survey answer - Yes/No,dimension_name,0.98,semantic-hybrid,True,metadata column name evidence,"[""occ_03613f4e0d2dc1608b3e"", ""occ_57376aabd375a34ae68b"", ""occ_6e2a4756b82a5c3dc0eb"", ""occ_86d04b3360ef8cfa6b81"", ""occ_de9e1d52ddd8783b60ff"", ""occ_e56cec1c8bcb51781261"", ""occ_f02a73575d156e5001b7"", ""occ_f24a5af7d9868323101a""]",run_d0d5415dcc5fdcae1cb4
term_11ec9420b96e0f625eda,Survey on variables under vines,dimension_name,0.98,semantic-hybrid,True,metadata column name evidence,"[""occ_0ab87b546c4ce02208e4"", ""occ_0e6fab63bc17559f9df2""]",run_d0d5415dcc5fdcae1cb4
term_79d1080e48db0c4d1e2c,Taught activities during paid working hours,dimension_name,0.98,semantic-hybrid,True,metadata column name evidence,"[""occ_a6178e4b0eaafefd37ea""]",run_d0d5415dcc5fdcae1cb4
term_1126b1c1ac52bbac6270,Taxes,dimension_name,0.98,semantic-hybrid,True,metadata column name evidence,"[""occ_0a9b6789da248d7f0e0a"", ""occ_36545b1546a410398c24"", ""occ_583af254d014da545933""]",run_d0d5415dcc5fdcae1cb4
term_4a0bee9e14a122d2b334,Technical characteristics of plants,dimension_name,0.98,semantic-hybrid,True,metadata column name evidence,"[""occ_e4651793d6f013fdd0c2""]",run_d0d5415dcc5fdcae1cb4
term_7b84f5faa5c1eac3df15,Tenure status,dimension_name,0.98,semantic-hybrid,True,metadata column name evidence,"[""occ_0206d4bd6e10fbdd83f9"", ""occ_03634a3b8225c0b91dbf"", ""occ_11d44b83efb8239a837e"", ""occ_2ae19ca7961d695de963"", ""occ_485a31dc2b045c67799b"", ""occ_5d9f798c713bc28dd486"", ""occ_7fb8fcdaad9460fbde8c"", ""occ_7fe2d34a269e59e0119f"", ""occ_801ad58e3fafc9191dc1"", ""occ_96ae032a07664d4542b8"", ""occ_a1962b118331bca97621"", ""occ_b469daf3e30027b4dcdc"", ""occ_b70ab65a1aa6284e6713"", ""occ_c28aadbd70bc3c9641f5"", ""occ_c34c4dcd42cff170ae72"", ""occ_dc4fef98f3524d83a7d1"", ""occ_e762239f315307a31227""]",run_d0d5415dcc5fdcae1cb4
term_8d3d3f805ac7a649ecb2,Territorial typology,dimension_name,0.98,semantic-hybrid,True,metadata column name evidence,"[""occ_00774dca0ba73bdd9cf9"", ""occ_0834ebd56193fe9db190"", ""occ_3634849ec45c6ad7a4ec"", ""occ_48719109e19ad30aeac5"", ""occ_4f1fda5e8ede5c4c804f"", ""occ_51a2b5e04753045a5ca4"", ""occ_6d1c4e76838074d5aa35"", ""occ_90369fc58dc94f588a63"", ""occ_a3dbeeab4d76a39db9fc""]",run_d0d5415dcc5fdcae1cb4
term_785492a7fbb927517ceb,Thickness,dimension_name,0.98,semantic-hybrid,True,metadata column name evidence,"[""occ_5f8ac1bfa8becec6e7ce""]",run_d0d5415dcc5fdcae1cb4
term_0dbef76c963d0bce50cc,Time frequency,dimension_name,0.98,semantic-hybrid,True,metadata column name evidence,"[""occ_003fd8b5be31135720ce"", ""occ_004c0d82f0fe785d459c"", ""occ_006e447c59d56ed288d2"", ""occ_00793d3d412ff1bff9e4"", ""occ_007977d20c11dce36bd8"", ""occ_00c691786ab118a7b39b"", ""occ_00d2f9fdf290942e4117"", ""occ_00e05ddb556941533344"", ""occ_010dce40e92b8acb9652"", ""occ_013b1b90cb0f1a83c0ce"", ""occ_0163657e90ceb651eaba"", ""occ_0178c8940b0efaa99806"", ""occ_01f9b472a54883ae205f"", ""occ_020455b76babe0d7fdd2"", ""occ_021996b8f6c9d461060f"", ""occ_0276a0ee33394857d710"", ""occ_02c5cdee865e7c1d3f67"", ""occ_02d076975d4136cf90d7"", ""occ_0300b26adf5b217f4bab"", ""occ_03088948fbae18e39fb7"", ""occ_032f0e5a27a0157c2ca6"", ""occ_03346423a07d8ec41e6c"", ""occ_033cd4c8f2c17bfa3364"", ""occ_0354a2e7e9ec7689e2fc"", ""occ_035786f2b98271d893df"", ""occ_03749981602b9bb5bf55"", ""occ_038f557170643dec43ec"", ""occ_03efe7bd2e781e45a494"", ""occ_04201c5bbae61c01f2aa"", ""occ_0430dfb910d36970a32f"", ""occ_0442508f449bea251766"", ""occ_049f9a79d5748787edb8"", ""occ_04f217c70b8db5f940f2"", ""occ_052e867977436ae10763"", ""occ_052f19346d18cf4e481f"", ""occ_054b66dffe2937dd7e0d"", ""occ_0573c57d61a37400b801"", ""occ_059f339b9271dcfdce7c"", ""occ_05eb18994c28ecdbfa7c"", ""occ_061a38c836ff96ee7a8c"", ""occ_0652ad17c3206184358c"", ""occ_06c3fd50bc3217ae53a3"", ""occ_06caa186a8b474d38ad2"", ""occ_06d7f0b362720490b994"", ""occ_06d9ebd3c2f220c0b1ea"", ""occ_06e1d5d877ce769b8d1f"", ""occ_06ee4da9c086dfcda20e"", ""occ_0726be43e1173cb1452c"", ""occ_072d6678560350b3f426"", ""occ_072ee3e0083990797139"", ""occ_0757ce36fed102085185"", ""occ_07690c44adae59fddb33"", ""occ_076aced44992549e1784"", ""occ_0772c837a290b953b987"", ""occ_077aa02daa08e232c561"", ""occ_079386fd81cfa490e604"", ""occ_07e40c9abe497ccb3476"", ""occ_0831b634d38d7dce9843"", ""occ_08935fc0c293bb7fcfa1"", ""occ_0926e3a96ca30a62d9bf"", ""occ_094b668a30a7d4679760"", ""occ_0956d575c50de9df52f2"", ""occ_099c737095eea603cba6"", ""occ_09a0043f0995c3a21cbb"", ""occ_09a1242d9710f886d3fb"", ""occ_09a8e565e7173a48cbdf"", ""occ_09add42ab73b84935e3f"", ""occ_09d7f7982e35ed3ae6b2"", ""occ_09f92f896e1dab54f997"", ""occ_0a13d7964590f112e513"", ""occ_0a31396601f9132f0c62"", ""occ_0a42beee57723116beb0"", ""occ_0a5ea55d04e2975c1310"", ""occ_0a5fd1dff890e1154960"", ""occ_0aa64dbf75b1cb96dc6a"", ""occ_0aaded0019af52300d73"", ""occ_0ab1c19db852328f7291"", ""occ_0aeb0f07d35fbca5dbbe"", ""occ_0aff083ef8090ea6a2f7"", ""occ_0b08e361f1e19af8dbfe"", ""occ_0b1ae8c0acd6bef8d9e5"", ""occ_0b1dbb2b778edf482292"", ""occ_0b2704f406bbd0fc5c98"", ""occ_0b4a11bfa5b1dcef7bef"", ""occ_0b9812983a2d8616f7d6"", ""occ_0bae6d26a0b67bd1aa66"", ""occ_0bce8a16fe8fbb0c4e1f"", ""occ_0bd39880ca76c64a4034"", ""occ_0c1bf212f56150304211"", ""occ_0c436a42fb6c2aa42e2b"", ""occ_0c6e7edced36b83f43da"", ""occ_0c76b5a226021b134ee9"", ""occ_0c8fb620d004a6c7af4c"", ""occ_0d00db66a50cd1d40fdc"", ""occ_0d398f881d48f9fe6e85"", ""occ_0d3ab21defe738571274"", ""occ_0d62ef6f5b45c9f40338"", ""occ_0d8402ddea0682342b94"", ""occ_0d944227571ac0a9041c"", ""occ_0da9dc781abc337df8f1"", ""occ_0db1d0b85a3380f7a399"", ""occ_0db2ad53fa9553136e5d"", ""occ_0e1528317c2e81b38007"", ""occ_0e1eb80782e491f09775"", ""occ_0e24824a1fad4bc336b3"", ""occ_0e3379c7e8242cf4390f"", ""occ_0e414020f4cc63d2f513"", ""occ_0e5f8187024de0e19d14"", ""occ_0ec92ec3d8f4b8999f75"", ""occ_0f806971eedbc5716f30"", ""occ_0fd2aae8467ec8bc1db7"", ""occ_101c220bc89bd537739d"", ""occ_1041db273d8a2829cd3c"", ""occ_1046afa47c02d4242a08"", ""occ_1057bb502f9c9be9b0e5"", ""occ_106892109e36af89eec8"", ""occ_1081d575a8ee320ba2a1"", ""occ_10870f8b2c0cf82028b3"", ""occ_10be742093ccd6f006bf"", ""occ_10d58951e03f8c48e782"", ""occ_10e267e36c2abec9379c"", ""occ_10e87f978451cd9b5717"", ""occ_10fd1538d6913016967b"", ""occ_11679fc231b90e103215"", ""occ_11a5d7a2ed5ff4c341f2"", ""occ_11c89a4aa258ab926a4e"", ""occ_11cb582e4b117096548e"", ""occ_11cc8e92bc650a3ab9f6"", ""occ_11e58575be459adbde33"", ""occ_1208e4b972c49de67f47"", ""occ_1214ed083cfcc9b7a59a"", ""occ_1224923f3f04b149f75a"", ""occ_12da00db07c1b4f6bfe6"", ""occ_12dbc1deb3b8cce9e8b9"", ""occ_12fc5c8b093f19905a03"", ""occ_131dfae5fc337518f6ea"", ""occ_132c6496a181189e098b"", ""occ_133457c9b5958b25a4a4"", ""occ_1349e9952bc53b3c2e61"", ""occ_134b53ca46c6e7e1daa3"", ""occ_13563378670bb3baa059"", ""occ_137d3c182afb7a69235c"", ""occ_142ca4ef41c199d7a377"", ""occ_144985d6d211aa95d4d4"", ""occ_147d0929fc3660d3bc45"", ""occ_14850f745b6082363f7a"", ""occ_14b0b686f1b386ac7c21"", ""occ_14dcdd145b35f5c80051"", ""occ_14e9b507f0b62a3f05fc"", ""occ_150117c76387e4a7d0fb"", ""occ_15263d810e8dd26f4719"", ""occ_152ce6368d1c86fd251c"", ""occ_15617b50dfd88264c8ac"", ""occ_157a6ee8543d0e5e286c"", ""occ_15990f8587b92cd61413"", ""occ_15af8cd2ed4ad0ff339d"", ""occ_15b3f0b260685ba886ad"", ""occ_15f190b948bd50b2fe81"", ""occ_1650afec4936eb1d96a0"", ""occ_166e5076f1bdcde67535"", ""occ_16b0f7942fc0d2e565c1"", ""occ_16fbb69a1247fb4ddf25"", ""occ_17265ef55bc36f79efdf"", ""occ_173df854575ea7239490"", ""occ_1741c790091f658ab953"", ""occ_1742b697aa01e3d7eb8e"", ""occ_175f7f62b0b75bde62e8"", ""occ_179bdf70f6a53b90a9cb"", ""occ_17acfce8d68eefd05af2"", ""occ_17c6e96d1af5b24cf54b"", ""occ_17d635a2712c1fae9ac8"", ""occ_17f904abaddfc9e491a4"", ""occ_184a81b88ae91c363b08"", ""occ_18abad868f6a50cd11d1"", ""occ_18b98b2a449669423074"", ""occ_18bbac683b18d8110a73"", ""occ_18bfd26c7a891849d3d5"", ""occ_18cece3c2c17b55c5a4f"", ""occ_18d65b525c7a9c566941"", ""occ_18d9f54275c575ebf513"", ""occ_18e6a9fab3c6faea0e0c"", ""occ_18f42903adf7320340b8"", ""occ_18f56c5dccc07ad57106"", ""occ_18fcd0e56bd3cd0bce0f"", ""occ_192f2d564c792adcc8c2"", ""occ_1946e518c2a602ae9850"", ""occ_195363d90b07426538e2"", ""occ_195b042be1f19f10b22d"", ""occ_19b37cbf3978fdf14c9e"", ""occ_1a387aedeae2771499a1"", ""occ_1a3e60b3a1aa4ebd180b"", ""occ_1a438575ca02a09ed259"", ""occ_1a4df0dcb9506a27270f"", ""occ_1aa74ba9a28d1b852257"", ""occ_1ab20d90c8333362c5e5"", ""occ_1ab986797e78f7c4e9fd"", ""occ_1ac91d4baa3d3b20f66e"", ""occ_1b2d1b2fe665571379a7"", ""occ_1b3f78fc05497cfd0847"", ""occ_1b410ea262cbed77c7a5"", ""occ_1b6679f40ccd40d40797"", ""occ_1b7541a4bccc6f2dea94"", ""occ_1b79ca6d43fbb882cfda"", ""occ_1b872a8bcab17b45378d"", ""occ_1b87f7c906eec2da4425"", ""occ_1b8f886885d7c3b66f74"", ""occ_1b9e5d41b51ffdfda66e"", ""occ_1ba17fd48dbe15b09fba"", ""occ_1bcb398ab123d95a6110"", ""occ_1bd830f5c1f4aa54fd62"", ""occ_1c235efaf4da750d00d8"", ""occ_1c78aa9278fed918e2ba"", ""occ_1c8215e2e218acfc57c1"", ""occ_1c9645d8434db21a78f8"", ""occ_1c9ab2d633588d2ea32c"", ""occ_1cab93b21b9efaab100c"", ""occ_1cada74483f10b9adf1d"", ""occ_1cbe0d202bd0235fe169"", ""occ_1cfe7a5502bfdb77e083"", ""occ_1d3dbe621399c55d4784"", ""occ_1d547b23f3bc880b278b"", ""occ_1d6b8809396f316542a4"", ""occ_1d74f7cadf9bbd4340c9"", ""occ_1d855db00a57436eca71"", ""occ_1d92e96144c20ad99fdd"", ""occ_1d9e9f7460f9b57be915"", ""occ_1db08d4ea7075eac00af"", ""occ_1dc7213d53651340974d"", ""occ_1e1c0c32beb81808842f"", ""occ_1e3c79b57ed761cb00ae"", ""occ_1e420a0613ff78c48443"", ""occ_1e5bd4191e9265433646"", ""occ_1e902c16969a98b6b9dd"", ""occ_1e976fb7efa93a444026"", ""occ_1f34be84e69af8dcc885"", ""occ_1f68a028cf8819af8f9e"", ""occ_1f6cd48f3d179eb39557"", ""occ_1f6ec57a2c82c01da080"", ""occ_1f8adb5436c4f7c6b0e5"", ""occ_20028850d3ce74932521"", ""occ_20087d581d7d3b5c59ab"", ""occ_20095566b04d15ed479c"", ""occ_2022f2503397db00c668"", ""occ_2056c79df40882bb228e"", ""occ_2076519a6c9b0fb23fcb"", ""occ_20865c611f3f9c8eef1e"", ""occ_2098effe2f9647fb724b"", ""occ_20ba10782faa582e6cd1"", ""occ_2139cef4ec532c18153b"", ""occ_21513a611a5b685469f9"", ""occ_21a0a7cf1ed61f31a552"", ""occ_21b1c4b3d4123f88cbfb"", ""occ_21b6529e33abff7be93d"", ""occ_21bba1e02f59d3c68dbf"", ""occ_21d5c30312a3511e03cf"", ""occ_220f2aa0dc6b2479c0b7"", ""occ_2213fa37f732a4c0afb1"", ""occ_2216ed406c9a9e2a88e6"", ""occ_22333e30bfb3252f727a"", ""occ_2242e6453866fb9bfde7"", ""occ_22522916c5bea1e7d55c"", ""occ_2252cc047474e39a94d2"", ""occ_2275da142d4283c8aae4"", ""occ_22ecbdd5e693c79bd8c6"", ""occ_22faa07b7e59e56856aa"", ""occ_23019ba88441f12734e2"", ""occ_234cbdc73763b4c1f4d8"", ""occ_23509b2709012a725645"", ""occ_235248bb91987825de57"", ""occ_2354b1173e81a0f4d6a3"", ""occ_235803a0aa607d1c41d1"", ""occ_2386e61f4675d076efaf"", ""occ_23c265b208aa8a81e423"", ""occ_23dd35c539765010226c"", ""occ_23f5c4f39ed1723fd1f9"", ""occ_24313d315377c34a33b7"", ""occ_2454bd208dc53608c92a"", ""occ_24a363a534340b1d14fd"", ""occ_24bfa1785d03e2559a36"", ""occ_24c158e8d0b5a9d2cfab"", ""occ_24f0ab6ae4f67a07ec3d"", ""occ_250227ca2d3826316547"", ""occ_251fa38c847b9bba90e3"", ""occ_2524732d52bc49b2bb1c"", ""occ_255121319a90d91a36a6"", ""occ_258c0c7d725f9e5605e1"", ""occ_2599559443b8a234eb2c"", ""occ_25d213b184037d72563c"", ""occ_25e7e79ee775cee3a70f"", ""occ_2631f8b39910d9f23ba3"", ""occ_2713af811e1a65797633"", ""occ_2738f5934a84ce35fa13"", ""occ_273bc1f8fd0000d1a775"", ""occ_27cfc3d886c1749b546a"", ""occ_27d73f9a67e3804de76b"", ""occ_27d8bc67e2df7b0bccb9"", ""occ_27ee5e316ee8dc7161c5"", ""occ_2807f8fdd3549b265e52"", ""occ_2832566074a4bf1f0d82"", ""occ_287c93ea826a10e6ec2c"", ""occ_289d1e7e66a110e17ad3"", ""occ_28c7af2db4b3d4e25dc9"", ""occ_28e7f4e087e11b47942d"", ""occ_291aef0e18051c8cddfb"", ""occ_293caf36f034f461437b"", ""occ_294561bda27386569d7f"", ""occ_29a38d8d686f6bbf3f92"", ""occ_29c19ed817ea04243caa"", ""occ_29dba40764c3ea29668d"", ""occ_29e35006003c20666e0b"", ""occ_2a00348499cabe17a393"", ""occ_2a1c75c169fca39bea3a"", ""occ_2a47a9f92b736fc370f0"", ""occ_2a4de06aa1c3e0208b2b"", ""occ_2a55589a1505c4e44cee"", ""occ_2a967e8d1b5f198b97bd"", ""occ_2af796b2addad6291f9c"", ""occ_2afceef3cc9ce5dffdc0"", ""occ_2b240020164171d57187"", ""occ_2b33f0a6988d4b906f7c"", ""occ_2b3b9ca117f48be717cc"", ""occ_2b50990de821721acd0f"", ""occ_2b6d5523d535d690f931"", ""occ_2ba16bdca225586e9dbb"", ""occ_2bcfc6951a989663a2ad"", ""occ_2be68094a244ab89d223"", ""occ_2bf89af4b748fc3ff752"", ""occ_2c2047c385067a3ca3df"", ""occ_2c233125b39e264d00bd"", ""occ_2c6fb4cf1bfd8265f7e6"", ""occ_2cc1fae6c153c0e9115e"", ""occ_2cd17e09418331496c6b"", ""occ_2cd863c56488d0819386"", ""occ_2d0d96546da4ec5cca93"", ""occ_2d4cac0b690161f78adf"", ""occ_2d532e4e8350c847e143"", ""occ_2d9c045e83b6d79d2622"", ""occ_2dccdbf34bce5fc48649"", ""occ_2dd5cfc039f270200fa4"", ""occ_2debccaf13fd813b6367"", ""occ_2e0c8612b763ec7588b6"", ""occ_2e1adbfeb7bf5445c550"", ""occ_2e215232b9e049332123"", ""occ_2e5ce95f63f192527778"", ""occ_2e7667cb1cc6d0671fe0"", ""occ_2e836c8de5a56121b088"", ""occ_2ed31aacc7d4215c1719"", ""occ_2efa9d9660a218fb9582"", ""occ_2eff52fd2058904d507d"", ""occ_2f1145d86b98e85dbac3"", ""occ_2f11cd27688aaec45eb4"", ""occ_2f11d2730693a36d558f"", ""occ_2f187f4de53680583fae"", ""occ_2f1cb3931026063bdfd0"", ""occ_2f2a48394782826cb870"", ""occ_2f336fd71b2ee2f6805f"", ""occ_2f69850512e4b50cffcd"", ""occ_2f6dcb3d7455c0002c8d"", ""occ_2f7e2674853414ebc917"", ""occ_2f81c88a4ebe85ba12c3"", ""occ_2fb1cc4fb38ac35865df"", ""occ_2fcad2c9bc7bb12269c9"", ""occ_302647c41ede317b0926"", ""occ_30796c6136bb3824c95a"", ""occ_3092d568aecba517f451"", ""occ_309c097a1be4c5fa6eea"", ""occ_30d77f711a68c2e2368d"", ""occ_30e96adf19893cb7b0e3"", ""occ_30fbba1556355bd3a1b2"", ""occ_3187fa43e9f5b4f848eb"", ""occ_31a2300c6c252169b41f"", ""occ_31b7b016f5836bc50342"", ""occ_31ccbbb6184bc7ffb4e6"", ""occ_320b56c9fc02c282a232"", ""occ_3253064d3e08858c39e2"", ""occ_325f0048058c3d982671"", ""occ_3281a9311c2b5ccf27b2"", ""occ_3293fa9d37176cea80fe"", ""occ_3294dedb26656a276fe2"", ""occ_329bced44cd0d468e38c"", ""occ_32ce4114b08173cf4663"", ""occ_32dcaa36450aacfd652e"", ""occ_332bc2ab66221e4638e1"", ""occ_333a50b5e9451944cd6d"", ""occ_333a51fb3fc34cbdc24e"", ""occ_3352ccbace039d94d6aa"", ""occ_336e9f705e79399bad3b"", ""occ_3381bcf3a195955aa8f0"", ""occ_338fdb18ebfd60db0317"", ""occ_339de18ec901b96552d2"", ""occ_33de08cf6a0a565ec80e"", ""occ_33fdf6fb442874a55b9d"", ""occ_341399fb7302f62c0756"", ""occ_3430872571d775f54da7"", ""occ_346639ff132b89296175"", ""occ_347749eed259094c1985"", ""occ_349d61753975b29ef4e6"", ""occ_34aa2f4ba0a7543ec565"", ""occ_34b749dc30d9633d19fc"", ""occ_34c47faa9f73784d45e1"", ""occ_34f1c45c0af2fb2cceb8"", ""occ_3576d0be33ff21e828f0"", ""occ_359b272fca5541dde3ff"", ""occ_35df16785ed3aca58d2c"", ""occ_3611feed7fe7063eb4ca"", ""occ_3626c432b17a295b3ee2"", ""occ_3670608d908e1a2b3020"", ""occ_368feef0bf81283f101a"", ""occ_36a9d09fca93027ba463"", ""occ_36b3a2791367a38b6eb4"", ""occ_36f3f2f988dc7fe87f22"", ""occ_36f4cdeb970f20e7e0ba"", ""occ_3717a31a59285dbb4f78"", ""occ_3727c101320523c4fd59"", ""occ_372aa984412272dac368"", ""occ_37396afc65cf833f0bc1"", ""occ_373af24ffce98852d101"", ""occ_377c0afc5b0fa5302b77"", ""occ_378541150aa74ed53a3f"", ""occ_3791f5b547f7080ed96c"", ""occ_379659eab5a03ba6496c"", ""occ_379f17bed00caf47d2ae"", ""occ_37a0245052c06b88622f"", ""occ_37c7648c0eb8706cc76f"", ""occ_37daeb47d72374e8e93d"", ""occ_37df0eb4f128c494ebe1"", ""occ_385af92af7a58300b361"", ""occ_38680e525c5e4c7e9047"", ""occ_38770a1c1bf1c218af21"", ""occ_3891d2a0247267bc0294"", ""occ_38c44fa81303d6956ab8"", ""occ_38db06b1830e42a82d68"", ""occ_38e9fd700256b8042f3f"", ""occ_38f01cd93275d7bdd0d0"", ""occ_39001d36e1b61e9a3ac6"", ""occ_390b42413818e151ce40"", ""occ_393404e72afd45fbaa6f"", ""occ_398566d147284c734658"", ""occ_39a3070edcb8c412fb3d"", ""occ_39b75cc8687ce42a1b8a"", ""occ_39ba93ae7cb482cc0e97"", ""occ_39f322a67fdaab1c4c8b"", ""occ_39fc5b658df6baf1358f"", ""occ_3a12948f54582f7f2f1c"", ""occ_3a13a4fa2d5f4f1661e3"", ""occ_3a198539cd0cd53f8bdd"", ""occ_3a2c893f647b563ce908"", ""occ_3a787ccff57742df16c8"", ""occ_3a9806dc93e28dd457a9"", ""occ_3aac36d5e551f3bb0c61"", ""occ_3ac6c41d8f9d08a9aa5a"", ""occ_3aed23d2bceacbc462ee"", ""occ_3aefb82090b8db1c839e"", ""occ_3b055ef18d1f5acd0b28"", ""occ_3b1bcd84a8496c9e024e"", ""occ_3b616312f4ad602a8ae2"", ""occ_3b6a2826d9666dcbab70"", ""occ_3b8f4ccb3aa9bbaffa3b"", ""occ_3ba64043e62dab78a299"", ""occ_3ba881b22c5d7fc2e346"", ""occ_3bc22b7adce24c60b7e8"", ""occ_3bdee6c9c7ff829df749"", ""occ_3be3b332f79c891f7ed9"", ""occ_3be5a4a9a0059c6792ee"", ""occ_3bf26176c597632a8a4a"", ""occ_3c145594c49faf04fe79"", ""occ_3c21533015496484a16d"", ""occ_3c577b26d81b12ef2fb6"", ""occ_3c7013cfbd933c58cd3c"", ""occ_3c9a21f9981fcb1c1257"", ""occ_3cd5723ccd481a8acc32"", ""occ_3cd8ff329f70f7a4893a"", ""occ_3cf2cad5cd0a1351c6ee"", ""occ_3d11cba1b6b513b53bd5"", ""occ_3d2532835c1b97c169f7"", ""occ_3d3043092de39d120c80"", ""occ_3d50ac6002ef4e9cdafc"", ""occ_3d51968934c30b2a82e3"", ""occ_3daa9e58672812f1e123"", ""occ_3dd31707ce3752bee679"", ""occ_3e277f7a778fd9b16bc8"", ""occ_3e3c53e27be101bb5776"", ""occ_3e598d57f1f639cdae7f"", ""occ_3eb97d32ff7bbb724d64"", ""occ_3ec3e1643bb154dfe2aa"", ""occ_3ee4958f1118439b190a"", ""occ_3ef36baf347bc44f852b"", ""occ_3efa3203894198df55a4"", ""occ_3f067e051b1e9d3dedd7"", ""occ_3f0ad49addda51f40b0a"", ""occ_3f1d0eb6dfc807a87c40"", ""occ_3f362e5468a3dd378d7c"", ""occ_3f4fd8337a026b123a28"", ""occ_3f5e2eb34b0c129c6308"", ""occ_3f75af4f1b7327740ea2"", ""occ_3fa94a5d81eb802c7f2e"", ""occ_3fcd300e975d0c78c381"", ""occ_3fdcbedfdaf38c7c8805"", ""occ_3fdd8db36bd639c053f1"", ""occ_403461568d815a0e8fcd"", ""occ_405593a42b8e1507610a"", ""occ_40e4def568f9a55f23ea"", ""occ_41072d4962dbe68c742a"", ""occ_410f2a588a15d0749ae8"", ""occ_4149e9ccb8e6304ac2af"", ""occ_418379af238239781a27"", ""occ_419cbb69f872fa755177"", ""occ_41d2f8d0e5ac786266b8"", ""occ_41e1de0db3661be834b7"", ""occ_41faa68d8b09b3b00518"", ""occ_422866e6be9fb6e553b3"", ""occ_4261b5fa435e5f5ff2d8"", ""occ_426bd5cfa9ea049a66e5"", ""occ_4289661ee7b6846e5c6f"", ""occ_429a5ce5871f3bc6c7a8"", ""occ_429e0144c7a1b0734699"", ""occ_42ccf0488070cd46bad6"", ""occ_42cd1977952db1dbe555"", ""occ_4317c34d7e8e7e0357ec"", ""occ_43187752cc864c497bc0"", ""occ_4324617b3e1666a3b560"", ""occ_43416e4b63155c2910bb"", ""occ_43466bdb19626fa571e7"", ""occ_434ce64fcb7ed12d8ce0"", ""occ_439895f18166db4d4f38"", ""occ_43a2b2866996cb2fc5ce"", ""occ_43bfcaa2393d9079c1d3"", ""occ_43d006c519efa26c9f73"", ""occ_43f4098358f6cb88b6b0"", ""occ_44621bffeb1ed6c18cad"", ""occ_446ac7ded2743c8a05c0"", ""occ_44719fcce8b148fe1138"", ""occ_4497cbcef52b6c9e1ed2"", ""occ_44a3af70e62b6a59cbbe"", ""occ_44fc956b6623d927ba6e"", ""occ_453420c5750ec7378a55"", ""occ_457fb8eed1d5e8f7527d"", ""occ_45809665c7a0aa692246"", ""occ_459fe3cbedaddbf6a0b3"", ""occ_45a866bc0f82f4416c0d"", ""occ_45b9c4c716f25d856d9b"", ""occ_45ea6ba1a475448dfdbf"", ""occ_45f093ae5d6943228a5d"", ""occ_460d1d0f92dc11451a6f"", ""occ_465b03199bc4c6122246"", ""occ_4662c0528ad669e6e43e"", ""occ_4674946ee0956da378ef"", ""occ_469f5817227f7f4aa461"", ""occ_47013adb4d2d94f3b4ab"", ""occ_47301e7dd3d91d03252d"", ""occ_47325360a5d5ad6a7b83"", ""occ_476eb567f907502f5c16"", ""occ_4782a55aab5bfed0d326"", ""occ_47afbde026f03ad9e417"", ""occ_47afec65612ffad816b5"", ""occ_4809f2b3a0b5d5e3994c"", ""occ_480e4f67d1c745d5dd4a"", ""occ_48171d0ff942c69c953b"", ""occ_481a4955cd0f2b1af359"", ""occ_482c2033738272357ef5"", ""occ_4842a138f673e0728f96"", ""occ_4896d59d05b6017d5283"", ""occ_48975a083e866b856a3b"", ""occ_4898afb9ec4949cbed85"", ""occ_48e0cd238a63420cdfb0"", ""occ_490031ee919591ec28df"", ""occ_490b7338ac72ad2a558d"", ""occ_490dc875b86914246c9e"", ""occ_493c3c8679180bcc7847"", ""occ_4959e0307fb04cd114b3"", ""occ_4992bbce97d4fd11b91a"", ""occ_49aca015cde74dfb9d07"", ""occ_49b9b23b74222a1c6eda"", ""occ_49d7158610abf3419205"", ""occ_49e14a2725eca7051a85"", ""occ_49e314feac49ede3e45f"", ""occ_4a0ee029511d51474b72"", ""occ_4a23a0153d9d7a5329b6"", ""occ_4a44824bc54f76c786d1"", ""occ_4a68170fabab69276812"", ""occ_4a73a2ebd66e939cab05"", ""occ_4a8d1f3bc7810e7a22e2"", ""occ_4aa004022bcebf554597"", ""occ_4aa81f7dfff8e9b67701"", ""occ_4ad169c8cf54a2708a6e"", ""occ_4ada55fc46cf830f4d9e"", ""occ_4b1a40c3d06db95c4152"", ""occ_4b397ceffdd41c0a817d"", ""occ_4b5a683f29292d1331d8"", ""occ_4b74c7088c50980f9739"", ""occ_4ba4ec581f6dc46aab7b"", ""occ_4bb48e8f4b4a17637e76"", ""occ_4bbec60f65c847154198"", ""occ_4c27eeaa829c5f0c2d62"", ""occ_4c687d83fb6f45e2e36d"", ""occ_4c91734b0b79f6d4a58a"", ""occ_4cdddc206c3ce94e4ae6"", ""occ_4d08ea36415e916b2590"", ""occ_4d282ed30ec3870b5629"", ""occ_4d554d601b83ecc9e04d"", ""occ_4d65981c5535c7a86edb"", ""occ_4d697896b255ed73ef63"", ""occ_4d96e5eaa31b097a63a1"", ""occ_4de6de22945882510cd6"", ""occ_4e092cf8b4d48b4b418a"", ""occ_4e65d1bf56a36a2e9162"", ""occ_4e7b3b72f9b67d98edb4"", ""occ_4e97d84ed19a4b35d686"", ""occ_4e9a03aec629c38ff7d7"", ""occ_4fa85facd073f8d158c5"", ""occ_4fb2e6dfa1e67c07f853"", ""occ_4fc972562d1a373e6301"", ""occ_4fd5d26e0ae6689adb61"", ""occ_4ff8127c3fcab114d97e"", ""occ_50c50a756d186aabb232"", ""occ_50cd1f7a9114ef5b7411"", ""occ_517baa866344f915051e"", ""occ_5199982ec5e2c51ccf61"", ""occ_519b27f33ea5490b2945"", ""occ_51a6c890a2956faa3095"", ""occ_51a6d1b81dbc0a846e5b"", ""occ_51dec2731a553d31a59c"", ""occ_51e78a16c742a44b733e"", ""occ_51f15665231ae94bd2d0"", ""occ_5231cf1ad2fba9b60597"", ""occ_529a584c6f651945d5bc"", ""occ_52ec18879a91bb7171de"", ""occ_52f2e53a7c5eea270b12"", ""occ_52f8f3f20d11cf8d9ebc"", ""occ_52f96c313cf4d893c6b2"", ""occ_531f6e5e6d4b176bf9db"", ""occ_532a08e12cc82219545e"", ""occ_533f5e213e423454d520"", ""occ_534a3c7df12f81d2f9a5"", ""occ_535e7f6fede4478d0d0b"", ""occ_536111d8576cf1b18005"", ""occ_537cafe74669d4315f94"", ""occ_53940d2af8299bfac68c"", ""occ_53e4c6ca2c02eab99120"", ""occ_53e78f3bddd39940bcad"", ""occ_543bbd3c345b79b5459c"", ""occ_5455387e72e8aad02908"", ""occ_5484de94114c3c0fbcc5"", ""occ_55726e8a13f75d602964"", ""occ_55de02a8395a2bce7b95"", ""occ_55fe244eae0b49141954"", ""occ_561579cefb0a01835830"", ""occ_561d4409e94392d1d797"", ""occ_562e49989325165b4243"", ""occ_564e8ba50e478b1cadb0"", ""occ_565814c5a09b73cf3e33"", ""occ_569a40149087eafb1a2d"", ""occ_56f24ab7798cf4800f0d"", ""occ_571735b90b028052d027"", ""occ_5728dc5a8309302469e3"", ""occ_575aedcdb42724afec33"", ""occ_577e08e3d06b4498b956"", ""occ_57a30d6379db4d096714"", ""occ_57df494f6f2fe1bcc39c"", ""occ_57e27adbdab1ac99c7dc"", ""occ_57ee64104d1ffd50f61e"", ""occ_584c9de2b13638b48c80"", ""occ_58564846757737a31d22"", ""occ_58a0e028ad313eb4c383"", ""occ_58a723b643aba3fcb2ad"", ""occ_58b1ab667905f398adb3"", ""occ_58f2ae2c70fca287a8a8"", ""occ_58f443598897e2ed74fd"", ""occ_58f46d0746bceb934833"", ""occ_59bcef54dc7ae2581cff"", ""occ_59db36e55103b168768c"", ""occ_5a29f36a75d1e81ff540"", ""occ_5a6c465dbbd0ed91806e"", ""occ_5aa66f527794bd3343a5"", ""occ_5ac85f056a3bf1e84844"", ""occ_5ad818aa30890a0aac95"", ""occ_5adcc95e40151ea107a4"", ""occ_5aff349ce25de47ed583"", ""occ_5b40b939e928dec62315"", ""occ_5b646e5d4bdbf53b69fc"", ""occ_5b7089e1ffa6b0da1602"", ""occ_5b90bae054e6499494e3"", ""occ_5bc20fe3cbd1669a7fc7"", ""occ_5be2bed59ae9670aabe6"", ""occ_5c0ff259da82c8cefcda"", ""occ_5c28ca4d174d482e42f4"", ""occ_5c2918795ba09ad75a20"", ""occ_5c6225b33fdca481ef2f"", ""occ_5c6af8448f2ac3598b7f"", ""occ_5c7f5afe61f07ba3fc46"", ""occ_5c8d62ff6bf22bd1fc23"", ""occ_5cd42e50e2453a75db48"", ""occ_5ce8cfeefd91fd337fcd"", ""occ_5ceb3d5612dbce33193f"", ""occ_5d1cd88c45935917582d"", ""occ_5d2e4fb93b10b66f643c"", ""occ_5d32397e333a01511f44"", ""occ_5d49e8e3a864cf6befc8"", ""occ_5d5374e93bebd7bfc9fc"", ""occ_5de050d435fb900cfa88"", ""occ_5e07c54507544e5dbb4d"", ""occ_5e1bc400838d9af2587d"", ""occ_5e43c7a1f35b1d07fda3"", ""occ_5e43efec6cda92112e1b"", ""occ_5e78f0ca0f715ad12da7"", ""occ_5e7d8335cb4d39099739"", ""occ_5eb6ff34d224efb81582"", ""occ_5eb72fee854ecc478c6b"", ""occ_5ec9857e6150c74b52a6"", ""occ_5ecb09b1764e6c9247f1"", ""occ_5ed8e62f35f2f4406359"", ""occ_5edfb004d0111f327062"", ""occ_5ee392d3c4863afe6605"", ""occ_5f3edd525dafa95e4517"", ""occ_5f42ab455cdf02ff0667"", ""occ_5f4731ea5561ab167d6f"", ""occ_5fccd046205950a45685"", ""occ_5ffc7789a45e89e37585"", ""occ_6000258ce216ab90bfad"", ""occ_60474dbab3e751aa5be5"", ""occ_6076d78ce55952fbf00a"", ""occ_607fb7b60bc4b0381d0c"", ""occ_60b0812b8ae0e44d3d6b"", ""occ_610523ab2b27e814da01"", ""occ_6117f78eef979474cb4e"", ""occ_61214c24d41a85b69d56"", ""occ_613a4fb7ea4f5abf2fbf"", ""occ_614b70323186d21dd2d3"", ""occ_614d8785a169ecaff181"", ""occ_615a9f4fcaf895e822c4"", ""occ_617a34e458e0a2425b11"", ""occ_61bea0a28aa9aadede02"", ""occ_61eda2d2d0a8200b5c5c"", ""occ_623b969a0f9452c40663"", ""occ_62546780d57cbad2a206"", ""occ_626887a1c5f77bdbaef8"", ""occ_6288ed0656eed13c0f29"", ""occ_628f14584df228d1ec32"", ""occ_628fc6db48c9b55007fc"", ""occ_62b23f57142911def718"", ""occ_62c3524d8b50994d696f"", ""occ_62cd071df070dbacdd4f"", ""occ_62d085a58ef92ffcbd2e"", ""occ_62f80f5991dbf4ee1887"", ""occ_630b3d75067ffd16a38b"", ""occ_631d0f5097b1e8e07b89"", ""occ_632780d21f0d4be2acb1"", ""occ_634f90a915cb388b3b96"", ""occ_6354481a336a90cfb567"", ""occ_638ca1ff50d61fb8c521"", ""occ_639d112883a3a25b11f4"", ""occ_63a4ed88f27005a897ea"", ""occ_63c41ac234da4dc19f43"", ""occ_63c42ee5b44eff9eac13"", ""occ_63f8b554d6c341dd35f0"", ""occ_6455d0512f86a17b9847"", ""occ_645eb97f164a03731e99"", ""occ_646ea374aab6748efcfd"", ""occ_6475d93ccdaa022d05a1"", ""occ_647a37678cfc24fe1990"", ""occ_647ac83d74cb3304d472"", ""occ_64d1f7ae240695f51b84"", ""occ_64dddfaea1a485e38fd1"", ""occ_6548f68bdc21b9027e0e"", ""occ_654d85a538e1b392dadb"", ""occ_654e21b7292938de0d79"", ""occ_65558a68a10953306875"", ""occ_6593bd64928088675601"", ""occ_65acd17b14566dfd35fe"", ""occ_65aeaf153d0b2410e4a0"", ""occ_65b7ab1d5e0c0241bcaa"", ""occ_65d6c0467fb065f76272"", ""occ_65efe24bc50106b2d7a8"", ""occ_6602d2e8af1e548ee875"", ""occ_662db712506ff896385d"", ""occ_663041281aa8be252742"", ""occ_6631ffcdf87e9f55e4ce"", ""occ_665b509b7a4dbf19cc60"", ""occ_667dcc4eb8aec8fcf33b"", ""occ_66b718c2a45dcc1d313e"", ""occ_673c8c7982a38e7cb975"", ""occ_677c05a7f24726dcb236"", ""occ_67856f9349ff982d4760"", ""occ_67a216c297f4601a0570"", ""occ_67d94f1a506ce6dc2ecf"", ""occ_68176f1b9b36dc0b715d"", ""occ_681a920370577fb57278"", ""occ_684baf61e7925581434f"", ""occ_685d61f6d8c7480310dd"", ""occ_6881cf08acecc7bc0726"", ""occ_68920ea60ba9630f3745"", ""occ_68a7edb2a0406149d84d"", ""occ_68b97a0760f413482c95"", ""occ_68eb258c5338f47c3a1d"", ""occ_68eb5732c1b3b134be3e"", ""occ_6919cc2765cf994cc477"", ""occ_6931f8f60478a51893d3"", ""occ_6946cc18bc55fb9dc574"", ""occ_695806a05f8013ca9cd4"", ""occ_696cd541240a44c37937"", ""occ_6977fcbab39e1b682cf8"", ""occ_698711f9e91918096f9f"", ""occ_69ace6eba4c98e014a62"", ""occ_69c028a05c7903684c25"", ""occ_69c837d106e5dae6ac28"", ""occ_69d148e7c946c3db52ec"", ""occ_69def8dc0385502db959"", ""occ_6a00a37fa0ceb74a4868"", ""occ_6a1df21aff5cd4ace4d8"", ""occ_6a24c5baec920f4f67e1"", ""occ_6a427967201a9863e522"", ""occ_6a62093a75be598c54eb"", ""occ_6a788fde634f6a6a9223"", ""occ_6a85253a346a0cadefd5"", ""occ_6a994eaa997db76de7dd"", ""occ_6aad3918b4b9cdbe1f71"", ""occ_6b462ed3a55ea3f2d15f"", ""occ_6b4dae9aea4a6ab59168"", ""occ_6b54954e353004aacc95"", ""occ_6b7bb7ec4eecb3380539"", ""occ_6bf42cc8b3499dd1486c"", ""occ_6bf5c074e24cc58cd267"", ""occ_6c1bffdf5a582c1f7ca4"", ""occ_6c421f8999a82975feb1"", ""occ_6c469b77aea27f280052"", ""occ_6c5c714adba06f23f5c0"", ""occ_6c8d23e755aaabda52bd"", ""occ_6c911be28afa1788ae22"", ""occ_6c9431a12222957bfa4e"", ""occ_6ca9a1bdcbd0a45e450a"", ""occ_6cb5fbdcd03912b96fc5"", ""occ_6ce4d4b90266bf86de44"", ""occ_6ce966ab63c815a503bc"", ""occ_6cf0e915c73f8dccccc7"", ""occ_6cf921c7e4297a3d68ba"", ""occ_6d22c59ed959ff55dcb1"", ""occ_6d45f9e0d55bbe265673"", ""occ_6d58f85c44293dc1c3f1"", ""occ_6d5e19c98fa96c6fa0ae"", ""occ_6d932f8d64402c989ee7"", ""occ_6da078c3d9c588fd2e8e"", ""occ_6db61010c4a43d319f56"", ""occ_6dd16e0e0b1e6c74709c"", ""occ_6e0043a70e85cb9206d5"", ""occ_6e131fbade248022db60"", ""occ_6e14b60ff99fb1aa8ca1"", ""occ_6e30c715c98b55acc87a"", ""occ_6e6085c7cac882ed8582"", ""occ_6e6c3aedd8f399108026"", ""occ_6e8eb87d4c012db911ea"", ""occ_6eaa566fd2f1c171266d"", ""occ_6eafd797232d0629ad98"", ""occ_6ec57515091d61a5c65d"", ""occ_6eef879e01294ca7c7d7"", ""occ_6ef20776e486c00636ca"", ""occ_6ef7dd266837ce97265a"", ""occ_6eff5e3893dc93d56f5c"", ""occ_6f101990d8bd45e6149a"", ""occ_6f2f8eda5956c621687b"", ""occ_6f4542dc320e613ebc63"", ""occ_6f57548c7b0222ebbd5f"", ""occ_6f7976cda811b2d11773"", ""occ_6f8c050692cced45f32b"", ""occ_6f954695c9097197924a"", ""occ_6fbce00090ae872cd261"", ""occ_7002319271b9125a4de1"", ""occ_700df45cb8cc587eb839"", ""occ_703c72e2dd0e3e79662f"", ""occ_706571ab1ff9d27211fd"", ""occ_70a3a85e3a67851f0b78"", ""occ_70c9eb77fe180e09da2c"", ""occ_70cd10112d07e9c45fd1"", ""occ_70d33db444649abfba64"", ""occ_70d466ddbb4446a406f2"", ""occ_71044dfa8fd54ab69253"", ""occ_71071058c00d7a391f04"", ""occ_7116239dea19239b770a"", ""occ_7178df2460e384b15287"", ""occ_71b95c3fb6f16ca364c9"", ""occ_71d22134dd45bfb364cc"", ""occ_71d9f47c082dbc5a34d8"", ""occ_71e6f9e553e399412c8c"", ""occ_71f3a7e58185dc1704fe"", ""occ_721b71f4be542090fb8f"", ""occ_722f7e28073529cad9ed"", ""occ_724102d36e44e410a3e7"", ""occ_72b2da9ef0a7b07b1a5e"", ""occ_72c1dfab021b4da30fa3"", ""occ_72ca7c5cd68e7cb2e657"", ""occ_72cd2ef20e438ec7637a"", ""occ_72fcef3f9c76f30a9fa4"", ""occ_7316ecc3e9ecb36b9303"", ""occ_73412bdace6dd1856ecc"", ""occ_7358bbf195ec4f4a736e"", ""occ_7369dfe46c68c126f542"", ""occ_736ccf348e39633854e1"", ""occ_7391d345b5b57eaa0906"", ""occ_73924cf1f588a6ecd0cd"", ""occ_73a6cfec7eb22fdcee35"", ""occ_73a87a08cdd966af7b72"", ""occ_73b8ccec0384f3d37ae5"", ""occ_73fad8fd485c8296d10c"", ""occ_7411f73cec559c13a773"", ""occ_7430d517ce8b24b09044"", ""occ_7467e966a2875882e3ac"", ""occ_7478b9b359dea52c89db"", ""occ_749d3827a59d095631e6"", ""occ_749ffa1fb1b03f638aa9"", ""occ_74fc3c8ff814adf53ecd"", ""occ_750884e0bfed6b822dcf"", ""occ_750d92bc66b7b6ef7e19"", ""occ_75122c8bbbac08120eb2"", ""occ_7534d5183e0d2c4372cd"", ""occ_753cfd319afe28c41fec"", ""occ_756c88bfe6b3ba8ea039"", ""occ_7592c0d09e53ff187b04"", ""occ_75a0a7d5e1d814403104"", ""occ_75a7de75d65d0928a0db"", ""occ_75b581462422fda79ced"", ""occ_75d4464d86fe7f1a2ebe"", ""occ_75d51c976a9fa8e3213b"", ""occ_75e34d08b990374c2e15"", ""occ_76144d6c796e9377621d"", ""occ_764022d3357f37f6d46a"", ""occ_768a063976b163cb3798"", ""occ_76b0841f301891fb6542"", ""occ_76e102c7891140f1163b"", ""occ_76eaced8f1f0cb6a5788"", ""occ_7700152bb83f2e9eaded"", ""occ_7746d6bbd88249483a87"", ""occ_774cbf54ff73349167c5"", ""occ_77cab9a14e5d329a52d9"", ""occ_77d5fc3095f85e8e5db8"", ""occ_77ddba9afee5bf4432f7"", ""occ_77e059ae0619ed7c76f1"", ""occ_77e6bd4268794053543c"", ""occ_783d83d78095169527b8"", ""occ_7842b69e26f7bd1c17ec"", ""occ_7878e7097546dd7aa6aa"", ""occ_78a119f8518a51d35130"", ""occ_791f18d48b6ef972a062"", ""occ_792838879523f0adf8c8"", ""occ_7939ae9daf8fde6b8a15"", ""occ_79564e186fbefc813923"", ""occ_7981ce295b9af20fbead"", ""occ_799071d6eb55dce73ddb"", ""occ_79c27f4481732cfbbc9b"", ""occ_79d5b66894d7f1583978"", ""occ_79e249b04db1c3220ea2"", ""occ_79ef075227a8a6812022"", ""occ_79f0b401e2c08c4bc116"", ""occ_79f18578dfa51227dcfe"", ""occ_79fdb4866042aaaedb17"", ""occ_7a1a56c3260b493576b9"", ""occ_7a254f9677b39620f6a1"", ""occ_7a33d38b8a70d458e5e6"", ""occ_7a361062dd99f7f26ee2"", ""occ_7a4d9077f79c05c07a41"", ""occ_7ac6f88a284d2ce199ed"", ""occ_7b25438f344d359934cd"", ""occ_7b299d5d04e74c817ca4"", ""occ_7b38e1d2734871216938"", ""occ_7b8e368f4675bcb1a90e"", ""occ_7bae29aa35ccb9f490e6"", ""occ_7bd139fa619100e264be"", ""occ_7bdd4a157af57644fb98"", ""occ_7be89e7884b804fc1964"", ""occ_7c146df58d3960425286"", ""occ_7c19b89af095c2518590"", ""occ_7c382f913a68b9b64493"", ""occ_7c539524ef4e502b026e"", ""occ_7c57ad65f92c7f54bd28"", ""occ_7cb162cb684cf75c497a"", ""occ_7cc9574da95441049aca"", ""occ_7cd23be5e59a44b4059f"", ""occ_7cfab6b6bfc9d1897c33"", ""occ_7d59dad5bd75aca2cddd"", ""occ_7e0c3e12b42fb5800227"", ""occ_7e18dfd92fd06f1bcb77"", ""occ_7e38053e05bd776500ca"", ""occ_7e5116b2be5a953a1ed0"", ""occ_7ee190f7ab1e1ba97b3c"", ""occ_7f125c8b94b4834900e9"", ""occ_7f2bfe929d3adf038073"", ""occ_7f4905c3d4fefc6a841f"", ""occ_7f800dd43083dd6642a5"", ""occ_7fa139f122e7068def5f"", ""occ_7fb3794898c04f06cec4"", ""occ_7fd0add290a2a7e1f784"", ""occ_7fd348edb3e7e6e046ff"", ""occ_7fe50d3c0041603a1f80"", ""occ_7fe81e302d10d2f88f72"", ""occ_7fff64dd2f041ecd1286"", ""occ_7fffb39f99be6b44f873"", ""occ_80054cf78c56c9621127"", ""occ_80103e24b0125cd0289a"", ""occ_807f88b7e343d4fe2445"", ""occ_8084b8d99a81bdbe4ea0"", ""occ_8087bf5743d2cce5d6a2"", ""occ_809d353aa8370dfa759e"", ""occ_80a297ed3e1b89145a82"", ""occ_80d3d649af3481cd3e78"", ""occ_80e98ab16b043ac0f3e9"", ""occ_814a4da50697d45464b8"", ""occ_818c607ea202c54bed39"", ""occ_81908e154350a087a22e"", ""occ_81986aab26638178d318"", ""occ_81a0cfdd1105a41e0608"", ""occ_81b474022d79654cbcb8"", ""occ_81cfbcd8dbdb63753013"", ""occ_81e528cde3863f0c58a2"", ""occ_81ed3af8fa951b7c5114"", ""occ_81fe7a4e318612fd2d6b"", ""occ_821ef5625e5137e63166"", ""occ_829baa72b5cff6fe705e"", ""occ_82adb59ecfb23522a9f1"", ""occ_82b1f7420f0223572663"", ""occ_82c558a2c3fb4c6d2552"", ""occ_82ed31d63e838edf864c"", ""occ_82ee00ff00d8998f9a8e"", ""occ_830b152ba676d45d5cb7"", ""occ_8349c479c4c8c6b4bb8f"", ""occ_839c8c1a135f7b6e5eb1"", ""occ_83d92c6022eb4528ea16"", ""occ_841857ec56c544b7da0c"", ""occ_8421230cc9194b9d7705"", ""occ_8422039b07e4264cc8c2"", ""occ_84383f5d6b2828a0fbc5"", ""occ_843a472c9c3ffa07f32d"", ""occ_84423a237a0b9eae8e6d"", ""occ_844bc18872d42d524bd9"", ""occ_848b53e710d5093feaf7"", ""occ_849629b53210cc44f15b"", ""occ_849d39a8f0a49e767d7b"", ""occ_84a5e1ffa53053343d33"", ""occ_84a5fb5f048753fec67b"", ""occ_84b96cf10e9c320efe07"", ""occ_84df3629bb29ecd114ea"", ""occ_84e16bcf5485a0f3cb67"", ""occ_85479328d532d8c01f63"", ""occ_856654d3342352826acd"", ""occ_857040bdf927079a4d30"", ""occ_85723d59adb52ed62a4e"", ""occ_85749005cc98cd6b6621"", ""occ_857dc13785845a362ea3"", ""occ_8598888a3654afba9c53"", ""occ_85da470581dbdccc0e0d"", ""occ_860c0fb4fddd9720ad96"", ""occ_86235232de76527d8bc7"", ""occ_86318fa3a74bc4f00a10"", ""occ_8657c1251f8cbcd8bea4"", ""occ_8659adfdc2e0c576f3ab"", ""occ_865d9829b665e714de62"", ""occ_8660c4d5615129fdcabe"", ""occ_8688c451008a02a467b7"", ""occ_86c72885e913619f83d8"", ""occ_87148554b84603fea2e6"", ""occ_87185c24cdc6619dd323"", ""occ_871cf3e7c4bdf3a1c199"", ""occ_8774af77b3eb27347041"", ""occ_87758d6d93b9322ca0c0"", ""occ_878940f2a9836d259368"", ""occ_87950a958d2d9a1f997b"", ""occ_87a8111370dcba5d1ca1"", ""occ_87d1f3c760c85803364c"", ""occ_87d30726c7ebf46bbe42"", ""occ_87f1ea036c6193ab915c"", ""occ_880ca100d1079a84d18b"", ""occ_8812f90fef2904640193"", ""occ_8828a5a2840da4e0ca47"", ""occ_886355419652d30c6754"", ""occ_88682d58433b91030a6d"", ""occ_88a79e5c7aef8d0c620a"", ""occ_88a7d72135718f6454cb"", ""occ_88d9612d13faefbfc460"", ""occ_88f99a85ac6207d70915"", ""occ_88fb534f1816dffb25c3"", ""occ_891141aacc8572cd5958"", ""occ_8929e01a1d538f4b5ebf"", ""occ_893d5086085f394d2e62"", ""occ_89a64823cd665936a1b7"", ""occ_89b1e713bdf1eeb8754f"", ""occ_89de6bea7b2ea47b4c47"", ""occ_89ed85411caf117d2132"", ""occ_8a149d35d3fc47983005"", ""occ_8a3831276b51f74bfab8"", ""occ_8a38b1f8db2e573283f8"", ""occ_8a78bab51d13088ca9ce"", ""occ_8a92c67538733e2e44fc"", ""occ_8a9ef5eed1d043abf5c7"", ""occ_8ab1ab746085713c97aa"", ""occ_8ab7c49577ddabb22be5"", ""occ_8ad18d71401d3eccf40f"", ""occ_8ad651343fad798f91cf"", ""occ_8b18d5397ae442e85bef"", ""occ_8b388ea139f6c6c4dfe4"", ""occ_8b47aff8cd5dceccda93"", ""occ_8b60551d00ddef24a269"", ""occ_8b9e686fe40c03bd2d43"", ""occ_8b9e7c5db60e353f9882"", ""occ_8babc62cf92382a27ca4"", ""occ_8bd6555d2e67627e0421"", ""occ_8be07ca5c2bd5c566aac"", ""occ_8bfb6b6e5c2fc8f7cd28"", ""occ_8c18ee7b45bd0c0f09d7"", ""occ_8c5ba87a9545f8eb1207"", ""occ_8c5c79648981a373b4f2"", ""occ_8c5f2afa06fe2261d679"", ""occ_8c63ae2e88a63139ad36"", ""occ_8c9606b0a674ef0e4c8a"", ""occ_8ca0849e3b853acc3709"", ""occ_8cb54e082ac4e50c3b0c"", ""occ_8cc6b9d0f9eacb121a8c"", ""occ_8d00d956dcac493d05b9"", ""occ_8d3445b12de3cdb3eb5d"", ""occ_8d458153a3d28ae1801f"", ""occ_8d48b1f106e18ddc88bc"", ""occ_8d602c2ae60317b7f9f2"", ""occ_8d65f8642c81bc680579"", ""occ_8d6c84ca4d8cbb91f32f"", ""occ_8d73ed271eadcd1823f9"", ""occ_8d93365e57526715312c"", ""occ_8d97b5c749c3b3e89012"", ""occ_8dcabbcca6cc92c8e586"", ""occ_8e19ca39e918099465d0"", ""occ_8e4c5d5ef8a56f5a0a4a"", ""occ_8e6a79fb6f5a9e1d10f3"", ""occ_8e9676c89dc28ddd307f"", ""occ_8ea51499474701c30869"", ""occ_8ec70fc45a58736b8746"", ""occ_8eef3c2bf7f97c46822e"", ""occ_8f3c8a5a9df688403781"", ""occ_8f5d9a659a03ee8441a9"", ""occ_8f6f76996d1bf7d995f4"", ""occ_8f9c68e44a2919bc42c8"", ""occ_8fc608a24c8c528ef295"", ""occ_901256f81a36364981ee"", ""occ_90151e5afbaca0734fae"", ""occ_90184242b8f041d37b1b"", ""occ_9031711f20bbaa1798b0"", ""occ_9038d7afd94df7137e8c"", ""occ_9060b18b22206644b3d5"", ""occ_9074e7e21375b5827e3d"", ""occ_90a9dd1b81e0ce12d7d6"", ""occ_90ba9a0063bcb3a7a96a"", ""occ_91427ddc296629807016"", ""occ_9144b7eadd523a70bd26"", ""occ_915e66574120a410fea6"", ""occ_917a0bfc0d85dc03fbc0"", ""occ_919375299f6720fa08a6"", ""occ_91a183cf4c3243cdb376"", ""occ_91a305f9de41de2d55d5"", ""occ_91ad9e6c494f5ef32f33"", ""occ_91bc0d7fa952de081cd2"", ""occ_91c115dd1076f35722c3"", ""occ_91dcdf00bdc9810fb097"", ""occ_91dfb72c3fa08a90d790"", ""occ_920f14f2f6ceeeed0b98"", ""occ_92150cb54b2c74e83a16"", ""occ_922320a1a0f3356b1ee2"", ""occ_922c01c1f327615b8e32"", ""occ_9271ada193793ac17fa0"", ""occ_9282d3534b5ae7cde2d9"", ""occ_92967536063133798ffb"", ""occ_92b2466ca60a17930cf6"", ""occ_92d4fdff8592dcb2dad2"", ""occ_931751874b9d2e59d668"", ""occ_93214dfd9e32119a2b2f"", ""occ_933adc4ed998e366a75c"", ""occ_9393c608e0ab94bb03bc"", ""occ_93baabdec7587753d5b4"", ""occ_93bfbce4f5ea1331c559"", ""occ_93c61e1b59ecb0db70a1"", ""occ_93e97902cb09b439e5cf"", ""occ_941424e6e2f8f6865db6"", ""occ_941c9ad8ac66c6c43632"", ""occ_947f51201547f30a69ad"", ""occ_94a9ae9b2789406ae95d"", ""occ_94bbcf618498f21d6c7a"", ""occ_94bc2f37b4a99cd65ea2"", ""occ_94cf5300a825ad74671f"", ""occ_94e6f25284bc07c5e150"", ""occ_954120eb7e29dd3f236e"", ""occ_9546a96cfcc7f3ebca35"", ""occ_959e563cef60400d48ad"", ""occ_95d1890425d5917cb714"", ""occ_96420a7c75aedac20714"", ""occ_96544ce8c349e3d773dc"", ""occ_96607d3110370597aa98"", ""occ_9687395693352a55b7b9"", ""occ_9687cfc2ea180b41aefa"", ""occ_96fb5c7a518ace9f7fb1"", ""occ_97278f6ffbeb0340bdb3"", ""occ_972f5819f05888d8ace7"", ""occ_973c395f86f37baa4a3e"", ""occ_97405d3074ca4664a9a4"", ""occ_975258003bc6ace1236a"", ""occ_976c402b45d2a917f7c3"", ""occ_978718e94dfca1e76ef4"", ""occ_978be8ffc2f5935d1231"", ""occ_979dae52904c8315877c"", ""occ_97e583de573d81f652db"", ""occ_98526d6ddc1750832921"", ""occ_98773cd0de786574be3f"", ""occ_9880a3c1358ab4c13459"", ""occ_988fa5bb8a6306e79d6a"", ""occ_98adae25c892669873bc"", ""occ_98b435009fc11d2ae8d4"", ""occ_98c5acfc53c0cd93c5b4"", ""occ_9941f0e24195fef2c6f4"", ""occ_997be8300e68e9f3223e"", ""occ_9988e5ba0625bad69bdf"", ""occ_99a3bb243f7ce5ca7ed1"", ""occ_99f6a73d836382fdf77d"", ""occ_9a09bc1e9b43fea859f7"", ""occ_9a7630a59550204f4510"", ""occ_9aaef79f0485b064f80f"", ""occ_9ac3db5ab4743530560d"", ""occ_9ac82c63497bff4bd6ce"", ""occ_9acbd99a256ea03bef6c"", ""occ_9aedda63e3f1da0e6432"", ""occ_9b0f1da503a1bfbca332"", ""occ_9b0f314f35b5ef3c7808"", ""occ_9bc371ae2136b9511f48"", ""occ_9bdcda6519eac015a5b6"", ""occ_9bf5925373b77fa02d80"", ""occ_9c0de74f2a2a2554bbf0"", ""occ_9c4e32e516003c24a148"", ""occ_9c8545e235b22d24beae"", ""occ_9cc38525295378c4aaa3"", ""occ_9cca9f50196e0db6f658"", ""occ_9d5d957e2d203d285c0f"", ""occ_9d688a83e8d2802b9a9f"", ""occ_9d8210f53d0b6433a3d8"", ""occ_9e1068980b645117b1ae"", ""occ_9e1ff2f8d4214a53e660"", ""occ_9e34f68189ae278c1b39"", ""occ_9e38eb2d2770da6d3326"", ""occ_9e744dd3c87d2c5bc955"", ""occ_9e7cc3b9f0ce02e5adcf"", ""occ_9e805596ed7b461b531d"", ""occ_9e84978a28122c82683d"", ""occ_9edf0663f08086e6d880"", ""occ_9f365e2535e22ae12d9d"", ""occ_9f3ded8231dcdb2e2193"", ""occ_9f7f2ab958e72cf92622"", ""occ_9f7f81de4e6458697a0e"", ""occ_9f8b47ac88377942d4d2"", ""occ_9fb8ecee458602c35e00"", ""occ_a064bb16bddefdb70555"", ""occ_a071f0bbd4b96d403b0a"", ""occ_a07b701e66711927c3b9"", ""occ_a0ded351d7ab59b34772"", ""occ_a0defb4998160b9dee05"", ""occ_a1264901ec9c496a7677"", ""occ_a1379ebaecdc58f4ed98"", ""occ_a13a0c90a891dc44a918"", ""occ_a173cb7e951056f24f2a"", ""occ_a1a6b04f9eb1dbce6367"", ""occ_a1a7a6c06d91f1920796"", ""occ_a1bb8017ce5eccacfca9"", ""occ_a1ce89374e0106de7e89"", ""occ_a1e8d5a7da1175d29296"", ""occ_a1fdfa073e0944987307"", ""occ_a20488ae3e8b69559094"", ""occ_a20f9b55d2fe158272ca"", ""occ_a28a23020146f3bd6734"", ""occ_a28d8d70053ffa548dd8"", ""occ_a2e789aac44228e8def8"", ""occ_a30014a89e2ad8580712"", ""occ_a30bab742498ab8e3f17"", ""occ_a379e7289de47d06294b"", ""occ_a3b08f34b8469093dedc"", ""occ_a3bae14963e82ce3d9e3"", ""occ_a3bb36cc7fa1589326dd"", ""occ_a3cf4d770205fb8db7d4"", ""occ_a3d1fcf24b55e7f4519f"", ""occ_a3f9208b7a8fe9d14758"", ""occ_a4060a614d6d8f1dbb31"", ""occ_a40dac9f34ae3f7a80fa"", ""occ_a4173c7da249f5fce340"", ""occ_a41c568db559c0299943"", ""occ_a41c94bdc8846522fa6f"", ""occ_a425279f483bdedbdef3"", ""occ_a4639e4a344927ca8972"", ""occ_a46a777b34e612c767dc"", ""occ_a496e33450a5275e6b27"", ""occ_a49e02e6a7129e9f3f1d"", ""occ_a4e4892720dd67e35f63"", ""occ_a4fbca9a5ce50e922e61"", ""occ_a507cf631e3a41471c66"", ""occ_a53afcb719425e10e164"", ""occ_a54bfeca09e323d18188"", ""occ_a56202440f4a1a2b3acb"", ""occ_a572755f7387f67f2024"", ""occ_a591d80720b2160823d8"", ""occ_a5e3df2e945211ea24d8"", ""occ_a62ceee681992113b9d3"", ""occ_a64eef856a2d473f0b99"", ""occ_a65f9f398bdd5c4519b9"", ""occ_a68c25bddf293b715ee1"", ""occ_a69b3418428e431ac0b9"", ""occ_a6abed8e972a5c915d7e"", ""occ_a6ecc518cf7e30feca05"", ""occ_a7263f29dab1763dce79"", ""occ_a733912aa345bf97e715"", ""occ_a75fdf6044f78b87319e"", ""occ_a76a1551c33d1c8d2f2d"", ""occ_a791ef7ab471ea8c6614"", ""occ_a7caaa943f2a8756722d"", ""occ_a7f1f06b57119063d7f9"", ""occ_a83d172c1f28ed46bd0e"", ""occ_a84502032b8dd5fba82f"", ""occ_a84c38cc483e164da848"", ""occ_a86151836cc7fb41bb7d"", ""occ_a8640e5b160430d94c8e"", ""occ_a8a6439e07ac0c2013c3"", ""occ_a8ba7b6d81c07663190c"", ""occ_a8bc786eeaf1a8a9c512"", ""occ_a8fce60bbe852d34c60a"", ""occ_a90937c973cd03f69bc1"", ""occ_a93e71bd76c8b51b3513"", ""occ_a9716e2637a37c5342ac"", ""occ_a9a3e705230b53c52f29"", ""occ_a9b3e971bb4c61cf67e9"", ""occ_a9fa684ba889b53aebee"", ""occ_aa1fd0276bfa2eeb2418"", ""occ_aa605b0e473b249cd9f7"", ""occ_aa77d4615f3e2715a8f2"", ""occ_aa8edaf291af0d61930c"", ""occ_aaa45105b5adf89c47a1"", ""occ_aaaf25befc8cbfc0d91f"", ""occ_aacb863c2ea9dc9dd394"", ""occ_aaf949095658b94a3e85"", ""occ_ab41e3f66a16b19bdcd8"", ""occ_ab609bceff61f98f5e89"", ""occ_ab703c2c107a060bf31a"", ""occ_ab78f2c89dcd388bea32"", ""occ_abb68a8a0d5142a4ec5d"", ""occ_abc6716385624fa83485"", ""occ_abd38dc28aa2a2b1eda9"", ""occ_abfff411f7883410dd5e"", ""occ_ac2d56fb8d81ff935a53"", ""occ_ac9a983b88246652b1e7"", ""occ_acc227ec89b1647fe0fd"", ""occ_acda0e70ddbbc20679eb"", ""occ_acf1f3f4688cd43d12de"", ""occ_acfb0670d435a599ab76"", ""occ_ad1707562b0d6f0cf411"", ""occ_ad23001e2c00cef33c69"", ""occ_ad36b25f93ebfdbcea3e"", ""occ_ad4e5dab967c77f21baa"", ""occ_ad58c37c5088099420ea"", ""occ_ad7ac8a7149de863d0a5"", ""occ_ad92150efd5881119ee8"", ""occ_adc187030cf9fde5661a"", ""occ_add30d20632dc26aa488"", ""occ_add5b6695465cf6568bc"", ""occ_add612ad8e6ccec77c75"", ""occ_ade5c589f4aadf622251"", ""occ_ae01dc64dbd700c84412"", ""occ_ae336f6438f369c16806"", ""occ_ae65caf9df4f40f2a966"", ""occ_ae8f17669c15561ab1a9"", ""occ_aeccd7ef2b0a614849c1"", ""occ_aececcadddda1d8a4717"", ""occ_af2420227e2e3561ee31"", ""occ_af7a4ea9659f6e88fbd8"", ""occ_afa1322bf064a6265f63"", ""occ_b00bba208d530cf9f99b"", ""occ_b036af43bd45a301ebd9"", ""occ_b0515484af70815e2fd4"", ""occ_b0790aec46663ce1f2ff"", ""occ_b089ab5026d0f7f09b3e"", ""occ_b09745ca9d7bff57a1f9"", ""occ_b09c5ae8ec59c4e8790f"", ""occ_b09ddaf68b874329a008"", ""occ_b09dffeea8bf7cb4b66a"", ""occ_b0a2c5c8083e98e5e5eb"", ""occ_b108ec89de8826a58e05"", ""occ_b149e3e4a1ecbed4ce60"", ""occ_b14f8855d36cab1ceed4"", ""occ_b16ae0385734110b6ea0"", ""occ_b1784a7326778f65a5df"", ""occ_b17e63b14d6603f89f4f"", ""occ_b191941d75d4527fc99d"", ""occ_b19916f47c837daeca29"", ""occ_b19bb91b8a403aaf6329"", ""occ_b1a41613417bbc518f90"", ""occ_b1c7ecba80ac7f7fa556"", ""occ_b1f14ef86daa6b8882bb"", ""occ_b1f6e4a587fd76fa6119"", ""occ_b224141142fa1c8c2898"", ""occ_b2eb23aa108662158b35"", ""occ_b3784654248b08fad4a1"", ""occ_b383546d7272e1f7b4f6"", ""occ_b38d857376cf1179b509"", ""occ_b38e9bbc3fe7de9440a5"", ""occ_b3ab00ad78a389f92197"", ""occ_b3c0a48dd08b2f17eaa6"", ""occ_b3cb1510f7f5b1c5b579"", ""occ_b4393e6fa07720fac893"", ""occ_b4940b13d2176930cf4d"", ""occ_b4ae5e0a85c2a4971e23"", ""occ_b4ceb8cf32bfe534f11d"", ""occ_b4d99ec0b69813e674c8"", ""occ_b4ff937d2757c764cacd"", ""occ_b545430181c24059456f"", ""occ_b5a29270ccc0c54a95f9"", ""occ_b5c9f3e87161e0fb71bf"", ""occ_b5ea84360c922541c637"", ""occ_b5f52245f881406eaf53"", ""occ_b6032f168bb2428aea3b"", ""occ_b60c10bcef2e643c5c57"", ""occ_b6148f9872cbe2cf2ef2"", ""occ_b628c5dfa11ebc9b3434"", ""occ_b62e1649d4c852380a4c"", ""occ_b6d3f6792ef3254ae79f"", ""occ_b6ed3b0ebbc75ff354d2"", ""occ_b7136b7c14a12a42a026"", ""occ_b7398a55a709a9848744"", ""occ_b77f0d14d9aa72928fa1"", ""occ_b78437ca6e403d12baa4"", ""occ_b7a95258ba6f5dffe697"", ""occ_b7b5bbe826691e2a3140"", ""occ_b7cdaaea1cfa2342d742"", ""occ_b800806b07df23635c2e"", ""occ_b82593934c5572c247eb"", ""occ_b8a14e12bc6cda917710"", ""occ_b8a34070c99517fe3e92"", ""occ_b8a89f81b386fe903f41"", ""occ_b8b56087db8de14b8f72"", ""occ_b8cbd2fd3ccca3e2f12e"", ""occ_b9096532b237654181a3"", ""occ_b93760fcead3b44800f8"", ""occ_b94ab81f3bc20992725c"", ""occ_b983568ae2fd0578db30"", ""occ_b98ba34164a7890f3b17"", ""occ_b99e5bd62bdfbec7e3ec"", ""occ_b9a757923a9825e866f4"", ""occ_b9adc66934472a135f33"", ""occ_b9bba88d7932d2d19815"", ""occ_b9cddf72faedb9d001e9"", ""occ_b9ef73c63aad13dbf83a"", ""occ_ba6286c2eb034c4e5a23"", ""occ_baa28a4f4d4383d39509"", ""occ_bab7db70c976333b9b67"", ""occ_bade954557cbc1807ae9"", ""occ_baf6f6df69805d82432b"", ""occ_bb24663935955dd7e27d"", ""occ_bb3afc334fd2dabce309"", ""occ_bb43631468586506b5a6"", ""occ_bb4939cf93836a4024bc"", ""occ_bba5103d5ed6dbf71717"", ""occ_bbd3f9e2ac5a091be7cc"", ""occ_bbeeb1fe49ce0b67771e"", ""occ_bc2a5f5293bd6786b3a1"", ""occ_bc431629de6d1daf10f0"", ""occ_bc5357b6f6d43b4776cf"", ""occ_bced7bef267873f66a0d"", ""occ_bd07c35c07c708816ca7"", ""occ_bd16e700e1427bbe59c3"", ""occ_bd36f1b5c804e8871cb4"", ""occ_bd3b42b9f69f76a51739"", ""occ_bd56495ff62286bd81a0"", ""occ_bd60d91c0a5c9e42376b"", ""occ_bda04d626a8651863c24"", ""occ_bdc7223842d5d525e6cd"", ""occ_bdcc2fd7887b3d9b1213"", ""occ_bddfbb44b56c4428abda"", ""occ_bdfdddff6bafdd2f1d24"", ""occ_be2f9f236eb1e26b5326"", ""occ_be59f3809db37aa37186"", ""occ_be8308e684b249cd200f"", ""occ_be94bf8f3586fe59f633"", ""occ_bec667523edcb6b1814a"", ""occ_bec66bfae1aebaacc31f"", ""occ_becca1f805fcaa2ba359"", ""occ_bef6771b88bb3eec9d48"", ""occ_bf36340c095cd6bb315a"", ""occ_bf367dccbda177b7ecba"", ""occ_bf4b3143d6b736b934a8"", ""occ_bfa48f1857f70ec7e935"", ""occ_bfbf55e1a52d57841c27"", ""occ_bfc41e7f85f76cad2c7f"", ""occ_bfcc006214e885f681aa"", ""occ_bfd68b5aa0b911896c77"", ""occ_bfe4aa21fab9ba7c7d93"", ""occ_bfefacd4494ec9375068"", ""occ_c009dc2164af371b38a9"", ""occ_c00ad53c642f4acaf64a"", ""occ_c01849cd80144c46d8f1"", ""occ_c03720c9712d7378a4d4"", ""occ_c0488f3b1db6a8c8c848"", ""occ_c0747f467fc7ba9ed444"", ""occ_c0b584236375bbfffe5a"", ""occ_c0d3d3d4b41d15af9d0a"", ""occ_c0e9069264451082ce6f"", ""occ_c1031d3e61de041ca136"", ""occ_c1325ed4d9ad7c6a51a2"", ""occ_c13c133f8255097cc287"", ""occ_c13e868ec322964a4501"", ""occ_c14c47be4f2db84fb60c"", ""occ_c16769a33ce478546596"", ""occ_c167ce4f27a5d9dd23fa"", ""occ_c172b4e9b8817d1f14b3"", ""occ_c184f16dffb47bd9fa1f"", ""occ_c1aeed2f4b3f8f4c95d2"", ""occ_c2067af659aa21215747"", ""occ_c229f51c7b48207b2db3"", ""occ_c27eddb5e61049913220"", ""occ_c280a20e29f309559586"", ""occ_c288567cde9b48829961"", ""occ_c292c605e13f7c139192"", ""occ_c2c90dcb7522301884e7"", ""occ_c3108d2146f8ffc70ea2"", ""occ_c38a81de204e781150ae"", ""occ_c392b3aff0a1b80515be"", ""occ_c3d30591888b02ebe514"", ""occ_c402090cef66d8cb89ff"", ""occ_c40cf35f4745c1029975"", ""occ_c41d75ed37bff43614ec"", ""occ_c45cee46a155f81e1be6"", ""occ_c47e199c5f7686a4ca68"", ""occ_c49ed9315b662cdfc799"", ""occ_c4db6964285bf834cb3a"", ""occ_c4e8497cc3100be15853"", ""occ_c5000e4600d8ceea3fe1"", ""occ_c5093fcde8e0f1953e33"", ""occ_c5241b6d323a62d19402"", ""occ_c542981772354c089231"", ""occ_c5a6a6a7f13b3bfc6662"", ""occ_c5a7fae12a38906be714"", ""occ_c5a98c1e9001e14352e8"", ""occ_c5c5099fa0fcc47c465b"", ""occ_c5d18407a9d550bb2625"", ""occ_c5f3a32b3caa5be42104"", ""occ_c62147ec039723dc65b3"", ""occ_c623f4e5aaeacea2f18b"", ""occ_c63dee6a9d216be6a6fe"", ""occ_c6462972327121a74ecf"", ""occ_c64d48627f6eff1c2eb1"", ""occ_c6a86351e671f9806f5a"", ""occ_c6eeccaabba19005808a"", ""occ_c702464689d405029d20"", ""occ_c7555fcc61995b04ae64"", ""occ_c7604cdc17f0bef94611"", ""occ_c76b956cbd2540c155bb"", ""occ_c778b1313fe5357bb33b"", ""occ_c79a769476e624a57728"", ""occ_c7bb7fc801b25ec0149d"", ""occ_c7f46f7e3f710436b26d"", ""occ_c80f1034d3cfc19a8aa9"", ""occ_c87d11fa3f0514e7e4b2"", ""occ_c89cb91073ab177a71b8"", ""occ_c8bde63b54fe5953d326"", ""occ_c8cac48b37af041e700f"", ""occ_c8fc801a5d8821601337"", ""occ_c90d49a7536724048ec0"", ""occ_c9149cda13a7f3ab3cf4"", ""occ_c915685159cddc39fcd5"", ""occ_c9c3445d3b3971238c45"", ""occ_c9c53eeeede2d1a2aca7"", ""occ_c9cc206ed0dfaf307d3d"", ""occ_c9d56494a3714400d95d"", ""occ_ca0ed868d4908d3013df"", ""occ_ca3626cfefed2a7a5593"", ""occ_ca6b867a1faf01689d21"", ""occ_cac865f18424b27bb598"", ""occ_cac9ac3cc90d70a2ae84"", ""occ_cadacc407f2d4868f689"", ""occ_caf05af5df178c790dce"", ""occ_cafe662c9fcd3626ef2f"", ""occ_cb61aefeceb9050a96f2"", ""occ_cbb7595b2c79424fb3c3"", ""occ_cbbd98edd8ca973c0eaf"", ""occ_cbdceb2a0a6e68b983f0"", ""occ_cc5d873e378e62dfe993"", ""occ_cc7ced40a0cdef100bb2"", ""occ_cca507a6552a68d68d87"", ""occ_cccb89888e79cc10650f"", ""occ_ccf5c4b74ad110aa9773"", ""occ_ccf9f0f5fc58b869b733"", ""occ_cd684bbbb37510bbdd97"", ""occ_cd718d2e1b407560b706"", ""occ_cdade95b56c3a0370b33"", ""occ_cdc7fbd5e01e30890d33"", ""occ_cde44adacca9b804f319"", ""occ_cdf490c8ebbc599596ed"", ""occ_ce01905c513355fdb93b"", ""occ_ce07bd38b4ae851139e9"", ""occ_ce08f170ad25cb9ed32a"", ""occ_ce12ff5dd4d79fee48ed"", ""occ_ce74fe4edb1d4302b833"", ""occ_ceb9820bf7da5f1e53fc"", ""occ_cebb36b5e43a91281b12"", ""occ_cebf9e048a0b993351a1"", ""occ_cef5b90d1049c85eb3d3"", ""occ_cf0561d7e320efaa84ba"", ""occ_cf25f9c24bc2bcd062ee"", ""occ_cf2deaf341cbca0c1a73"", ""occ_cf5e577f9224b27b15e3"", ""occ_cf63c4599101898e77ea"", ""occ_cf9ac913fd31a3d31882"", ""occ_cfb411277f8ad9312ea0"", ""occ_cfc2cc3077fc6469a2d4"", ""occ_cfdb03c6e747b48b4d61"", ""occ_cfdb5b62f015d8488d73"", ""occ_d0c1cb70061afeeb5ecd"", ""occ_d0d2e595130304e74299"", ""occ_d0de472e82ce420cced4"", ""occ_d1068e9dff8036a0946d"", ""occ_d11480f29a570bffb699"", ""occ_d13248c3cce0a554e551"", ""occ_d1383978d40f519cd0b6"", ""occ_d16ab063d8e279ca2274"", ""occ_d170f52340e143caee4a"", ""occ_d1850f70011c78fb016e"", ""occ_d18baec06a1c2f05223f"", ""occ_d1a5e0b75c79394c03a1"", ""occ_d1afbdac7611610ef5af"", ""occ_d1d5532a40f7e8273a07"", ""occ_d1d93f12177c1d3d8461"", ""occ_d1e8b544205694b002de"", ""occ_d218b0f96a19aae54eed"", ""occ_d219b20521b0d660a78c"", ""occ_d24ae66eca09ba36b7af"", ""occ_d260e8ea836c3f158305"", ""occ_d29278d180665084e2d7"", ""occ_d2cb67e6b34102b6d9f8"", ""occ_d2d42579a0fbfc4733f6"", ""occ_d2e05b45f5bbb5d7a618"", ""occ_d2f994fd1c65351c3013"", ""occ_d3283748a9d685da1bd4"", ""occ_d33645ce3f19651bef3a"", ""occ_d37779d10975fa71cb43"", ""occ_d3921342ed055da81df3"", ""occ_d39d9987035e5b7a192d"", ""occ_d3abb19abad1a4421387"", ""occ_d3cd64d985892357d312"", ""occ_d3f15544e80c94ac3a84"", ""occ_d3f3292d39f37d79b9ae"", ""occ_d3fe92c012ea442d5d6f"", ""occ_d4097ca84e651badec2c"", ""occ_d41a7b66c49175d7d18c"", ""occ_d461c73f4769ee300844"", ""occ_d46f97fa65fe6bbd8210"", ""occ_d47ffc577d35d4075265"", ""occ_d4a3744b130aaa81f82a"", ""occ_d4b048195442a677e6fd"", ""occ_d4c47f3c828b0a80f962"", ""occ_d5022f5ae71fb6a09030"", ""occ_d5136848a7db8eb5788a"", ""occ_d5152fa0f1f058ab4f2b"", ""occ_d51c4e2e8b07d808164f"", ""occ_d51da10974446c3d59ca"", ""occ_d51fb8f5657bd87aa21a"", ""occ_d52bb28fe6fa521c7e5b"", ""occ_d5745d4e346c911b815a"", ""occ_d58708b53492daff720c"", ""occ_d5a5adfe60ea918054ed"", ""occ_d5a86942fe0c5a8a240e"", ""occ_d5a8f38a84a3afa1e0c9"", ""occ_d5b3d16f452c35c016eb"", ""occ_d5b60689c03bf84b4af6"", ""occ_d5eb8bac3e798cf46e67"", ""occ_d61089686aa45bd09bc5"", ""occ_d66f904ae098f83f601a"", ""occ_d68ca95f9af849ee1215"", ""occ_d68e6f6124146bdc6c00"", ""occ_d69238d7cf07432683b6"", ""occ_d6ada2a846eb25a81502"", ""occ_d6cbcc69acb2c62e11c7"", ""occ_d6d381559a62b0a6b52c"", ""occ_d6d5c809c86463850a4a"", ""occ_d6daaafe73e6a5a25d9b"", ""occ_d6e2bd24afe70363554b"", ""occ_d6f267cc2187f24c2f3e"", ""occ_d6f9f04f41eeee483e36"", ""occ_d716e709cba56c11e0c9"", ""occ_d7319158c8664d5c0932"", ""occ_d737a8340ee32afe0193"", ""occ_d796ab78321987cef144"", ""occ_d79e792620a35f8faf01"", ""occ_d7b2b04fe438fb1f119a"", ""occ_d7dcef12bae47a28223a"", ""occ_d82236122817e487efdd"", ""occ_d83841925e64922b0e9e"", ""occ_d84f4893728c68687d5e"", ""occ_d863f4550e8378dafa54"", ""occ_d8e689a8ab39d22d195c"", ""occ_d914fdee7c88817a7c88"", ""occ_d91b37e24b999d1b777b"", ""occ_d99082a2b4fddabbb4e3"", ""occ_d9c7c7e0f9bcbc0899c5"", ""occ_d9cba50c7d787e01b62b"", ""occ_da16f28a2f5fa8fd5464"", ""occ_da3e1867bddd9d26e1be"", ""occ_da5fd963d3898f43ed6d"", ""occ_da6a063b70836d91a415"", ""occ_da721c9b27ca71a9537b"", ""occ_da91cff135df1f012b79"", ""occ_dae91f3b3de63752af2b"", ""occ_db2909b2e15fa4ca076d"", ""occ_db2bcf2a9f7bfe0f162a"", ""occ_db6ae4f041dcede89e92"", ""occ_db8a2270df6ec17c7591"", ""occ_dbb28b25e8e9c56e77a2"", ""occ_dbd787907b9494d130df"", ""occ_dc1f9818e3ad51d29b15"", ""occ_dc954ef43e93dcc5b02a"", ""occ_dca060ce427821375546"", ""occ_dcac2005bb8bda5168a3"", ""occ_dcb8a2fb61d5f184673b"", ""occ_dccdaacc8e0fc757b41f"", ""occ_dce9ad0fa2369a2fa89a"", ""occ_dd1f3ba566b4a4954529"", ""occ_dd3ba09e94d6952debdf"", ""occ_dd53e87149ccfd45a33e"", ""occ_dd7acaf84488ece867c5"", ""occ_dd80d640614c47ca86bb"", ""occ_dd8bd79055cddba3f394"", ""occ_ddf8b426a77d204449fe"", ""occ_ddf91d8669a7f3815e93"", ""occ_de40705035bc9fff99d9"", ""occ_de6af58a134c282bf90b"", ""occ_de982ab54b97231b1c0c"", ""occ_df44cfe95c6006158cef"", ""occ_df4d4089107c6e65b1b6"", ""occ_df59aef13c08fd059171"", ""occ_df7df606b12121a8cad3"", ""occ_df8ad2703286bed14dd3"", ""occ_df972f81a3cb101eebce"", ""occ_df9d4bf1473dcafd3520"", ""occ_dfa490635aa0c3d20eca"", ""occ_dfaebadd366f245f0a4d"", ""occ_dffca42e4e0a2ddfbb9c"", ""occ_e04c705c327503a13e3f"", ""occ_e05096572195e7f904fc"", ""occ_e0554110fef79b149b4e"", ""occ_e0558aaef48f16b7ba50"", ""occ_e0958bb3db1b282cda09"", ""occ_e09755f0cb5dfe2de77c"", ""occ_e09905b55b4c8a67f767"", ""occ_e0eaeb245955cbcf7091"", ""occ_e0fbb6cae9af150f89f6"", ""occ_e11bbf08fc4c0b728461"", ""occ_e12a727a28bb390ad733"", ""occ_e14731013fa621555d63"", ""occ_e16526d185ddd324a100"", ""occ_e19b61196ed7a9b265d5"", ""occ_e19c4ba860083cead0da"", ""occ_e1a264f614fafe538150"", ""occ_e1a6edf6cd1bce20eec2"", ""occ_e1b47d07750945bd0fdf"", ""occ_e1c55c90a64e76814375"", ""occ_e25a6a43e1faba00ea1b"", ""occ_e26699f4ef7fe11260fb"", ""occ_e26a8e92f1e61873f272"", ""occ_e286b6629d70751eb4cf"", ""occ_e2891ae8895863c1ff81"", ""occ_e28e53417945e819efd1"", ""occ_e2910fe1c0fa81b20e03"", ""occ_e2a24abc1048d1a9afc4"", ""occ_e2eea91e041d6c4630fb"", ""occ_e3174067a3a7bc6e9511"", ""occ_e32e1ba234c4ce5503e8"", ""occ_e389c7c807a27bbcfaf9"", ""occ_e3ab7ea8ce8ccaf93d4e"", ""occ_e3acd57079b01a3dc4ac"", ""occ_e3bb22ee2042fadeac3f"", ""occ_e3f3558826228fdd5bac"", ""occ_e45dd1488919c531e0d7"", ""occ_e45e317c063fbca5c8cf"", ""occ_e4ad048ef5d9e1863146"", ""occ_e4ba67d7b6edb4d98782"", ""occ_e4bbf01d5075ba326644"", ""occ_e4d4b89f41dafd9f4152"", ""occ_e4edc7aae1605a62287e"", ""occ_e5a83fe9dbb9573a19ce"", ""occ_e5db8f58ea8ac1b1d660"", ""occ_e5e2f5de8b1350c7588c"", ""occ_e5f70233d70623e9d16f"", ""occ_e5fb4d5e5a71671f03e5"", ""occ_e6b937d97396e0ef73e7"", ""occ_e6bc7f5ea0034b055596"", ""occ_e6e128536bebc300d9f6"", ""occ_e72e00464298c2c2f6ec"", ""occ_e73e733d4095ef2edc8a"", ""occ_e749ff2df9ff4cdf48b9"", ""occ_e751ba09c09c0a2396cd"", ""occ_e760b14cf3473e8116fc"", ""occ_e76a8fa3a661e5393199"", ""occ_e78fbd65b1d7ea24549f"", ""occ_e7c60e4e8dd319613b76"", ""occ_e7ca77646cd4ced758f3"", ""occ_e7fbbf8465f57c64c80c"", ""occ_e819b2749dab46d22bd7"", ""occ_e83379d755665cc09308"", ""occ_e86adc686b2eecf7f015"", ""occ_e8b08596d40ed0edc6be"", ""occ_e8c4f55ff8e4a9e0b573"", ""occ_e8f44040f662eedd4e98"", ""occ_e92f520998d27c97f485"", ""occ_e9446dcd84cba1b3fa9f"", ""occ_e957547c3a74c46043cf"", ""occ_e98d339f3228b2a563e6"", ""occ_e99cb30f5f9e07f005ec"", ""occ_e9b9cd29fa32143b7196"", ""occ_e9c9a96baa3df4ab62c0"", ""occ_e9d24e43c84d6e6d0102"", ""occ_e9df70d6e5b81682b40b"", ""occ_ea03623fdcc3fc211655"", ""occ_ea1f68944017950a1ffd"", ""occ_ea549db57f3e95255447"", ""occ_ea82c58fb51587338fa5"", ""occ_ea8fa7097930e4055b8b"", ""occ_ea90c0559564ea8a0781"", ""occ_ea92e62b39c9e3bfc6c5"", ""occ_ea95a1e4a58c07d655b2"", ""occ_ea9826f720b627a78b71"", ""occ_eadcfc49bd4b0087b690"", ""occ_eafee1e3b893b463cb30"", ""occ_eb0135daa3a88c841408"", ""occ_eb2de2c52a8d7d184362"", ""occ_eb34211ab1dd2c9729f6"", ""occ_eba710fce4c69b77bcc0"", ""occ_ebd74f772d614871f0ca"", ""occ_ebe7e2f291d853823f74"", ""occ_ebfc92df12486a6ed67f"", ""occ_ec0332af26ec56f489d3"", ""occ_ec12b859c6999bd42ad2"", ""occ_ec18fa7fea65d603ece3"", ""occ_ec51ccf6b48408c5749c"", ""occ_ec6980f9ee3411763c8b"", ""occ_ec6a3ebc24fd30bfed6d"", ""occ_ec7d52f055d448a3f372"", ""occ_ecb15ab2a96fee3c9342"", ""occ_ed18e2ecdd8c2ced861f"", ""occ_ed24a8870fff0b2e31d8"", ""occ_ed3ab5afd44a94827286"", ""occ_ed3e295adcfad321b2f3"", ""occ_ed96d09f8d22c1fb5a23"", ""occ_eda241ab7e470344033a"", ""occ_eda9af705f539e6fffc2"", ""occ_ede5cd480211a81c525f"", ""occ_ee0074ff934ec9c73aad"", ""occ_ee1edd5d76a9ccced491"", ""occ_ee669ca87d1217cf8321"", ""occ_ee697fc03208118420e1"", ""occ_ee92f2ebb2c124cc697e"", ""occ_eec82edfc56a9b0e3cfe"", ""occ_eecba7b93778a3b51f04"", ""occ_ef130e0dce1c140ff808"", ""occ_ef1d2983791513b62def"", ""occ_ef3727571f6dd8d61195"", ""occ_ef4b486347b71eb11cd3"", ""occ_ef570280b2eeaa25a840"", ""occ_ef8ca32cd43e5094aeed"", ""occ_efcf8a5c1a2860474aab"", ""occ_efe8dbe8457e71120c48"", ""occ_f04e5afca0bddbd59a4d"", ""occ_f073036b908a1ca97897"", ""occ_f08367c13b3f827c9c16"", ""occ_f0a0072d4df880803f69"", ""occ_f0ae71200557b515725c"", ""occ_f0c9051eebe85cd91e1d"", ""occ_f0c90bbd432950867d16"", ""occ_f0ed0297937a4725a573"", ""occ_f0f2a949002d720c9788"", ""occ_f114515f546b6701f955"", ""occ_f137b7b5870c974ce54f"", ""occ_f183841c64b71dbd5f53"", ""occ_f1a89bfddc28f567f442"", ""occ_f1abc94bbcd946b1c38a"", ""occ_f1e2dae4bea5f75ed454"", ""occ_f1ff82edd13627825605"", ""occ_f20f5dc1a55b43d265a5"", ""occ_f227fd7d79e6e140c315"", ""occ_f25780178ca0209579db"", ""occ_f29ef49424d501d5c64c"", ""occ_f2d13bcaf5c6b0b7c6c8"", ""occ_f2f683fd79f82715642e"", ""occ_f31c29e733f246a4cb92"", ""occ_f329e99af2f28e3af18a"", ""occ_f333f34b3fec8dde094d"", ""occ_f3604defdcac9b26e499"", ""occ_f3ad470d0d2de6e805fc"", ""occ_f3dd7f096f0899e0c941"", ""occ_f404f60ae2a8c5eb550a"", ""occ_f4156b29a7122b40b319"", ""occ_f42ad1a382f33f182bee"", ""occ_f43d5502454b92b071c1"", ""occ_f469692ff13cf571b3f0"", ""occ_f472b9016ca78e060656"", ""occ_f47654921aaf9966530a"", ""occ_f48bba10c7bcf4e34ff0"", ""occ_f48fedb0e530145a3b88"", ""occ_f4a342401fc43fc18f4f"", ""occ_f4df4658b9f2d4950f50"", ""occ_f4e378dae2a44ec0997e"", ""occ_f4ed55cf9be6fc887234"", ""occ_f521f33a2c6250ca1199"", ""occ_f5267cccc137837ad331"", ""occ_f52baa3e44bfd12bb77a"", ""occ_f554c5e2240ef2364913"", ""occ_f564456f9d0053ace4c6"", ""occ_f583e18efdb05fb12f94"", ""occ_f58a84fd91d8608a2d12"", ""occ_f58c7ac8f0d0ada36517"", ""occ_f5cc7b3eb613f5745406"", ""occ_f5eb92bd4b2d03d5629d"", ""occ_f5f3b74c627a6e7dd16c"", ""occ_f607255ab9b909ce3d81"", ""occ_f61d219cb68e9eec4d55"", ""occ_f6383d43ae24ddf0c3c8"", ""occ_f63c9a4c5e9c4dd03c0b"", ""occ_f645c607d30d28a4aaf8"", ""occ_f679efaaa3d905ffe2c8"", ""occ_f68fdf15fcdf18bef340"", ""occ_f69bba52a093097e75e0"", ""occ_f6aa10bce2bbc986d04c"", ""occ_f6bc2a778d507f45f01d"", ""occ_f6e1275d74c32edecb31"", ""occ_f6e45ca858396f2b5cbb"", ""occ_f6e522fbcec04591fe1c"", ""occ_f6ecbfcfdc81bfb96f5f"", ""occ_f6f3e01ceee5eec3a578"", ""occ_f727f1f8de1c5ccc38ff"", ""occ_f735c0cb73b9639fe2b5"", ""occ_f773fa3f5fe4c0156767"", ""occ_f79adbbbb2af6e629d91"", ""occ_f7c4ffa600419a8c6028"", ""occ_f816bd6f9cda58008ada"", ""occ_f88aa8d995c16bd0ce6d"", ""occ_f8e8182ca3b3f08b436f"", ""occ_f8fbb52e068031d9c15d"", ""occ_f9268830723b6b5f413b"", ""occ_f938863b9e150be80909"", ""occ_f9521e69734862400646"", ""occ_f95f9c7ea6c38becb0ca"", ""occ_f974c28d9e66952982b7"", ""occ_f9869eb6be76b635a0b4"", ""occ_f98e04e4e72cfc6d85a1"", ""occ_f9a29b8f49a901feacfd"", ""occ_f9bd2b2493fbf25f64b6"", ""occ_f9cf91718ea1d1a67828"", ""occ_f9fbf25ec98bdebadb4a"", ""occ_fa28f410f5b90fd42af8"", ""occ_fa36fb6ce00886ace660"", ""occ_fa7d50dd9a927af6f198"", ""occ_fa898c74c39fff21dfd0"", ""occ_fae248458b6b54333614"", ""occ_fae48efd34fe168247b2"", ""occ_fae490351472f560bd98"", ""occ_fb0e853dc8eaa9209e1d"", ""occ_fb1745ab115e148644ad"", ""occ_fb5a0d0276933ad2ff3f"", ""occ_fb676d2bc19b2c596235"", ""occ_fb679637764384af414b"", ""occ_fb68286e81e8af160050"", ""occ_fb71e1725e24f2aefbb1"", ""occ_fb75d9c5400de76d2509"", ""occ_fba329548609ae3f0e9c"", ""occ_fbf57d2d49c068db5cf8"", ""occ_fc2ac3d4806fdf5cc5e6"", ""occ_fc340c968d3c0429de97"", ""occ_fc7b4e348f4f0ede4a98"", ""occ_fcc6a031f88aea7b1ebb"", ""occ_fce13c0b0487c7b43d9c"", ""occ_fcee2cb504461afefc4f"", ""occ_fcfebdc8d28c5a8eb8f6"", ""occ_fd080fe719973cda0ee6"", ""occ_fd0c30c1f22a3dccead0"", ""occ_fd0dd441e0c1de2623f9"", ""occ_fd20b5c778db0aa92f4d"", ""occ_fd687e30d913989881c1"", ""occ_fd7b8826ed1aae495b7d"", ""occ_fdaf57910cd23fb3c6d2"", ""occ_fdfacadc434abf815b38"", ""occ_fe393904458aee1986d2"", ""occ_fe7db58a25d74fc0252c"", ""occ_fec629b230739aa1fbaa"", ""occ_fed3bfd0309456d9318c"", ""occ_fefd49f150c4b36e866f"", ""occ_ff14948bed9c79a421cd"", ""occ_ff1b4c4dffb7a4540dec"", ""occ_ff29023bc23dd97e9748"", ""occ_ff301412023d5bf1fe96"", ""occ_ff3b4b03189987e3a1f5"", ""occ_ff64ad71bf89df70d3ac"", ""occ_ff79efbdfce555cbd4dc"", ""occ_ff8d53f2d5721386ea06"", ""occ_ff9d702fcc66d751c9a8"", ""occ_ffe5250f11db7bd4b924"", ""occ_ffe9b51ebbe8e55bd68d"", ""occ_fff565524cf73e4a99d8"", ""occ_fffb69a57e85f4b45ad6"", ""occ_fffba3f84ec5a3ab2bd1"", ""occ_ffff1b7f6026c59ae67d""]",run_d0d5415dcc5fdcae1cb4
term_fa6799de13b4f9cab1c7,Tourism indicator,dimension_name,0.98,semantic-hybrid,True,metadata column name evidence,"[""occ_676ddc568afb8c85e1a8"", ""occ_869d9eb527d99c1d9d2c"", ""occ_9f60ae97fa6aebb38c76"", ""occ_d838fc5fc66dbdf57947"", ""occ_ef509e596f45cbbe4b1a""]",run_d0d5415dcc5fdcae1cb4
term_19e0c4f5be3644928d32,tra_cov,dimension_name,0.98,semantic-hybrid,True,metadata column name evidence,"[""occ_e7a8795df5d0f914a646""]",run_d0d5415dcc5fdcae1cb4
term_f78621c20528585a4c70,Traffic and transport measurement,dimension_name,0.98,semantic-hybrid,True,metadata column name evidence,"[""occ_1715f9cf9cd8600fb79a"", ""occ_2407999b5eec5e3e9cc2"", ""occ_4bec27b18ad335b8a390"", ""occ_675935308d248e494b86"", ""occ_6948666cd019bc643c02"", ""occ_b79777e554554c48c35d"", ""occ_cf53b891aef0167c7e7c"", ""occ_d13d09e8aac91f5d1f8e"", ""occ_ef88aef41d30ae189229"", ""occ_f6651cacbb3b21dde8e2"", ""occ_fdb244b449a48f2994fa""]",run_d0d5415dcc5fdcae1cb4
term_db2514e8eddfb4963345,Train category,dimension_name,0.98,semantic-hybrid,True,metadata column name evidence,"[""occ_061e737290056013f7dd"", ""occ_08108b65e161a29342a4"", ""occ_0a206ef160c203b346b7"", ""occ_0c405220120ce2a041be"", ""occ_31171e6fea095fe6d3c6"", ""occ_32702a85f5240a429046"", ""occ_380811a49a6b778e9ce6"", ""occ_3c9f9868bf623320d47c"", ""occ_5f67b55a0b00d1cae77d"", ""occ_6778efe9b112dfb1440c"", ""occ_6de3f2682d37e42073d3"", ""occ_822c7ff27b92e3781101"", ""occ_933157f643d5d6a78a98"", ""occ_aa300402fe5bc4984514"", ""occ_ab839f1a2be3c643e7ba"", ""occ_b4064e97be106bc32db3"", ""occ_c03a49f1e63d73c4d72d"", ""occ_c07da38531100cee6fdd"", ""occ_e00113648903a57fcf6c"", ""occ_e524dca4fdeda3a09bfd"", ""occ_f92b24c59b9129bf1c1b"", ""occ_f97fbd73a94fb313d929""]",run_d0d5415dcc5fdcae1cb4
term_20cb5750a65171a43a84,Train category\Time,dimension_name,0.98,semantic-hybrid,True,metadata column name evidence,"[""occ_0857b352f51f30b89a81"", ""occ_10e214f6150ecd7c0361"", ""occ_188edf1ed8edad61eaf1"", ""occ_254aea54f5219a67473f"", ""occ_2ffa545031f7ed4e8d33"", ""occ_312a0829b59da3c8bd08"", ""occ_33b029fd75cffc1a2a9c"", ""occ_379c149ca065fb00a377"", ""occ_3b08976e09f1b918166f"", ""occ_3e96b78eeb7ca511d446"", ""occ_40b898cdb6cd8fa93ac1"", ""occ_42b0ed192035a3065aa5"", ""occ_44b9bb279ec41ac95220"", ""occ_47883127abe0994ab5b9"", ""occ_49ede7429a3e33bbf53a"", ""occ_4cf62f3d0a23ab69403e"", ""occ_4fdafb1fca022187b8e6"", ""occ_50807886800e4a8f90f9"", ""occ_510041f5ae157f5e34e2"", ""occ_5401e6004a1e4c23f8a1"", ""occ_589ec09783a71ff3a4d2"", ""occ_5d0f3dc5a80aec19bbb7"", ""occ_5d19919648bb9071e654"", ""occ_5e6ef949281518a92a3c"", ""occ_60cf48e072dce6b4dd00"", ""occ_622fc59c3753efbc2796"", ""occ_6573327a832874e4586d"", ""occ_6b3de5b55cbb1c685a35"", ""occ_6d387143fc3e651bf8cd"", ""occ_79e5574a27d4f469df69"", ""occ_8a48b4e946bf1cddec32"", ""occ_9acf165a6fe879ac1be9"", ""occ_9ad673880487978e2107"", ""occ_a46220b08218972cc46f"", ""occ_a52368e54717164f544e"", ""occ_a7d54ac09447dba2df58"", ""occ_ad5cf53878e8fc1b3917"", ""occ_aea36a3fe58d2788c55b"", ""occ_afc76eae063151edca89"", ""occ_b062a8a58a025b629a21"", ""occ_b3dd66436cfd57236e2d"", ""occ_bd328a81a67f443c37df"", ""occ_bd4dbf891c2c972ede9d"", ""occ_c566f9eed6e46efb6da2"", ""occ_c7ef0325d550f3fd4d1a"", ""occ_cfbde43863eb27ddce47"", ""occ_d4330d0492b0cc92e77b"", ""occ_d51cdfc3313ba616498a"", ""occ_da17d9603f3ddc3af643"", ""occ_e0a997f50af26433f45d"", ""occ_e3ea2d8ea54091cd00eb"", ""occ_e415c5248f5ad48aa581"", ""occ_ebeeed3d8e9d8c48b4c5"", ""occ_ed31a610acf4c4564501"", ""occ_ed8b9c770806a6b8f95f"", ""occ_f40a25eae211f8d5240f"", ""occ_f6a894fa6b0743ae0391""]",run_d0d5415dcc5fdcae1cb4
term_0bb4b561ce8a6b41b687,Training,dimension_name,0.98,semantic-hybrid,True,metadata column name evidence,"[""occ_007f676b687d2eec12f7"", ""occ_046eac71b0c007e36c4d"", ""occ_3636919e7d38e5666a2f"", ""occ_4a3dbd33cc314ade9602"", ""occ_cccf2c6472fd016d5c08""]",run_d0d5415dcc5fdcae1cb4
term_ecd7a756660384a30eb9,Transition from the previous year situation,dimension_name,0.98,semantic-hybrid,True,metadata column name evidence,"[""occ_d74fcd3fb10b514b7562""]",run_d0d5415dcc5fdcae1cb4
term_394e8cd46f0dbb030705,Transport coverage,dimension_name,0.98,semantic-hybrid,True,metadata column name evidence,"[""occ_1f26d58813478bf41a6d"", ""occ_3829b6785222fdeff9af"", ""occ_3890145a969e113b3bba"", ""occ_415de8aa0da8f67fed57"", ""occ_4358e32423a5bd88024d"", ""occ_4ec9294034125d702fdb"", ""occ_51a9a17f845a76801e95"", ""occ_7c9ce7a3e6e788b1380b"", ""occ_8569ce979fefcb695ba2"", ""occ_b4c8f35ae8e99580635a"", ""occ_cf7a68486a1a470ff383"", ""occ_d9db9b2d408d2861e1e3"", ""occ_df9d917be53262b7440d"", ""occ_ef6a0b7786d62aed045e"", ""occ_fe96c5b79e8ce80408b5""]",run_d0d5415dcc5fdcae1cb4
term_48999ceefe4ea3af7102,Transport coverage\Time,dimension_name,0.98,semantic-hybrid,True,metadata column name evidence,"[""occ_ad99b12817556d4db748""]",run_d0d5415dcc5fdcae1cb4
term_e09d265b7ed105520c3f,Transport infrastructure,dimension_name,0.98,semantic-hybrid,True,metadata column name evidence,"[""occ_1ae14031db32694385e4"", ""occ_1e5b3a6b1a3193f87f13"", ""occ_23407ae95fe7aaeef779"", ""occ_23acf3b0eb360c70683d"", ""occ_26d01750eabf626a194e"", ""occ_3d08a2402e4b12e3d96f"", ""occ_449cdd6b81099a37c369"", ""occ_605b1a65f75cbb5ccfda"", ""occ_6424c918c09f65712b69"", ""occ_647744d5e433170734cb"", ""occ_6fc7cebed530fb731516"", ""occ_6ff929cf4ab27ecffd32"", ""occ_7cc635f32c9c089325ed"", ""occ_9e7c820324544528063b"", ""occ_eb96a5ea8218dab3a751""]",run_d0d5415dcc5fdcae1cb4
term_8c25d6f149623b11691e,Type of activity,dimension_name,0.98,semantic-hybrid,True,metadata column name evidence,"[""occ_1e906c3a6acb837ab127"", ""occ_2e118657632b1d6a6b98"", ""occ_40359546a74cde74858e"", ""occ_73142e41ae6d4a2ce1be""]",run_d0d5415dcc5fdcae1cb4
term_ff988c032ad5035f75c3,Type of assistance provided/needed for disabled persons to work,dimension_name,0.98,semantic-hybrid,True,metadata column name evidence,"[""occ_5e89eb95334eda9395c7"", ""occ_bef07a2de841012edd56""]",run_d0d5415dcc5fdcae1cb4
term_4290fca4cfa47a40b7de,Type of building,dimension_name,0.98,semantic-hybrid,True,metadata column name evidence,"[""occ_602622b5a6e79833c202"", ""occ_649c0f2709859334593c"", ""occ_d0e7e7ad268582534360"", ""occ_d6d978d306750efa3903""]",run_d0d5415dcc5fdcae1cb4
term_3e842e894c9306a0c5db,Type of cargo,dimension_name,0.98,semantic-hybrid,True,metadata column name evidence,"[""occ_1bfb394c36b9531735bf"", ""occ_3e08681bc160bb227e94"", ""occ_484b812916bb34852e87"", ""occ_d52dabb22ff55ef89388""]",run_d0d5415dcc5fdcae1cb4
term_78e17e2f8d81cfd5c070,Type of consignment,dimension_name,0.98,semantic-hybrid,True,metadata column name evidence,"[""occ_2e56c06893703f6b5f95""]",run_d0d5415dcc5fdcae1cb4
term_65d82a0e196d9e3eeaa3,Type of employment contract,dimension_name,0.98,semantic-hybrid,True,metadata column name evidence,"[""occ_261880e237130ee438ae""]",run_d0d5415dcc5fdcae1cb4
term_c32f0f7650649aabadde,Type of expenditure,dimension_name,0.98,semantic-hybrid,True,metadata column name evidence,"[""occ_5aec3617bab741f34136"", ""occ_f36e214b2415dad1cf4b""]",run_d0d5415dcc5fdcae1cb4
term_029896d44720469d829f,Type of household,dimension_name,0.98,semantic-hybrid,True,metadata column name evidence,"[""occ_03a40861978bf5b9cfff"", ""occ_066801362c89a16882de"", ""occ_1cdbd6660699c279d0d6"", ""occ_1deefb128fd57686b47d"", ""occ_1fabe61bc7a77b54e128"", ""occ_20fcf72a19379bcfac66"", ""occ_3026f12d8457011ec822"", ""occ_387936d4102386a6f0f9"", ""occ_441c8f2dcb0057a93fa7"", ""occ_47a6ccf1d7448f159544"", ""occ_50853f9d014547cb5c52"", ""occ_63ea425aaf528b08b413"", ""occ_658602a5a6759e773ec4"", ""occ_6a5412264090e283df15"", ""occ_753c76a7f2985a7bd630"", ""occ_7ecc44c14d5d4ec7c7c8"", ""occ_922abe3cd0a9f206b152"", ""occ_92b02ad6d17c2667cc40"", ""occ_99c45e0cd7c16d07efc7"", ""occ_a2f4a8888b92068a80ab"", ""occ_a82f348abf4cdeff5fe5"", ""occ_a997dbdb7ed4ca3ffff8"", ""occ_bdd675fbf4ed8c876031"", ""occ_c0d0edfb566c5d4c7903"", ""occ_dd853e5427650759bf31"", ""occ_e9b8f208ca025d586db0"", ""occ_fa0834491a79eaeacca5""]",run_d0d5415dcc5fdcae1cb4
term_438e668dbd96707cc3c4,Type of issuer,dimension_name,0.98,semantic-hybrid,True,metadata column name evidence,"[""occ_9dcd7fcce4fd911ea568""]",run_d0d5415dcc5fdcae1cb4
term_1e3d4822dbc2658aeab9,Type of level crossing,dimension_name,0.98,semantic-hybrid,True,metadata column name evidence,"[""occ_8bfaf1e1b49f5e79bcfb""]",run_d0d5415dcc5fdcae1cb4
term_77d44f4437c39057e142,Type of mortality,dimension_name,0.98,semantic-hybrid,True,metadata column name evidence,"[""occ_f7ec12e4c5d26d504c87""]",run_d0d5415dcc5fdcae1cb4
term_bdbb0fcdc5db9eb7a54d,Type of network,dimension_name,0.98,semantic-hybrid,True,metadata column name evidence,"[""occ_4649f12ecb92edf620b7"", ""occ_aa3c2014771426a242ac"", ""occ_b53a3b08baf9d851a50f""]",run_d0d5415dcc5fdcae1cb4
term_43f8070bc8ede7000741,Type of operation and loading status,dimension_name,0.98,semantic-hybrid,True,metadata column name evidence,"[""occ_65da002a46059b2a74b7""]",run_d0d5415dcc5fdcae1cb4
term_9938289c0733b3c5df34,Type of ownership,dimension_name,0.98,semantic-hybrid,True,metadata column name evidence,"[""occ_0b282eb2a0a07bf5545b"", ""occ_4fc9bea0a30cccf1f69c"", ""occ_5aa35b82538df0f9fbdf"", ""occ_7e10b5c4d3b25ef1e497"", ""occ_d22cc39d244041a99e84"", ""occ_da580bbafbe3ba109489"", ""occ_dcbf2f6c39fdb5ade1a4"", ""occ_e1db8dddc0a45a0d41d5"", ""occ_f3fd953093a1b8596339""]",run_d0d5415dcc5fdcae1cb4
term_e029af05a1a5dcbb9de8,Type of perpetrator,dimension_name,0.98,semantic-hybrid,True,metadata column name evidence,"[""occ_10c75d23c071cd689f59"", ""occ_623532c20722570b4cf8"", ""occ_630ea7cadac470ce8cc6"", ""occ_e10d40a7dafb51fdd949""]",run_d0d5415dcc5fdcae1cb4
term_551a38ce7aaa9179694b,Type of return,dimension_name,0.98,semantic-hybrid,True,metadata column name evidence,"[""occ_9a8a81da36dce15b05ed""]",run_d0d5415dcc5fdcae1cb4
term_2b7e66463992f59d56a9,Type of schedule,dimension_name,0.98,semantic-hybrid,True,metadata column name evidence,"[""occ_1a85b1d17e78f679234f"", ""occ_4a44dd2269e012e42bf7"", ""occ_fb435589cd68bb817e66""]",run_d0d5415dcc5fdcae1cb4
term_9baa6427f7d6c4ef3be6,Type of seat/berth,dimension_name,0.98,semantic-hybrid,True,metadata column name evidence,"[""occ_2757503f139bc9caea96""]",run_d0d5415dcc5fdcae1cb4
term_2af9f7ed763f5b8e6f7c,Type of signalling,dimension_name,0.98,semantic-hybrid,True,metadata column name evidence,"[""occ_af6a72101201e86c78a2""]",run_d0d5415dcc5fdcae1cb4
term_4b9adfc73bf67ab86d07,Type of task or service,dimension_name,0.98,semantic-hybrid,True,metadata column name evidence,"[""occ_f6067d3217b8bf77079b""]",run_d0d5415dcc5fdcae1cb4
term_4b13e498d9c538c5690f,Type of transport,dimension_name,0.98,semantic-hybrid,True,metadata column name evidence,"[""occ_37021e1fb6f3d36e6579"", ""occ_e8cf2e200940012bcd4f""]",run_d0d5415dcc5fdcae1cb4
term_56fcce32d7887ae4eb9c,Type of vessel,dimension_name,0.98,semantic-hybrid,True,metadata column name evidence,"[""occ_2076ab27dbb03bf16424"", ""occ_59a7663dd3ef594c6140"", ""occ_5bd4f6908bcc5579e806"", ""occ_706f49967944c8762599"", ""occ_770d2ea325369a44a605"", ""occ_8876285ff93121bcb9cd"", ""occ_b785b8097402db5cbc41"", ""occ_e3d55e36ce8c3455fe68"", ""occ_ec6c02723d354ef4ad7f""]",run_d0d5415dcc5fdcae1cb4
term_c56f1262be181c6b5e71,Type of victim,dimension_name,0.98,semantic-hybrid,True,metadata column name evidence,"[""occ_393628847dc047f27c23"", ""occ_e44254cd0371c17fa021""]",run_d0d5415dcc5fdcae1cb4
term_9a686dd9c66d41d7b412,Type of violence,dimension_name,0.98,semantic-hybrid,True,metadata column name evidence,"[""occ_2626e9d88611fb4c13ea"", ""occ_4573923abbb920e03d5f"", ""occ_ab67d4691b8a4eda5c37"", ""occ_b31830ad93bd866bbbee"", ""occ_b6c0226981a306d0a31f"", ""occ_cf76f7cde9393c67dda7"", ""occ_d6e7d65e3d023d1d1b1a""]",run_d0d5415dcc5fdcae1cb4
term_c43593888f491c4272be,Type of withdrawal,dimension_name,0.98,semantic-hybrid,True,metadata column name evidence,"[""occ_34c27d6d7d41dbac59f6""]",run_d0d5415dcc5fdcae1cb4
term_e76a000eeb26b08a12c8,unit,dimension_name,0.98,semantic-hybrid,True,metadata column name evidence,"[""occ_0930cf7042eec8ea3cd0"", ""occ_0d78e08443a365ef5976"", ""occ_18ea379fc49585ff16d3"", ""occ_1c0d91fae58221d2fb79"", ""occ_2a069881aa0f5d61aa21"", ""occ_2fbd6dfeeda42b42eaa0"", ""occ_30fbab7a600196548c0d"", ""occ_31007a8950a9803a5c47"", ""occ_35c8e3c2dc8b2966acc1"", ""occ_442d635129cc3626d7e0"", ""occ_4bcf8e163962900e501b"", ""occ_50bb48fd26e6b459460a"", ""occ_55e785f7872b912f48ef"", ""occ_5cb837b1fcf859afcd72"", ""occ_68873f0c54bc4850aa7c"", ""occ_6c1152aa44036e7acde2"", ""occ_7203ee0e33d3cee18bf6"", ""occ_747bea081367b3fa2d7d"", ""occ_79064978791fbb273f59"", ""occ_80cb5369b642eb880aa1"", ""occ_87340dfe8591c93bbf71"", ""occ_8746f99cb540eaf88d57"", ""occ_8c0a8aae9a1b32ecc83f"", ""occ_99f91517e4f70c4e3b52"", ""occ_ab88c0d1f165dc01feae"", ""occ_ab99f75cf87d73022c6c"", ""occ_b9d5c2382595f1f8a876"", ""occ_c2766f5e7c5492aac2fb"", ""occ_c2d4c4a64ed0fef5c19d"", ""occ_c758b859f556a5348158"", ""occ_d765a34363dd74d6ebb5"", ""occ_de9630ce237f2e7068ea"", ""occ_e655b8bb0224773c3acd"", ""occ_eb2e60f14be132804b75"", ""occ_ff8cd304ce2d32691800""]",run_d0d5415dcc5fdcae1cb4
term_653d907eed9d80157aea,Unit of measure,dimension_name,0.98,semantic-hybrid,True,metadata column name evidence,"[""occ_0002b1c64fc7fc8904a1"", ""occ_001959fd11a47e92b795"", ""occ_0022b0210f406546e176"", ""occ_00485f17cf74db6747a7"", ""occ_0063681cb1c305b9dad5"", ""occ_00686f6f4356bef3cc94"", ""occ_006d362086a4bbf524e9"", ""occ_007658722a07546a0bf5"", ""occ_00889d9086147769fd13"", ""occ_00914624a3380e4b2506"", ""occ_009da3d204e21cc5275f"", ""occ_00b234db2db4586d3f45"", ""occ_00fd503485e66da88777"", ""occ_014f1293d967ccad5513"", ""occ_0165b1a83c64853a729f"", ""occ_016e75c3d27eacb90dd2"", ""occ_019127d283bad8accd30"", ""occ_019f1b49c7c5fb7afb5d"", ""occ_01b10491c1e0f044df91"", ""occ_0200dfb984457819cc5d"", ""occ_02163e1b3386b26bd24f"", ""occ_0216815751c3937692a6"", ""occ_021c6c8781dcde7511b1"", ""occ_0225506e61f54ad1867c"", ""occ_0238b20cfe48a51eb902"", ""occ_0285ee9ec36413f6d2e7"", ""occ_02a3a79e8cb624803f1b"", ""occ_02ac35e8ab975ef60faf"", ""occ_02b00f0ff9912aa077f9"", ""occ_02beb8c103f476c1aa64"", ""occ_02e2184549d1b108160f"", ""occ_030bc8e36d7971755fbc"", ""occ_032419974a6eabba79a8"", ""occ_033456b55cf58a55bc7b"", ""occ_035be1fff6efd4e9fb64"", ""occ_037fe7cf79d0b8c7ea79"", ""occ_0384a3762db839663ab4"", ""occ_03f3e7d469e11d5ea992"", ""occ_04439ea4cb19b6301d7f"", ""occ_0470cd279b00127d9931"", ""occ_0479d34f0864d53c9f41"", ""occ_048ceadbb8a03d8b683c"", ""occ_04960a1f4e55e94ccc40"", ""occ_04b254949c3626e5ef60"", ""occ_04b651974cf306ed8764"", ""occ_0502263c8b7f6ceebf65"", ""occ_054e2c0fd631d9557900"", ""occ_055f1f6fd565eb850e0e"", ""occ_05c87e720bd04185981f"", ""occ_05d46f1676bc63b54ec4"", ""occ_0642ee02865aecb1e6e6"", ""occ_06929b0ce3b60f85654e"", ""occ_06b1e86f828a280c290b"", ""occ_06b519f902546eaeba4f"", ""occ_06c0ab3caf8c5f74f267"", ""occ_06da61cda138c75ed5e4"", ""occ_070bc1d302e6c5ab61b3"", ""occ_072cb5bb8e17c21e3485"", ""occ_072d0305f0310f2a0670"", ""occ_074fa234ef2b311bbb72"", ""occ_075906c70f7dee3df40c"", ""occ_075955b234002a297298"", ""occ_0785d181e6214596f64f"", ""occ_07927feef154776f9401"", ""occ_07a2995541118167ecec"", ""occ_07fe1f4ff4c60a405fe4"", ""occ_08004fe2581daed32947"", ""occ_0801d804621585efa9f6"", ""occ_0805b36c1ad26f668ec7"", ""occ_083851c0b6518b54992c"", ""occ_083c24eed991251e06b1"", ""occ_08431f89124c828dfc9a"", ""occ_084508108c350a3dca46"", ""occ_084e01f10dad5b69ad6f"", ""occ_087eb1f01952f9c7d9fc"", ""occ_089b2a51c88f37ba9f83"", ""occ_08b15eef1987e0f0a69d"", ""occ_08bf06a653abb7cf311b"", ""occ_08bf90da11c1776e3ae4"", ""occ_08ee36416f4c736b57f2"", ""occ_08fa9f0a29a30627f74b"", ""occ_0943b9f08ed8a4bc9731"", ""occ_094a21577812ed1daaaf"", ""occ_096f9b471a2bab842788"", ""occ_09f27391c78ea8f6177b"", ""occ_0a163f36f5c7cdc52e52"", ""occ_0a2ed0fc238677c62227"", ""occ_0a395a72473adca2028e"", ""occ_0a4894b8ac60b9a0bf05"", ""occ_0a7a386492ffb8259f65"", ""occ_0a9095a0fd8850559b97"", ""occ_0aa6ead8b5d623e3b157"", ""occ_0ad7b6ca1ce3b360f943"", ""occ_0adcedf0120453fb766c"", ""occ_0b55b31ff06cdb11f372"", ""occ_0b84465341f52a9cb988"", ""occ_0b9422d4c147732a5fa2"", ""occ_0c109a2304ab490ca3c7"", ""occ_0c442da7d2b24b2b9c8f"", ""occ_0c556ae70eeee733611b"", ""occ_0c5e303f64a79e3c485b"", ""occ_0c82a375a4c94ed8008c"", ""occ_0c9ab92577021f8c88d5"", ""occ_0caa6f3b613fd45469c3"", ""occ_0ccbb8f6a588606c694b"", ""occ_0ce6db156ec86536a23c"", ""occ_0d1e2ee975aba98fdebe"", ""occ_0d59f4d4399154a1999e"", ""occ_0d75d063eadd33fc6697"", ""occ_0dafbcf21c8f2bf568f0"", ""occ_0dba73977bf6cdfa8f25"", ""occ_0ddc5077c90bff209c3a"", ""occ_0dea63018f4fc3e1edca"", ""occ_0e2d6672656be0123eac"", ""occ_0e37482ef410cf65c7bd"", ""occ_0e3f0981942550372fdf"", ""occ_0e8ef551591f9d257fd6"", ""occ_0ea83fe793366e1bd9e4"", ""occ_0ebb0e0d01f648f28221"", ""occ_0ebd82ed5e7b2c790074"", ""occ_0ec07f4e55f34040d2e1"", ""occ_0ee30556118ef047b4c1"", ""occ_0ee58cb52366d21deeba"", ""occ_0f21cba7502064028f8f"", ""occ_0f451459552fb3d06b0f"", ""occ_0f51c85fd9429bd3b42b"", ""occ_0f8be84bab6d94b32272"", ""occ_0f9d175f2965b2992a5d"", ""occ_0fb0151aa0e450b48640"", ""occ_101ab366e99a8cba390a"", ""occ_102b8daf9d96c7c6fe54"", ""occ_104712fa9f5b55177006"", ""occ_10617b1d13f6f0dd3b36"", ""occ_10755dfe5001e6a893dd"", ""occ_109715390c2a68355639"", ""occ_10d53beaf69cd0c208a8"", ""occ_10d5a3ea4be5e488e57f"", ""occ_10f67362e19e860399c2"", ""occ_111f47129814830b42dd"", ""occ_113b71b4f0492909580d"", ""occ_114a23a8631dc2f6c981"", ""occ_116c33a27b6037cc327e"", ""occ_117204e567ce9ac02573"", ""occ_1193e955b2adb1b31a4a"", ""occ_11ba723330bb5d522906"", ""occ_1201cee6ff7e766b1c29"", ""occ_121f2f9d3a1e866217aa"", ""occ_1236552f40baf14cc583"", ""occ_126134a6fc97e0dcd1ba"", ""occ_127d4e26672464536d7a"", ""occ_1291fac278926f9bb248"", ""occ_12d5d869b9617abf188d"", ""occ_12ef7649fe1b752a675b"", ""occ_1303c1ca41d7c696a55c"", ""occ_130f0f9350b9b823ede4"", ""occ_132d1773b852ea13d442"", ""occ_1370554eb4d3409ee9fc"", ""occ_13ca51c91f85a49df6a4"", ""occ_13e7d183f573ec0f688b"", ""occ_1444640497032589d466"", ""occ_14648f1f1ca818f5c4ca"", ""occ_1473403cc781a567e68c"", ""occ_148fda0cc4e6ad8b443a"", ""occ_149d750430046a9b6c22"", ""occ_14aa48a9cf83dc5dbb85"", ""occ_14bac52cdb54c8747cda"", ""occ_14e0e32028711ecb37e1"", ""occ_150166deca5e49219a5e"", ""occ_1526008ab6460f815128"", ""occ_1542c379a4c51239903d"", ""occ_1551016ddcc84a52febf"", ""occ_1557f49766a2b2a21f80"", ""occ_15779c95b033ed93bf24"", ""occ_15902341587bc8faec0a"", ""occ_1591d30ad86f59f5df0a"", ""occ_15a999430891dca6ac55"", ""occ_15e19bf5e9ff7fed20f7"", ""occ_16219a8845444bcfa0ab"", ""occ_1645e54b75b8226908f9"", ""occ_164afab633e468fc0da2"", ""occ_16ed0c212f1d5f02bfa7"", ""occ_1712f1dba8a6484252c8"", ""occ_179a3dbd9fa22c8bb4d7"", ""occ_17e4947da70a11aeab0d"", ""occ_181ef01dcf2baeb772d7"", ""occ_1827bd7956d046fd2035"", ""occ_1881e74db090e739a7af"", ""occ_191b0dacb6a6c360ddfd"", ""occ_193223058a1009b96c83"", ""occ_195c6fad3f48a87eb2c8"", ""occ_1a154e594dd90f144e1e"", ""occ_1a16c57f2932a13387db"", ""occ_1a1be452191b398c1285"", ""occ_1a1eda27fbb3d36b8c88"", ""occ_1a4d5fd55046b9a0d912"", ""occ_1ace06e20b1783a3568b"", ""occ_1afbc53c1eea0dbc194e"", ""occ_1b192cd0b8546a806247"", ""occ_1b740a37ba331971450a"", ""occ_1b774747b9f902c7c4b7"", ""occ_1bcbc6da07fd277f1299"", ""occ_1c05857721b9ad470e8b"", ""occ_1c6335d9b7f0e8d4fa6b"", ""occ_1c98873883d46578042a"", ""occ_1ccbec3c0762c633ce5b"", ""occ_1ccfb52ea90c3c70fa13"", ""occ_1cf10645d4b5bc9a98e0"", ""occ_1d14db07d57f9917b9f5"", ""occ_1d18c488af46232a4f0b"", ""occ_1d625c74f70095aff8ae"", ""occ_1d626b7061587dfce114"", ""occ_1da05d6f5d6b709073e5"", ""occ_1db595d021fd4af593a2"", ""occ_1dd58f22b6c86ca03b7e"", ""occ_1dd805a69e758d8f45c9"", ""occ_1df4e9a45df4a4dd07a9"", ""occ_1e4800f61bcc9f76de73"", ""occ_1e7b83894bd9a7adb0d2"", ""occ_1e7bf79b2e160d7fbe43"", ""occ_1ead6186e2ce1a58c0bd"", ""occ_1f1011651eb0ab6a9e13"", ""occ_1f9becc9c5ab66596f89"", ""occ_1fce0fb31929fec859d2"", ""occ_1fdd89629390f5ae3230"", ""occ_203ca496f2b8bbc82dd5"", ""occ_20411b53fcd4eac84558"", ""occ_206acfbfdb8beea2aa9b"", ""occ_2071ff95ec0edba81406"", ""occ_20825f7734c2710fa72e"", ""occ_20a476db6bd1d7b56f95"", ""occ_20a892e8ec16236b6832"", ""occ_20cc6cb007c2c28fee39"", ""occ_210b3d75364b7d58e7ba"", ""occ_211769a9aebdf2320bd3"", ""occ_21bdfb906e7a34baffc4"", ""occ_21c3ac34525cf53e2689"", ""occ_21d0722a563cc6316fb2"", ""occ_21d549e8418f3bd119bd"", ""occ_21fbb9ba466f8f46ff29"", ""occ_2238193e9a90e03ca39c"", ""occ_2245368304056afa756b"", ""occ_228361289a65160dc3a0"", ""occ_22b8b3cec799feffe6a8"", ""occ_22c5cd9d8d26fa4e5807"", ""occ_22e21e34ded2fb878a9a"", ""occ_22e92dcc7dd7181f7494"", ""occ_230661859c321bd02459"", ""occ_232121d2ebbda5b51dda"", ""occ_23215902808949b51cab"", ""occ_232e674a285ef8db3a3b"", ""occ_235834dbc9b3ecfdf1d4"", ""occ_2378b883d5b957913b36"", ""occ_2379967084eeec06dc8b"", ""occ_238a2bd9659f310943dd"", ""occ_23a34075a93efc596160"", ""occ_2424d825049d2925e3da"", ""occ_2479b8b9f11a2c222660"", ""occ_2488caaf9ed17058ff0d"", ""occ_24c6de6b37f5483a2613"", ""occ_24e7746aac80a9977841"", ""occ_25034a17ca1363263058"", ""occ_250492d8a162ff53a27d"", ""occ_25152534226060199420"", ""occ_25185106ac6ec97301b9"", ""occ_25965e0a661104fbab9d"", ""occ_25c4a480e56222206612"", ""occ_25d39e6e7ffb60028d60"", ""occ_25e03b1bce6de068c1c9"", ""occ_264e78fd007abdefb806"", ""occ_269bc01929ba1fbbd27b"", ""occ_26c2f763e706c40161ed"", ""occ_27057fab7db915c4db17"", ""occ_274afec5258c1896c6ba"", ""occ_274bb1d9a652c8879c2d"", ""occ_2762583f95f587caa868"", ""occ_27a1a00acc8e2c56a4ef"", ""occ_27c55ac30b603830dc72"", ""occ_27ffad2a9c6ae97b41a6"", ""occ_280decb81373e935de12"", ""occ_28375cccb73efcc78b82"", ""occ_2885b248c116f9b58420"", ""occ_289bfc2295609355fdaf"", ""occ_28aa7e5a8901a273f538"", ""occ_28bce7b6c1f25431111a"", ""occ_28f6e303a3b456691d70"", ""occ_2922f51040fdb16b7316"", ""occ_292783406cca44d997f6"", ""occ_293629f4a1842ff2209a"", ""occ_295668f0664d28da0b46"", ""occ_296a05836ac17c659b35"", ""occ_29d3c9d9c835589e56e3"", ""occ_29e51f6c2af269edf7db"", ""occ_29e9a39441abd5025267"", ""occ_29ebe25f25cba2b5c6e2"", ""occ_29fc1f235e93a43197ae"", ""occ_2a1a75a22c704c01d62c"", ""occ_2a2e134ea9db6a2107b5"", ""occ_2a5f0dbff12c0fb8e28b"", ""occ_2a8be9726a608740176a"", ""occ_2aaa3da27106f3b0df02"", ""occ_2ab280663cf7282bbe9a"", ""occ_2ace7556f64821622ace"", ""occ_2ae36c41a1e2bc8643e0"", ""occ_2be395d04a229b4bfc1a"", ""occ_2c3e6fa5f2867a2f0afa"", ""occ_2c658f0ee70334dd8aca"", ""occ_2c8f26fbc09fc51ed4f5"", ""occ_2c9e95cfd6d688f17b64"", ""occ_2caa1f200d58c7be3b92"", ""occ_2d0497bb3bea0034d368"", ""occ_2d2c230db87f19547b88"", ""occ_2d3cd431bc785c238740"", ""occ_2d3e0810fb15fe1125e1"", ""occ_2d3e5642862b4ab3340f"", ""occ_2d4c9f5a6ab103013a95"", ""occ_2d88bbfcbd1b71bba704"", ""occ_2db7aa3e9fa9a8480ca8"", ""occ_2dbb9fff6b322466814d"", ""occ_2dceb03c8d1e55bb54fc"", ""occ_2dda84ed1df3209b0f11"", ""occ_2de1709decb7a0fd2e2b"", ""occ_2dec4514c1aa3d427562"", ""occ_2e421b9d1ccd701172d9"", ""occ_2e6ceb0e3c44a1b76a6e"", ""occ_2e85760ab07f2ce48f0e"", ""occ_2eb30893c0635526db16"", ""occ_2eeda0ca3005d726ebb1"", ""occ_2efc1b647c4dcab35ae4"", ""occ_2f1a08f66011b7f1b89b"", ""occ_2f993c53157f53ec433b"", ""occ_2f9bcbba42db40a13b7e"", ""occ_2fd8bd60790e561b0e49"", ""occ_2febe8cd3c8834fb935e"", ""occ_30002e9448bbe202c48f"", ""occ_30445cade1b2d418d1ce"", ""occ_3046f23696eab7abee76"", ""occ_3071b960fd52802d63e3"", ""occ_30a6884de77466d7d3f0"", ""occ_30b48433c2184a6a975c"", ""occ_30bdebf9507c0119fd00"", ""occ_30d2a60661349e72d3b2"", ""occ_31065eb8202076650aba"", ""occ_310e0b9e16a19677c0b6"", ""occ_3148b08da9af77dcb821"", ""occ_319a14b07bc540ffd91c"", ""occ_31a874918a6175343b44"", ""occ_31d2c4ac7cbcbad930d2"", ""occ_321604f202844d46cf50"", ""occ_324fab702ede60264888"", ""occ_326a95e301a369500fc0"", ""occ_3270337f614544a39492"", ""occ_329edbb37a6c996a30f6"", ""occ_32fc37b7d2a3960e5d29"", ""occ_330fd7d7719a9c4eb80a"", ""occ_335dbf8357bf9837400a"", ""occ_337879297add31a602f2"", ""occ_337d8df89452ea3595e2"", ""occ_33ae5a01e3c805978aa1"", ""occ_33b495bc8e26754fabfb"", ""occ_33e5e3945136a38d506f"", ""occ_33f67cccac8fe67d0420"", ""occ_33f938e8536c48cddcf1"", ""occ_33fe223805259fa87e02"", ""occ_34df20df5f29c2b270fa"", ""occ_34e8d62462675a08707c"", ""occ_34ec9a7d9f9377891cb5"", ""occ_34f9eba6af0180a52abe"", ""occ_3512ad7d7f083e1abd47"", ""occ_351bd0b5f5523d7bb880"", ""occ_356fdd94476da1f78e21"", ""occ_35939e2fe307e7dbab70"", ""occ_35cab81cea1906225c9c"", ""occ_35dcb6a60be648d7258a"", ""occ_35f9e839d907211de3f3"", ""occ_365de47145815ef30475"", ""occ_3666b8e438ff15321c49"", ""occ_367793db30741bea37e3"", ""occ_367f1338b9452224a99f"", ""occ_368063616d86a0afb0c1"", ""occ_36a5daa2497a3365d934"", ""occ_371b991410ea09fd2d55"", ""occ_37231d669a328419216d"", ""occ_374e8a2a174b0c57ee67"", ""occ_376e617aeeb12b1d6996"", ""occ_37b94f7e2e9d786dddbf"", ""occ_37c346a2ed918195b495"", ""occ_37e784f3f79a92093a57"", ""occ_37f1cbaff20b37f487f0"", ""occ_380b2ca6f3190fbc2e3a"", ""occ_38382cedda861419efe1"", ""occ_38446bb713d9d5db1437"", ""occ_3872b6b20bc1b1e698fb"", ""occ_3877eaca8f9b37f6a122"", ""occ_38ff27212d1cbf67d067"", ""occ_392f9c44b89c52e43a30"", ""occ_3932519cf783b8fa01c0"", ""occ_39b9c336b33336ae77f7"", ""occ_3a1cbe4ae313d5648a27"", ""occ_3a5b78317787c0df432b"", ""occ_3a5da188da069895ded2"", ""occ_3a984ff8916efe75601b"", ""occ_3a999de998d344113bd2"", ""occ_3ab515a64196e28aa67a"", ""occ_3aba6e89dece1dd8989d"", ""occ_3ad7dc96e2f8676ed697"", ""occ_3afab7c34a484a15bb2a"", ""occ_3b1773f40a8471262d8e"", ""occ_3b1b118a755d711fda01"", ""occ_3b49999ede5c79d95261"", ""occ_3ba737a2cee85b57183c"", ""occ_3bd52985d250d9a4589e"", ""occ_3bf11915907038a49036"", ""occ_3bfdd2ae231d7e9f9fd1"", ""occ_3c07175dd04653a7c2b6"", ""occ_3c0f710dd654d884b5b8"", ""occ_3c21b85832a052f09e07"", ""occ_3caf65b7223b5e8f2012"", ""occ_3cbd1f32b0295494d22e"", ""occ_3cf1981483cd7ce24872"", ""occ_3cf8c1d452fcf915aac8"", ""occ_3d0335e0382cd4331a78"", ""occ_3d452b235ac126e13681"", ""occ_3d5ed41bfc1485a95cce"", ""occ_3db04566ee61bb81ed26"", ""occ_3dc2432fcc6a219e6f43"", ""occ_3de829d38e22510e32fd"", ""occ_3e177295003b22fd2a8b"", ""occ_3e6db2677be55e370b2f"", ""occ_3e9ba8c5a0d99e686205"", ""occ_3ea7a24e191cb54da02a"", ""occ_3f44a30b86ac41291f5a"", ""occ_3f45e4242f7030499603"", ""occ_3f50f62c641d5f4d1d41"", ""occ_3f9be081f17b04957301"", ""occ_3fce844d6550aa0de5ac"", ""occ_402bc9e52ea7e2cd4f4a"", ""occ_40511aa845945d7551bc"", ""occ_405242247f1f86516cbb"", ""occ_405f505eff67fa9a416b"", ""occ_40789bf65ff3f4de4559"", ""occ_4093d8b9ccd430199267"", ""occ_40a4f72c44840b71eab1"", ""occ_40f0d57f017733d285f7"", ""occ_4102588c2ce1a88e81a7"", ""occ_4140c4f2e8cbbe8e4599"", ""occ_415e6e05187c1a9543ac"", ""occ_4172cd7fc4ff982579c2"", ""occ_417f25be27acb1d731e7"", ""occ_41991650cfe966928deb"", ""occ_41b16a7ed1745957a1b5"", ""occ_41ede9f0b742277fdd17"", ""occ_41f86824955e1200b053"", ""occ_42228271d102329f5568"", ""occ_42270fde5b7bc07664f8"", ""occ_4236239d9931d939f0e2"", ""occ_423f7ee323add55c8504"", ""occ_4280c37bc358f11473e5"", ""occ_429aa9eef2471e39fb81"", ""occ_42f662dc651d8771a7da"", ""occ_432247fe76b0bfeb1ccc"", ""occ_433a12fcf7abc2261727"", ""occ_4397e786d65db67cb4e6"", ""occ_43a882125d8a676eda6a"", ""occ_43d4ab3eb37d833549dc"", ""occ_43ea39a3b2180ecdba83"", ""occ_43f34e64f44f66eedea9"", ""occ_4417ec1ff60f3a072c01"", ""occ_441c5efa53dd11654cbf"", ""occ_44297043045f106e28a7"", ""occ_4429cc31b5a1292135e1"", ""occ_4469e69d9d9f4c0b7fdd"", ""occ_449791824109d123dafd"", ""occ_44c7d3ae38e538e0f2e4"", ""occ_44c88dd18a587abb4104"", ""occ_44e9c9deea708e9e8de9"", ""occ_4501af487259a6aaef60"", ""occ_4534143a43f45ac6ecc2"", ""occ_453e5aa5d843913ab7c3"", ""occ_458414104770dd8a12cc"", ""occ_459f1c78a82d62f96012"", ""occ_45bfecfaabc998f932b8"", ""occ_46655c2fd126bce1384e"", ""occ_468e1eb0aeb48afb7252"", ""occ_46d441c1a4518533194d"", ""occ_46fdbc7bd77b062c4cc6"", ""occ_46ff7ff5013db4acd713"", ""occ_4705b891ec4f1b0c2376"", ""occ_4766dc66a9ad98c0c8cd"", ""occ_4794172e2959d319c5e2"", ""occ_47a2b988709354720722"", ""occ_47abe73fef1b2a87c19a"", ""occ_47b0c5bb32a20f7b7bba"", ""occ_47f9e4e9cbb86b8ee5b4"", ""occ_48172ca5d7c3ec5b89e9"", ""occ_482efbe722adf91caeaa"", ""occ_48c3f8add467172a9303"", ""occ_4900b414f56cb0d9ca65"", ""occ_49117a132d5ea9e73a00"", ""occ_4913cc6b909b5e0b8673"", ""occ_492c565d9144099c9808"", ""occ_492fcf9855e8780d12a2"", ""occ_494684007bcb61327bf1"", ""occ_495805056050143707de"", ""occ_49656690a1a2cb815d62"", ""occ_4972f499c732eace66a2"", ""occ_49959657a1c5e081869d"", ""occ_49d516b456de04d22cce"", ""occ_49e54c1161223f0f514f"", ""occ_49f249c1b63c96d88861"", ""occ_4a159d3f4aaa98bca2fc"", ""occ_4a75e8a4062012953adf"", ""occ_4aa2a1affc6f84db8999"", ""occ_4ad7eb4930bf688a631c"", ""occ_4adf17e20ae2520439b2"", ""occ_4aec7456bfba2ac55e88"", ""occ_4af4e314486371ea7549"", ""occ_4afbab28ac5feb0a7d1e"", ""occ_4afe444fbbe2af72404e"", ""occ_4b01424483372dab957c"", ""occ_4b1abdff0f9f49fa1928"", ""occ_4b3899db438f51a68286"", ""occ_4b47546c55d54ccc6298"", ""occ_4b5383f69770e2558e56"", ""occ_4b764d0b243bf2ec4e0b"", ""occ_4b81138592cbb273f1f8"", ""occ_4bf65b47033a6e47411e"", ""occ_4c2d9453bba5a03a4ebb"", ""occ_4c852afc46bccc40eb36"", ""occ_4cec91bf0c6462bedf0a"", ""occ_4d2d4f9db1c8b9d09992"", ""occ_4d6f10882d3f32550b4f"", ""occ_4dabe56c632b4fae938e"", ""occ_4df0d750a277ef485a67"", ""occ_4dffa6452b7dd6243dde"", ""occ_4e087f4eb3005c86abd1"", ""occ_4e1fa0644b49fa549953"", ""occ_4e49a98fcc71e34c9099"", ""occ_4e515fccf63d68e118c1"", ""occ_4e52da7c0327aaca6b1b"", ""occ_4e81f2ab79ca4983b10c"", ""occ_4eb4907193381fa3b51f"", ""occ_4ec8aace1430ee94aa91"", ""occ_4ed4793a7e9827e36226"", ""occ_4ee6ac32bb9ab1ccb5d0"", ""occ_4f0ddf91bec6a86b5af7"", ""occ_4f64a1995aa8a2fba8d5"", ""occ_4f6cedd072c9333b4a7d"", ""occ_4fd3202d4dee6813a237"", ""occ_4fd39eb2cc6db3f31b74"", ""occ_502865ab927681fd639f"", ""occ_509553792536780303cf"", ""occ_50cd56baabbc31e2b182"", ""occ_51273a178ac422f43d79"", ""occ_514269e06f1ff6108fa6"", ""occ_514cdcf15513138dc369"", ""occ_51563749b7f7d304ac6b"", ""occ_516cd1b31e4a30050e64"", ""occ_5181ca29fe0220a825cd"", ""occ_51b188439f3a0b4a0379"", ""occ_51d4d923ed702c8eac53"", ""occ_51d956cb190a89ec5c0c"", ""occ_524982194d4a0373eec6"", ""occ_5282f83fd745b180dc96"", ""occ_5285164fba91704749e3"", ""occ_52aa5fb3c15d10a857fd"", ""occ_52e010e9066080ba0561"", ""occ_53210e15ef14fe4734fd"", ""occ_532733b3f9815c7b8485"", ""occ_532d5bef792fa6efea56"", ""occ_5368cb24550d60b8ac3b"", ""occ_536a3e302e9b0bdb9f8d"", ""occ_5390506d9c085bb5858b"", ""occ_53d80ce9e9dbffbfcf8c"", ""occ_5420d368e2d2f6442c76"", ""occ_5470067ff6fe75fec3b8"", ""occ_5488bfe91e02f2dc54cf"", ""occ_5495c642633f9feadc32"", ""occ_54eb589f76588c7b538f"", ""occ_54fb816abc6cb708f042"", ""occ_550f24f56bf9d7aed4c6"", ""occ_55154ab8ed8eb2eafd0e"", ""occ_551f5863ae40bb937146"", ""occ_555f4d32b8ca413d0aab"", ""occ_55e80dfe1f55c9805c8c"", ""occ_5606ba5182fff7648780"", ""occ_560d2512c5be125c26fa"", ""occ_5625f0f9c04395e834d9"", ""occ_56d44c0517c60d87cc33"", ""occ_5704065fbeae46250272"", ""occ_5784422e8b3bec6df9f6"", ""occ_57d1e1f72447e2f352bb"", ""occ_57dc62274079a0d519c8"", ""occ_57ef7464f4dcf0664003"", ""occ_5830ea6fbc62ae3f376b"", ""occ_58378b118b8ae5cc65b4"", ""occ_587db8987d114cef7fa1"", ""occ_591d90ba2ab9d0c5778c"", ""occ_5933abf8498511ef05aa"", ""occ_5952f9515b3c6a07e4d8"", ""occ_59583b56f5d48e8d4cf9"", ""occ_599597893ca3173c4a91"", ""occ_59b848348506442402ad"", ""occ_59e40d6540fe899f09cc"", ""occ_5a63567a5f9679c7ad90"", ""occ_5ae0e4f1be3b78931c92"", ""occ_5ae3cd31edf86063b3dc"", ""occ_5b069f3718f33b47f444"", ""occ_5b09b457da04a8264052"", ""occ_5b4879fa53a63f437f56"", ""occ_5b7e20bff921df86b78b"", ""occ_5bbc8ab86cb201a23503"", ""occ_5bc632b0b7c51d5b11f0"", ""occ_5bcb07a370ffd7f30ebd"", ""occ_5bebd0356f7acf70a7e4"", ""occ_5c05e1437da7c5d16e6f"", ""occ_5c1ec5503b6ba8505ceb"", ""occ_5c6c9c83aac8a20348f3"", ""occ_5c707abca74519a2b6c5"", ""occ_5cd7a7ab8cc8900355c6"", ""occ_5cda6dc64775df2852d3"", ""occ_5cf0d0046ff3dcc0c4ac"", ""occ_5d37ed10186852f26d91"", ""occ_5d762854ca8081b44d3e"", ""occ_5d8cfa246f5f4a9f1cf8"", ""occ_5dcf443d6d46ea2d0877"", ""occ_5dedde5fe7c09bd84609"", ""occ_5e617943da983425e3c8"", ""occ_5e76b2eb81039bbca583"", ""occ_5e7bf230f904ff0b3996"", ""occ_5eaef5fc4bd0fae7960d"", ""occ_5eb3e841b84d785e92f1"", ""occ_5eedcd5c879ea26ed2ed"", ""occ_5f042d84ae320c1bf38f"", ""occ_5f130ffc97b897f1bb65"", ""occ_5f357684d51423b05572"", ""occ_5f3930d7d456a9155636"", ""occ_5f74b96a03120f1594be"", ""occ_5fbe6f2609b0e75fa943"", ""occ_5fe0c37cf1adffcfcc17"", ""occ_5ff71706ef3a93986ae4"", ""occ_60a2cc036fbd1e62b353"", ""occ_60bd50ef428138f20eda"", ""occ_60c84a5e756f03c2d626"", ""occ_60d977dafffe1883588a"", ""occ_60fe965513d0965e3def"", ""occ_6135ff264f314b9cb18f"", ""occ_61c3c30bcc1b05359e3f"", ""occ_6250de44230efdf54c1b"", ""occ_626319aec513dfd14290"", ""occ_6264a402f076a2847307"", ""occ_62aff19f2086e30a008a"", ""occ_62bdfbc411ce5d084e4a"", ""occ_6305f23e171299afb0da"", ""occ_633532212d4a66c96a08"", ""occ_633f612e560f4303ddf7"", ""occ_635fe5b5d086e01e629f"", ""occ_637ee467e61ca88db852"", ""occ_63beab9d47801e8ef189"", ""occ_63ca18ec030964ebade2"", ""occ_63ec8b7e8d252aa3600c"", ""occ_640d6a977cc9efe7f3b7"", ""occ_645ff8242d39d7e8e790"", ""occ_646deeabaad369c1f8e4"", ""occ_647fd989c1cfef78a352"", ""occ_64805b08a7e4e90cca03"", ""occ_648a7b20a6b3c75997ae"", ""occ_648e41fc1957d390eaee"", ""occ_649ccf9190a02c0d488d"", ""occ_64abb13d3e6cfcf4cfbf"", ""occ_64abe2b24f09fd125cf1"", ""occ_657c75c40a77b0bf519d"", ""occ_659babc3962d8c2bfd6e"", ""occ_65b5c520b1c89986f257"", ""occ_65be4d6ce8ce04114903"", ""occ_65beda78d97fd76bb551"", ""occ_65dbc214f7dec70e790b"", ""occ_664fe01c70576ed57ab4"", ""occ_667b985a717b0301eccf"", ""occ_66878f2eb1dce96b0bc8"", ""occ_669d0b750176beb0947b"", ""occ_66ba1d4cdb56aed88ea4"", ""occ_66c03901f7c87bfae1bc"", ""occ_671dbcf615eb6bd53272"", ""occ_672ce4301a3790e11446"", ""occ_6774b9e70bf28544233c"", ""occ_67e44045e91206b087bb"", ""occ_67e9f1d754fc3e4e09dc"", ""occ_67f00d5b58d8f475a302"", ""occ_67f8c268e8427bd9ede3"", ""occ_6803f2725083aee7e158"", ""occ_682a6fd8846fa0dbf58e"", ""occ_685b77ee961adb6b9700"", ""occ_68787126e097c8008856"", ""occ_6897bade207db28fbf17"", ""occ_68a1f285104a06702934"", ""occ_68a258f95c6ac1b3a04d"", ""occ_68bcf7abb7affc6a4cec"", ""occ_68e1baba28c7f4f0ee0c"", ""occ_6912ec23fa9bc5b57f2f"", ""occ_694d109a04efb98d506e"", ""occ_69c429195e863c653d33"", ""occ_69c6ad4da8f786d82fa3"", ""occ_69cae7eb4a9b2f45746f"", ""occ_6a2850eb880f1319c850"", ""occ_6a304e34face639dfd70"", ""occ_6a6d8f011c755ef0edc6"", ""occ_6a8291cfd83ee18f63fe"", ""occ_6a8ab1447b9e7aa2ac00"", ""occ_6ad28d14cfc8c934847f"", ""occ_6b1d61f5b4b2dc09e730"", ""occ_6b65d9947a8c0cce1357"", ""occ_6b7a0d800208e8535a2a"", ""occ_6b8800dd9fd1b4a43802"", ""occ_6bbec1a1fdc8f89585a0"", ""occ_6be98bb8fceb48fec690"", ""occ_6bfff3d7c3ca336cf3ed"", ""occ_6c0012f718ff020cac7e"", ""occ_6c0e9a700602ac792bdb"", ""occ_6c4db8c1c4619ced2a59"", ""occ_6c6d09d0b2da40333468"", ""occ_6c845e9d83c4b913aeff"", ""occ_6c855a195d1bc9cfcee1"", ""occ_6c9b370a9c75eabdeed2"", ""occ_6cce2b55c17ccb608e44"", ""occ_6cecd8e6732667168359"", ""occ_6cff5c20ab861a923350"", ""occ_6d2087aebacfc9a61cea"", ""occ_6d8381c494ad7b42326d"", ""occ_6d85fb9f53e60447276e"", ""occ_6d8f3c354025de3a54ac"", ""occ_6d93dad9cb4993e8b7c6"", ""occ_6d96f1a43983e184c73f"", ""occ_6db7ba0f68a01e50a6ab"", ""occ_6dee6eb0e85d3bd3defd"", ""occ_6e0807c968e9417f55e2"", ""occ_6e387c564386d3ee4c34"", ""occ_6e40f7c8aeaca4b839d3"", ""occ_6e5b6c4f965f766f4b18"", ""occ_6e8b08366bf0dedd25b5"", ""occ_6e93d1daa4ba9dfc144a"", ""occ_6e95ff16c0f5f2abec02"", ""occ_6ebc8c5bfb42646347a7"", ""occ_6ec70f59cbcfd75e4720"", ""occ_6ecd685bed6d0092f164"", ""occ_6f27b6f37e10bacd7bc2"", ""occ_6f36d4a75e3fd32f49d5"", ""occ_6fa3b3645e65784a4601"", ""occ_6fab8a18804707435f4e"", ""occ_6fb23e95626cc7f354be"", ""occ_702c9cc91a5d66490333"", ""occ_7049ceb4bcbe7410a978"", ""occ_70a75bfd558eda79a5c8"", ""occ_70b65c916ffac53a2794"", ""occ_712bdae66dfc633600d3"", ""occ_7140f60a3ea134827341"", ""occ_715f7b37c29ce9e9a28c"", ""occ_71bdffd1dc9f8b1ab511"", ""occ_71db338064f5b88deb25"", ""occ_722c6b891beb19a75e4c"", ""occ_722f66516084a2e77695"", ""occ_723460022909bce5a0d1"", ""occ_724cd837fd13e1eb1508"", ""occ_724f7f8ebf2e7516c3ff"", ""occ_72534c2ba24376e56885"", ""occ_72622088a11baea479d1"", ""occ_72aa51b0930a1e372af7"", ""occ_732a07bf89767c578609"", ""occ_73536c324beeaa046422"", ""occ_735ad52558a5005c5c9b"", ""occ_737bbfb9215aa72adb9e"", ""occ_738b1cf965fef44fc3cd"", ""occ_73a86c5e84e3d81278c4"", ""occ_73aebe0ec4d2328e3e6b"", ""occ_740f9986ae4fdffc99be"", ""occ_741edb38e00c6e1bc8da"", ""occ_741ff5a1d3ad89a0983d"", ""occ_742c994c7aac0ed309c8"", ""occ_743b9d94e3cf23ffba00"", ""occ_7442c4551b6fb1002116"", ""occ_74a81dfc382df7a8156e"", ""occ_74abf9f4dbc7fa43b42e"", ""occ_7562a32c64a48c64cc06"", ""occ_75a2600d9b88a6e1b85d"", ""occ_75a442acb948439d59dc"", ""occ_75b3375573b24502a4cd"", ""occ_75d0316b05fb7596f603"", ""occ_75d88623f11b90116e96"", ""occ_75f37ab14e228162e1a5"", ""occ_75fbbb21cd17ede240f1"", ""occ_7617d235c67884aaa634"", ""occ_761e6627fa2ae3699785"", ""occ_7639132d91e378b367f8"", ""occ_766afd03542557617129"", ""occ_768da348a31aa9e91f34"", ""occ_76cb2be3213bf7e5283b"", ""occ_76e40ef27b189d2c2b20"", ""occ_76f5aa931e2e8239af48"", ""occ_7740c7152775b41e6f80"", ""occ_7749caee70093aa6c577"", ""occ_77a726cf7ca762bbab92"", ""occ_77d7d44a0fcb425a195b"", ""occ_7831b06605e767188302"", ""occ_7845ff6e2cec98ead776"", ""occ_78536644c57ffc150b05"", ""occ_786045a49d0fb9497a23"", ""occ_786f88909d00099672eb"", ""occ_78845e3b0919d99164db"", ""occ_7888bfb540c8f08c53c8"", ""occ_788b232d0d9efe421333"", ""occ_78a70171509c46c5c1ec"", ""occ_78b97e942faec0a6665a"", ""occ_78bcc977866dfdb6fd34"", ""occ_791747d75db8c66cd5cb"", ""occ_7928eb3f079fdb1c282e"", ""occ_794cda8a26ebc5c8e4fc"", ""occ_79660ae082d670d59659"", ""occ_79c397a916be5a9a586f"", ""occ_79f38e6ba64d10180f01"", ""occ_79f8d7ebe5bab193dd30"", ""occ_7a3c0154630ae6d0ef2c"", ""occ_7a444775b5781242f95e"", ""occ_7a68321bb3c746c9ce92"", ""occ_7a96b07f2e276e33ea4f"", ""occ_7aca3e15b5179c7bfc8f"", ""occ_7ade6e9c4d47b200a316"", ""occ_7b131cc6618ced300f34"", ""occ_7b34d113d255ddcc917d"", ""occ_7b3d825cbea1212db30a"", ""occ_7bc2981570681e89485d"", ""occ_7bd3ba23cc468fb348e0"", ""occ_7c4c75f4c4cbac6ef9cd"", ""occ_7c63fa4fce38e0c371c1"", ""occ_7cc7209dda1debe34905"", ""occ_7cd131d83fd159b6a08e"", ""occ_7ce51b62b6cb690cdcf3"", ""occ_7cea9299f1eff805ec5a"", ""occ_7d28fa9d17188b2bf7de"", ""occ_7d5e0b7d31dc388bcf24"", ""occ_7d858f6f9988485e6221"", ""occ_7da994aa1d15010be2de"", ""occ_7dde5e9361218955caa6"", ""occ_7de4b84b8ca0865268a6"", ""occ_7e0b00f79515d9f938fe"", ""occ_7e4379684ab34882f1a7"", ""occ_7e600df93963c990c1c3"", ""occ_7f19c251ba5717fa0201"", ""occ_7f5923a4c30aecd273d3"", ""occ_7f8f1b4f13ecf9767743"", ""occ_7fa0bd26bc712824e3b0"", ""occ_7fa96454339dd7f25954"", ""occ_7fecd164d5ef48b6d78a"", ""occ_8003366f5bd63b3c4bb7"", ""occ_802c1605fa1e66e95789"", ""occ_807d3978d91b61e84957"", ""occ_8080c1ebbd37f0fe0581"", ""occ_80815a686a528a1b7c95"", ""occ_80e4d267cd83a76d2bb3"", ""occ_8111794a9afd7ff5b229"", ""occ_8121b43e9ce0bda5b463"", ""occ_813967ee50dbfbb1018c"", ""occ_814cc1da987535cf7f3a"", ""occ_81662af8f87bfe51eab7"", ""occ_817bc1b15809a8412f2f"", ""occ_81894df0a25b8ec89e4a"", ""occ_818cbae9d8ff3cce107d"", ""occ_819ee3139dae2f045a6d"", ""occ_81b3fd0856c1aa3d092f"", ""occ_81b53861e7365d91a9e6"", ""occ_81dce2875b65a5481d7c"", ""occ_81f62f6494ce5e477a10"", ""occ_8208c840320f169e381b"", ""occ_821297e6b4f2a38bf3c1"", ""occ_822a406f1f0aeee1a513"", ""occ_825ab0af5b5b4d58afc0"", ""occ_826ee08317a8d2cbda4f"", ""occ_828afdcf19078740f148"", ""occ_82994a004df961d68ca4"", ""occ_82d65caff72d9beda3f5"", ""occ_82e400146ef5d357ed35"", ""occ_82eae0c908fa53125137"", ""occ_82ec797c5c4a87522705"", ""occ_83526055742ab90b8b3e"", ""occ_83ed1d7a0db9a6ec1cfd"", ""occ_841183d1cc81aa9ef360"", ""occ_842dd9a79b194845999b"", ""occ_843e8f8835a7ac225e5f"", ""occ_844cde12f34d22342d53"", ""occ_84c5c3d29d5382d9806f"", ""occ_84d1bdcb39f3df199121"", ""occ_850075bf2d4430f43e23"", ""occ_852e3d7f904b96a45c0c"", ""occ_85507c305e469fec8990"", ""occ_855dbc54800e23db1d47"", ""occ_858352597817583d36b6"", ""occ_85a3f3455bb9c862ec1c"", ""occ_85e344e39381efb42bbf"", ""occ_862850cfb39f048848cc"", ""occ_86da4ff18e83ee4d0b30"", ""occ_86e571e2e5707f292577"", ""occ_870b4d9df79a9a32ff33"", ""occ_8718753e6c33186aaa5c"", ""occ_8728ee10a8212f8b829f"", ""occ_872ea9e9160d072abb4a"", ""occ_872ecca43f917ac70c9b"", ""occ_875a4d40526e6efec4e0"", ""occ_877837e1e440f4db2dda"", ""occ_877fa3f49d5ef304645f"", ""occ_87a2bbfdc907a78f0c38"", ""occ_87c2dc78b791e6662bfa"", ""occ_87c485b81c12764b920d"", ""occ_87c87fdac9fc9050614f"", ""occ_87de3a7d53e287224b55"", ""occ_87e543c94be2b8471a50"", ""occ_87ee2d72438e23ef0473"", ""occ_8814f3e90476d419952e"", ""occ_883122959f3e66839cf9"", ""occ_884098e944b66cbd1655"", ""occ_884c1969e446df921731"", ""occ_887025eb74bb8ca27939"", ""occ_888c2450a6dacb4cf118"", ""occ_888f8be3aa88c68b33b5"", ""occ_889b6a3fe2aa447169a9"", ""occ_88b7ffdc0f68b6cd034e"", ""occ_88ccb65fb1134f9c59e5"", ""occ_891f76506c1ba48b4701"", ""occ_8928c61511900583a5b4"", ""occ_892b64d05c18986b5705"", ""occ_893f6d296f28cc855602"", ""occ_8981efac4f4ebedc4779"", ""occ_89a8f9e36779a76e9602"", ""occ_89b7b560b62883eb5a0b"", ""occ_89f95752caba8d187b7a"", ""occ_8a02ae16027d657956de"", ""occ_8ae757e1aa5f1b87370a"", ""occ_8ae9c5fdd86444c1b2f5"", ""occ_8af469452769ee317252"", ""occ_8afe47291c0b70344dfd"", ""occ_8b28dfd8c9a8b1ecbc8b"", ""occ_8b2b7735dc1190c948cd"", ""occ_8b3b432c1bad529256cc"", ""occ_8b3d3aeabcf05a5f3c0b"", ""occ_8b6328de5b3f1419333f"", ""occ_8baf3c53c383353eaad6"", ""occ_8bdae764ea7ef264a0d1"", ""occ_8be7272d353d4a9588c3"", ""occ_8c3337b1ce2f5be4d2e1"", ""occ_8c3ff6ae94b3fd2d659e"", ""occ_8c475ed61fbc97c53917"", ""occ_8c838f09cd6e75fcc18f"", ""occ_8ca0985f894c2bcb6153"", ""occ_8ce8dbe27e028e61b834"", ""occ_8d1199d80818047348f9"", ""occ_8d11cc5ec8640a30080d"", ""occ_8d1af36f85281cdaae73"", ""occ_8d3eedc9db035ac088df"", ""occ_8d6b616e1747f3cd5d43"", ""occ_8d9225d01dc9d6f86995"", ""occ_8da78ab0f6165eaac45e"", ""occ_8ddad1e40df92316512b"", ""occ_8e02ba82dcf0bb98254e"", ""occ_8e13a8f25dd609c83260"", ""occ_8e53d6a0caf53fb6c584"", ""occ_8e8228c544add4edd43d"", ""occ_8eb3d4b5d22cbdbc2eb1"", ""occ_8efc9184f2f666f30434"", ""occ_8f035f517639d1963fab"", ""occ_8f1d724df9309aba9507"", ""occ_8f5b4032af94ee8356d7"", ""occ_8f86ae26f9bc27a1ff9f"", ""occ_8f8dc1cb232239ff8601"", ""occ_8faac0061186854c4fcc"", ""occ_8fb3bab993c46cefa468"", ""occ_8fb459ffe9303ff9fc98"", ""occ_9013280be51e60ba1ebd"", ""occ_901bea06508ba060ed6e"", ""occ_9020cc5f7c9c41eb0a98"", ""occ_9024ce28f54d62dc7278"", ""occ_905fc512a091a86865d8"", ""occ_906b42215a030ba90072"", ""occ_9099e5b8ff7d555a080f"", ""occ_90a6460769b4857ecd51"", ""occ_90b9757955eb103f3004"", ""occ_90d2a2aef57a62e4fa32"", ""occ_911c1c406997e492da67"", ""occ_91248839963136e9eada"", ""occ_916f95ac25ecf898e5f6"", ""occ_91898fbaa4ce618a0aa9"", ""occ_91942db045a8c67fe2f9"", ""occ_91b84c7ca3d0fddc2a53"", ""occ_91dfc04a22097476dd45"", ""occ_922f43709c2a6b1f003b"", ""occ_924d61e88e494d35bd1c"", ""occ_92a0d00a8d971a5b4aa6"", ""occ_92a6e47b90d775fd4bc1"", ""occ_92b984d63fa3a5903cbe"", ""occ_92ca634975533ae20719"", ""occ_92db9443447c6b6a5676"", ""occ_92f6bb1b5ee1ebbbade7"", ""occ_9306357c95ef08b60aa3"", ""occ_934a0f7b0dc24ef212c2"", ""occ_9358b8ebcf3999064790"", ""occ_935b0dab76a46afbb388"", ""occ_937d1b860edb5d31572e"", ""occ_93bfb4d3bf43a0c6f4e0"", ""occ_93da452d0dc4d4d38068"", ""occ_93e22df7c7838a5e4afd"", ""occ_93f2c4f53bab3ca66071"", ""occ_940293393eb608b5cb32"", ""occ_94dbadfa61981484f0c2"", ""occ_94e0795668a9bef021df"", ""occ_94f4f606c51ab3d2cc70"", ""occ_95282b977688266e09c7"", ""occ_9535d8eb24ab50bc4a2c"", ""occ_956df3cac99f8013a1ab"", ""occ_959087db05873114e59e"", ""occ_95b7b6fc8d9b7c370758"", ""occ_95b92bd88d73f4926565"", ""occ_95cf91172bbf39f9b3d0"", ""occ_964145d47bc4d985d4c4"", ""occ_9643064a4035efcf326a"", ""occ_96457e88ddf8f4c80eb1"", ""occ_9663118595d179f56e9c"", ""occ_96cea69a3f918c10fbcf"", ""occ_9725ab0ec58c3ec449b5"", ""occ_974761a7bdcebcc5a50e"", ""occ_9775cb8a72dc0918924b"", ""occ_97a37b7507ebb1b5608b"", ""occ_97ddfe9bdc1bc3fd75a6"", ""occ_98450cd745151e978e70"", ""occ_986175cdc2538be5a2b4"", ""occ_98b93a73c1aa40a9c881"", ""occ_98e741cc124694dab36e"", ""occ_996b46f17d06499bee5c"", ""occ_99cd4a198111edcae8d3"", ""occ_99d08f36d485356d1bdc"", ""occ_99fda620f232203d49b9"", ""occ_99ff528d00c035dfc6ad"", ""occ_9a062f568e829a233897"", ""occ_9a281b1a75fd31426f14"", ""occ_9a297ede49c0333b117b"", ""occ_9a38f56adbcca5711cb4"", ""occ_9a3fb6c7c30234acff2e"", ""occ_9a6d39a075fbf1a672c8"", ""occ_9a7d8ae3133fc9496fea"", ""occ_9a9ce6157c073332a232"", ""occ_9aadc167a0b2e91e3331"", ""occ_9ab1399a157645c6a454"", ""occ_9ac95afc7e2856db4f49"", ""occ_9b5eb15c32bd06a6cf86"", ""occ_9b7e31a55d9edd00281b"", ""occ_9b9542717e80bba6efef"", ""occ_9bd8fd5a13d7edafd8ee"", ""occ_9c72f338f2d0d6ae6805"", ""occ_9c77a95a1ba4de8da638"", ""occ_9c7aac279d8d1a214689"", ""occ_9c9c5896ebabdbdda773"", ""occ_9c9eb8a394d936138781"", ""occ_9ca08d8828d82f517a2d"", ""occ_9ce422c70e405bc06884"", ""occ_9d056f602859ac589dce"", ""occ_9d10c49cba18028d05c7"", ""occ_9d3baa27f3e8fc9ec00d"", ""occ_9d4435dd77f5b06f2532"", ""occ_9d51c5c2085938ecf95e"", ""occ_9d9dbfdb6c23916f8cd1"", ""occ_9e108b5bd357307ab554"", ""occ_9e72b8e0166b41855024"", ""occ_9e7e27c291e3ecf113a4"", ""occ_9ec80cac3e7333eaa221"", ""occ_9ef99a949817a5b5d26f"", ""occ_9efff9c6840f56a3dba8"", ""occ_9f2ae65995f867dcade8"", ""occ_9f436459a67a588adba9"", ""occ_9f47830a3aa00dc78d5d"", ""occ_9f8c2eb5c5399c16fb63"", ""occ_9fb8e4365139caf1c130"", ""occ_9fd004fcdeb6c2349a17"", ""occ_9fdb7ee999bf9325e0b8"", ""occ_9fee4ff730a0fe776b1c"", ""occ_a01de55fac86a637e5d7"", ""occ_a0564de99ba2c80daa62"", ""occ_a0a645637b23d431afe4"", ""occ_a0aeaf42845bfdb9d27b"", ""occ_a12c05658d8fb66f329a"", ""occ_a1311df9276c5e53be85"", ""occ_a1505f5094b92eb21268"", ""occ_a1b46078c56f910ef5d5"", ""occ_a1bc5bc82767c4d79305"", ""occ_a1ebf8e305526ba8a73f"", ""occ_a225bf43468e14a7bb50"", ""occ_a294c41f88ef13e5bdd7"", ""occ_a2fcca61c6c0d7243458"", ""occ_a393176ba6fd5b296580"", ""occ_a3b1d3028051acb5c31c"", ""occ_a3dcb4f4f1caa3a9952f"", ""occ_a3eeee40f19383c90028"", ""occ_a3f456d0a964f0e3e5e8"", ""occ_a405e5f255afc15b3044"", ""occ_a444fd39dfe0b934be7f"", ""occ_a46fec49739b18d943ef"", ""occ_a47aea9a1fcce5f8921f"", ""occ_a49767ba41956f920070"", ""occ_a4da4e4e1d3c161cab46"", ""occ_a504655af434fa4abe45"", ""occ_a50fca42674e85f9a13a"", ""occ_a5138488513ca7ceba3e"", ""occ_a526ba938a76f46faeb3"", ""occ_a56d6f9c73b711093442"", ""occ_a58bcdb01b35102e0237"", ""occ_a59f3337d4740348f43d"", ""occ_a5aae62de80b89ddb2e6"", ""occ_a5ef94fd7e2004bf36a1"", ""occ_a61d35ea80ec5b3bd629"", ""occ_a621eca9c78d1d293a2c"", ""occ_a62aca83ab1c01f1c31c"", ""occ_a62b22d19c3fb4d4ccb4"", ""occ_a68f8d3260c75d25e30a"", ""occ_a69aee359e131a0bfdda"", ""occ_a69f41c91d78d8199ba4"", ""occ_a6ca61f76e45c82110aa"", ""occ_a6e65f225d6ba3ba7896"", ""occ_a6f6ff1154209118062d"", ""occ_a70332abc7f474e35cfa"", ""occ_a76c6ad61ee38160cc62"", ""occ_a78877835c93ee3d4602"", ""occ_a78b89a6fa1d6588b04c"", ""occ_a7caf4e634235ff14398"", ""occ_a7eb64f4b9404b728e36"", ""occ_a837842afe8b9021d9cb"", ""occ_a846e384b24cd5801904"", ""occ_a8830538a70150e71b42"", ""occ_a8c12ec39f5ddb3afe30"", ""occ_a8cd01fb5271bd57b924"", ""occ_a8e4ab0c652524861fe6"", ""occ_a8ea9f897e058e7b6af9"", ""occ_a9062a3324a762f7400a"", ""occ_a95bf8d74a75e8b76251"", ""occ_a97c19b81ccecdafd8c8"", ""occ_a995c1c3feb5d7b38a82"", ""occ_a9b4375642572495ccf8"", ""occ_a9b916a7f03213ea2eee"", ""occ_a9dbc9b29d39353ac8bb"", ""occ_a9e15927df275aa9412e"", ""occ_a9f4a030545d4fffde59"", ""occ_aa1c569ce62ae869e007"", ""occ_aa2e6bed43214c74ac4b"", ""occ_aade8dfb076de748b97b"", ""occ_ab0676e3519fd933f5c4"", ""occ_ab0cd951c7024af726ab"", ""occ_ab330f9d3668387ee2ab"", ""occ_ab3a0aec73c4b936d2f5"", ""occ_ab7b6f438298092926d3"", ""occ_ab7f66b92322d5c34eb1"", ""occ_ab94bb3514bb5ee864d8"", ""occ_abace147d054e1c20f23"", ""occ_ac7d163b0470d6becc58"", ""occ_ac9800eed3f24cd3d35c"", ""occ_aca7c95c9212ce898952"", ""occ_acf1b35e8b549b204687"", ""occ_acf57cdfef1f9c443b0e"", ""occ_ad3ed33351d579b1f6be"", ""occ_ad3f8aebbcf7038a1f8e"", ""occ_ad48abac94e7b241faff"", ""occ_adc516da064fa710a514"", ""occ_adf2cb5e62e9a95179b6"", ""occ_ae1339d3d8cf18c77b47"", ""occ_ae22f6286965c8be78ca"", ""occ_ae6937636f8bb0f482fb"", ""occ_aeb124afd1daa1d9e20f"", ""occ_aedfbd259a59c8cd43a1"", ""occ_aee6c60a692b6dfdf357"", ""occ_aef17e683b2130a18c05"", ""occ_af07dfd132934be866a6"", ""occ_af0e3bc3b52a742212d8"", ""occ_af3c59ee374a8ccc399d"", ""occ_af58ea485b1842122cbd"", ""occ_af70e53ba292662f3e72"", ""occ_af917d1923b24fbf9ecb"", ""occ_af9d6696853e5317426a"", ""occ_afb3a5186391f26a7e51"", ""occ_affc99c4350e37e651db"", ""occ_b026f069d4dfc7cf5589"", ""occ_b06507576d7067083d8d"", ""occ_b0747f89d5e7271b4328"", ""occ_b076a644ee6402f85551"", ""occ_b0e9fc65e2626403f58a"", ""occ_b0f77cd03eb9d989e7bf"", ""occ_b118fbe01cc7bf034be8"", ""occ_b11defc93520fcf132d0"", ""occ_b12141650e67efa78751"", ""occ_b139ae5d9670816bb5a4"", ""occ_b16b13d0ca81cf992942"", ""occ_b18f5bbb63bf48e864c3"", ""occ_b1d40d35e1f1c017a6ff"", ""occ_b23203f9404dd151cc7d"", ""occ_b26333c3609358fbfeb0"", ""occ_b29308e61b3153b9ac24"", ""occ_b2cd2600ef89de098ce0"", ""occ_b302aad04d0456d0bb67"", ""occ_b3187e667fafd453a4e4"", ""occ_b3c9f7eac8886827e565"", ""occ_b3d0fb4590c25f0fedd5"", ""occ_b43b4980d1a334357121"", ""occ_b45c6f4ceed73da45561"", ""occ_b46a10642a1c7bd84129"", ""occ_b4941f4f4bd59121b222"", ""occ_b4b189f1f65b55758862"", ""occ_b4b2f4d46be47b09a3b2"", ""occ_b4b8258964e4d1c80866"", ""occ_b5728a2e3720e954c0ca"", ""occ_b58716d93397de70d98e"", ""occ_b5f3e61d321ffbedf8db"", ""occ_b695d752f454faadc980"", ""occ_b6b28e7bedea0d04cdca"", ""occ_b6b39b8b0472063d2ad0"", ""occ_b6cb0da6c831f517ffca"", ""occ_b6fd9dde24fa8e4ff435"", ""occ_b7188347b39c97dee68f"", ""occ_b7509b30a0c7e6581dae"", ""occ_b79c31bda3e1c8a9f6b1"", ""occ_b7e9a01f9740653d80c9"", ""occ_b8077b44cd8fcfdbc768"", ""occ_b8360858761d7b2ebb51"", ""occ_b867d9d7b5f61b698cab"", ""occ_b86d5aa953ba0f6d004e"", ""occ_b89e8fa6a3c9cf853f1a"", ""occ_b8cc97c3b16c9d769de4"", ""occ_b9612345eb46b0d82f37"", ""occ_b985288e712ff9483367"", ""occ_b98ed08cb0f19e68aea9"", ""occ_b990b944f7eb836d9f76"", ""occ_b9cbbbc62a9f131e884b"", ""occ_b9de45b8fd700fbd2d95"", ""occ_ba3ee12551d25d521840"", ""occ_ba4d7e5471870a3183a7"", ""occ_ba6fabf072ea4ba793d5"", ""occ_ba8f6438d5832ea17690"", ""occ_babdd70acedebc3087e2"", ""occ_bac502c0dd759a02ea57"", ""occ_bb1ebc8797cdaae02b91"", ""occ_bb4dd7949b93548bb6ae"", ""occ_bb712fb9a8f03f731859"", ""occ_bbcb41faf1e534c05b64"", ""occ_bbf17ef4abe8d65cff8c"", ""occ_bbf6890480e05bb8552b"", ""occ_bbfdbf9cc2924f381ea5"", ""occ_bc0c04829543a0b0f621"", ""occ_bc360e534e1aadbe294c"", ""occ_bcad23ce463d5cbe1883"", ""occ_bcbcece02560853fc5f5"", ""occ_bd199d917bf60c904c5e"", ""occ_bd2366a56e4cb84bef2b"", ""occ_bd379b444fa9c6de8ebe"", ""occ_bd4d85e2d019593a68ed"", ""occ_bd621d87309e2ec6b999"", ""occ_bd8c309ba80f8282929c"", ""occ_bd8ee23cabc8afab8f96"", ""occ_bdfc84c3e517d2ca2364"", ""occ_be1bade6075e631436d8"", ""occ_beb8ac95a84cea249087"", ""occ_bed0b746424ed3151a9b"", ""occ_bf182b8e0a0a2a32a405"", ""occ_bf2a37aafd1d8074ce03"", ""occ_bf40703f0c1a9d0bf4c6"", ""occ_bf557490b5e6d4c1a8c4"", ""occ_bfb3bc831bfd8dd484bf"", ""occ_bfb3eee2631a6ab3e256"", ""occ_bfd40a626f5042baf3f3"", ""occ_c013e457f842b5a0f3cd"", ""occ_c032ea7eb84a310a8238"", ""occ_c04f6bde259001dafce4"", ""occ_c0afc7eb50cbdd5690df"", ""occ_c0f89ceb990b88069b61"", ""occ_c10b99e995896336db36"", ""occ_c11a38d58b99ba45604d"", ""occ_c12632e436c9145300ed"", ""occ_c12c56b87d2e0b22439f"", ""occ_c238892bfdd0f5fe6971"", ""occ_c26d9b3bd2b2fcdc6ebd"", ""occ_c26e23208b8e96cde7ee"", ""occ_c27fad7f4f8a890d50f0"", ""occ_c2aae4162902ecef3f62"", ""occ_c2c906a07a56d3291a6e"", ""occ_c33218d19f88b46a8734"", ""occ_c338f75cedab67560e97"", ""occ_c3414f1e6f10007fd193"", ""occ_c349d3a32a1cd8d58e18"", ""occ_c358bd7f9acd84f34c29"", ""occ_c372a0247d5b9d1eba5a"", ""occ_c39cadf8f888770ef7ec"", ""occ_c3b60e5b5c8ab84d5a38"", ""occ_c3f477ea6464e2a49c5e"", ""occ_c3faf1d64d6002404214"", ""occ_c41e21dd84a0872b13c2"", ""occ_c43e0e725af58d7278d6"", ""occ_c48c05930b3874588de0"", ""occ_c48ffcb90b98f43d5fee"", ""occ_c495f7c427511ad92a1f"", ""occ_c4ccfb5e871d8e41e27c"", ""occ_c4d017bf07bd779cd21f"", ""occ_c4e23896dcd2ea7ee3d8"", ""occ_c4f20cf129b83c4f92b9"", ""occ_c50890e5f31ea516876e"", ""occ_c51c813902ed03f30f6b"", ""occ_c5224f343f3b24642827"", ""occ_c525670987451e56c3e5"", ""occ_c57f164156ef38ca099e"", ""occ_c592b4a44f1e3a794430"", ""occ_c59794f5e4f38fb4e513"", ""occ_c5b36a0d85fd699b63ef"", ""occ_c61d3656ea67ab621319"", ""occ_c63ac3cbd039cb99a7b8"", ""occ_c65877e3a77a573b22f3"", ""occ_c68ef65e3a2db5e8056e"", ""occ_c6b62852f9cd4c3f60af"", ""occ_c6e5f0065b8c3cbd82c7"", ""occ_c6e73076049f0c9eb551"", ""occ_c6f44e0a0ec365ddcbf2"", ""occ_c6ffc4d222f8a353e8eb"", ""occ_c72c3027dc8ecfbf7184"", ""occ_c734fac3ba97176f8274"", ""occ_c7403089379d2e17c2f4"", ""occ_c7588d89f760b6d8f000"", ""occ_c773789e0a77ab4750a3"", ""occ_c791d0e300e12ada53e1"", ""occ_c79315b6daba70f39343"", ""occ_c7cb49978ce302d6f02e"", ""occ_c8020a9976f81430d76e"", ""occ_c805ae51047f22305e19"", ""occ_c827f92c880af979de42"", ""occ_c88beab4e02c86f16ceb"", ""occ_c897319171fccc8129ce"", ""occ_c8a17fc74a701bab926f"", ""occ_c8d10c88fd6f8c24cf41"", ""occ_c91d760b8ad6111bde7e"", ""occ_c92ae74e9424c9e43911"", ""occ_c949e618b76eb2f25a38"", ""occ_c94dad256f26a8735207"", ""occ_c9c311e6236556eb0c6d"", ""occ_c9cb2b799f0c3720d763"", ""occ_c9d44285a7e46ff5688f"", ""occ_c9eb44a65420b8db2624"", ""occ_c9f21a01da5dd2b81588"", ""occ_c9f4576961049679b097"", ""occ_ca02132f6aeae7d285b4"", ""occ_ca18f657d0affa82aa8c"", ""occ_ca19bef091139c7c5e99"", ""occ_ca878cfddc0d632eb87a"", ""occ_ca8d9538c1178c988d19"", ""occ_caa49ac673dc89609f3c"", ""occ_cab205d6365983874d8f"", ""occ_cb4019978612a93c5e65"", ""occ_cb50c606af195c608098"", ""occ_cbe7c95e428016105a4a"", ""occ_cc95cc70a6eb9ccd8642"", ""occ_ccc1976f404076438b05"", ""occ_ccc36d59c971cd623162"", ""occ_cd2c4f901419da77f36d"", ""occ_cd5668c4fdf8719c9535"", ""occ_cd782bd3435f57346cf4"", ""occ_cd7d91ab8445c2663a92"", ""occ_cd9c43674541118ee7fe"", ""occ_cd9f66ef85d7398139c6"", ""occ_cda6d3b89cd35dc5abd4"", ""occ_ce06d77556d31b1e08a7"", ""occ_ce11395191f22f3612be"", ""occ_ce167ca64ba2499e0b4b"", ""occ_ce4b8943b4acb1f6ebbe"", ""occ_ce7866913d4fa12be5bd"", ""occ_ce967ce6c6951a5e199b"", ""occ_ce995644b24a5f0cb32d"", ""occ_ceab04d401af1638530c"", ""occ_cec40f594c23a18ce1bc"", ""occ_ced8094d1579d3e71c36"", ""occ_cef07ffa8620c1680520"", ""occ_cef6ea190cb1894a9aac"", ""occ_cf045f5b75e96cf7fe5c"", ""occ_cf0597a45b53805592a7"", ""occ_cf72b873fb45d3282f18"", ""occ_cfb0f291099d9b4dc960"", ""occ_cfcdb857b61d0d045666"", ""occ_cfd9fd7a8d5a616b16cf"", ""occ_d0179e2489ab240ab3a5"", ""occ_d01de7fa0701f5dbb692"", ""occ_d02d560fa7d67faf2583"", ""occ_d068e8de29ceca2ac913"", ""occ_d0776dc5200f888857bd"", ""occ_d087a2df92a8bf7005b3"", ""occ_d0986d5b7db6f6169bd8"", ""occ_d0bac0243bb205be0069"", ""occ_d0d307296452f7cf335c"", ""occ_d0faeb8da8435c297575"", ""occ_d133365dedeeefb3cf4a"", ""occ_d139fa3f43265ab18b85"", ""occ_d171e9e41c6587401dd0"", ""occ_d1d681eaa511cbe71617"", ""occ_d1f42ec3c97a0b9f8aae"", ""occ_d26b844eee5b06e24889"", ""occ_d3082aa3fe9199884f0b"", ""occ_d30fd319d13356e1c86d"", ""occ_d366813aa71de90a38ce"", ""occ_d38d17bfb0466974968d"", ""occ_d38dec419ff2f904e1a7"", ""occ_d38fb7056d1de5340cd6"", ""occ_d3a01036003c8d6133e4"", ""occ_d3ad58a49155a5ee8df5"", ""occ_d3d3109d710eb08e0752"", ""occ_d3f7fb97783bdf1d6ffa"", ""occ_d3fef72907c1ee794f1f"", ""occ_d43bf011e4eb7e91115d"", ""occ_d43c9d75da207a2941d3"", ""occ_d4708634c7290edd6490"", ""occ_d47d6756af31b40b36bf"", ""occ_d4cc44ce185d1aa5643d"", ""occ_d506a04166b7b7a30053"", ""occ_d52243c71089c894e5d9"", ""occ_d52abc7e535fb8cc92ee"", ""occ_d5637f46919afae6f5b6"", ""occ_d5700cb586f9e8317b44"", ""occ_d5bd011d3e0a795efaa3"", ""occ_d5d1846f384464c3e8e3"", ""occ_d6370c4a047c443a757b"", ""occ_d63ff55bcb2018635ba6"", ""occ_d666b788fd6adc27a623"", ""occ_d674e4bfded39ea3fad1"", ""occ_d689a3438b7373cee7d2"", ""occ_d6915a567518b1d5f892"", ""occ_d6d6afaa60b3fe382a9d"", ""occ_d708c50dec535642888e"", ""occ_d7191c1b1a0391c1cd93"", ""occ_d7710161b4d615ac6fff"", ""occ_d793837f9a15318a12a2"", ""occ_d7a951ed55326b86e99b"", ""occ_d7c0e31020bc61b15e66"", ""occ_d7db72be5fe37d2138e4"", ""occ_d80664d02fe931d2f3a9"", ""occ_d8d7e62d4bd33f247210"", ""occ_d911987b01a93a2c4cbe"", ""occ_d92baa412abcc59fb407"", ""occ_d937667bb7e858af2eb4"", ""occ_da1a13689eb71902e8ac"", ""occ_da53ed359414c92e9119"", ""occ_da8fd8124b9c9db5139f"", ""occ_da904d4d3eb653f2a650"", ""occ_da96a5681f36b4758a0f"", ""occ_dad49abeeb00689fc9de"", ""occ_db278075066da787fbd3"", ""occ_db2e076835d3403f0625"", ""occ_db300b4cf884c3eb3877"", ""occ_db598db0d42b84692502"", ""occ_db8df4ac675b3f2b0c67"", ""occ_dbbaf36eb374bc37df70"", ""occ_dbc9169e47f50488c7cb"", ""occ_dc1d7bd58a20fb055693"", ""occ_dc234fd38e612219f374"", ""occ_dc296c67d040ff27ade2"", ""occ_dc2a08e910cce24e4451"", ""occ_dc4cc10f2d7313cbd070"", ""occ_dc4f36f9db34727e8e89"", ""occ_dc5f0e2f24b43b8020df"", ""occ_dc6fb0a3b9c7f11d03c5"", ""occ_dc9afccdef7185c07c28"", ""occ_dca467ce04ed5b510061"", ""occ_dcdc694a3f18c1032f37"", ""occ_dce220f69a68ebb8dfa8"", ""occ_dce407fb157398e4d18a"", ""occ_dd4452d3d1b2b825345a"", ""occ_dd6999a41262c062e03c"", ""occ_dd8340b93bc8db8ebd01"", ""occ_ddb0e67c746b06e86706"", ""occ_de42d798b101664f8d69"", ""occ_de434f172195d37987ba"", ""occ_de6346ebf33cd04ab697"", ""occ_de7b1cebcaec3dbad7d3"", ""occ_de8d769e57c7846851db"", ""occ_dedfdad90c974773cdb2"", ""occ_deeed80fef83016916df"", ""occ_df0e5005e03f280512dd"", ""occ_df110ffacaf1ed44eb66"", ""occ_df12f3e2d56d989dd15f"", ""occ_df19d309ba108dc44498"", ""occ_df2cfb2cddb236579877"", ""occ_df8572ae9c9daea73792"", ""occ_dfd2b30365f212f23777"", ""occ_dfe35315f13276c54850"", ""occ_dfead6e1f9311fed5d1a"", ""occ_e04aa38161cb9677a1d2"", ""occ_e04efe64dfe1edb40aeb"", ""occ_e0643e16cff4aff16260"", ""occ_e075b1cd5c468634a2b9"", ""occ_e07acc2d79b7979d938c"", ""occ_e0883716649eb824ee20"", ""occ_e092b538b9becd25dc1f"", ""occ_e09e66dfc6791402bb55"", ""occ_e0bc55602470a1e86109"", ""occ_e0c22e16ef26830ae787"", ""occ_e0cdaf49b0a201de649d"", ""occ_e0dcb17e2428e1539b50"", ""occ_e0e8b0dfc11d5e2b51d3"", ""occ_e1294874995d78c2e50b"", ""occ_e1343ed68fd930444974"", ""occ_e167b4c8f410abce98bd"", ""occ_e1a3fe704a2b5e4f0654"", ""occ_e1bd225273b16a8666ef"", ""occ_e1d695698135b7cc1b98"", ""occ_e1d801014ca7c1db4f2a"", ""occ_e24906c1171f3894f8bb"", ""occ_e28cb7c13c69d267e192"", ""occ_e290d3d836f127461ec3"", ""occ_e2a245fac695ae30d34d"", ""occ_e2ce4815d6f3ddfaf9a6"", ""occ_e317fc14a0459e7f17f1"", ""occ_e322ce43cc082e6da157"", ""occ_e37cf90b58e46dc895b6"", ""occ_e3c68baada08c0940f14"", ""occ_e496d1e0e29f70357dce"", ""occ_e50319225154fcf315df"", ""occ_e50ede4a5299ae022e97"", ""occ_e521db4c1b1b415430da"", ""occ_e53032df7ab694226c51"", ""occ_e532fe9d533fa6e40137"", ""occ_e545b0e065bec1dd5a6e"", ""occ_e57a8bcbf6550b4dc7d4"", ""occ_e5822b30fb5c04af0d3d"", ""occ_e5bc1dd655bb46d479be"", ""occ_e5dbd974eb29865d930c"", ""occ_e642bc719b26c0b90456"", ""occ_e66f253ec5a5ddc35312"", ""occ_e690714b906dbf8b35be"", ""occ_e692deea18fc96e34b29"", ""occ_e6adf6fd87f7dc4f897e"", ""occ_e6f4749933c695d3e0f2"", ""occ_e6f6a1665000c0e6dccd"", ""occ_e70a23637f16b5545457"", ""occ_e75a676cbf1f0c5576e2"", ""occ_e762ad13434c454b0230"", ""occ_e763ade9a4dbbe9f3b08"", ""occ_e777f499bd4f794d93ff"", ""occ_e7a4f26cd4881359c42e"", ""occ_e7da5a52d9c83b015908"", ""occ_e85ff111118122ec4d11"", ""occ_e8a59173a5a1c2c5b0f9"", ""occ_e8d94053a2a10deac3d2"", ""occ_e8dd8a64582a3939cc6b"", ""occ_e910062670303947fb29"", ""occ_e970dbe3a23ccb6d1fc0"", ""occ_e9919ff00942a582a427"", ""occ_e99f8575ed43467ca0cd"", ""occ_e9a4b07163c80efa9ca9"", ""occ_ea1777340238b3b75dc0"", ""occ_ea29febf080c4481d4ed"", ""occ_ea6369f0de5bc37999b6"", ""occ_eab978447c3175e97cef"", ""occ_eac06ab5ed819eddc4ac"", ""occ_eae347e830ba6884e0bb"", ""occ_eaf7c89b910e80366e51"", ""occ_eb9d6cef002430b4836e"", ""occ_eb9eb514d16e7fb4e06f"", ""occ_ebcf8481be71f376bc53"", ""occ_ec0c8a92b73ec18fd3c5"", ""occ_ec1e3ca4cd41dea10c0a"", ""occ_ec8b95f56ecdfe5afdd6"", ""occ_eca730a87480db4fd342"", ""occ_ecb8ba4dcfec48b1fba8"", ""occ_ecdfd95526c8b988e5fe"", ""occ_ece4872b5e1513d2ef03"", ""occ_ed3215a2e33cf20f4cdf"", ""occ_edf34da7a5c0649a7c4f"", ""occ_ee38b47cf8737d14dc3f"", ""occ_ee9d0e03ce2d3e854fd2"", ""occ_ee9d4e9d5f7e87bd9e8e"", ""occ_eeb3626e736893b5a575"", ""occ_eee026e0b8ee1efa50d8"", ""occ_ef1303b7f09e7ae051a0"", ""occ_ef17432e6248dbb5f11c"", ""occ_ef3dd118f8d31664d825"", ""occ_ef4192ce2439022d0d60"", ""occ_ef60fcdb78d2e8e9aca8"", ""occ_ef7af65cbf12105b4821"", ""occ_ef9f544091a49891fe2d"", ""occ_efad9924666a52c5a1ac"", ""occ_efae4463ad696dd52b0b"", ""occ_eff7e85099431134cc8a"", ""occ_f021763818a3d98e90cb"", ""occ_f04aa81d65d32856ee2e"", ""occ_f04d53db96f1375c5d4b"", ""occ_f0507439de4902132198"", ""occ_f089e40868944313b9bd"", ""occ_f09d4e4c4fb159760d1d"", ""occ_f0d2e25c37d4ced81f23"", ""occ_f0d56668cd30c3ac9939"", ""occ_f1671f45a00e7da02bc5"", ""occ_f16eefe8bada4322154d"", ""occ_f174b2d36c3ea4b5ba4f"", ""occ_f1827bc977cb89f01f39"", ""occ_f18434288629d3fd3e13"", ""occ_f19963dbe84885d3a5be"", ""occ_f19fd77644cf5fdcc58b"", ""occ_f1d81afb14b12368105b"", ""occ_f1e25a53adda69bc72ff"", ""occ_f205f3dfc8ee73bdca49"", ""occ_f20826a6ac212b4383f2"", ""occ_f238e57dc5e849651bfb"", ""occ_f24fd2c448bba42633a5"", ""occ_f26d73c473f6daf86347"", ""occ_f279a6b96a4d70a7fd36"", ""occ_f295d94e27afceaba1a6"", ""occ_f2b46412deafc65c299e"", ""occ_f2c683a735ca5fb0555c"", ""occ_f2e6a83aed31d6082359"", ""occ_f2f0ade3ef998fcde1c8"", ""occ_f2f4895e31af8471a72c"", ""occ_f39b106b829e28424f46"", ""occ_f41c5dddfe81ba012b96"", ""occ_f42960980354de38a96f"", ""occ_f43be2303ee3438cf73f"", ""occ_f45e15c55e01ecc85a5a"", ""occ_f4778a49dca050f30320"", ""occ_f4a8cd283679ff07a3c0"", ""occ_f4d4491270386a6d1048"", ""occ_f4e9cfbe0c195c5658de"", ""occ_f509ae440158d67b2dfd"", ""occ_f52f647e58817fe389c2"", ""occ_f530cc04c24874723b6c"", ""occ_f568faedfd04727e3fa4"", ""occ_f57e47499bd05abcdf1b"", ""occ_f591314eb04f6abdefc2"", ""occ_f5aee59273dcfc00110c"", ""occ_f5ed0c7ea913457c7f2b"", ""occ_f5ff0718d4c81e6637fb"", ""occ_f60b7f54c9d78d1e033f"", ""occ_f61b2100b3dcfb246ea6"", ""occ_f62bfd26ee1db598ea25"", ""occ_f65b421bf12e34528051"", ""occ_f781c3b831d8b82983d2"", ""occ_f782089c196032a78b7c"", ""occ_f7af25bb5f0c27a5dfe5"", ""occ_f7b04ae1dbd979778a66"", ""occ_f7b1698a417ed413ca3c"", ""occ_f7d7b5804a3399728a1d"", ""occ_f8240d0abff6885c60a5"", ""occ_f836462469310cd2544a"", ""occ_f84963256e4d10bb216b"", ""occ_f86ac610cfcfe0fc6a80"", ""occ_f8a5099e46bb47692fa7"", ""occ_f8babb89c67fdbf68dfd"", ""occ_f9237fb60479f480bb93"", ""occ_f96df450abec4d356758"", ""occ_f96f800a51d15a70aab8"", ""occ_f97102f8c116aa522df1"", ""occ_f98abb5670337f2251a6"", ""occ_f99c8930539605c0c995"", ""occ_fa0ff73140a5e5bd4c71"", ""occ_fa4f99e595aa37f35e05"", ""occ_fa84bbd64a182f14d955"", ""occ_fae2fa8cfb376726959a"", ""occ_fafd8b4f59090522fe1a"", ""occ_fb051b50fefef60c7572"", ""occ_fb2929a409c21ae5e6c2"", ""occ_fb4978333cac0182d073"", ""occ_fb67e3b9212ccaba5256"", ""occ_fba297f8b9a8675be9a9"", ""occ_fbb43ea23b6b7e0c5e98"", ""occ_fbb925e5dbad35a5d695"", ""occ_fc3adb4790d7d16a16cc"", ""occ_fc953f3453b2ae8f9de3"", ""occ_fc9fec5a863e485e1dd2"", ""occ_fcbf398c443508c98fee"", ""occ_fd44894edba41397bbb4"", ""occ_fd97f84b471df3d77d79"", ""occ_fe005ed2ee8867c9519d"", ""occ_fe2ebfd2739f232ad426"", ""occ_fe63a07f0bc24fe23f51"", ""occ_fe837133409ee6dfd3cb"", ""occ_fecc685e1a5a7c437f02"", ""occ_fee340b3e74014d5e570"", ""occ_fef467b87ec08e6bea7f"", ""occ_ff16d66247cf28e88363"", ""occ_ff1dec1bda80a0575aed"", ""occ_ff468cc05100e592aa2b"", ""occ_ff4bdbeebf788c899454"", ""occ_ff61ced63c51d9564d7d"", ""occ_ff713a3c5f7984cb1d49"", ""occ_ff747267e847c43cb331"", ""occ_ff95aa6e9fc9a37e912c"", ""occ_ffab9f6f4acec8dc8c68"", ""occ_ffda91476f8bb43cfdc0""]",run_d0d5415dcc5fdcae1cb4
term_530529d1837e6d6f27f8,Unit of measure\Time,dimension_name,0.98,semantic-hybrid,True,metadata column name evidence,"[""occ_08f702f9e770f7dddb5c"", ""occ_1a3ea5b255432f314371"", ""occ_1b278a21186ef16ef055"", ""occ_316abfd0c0c3fe70604a"", ""occ_36e93d473580f2d0e06e"", ""occ_3efd3963e95a631556d9"", ""occ_4424a1b3c354850a2127"", ""occ_47956d613996147dff93"", ""occ_48a53736a343d2276c32"", ""occ_5608e9842a914dbdbe3e"", ""occ_657596feeeb41e35f320"", ""occ_82eff950396ec1d574cb"", ""occ_84dc8979c6f4aed9b3db"", ""occ_8913557361f637175e39"", ""occ_8f7d341d904029edfd9f"", ""occ_96dfc47024dd78fbf81a"", ""occ_add86187809da8a742f9"", ""occ_b4a5fb6b76585e1052ca"", ""occ_c1cbc3e5f81e7e00de80"", ""occ_c581a75a147a33943f78"", ""occ_c8bd7807c0b34939cf60"", ""occ_ca237359b4272fde3af0"", ""occ_d2442f028d52fcc4cd1f"", ""occ_d81eb718f4f0f818ad71"", ""occ_fbed66a74f8d63dad7f6"", ""occ_fde74c28c4f1b511b1fd""]",run_d0d5415dcc5fdcae1cb4
term_423c5ad4919364f6f289,Usage of the trademark,dimension_name,0.98,semantic-hybrid,True,metadata column name evidence,"[""occ_4ae392ea528d159a02da""]",run_d0d5415dcc5fdcae1cb4
term_a04e0cf7b414f48b273d,Vehicles,dimension_name,0.98,semantic-hybrid,True,metadata column name evidence,"[""occ_0ce810f255a3c5749f9e"", ""occ_0f99a9029553def47aa4"", ""occ_1ce65ff39e3e81cce446"", ""occ_40d4fb2ccf342cad3380"", ""occ_4dd9d87acc59088e98ae"", ""occ_546fcdd8ef124b7f0b2e"", ""occ_57932e30029f669865ec"", ""occ_626655fbf40be86bbc82"", ""occ_65315d7da2510f88f5a3"", ""occ_7dc179bb8a57d3a1d7f5"", ""occ_860d75067dbaf400c689"", ""occ_8cf3973c73e26d1da6ca"", ""occ_9cfec87c3634333c5e72"", ""occ_b223f82e2f2448cafce9"", ""occ_b5b320abcbc4adc0db65"", ""occ_b77dacf54d66e041d9cf"", ""occ_cff2a09e3f19f65ac3eb"", ""occ_d48bafb263e78d219112"", ""occ_e1af1539edb52ebf31a4"", ""occ_e56e27950042f568a242"", ""occ_e91c06fd4c6523fb0401"", ""occ_ec29f6336372f78e6465"", ""occ_f1cd5142bf1b9f5da214"", ""occ_ff39817dc89a24a1c742""]",run_d0d5415dcc5fdcae1cb4
term_a5f1d7bf2a0690b7a564,Victim - Yes/No,dimension_name,0.98,semantic-hybrid,True,metadata column name evidence,"[""occ_1300080c5b819f2aaa98"", ""occ_472da1b33868bb35fbf5"", ""occ_ad7b08e62168d67888bf"", ""occ_dc049c38fb93685a9b77""]",run_d0d5415dcc5fdcae1cb4
term_4f32d8ef13baa4b5d18d,Waste categories,dimension_name,0.98,semantic-hybrid,True,metadata column name evidence,"[""occ_0f227bc26941923d1b26"", ""occ_15d02b3758122713cd80"", ""occ_27f1512120175b4cb34b"", ""occ_2b5fb9a60f933951a744"", ""occ_644d872dfca174420e61"", ""occ_64b4749e7cabb7cb891a"", ""occ_a3c20bc6733e7fac2b4a"", ""occ_ca93c51b03db87eb84f1"", ""occ_d5ebe55f0fa9b4d417b6"", ""occ_f40e8fa5e57dece9cfbf"", ""occ_f5094293d50c3b11be99""]",run_d0d5415dcc5fdcae1cb4
term_740d0b4463ddfba70b1a,Waste management operations,dimension_name,0.98,semantic-hybrid,True,metadata column name evidence,"[""occ_0798b70e659d95c2bee4"", ""occ_0c884600285f5dd37cb8"", ""occ_20013b7c161c804aaf86"", ""occ_2edb48444a9518c5ac49"", ""occ_31aa314e248b2ef9255d"", ""occ_5060fd7fa5f5626b5607"", ""occ_7c2414192413146e7ef1"", ""occ_80125ed419785f566126"", ""occ_8eac622ba392412035c6"", ""occ_e454f73be49d5c8606aa"", ""occ_e6b233929c92d1072840"", ""occ_ec7c78815f8abef378bb""]",run_d0d5415dcc5fdcae1cb4
term_12b6fe00b42a46c2dfd3,Wastewater treatment plant parameters,dimension_name,0.98,semantic-hybrid,True,metadata column name evidence,"[""occ_fedc8547f9413eebaef9""]",run_d0d5415dcc5fdcae1cb4
term_ead646d8da2f94e2c85d,Wastewater treatment plants,dimension_name,0.98,semantic-hybrid,True,metadata column name evidence,"[""occ_462e8527b626e37bf93a"", ""occ_6925f230fcd237406194"", ""occ_fe5061b6c4161fdadc7c""]",run_d0d5415dcc5fdcae1cb4
term_1af7c42bcd323afe50a2,Water pollutants,dimension_name,0.98,semantic-hybrid,True,metadata column name evidence,"[""occ_939277eb0e2d925d612a"", ""occ_aa7e5a451a002cbd05c7""]",run_d0d5415dcc5fdcae1cb4
term_05df9ba1fef67c0fb87c,Water process,dimension_name,0.98,semantic-hybrid,True,metadata column name evidence,"[""occ_13ff5265c4497f9bf683"", ""occ_71525d9f76ed5c595942"", ""occ_9855fdb9760f13957940""]",run_d0d5415dcc5fdcae1cb4
term_0c4d695dbc984871e36d,Water process\Time,dimension_name,0.98,semantic-hybrid,True,metadata column name evidence,"[""occ_299be70c4e0e3f022bfa""]",run_d0d5415dcc5fdcae1cb4
term_09d625df5c9f2deff3fe,Water sources,dimension_name,0.98,semantic-hybrid,True,metadata column name evidence,"[""occ_272e8e41e10b8aebd94c"", ""occ_765819e3015518d56467"", ""occ_ed868d9a43443d5423ab""]",run_d0d5415dcc5fdcae1cb4
term_a39a6acb2002731a43a0,Weight,dimension_name,0.98,semantic-hybrid,True,metadata column name evidence,"[""occ_110a93f9187445d48a81"", ""occ_2f3c790a6b75a79a337b"", ""occ_31212362784497b8ac61"", ""occ_3d98dc494d912e921ef0"", ""occ_3d9d5f315e677f9a4a02"", ""occ_4cc2c95f1b48f9b70def"", ""occ_53d34ce5ac7c0d4dc0dc"", ""occ_a26a0b470ae6603290bf"", ""occ_de0a29f51022d4c1948d"", ""occ_fa1d1155190a75218f85""]",run_d0d5415dcc5fdcae1cb4
term_9243e87884071f209e28,Wine-grape vine variety,dimension_name,0.98,semantic-hybrid,True,metadata column name evidence,"[""occ_06d07803b2218524092f"", ""occ_978406bf7e1fe52fc92a""]",run_d0d5415dcc5fdcae1cb4
term_20ae6b0d6615cf91e581,Wood products,dimension_name,0.98,semantic-hybrid,True,metadata column name evidence,"[""occ_9a07d0cfd05f60078640""]",run_d0d5415dcc5fdcae1cb4
term_d9a5fd7553477a38da72,Work assignment,dimension_name,0.98,semantic-hybrid,True,metadata column name evidence,"[""occ_25e87c3dbc98ce4553ed""]",run_d0d5415dcc5fdcae1cb4
term_d731179dfd82f856d049,Work experience during studies,dimension_name,0.98,semantic-hybrid,True,metadata column name evidence,"[""occ_aad3c9ada6fc7a0188e7""]",run_d0d5415dcc5fdcae1cb4
term_d70a26d3676d90607413,Work intensity,dimension_name,0.98,semantic-hybrid,True,metadata column name evidence,"[""occ_6c592d803f690a74c69e"", ""occ_888f0095bbbb9d8844cb"", ""occ_e4948860dedb2c9c20c2"", ""occ_fa52db421e54aaa86c9c""]",run_d0d5415dcc5fdcae1cb4
term_be0c4ce475da3a61e9c7,Working time,dimension_name,0.98,semantic-hybrid,True,metadata column name evidence,"[""occ_270da143ac9b62a25528"", ""occ_2728b8efbec3781a4e5f"", ""occ_42868bebff9402e45bf3"", ""occ_46a8ac92355c45993219"", ""occ_49dd3f4b11dd695fb908"", ""occ_4a7d88c6ea9c36678af3"", ""occ_7d25cfa9cc993f683c88"", ""occ_89b77f1891f951cd83c1"", ""occ_bfe472a7ba296b2bf8e3"", ""occ_cb30fb2dedb8ea59c47a"", ""occ_cfc954aaf1f88b5638ec"", ""occ_eefd4b5ea0713ea529a2"", ""occ_f34be015782eab3fcf64"", ""occ_f59e4066c3b1703e975d"", ""occ_f93f99a33e59999ba146""]",run_d0d5415dcc5fdcae1cb4
term_152aae799500dc23986a,Working time flexibility,dimension_name,0.98,semantic-hybrid,True,metadata column name evidence,"[""occ_d4e88e7e9aaef62224db""]",run_d0d5415dcc5fdcae1cb4
term_f7a1ce8244b84966cb7a,Workstation,dimension_name,0.98,semantic-hybrid,True,metadata column name evidence,"[""occ_9cda8e065c3798aed239""]",run_d0d5415dcc5fdcae1cb4
term_59766278330b215e0b88,Year of construction,dimension_name,0.98,semantic-hybrid,True,metadata column name evidence,"[""occ_54c0a2bc377f7235127e"", ""occ_6c69ffd7b056a762d6bf""]",run_d0d5415dcc5fdcae1cb4
term_5a270f3a14bd04ad5095,Yield curve,dimension_name,0.98,semantic-hybrid,True,metadata column name evidence,"[""occ_04f4e98ba60d063c0636"", ""occ_1d0ec2ef832a5db5e52f""]",run_d0d5415dcc5fdcae1cb4
term_d2156866c70e01565743,yn_arope,dimension_name,0.98,semantic-hybrid,True,metadata column name evidence,"[""occ_d4eefbc38b66aa6d24d7""]",run_d0d5415dcc5fdcae1cb4
