term_id,canonical_term,category,confidence,variant,protected,evidence,occurrence_ids_json,run_id
term_87d243722416b23f4ead,(from onwards),measure,0.72,local-hybrid,False,title-only term treated as likely measure; local model skipped because gold labels are pending,"[""occ_29cccaa06d21d5708875""]",run_cf189fe93ed005701355
term_795d25e8b6c54379ddd5,", former methodology and source",measure,0.72,local-hybrid,False,title-only term treated as likely measure; local model skipped because gold labels are pending,"[""occ_bf153b8a3d93b560533c""]",run_cf189fe93ed005701355
term_ab3c37b577fa08ced3bc,1 year % change,measure,0.72,local-hybrid,False,title-only term treated as likely measure; local model skipped because gold labels are pending,"[""occ_5fa1a4cb94b9039ffccb""]",run_cf189fe93ed005701355
term_1ed2f162bdb963ce207c,10 years' maturity,measure,0.72,local-hybrid,False,title-only term treated as likely measure; local model skipped because gold labels are pending,"[""occ_e80bd024438a9b3e1246""]",run_cf189fe93ed005701355
term_b3a442d30ab2641f8068,3 years % change,measure,0.72,local-hybrid,False,title-only term treated as likely measure; local model skipped because gold labels are pending,"[""occ_e148d7eedf70c8d2f45f""]",run_cf189fe93ed005701355
term_a4a393bb61b7f0f6fddd,3-month rates for euro area countries - annual data,measure,0.72,local-hybrid,False,title-only term treated as likely measure; local model skipped because gold labels are pending,"[""occ_b9c3629eb1f24a5668c5""]",run_cf189fe93ed005701355
term_2808cfa62187fc77b830,3-month rates for euro area countries - quarterly data,measure,0.72,local-hybrid,False,title-only term treated as likely measure; local model skipped because gold labels are pending,"[""occ_717417f544311c7e2700""]",run_cf189fe93ed005701355
term_5b4a11bda5ff152083c1,3-month-interest rate,measure,0.72,local-hybrid,False,title-only term treated as likely measure; local model skipped because gold labels are pending,"[""occ_3a9cacb66d29707d8d4b""]",run_cf189fe93ed005701355
term_f8c505b3f6f0c83553c4,5 years % change,measure,0.72,local-hybrid,False,title-only term treated as likely measure; local model skipped because gold labels are pending,"[""occ_592efdb2bece15d3bbbe""]",run_cf189fe93ed005701355
term_868bc16ff6f147794967,60+,measure,0.72,local-hybrid,False,title-only term treated as likely measure; local model skipped because gold labels are pending,"[""occ_dd1edf1fe0b4f9be25f8""]",run_cf189fe93ed005701355
term_7cc56cdd57e2059af64f,= 1,measure,0.72,local-hybrid,False,title-only term treated as likely measure; local model skipped because gold labels are pending,"[""occ_784a12dadb4f8b03f3ab""]",run_cf189fe93ed005701355
term_c6b62adcbff51d6e3318,Abortion indicators,measure,0.72,local-hybrid,False,title-only term treated as likely measure; local model skipped because gold labels are pending,"[""occ_7f86c47fe89b1ac1682d""]",run_cf189fe93ed005701355
term_83bd4b19bfdc9cabd920,Access to basic services and housing,measure,0.72,local-hybrid,False,title-only term treated as likely measure; local model skipped because gold labels are pending,"[""occ_22106fef2574bc8c95ee""]",run_cf189fe93ed005701355
term_12d00fdb10c7d1e9aac5,"Accidental injuries at work in, by sex",measure,0.72,local-hybrid,False,title-only term treated as likely measure; local model skipped because gold labels are pending,"[""occ_8025a456a3f04a595130""]",run_cf189fe93ed005701355
term_20d6b4a1cc5307075745,Accidents in waterway transport,measure,0.88,local-hybrid,True,title evidence with measure lexical cue; local model skipped because gold labels are pending,"[""occ_5f8eb80b7e42c67847f1""]",run_cf189fe93ed005701355
term_2c16cafab319d30eed0d,Accidents involving the transport of dangerous goods,measure,0.88,local-hybrid,True,title evidence with measure lexical cue; local model skipped because gold labels are pending,"[""occ_84ff46631dc99865b39e""]",run_cf189fe93ed005701355
term_0f8f9cf7bf3053d8d92c,Accidents involving the transport of dangerous goods - annual data,measure,0.88,local-hybrid,True,title evidence with measure lexical cue; local model skipped because gold labels are pending,"[""occ_c24aa35c783b7a70c4e9""]",run_cf189fe93ed005701355
term_187ed41fa5539b31e8a0,Accommodation establishments,measure,0.72,local-hybrid,False,title-only term treated as likely measure; local model skipped because gold labels are pending,"[""occ_e8d189efa81a942a8ec3""]",run_cf189fe93ed005701355
term_7495099c6cc5f1bd9f7e,Acquisition of citizenship,measure,0.72,local-hybrid,False,title-only term treated as likely measure; local model skipped because gold labels are pending,"[""occ_8194039a0c7b05153a73""]",run_cf189fe93ed005701355
term_d6c7c89a6a8c6a833f4e,Activity rate by sex,measure,0.72,local-hybrid,False,title-only term treated as likely measure; local model skipped because gold labels are pending,"[""occ_c20dd715681f403bd58d""]",run_cf189fe93ed005701355
term_3787d825baa06f85e93b,Activity rates (aged 15-64) by sex,measure,0.72,local-hybrid,False,title-only term treated as likely measure; local model skipped because gold labels are pending,"[""occ_8acc28a326bb7a635f76""]",run_cf189fe93ed005701355
term_5cdd46954bb17460a674,Activity rates (aged 15-64) by sex - ENP-South countries,measure,0.72,local-hybrid,False,title-only term treated as likely measure; local model skipped because gold labels are pending,"[""occ_b7046a1bd79da4129e9f""]",run_cf189fe93ed005701355
term_1b53d5d34fb4a47b7fbf,Activity rates by sex and age,measure,0.72,local-hybrid,False,title-only term treated as likely measure; local model skipped because gold labels are pending,"[""occ_82c12ef9de64be7ac6ff""]",run_cf189fe93ed005701355
term_88ed5c725bfb8e77ac73,Activity rates by sex and age - ENP-East countries,measure,0.72,local-hybrid,False,title-only term treated as likely measure; local model skipped because gold labels are pending,"[""occ_2345011573fef5484ba4""]",run_cf189fe93ed005701355
term_766fd9b0b8551f7a0059,Additional indicators,measure,0.72,local-hybrid,False,title-only term treated as likely measure; local model skipped because gold labels are pending,"[""occ_6c058490ef8dbb9bc44c""]",run_cf189fe93ed005701355
term_28537334be6786e5aad6,Adjusted gross disposable income of households per capita in PPS,measure,0.88,local-hybrid,True,title evidence with measure lexical cue; local model skipped because gold labels are pending,"[""occ_6881f8db1e6783273eaa""]",run_cf189fe93ed005701355
term_fecd3f8e4c2245ae4fd6,Adult participation in learning by sex,measure,0.72,local-hybrid,False,title-only term treated as likely measure; local model skipped because gold labels are pending,"[""occ_f90885515ebe5152498a""]",run_cf189fe93ed005701355
term_a9de94cae9218e50d61e,Age at which the person first received an old-age pension,measure,0.72,local-hybrid,False,title-only term treated as likely measure; local model skipped because gold labels are pending,"[""occ_7280adf8115f2429a078""]",run_cf189fe93ed005701355
term_2ca597d6e0a8b3ffc00e,aged 15-24,measure,0.72,local-hybrid,False,title-only term treated as likely measure; local model skipped because gold labels are pending,"[""occ_fa67050651d5261f50cf""]",run_cf189fe93ed005701355
term_34d9b8f6d377416f1704,aged 16-74,measure,0.72,local-hybrid,False,title-only term treated as likely measure; local model skipped because gold labels are pending,"[""occ_d506d2a7c51bb5840c54""]",run_cf189fe93ed005701355
term_582f24c1faf1a41fa181,aged 18-24,measure,0.72,local-hybrid,False,title-only term treated as likely measure; local model skipped because gold labels are pending,"[""occ_a2df3ab9fec75187e244""]",run_cf189fe93ed005701355
term_02871a4901c6034352a8,aged 20-24,measure,0.72,local-hybrid,False,title-only term treated as likely measure; local model skipped because gold labels are pending,"[""occ_aa64f9fcb3042268300e""]",run_cf189fe93ed005701355
term_e42f354dfbda797ba8e3,aged 20-64,measure,0.72,local-hybrid,False,title-only term treated as likely measure; local model skipped because gold labels are pending,"[""occ_2644ce8bbb296de97cfd""]",run_cf189fe93ed005701355
term_10d59761023be38b8850,aged 25 and over,measure,0.72,local-hybrid,False,title-only term treated as likely measure; local model skipped because gold labels are pending,"[""occ_90cf8f329ee13f92793b""]",run_cf189fe93ed005701355
term_e31633cd3a720ad25cb6,aged 30-34,measure,0.72,local-hybrid,False,title-only term treated as likely measure; local model skipped because gold labels are pending,"[""occ_f1e4e700309accf4f1a8""]",run_cf189fe93ed005701355
term_3b8e500f20f36afa9c7a,Aggregate propensity to consume by activity status of the reference person,measure,0.72,local-hybrid,False,title-only term treated as likely measure; local model skipped because gold labels are pending,"[""occ_ba53b890eeee33c7675f""]",run_cf189fe93ed005701355
term_3e69ae651db583624d1b,Aggregate propensity to consume by activity status of the reference person - experimental statistics,measure,0.72,local-hybrid,False,title-only term treated as likely measure; local model skipped because gold labels are pending,"[""occ_cf024061ee2bec2e1bd5""]",run_cf189fe93ed005701355
term_6e6df122f6e934424fbb,Aggregate propensity to consume by degree of urbanisation,measure,0.72,local-hybrid,False,title-only term treated as likely measure; local model skipped because gold labels are pending,"[""occ_2b75ea3f8fd612808d5a""]",run_cf189fe93ed005701355
term_c5b6d6213a3f115d6a9f,Aggregate propensity to consume by degree of urbanisation - experimental statistics,measure,0.72,local-hybrid,False,title-only term treated as likely measure; local model skipped because gold labels are pending,"[""occ_f180017307a33a10d664""]",run_cf189fe93ed005701355
term_4ee1b5aed0491a1293ae,Aggregate propensity to consume by household type,measure,0.72,local-hybrid,False,title-only term treated as likely measure; local model skipped because gold labels are pending,"[""occ_39d5b7a7040a37267a59""]",run_cf189fe93ed005701355
term_1b8a9e7e2d011c43ca72,Aggregate propensity to consume by household type - experimental statistics,measure,0.72,local-hybrid,False,title-only term treated as likely measure; local model skipped because gold labels are pending,"[""occ_a88ff5ff99af0105140e""]",run_cf189fe93ed005701355
term_a8771db3c5fdeaea7553,Aggregate propensity to consume by income quintile,measure,0.88,local-hybrid,True,title evidence with measure lexical cue; local model skipped because gold labels are pending,"[""occ_616aa8c25c99e165c992""]",run_cf189fe93ed005701355
term_dd253336ca9a867f3b27,Aggregate propensity to consume by income quintile - experimental statistics,measure,0.88,local-hybrid,True,title evidence with measure lexical cue; local model skipped because gold labels are pending,"[""occ_a4e221b90422d82503e1""]",run_cf189fe93ed005701355
term_49b35e242f34c712bca5,Aggregate replacement ratio,measure,0.72,local-hybrid,False,title-only term treated as likely measure; local model skipped because gold labels are pending,"[""occ_cdadb34165cfe4a13b8b""]",run_cf189fe93ed005701355
term_d159d1d70a676d86fe50,Agricultural holdings by age of holder,measure,0.88,local-hybrid,True,title evidence with measure lexical cue; local model skipped because gold labels are pending,"[""occ_726d8889cfebd40daa92""]",run_cf189fe93ed005701355
term_0d7a0d04c0ce32966ea7,Agricultural holdings by agricultural area,measure,0.88,local-hybrid,True,title evidence with measure lexical cue; local model skipped because gold labels are pending,"[""occ_c38b2bc7b944ae703531""]",run_cf189fe93ed005701355
term_f2c0c07a0e4bc0b204b8,Agricultural holdings by economic size of the farm (Standard Output in Euro),measure,0.88,local-hybrid,True,title evidence with measure lexical cue; local model skipped because gold labels are pending,"[""occ_c18647d5b6e2c327c671""]",run_cf189fe93ed005701355
term_6cc6165729f5e7f40aea,Agricultural land prices by region,measure,0.88,local-hybrid,True,title evidence with measure lexical cue; local model skipped because gold labels are pending,"[""occ_bcbc12880e327229b93e""]",run_cf189fe93ed005701355
term_0e0b3810707546d985d4,Agricultural land prices by region - historical data,measure,0.88,local-hybrid,True,title evidence with measure lexical cue; local model skipped because gold labels are pending,"[""occ_59a1b38faa076944e27d""]",run_cf189fe93ed005701355
term_6f2b02206af9e587fed1,Agricultural land renting prices for one year by region,measure,0.88,local-hybrid,True,title evidence with measure lexical cue; local model skipped because gold labels are pending,"[""occ_b502bcbbaf60dfc40750""]",run_cf189fe93ed005701355
term_e422348de0704bae21cd,Agricultural land renting prices for one year by region - historical data,measure,0.88,local-hybrid,True,title evidence with measure lexical cue; local model skipped because gold labels are pending,"[""occ_ebf8ee6cf6827b54e82c""]",run_cf189fe93ed005701355
term_91ab15d8f699b278f32c,Agricultural real factor income per annual work unit (AWU),measure,0.88,local-hybrid,True,title evidence with measure lexical cue; local model skipped because gold labels are pending,"[""occ_290d9af57d60d8afff06""]",run_cf189fe93ed005701355
term_fabbf309b5c9703c961b,Air emissions intensity of manufacturing,measure,0.72,local-hybrid,False,title-only term treated as likely measure; local model skipped because gold labels are pending,"[""occ_c0a28b49c0b51461bed8""]",run_cf189fe93ed005701355
term_0b8b296439cb337c826f,Air emissions per sector and per gas,measure,0.72,local-hybrid,False,title-only term treated as likely measure; local model skipped because gold labels are pending,"[""occ_caa66e7b41abe09aaea1""]",run_cf189fe93ed005701355
term_0b214cfd73ab25abb7b2,Air passenger transport,measure,0.88,local-hybrid,True,title evidence with measure lexical cue; local model skipped because gold labels are pending,"[""occ_dbe8630067864741131e""]",run_cf189fe93ed005701355
term_d2e804e762d250d07c7c,Air passenger transport - ENP-South countries,measure,0.88,local-hybrid,True,title evidence with measure lexical cue; local model skipped because gold labels are pending,"[""occ_e18b0094bfae1db46a18""]",run_cf189fe93ed005701355
term_01ceb5bfb9f76fe220a1,Air pollutants,measure,0.72,local-hybrid,False,title-only term treated as likely measure; local model skipped because gold labels are pending,"[""occ_c5af2177f4c3d72928da""]",run_cf189fe93ed005701355
term_42177d50c64f623cdb2e,Air pollutants - ENP-South countries,measure,0.72,local-hybrid,False,title-only term treated as likely measure; local model skipped because gold labels are pending,"[""occ_9efc05c75873704a1689""]",run_cf189fe93ed005701355
term_7dcf76b37479e12f0002,Air transport equipment,measure,0.88,local-hybrid,True,title evidence with measure lexical cue; local model skipped because gold labels are pending,"[""occ_215a5c27247ae0959741""]",run_cf189fe93ed005701355
term_45c3f1dcec8bf74b3b4e,Air transport equipment: number of aircrafts,measure,0.88,local-hybrid,True,title evidence with measure lexical cue; local model skipped because gold labels are pending,"[""occ_b87c63555869d8ad8405""]",run_cf189fe93ed005701355
term_34fd33d58a573e6288b3,Air transport infrastructure,measure,0.88,local-hybrid,True,title evidence with measure lexical cue; local model skipped because gold labels are pending,"[""occ_bef24e4c730c5c40193a"", ""occ_c2eaa3df2fb570f24e56""]",run_cf189fe93ed005701355
term_c9079f249b58f620e9c3,Air transport infrastructure: airports,measure,0.88,local-hybrid,True,title evidence with measure lexical cue; local model skipped because gold labels are pending,"[""occ_61433ee08508aab3cf02""]",run_cf189fe93ed005701355
term_6a711696e7225f1e4d10,Air transport infrastructure: length of paved runways,measure,0.88,local-hybrid,True,title evidence with measure lexical cue; local model skipped because gold labels are pending,"[""occ_925a8090aef9cf593847""]",run_cf189fe93ed005701355
term_a0016567b77ecdefeda9,Air transport of freight by NUTS 2 region,measure,0.88,local-hybrid,True,title evidence with measure lexical cue; local model skipped because gold labels are pending,"[""occ_4b18c857edf585bd0b1c""]",run_cf189fe93ed005701355
term_1051834513fa48bf6daa,Air transport of goods by country (yearly data),measure,0.88,local-hybrid,True,title evidence with measure lexical cue; local model skipped because gold labels are pending,"[""occ_c0379189e032bbd7b5e1""]",run_cf189fe93ed005701355
term_b13910a22b73184ff80d,Air transport of passengers by NUTS 2 region,measure,0.88,local-hybrid,True,title evidence with measure lexical cue; local model skipped because gold labels are pending,"[""occ_80c810cee45b9eef33ea""]",run_cf189fe93ed005701355
term_b847033074daa0b60a7d,Air transport traffic,measure,0.88,local-hybrid,True,title evidence with measure lexical cue; local model skipped because gold labels are pending,"[""occ_4aa6f94bbfaa1c18ec90"", ""occ_63edd6d461b2f5e6985e""]",run_cf189fe93ed005701355
term_54d9b1f4afa97eb30220,Air transport traffic: freight and passengers,measure,0.88,local-hybrid,True,title evidence with measure lexical cue; local model skipped because gold labels are pending,"[""occ_61baae140b30501bd880""]",run_cf189fe93ed005701355
term_50eb0e42cf2464964ee5,Air transport traffic: number of aircraft movements,measure,0.88,local-hybrid,True,title evidence with measure lexical cue; local model skipped because gold labels are pending,"[""occ_15235f7eadcbb0d732e6""]",run_cf189fe93ed005701355
term_a52cc10a56ea0e78039e,alcohol and tobacco,measure,0.72,local-hybrid,False,title-only term treated as likely measure; local model skipped because gold labels are pending,"[""occ_c9ae8d86d051e6c9af39""]",run_cf189fe93ed005701355
term_3803c95b9947ba6223e1,all items excluding energy,measure,0.72,local-hybrid,False,title-only term treated as likely measure; local model skipped because gold labels are pending,"[""occ_1f5ec951bb1b04a57d30""]",run_cf189fe93ed005701355
term_5698354106cbe74e4d8e,all items excluding energy and seasonal food,measure,0.72,local-hybrid,False,title-only term treated as likely measure; local model skipped because gold labels are pending,"[""occ_aa48f74ce5187bc3e26f""]",run_cf189fe93ed005701355
term_560f12dfd8e3ad534a31,all items excluding energy and unprocessed food,measure,0.72,local-hybrid,False,title-only term treated as likely measure; local model skipped because gold labels are pending,"[""occ_fdd3ba46aa2be8942b38""]",run_cf189fe93ed005701355
term_919161fc0ea6f7d167cf,"all items excluding energy, food, alcohol and tobacco",measure,0.72,local-hybrid,False,title-only term treated as likely measure; local model skipped because gold labels are pending,"[""occ_ee63b37ceba8749356f6""]",run_cf189fe93ed005701355
term_3afa3e33bc2cf13f6983,all items excluding tobacco,measure,0.72,local-hybrid,False,title-only term treated as likely measure; local model skipped because gold labels are pending,"[""occ_f70a133daddf15039719""]",run_cf189fe93ed005701355
term_e7a61b07373085649f64,All valid permits by reason on 31 December of each year,measure,0.72,local-hybrid,False,title-only term treated as likely measure; local model skipped because gold labels are pending,"[""occ_f5bfae2a0184c9e49330""]",run_cf189fe93ed005701355
term_a1d39b0f58f58885ef03,Ammonia emissions from agriculture - % of total emissions,measure,0.72,local-hybrid,False,title-only term treated as likely measure; local model skipped because gold labels are pending,"[""occ_882800b86d9b13304757""]",run_cf189fe93ed005701355
term_feeae59fed81b26edebb,Animal output,measure,0.72,local-hybrid,False,title-only term treated as likely measure; local model skipped because gold labels are pending,"[""occ_5ad42204572a367bad32""]",run_cf189fe93ed005701355
term_26408b77200929d0bb01,Animal output - basic and producer prices,measure,0.88,local-hybrid,True,title evidence with measure lexical cue; local model skipped because gold labels are pending,"[""occ_6549f7bc0dcda2e57410""]",run_cf189fe93ed005701355
term_558f4a8e9de234d081fa,Annual aquaculture production,measure,0.88,local-hybrid,True,title evidence with measure lexical cue; local model skipped because gold labels are pending,"[""occ_4d8acd97f439c40b7cca""]",run_cf189fe93ed005701355
term_de9b03884237b6ceb33d,Annual aquaculture production - live weight in tonnes,measure,0.88,local-hybrid,True,title evidence with measure lexical cue; local model skipped because gold labels are pending,"[""occ_fcaa402cca294d319fd3""]",run_cf189fe93ed005701355
term_bb7a0f845ad17bd3215c,annual average indices,measure,0.72,local-hybrid,False,title-only term treated as likely measure; local model skipped because gold labels are pending,"[""occ_62d242d2cc728dfbdf7e""]",run_cf189fe93ed005701355
term_341a9ebda75b91944a33,annual averages,measure,0.72,local-hybrid,False,title-only term treated as likely measure; local model skipped because gold labels are pending,"[""occ_066b44808229e28d5343""]",run_cf189fe93ed005701355
term_2b56b911965ec45abd9f,Annual captures of fish,measure,0.72,local-hybrid,False,title-only term treated as likely measure; local model skipped because gold labels are pending,"[""occ_9aa6dd724c9827093391""]",run_cf189fe93ed005701355
term_29f19de7cd079bdd4bd8,Annual captures of fish - live weight in tonnes - by fishing areas,measure,0.72,local-hybrid,False,title-only term treated as likely measure; local model skipped because gold labels are pending,"[""occ_7304687dba7724f4692f""]",run_cf189fe93ed005701355
term_08daf5eebc86334e6fe1,"annual data, % of GDP",measure,0.88,local-hybrid,True,title evidence with measure lexical cue; local model skipped because gold labels are pending,"[""occ_3e5c42e73bd5cea2180a"", ""occ_c006a3a2460023ad6287"", ""occ_c78582a4f145279e743e"", ""occ_de3aff5226c3d24a831f""]",run_cf189fe93ed005701355
term_e012724b204aae25aa07,"Annual earnings by economic control (enterprises with 10 employed persons or more) - NACE Rev. 1.1, C-O excluding L",measure,0.72,local-hybrid,False,title-only term treated as likely measure; local model skipped because gold labels are pending,"[""occ_c94abc9b32199422b4ee""]",run_cf189fe93ed005701355
term_ee434dbf13471413f354,"Annual earnings by quantiles and contractual working time (enterprises with 10 employed persons or more) - NACE Rev. 1.1, C-O excluding L",measure,0.72,local-hybrid,False,title-only term treated as likely measure; local model skipped because gold labels are pending,"[""occ_a9541be8948de5ab587f""]",run_cf189fe93ed005701355
term_829f1b3991a76eed59c6,Annual freshwater abstraction by source,measure,0.72,local-hybrid,False,title-only term treated as likely measure; local model skipped because gold labels are pending,"[""occ_0739f76ee508a2e039af""]",run_cf189fe93ed005701355
term_6e1776b5ebfea29c4600,Annual freshwater abstraction by source - ENP-South countries,measure,0.72,local-hybrid,False,title-only term treated as likely measure; local model skipped because gold labels are pending,"[""occ_d8a3cb2fdd069ea54eff""]",run_cf189fe93ed005701355
term_fbbc91e806db4f982f57,Annual net earnings of a full-time single worker without children earning an average wage,measure,0.72,local-hybrid,False,title-only term treated as likely measure; local model skipped because gold labels are pending,"[""occ_27bc0fd5280fcdb6079f""]",run_cf189fe93ed005701355
term_e327dc97a9636e3ea46d,Annual production and utilisation of milk on the farm,measure,0.88,local-hybrid,True,title evidence with measure lexical cue; local model skipped because gold labels are pending,"[""occ_5a421c4527094a05d8ce""]",run_cf189fe93ed005701355
term_2bd205f355d558cc6a00,Annual work units in forestry and logging,measure,0.72,local-hybrid,False,title-only term treated as likely measure; local model skipped because gold labels are pending,"[""occ_eb36a8240b2dc2a38179""]",run_cf189fe93ed005701355
term_d3da241238cf6237aaf4,Apparent cost of general government gross debt,measure,0.72,local-hybrid,False,title-only term treated as likely measure; local model skipped because gold labels are pending,"[""occ_6f58637051f6764acee2""]",run_cf189fe93ed005701355
term_7d36ed3d9e01a5740fff,Applicants having benefited from material reception conditions at the end of the reference year,measure,0.72,local-hybrid,False,title-only term treated as likely measure; local model skipped because gold labels are pending,"[""occ_f3740b450fd373387570""]",run_cf189fe93ed005701355
term_df1e5c7ae546edb87aaf,Applicants having benefited from material reception conditions at the end of the reference year - annual data,measure,0.72,local-hybrid,False,title-only term treated as likely measure; local model skipped because gold labels are pending,"[""occ_e3b16d33096cff985532""]",run_cf189fe93ed005701355
term_c8cbf667c7ff9a10e81f,Aquaculture production by aquatic environment,measure,0.88,local-hybrid,True,title evidence with measure lexical cue; local model skipped because gold labels are pending,"[""occ_9e44c7817f0a921fffc0""]",run_cf189fe93ed005701355
term_99a7a01d09d96b6d97c9,Aquaculture production by aquatic environment - ENP-South countries,measure,0.88,local-hybrid,True,title evidence with measure lexical cue; local model skipped because gold labels are pending,"[""occ_ecadeeb2add023bd3817""]",run_cf189fe93ed005701355
term_7789a973297e4d885e32,Aquaculture production in tonnes and value,measure,0.88,local-hybrid,True,title evidence with measure lexical cue; local model skipped because gold labels are pending,"[""occ_95da98184fbf47135819""]",run_cf189fe93ed005701355
term_0bd132f1a552c79780a1,Area at risk of severe soil erosion by water,measure,0.72,local-hybrid,False,title-only term treated as likely measure; local model skipped because gold labels are pending,"[""occ_73c50bfee76600339891""]",run_cf189fe93ed005701355
term_8c3f2d025d1c81cd781b,Area by age classes (area in ha),measure,0.72,local-hybrid,False,title-only term treated as likely measure; local model skipped because gold labels are pending,"[""occ_0946b6d01776ba97cf86""]",run_cf189fe93ed005701355
term_1bf86aac38139b1fff4d,Area by density classes (area in ha),measure,0.72,local-hybrid,False,title-only term treated as likely measure; local model skipped because gold labels are pending,"[""occ_d625560d75d331a119f9""]",run_cf189fe93ed005701355
term_297886af3b8d4a165080,Area of wooded land,measure,0.72,local-hybrid,False,title-only term treated as likely measure; local model skipped because gold labels are pending,"[""occ_dfe3603b8db5c0812723""]",run_cf189fe93ed005701355
term_bafca4ee190a284e3411,Area under organic farming,measure,0.72,local-hybrid,False,title-only term treated as likely measure; local model skipped because gold labels are pending,"[""occ_574604515767a7e307c6""]",run_cf189fe93ed005701355
term_09cbb13a2a4c4e51bbf2,"Arrears (mortgage or rent, utility bills or hire purchase) by NUTS 2 region",measure,0.72,local-hybrid,False,title-only term treated as likely measure; local model skipped because gold labels are pending,"[""occ_4fca6c9760329716b595""]",run_cf189fe93ed005701355
term_1ea0302f0e6ecab11f29,Arrears on non-housing bills by income quintile,measure,0.88,local-hybrid,True,title evidence with measure lexical cue; local model skipped because gold labels are pending,"[""occ_4aefbd195a0533bcea24""]",run_cf189fe93ed005701355
term_db123d9d31fbd491b9d0,Arrears on non-housing bills by risk of poverty threshold,measure,0.72,local-hybrid,False,title-only term treated as likely measure; local model skipped because gold labels are pending,"[""occ_399b2f2dc61bfe076cc9""]",run_cf189fe93ed005701355
term_6c84974c395222350650,Arrivals at tourism accommodation establishments by type of accommodation,measure,0.72,local-hybrid,False,title-only term treated as likely measure; local model skipped because gold labels are pending,"[""occ_91848433ceee49119281""]",run_cf189fe93ed005701355
term_cfd478b4142d6a8e2b26,Arrivals at tourism accommodation establishments by type of accommodation - ENP-South countries,measure,0.72,local-hybrid,False,title-only term treated as likely measure; local model skipped because gold labels are pending,"[""occ_cb18c4b0540b492d7ec4""]",run_cf189fe93ed005701355
term_d47af68e6b8422723bb9,Arrivals by type of accommodation,measure,0.72,local-hybrid,False,title-only term treated as likely measure; local model skipped because gold labels are pending,"[""occ_11db111af95a3d117491""]",run_cf189fe93ed005701355
term_3b4e71eea5c58502129e,Arrivals of non-residents at hotels and similar accomodation establishments,measure,0.72,local-hybrid,False,title-only term treated as likely measure; local model skipped because gold labels are pending,"[""occ_4300b8d31c077b59a80f""]",run_cf189fe93ed005701355
term_27b3e473bd2e9a3eabf2,Arrivals of non-residents at hotels and similar accomodation establishments - ENP-East countries,measure,0.72,local-hybrid,False,title-only term treated as likely measure; local model skipped because gold labels are pending,"[""occ_792b0ecc4652ca17205d""]",run_cf189fe93ed005701355
term_ed051ad1a3372480a74e,Arrivals of tourists at the,measure,0.72,local-hybrid,False,title-only term treated as likely measure; local model skipped because gold labels are pending,"[""occ_10ee417373a84ea76ce0""]",run_cf189fe93ed005701355
term_7c95e5795019af594af4,Arrivals of tourists at the - ENP-South countries,measure,0.72,local-hybrid,False,title-only term treated as likely measure; local model skipped because gold labels are pending,"[""occ_b4ec898bdea31fe19e61""]",run_cf189fe93ed005701355
term_a27b51175fd033b8cca4,"as % of all teachers, by education level",measure,0.72,local-hybrid,False,title-only term treated as likely measure; local model skipped because gold labels are pending,"[""occ_5e857b8eeb9a6ef409fb""]",run_cf189fe93ed005701355
term_f562209adf44b800cb23,as % of the population of the corresponding age,measure,0.88,local-hybrid,True,title evidence with measure lexical cue; local model skipped because gold labels are pending,"[""occ_946734a7324d4478b10c"", ""occ_a8a75a64cc9415e179a0""]",run_cf189fe93ed005701355
term_a66e5a24f4ba2094a4f6,as % of the population of the corresponding age group,measure,0.88,local-hybrid,True,title evidence with measure lexical cue; local model skipped because gold labels are pending,"[""occ_2b4166c35f72b1ee95d0"", ""occ_d0b97d5f067961cb9799"", ""occ_f1d956c06e253bacdb92""]",run_cf189fe93ed005701355
term_e1eb350cc06d0a62981f,as % of the total population of post-compulsory school age,measure,0.88,local-hybrid,True,title evidence with measure lexical cue; local model skipped because gold labels are pending,"[""occ_2568fd4912b5c4560192""]",run_cf189fe93ed005701355
term_7c168de392caf7078752,as % of total active population,measure,0.88,local-hybrid,True,title evidence with measure lexical cue; local model skipped because gold labels are pending,"[""occ_49ffecd386c30afe7a1a""]",run_cf189fe93ed005701355
term_e1602b3139cef5deb9f9,as % of total or current expenditure,measure,0.88,local-hybrid,True,title evidence with measure lexical cue; local model skipped because gold labels are pending,"[""occ_d241df1b0ec8e79b5a52""]",run_cf189fe93ed005701355
term_70fbc6c91624609e107f,as % of total public expenditure,measure,0.88,local-hybrid,True,title evidence with measure lexical cue; local model skipped because gold labels are pending,"[""occ_4eb7778c63449d84de2d""]",run_cf189fe93ed005701355
term_a5a39d876465c740f88f,"as % of total school-management personnel, by education level",measure,0.72,local-hybrid,False,title-only term treated as likely measure; local model skipped because gold labels are pending,"[""occ_9d22baa5baab9d7fc9d9""]",run_cf189fe93ed005701355
term_ee1aa97e38c76a2b7cd6,Asylum applicants by type - annual aggregated data,measure,0.72,local-hybrid,False,title-only term treated as likely measure; local model skipped because gold labels are pending,"[""occ_d1c084bb3a2d04bd6b41""]",run_cf189fe93ed005701355
term_913d9caf39bde1df5232,Asylum applicants by type - monthly data,measure,0.72,local-hybrid,False,title-only term treated as likely measure; local model skipped because gold labels are pending,"[""occ_78ea317a6564c5a0f7ec""]",run_cf189fe93ed005701355
term_fca29aff682e9c82f3e6,Asylum applicants considered to be unaccompanied minors,measure,0.72,local-hybrid,False,title-only term treated as likely measure; local model skipped because gold labels are pending,"[""occ_ab0c5edecfa07411ea28""]",run_cf189fe93ed005701355
term_2fcc6f26a7c9749e4c2f,Asylum applicants considered to be unaccompanied minors - annual data,measure,0.72,local-hybrid,False,title-only term treated as likely measure; local model skipped because gold labels are pending,"[""occ_ad75a1891b0829888bdf""]",run_cf189fe93ed005701355
term_4bed0d9443f2816d80e0,Asylum applications by state of procedure,measure,0.72,local-hybrid,False,title-only term treated as likely measure; local model skipped because gold labels are pending,"[""occ_783c0aebab971f626f92""]",run_cf189fe93ed005701355
term_9c37491fe4a9bdc6cd6e,Asylum decisions at final instance by type of decision,measure,0.72,local-hybrid,False,title-only term treated as likely measure; local model skipped because gold labels are pending,"[""occ_5c7be5f3c66839531703""]",run_cf189fe93ed005701355
term_d23eba434a56a031f8f4,Asylum decisions at final instance by type of decision - % of total decisions at final instance,measure,0.72,local-hybrid,False,title-only term treated as likely measure; local model skipped because gold labels are pending,"[""occ_e7f67df8d21428f221b4""]",run_cf189fe93ed005701355
term_6a0a8d2bb96a8a131c33,Asylum decisions at first instance by type of decision,measure,0.72,local-hybrid,False,title-only term treated as likely measure; local model skipped because gold labels are pending,"[""occ_24ce3580bce65b9919c2""]",run_cf189fe93ed005701355
term_a7ffcf69245a0eca1edb,Asylum decisions at first instance by type of decision - % of total decisions at first instance - annual data,measure,0.72,local-hybrid,False,title-only term treated as likely measure; local model skipped because gold labels are pending,"[""occ_c1f8c116321c81793c74""]",run_cf189fe93ed005701355
term_0f7db16fa7f187667b1c,at least 1%,measure,0.72,local-hybrid,False,title-only term treated as likely measure; local model skipped because gold labels are pending,"[""occ_0e413ba5f2a60f795e7e""]",run_cf189fe93ed005701355
term_befdc3089f1c0821b43b,At risk of poverty or social exclusion rate for elderly (65+),measure,0.72,local-hybrid,False,title-only term treated as likely measure; local model skipped because gold labels are pending,"[""occ_f7d7ba61c448229a694e""]",run_cf189fe93ed005701355
term_b24eebc0b3af6b6b4aa0,At risk-of-poverty rate for the population living in (quasi-)jobless households,measure,0.88,local-hybrid,True,title evidence with measure lexical cue; local model skipped because gold labels are pending,"[""occ_45bf5b16cdb715570f1d""]",run_cf189fe93ed005701355
term_f65f33a6c63ce4b5772f,At-risk of poverty rate of unemployed persons,measure,0.72,local-hybrid,False,title-only term treated as likely measure; local model skipped because gold labels are pending,"[""occ_b904c271be396a9df088""]",run_cf189fe93ed005701355
term_5df1b1944da61d2a51da,At-risk-of poverty rate,measure,0.72,local-hybrid,False,title-only term treated as likely measure; local model skipped because gold labels are pending,"[""occ_7ec27fadebbd5ef4d650""]",run_cf189fe93ed005701355
term_aecb492ff206f32a2040,At-risk-of poverty rate by household type,measure,0.72,local-hybrid,False,title-only term treated as likely measure; local model skipped because gold labels are pending,"[""occ_dec4a91b70dd38ca7c7f""]",run_cf189fe93ed005701355
term_12db862d259b160b6976,At-risk-of poverty rate by household type - EU-SILC survey,measure,0.72,local-hybrid,False,title-only term treated as likely measure; local model skipped because gold labels are pending,"[""occ_9a392055f664c7362be5""]",run_cf189fe93ed005701355
term_730b9727a8f23b05608e,At-risk-of poverty rate by tenure status,measure,0.72,local-hybrid,False,title-only term treated as likely measure; local model skipped because gold labels are pending,"[""occ_f843245a4780cdd25c3e""]",run_cf189fe93ed005701355
term_1e72b960b7913a0af9d7,At-risk-of poverty rate by tenure status - EU-SILC survey,measure,0.72,local-hybrid,False,title-only term treated as likely measure; local model skipped because gold labels are pending,"[""occ_d07ea4094a81dadaf826""]",run_cf189fe93ed005701355
term_d9b92fb86bc9f650bd91,At-risk-of poverty rate for children (aged less than 18) by sex,measure,0.72,local-hybrid,False,title-only term treated as likely measure; local model skipped because gold labels are pending,"[""occ_c9084ffcdb1951c3db75""]",run_cf189fe93ed005701355
term_6344e0456def1c9ee015,At-risk-of poverty rate for children by citizenship of their parents (population aged 0 to 17),measure,0.88,local-hybrid,True,title evidence with measure lexical cue; local model skipped because gold labels are pending,"[""occ_f53388b83b08b96d850b""]",run_cf189fe93ed005701355
term_213859f5d72fd3eaad3d,At-risk-of poverty rate for children by country of birth of their parents (population aged 0 to 17),measure,0.88,local-hybrid,True,title evidence with measure lexical cue; local model skipped because gold labels are pending,"[""occ_134c002235bbfb5d9ce2""]",run_cf189fe93ed005701355
term_3d860172f7dc48c5a7fa,At-risk-of-poverty rate after deducting housing costs by degree of urbanisation,measure,0.72,local-hybrid,False,title-only term treated as likely measure; local model skipped because gold labels are pending,"[""occ_d392bfbc5d982a9a26b2""]",run_cf189fe93ed005701355
term_7394e560166373a16f39,At-risk-of-poverty rate after social transfers by sex,measure,0.72,local-hybrid,False,title-only term treated as likely measure; local model skipped because gold labels are pending,"[""occ_edf42ac95eaf34f1041a""]",run_cf189fe93ed005701355
term_6bf78736e71063df83f0,At-risk-of-poverty rate anchored at a fixed moment in time by age group,measure,0.72,local-hybrid,False,title-only term treated as likely measure; local model skipped because gold labels are pending,"[""occ_0502cee2da3d64158569""]",run_cf189fe93ed005701355
term_f92272391ebef0b80d3f,At-risk-of-poverty rate anchored at a fixed moment in time by age group - EU-SILC survey,measure,0.72,local-hybrid,False,title-only term treated as likely measure; local model skipped because gold labels are pending,"[""occ_89a52a52e4c40ef3720b""]",run_cf189fe93ed005701355
term_2d6e5f987c567b60a2f0,At-risk-of-poverty rate anchored at a fixed moment in time by sex,measure,0.72,local-hybrid,False,title-only term treated as likely measure; local model skipped because gold labels are pending,"[""occ_43e850224402138e1c3c""]",run_cf189fe93ed005701355
term_14263a6606440a5870c9,At-risk-of-poverty rate anchored at a fixed moment in time by sex - EU-SILC survey,measure,0.72,local-hybrid,False,title-only term treated as likely measure; local model skipped because gold labels are pending,"[""occ_863543d1b4fba45669db""]",run_cf189fe93ed005701355
term_2ed9558f06d9665c6993,At-risk-of-poverty rate before social transfers by sex,measure,0.72,local-hybrid,False,title-only term treated as likely measure; local model skipped because gold labels are pending,"[""occ_09bae7490236cdf67940""]",run_cf189fe93ed005701355
term_c3edc8c63bc12024e2d2,At-risk-of-poverty rate before social transfers by sex - EU-SILC survey,measure,0.72,local-hybrid,False,title-only term treated as likely measure; local model skipped because gold labels are pending,"[""occ_7f211ca4b4f464ff182a""]",run_cf189fe93ed005701355
term_9e71548747ea51c667ab,At-risk-of-poverty rate by sex,measure,0.72,local-hybrid,False,title-only term treated as likely measure; local model skipped because gold labels are pending,"[""occ_60ca3dcc7052227f8b2a""]",run_cf189fe93ed005701355
term_2d59752c518dd05c59bc,At-risk-of-poverty rate for pensioners,measure,0.72,local-hybrid,False,title-only term treated as likely measure; local model skipped because gold labels are pending,"[""occ_f924e68225e88f728b0f""]",run_cf189fe93ed005701355
term_cd512e853fe50d52b0e9,At-risk-of-poverty rate for pensioners - EU-SILC survey,measure,0.72,local-hybrid,False,title-only term treated as likely measure; local model skipped because gold labels are pending,"[""occ_70a12f712e594de6250d""]",run_cf189fe93ed005701355
term_c58ed4b98d2960a0ce21,At-risk-of-poverty rate of elderly people by tenure status,measure,0.72,local-hybrid,False,title-only term treated as likely measure; local model skipped because gold labels are pending,"[""occ_9278f2702c7190320a20""]",run_cf189fe93ed005701355
term_5d15f86820abe8101fbe,At-risk-of-poverty rate of elderly people by tenure status - EU-SILC survey,measure,0.72,local-hybrid,False,title-only term treated as likely measure; local model skipped because gold labels are pending,"[""occ_602332f33fab21c70478""]",run_cf189fe93ed005701355
term_e8fdc8bab4dad9b7651a,At-risk-of-poverty rate of older people by sex,measure,0.72,local-hybrid,False,title-only term treated as likely measure; local model skipped because gold labels are pending,"[""occ_36211724fc6142353b17""]",run_cf189fe93ed005701355
term_941c1a5e68777f1c1920,At-risk-of-poverty rate of older people by sex - EU-SILC survey,measure,0.72,local-hybrid,False,title-only term treated as likely measure; local model skipped because gold labels are pending,"[""occ_43f9915769b58413de12""]",run_cf189fe93ed005701355
term_98767a43e183820a3ee9,At-risk-of-poverty threshold,measure,0.72,local-hybrid,False,title-only term treated as likely measure; local model skipped because gold labels are pending,"[""occ_9b239441799ddb863d4f""]",run_cf189fe93ed005701355
term_b11636e4d0b2ced9591a,At-risk-of-poverty threshold - EU-SILC survey,measure,0.72,local-hybrid,False,title-only term treated as likely measure; local model skipped because gold labels are pending,"[""occ_65a81852a8022ada2663""]",run_cf189fe93ed005701355
term_62e6a5eabc4bb535a7bd,At-risk-of-poverty threshold for a single household,measure,0.72,local-hybrid,False,title-only term treated as likely measure; local model skipped because gold labels are pending,"[""occ_9d42d44e6f6d50396cd1""]",run_cf189fe93ed005701355
term_434d445881139e9d2acc,Autonomous pension funds - number of enterprises by size class of investments,measure,0.72,local-hybrid,False,title-only term treated as likely measure; local model skipped because gold labels are pending,"[""occ_e4762007cca9f9fa6a12""]",run_cf189fe93ed005701355
term_9f3450173e9d50c2f532,Autonomous pension funds - number of enterprises by size class of members,measure,0.72,local-hybrid,False,title-only term treated as likely measure; local model skipped because gold labels are pending,"[""occ_dd18e95444386d65be10""]",run_cf189fe93ed005701355
term_17c15ec44880024d2e18,Autonomous pension funds - total investments by currencies,measure,0.72,local-hybrid,False,title-only term treated as likely measure; local model skipped because gold labels are pending,"[""occ_aa8b324bd4825d635fdc""]",run_cf189fe93ed005701355
term_a342aeca02ad51c56be9,Available beds in hospitals by NUTS 2 region,measure,0.72,local-hybrid,False,title-only term treated as likely measure; local model skipped because gold labels are pending,"[""occ_85b4a052d3b8206c9eef""]",run_cf189fe93ed005701355
term_dda950a48550a2140b49,Average age at which employed persons started receiving a retirement pension,measure,0.72,local-hybrid,False,title-only term treated as likely measure; local model skipped because gold labels are pending,"[""occ_157e7de7306514977766""]",run_cf189fe93ed005701355
term_365fd19d93c9fed927cc,Average age at which employed persons started receiving a retirement pension - by sex and main financial incentive to stay at work,measure,0.72,local-hybrid,False,title-only term treated as likely measure; local model skipped because gold labels are pending,"[""occ_1c1ed2d47dc9a0037ad1""]",run_cf189fe93ed005701355
term_6ad01021db986f48e233,Average CO2 emissions per km from new passenger cars,measure,0.72,local-hybrid,False,title-only term treated as likely measure; local model skipped because gold labels are pending,"[""occ_6d40558b1fd2b7a24663""]",run_cf189fe93ed005701355
term_1d11dca31232a36ebf76,Average expenditure per night,measure,0.88,local-hybrid,True,title evidence with measure lexical cue; local model skipped because gold labels are pending,"[""occ_844b8921d0343c2c8813""]",run_cf189fe93ed005701355
term_06fd140352484b25e43e,Average expenditure per trip,measure,0.88,local-hybrid,True,title evidence with measure lexical cue; local model skipped because gold labels are pending,"[""occ_e9d464bccddf36ff2d45""]",run_cf189fe93ed005701355
term_b1d54f667ab8e8d86c98,Average full time adjusted salary per employee,measure,0.72,local-hybrid,False,title-only term treated as likely measure; local model skipped because gold labels are pending,"[""occ_b5894db364d9e1c1219d""]",run_cf189fe93ed005701355
term_583861a30c2e1c2cf03f,Average gender pension gap by age group,measure,0.72,local-hybrid,False,title-only term treated as likely measure; local model skipped because gold labels are pending,"[""occ_7346c78d2a0855492413""]",run_cf189fe93ed005701355
term_348b378d7010508071d6,Average household size,measure,0.72,local-hybrid,False,title-only term treated as likely measure; local model skipped because gold labels are pending,"[""occ_ecdf1c3732fb7b65f727""]",run_cf189fe93ed005701355
term_d1ef3786445358002d29,Average nominal monthly wages and salaries,measure,0.72,local-hybrid,False,title-only term treated as likely measure; local model skipped because gold labels are pending,"[""occ_24aba8bc4a3cfe18e557""]",run_cf189fe93ed005701355
term_ed9c7f4c6702de662403,Average nominal monthly wages and salaries - ENP-East countries,measure,0.72,local-hybrid,False,title-only term treated as likely measure; local model skipped because gold labels are pending,"[""occ_a69ef3fbcd2b3232d598""]",run_cf189fe93ed005701355
term_cb4b489ea31669a34e01,Average number of foreign languages studied per pupil by education level,measure,0.72,local-hybrid,False,title-only term treated as likely measure; local model skipped because gold labels are pending,"[""occ_af03841d6832a4e24495""]",run_cf189fe93ed005701355
term_fb121a189865aa3fb421,Average number of rooms per person by degree of urbanization,measure,0.72,local-hybrid,False,title-only term treated as likely measure; local model skipped because gold labels are pending,"[""occ_c6945e4eb814239a32e1""]",run_cf189fe93ed005701355
term_8b410f1d6d5cadabf420,Average number of rooms per person by NUTS 2 region,measure,0.72,local-hybrid,False,title-only term treated as likely measure; local model skipped because gold labels are pending,"[""occ_4a5133c798866831f6d4""]",run_cf189fe93ed005701355
term_de08510972cffdee625a,Average number of rooms per person by tenure status and dwelling type,measure,0.72,local-hybrid,False,title-only term treated as likely measure; local model skipped because gold labels are pending,"[""occ_92edf352097fbcee7fcd""]",run_cf189fe93ed005701355
term_835ff22574abe600d47f,Average number of weekly hours of formal care by age group - children with at least 1 hour of formal care,measure,0.72,local-hybrid,False,title-only term treated as likely measure; local model skipped because gold labels are pending,"[""occ_cdd551af3d6f9a28ce2b""]",run_cf189fe93ed005701355
term_fc2f8d2d5515dc34a85a,Average number of weekly hours of formal care by age group - children with or without formal care,measure,0.72,local-hybrid,False,title-only term treated as likely measure; local model skipped because gold labels are pending,"[""occ_6fc549929ce7bf918664""]",run_cf189fe93ed005701355
term_70d6fd9a3c8eb597f38d,Average number of weekly hours of other types of care by age group - children with at least one hour of other types of care,measure,0.72,local-hybrid,False,title-only term treated as likely measure; local model skipped because gold labels are pending,"[""occ_e773455c1e20ead53c81""]",run_cf189fe93ed005701355
term_aab5326d5aa5749ccf06,Average number of weekly hours of other types of care by age group - children with or without other types of care,measure,0.72,local-hybrid,False,title-only term treated as likely measure; local model skipped because gold labels are pending,"[""occ_c35b611f5290185ab66e""]",run_cf189fe93ed005701355
term_335951c32d8d2116b9f0,Average population (mid-year),measure,0.88,local-hybrid,True,title evidence with measure lexical cue; local model skipped because gold labels are pending,"[""occ_cdccfd1462ea746a502b""]",run_cf189fe93ed005701355
term_424bd938c951afe537f5,Average population mid-year by sex and age group,measure,0.88,local-hybrid,True,title evidence with measure lexical cue; local model skipped because gold labels are pending,"[""occ_b01a7b503036b08ef745""]",run_cf189fe93ed005701355
term_0f501f4a2588acc2b10d,Average population mid-year by sex and age group - ENP-South countries,measure,0.88,local-hybrid,True,title evidence with measure lexical cue; local model skipped because gold labels are pending,"[""occ_44962ff2858fb0e80147""]",run_cf189fe93ed005701355
term_b973e1da3eb5f9da6612,Average remuneration of national civil servants in central public administration,measure,0.72,local-hybrid,False,title-only term treated as likely measure; local model skipped because gold labels are pending,"[""occ_e3ad94ee952dbe46ca4f""]",run_cf189fe93ed005701355
term_8c21ac98eb2cdd70c316,Aviation and airport enterprises,measure,0.72,local-hybrid,False,title-only term treated as likely measure; local model skipped because gold labels are pending,"[""occ_757faeec570de9835a81""]",run_cf189fe93ed005701355
term_6614255fdc73a173438f,Balance of payments,measure,0.72,local-hybrid,False,title-only term treated as likely measure; local model skipped because gold labels are pending,"[""occ_96a7e9f1bb65b8a6a05e""]",run_cf189fe93ed005701355
term_9979cb6087827dcf461b,Balance of payments - ENP-East countries,measure,0.72,local-hybrid,False,title-only term treated as likely measure; local model skipped because gold labels are pending,"[""occ_c0efc6f779318e219efb""]",run_cf189fe93ed005701355
term_95525ae7bd699e4792f6,"Balance of payments, capital account, monthly data",measure,0.72,local-hybrid,False,title-only term treated as likely measure; local model skipped because gold labels are pending,"[""occ_efe03b1866bc744fa0e4""]",run_cf189fe93ed005701355
term_c5420bd455a9ec1d7f49,"Balance of payments, capital account, quarterly data",measure,0.72,local-hybrid,False,title-only term treated as likely measure; local model skipped because gold labels are pending,"[""occ_2850bbee9e59289b3e69""]",run_cf189fe93ed005701355
term_04ba11c43928796d3064,"Balance of payments, current account, monthly data",measure,0.72,local-hybrid,False,title-only term treated as likely measure; local model skipped because gold labels are pending,"[""occ_909bdd1a44616505754a""]",run_cf189fe93ed005701355
term_e190b4df2d02ce72aeb0,"Balance of payments, current and capital account, monthly data",measure,0.72,local-hybrid,False,title-only term treated as likely measure; local model skipped because gold labels are pending,"[""occ_fb13844073278dea6e19""]",run_cf189fe93ed005701355
term_22041ec3d68c8e354400,"Balance of payments, current and capital account, quarterly data",measure,0.72,local-hybrid,False,title-only term treated as likely measure; local model skipped because gold labels are pending,"[""occ_fa5da841c5ad3710d493""]",run_cf189fe93ed005701355
term_4d0cbf2d6242fb139a20,Balance of trade - EU and euro area aggregates,measure,0.72,local-hybrid,False,title-only term treated as likely measure; local model skipped because gold labels are pending,"[""occ_cc1a2818b4ea81e744d9""]",run_cf189fe93ed005701355
term_9684861e5a8ff850415e,Balancing items,measure,0.72,local-hybrid,False,title-only term treated as likely measure; local model skipped because gold labels are pending,"[""occ_b96696e9c92dcd52349e""]",run_cf189fe93ed005701355
term_b82538563afbccd385b6,"Barley by area, production and humidity",measure,0.88,local-hybrid,True,title evidence with measure lexical cue; local model skipped because gold labels are pending,"[""occ_248acdddea39bd8432d7""]",run_cf189fe93ed005701355
term_b90af556331316163672,basic and producer prices,measure,0.88,local-hybrid,True,title evidence with measure lexical cue; local model skipped because gold labels are pending,"[""occ_6046bf9bf4495988c101"", ""occ_7092ab4e777c13395694"", ""occ_bf1f5cf25a152517b9fe"", ""occ_eeaa97cfeb6ce7617b9f""]",run_cf189fe93ed005701355
term_799b0d50a4121f00c785,Bathing waters with excellent quality by location,measure,0.72,local-hybrid,False,title-only term treated as likely measure; local model skipped because gold labels are pending,"[""occ_f57a6d2a07feb9c29ca5""]",run_cf189fe93ed005701355
term_41b019a493a4989da6db,Bed places in hotels and similar accommodation,measure,0.72,local-hybrid,False,title-only term treated as likely measure; local model skipped because gold labels are pending,"[""occ_ca030a4bbc3477cdea65""]",run_cf189fe93ed005701355
term_6e742d9b8fb147d4a276,Bed places in hotels and similar accommodation - ENP-South countries,measure,0.72,local-hybrid,False,title-only term treated as likely measure; local model skipped because gold labels are pending,"[""occ_a880b1e947e711287f07""]",run_cf189fe93ed005701355
term_f8437296a46912415d34,Beds in nursing and other residential long-term care facilities,measure,0.72,local-hybrid,False,title-only term treated as likely measure; local model skipped because gold labels are pending,"[""occ_8704c7ffce4980a3c10c""]",run_cf189fe93ed005701355
term_a46b992f9884bc965bf7,Beneficiaries of disability pensions by pension type,measure,0.72,local-hybrid,False,title-only term treated as likely measure; local model skipped because gold labels are pending,"[""occ_95eca8930b2250a715b2""]",run_cf189fe93ed005701355
term_869b3060e92ca0c7831a,Beneficiaries of disability pensions by sex,measure,0.72,local-hybrid,False,title-only term treated as likely measure; local model skipped because gold labels are pending,"[""occ_b4989043bcc6feb0855a""]",run_cf189fe93ed005701355
term_23718844c710be51cc7e,Beneficiaries of temporary protection by citizenship,measure,0.72,local-hybrid,False,title-only term treated as likely measure; local model skipped because gold labels are pending,"[""occ_58f9e7235ac1f7e83a28""]",run_cf189fe93ed005701355
term_41d4482b89dc52ab24f1,BERD by concentration of personnel (ranking),measure,0.72,local-hybrid,False,title-only term treated as likely measure; local model skipped because gold labels are pending,"[""occ_a0bc08089afdfccd8cca""]",run_cf189fe93ed005701355
term_15f2b55e475c14229235,Biochemical oxygen demand in rivers,measure,0.72,local-hybrid,False,title-only term treated as likely measure; local model skipped because gold labels are pending,"[""occ_1e3e510a008c751d172c""]",run_cf189fe93ed005701355
term_3d5d5b574d8c63ed7bb2,Breast cancer and cervical cancer screenings,measure,0.72,local-hybrid,False,title-only term treated as likely measure; local model skipped because gold labels are pending,"[""occ_11e6e69198b92e4bec0e""]",run_cf189fe93ed005701355
term_18363a8f4a7864fc88a9,Breast cancer and cervical cancer screenings - historical data,measure,0.72,local-hybrid,False,title-only term treated as likely measure; local model skipped because gold labels are pending,"[""occ_406b92c210135d0b278d""]",run_cf189fe93ed005701355
term_4f0255e5623f9263dbe4,Bribery by legal status and sex of the person involved,measure,0.72,local-hybrid,False,title-only term treated as likely measure; local model skipped because gold labels are pending,"[""occ_c6a028dea7b3ce49a041""]",run_cf189fe93ed005701355
term_a058bd378bfada7f3087,Broadband internet coverage by speed,measure,0.72,local-hybrid,False,title-only term treated as likely measure; local model skipped because gold labels are pending,"[""occ_2cf90b9702904187ffea""]",run_cf189fe93ed005701355
term_10f7f7ec606e2033a8b6,Brussels = 1,measure,0.72,local-hybrid,False,title-only term treated as likely measure; local model skipped because gold labels are pending,"[""occ_b4c111de784e7487f123""]",run_cf189fe93ed005701355
term_1095d23c2cb4ba5792ba,Building permits,measure,0.72,local-hybrid,False,title-only term treated as likely measure; local model skipped because gold labels are pending,"[""occ_08066de565c3c87eed2b""]",run_cf189fe93ed005701355
term_893b82284a14c79baad9,Building permits - monthly data,measure,0.72,local-hybrid,False,title-only term treated as likely measure; local model skipped because gold labels are pending,"[""occ_6e5a32603f367ebdcd5b""]",run_cf189fe93ed005701355
term_2d69baedc15824c81811,Buses and coaches traffic performance registered in the by transport covarage,measure,0.88,local-hybrid,True,title evidence with measure lexical cue; local model skipped because gold labels are pending,"[""occ_02f41c0fc01074f87c5b""]",run_cf189fe93ed005701355
term_ec3854936cdf4e1324e0,Business written in non-EEA countries,measure,0.72,local-hybrid,False,title-only term treated as likely measure; local model skipped because gold labels are pending,"[""occ_4391cef563f90dcc0e36""]",run_cf189fe93ed005701355
term_aaa2e3616d9018cbb8c6,by fishing areas,measure,0.72,local-hybrid,False,title-only term treated as likely measure; local model skipped because gold labels are pending,"[""occ_3a829c46f8ada1257924""]",run_cf189fe93ed005701355
term_bfb0081668951f49ec05,by sex and main financial incentive to stay at work,measure,0.72,local-hybrid,False,title-only term treated as likely measure; local model skipped because gold labels are pending,"[""occ_f933478afed2a91d3815""]",run_cf189fe93ed005701355
term_2e6d40f2526418c36b9e,Capital account - annual data,measure,0.72,local-hybrid,False,title-only term treated as likely measure; local model skipped because gold labels are pending,"[""occ_e135094b5ec23d32b49a""]",run_cf189fe93ed005701355
term_419e3bdd9a1ef9cc197e,Carrying capacity of merchant ships of 1000 GT and over by vessel type,measure,0.72,local-hybrid,False,title-only term treated as likely measure; local model skipped because gold labels are pending,"[""occ_cf66bb7efa5c5dc2971d""]",run_cf189fe93ed005701355
term_1b3a9df7ba82a3e69bc8,Carrying capacity of merchant ships of 1000 GT and over by vessel type - ENP-South countries,measure,0.72,local-hybrid,False,title-only term treated as likely measure; local model skipped because gold labels are pending,"[""occ_1313a618e07ef12c1ef3""]",run_cf189fe93ed005701355
term_19825330fb8eda82f834,Carrying capacity of pipelines operated,measure,0.72,local-hybrid,False,title-only term treated as likely measure; local model skipped because gold labels are pending,"[""occ_ba3f036411061325870a""]",run_cf189fe93ed005701355
term_b7c742a8ca8ecc4d6861,carrying capacity of ships of 1 000 grt and over,measure,0.72,local-hybrid,False,title-only term treated as likely measure; local model skipped because gold labels are pending,"[""occ_96ed4d6f2537a4e0fdce""]",run_cf189fe93ed005701355
term_63343496146f5d1ec01b,carrying capacity of ships of 300 grt and over,measure,0.72,local-hybrid,False,title-only term treated as likely measure; local model skipped because gold labels are pending,"[""occ_bb72921b8b748b389981""]",run_cf189fe93ed005701355
term_318cf2b1f91f6cc6d9ec,Carrying capacity of the waterway transport enterprises vessels by number of vessels in enterprises,measure,0.88,local-hybrid,True,title evidence with measure lexical cue; local model skipped because gold labels are pending,"[""occ_46d3e8dac890c919c71b""]",run_cf189fe93ed005701355
term_6ec8da416f4bb62844e0,Catches - north-west Pacific,measure,0.72,local-hybrid,False,title-only term treated as likely measure; local model skipped because gold labels are pending,"[""occ_128b4aa78568ed1d08dd""]",run_cf189fe93ed005701355
term_7851911ebe4ef5dc5722,Catches - west-central Pacific,measure,0.72,local-hybrid,False,title-only term treated as likely measure; local model skipped because gold labels are pending,"[""occ_4cbf793bb08fd4d39637""]",run_cf189fe93ed005701355
term_fc88d9480cc98ebe4e34,Catches in all fishing region,measure,0.72,local-hybrid,False,title-only term treated as likely measure; local model skipped because gold labels are pending,"[""occ_8abe7f142fb678d2980e""]",run_cf189fe93ed005701355
term_5f7e6cf5264e9854d4ea,Causes of death,measure,0.88,local-hybrid,True,title evidence with measure lexical cue; local model skipped because gold labels are pending,"[""occ_9747d95b7be6e7fc7ddb""]",run_cf189fe93ed005701355
term_962076671ba1710ec9cd,Causes of death - potential years of life lost by country of residence,measure,0.88,local-hybrid,True,title evidence with measure lexical cue; local model skipped because gold labels are pending,"[""occ_b66cddb066527ed1af7b""]",run_cf189fe93ed005701355
term_3456ee1ef3a4b5d3e160,"Causes of death, by sex",measure,0.88,local-hybrid,True,title evidence with measure lexical cue; local model skipped because gold labels are pending,"[""occ_2a6383bffb6dee3b9f42""]",run_cf189fe93ed005701355
term_022c701d77b0ede24b8c,Central government bond yields - annual data,measure,0.72,local-hybrid,False,title-only term treated as likely measure; local model skipped because gold labels are pending,"[""occ_ec6ec90c2a86a00db6f7""]",run_cf189fe93ed005701355
term_ff6c04ce59ed3e7d2ea4,Central government bond yields - monthly data,measure,0.72,local-hybrid,False,title-only term treated as likely measure; local model skipped because gold labels are pending,"[""occ_f141a2635c9124281fb0""]",run_cf189fe93ed005701355
term_29d43f25e51dd9b0e779,Central government bond yields - quarterly data,measure,0.72,local-hybrid,False,title-only term treated as likely measure; local model skipped because gold labels are pending,"[""occ_ca779f26836126dcefe0""]",run_cf189fe93ed005701355
term_21acbc3991aad168be3f,"Cereals for the production of grain (including seed) by area, production and humidity",measure,0.88,local-hybrid,True,title evidence with measure lexical cue; local model skipped because gold labels are pending,"[""occ_f49ff15384280ce512c2""]",run_cf189fe93ed005701355
term_45a384ac475351b40c2c,changes in stocks,measure,0.72,local-hybrid,False,title-only term treated as likely measure; local model skipped because gold labels are pending,"[""occ_7bc8de8e088575e5ca8f""]",run_cf189fe93ed005701355
term_2480d8b7eaa0ddad14c7,Child specific material deprivation rate by age (children aged less than 16 years),measure,0.72,local-hybrid,False,title-only term treated as likely measure; local model skipped because gold labels are pending,"[""occ_f79f5b0294269ad6fec8""]",run_cf189fe93ed005701355
term_273825ad7eb815ac6680,Child specific material deprivation rate by educational attainment level of their parents (children aged less than 16 years),measure,0.72,local-hybrid,False,title-only term treated as likely measure; local model skipped because gold labels are pending,"[""occ_74925ec31b4723b53c68""]",run_cf189fe93ed005701355
term_b6888e7fe576a0bf1c64,Child specific material deprivation rate by household composition (children aged less than 16 years),measure,0.72,local-hybrid,False,title-only term treated as likely measure; local model skipped because gold labels are pending,"[""occ_0edfcf9ff98601e495e4""]",run_cf189fe93ed005701355
term_8ad047ae003fc533c667,children,measure,0.72,local-hybrid,False,title-only term treated as likely measure; local model skipped because gold labels are pending,"[""occ_8ab2ebc868e441ef8da1""]",run_cf189fe93ed005701355
term_4f85b6b61376563016eb,"Children (aged 0 to 17) having neither a bath, nor a shower in their dwelling",measure,0.72,local-hybrid,False,title-only term treated as likely measure; local model skipped because gold labels are pending,"[""occ_4aed5710a3f82abfe250""]",run_cf189fe93ed005701355
term_a1b1435abb28377faca1,Children (aged 0 to 17) not having indoor flushing toilet for the sole use of their household,measure,0.72,local-hybrid,False,title-only term treated as likely measure; local model skipped because gold labels are pending,"[""occ_afeb25b1248923fe2fd4""]",run_cf189fe93ed005701355
term_c5ca4acedf0ecf1af8f3,Children (aged less than 18) at risk of poverty or social exclusion,measure,0.72,local-hybrid,False,title-only term treated as likely measure; local model skipped because gold labels are pending,"[""occ_74302fac47d7a9d8a1cd""]",run_cf189fe93ed005701355
term_25dfc9a775b5e4f96d8e,Children (aged less than 18) living in households with very low work intensity by sex,measure,0.72,local-hybrid,False,title-only term treated as likely measure; local model skipped because gold labels are pending,"[""occ_0641e8874352983a3cd2""]",run_cf189fe93ed005701355
term_bb7531dbde401d6e7267,Children aged less than 3 years in formal childcare,measure,0.72,local-hybrid,False,title-only term treated as likely measure; local model skipped because gold labels are pending,"[""occ_86639d1ace9142b8f732""]",run_cf189fe93ed005701355
term_c2dd21be00393f319fc9,Children at risk of poverty or social exclusion,measure,0.72,local-hybrid,False,title-only term treated as likely measure; local model skipped because gold labels are pending,"[""occ_d36122523c42584f9b0b""]",run_cf189fe93ed005701355
term_99163193949f1a4437c5,Children cared only by their parents by age group,measure,0.72,local-hybrid,False,title-only term treated as likely measure; local model skipped because gold labels are pending,"[""occ_9b8ad99efa455408e37d""]",run_cf189fe93ed005701355
term_bddb535218bdd2ecee0c,Children cared only by their parents by age group - % over the population of each age group,measure,0.88,local-hybrid,True,title evidence with measure lexical cue; local model skipped because gold labels are pending,"[""occ_c47fdac72346294409eb""]",run_cf189fe93ed005701355
term_96382481afeee72deef0,Children having one of their parents living outside the household,measure,0.72,local-hybrid,False,title-only term treated as likely measure; local model skipped because gold labels are pending,"[""occ_183fe31acce15558abfa""]",run_cf189fe93ed005701355
term_afc1fff600d442fcdb69,children with or without formal care,measure,0.72,local-hybrid,False,title-only term treated as likely measure; local model skipped because gold labels are pending,"[""occ_779969e8a2f613410f16""]",run_cf189fe93ed005701355
term_593036c2fc2ad3dab93c,children with or without other types of care,measure,0.72,local-hybrid,False,title-only term treated as likely measure; local model skipped because gold labels are pending,"[""occ_b3734825a32e01516602""]",run_cf189fe93ed005701355
term_ede2f1c8d39d69557aa5,Children with unmet needs for medical examination or treatment by specific reason,measure,0.72,local-hybrid,False,title-only term treated as likely measure; local model skipped because gold labels are pending,"[""occ_c866d4869d89d80aea4e""]",run_cf189fe93ed005701355
term_deef7629ed648896bf62,Circular material use rate,measure,0.72,local-hybrid,False,title-only term treated as likely measure; local model skipped because gold labels are pending,"[""occ_cc67bb86a54fc623c1fb""]",run_cf189fe93ed005701355
term_bc19ff49218f64d6a5a5,Circular material use rate by material type,measure,0.72,local-hybrid,False,title-only term treated as likely measure; local model skipped because gold labels are pending,"[""occ_aa4d3ef0e386cab0ffb4""]",run_cf189fe93ed005701355
term_e0e05da5e93e3480beae,"Classroom teachers working full-time and part-time in primary, lower-secondary and upper-secondary education",measure,0.72,local-hybrid,False,title-only term treated as likely measure; local model skipped because gold labels are pending,"[""occ_3318e85b5142b7d80925""]",run_cf189fe93ed005701355
term_8fa5a4c35cfb38394961,"Classroom teachers working full-time and part-time in primary, lower-secondary and upper-secondary education - as % of total active population",measure,0.88,local-hybrid,True,title evidence with measure lexical cue; local model skipped because gold labels are pending,"[""occ_0435b7fd2c7a4c048e36""]",run_cf189fe93ed005701355
term_73bc5714d8a2e788dfa1,clothing,measure,0.72,local-hybrid,False,title-only term treated as likely measure; local model skipped because gold labels are pending,"[""occ_41da439e5f3844937005""]",run_cf189fe93ed005701355
term_33f5c33aed2758da24ce,Collection of cow's milk,measure,0.72,local-hybrid,False,title-only term treated as likely measure; local model skipped because gold labels are pending,"[""occ_b01d4d7c9a1769d13275""]",run_cf189fe93ed005701355
term_88a11807965b1c70b165,collection round,measure,0.72,local-hybrid,False,title-only term treated as likely measure; local model skipped because gold labels are pending,"[""occ_7b56b47c2ed7fb9aa74d""]",run_cf189fe93ed005701355
term_317e2a855d394df73210,Commercial aircraft fleet by age of aircraft and country of operator,measure,0.72,local-hybrid,False,title-only term treated as likely measure; local model skipped because gold labels are pending,"[""occ_c02c41506ccd89429437""]",run_cf189fe93ed005701355
term_48472a7a014a1cc35e96,Commercial aircraft fleet by age of aircraft and country of registration,measure,0.72,local-hybrid,False,title-only term treated as likely measure; local model skipped because gold labels are pending,"[""occ_44910e86186c48120e21""]",run_cf189fe93ed005701355
term_55550457e8cc10df0cd5,Commercial aircraft fleet by type of aircraft,measure,0.72,local-hybrid,False,title-only term treated as likely measure; local model skipped because gold labels are pending,"[""occ_d5839f0a9c52c389b727""]",run_cf189fe93ed005701355
term_c4410385432d9ecb3c92,Commercial aircraft fleet by type of aircraft - ENP-South countries,measure,0.72,local-hybrid,False,title-only term treated as likely measure; local model skipped because gold labels are pending,"[""occ_2590f1ad34953114f797""]",run_cf189fe93ed005701355
term_bf6245bcd701c5b54d1d,Commercial airports by type,measure,0.72,local-hybrid,False,title-only term treated as likely measure; local model skipped because gold labels are pending,"[""occ_96427e9667053d717789""]",run_cf189fe93ed005701355
term_718bdcd48616cbf1a944,Commissions payable by product,measure,0.72,local-hybrid,False,title-only term treated as likely measure; local model skipped because gold labels are pending,"[""occ_51846182f06813984778""]",run_cf189fe93ed005701355
term_e7767acece153a690e07,Commissions receivable by product,measure,0.72,local-hybrid,False,title-only term treated as likely measure; local model skipped because gold labels are pending,"[""occ_440288801253b308c8b5""]",run_cf189fe93ed005701355
term_6fe55058049d803a43d8,Common bird index by type of species,measure,0.72,local-hybrid,False,title-only term treated as likely measure; local model skipped because gold labels are pending,"[""occ_7a435c6a4ee13481df48""]",run_cf189fe93ed005701355
term_af256c1aad4ed67c73cb,Common bird index by type of species - EU aggregate,measure,0.72,local-hybrid,False,title-only term treated as likely measure; local model skipped because gold labels are pending,"[""occ_7c9a18bcc54875d11d04""]",run_cf189fe93ed005701355
term_94ef17326b81effe94d7,Common bird indices by type of estimate,measure,0.72,local-hybrid,False,title-only term treated as likely measure; local model skipped because gold labels are pending,"[""occ_b359a0041916d18f8b22""]",run_cf189fe93ed005701355
term_e0fc85c5fb475992ff8d,Common farmland bird index,measure,0.72,local-hybrid,False,title-only term treated as likely measure; local model skipped because gold labels are pending,"[""occ_b786f463843e3240b6fc""]",run_cf189fe93ed005701355
term_4c01812f7bbc1d096a56,Communication,measure,0.72,local-hybrid,False,title-only term treated as likely measure; local model skipped because gold labels are pending,"[""occ_0ab34f190d6bebcfd4b6""]",run_cf189fe93ed005701355
term_c77d978151d60b6fcc8e,compared to corresponding period of the previous year,measure,0.72,local-hybrid,False,title-only term treated as likely measure; local model skipped because gold labels are pending,"[""occ_5ffa96787414e27f2551""]",run_cf189fe93ed005701355
term_093bae202607c49991aa,"Compensation of employees - annual data, million units of national currency",measure,0.72,local-hybrid,False,title-only term treated as likely measure; local model skipped because gold labels are pending,"[""occ_522065c74bc9b83e9899""]",run_cf189fe93ed005701355
term_ace3cc8f02505621e0ce,Composition of municipal waste,measure,0.72,local-hybrid,False,title-only term treated as likely measure; local model skipped because gold labels are pending,"[""occ_caea360b03031f00fb26""]",run_cf189fe93ed005701355
term_68e6454321e6a6c7cc1d,Concentration of multinational enterprise groups by NACE Rev. 2 activity,measure,0.72,local-hybrid,False,title-only term treated as likely measure; local model skipped because gold labels are pending,"[""occ_097e565054450c66a0ef""]",run_cf189fe93ed005701355
term_6cff7b93ed15e2a4bea7,Concentration of multinational enterprise groups by NACE Rev. 2 activity - experimental statistics,measure,0.72,local-hybrid,False,title-only term treated as likely measure; local model skipped because gold labels are pending,"[""occ_81cb31515cd0f3f6d2ae""]",run_cf189fe93ed005701355
term_d072cb4727b6a713edcb,Confidence indicators by sector,measure,0.72,local-hybrid,False,title-only term treated as likely measure; local model skipped because gold labels are pending,"[""occ_bca0873ca7e58940ec76""]",run_cf189fe93ed005701355
term_1d490b3690f8a6d9f521,constant prices,measure,0.88,local-hybrid,True,title evidence with measure lexical cue; local model skipped because gold labels are pending,"[""occ_3c472b75f91a8dd949f0""]",run_cf189fe93ed005701355
term_fc793457dd913d38f95a,Consultation of a dentist per inhabitant,measure,0.72,local-hybrid,False,title-only term treated as likely measure; local model skipped because gold labels are pending,"[""occ_d322285c04c6535fd6e7""]",run_cf189fe93ed005701355
term_42aae3aa6720b6c8fca8,Consultation of a medical doctor (in private practice or as outpatient) per inhabitant,measure,0.72,local-hybrid,False,title-only term treated as likely measure; local model skipped because gold labels are pending,"[""occ_f3562ead0649ee2569d2""]",run_cf189fe93ed005701355
term_a8e5da3f1886cdf8f428,Consultation of a medical doctor (in private practice or as outpatient) per inhabitant - historical data,measure,0.72,local-hybrid,False,title-only term treated as likely measure; local model skipped because gold labels are pending,"[""occ_e583f7e0e177bcfdb397""]",run_cf189fe93ed005701355
term_b1e5cae197977a17ff16,Consultation of a medical doctor per inhabitant and by type of consultation,measure,0.72,local-hybrid,False,title-only term treated as likely measure; local model skipped because gold labels are pending,"[""occ_5ec6fde56edfb17088be""]",run_cf189fe93ed005701355
term_eacb2216fe4997adf92e,Consumer price index,measure,0.88,local-hybrid,True,title evidence with measure lexical cue; local model skipped because gold labels are pending,"[""occ_0ade844f855e2cc7e3ec"", ""occ_e4ce685771592bd1b6f2""]",run_cf189fe93ed005701355
term_5574a85a609e8966b428,Consumer price index - ENP-East countries,measure,0.88,local-hybrid,True,title evidence with measure lexical cue; local model skipped because gold labels are pending,"[""occ_428205c5457712de4396""]",run_cf189fe93ed005701355
term_a1ec4c2cbf84309933ed,Consumer price index - ENP-South countries,measure,0.88,local-hybrid,True,title evidence with measure lexical cue; local model skipped because gold labels are pending,"[""occ_e339d94f53fb9a24dc38""]",run_cf189fe93ed005701355
term_be7e65c9209c8c5c85b1,Consumption footprint - single weighted score,measure,0.72,local-hybrid,False,title-only term treated as likely measure; local model skipped because gold labels are pending,"[""occ_5f27ac5a6d239ecdc064""]",run_cf189fe93ed005701355
term_479aabe58de191d99f16,Consumption of antibiotics in the community and hospital sectors,measure,0.72,local-hybrid,False,title-only term treated as likely measure; local model skipped because gold labels are pending,"[""occ_4098a458991ca3afcb08""]",run_cf189fe93ed005701355
term_541bed0342984cb8cad3,Consumption of antibiotics in the community and hospital sectors - defined daily doses (DDD) per day,measure,0.72,local-hybrid,False,title-only term treated as likely measure; local model skipped because gold labels are pending,"[""occ_8ed14720ab57ada5430b""]",run_cf189fe93ed005701355
term_aef93d1a3d3e0e011769,Consumption of chemicals by hazardousness,measure,0.72,local-hybrid,False,title-only term treated as likely measure; local model skipped because gold labels are pending,"[""occ_41c541fac4dded37d78d""]",run_cf189fe93ed005701355
term_972ffa9f506d762f59b0,Consumption of chemicals by hazardousness - EU aggregate,measure,0.72,local-hybrid,False,title-only term treated as likely measure; local model skipped because gold labels are pending,"[""occ_20cd09863907df3941c0""]",run_cf189fe93ed005701355
term_4a0b669ccf7ca7ca2794,Consumption of lightweight plastic carrier bags by their wall thickness,measure,0.72,local-hybrid,False,title-only term treated as likely measure; local model skipped because gold labels are pending,"[""occ_cf3d2aee69757e8c92bd""]",run_cf189fe93ed005701355
term_6150cd2caa8f4a04c46e,Container transport by type of goods and coverage,measure,0.88,local-hybrid,True,title evidence with measure lexical cue; local model skipped because gold labels are pending,"[""occ_6c3a3321244aa616c325""]",run_cf189fe93ed005701355
term_0598f14913cb0db81a4f,Contribution of recycled materials to raw materials demand,measure,0.72,local-hybrid,False,title-only term treated as likely measure; local model skipped because gold labels are pending,"[""occ_c44f533fd63cfb60a605""]",run_cf189fe93ed005701355
term_a0e8c0ddd179e3a19198,Contribution of recycled materials to raw materials demand - end-of-life recycling input rates (EOL-RIR),measure,0.72,local-hybrid,False,title-only term treated as likely measure; local model skipped because gold labels are pending,"[""occ_aecbcaea5957d6ad94fa""]",run_cf189fe93ed005701355
term_f9ba2eee056d22e1e0e8,Contribution to the international 100bn USD commitment on climate related expending,measure,0.72,local-hybrid,False,title-only term treated as likely measure; local model skipped because gold labels are pending,"[""occ_5554d4e66515eae0d70a""]",run_cf189fe93ed005701355
term_12b40533e32d7a6f52b4,Convergence indicators,measure,0.72,local-hybrid,False,title-only term treated as likely measure; local model skipped because gold labels are pending,"[""occ_b3a5cac45883c3fce9ff""]",run_cf189fe93ed005701355
term_ee59200637a732128219,Conversion factors for euro fixed series into euro/ECU,measure,0.72,local-hybrid,False,title-only term treated as likely measure; local model skipped because gold labels are pending,"[""occ_22dc86e06c05bbf68c59""]",run_cf189fe93ed005701355
term_1ec0217a61f09c7dfa21,Conversion factors for euro fixed series into euro/ECU - annual data,measure,0.72,local-hybrid,False,title-only term treated as likely measure; local model skipped because gold labels are pending,"[""occ_910ab6764007f6d5a55d""]",run_cf189fe93ed005701355
term_61a1bb589e9bb657db54,Cooling and heating degree days by country,measure,0.72,local-hybrid,False,title-only term treated as likely measure; local model skipped because gold labels are pending,"[""occ_620f5b6db2212b5d2a74""]",run_cf189fe93ed005701355
term_87a9add98115ffb1e4fd,Cooling and heating degree days by country - annual data,measure,0.72,local-hybrid,False,title-only term treated as likely measure; local model skipped because gold labels are pending,"[""occ_14f3420c096f9e278ffb""]",run_cf189fe93ed005701355
term_ec45e4873e78f8a16eaa,Correction coefficients in the European Union (Countries),measure,0.72,local-hybrid,False,title-only term treated as likely measure; local model skipped because gold labels are pending,"[""occ_a3b5f5a277e99ccd7810""]",run_cf189fe93ed005701355
term_c6657a4a11009e5e79bb,Correction coefficients in the European Union (Countries) - index (= 100),measure,0.72,local-hybrid,False,title-only term treated as likely measure; local model skipped because gold labels are pending,"[""occ_dbe7f0ea86ebfe09606c""]",run_cf189fe93ed005701355
term_b6f8218fad51cd6a79cf,Correction coefficients in the European Union (Duty stations),measure,0.72,local-hybrid,False,title-only term treated as likely measure; local model skipped because gold labels are pending,"[""occ_ac4da578b5dc76eb3e97""]",run_cf189fe93ed005701355
term_49d605a634478791fba3,Correction coefficients in the European Union (Duty stations) - index (Brussels = 100),measure,0.72,local-hybrid,False,title-only term treated as likely measure; local model skipped because gold labels are pending,"[""occ_3d599edd02595e6c6f47""]",run_cf189fe93ed005701355
term_94d830dd2f96160ae9f5,Correction coefficients outside the European Union (Duty stations),measure,0.72,local-hybrid,False,title-only term treated as likely measure; local model skipped because gold labels are pending,"[""occ_3e82576f3210267f407a""]",run_cf189fe93ed005701355
term_ec270f0bf803b6b2ea3c,Correction coefficients outside the European Union (Duty stations) - index (Brussels = 100),measure,0.72,local-hybrid,False,title-only term treated as likely measure; local model skipped because gold labels are pending,"[""occ_727c2465f804a733618b""]",run_cf189fe93ed005701355
term_48fdfa308fb5fb182b6f,Corruption Perceptions Index,measure,0.72,local-hybrid,False,title-only term treated as likely measure; local model skipped because gold labels are pending,"[""occ_4bc7ac06279c6989d44b""]",run_cf189fe93ed005701355
term_267c270a46e8911fbb8b,Country level - gross weight of goods handled in all ports,measure,0.72,local-hybrid,False,title-only term treated as likely measure; local model skipped because gold labels are pending,"[""occ_b10178d4874757ae32e6""]",run_cf189fe93ed005701355
term_eeb74df36ec781cf531c,Country level - gross weight of goods handled in main ports,measure,0.72,local-hybrid,False,title-only term treated as likely measure; local model skipped because gold labels are pending,"[""occ_f60167f6598cca227e83""]",run_cf189fe93ed005701355
term_027275b4917a775d06d1,Country level - gross weight of goods transported to/from main ports,measure,0.88,local-hybrid,True,title evidence with measure lexical cue; local model skipped because gold labels are pending,"[""occ_3fef920e4b4c6091f442""]",run_cf189fe93ed005701355
term_1e44a9cf2afda0f39366,Country level - passengers embarked and disembarked in all ports,measure,0.72,local-hybrid,False,title-only term treated as likely measure; local model skipped because gold labels are pending,"[""occ_27256173a267465e361f""]",run_cf189fe93ed005701355
term_d315172e3c651816ba37,"Country level - volume (in TEUs) of containers handled in main ports, by loading status",measure,0.72,local-hybrid,False,title-only term treated as likely measure; local model skipped because gold labels are pending,"[""occ_d15e0e8897d83b7910db""]",run_cf189fe93ed005701355
term_69d05ad442154c828ac3,cow's milk,measure,0.72,local-hybrid,False,title-only term treated as likely measure; local model skipped because gold labels are pending,"[""occ_f938aa1cc9bfdb5623e7""]",run_cf189fe93ed005701355
term_ac49c8d4bf9ebe2ab58f,Crimes recorded by the police - homicide in cities,measure,0.88,local-hybrid,True,title evidence with measure lexical cue; local model skipped because gold labels are pending,"[""occ_d97d5f85c313a5a77fdf""]",run_cf189fe93ed005701355
term_6e2e4c4d0b41309019a9,Crop output,measure,0.72,local-hybrid,False,title-only term treated as likely measure; local model skipped because gold labels are pending,"[""occ_844b8e1ac047c2deb5a6""]",run_cf189fe93ed005701355
term_112b7bcba889c2543790,Crop output - basic and producer prices,measure,0.88,local-hybrid,True,title evidence with measure lexical cue; local model skipped because gold labels are pending,"[""occ_8daac879fbe24cfd64cc""]",run_cf189fe93ed005701355
term_484236517c42f3ecd18f,Crop production - ENP-East countries,measure,0.88,local-hybrid,True,title evidence with measure lexical cue; local model skipped because gold labels are pending,"[""occ_9d378f86402735c71fcc""]",run_cf189fe93ed005701355
term_e9ef238b028627dd77c4,Crop production - ENP-South countries,measure,0.88,local-hybrid,True,title evidence with measure lexical cue; local model skipped because gold labels are pending,"[""occ_9731dcadaf142d5e4512""]",run_cf189fe93ed005701355
term_99e1529e4e89f9c36b6e,"Crude rate of birth, of dead and of population change",measure,0.88,local-hybrid,True,title evidence with measure lexical cue; local model skipped because gold labels are pending,"[""occ_8593896ef881b89db663""]",run_cf189fe93ed005701355
term_0aaad1fb739644538df7,"Crude rate of birth, of dead and of population change - ENP-South countries",measure,0.88,local-hybrid,True,title evidence with measure lexical cue; local model skipped because gold labels are pending,"[""occ_ed153bd4f799f587999e""]",run_cf189fe93ed005701355
term_5b656d79774bfea6beda,"crude rates of total change, natural change and net migration plus adjustment",measure,0.72,local-hybrid,False,title-only term treated as likely measure; local model skipped because gold labels are pending,"[""occ_1cc7b1a1416f37cb0519""]",run_cf189fe93ed005701355
term_1e90b7c1d9857b0b43e2,Cultural employment by sex,measure,0.88,local-hybrid,True,title evidence with measure lexical cue; local model skipped because gold labels are pending,"[""occ_0c7c251f816d02679ea2""]",run_cf189fe93ed005701355
term_b3c63a2649507ac669f8,Current account balance - 3 year average,measure,0.72,local-hybrid,False,title-only term treated as likely measure; local model skipped because gold labels are pending,"[""occ_9f0d160fab71a6e71ec0""]",run_cf189fe93ed005701355
term_b7d58596885dbf86ac1b,Current account balance - annual data,measure,0.72,local-hybrid,False,title-only term treated as likely measure; local model skipped because gold labels are pending,"[""occ_c6e962b421fe247083cb""]",run_cf189fe93ed005701355
term_08b5c5530412b562c45b,"Current account transactions - credits, debits and balance",measure,0.72,local-hybrid,False,title-only term treated as likely measure; local model skipped because gold labels are pending,"[""occ_4cb5351d05f351842a08""]",run_cf189fe93ed005701355
term_f0483572e368fe34efe5,"Current account transactions - goods: credits, debits and balance",measure,0.72,local-hybrid,False,title-only term treated as likely measure; local model skipped because gold labels are pending,"[""occ_a5bcb7bac155a6016d22""]",run_cf189fe93ed005701355
term_c46d3ef2aa9824c586e8,"Current account transactions - primary income: credits, debits and balance",measure,0.88,local-hybrid,True,title evidence with measure lexical cue; local model skipped because gold labels are pending,"[""occ_5588605db54edf25987f""]",run_cf189fe93ed005701355
term_f216ac3c2bf81bef68a4,"Current account transactions - secondary income: credits, debits and balance",measure,0.88,local-hybrid,True,title evidence with measure lexical cue; local model skipped because gold labels are pending,"[""occ_bff04f617679b0e49615""]",run_cf189fe93ed005701355
term_de84e6e45b0a6cab3d3c,"Current account transactions - services: credits, debits and balance",measure,0.72,local-hybrid,False,title-only term treated as likely measure; local model skipped because gold labels are pending,"[""occ_80d98b42a0b127c2c085""]",run_cf189fe93ed005701355
term_90505e09ab31ef62c84b,current and capital account,measure,0.72,local-hybrid,False,title-only term treated as likely measure; local model skipped because gold labels are pending,"[""occ_ec0dadd170ab63539536""]",run_cf189fe93ed005701355
term_9b4a320bb3cb41de9d54,Current level of capacity utilization in manufacturing industry,measure,0.72,local-hybrid,False,title-only term treated as likely measure; local model skipped because gold labels are pending,"[""occ_e1a2d97bcf30639dcdc6""]",run_cf189fe93ed005701355
term_06805613d2075f44c3ed,current prices,measure,0.88,local-hybrid,True,title evidence with measure lexical cue; local model skipped because gold labels are pending,"[""occ_2a3fe43b920fdff5ecb0"", ""occ_3090d7266ac99bd3d4a9"", ""occ_3be4faafa9076c7ff322"", ""occ_5993b0ce993d55a104c5"", ""occ_62fba27a7e6167c42393"", ""occ_77b49f474a004c115639"", ""occ_7c36156788399e0bd8eb"", ""occ_86a62e7415bb9659e067"", ""occ_cf74dedde48d8af3db19"", ""occ_df30f81d1c867fc257cf"", ""occ_e16e97686400b64d86e8"", ""occ_fdfbc2e693f8c16d8072""]",run_cf189fe93ed005701355
term_dd6b8afb8b6d002c5b84,Customers by type of district network and efficiency of network,measure,0.72,local-hybrid,False,title-only term treated as likely measure; local model skipped because gold labels are pending,"[""occ_c7581e6d6b8ffb457a94""]",run_cf189fe93ed005701355
term_2c8ccd81be91737ed0c3,Czech Republic,measure,0.72,local-hybrid,False,title-only term treated as likely measure; local model skipped because gold labels are pending,"[""occ_174fc7932d1234678e27""]",run_cf189fe93ed005701355
term_23759d58cbb76569cc87,Day-to-day money market interest rates,measure,0.72,local-hybrid,False,title-only term treated as likely measure; local model skipped because gold labels are pending,"[""occ_764a577460dba8312143""]",run_cf189fe93ed005701355
term_4f8500707112a06de1ef,Day-to-day rates for euro area countries - annual data,measure,0.72,local-hybrid,False,title-only term treated as likely measure; local model skipped because gold labels are pending,"[""occ_6b211eaacd8da29820db""]",run_cf189fe93ed005701355
term_ff44a431ef112b48013d,Day-to-day rates for euro area countries - quarterly data,measure,0.72,local-hybrid,False,title-only term treated as likely measure; local model skipped because gold labels are pending,"[""occ_28b44808cadd232179b5""]",run_cf189fe93ed005701355
term_ee0af25bc9926a37804a,DDD,measure,0.72,local-hybrid,False,title-only term treated as likely measure; local model skipped because gold labels are pending,"[""occ_0acd164b7fcf651aa4e3""]",run_cf189fe93ed005701355
term_101e60ee5f0f430737e5,"Death due to accidents, by sex",measure,0.88,local-hybrid,True,title evidence with measure lexical cue; local model skipped because gold labels are pending,"[""occ_4e8ae24d7d6afd53d294""]",run_cf189fe93ed005701355
term_956ee1e95cb224363643,"Death due to AIDS (HIV-disease), by sex",measure,0.88,local-hybrid,True,title evidence with measure lexical cue; local model skipped because gold labels are pending,"[""occ_2fa48a96c06a0148bca6""]",run_cf189fe93ed005701355
term_76957f17efd94e0cea36,"Death due to alcoholic abuse, by sex",measure,0.88,local-hybrid,True,title evidence with measure lexical cue; local model skipped because gold labels are pending,"[""occ_a0293f94f3977adf46e1""]",run_cf189fe93ed005701355
term_94b6765642dac6f6949f,"Death due to cancer, by sex",measure,0.88,local-hybrid,True,title evidence with measure lexical cue; local model skipped because gold labels are pending,"[""occ_7d90efc98110b2b7868e""]",run_cf189fe93ed005701355
term_917e54b71e6c2b9e56cf,"Death due to chronic liver disease, by sex",measure,0.88,local-hybrid,True,title evidence with measure lexical cue; local model skipped because gold labels are pending,"[""occ_18c82ed334acc32f4c3d""]",run_cf189fe93ed005701355
term_eeb6980f51c7d56fc3f4,"Death due to diabetes mellitus, by sex",measure,0.88,local-hybrid,True,title evidence with measure lexical cue; local model skipped because gold labels are pending,"[""occ_1bf706b8e262945477f4""]",run_cf189fe93ed005701355
term_00b72c6e5deff8c38d7c,"Death due to diseases of the nervous system, by sex",measure,0.88,local-hybrid,True,title evidence with measure lexical cue; local model skipped because gold labels are pending,"[""occ_45ebf642021871edc490""]",run_cf189fe93ed005701355
term_399d10eefab967a56ee1,"Death due to drugs dependence, by sex",measure,0.88,local-hybrid,True,title evidence with measure lexical cue; local model skipped because gold labels are pending,"[""occ_63cd87de4891397186a2""]",run_cf189fe93ed005701355
term_d2dca023ba00e51db540,"Death due to homicide, assault, by sex",measure,0.88,local-hybrid,True,title evidence with measure lexical cue; local model skipped because gold labels are pending,"[""occ_797896c8eebb2b579b42""]",run_cf189fe93ed005701355
term_57d1f644eb4f567ee35e,"Death due to other ischaemic heart diseases, by sex",measure,0.88,local-hybrid,True,title evidence with measure lexical cue; local model skipped because gold labels are pending,"[""occ_5eaf124b69b56d577876""]",run_cf189fe93ed005701355
term_16db44a8101ea3aaa4f2,"Death due to pneumonia, by sex",measure,0.88,local-hybrid,True,title evidence with measure lexical cue; local model skipped because gold labels are pending,"[""occ_a3f1faa45612dfd7a962""]",run_cf189fe93ed005701355
term_a328ea1f4752a941f146,"Death due to suicide, by sex",measure,0.88,local-hybrid,True,title evidence with measure lexical cue; local model skipped because gold labels are pending,"[""occ_c79aee8aabcf9d311bfa""]",run_cf189fe93ed005701355
term_5849d9c0db41e7b9acb9,"Death due to transport accidents, by sex",measure,0.88,local-hybrid,True,title evidence with measure lexical cue; local model skipped because gold labels are pending,"[""occ_3ff29694c6226a08e636""]",run_cf189fe93ed005701355
term_4ac219ee67cfb6b290fb,Deaths and crude death rate,measure,0.88,local-hybrid,True,title evidence with measure lexical cue; local model skipped because gold labels are pending,"[""occ_3d2d0d7378c77d45a1a2""]",run_cf189fe93ed005701355
term_92edf6d2724d27c3b16d,Deaths by sex,measure,0.88,local-hybrid,True,title evidence with measure lexical cue; local model skipped because gold labels are pending,"[""occ_5b12a81aef8bc646b51e""]",run_cf189fe93ed005701355
term_137e8305fffe057d3255,Deaths of residents related to dementias including Alzheimer,measure,0.88,local-hybrid,True,title evidence with measure lexical cue; local model skipped because gold labels are pending,"[""occ_7315d22adca28f0af675""]",run_cf189fe93ed005701355
term_2fe7cddaf6b900bf1703,Debt of the EU institutions,measure,0.72,local-hybrid,False,title-only term treated as likely measure; local model skipped because gold labels are pending,"[""occ_49873ca6a49545a65e0a""]",run_cf189fe93ed005701355
term_0bff3065c8d1a3c64529,Debts,measure,0.72,local-hybrid,False,title-only term treated as likely measure; local model skipped because gold labels are pending,"[""occ_18a4f284ed6477cddb0e""]",run_cf189fe93ed005701355
term_f335ca95eddccdc8403f,Decisions granting temporary protection by citizenship,measure,0.72,local-hybrid,False,title-only term treated as likely measure; local model skipped because gold labels are pending,"[""occ_c64dca875c632a400786""]",run_cf189fe93ed005701355
term_f41900e17664dcd50447,dedicated data collection,measure,0.72,local-hybrid,False,title-only term treated as likely measure; local model skipped because gold labels are pending,"[""occ_934d5aed931b9ec1bbd0""]",run_cf189fe93ed005701355
term_2cc90d996a949a792cf9,defined daily doses (DDD) per day,measure,0.72,local-hybrid,False,title-only term treated as likely measure; local model skipped because gold labels are pending,"[""occ_cfce2426726c6565aa2c""]",run_cf189fe93ed005701355
term_d67310d530f06cf4ff67,deflated turnover,measure,0.72,local-hybrid,False,title-only term treated as likely measure; local model skipped because gold labels are pending,"[""occ_21c8b90475ae179ff5e0""]",run_cf189fe93ed005701355
term_fcfcdda77bcc15f82b76,Demographic indicators,measure,0.72,local-hybrid,False,title-only term treated as likely measure; local model skipped because gold labels are pending,"[""occ_fbe7a7ca12f203b04ed0""]",run_cf189fe93ed005701355
term_f9ddf099c28bbeb166c1,Departures of residents going abroad for all holidays and business - ENP-East countries,measure,0.72,local-hybrid,False,title-only term treated as likely measure; local model skipped because gold labels are pending,"[""occ_5f85adad38b98e9af1b1""]",run_cf189fe93ed005701355
term_bffa3262aa1720814b47,Departures of residents going abroad for all holidays and business - ENP-South countries,measure,0.72,local-hybrid,False,title-only term treated as likely measure; local model skipped because gold labels are pending,"[""occ_b528b604e1ab1bffe2f0""]",run_cf189fe93ed005701355
term_dda5e40b651bbccf6933,Depth of material deprivation,measure,0.72,local-hybrid,False,title-only term treated as likely measure; local model skipped because gold labels are pending,"[""occ_4287eb43364982d053ce""]",run_cf189fe93ed005701355
term_6c50c8f06cce6a349241,Depth of material deprivation - EU-SILC survey,measure,0.72,local-hybrid,False,title-only term treated as likely measure; local model skipped because gold labels are pending,"[""occ_38ec7fa96accc6719dd9""]",run_cf189fe93ed005701355
term_c243e08167212380b020,detailed reporting only,measure,0.72,local-hybrid,False,title-only term treated as likely measure; local model skipped because gold labels are pending,"[""occ_47b97fc91151fd3fe9ad""]",run_cf189fe93ed005701355
term_d2d3af7f0ef9a3518fdb,Direct investment,measure,0.72,local-hybrid,False,title-only term treated as likely measure; local model skipped because gold labels are pending,"[""occ_89a7a5a95180008c8fb0""]",run_cf189fe93ed005701355
term_6ed05af438e18e343343,"Direct investment - annual data, million units of national currency",measure,0.72,local-hybrid,False,title-only term treated as likely measure; local model skipped because gold labels are pending,"[""occ_4956b469c400d4b5ecef""]",run_cf189fe93ed005701355
term_bb1b60458c7200341d6b,"Direct investment abroad, main components",measure,0.72,local-hybrid,False,title-only term treated as likely measure; local model skipped because gold labels are pending,"[""occ_18265331a2d720698735""]",run_cf189fe93ed005701355
term_a0eb7c31ab198509a8e6,"Direct investment abroad, main components - annual data, million units of national currency",measure,0.72,local-hybrid,False,title-only term treated as likely measure; local model skipped because gold labels are pending,"[""occ_cc3989ca919ed21e99ad""]",run_cf189fe93ed005701355
term_10d84d61e63c4c25a8ea,Direct investment liabilities (flows),measure,0.72,local-hybrid,False,title-only term treated as likely measure; local model skipped because gold labels are pending,"[""occ_6c658cb3be62be6a4835""]",run_cf189fe93ed005701355
term_6c28e669b8ae9b75d28b,"Direct investment liabilities (flows) - annual data, % of GDP",measure,0.88,local-hybrid,True,title evidence with measure lexical cue; local model skipped because gold labels are pending,"[""occ_78bbfe1602a1cdc091f9""]",run_cf189fe93ed005701355
term_bb66a4e6a73ba363b8b1,Direct investment liabilities (stocks),measure,0.72,local-hybrid,False,title-only term treated as likely measure; local model skipped because gold labels are pending,"[""occ_60fef9ef0131d745275f""]",run_cf189fe93ed005701355
term_83264f46823288d5d1e9,"Direct investment liabilities (stocks) - annual data, % of GDP",measure,0.88,local-hybrid,True,title evidence with measure lexical cue; local model skipped because gold labels are pending,"[""occ_15dc1d726caa4ab1f4d0""]",run_cf189fe93ed005701355
term_83d34ba5d81be5a0203c,Disaggregated final energy consumption in services,measure,0.72,local-hybrid,False,title-only term treated as likely measure; local model skipped because gold labels are pending,"[""occ_4b897f9c305ab87760e1""]",run_cf189fe93ed005701355
term_cbede49ad2cdb0d46a62,Disaggregated final energy consumption in services - calorific values,measure,0.72,local-hybrid,False,title-only term treated as likely measure; local model skipped because gold labels are pending,"[""occ_77ba49eca6174147ea57""]",run_cf189fe93ed005701355
term_5f687e0515cf65d7e74a,Discharges from hospitals,measure,0.72,local-hybrid,False,title-only term treated as likely measure; local model skipped because gold labels are pending,"[""occ_1df08ffc804cea8d0119""]",run_cf189fe93ed005701355
term_80b5ab22dea335cf3afa,Disparities in adjusted gross disposable income of households per capita,measure,0.88,local-hybrid,True,title evidence with measure lexical cue; local model skipped because gold labels are pending,"[""occ_1a6233a9125c80f3b5de""]",run_cf189fe93ed005701355
term_b292535aa5c5b7307f1a,Dispersion around the at-risk-of-poverty threshold,measure,0.72,local-hybrid,False,title-only term treated as likely measure; local model skipped because gold labels are pending,"[""occ_9353ba3758464820511f""]",run_cf189fe93ed005701355
term_d6fb51cbc0ba0a9deec6,Dispersion around the at-risk-of-poverty threshold - EU-SILC survey,measure,0.72,local-hybrid,False,title-only term treated as likely measure; local model skipped because gold labels are pending,"[""occ_e8423b882e6a13dc3577""]",run_cf189fe93ed005701355
term_c00e3cbf486f8e4d5397,Dispersion around the at-risk-of-poverty threshold for elderly people,measure,0.72,local-hybrid,False,title-only term treated as likely measure; local model skipped because gold labels are pending,"[""occ_4c4c5a8bd3c52fb9e05e""]",run_cf189fe93ed005701355
term_e9f7abceaea25bc02422,Dispersion around the at-risk-of-poverty threshold for elderly people - EU-SILC survey,measure,0.72,local-hybrid,False,title-only term treated as likely measure; local model skipped because gold labels are pending,"[""occ_ded8909e9c330072c7b7""]",run_cf189fe93ed005701355
term_95b8178020896fefdfb0,Distribution by occupation (ISCO-08) of the labour market demand for ICT specialists in online job advertisements,measure,0.72,local-hybrid,False,title-only term treated as likely measure; local model skipped because gold labels are pending,"[""occ_8e403c5fd6b611ac501f""]",run_cf189fe93ed005701355
term_7461bb9f764b8499648f,Distribution by occupation (ISCO-08) of the labour market demand for ICT specialists in online job advertisements - experimental statistics,measure,0.72,local-hybrid,False,title-only term treated as likely measure; local model skipped because gold labels are pending,"[""occ_18673d88fb172d4d036b""]",run_cf189fe93ed005701355
term_0a6bea2a030249ecf0aa,Distribution of digital platform workers (at least one hour in the last month) by consequences of rejecting the task or service,measure,0.72,local-hybrid,False,title-only term treated as likely measure; local model skipped because gold labels are pending,"[""occ_0e028384c742f3931579""]",run_cf189fe93ed005701355
term_9792932f28b505c2caf9,Distribution of digital platform workers (at least one hour in the last month) by consequences of rejecting the task or service - experimental statistics,measure,0.72,local-hybrid,False,title-only term treated as likely measure; local model skipped because gold labels are pending,"[""occ_e8107873b50f1e42fba7""]",run_cf189fe93ed005701355
term_450ba1c87b2efba39f1a,Distribution of digital platform workers (at least one hour in the last month) by educational attainment level,measure,0.72,local-hybrid,False,title-only term treated as likely measure; local model skipped because gold labels are pending,"[""occ_d41084d95580e0ee765c""]",run_cf189fe93ed005701355
term_4dfbc4257bdf3c725597,Distribution of digital platform workers (at least one hour in the last month) by educational attainment level - experimental statistics,measure,0.72,local-hybrid,False,title-only term treated as likely measure; local model skipped because gold labels are pending,"[""occ_5ef6cc33c3fab2c7ad32""]",run_cf189fe93ed005701355
term_7eb0d4a5192079b09254,Distribution of digital platform workers (at least one hour in the last month) by labour status,measure,0.72,local-hybrid,False,title-only term treated as likely measure; local model skipped because gold labels are pending,"[""occ_9757fbb59ac0c50088f1""]",run_cf189fe93ed005701355
term_44484074f2e7306a8637,Distribution of digital platform workers (at least one hour in the last month) by labour status - experimental statistics,measure,0.72,local-hybrid,False,title-only term treated as likely measure; local model skipped because gold labels are pending,"[""occ_3cce7054885389566969""]",run_cf189fe93ed005701355
term_4c7e35d1efbd7315d86c,Distribution of digital platform workers (at least one hour in the last month) by price setting,measure,0.88,local-hybrid,True,title evidence with measure lexical cue; local model skipped because gold labels are pending,"[""occ_1acb4d0ae43d89fd73f4""]",run_cf189fe93ed005701355
term_0a5f811862a59c07d79f,Distribution of digital platform workers (at least one hour in the last month) by price setting - experimental statistics,measure,0.88,local-hybrid,True,title evidence with measure lexical cue; local model skipped because gold labels are pending,"[""occ_c2bf976f37da066d2aae""]",run_cf189fe93ed005701355
term_d0cf9392077626f22315,Distribution of digital platform workers (at least one hour in the last month) by share of platform income in their earnings,measure,0.88,local-hybrid,True,title evidence with measure lexical cue; local model skipped because gold labels are pending,"[""occ_780fb7aad1fc5a791e43""]",run_cf189fe93ed005701355
term_caa6309ffcec0ffa87e1,Distribution of digital platform workers (at least one hour in the last month) by share of platform income in their earnings - experimental statistics,measure,0.88,local-hybrid,True,title evidence with measure lexical cue; local model skipped because gold labels are pending,"[""occ_aacf3914ee906186df60""]",run_cf189fe93ed005701355
term_59072560a2bffa4ade78,Distribution of digital platform workers (at least one hour in the last month) by social insurance coverage and risk,measure,0.72,local-hybrid,False,title-only term treated as likely measure; local model skipped because gold labels are pending,"[""occ_917e316dfa034d945892""]",run_cf189fe93ed005701355
term_b2c1e1d084acef852366,Distribution of digital platform workers (at least one hour in the last month) by social insurance coverage and risk - experimental statistics,measure,0.72,local-hybrid,False,title-only term treated as likely measure; local model skipped because gold labels are pending,"[""occ_f50a04ed9270e288c149""]",run_cf189fe93ed005701355
term_60ed632bddc4b4e5677c,Distribution of digital platform workers (at least one hour in the last month) by type of work assignment,measure,0.72,local-hybrid,False,title-only term treated as likely measure; local model skipped because gold labels are pending,"[""occ_8ddd14cf762c4dd034d4""]",run_cf189fe93ed005701355
term_436ded31f30e2c350917,Distribution of digital platform workers (at least one hour in the last month) by type of work assignment - experimental statistics,measure,0.72,local-hybrid,False,title-only term treated as likely measure; local model skipped because gold labels are pending,"[""occ_c07d3ee9a6d2c7babbb8""]",run_cf189fe93ed005701355
term_de3ecf1e1eff6386f48c,Distribution of digital platform workers (at least one hour in the last month) by working hours setting,measure,0.72,local-hybrid,False,title-only term treated as likely measure; local model skipped because gold labels are pending,"[""occ_f0497c48f8c4e1b53e15""]",run_cf189fe93ed005701355
term_20e2445bd283d82fbf2f,Distribution of digital platform workers (at least one hour in the last month) by working hours setting - experimental statistics,measure,0.72,local-hybrid,False,title-only term treated as likely measure; local model skipped because gold labels are pending,"[""occ_80d3aa1457e2243916cc""]",run_cf189fe93ed005701355
term_aee7b50f267459bb7e5b,Distribution of digital platform workers (in the last 12 months) by number of hours worked in the last month,measure,0.72,local-hybrid,False,title-only term treated as likely measure; local model skipped because gold labels are pending,"[""occ_ad36f9c7c40aa37b31d9""]",run_cf189fe93ed005701355
term_70f55e2122f079d01ebb,Distribution of digital platform workers (in the last 12 months) by number of hours worked in the last month - experimental statistics,measure,0.72,local-hybrid,False,title-only term treated as likely measure; local model skipped because gold labels are pending,"[""occ_f0cba816936c8042bc29""]",run_cf189fe93ed005701355
term_6b198dfa571f0167b15f,Distribution of households by activity status of the reference person,measure,0.72,local-hybrid,False,title-only term treated as likely measure; local model skipped because gold labels are pending,"[""occ_3366c813fab109fca4c6""]",run_cf189fe93ed005701355
term_754afe6bac35caf6bc0a,Distribution of households by activity status of the reference person - experimental statistics,measure,0.72,local-hybrid,False,title-only term treated as likely measure; local model skipped because gold labels are pending,"[""occ_c51d350eb65c6ff78412""]",run_cf189fe93ed005701355
term_86d6b8ee1a219c1fca87,Distribution of households by age of the reference person,measure,0.72,local-hybrid,False,title-only term treated as likely measure; local model skipped because gold labels are pending,"[""occ_d6b1a2f5729df0b8009a""]",run_cf189fe93ed005701355
term_bebe5df5f9aeb1139dd0,Distribution of households by age of the reference person - experimental statistics,measure,0.72,local-hybrid,False,title-only term treated as likely measure; local model skipped because gold labels are pending,"[""occ_c7205bc808210c42a7bc""]",run_cf189fe93ed005701355
term_50bf4f4316d68c1c332f,Distribution of households by household size,measure,0.72,local-hybrid,False,title-only term treated as likely measure; local model skipped because gold labels are pending,"[""occ_23acde575f05fe4daa52""]",run_cf189fe93ed005701355
term_40145d7332bc1dee9fec,Distribution of households by household type - experimental statistics,measure,0.72,local-hybrid,False,title-only term treated as likely measure; local model skipped because gold labels are pending,"[""occ_150267165fd78b7eaa21""]",run_cf189fe93ed005701355
term_efd064db52dc2543bc3b,Distribution of households with children by number of children,measure,0.72,local-hybrid,False,title-only term treated as likely measure; local model skipped because gold labels are pending,"[""occ_77ae81f7ce8d543018ec""]",run_cf189fe93ed005701355
term_eab582259d286e7cd986,Distribution of population by household types,measure,0.88,local-hybrid,True,title evidence with measure lexical cue; local model skipped because gold labels are pending,"[""occ_59111621d60b7054eee5""]",run_cf189fe93ed005701355
term_892ca2920961f51b7d30,Distribution of population by household types - EU-SILC survey,measure,0.88,local-hybrid,True,title evidence with measure lexical cue; local model skipped because gold labels are pending,"[""occ_becf83144e031c3e036e""]",run_cf189fe93ed005701355
term_559e67b0df2257c44863,Diversity index of energy supply,measure,0.72,local-hybrid,False,title-only term treated as likely measure; local model skipped because gold labels are pending,"[""occ_cb9fd9b5c7d2a43c0d71""]",run_cf189fe93ed005701355
term_60c8d65bd3934c60c5b0,domestic concept,measure,0.72,local-hybrid,False,title-only term treated as likely measure; local model skipped because gold labels are pending,"[""occ_448b27900efe7011a8c4""]",run_cf189fe93ed005701355
term_51ed3941228748ad9c32,Domestic industrial production price index,measure,0.88,local-hybrid,True,title evidence with measure lexical cue; local model skipped because gold labels are pending,"[""occ_696ac66ec8d0cd2f6edd""]",run_cf189fe93ed005701355
term_5717f6e639f4b12f4341,Domestic industrial production price index - ENP-East countries,measure,0.88,local-hybrid,True,title evidence with measure lexical cue; local model skipped because gold labels are pending,"[""occ_b79f254366887c1e53ce""]",run_cf189fe93ed005701355
term_7e46a5de0c25cc08b096,Domestic material consumption per capita,measure,0.72,local-hybrid,False,title-only term treated as likely measure; local model skipped because gold labels are pending,"[""occ_395417131ae8a7f8dcbd""]",run_cf189fe93ed005701355
term_1cffd66b8825402d8cd6,Domestic producer prices - capital goods,measure,0.88,local-hybrid,True,title evidence with measure lexical cue; local model skipped because gold labels are pending,"[""occ_b2cc2da25e07bc1eb592""]",run_cf189fe93ed005701355
term_c2d0179c7cd68ff9bdc4,Domestic producer prices - consumer durables,measure,0.88,local-hybrid,True,title evidence with measure lexical cue; local model skipped because gold labels are pending,"[""occ_b7ef5732dfb9b28b6353""]",run_cf189fe93ed005701355
term_d3259c0a506408ea96d9,Domestic producer prices - consumer non-durables,measure,0.88,local-hybrid,True,title evidence with measure lexical cue; local model skipped because gold labels are pending,"[""occ_ae371c9bce8d70a570fe""]",run_cf189fe93ed005701355
term_ebb8bef4d41b8ff4cc33,Domestic producer prices - energy,measure,0.88,local-hybrid,True,title evidence with measure lexical cue; local model skipped because gold labels are pending,"[""occ_48c973c2493e1b689b64""]",run_cf189fe93ed005701355
term_fe4e2ce249094bf3ed20,Domestic producer prices - intermediate goods,measure,0.88,local-hybrid,True,title evidence with measure lexical cue; local model skipped because gold labels are pending,"[""occ_f9b86e812ceb9c753290""]",run_cf189fe93ed005701355
term_9dbbcc4f8da2f29988f9,Domestic producer prices - manufacturing,measure,0.88,local-hybrid,True,title evidence with measure lexical cue; local model skipped because gold labels are pending,"[""occ_2997d4a3613c6ecc06e3""]",run_cf189fe93ed005701355
term_2a0305468dfa4b8a1343,Domestic producer prices - total industry (excluding construction),measure,0.88,local-hybrid,True,title evidence with measure lexical cue; local model skipped because gold labels are pending,"[""occ_67b2c991123f9cb7ec3f""]",run_cf189fe93ed005701355
term_b8148679f8267089578d,Drought impact area on ecosystems,measure,0.72,local-hybrid,False,title-only term treated as likely measure; local model skipped because gold labels are pending,"[""occ_54951cb7e0be5ffefa03""]",run_cf189fe93ed005701355
term_7850094491fdcb8c4867,"Dry pulses and protein crops for the production of grain (including seed and mixtures of cereals and pulses) by area, production and humidity",measure,0.88,local-hybrid,True,title evidence with measure lexical cue; local model skipped because gold labels are pending,"[""occ_0e48772960962661c0f0""]",run_cf189fe93ed005701355
term_bb730d9af0ef753d3ef7,Duration of working life,measure,0.72,local-hybrid,False,title-only term treated as likely measure; local model skipped because gold labels are pending,"[""occ_46046372d535dba71cd4""]",run_cf189fe93ed005701355
term_6da700134830ffec559c,"Dwellings by type of ownership, type of building and occupancy status",measure,0.72,local-hybrid,False,title-only term treated as likely measure; local model skipped because gold labels are pending,"[""occ_b2d8824aedea3d3c5e2c""]",run_cf189fe93ed005701355
term_b795e878250c8b2362f6,Early leavers from education and training (age group 18-24),measure,0.72,local-hybrid,False,title-only term treated as likely measure; local model skipped because gold labels are pending,"[""occ_ca511cdb0369bad98d93""]",run_cf189fe93ed005701355
term_dbcd91d714b06ca3bc2e,Early leavers from education and training (aged 18-24) by sex,measure,0.72,local-hybrid,False,title-only term treated as likely measure; local model skipped because gold labels are pending,"[""occ_6a45badf4fd0bac3ed7f""]",run_cf189fe93ed005701355
term_3118138c46f9a20abc62,Early leavers from education and training (aged 18-24) by sex - ENP-East countries,measure,0.72,local-hybrid,False,title-only term treated as likely measure; local model skipped because gold labels are pending,"[""occ_cc49f19963b8c55a5579""]",run_cf189fe93ed005701355
term_450cef0268255c662f94,Early leavers from education and training by citizenship,measure,0.72,local-hybrid,False,title-only term treated as likely measure; local model skipped because gold labels are pending,"[""occ_afbd38e344d0392617ca""]",run_cf189fe93ed005701355
term_4c18e6956b4fe5d5d3df,Early leavers from education and training by sex,measure,0.72,local-hybrid,False,title-only term treated as likely measure; local model skipped because gold labels are pending,"[""occ_2def82707516a16cdafe""]",run_cf189fe93ed005701355
term_abb2694be71a2077fa44,Early retirement among persons who receive an old-age pension,measure,0.72,local-hybrid,False,title-only term treated as likely measure; local model skipped because gold labels are pending,"[""occ_294a1541555cc95fc47f""]",run_cf189fe93ed005701355
term_87a18ba204311287fa85,Economic accounts for agriculture (EAA),measure,0.72,local-hybrid,False,title-only term treated as likely measure; local model skipped because gold labels are pending,"[""occ_eeda3fe7929cde4f1c9e""]",run_cf189fe93ed005701355
term_bebb63b6255212559930,Economic activity,measure,0.72,local-hybrid,False,title-only term treated as likely measure; local model skipped because gold labels are pending,"[""occ_27ff3b9f7f207191d4f3""]",run_cf189fe93ed005701355
term_8d27fdc63100bcd5faca,Economic losses from weather- and climate-related extremes,measure,0.72,local-hybrid,False,title-only term treated as likely measure; local model skipped because gold labels are pending,"[""occ_045ee0f95eec0f94ddb0""]",run_cf189fe93ed005701355
term_0571a3291c58a9b311fe,ECU/ exchange rates versus national currencies,measure,0.72,local-hybrid,False,title-only term treated as likely measure; local model skipped because gold labels are pending,"[""occ_7752062cef7785d5c978""]",run_cf189fe93ed005701355
term_f861d05d4a4f18494171,EDP concept,measure,0.72,local-hybrid,False,title-only term treated as likely measure; local model skipped because gold labels are pending,"[""occ_89d61abb3e641e4e5cc8""]",run_cf189fe93ed005701355
term_0bc9d7812026d642cd23,Effect of social transfers on income quintile share ratio S80/S20,measure,0.88,local-hybrid,True,title evidence with measure lexical cue; local model skipped because gold labels are pending,"[""occ_c0efaa740efa305d9e9a""]",run_cf189fe93ed005701355
term_a4a4b3edcc8d7cd6085f,Effect of taxes and social transfers on income quintile share ratio S80/S20,measure,0.88,local-hybrid,True,title evidence with measure lexical cue; local model skipped because gold labels are pending,"[""occ_4b3928bf68dc6bf3606f""]",run_cf189fe93ed005701355
term_5a81cbeed5828801de9a,Effect of taxes on income quintile share ratio S80/S20,measure,0.88,local-hybrid,True,title evidence with measure lexical cue; local model skipped because gold labels are pending,"[""occ_719b86e11d42e215a2f0""]",run_cf189fe93ed005701355
term_e8408c0c39a2ee76b5e1,Effect of the search for information on learning possibilities,measure,0.72,local-hybrid,False,title-only term treated as likely measure; local model skipped because gold labels are pending,"[""occ_da6c1645859421b82f6f""]",run_cf189fe93ed005701355
term_03f37ddd7760c05f14e6,Emigration,measure,0.72,local-hybrid,False,title-only term treated as likely measure; local model skipped because gold labels are pending,"[""occ_71d02e2757fe00d3d085""]",run_cf189fe93ed005701355
term_9103eea57cdcf46024dc,Emigration by group of country of next usual residence,measure,0.72,local-hybrid,False,title-only term treated as likely measure; local model skipped because gold labels are pending,"[""occ_558a7bc1a06281153e84""]",run_cf189fe93ed005701355
term_1f8f0fae41b681f7c586,Employed in service sector and occupational status of recent school-leavers,measure,0.72,local-hybrid,False,title-only term treated as likely measure; local model skipped because gold labels are pending,"[""occ_9015c5dffd9884321747""]",run_cf189fe93ed005701355
term_da3a141808972bc04c74,Employed information and communications technology (ICT) specialists,measure,0.72,local-hybrid,False,title-only term treated as likely measure; local model skipped because gold labels are pending,"[""occ_62952e757efd460e35e2""]",run_cf189fe93ed005701355
term_c4200002a7338c7b6687,Employed information and communications technology (ICT) specialists by age,measure,0.72,local-hybrid,False,title-only term treated as likely measure; local model skipped because gold labels are pending,"[""occ_6031d2e449da499d85dc""]",run_cf189fe93ed005701355
term_3e3111335e58d17cdccc,Employed information and communications technology (ICT) specialists by sex,measure,0.72,local-hybrid,False,title-only term treated as likely measure; local model skipped because gold labels are pending,"[""occ_9f7820f1856447dc77db""]",run_cf189fe93ed005701355
term_67f5c83397e51923fcc4,Employed persons being able to choose their methods of work or to influence their pace of work by sex and age,measure,0.72,local-hybrid,False,title-only term treated as likely measure; local model skipped because gold labels are pending,"[""occ_1d596e67e3adc474e05d""]",run_cf189fe93ed005701355
term_38a4dd1719d721f6707f,Employed persons being able to influence decisions that affect their work by sex and age,measure,0.72,local-hybrid,False,title-only term treated as likely measure; local model skipped because gold labels are pending,"[""occ_2f5fd2a35ea693653fea""]",run_cf189fe93ed005701355
term_6811242889b15f0f2c53,Employed persons being self-employed without employees by sex,measure,0.72,local-hybrid,False,title-only term treated as likely measure; local model skipped because gold labels are pending,"[""occ_a462609ec76e69df5f2c""]",run_cf189fe93ed005701355
term_9a8ebfd08c41183b90a2,Employed persons discriminated at work during the last 12 months by sex and age,measure,0.72,local-hybrid,False,title-only term treated as likely measure; local model skipped because gold labels are pending,"[""occ_37571fee32d0d86922d5""]",run_cf189fe93ed005701355
term_a87beaaa85561f1d9ec4,Employed persons expecting a possible loss of their job in the next 6 months by sex and age,measure,0.72,local-hybrid,False,title-only term treated as likely measure; local model skipped because gold labels are pending,"[""occ_590707f7f0b86251c38e""]",run_cf189fe93ed005701355
term_25afea5a7addd2535b88,"Employed persons exposed to employment-related physical, psychological or sexual violence in the last 12 months by sex and age",measure,0.88,local-hybrid,True,title evidence with measure lexical cue; local model skipped because gold labels are pending,"[""occ_072d52ab8b1b74fb9d2b""]",run_cf189fe93ed005701355
term_27242e433d1be93f0a54,Employed persons having a good relationship with their colleagues by sex and age,measure,0.72,local-hybrid,False,title-only term treated as likely measure; local model skipped because gold labels are pending,"[""occ_c6ae5c3e7d5f9df79e10""]",run_cf189fe93ed005701355
term_817b7e03ecaf77871a16,Employed persons having more than one job by sex,measure,0.72,local-hybrid,False,title-only term treated as likely measure; local model skipped because gold labels are pending,"[""occ_e4f7285b3cfe7e68a3cd""]",run_cf189fe93ed005701355
term_c38600f740d42b451cc7,Employed persons having the opportunity to use their knowledge and skills in their current job by sex and age,measure,0.72,local-hybrid,False,title-only term treated as likely measure; local model skipped because gold labels are pending,"[""occ_19f51156a526fab1f79f""]",run_cf189fe93ed005701355
term_449702facc8165f6c065,Employed persons having to work at very high speed or to tight deadlines by sex and age,measure,0.72,local-hybrid,False,title-only term treated as likely measure; local model skipped because gold labels are pending,"[""occ_b1a80784cdaaf7302faa""]",run_cf189fe93ed005701355
term_aaf0c5793614402fcd57,Employed persons in high and medium-high technology manufacturing sectors and knowledge-intensive service sectors,measure,0.72,local-hybrid,False,title-only term treated as likely measure; local model skipped because gold labels are pending,"[""occ_5597e059f1e743359a6b""]",run_cf189fe93ed005701355
term_11d608dc3e71d6c4e3fd,Employed persons in sport by age,measure,0.72,local-hybrid,False,title-only term treated as likely measure; local model skipped because gold labels are pending,"[""occ_545d991ead7d81902161""]",run_cf189fe93ed005701355
term_1c32aa1993dd7a26f1bb,Employed persons in sport by sex,measure,0.72,local-hybrid,False,title-only term treated as likely measure; local model skipped because gold labels are pending,"[""occ_65c29d06992be5107c98""]",run_cf189fe93ed005701355
term_0c34b3dc4838d861a368,Employed persons participating in job-related non-formal education and training in the past 12 months by sex and age,measure,0.72,local-hybrid,False,title-only term treated as likely measure; local model skipped because gold labels are pending,"[""occ_9fd8f928cfa22a044a67""]",run_cf189fe93ed005701355
term_b5ef74d3887658a1dfa4,Employed persons perceiving that their job-related non-formal education and training helped to improve the way they work by sex and age,measure,0.72,local-hybrid,False,title-only term treated as likely measure; local model skipped because gold labels are pending,"[""occ_ca532cd9dff978a1674f""]",run_cf189fe93ed005701355
term_a653b2ed389f5293e773,Employed persons thinking that they do useful work by sex and age,measure,0.72,local-hybrid,False,title-only term treated as likely measure; local model skipped because gold labels are pending,"[""occ_e6c7c064b3ee362a4378""]",run_cf189fe93ed005701355
term_ef412dc8581aa451b011,Employed persons whose job involves improving their skills by sex and age,measure,0.72,local-hybrid,False,title-only term treated as likely measure; local model skipped because gold labels are pending,"[""occ_9c3649dab148bcad2771""]",run_cf189fe93ed005701355
term_1acfc2ff79aa8cd4608b,Employed persons whose work experience and job skills would be helpful to find another job by sex and age,measure,0.72,local-hybrid,False,title-only term treated as likely measure; local model skipped because gold labels are pending,"[""occ_8bbb676e81aa21ae175c""]",run_cf189fe93ed005701355
term_34fc1133332fa3eefb76,Employed persons with information and communications technology (ICT) education by sex,measure,0.72,local-hybrid,False,title-only term treated as likely measure; local model skipped because gold labels are pending,"[""occ_319dc1b61c11feccd923""]",run_cf189fe93ed005701355
term_dccb66bcbe9859e7cb38,Employed persons working part-time - annual data,measure,0.72,local-hybrid,False,title-only term treated as likely measure; local model skipped because gold labels are pending,"[""occ_35abb6da1f4553130a82""]",run_cf189fe93ed005701355
term_2f9d354d354803958c0a,Employees having a good relationship with their supervisor by sex and age,measure,0.72,local-hybrid,False,title-only term treated as likely measure; local model skipped because gold labels are pending,"[""occ_76e77c80e10e5eaaa9a3""]",run_cf189fe93ed005701355
term_325882212620c69f68c2,Employees receiving regular feedback from their supervisor by sex and age,measure,0.72,local-hybrid,False,title-only term treated as likely measure; local model skipped because gold labels are pending,"[""occ_79483d905be7f3bc68ca""]",run_cf189fe93ed005701355
term_dc40e24f4d69ed03cb88,Employees with a flexible work schedule by sex,measure,0.72,local-hybrid,False,title-only term treated as likely measure; local model skipped because gold labels are pending,"[""occ_bb2f1769a9a7a16993f5""]",run_cf189fe93ed005701355
term_c9831f6496bcfc3288c0,Employees with temporary contracts,measure,0.72,local-hybrid,False,title-only term treated as likely measure; local model skipped because gold labels are pending,"[""occ_86156fdea9c6b7e6298b""]",run_cf189fe93ed005701355
term_03409264fe7229fc7948,Employees with temporary contracts - annual data,measure,0.72,local-hybrid,False,title-only term treated as likely measure; local model skipped because gold labels are pending,"[""occ_2051af32fad0d2ac4b30""]",run_cf189fe93ed005701355
term_f1a2d6019fafb3ba82b6,"Employees, domestic concept",measure,0.72,local-hybrid,False,title-only term treated as likely measure; local model skipped because gold labels are pending,"[""occ_8bc43ede008ce19698f2""]",run_cf189fe93ed005701355
term_b701edb0b46052c894a7,"Employees, domestic concept - annual data",measure,0.72,local-hybrid,False,title-only term treated as likely measure; local model skipped because gold labels are pending,"[""occ_04aa77d63393e463e362""]",run_cf189fe93ed005701355
term_ca743b9337ba4d9b8d54,Employment,measure,0.88,local-hybrid,True,title evidence with measure lexical cue; local model skipped because gold labels are pending,"[""occ_4007880b3f83e7e147d6""]",run_cf189fe93ed005701355
term_3975fde3be8673d043a1,Employment and economic activity branches,measure,0.88,local-hybrid,True,title evidence with measure lexical cue; local model skipped because gold labels are pending,"[""occ_9ea5b002447a7f698e26""]",run_cf189fe93ed005701355
term_6a33f33bcda42090451b,Employment and employment rates (aged 20-64) by sex,measure,0.88,local-hybrid,True,title evidence with measure lexical cue; local model skipped because gold labels are pending,"[""occ_2c71d5da53fb0de31239""]",run_cf189fe93ed005701355
term_795d9ad98feaa090e492,Employment and employment rates (aged 20-64) by sex - ENP-East countries,measure,0.88,local-hybrid,True,title evidence with measure lexical cue; local model skipped because gold labels are pending,"[""occ_8bf2b04420367c1ebae4""]",run_cf189fe93ed005701355
term_ec9454af09d7d3861fda,Employment by professional status,measure,0.88,local-hybrid,True,title evidence with measure lexical cue; local model skipped because gold labels are pending,"[""occ_f66dc08c994bf00b0e9b""]",run_cf189fe93ed005701355
term_5992c9ed3e19ee9f1cca,Employment by professional status - ENP-South countries,measure,0.88,local-hybrid,True,title evidence with measure lexical cue; local model skipped because gold labels are pending,"[""occ_c20c304dc9148ff9d9ca""]",run_cf189fe93ed005701355
term_7222b4430267209c516b,Employment characteristics,measure,0.88,local-hybrid,True,title evidence with measure lexical cue; local model skipped because gold labels are pending,"[""occ_8c4dcf12ff016a6be67b""]",run_cf189fe93ed005701355
term_1216e5cffc0c3beaacd4,Employment expectations by sectors,measure,0.88,local-hybrid,True,title evidence with measure lexical cue; local model skipped because gold labels are pending,"[""occ_818989d77335f38c75ea""]",run_cf189fe93ed005701355
term_a5c9e443dfb7c240a1b6,Employment expectations indicator,measure,0.88,local-hybrid,True,title evidence with measure lexical cue; local model skipped because gold labels are pending,"[""occ_ba972ce7112f901053c8""]",run_cf189fe93ed005701355
term_ed103e759eb80d6441c5,Employment growth (domestic concept),measure,0.88,local-hybrid,True,title evidence with measure lexical cue; local model skipped because gold labels are pending,"[""occ_1944bd032556336f496a""]",run_cf189fe93ed005701355
term_65afc991fda4bfad6726,Employment growth (domestic concept) - ENP-East countries,measure,0.88,local-hybrid,True,title evidence with measure lexical cue; local model skipped because gold labels are pending,"[""occ_2c9d88f3ea977e13a84f""]",run_cf189fe93ed005701355
term_598b44b5a3281568bbc3,Employment in Foreign Affiliates of Domestic Enterprises,measure,0.88,local-hybrid,True,title evidence with measure lexical cue; local model skipped because gold labels are pending,"[""occ_a9a660db3948ecf36680""]",run_cf189fe93ed005701355
term_249f821d698e17073d0f,Employment in Foreign Controlled Enterprises,measure,0.88,local-hybrid,True,title evidence with measure lexical cue; local model skipped because gold labels are pending,"[""occ_883b076da54383722837""]",run_cf189fe93ed005701355
term_079ed5d6db4e3900293a,Employment in waterways transport enterprises by number of vessels in enterprises,measure,0.88,local-hybrid,True,title evidence with measure lexical cue; local model skipped because gold labels are pending,"[""occ_8406134bb1d1f3a64490""]",run_cf189fe93ed005701355
term_289d3ad56aa1ffc52628,Employment in waterways transport enterprises by sex,measure,0.88,local-hybrid,True,title evidence with measure lexical cue; local model skipped because gold labels are pending,"[""occ_cd08c009b8d86a7f23fd""]",run_cf189fe93ed005701355
term_98ccf44d2931bdcf2215,Employment rate,measure,0.88,local-hybrid,True,title evidence with measure lexical cue; local model skipped because gold labels are pending,"[""occ_5a5b5fd9768eeddaaeba""]",run_cf189fe93ed005701355
term_6a05457df916fa51e4b7,Employment rate by citizenship,measure,0.88,local-hybrid,True,title evidence with measure lexical cue; local model skipped because gold labels are pending,"[""occ_d534eee17732afb3221b""]",run_cf189fe93ed005701355
term_11690bfa78e5b9ada064,Employment rate by sex,measure,0.88,local-hybrid,True,title evidence with measure lexical cue; local model skipped because gold labels are pending,"[""occ_49048b5d05fb8cbfeb77"", ""occ_7fdbe4c56a72f6831906""]",run_cf189fe93ed005701355
term_a7ebeda4912ad87981e2,Employment rate of low skilled persons (age group 20-64),measure,0.88,local-hybrid,True,title evidence with measure lexical cue; local model skipped because gold labels are pending,"[""occ_1392ba912a48ba780702""]",run_cf189fe93ed005701355
term_a6ec76a4cb1ad6932069,Employment rate of non-EU nationals (age group 20-64),measure,0.88,local-hybrid,True,title evidence with measure lexical cue; local model skipped because gold labels are pending,"[""occ_098946f8ab673c18044f""]",run_cf189fe93ed005701355
term_cc6c389a3a5b9ede456e,"Employment rate of older workers, age group 55-64",measure,0.88,local-hybrid,True,title evidence with measure lexical cue; local model skipped because gold labels are pending,"[""occ_093c82c81f7448293506""]",run_cf189fe93ed005701355
term_c9fa520584151533f5a2,Employment rates (aged 15-64) by sex,measure,0.88,local-hybrid,True,title evidence with measure lexical cue; local model skipped because gold labels are pending,"[""occ_5e0fc3b7216f7b6d6f8a""]",run_cf189fe93ed005701355
term_27a95e3ef428412228a6,Employment rates (aged 15-64) by sex - ENP-South countries,measure,0.88,local-hybrid,True,title evidence with measure lexical cue; local model skipped because gold labels are pending,"[""occ_65619d8c6db62d7f0765""]",run_cf189fe93ed005701355
term_178890956c1e3c7acc0d,Employment rates of recent graduates,measure,0.88,local-hybrid,True,title evidence with measure lexical cue; local model skipped because gold labels are pending,"[""occ_ef409043ef3ed3606ea7""]",run_cf189fe93ed005701355
term_27403ee3a08ef6612373,"Employment, domestic concept",measure,0.88,local-hybrid,True,title evidence with measure lexical cue; local model skipped because gold labels are pending,"[""occ_62004064f4061717212d"", ""occ_c5df37801dcfd14f0e3d""]",run_cf189fe93ed005701355
term_defff23a8f88d8548c58,"Employment, domestic concept - annual data",measure,0.88,local-hybrid,True,title evidence with measure lexical cue; local model skipped because gold labels are pending,"[""occ_92d9dcb33fdc3d88e697""]",run_cf189fe93ed005701355
term_e74b0b68daf6ab98bfae,"Employment, domestic concept - Total",measure,0.88,local-hybrid,True,title evidence with measure lexical cue; local model skipped because gold labels are pending,"[""occ_491279500b449ded2f92""]",run_cf189fe93ed005701355
term_2baf601beea59aa08470,EMU convergence criterion series - quarterly data,measure,0.72,local-hybrid,False,title-only term treated as likely measure; local model skipped because gold labels are pending,"[""occ_f2fa99af5be99fbcc7d4""]",run_cf189fe93ed005701355
term_d436732bf0a63018f520,end-of-life recycling input rates (EOL-RIR),measure,0.72,local-hybrid,False,title-only term treated as likely measure; local model skipped because gold labels are pending,"[""occ_693681887a51f994754c""]",run_cf189fe93ed005701355
term_cc73680d0c9fca75b41c,End-stage renal failure (ESRF) patients,measure,0.72,local-hybrid,False,title-only term treated as likely measure; local model skipped because gold labels are pending,"[""occ_2f807cb5fdf957c4f90e""]",run_cf189fe93ed005701355
term_605cfd076ad582cb9c6b,End-stage renal failure (ESRF) patients - historical data,measure,0.72,local-hybrid,False,title-only term treated as likely measure; local model skipped because gold labels are pending,"[""occ_29a7044d90b544a38b21""]",run_cf189fe93ed005701355
term_909afbbb67189e661666,"Energy - historical data (, former methodology and source)",measure,0.72,local-hybrid,False,title-only term treated as likely measure; local model skipped because gold labels are pending,"[""occ_2338c78bd9a7fbe581f3""]",run_cf189fe93ed005701355
term_45a5818d0dfe5d175b39,Energy balance - ENP-South countries,measure,0.72,local-hybrid,False,title-only term treated as likely measure; local model skipped because gold labels are pending,"[""occ_4535394a839f4d7f2504""]",run_cf189fe93ed005701355
term_5196f3fa86a09d49206a,Energy import dependency by products,measure,0.72,local-hybrid,False,title-only term treated as likely measure; local model skipped because gold labels are pending,"[""occ_25194089410d27357cf4""]",run_cf189fe93ed005701355
term_d797ab8f290b07498941,"Energy removed from district networks by customers, type of networks and efficiency of network",measure,0.72,local-hybrid,False,title-only term treated as likely measure; local model skipped because gold labels are pending,"[""occ_9411e754a2063864d92a""]",run_cf189fe93ed005701355
term_27672477692d144f2ead,Energy self-reliance,measure,0.72,local-hybrid,False,title-only term treated as likely measure; local model skipped because gold labels are pending,"[""occ_f38ebc4bf326f8791355""]",run_cf189fe93ed005701355
term_a4868ee078ab1cc3cb58,Enterprises by impact of COVID-19 on turnover and NACE rev.2 activity aggregate,measure,0.72,local-hybrid,False,title-only term treated as likely measure; local model skipped because gold labels are pending,"[""occ_160df4579add71f5ceb1""]",run_cf189fe93ed005701355
term_68d2a3fd6749c2bc2976,Enterprises by impact of COVID-19 on turnover and NACE rev.2 activity aggregate - experimental statistics,measure,0.72,local-hybrid,False,title-only term treated as likely measure; local model skipped because gold labels are pending,"[""occ_813195fe1bdf4b521d35""]",run_cf189fe93ed005701355
term_3e7197bf2edeb54d3737,Enterprises by international sourcing status prior to the reference period and NACE Rev.2 activity aggregate,measure,0.72,local-hybrid,False,title-only term treated as likely measure; local model skipped because gold labels are pending,"[""occ_a36d1ba7f1b5e7cafe03""]",run_cf189fe93ed005701355
term_30964e0e364874c57680,Enterprises by international sourcing status prior to the reference period and NACE Rev.2 activity aggregate - experimental statistics,measure,0.72,local-hybrid,False,title-only term treated as likely measure; local model skipped because gold labels are pending,"[""occ_7812202da10745198336""]",run_cf189fe93ed005701355
term_57eec8e766a90a7d7817,Enterprises by means of services supply and NACE rev.2 activity aggregate,measure,0.72,local-hybrid,False,title-only term treated as likely measure; local model skipped because gold labels are pending,"[""occ_f769011e3e6b72706a79""]",run_cf189fe93ed005701355
term_fdb72b29c0a30b0bf764,Enterprises by means of services supply and NACE rev.2 activity aggregate - experimental statistics,measure,0.72,local-hybrid,False,title-only term treated as likely measure; local model skipped because gold labels are pending,"[""occ_558278b5403d1617ae2e""]",run_cf189fe93ed005701355
term_3f87b24c9dae4e438d86,Enterprises by movement of business functions from abroad and by NACE Rev.2 activity,measure,0.72,local-hybrid,False,title-only term treated as likely measure; local model skipped because gold labels are pending,"[""occ_dbea61bd774078c25c54""]",run_cf189fe93ed005701355
term_8b82ef20d699e60fc628,Enterprises by movement of business functions from abroad and by NACE Rev.2 activity - experimental statistics,measure,0.72,local-hybrid,False,title-only term treated as likely measure; local model skipped because gold labels are pending,"[""occ_be8d1eff6e19bbf20603""]",run_cf189fe93ed005701355
term_da349106ed02d9e18d0b,Enterprises by sourcing status and enterprise group identification,measure,0.72,local-hybrid,False,title-only term treated as likely measure; local model skipped because gold labels are pending,"[""occ_d1d2ed9ae96e75a436ec""]",run_cf189fe93ed005701355
term_84599ca00a7c7716f705,Enterprises by sourcing status and enterprise group identification - collection round - experimental statistics,measure,0.72,local-hybrid,False,title-only term treated as likely measure; local model skipped because gold labels are pending,"[""occ_11ad848852de0712ffef""]",run_cf189fe93ed005701355
term_4d739e6dd06d3df8447e,"Enterprises by status of movement of business functions from abroad, business function and NACE Rev.2 activity",measure,0.72,local-hybrid,False,title-only term treated as likely measure; local model skipped because gold labels are pending,"[""occ_af7fa10b07c6c93f0aa6""]",run_cf189fe93ed005701355
term_7e3eac6e4c52d95e2c7d,"Enterprises by status of movement of business functions from abroad, business function and NACE Rev.2 activity - experimental statistics",measure,0.72,local-hybrid,False,title-only term treated as likely measure; local model skipped because gold labels are pending,"[""occ_3850a7cf45b06f6e37b1""]",run_cf189fe93ed005701355
term_58f896809b1e8894756b,Enterprises by type of buyer power asymmetry in the global value chain and NACE rev.2 activity aggregate,measure,0.72,local-hybrid,False,title-only term treated as likely measure; local model skipped because gold labels are pending,"[""occ_ea92ecaefe9f78f0a2f7""]",run_cf189fe93ed005701355
term_1bb5ca4dd43a6ed62812,Enterprises by type of buyer power asymmetry in the global value chain and NACE rev.2 activity aggregate - experimental statistics,measure,0.72,local-hybrid,False,title-only term treated as likely measure; local model skipped because gold labels are pending,"[""occ_9dfb9229cf3f68ae1d27""]",run_cf189fe93ed005701355
term_6a07f9d49d8aedaf7f1c,Enterprises by type of movement of business functions from abroad and by NACE Rev.2 activity,measure,0.72,local-hybrid,False,title-only term treated as likely measure; local model skipped because gold labels are pending,"[""occ_a4f573a2990b059e5077""]",run_cf189fe93ed005701355
term_d9cc597214e70058633f,Enterprises by type of movement of business functions from abroad and by NACE Rev.2 activity - experimental statistics,measure,0.72,local-hybrid,False,title-only term treated as likely measure; local model skipped because gold labels are pending,"[""occ_0fd74f3b10a4359ba6e1""]",run_cf189fe93ed005701355
term_ff5d6a033acd82a0ce43,Enterprises by type of supplier power asymmetry in the global value chain and NACE rev.2 activity aggregate,measure,0.72,local-hybrid,False,title-only term treated as likely measure; local model skipped because gold labels are pending,"[""occ_7fe79923b3ac97041488""]",run_cf189fe93ed005701355
term_2b742b4e54bc9faa3b39,Enterprises by type of supplier power asymmetry in the global value chain and NACE rev.2 activity aggregate - experimental statistics,measure,0.72,local-hybrid,False,title-only term treated as likely measure; local model skipped because gold labels are pending,"[""occ_11230ee09031593a1a2a""]",run_cf189fe93ed005701355
term_f3c81f97b1bfc465084d,Enterprises employing IVT participants by NACE Rev. 1.1 activity,measure,0.72,local-hybrid,False,title-only term treated as likely measure; local model skipped because gold labels are pending,"[""occ_d9376638abcc7ba4f224""]",run_cf189fe93ed005701355
term_4a16c07d75b2b82d76e4,Enterprises employing IVT participants by NACE Rev. 1.1 activity - % of all enterprises,measure,0.72,local-hybrid,False,title-only term treated as likely measure; local model skipped because gold labels are pending,"[""occ_4a6f6c56b40d86b2ed7e""]",run_cf189fe93ed005701355
term_bf14b7ba8ae886874d7a,Enterprises employing IVT participants by NACE Rev. 2 activity,measure,0.72,local-hybrid,False,title-only term treated as likely measure; local model skipped because gold labels are pending,"[""occ_b2fed92962d325b91220""]",run_cf189fe93ed005701355
term_1c2a1d249c257dc39eef,Enterprises employing IVT participants by NACE Rev. 2 activity - % of all enterprises,measure,0.72,local-hybrid,False,title-only term treated as likely measure; local model skipped because gold labels are pending,"[""occ_e7f836a4377ba1999191""]",run_cf189fe93ed005701355
term_a7dc8cac0fc93496f776,Enterprises employing IVT participants by size class,measure,0.72,local-hybrid,False,title-only term treated as likely measure; local model skipped because gold labels are pending,"[""occ_c4968d3957fe41fc6077""]",run_cf189fe93ed005701355
term_4fd381458241000afc80,Enterprises employing IVT participants by size class - % of all enterprises,measure,0.72,local-hybrid,False,title-only term treated as likely measure; local model skipped because gold labels are pending,"[""occ_deedc1572dcaca1d7a3c""]",run_cf189fe93ed005701355
term_067918968cdcc593f677,Enterprises having received orders online (at least 1%),measure,0.72,local-hybrid,False,title-only term treated as likely measure; local model skipped because gold labels are pending,"[""occ_e50df95c42ff92e40626""]",run_cf189fe93ed005701355
term_fb46bca043bcb722fea6,Enterprises having received orders online (at least 1%) - % of enterprises,measure,0.72,local-hybrid,False,title-only term treated as likely measure; local model skipped because gold labels are pending,"[""occ_cae320aa52f50473cb3f""]",run_cf189fe93ed005701355
term_bee9b93fd93f24f8db47,"Enterprises in wholesale trade, repair of vehicles and motorcycles (NACE Rev.2, G)",measure,0.72,local-hybrid,False,title-only term treated as likely measure; local model skipped because gold labels are pending,"[""occ_77557f3a27bb11587ea2""]",run_cf189fe93ed005701355
term_55fb7cc1d878464e0004,"Enterprises in wholesale trade, repair of vehicles and motorcycles (NACE Rev.2, G) - changes in stocks",measure,0.72,local-hybrid,False,title-only term treated as likely measure; local model skipped because gold labels are pending,"[""occ_b18e19b5795d0e8fdcf2""]",run_cf189fe93ed005701355
term_1d2f2af55616518d6bb8,Enterprises sourcing abroad,measure,0.72,local-hybrid,False,title-only term treated as likely measure; local model skipped because gold labels are pending,"[""occ_3498f927306c9806f363""]",run_cf189fe93ed005701355
term_0528bcc5f59582749e56,Enterprises with members in other countries,measure,0.72,local-hybrid,False,title-only term treated as likely measure; local model skipped because gold labels are pending,"[""occ_78edbd78b7a68150ad60""]",run_cf189fe93ed005701355
term_a146bfc278cbd135f7f6,Environmental tax revenues as share of total taxes,measure,0.72,local-hybrid,False,title-only term treated as likely measure; local model skipped because gold labels are pending,"[""occ_52d858d9933d9c0b38fc""]",run_cf189fe93ed005701355
term_b1535a0aafe67779ced3,EOL-RIR,measure,0.72,local-hybrid,False,title-only term treated as likely measure; local model skipped because gold labels are pending,"[""occ_e78e92d0d2935fff6dd7""]",run_cf189fe93ed005701355
term_2fedc8c1e791b8379318,Equidae,measure,0.72,local-hybrid,False,title-only term treated as likely measure; local model skipped because gold labels are pending,"[""occ_af070466f5b1d07e0362""]",run_cf189fe93ed005701355
term_30ca8310bd2afd41d59b,Erosion,measure,0.72,local-hybrid,False,title-only term treated as likely measure; local model skipped because gold labels are pending,"[""occ_14a062c15d90979059ef""]",run_cf189fe93ed005701355
term_41673f8dad2f41cff734,ESRF,measure,0.72,local-hybrid,False,title-only term treated as likely measure; local model skipped because gold labels are pending,"[""occ_cd07f546538f2ded7774""]",run_cf189fe93ed005701355
term_dbe95b70026be0587497,Estimated average age of young persons leaving the parental household,measure,0.72,local-hybrid,False,title-only term treated as likely measure; local model skipped because gold labels are pending,"[""occ_ad20773d27f231a69c90""]",run_cf189fe93ed005701355
term_f60589cd705ad334465d,Estimated soil loss by water erosion by land cover type,measure,0.72,local-hybrid,False,title-only term treated as likely measure; local model skipped because gold labels are pending,"[""occ_b8a6ab29cd81fd9e1be8""]",run_cf189fe93ed005701355
term_d26c0402843971cb5cca,"Estimated trends in fish stock biomass, by fishing areas",measure,0.72,local-hybrid,False,title-only term treated as likely measure; local model skipped because gold labels are pending,"[""occ_ba777938c764d5e38363""]",run_cf189fe93ed005701355
term_9ce9d829b4d5d2e04ef2,"Estimated trends in fishing pressure, by fishing area",measure,0.72,local-hybrid,False,title-only term treated as likely measure; local model skipped because gold labels are pending,"[""occ_dca9b4817ec5c7982ddb""]",run_cf189fe93ed005701355
term_99ff0a696e1e5aad2b4b,estimates,measure,0.72,local-hybrid,False,title-only term treated as likely measure; local model skipped because gold labels are pending,"[""occ_f240b302e03befc82548""]",run_cf189fe93ed005701355
term_54248950df61dd90fd0f,EU and euro area aggregates,measure,0.72,local-hybrid,False,title-only term treated as likely measure; local model skipped because gold labels are pending,"[""occ_1bd80ebe27a3de499ced""]",run_cf189fe93ed005701355
term_4661fc03dc02d76484bb,EU financing to developing countries by financing source,measure,0.72,local-hybrid,False,title-only term treated as likely measure; local model skipped because gold labels are pending,"[""occ_fb5a0b522e25339052f8""]",run_cf189fe93ed005701355
term_6acccd46b2bf96dad600,EU index of occupational diseases (=100),measure,0.72,local-hybrid,False,title-only term treated as likely measure; local model skipped because gold labels are pending,"[""occ_e38daf4a0fb9a9810613""]",run_cf189fe93ed005701355
term_a93ce984b251e729a7f9,EU index of occupational diseases (=100) - experimental statistics,measure,0.72,local-hybrid,False,title-only term treated as likely measure; local model skipped because gold labels are pending,"[""occ_79091cd2b06922346346""]",run_cf189fe93ed005701355
term_08d22779a01a142754b3,"EU level - gross weight of goods handled in main ports, by direction",measure,0.72,local-hybrid,False,title-only term treated as likely measure; local model skipped because gold labels are pending,"[""occ_f6172291cfcbd7ffd3c0""]",run_cf189fe93ed005701355
term_d14db3a2c2f3c525b0c3,"EU level - gross weight of goods handled in main ports, by type of cargo",measure,0.72,local-hybrid,False,title-only term treated as likely measure; local model skipped because gold labels are pending,"[""occ_3aa8c66880e288f72016""]",run_cf189fe93ed005701355
term_41375c15576ec88627a5,"EU level - gross weight of goods handled in main ports, by type of traffic",measure,0.72,local-hybrid,False,title-only term treated as likely measure; local model skipped because gold labels are pending,"[""occ_4fb2d9186a9f07dffff4""]",run_cf189fe93ed005701355
term_e58b879791ef6cce62d1,"EU level - gross weight of goods handled in main ports, by various types of partner geographical areas",measure,0.72,local-hybrid,False,title-only term treated as likely measure; local model skipped because gold labels are pending,"[""occ_921fb3ae3e54ab00527d""]",run_cf189fe93ed005701355
term_171d4fc7f2aa33d4ff35,EU self-sufficiency for raw materials,measure,0.72,local-hybrid,False,title-only term treated as likely measure; local model skipped because gold labels are pending,"[""occ_c338145b64bca682202b""]",run_cf189fe93ed005701355
term_e25cab2198754b5a25c9,EU2030 target,measure,0.72,local-hybrid,False,title-only term treated as likely measure; local model skipped because gold labels are pending,"[""occ_7ac227c65a0a91fd5e36""]",run_cf189fe93ed005701355
term_97d26f2927391b8f68d9,EU27 (from),measure,0.72,local-hybrid,False,title-only term treated as likely measure; local model skipped because gold labels are pending,"[""occ_f3a2dc016bc5e8d67945""]",run_cf189fe93ed005701355
term_20ce7d11c82735bfa711,Euro area business climate indicator,measure,0.72,local-hybrid,False,title-only term treated as likely measure; local model skipped because gold labels are pending,"[""occ_2c3d71e2f496ccb01a9e""]",run_cf189fe93ed005701355
term_70f85e0eeb654073863f,Euro area business climate indicator - monthly data,measure,0.72,local-hybrid,False,title-only term treated as likely measure; local model skipped because gold labels are pending,"[""occ_42dba2cb1e608625bd9a""]",run_cf189fe93ed005701355
term_efddb77e7bad9e23deb0,"Euro yield curve by maturity (1, 5 and 10 years)",measure,0.72,local-hybrid,False,title-only term treated as likely measure; local model skipped because gold labels are pending,"[""occ_b7dcfe9f0a04aa169b9a""]",run_cf189fe93ed005701355
term_0259ded43f040d6f181f,Euro yield curves,measure,0.72,local-hybrid,False,title-only term treated as likely measure; local model skipped because gold labels are pending,"[""occ_0aec523a2facf847ed51""]",run_cf189fe93ed005701355
term_8cedd9d81b6f75b785c8,Euro yield curves - annual data,measure,0.72,local-hybrid,False,title-only term treated as likely measure; local model skipped because gold labels are pending,"[""occ_226eb036bf8c63aadc63""]",run_cf189fe93ed005701355
term_aea496cf6c168704c7c1,Euro/national currency exchange rates,measure,0.72,local-hybrid,False,title-only term treated as likely measure; local model skipped because gold labels are pending,"[""occ_c24c031977674bc851f1""]",run_cf189fe93ed005701355
term_577773e63569009ae3c1,Ever-partnered women who have experienced violence by an intimate partner and consequences of violence,measure,0.72,local-hybrid,False,title-only term treated as likely measure; local model skipped because gold labels are pending,"[""occ_5c50dd86a6093c780012""]",run_cf189fe93ed005701355
term_5b39c6a9f8dfb54cf993,"Ever-partnered women who have experienced violence by an intimate partner, by age group",measure,0.72,local-hybrid,False,title-only term treated as likely measure; local model skipped because gold labels are pending,"[""occ_ecdbcbd8254b239042cf""]",run_cf189fe93ed005701355
term_09e1aee2eae3f6f961d2,"Ever-partnered women who have experienced violence by an intimate partner, by country of birth",measure,0.88,local-hybrid,True,title evidence with measure lexical cue; local model skipped because gold labels are pending,"[""occ_6bdff78c7bd5956aff72""]",run_cf189fe93ed005701355
term_20384dca48db1565ec5b,"Ever-partnered women who have experienced violence by an intimate partner, by degree of urbanisation",measure,0.72,local-hybrid,False,title-only term treated as likely measure; local model skipped because gold labels are pending,"[""occ_92ff3b3ed8262d5fa68c""]",run_cf189fe93ed005701355
term_1cb88e567ec7d81debfa,"Ever-partnered women who have experienced violence by an intimate partner, by level of disability (activity limitation)",measure,0.72,local-hybrid,False,title-only term treated as likely measure; local model skipped because gold labels are pending,"[""occ_ab692aa7d76475d5ddbe""]",run_cf189fe93ed005701355
term_663ded70dfb903a65360,"Ever-partnered women who have experienced violence by an intimate partner, by level of education",measure,0.72,local-hybrid,False,title-only term treated as likely measure; local model skipped because gold labels are pending,"[""occ_aa5344ef419b47845567""]",run_cf189fe93ed005701355
term_15bd913e2378f556426c,"Ever-partnered women who have experienced violence by an intimate partner, by occurrence of the last episode",measure,0.72,local-hybrid,False,title-only term treated as likely measure; local model skipped because gold labels are pending,"[""occ_0939c290bc95d4ae8d69""]",run_cf189fe93ed005701355
term_dcb7ab7467d8e379ecd6,"Ever-partnered women who have experienced violence by an intimate partner, by person/support service to whom violence was reported",measure,0.72,local-hybrid,False,title-only term treated as likely measure; local model skipped because gold labels are pending,"[""occ_cfbe242ed3819dc7b73f""]",run_cf189fe93ed005701355
term_2f3f8461727aae36f222,"Ever-partnered women who have experienced violence by an intimate partner, by type and frequency of violence",measure,0.72,local-hybrid,False,title-only term treated as likely measure; local model skipped because gold labels are pending,"[""occ_87a7dd8942a587f6e406""]",run_cf189fe93ed005701355
term_929499be90930e48c639,"Ever-partnered women who have experienced violence by an intimate partner, by type of violence",measure,0.72,local-hybrid,False,title-only term treated as likely measure; local model skipped because gold labels are pending,"[""occ_9a68e3901df57bb7be49""]",run_cf189fe93ed005701355
term_dd2a77cf005d0fa7a876,"Ever-working women who have experienced sexual harassment at work, by age group",measure,0.72,local-hybrid,False,title-only term treated as likely measure; local model skipped because gold labels are pending,"[""occ_9785e279d58bef881e65""]",run_cf189fe93ed005701355
term_45ff40083bc2f9e4b0aa,"Ever-working women who have experienced sexual harassment at work, by frequency",measure,0.72,local-hybrid,False,title-only term treated as likely measure; local model skipped because gold labels are pending,"[""occ_dd60cc1547d53d71a844""]",run_cf189fe93ed005701355
term_afbbf45537dcbf2ce162,"Ever-working women who have experienced sexual harassment at work, by occurrence of the last episode",measure,0.72,local-hybrid,False,title-only term treated as likely measure; local model skipped because gold labels are pending,"[""occ_43767b56dbc3995b4991""]",run_cf189fe93ed005701355
term_9ad401d4f5cd17647d43,"Ever-working women who have experienced sexual harassment at work, by person/support service to whom violence was reported during last year",measure,0.72,local-hybrid,False,title-only term treated as likely measure; local model skipped because gold labels are pending,"[""occ_c7e604d2320a74f5b9f1""]",run_cf189fe93ed005701355
term_dbd9b9a9d505b8a9256d,"Ever-working women who have experienced sexual harassment at work, by type of male perpetrator",measure,0.72,local-hybrid,False,title-only term treated as likely measure; local model skipped because gold labels are pending,"[""occ_dd21fc540eda01361181""]",run_cf189fe93ed005701355
term_b88db311b8cabc5a552e,Excess mortality by month,measure,0.72,local-hybrid,False,title-only term treated as likely measure; local model skipped because gold labels are pending,"[""occ_8a9b538cf5fb343febef""]",run_cf189fe93ed005701355
term_cbcfe9621a875de86548,Exchange rates,measure,0.72,local-hybrid,False,title-only term treated as likely measure; local model skipped because gold labels are pending,"[""occ_9941ea984249c5b77245""]",run_cf189fe93ed005701355
term_dee113a071f8854cacb9,excluding cruises,measure,0.72,local-hybrid,False,title-only term treated as likely measure; local model skipped because gold labels are pending,"[""occ_7203baf20ed8770e41f4""]",run_cf189fe93ed005701355
term_f3cb84d375bcc581e819,excluding other social benefits,measure,0.72,local-hybrid,False,title-only term treated as likely measure; local model skipped because gold labels are pending,"[""occ_cb5d5c939eef64af3c3d""]",run_cf189fe93ed005701355
term_8dc2f79309b7cf751c98,Expected school years of pupils and students by education level,measure,0.72,local-hybrid,False,title-only term treated as likely measure; local model skipped because gold labels are pending,"[""occ_2edbbe3cca28a0d6fd87""]",run_cf189fe93ed005701355
term_9c16d79cea97b0714de5,Expenditure on education in constant prices,measure,0.88,local-hybrid,True,title evidence with measure lexical cue; local model skipped because gold labels are pending,"[""occ_9ca5873dfb0e41e0d5c8""]",run_cf189fe93ed005701355
term_b1fb19c84fd17e2fd413,Expenditure on public educational institutions,measure,0.88,local-hybrid,True,title evidence with measure lexical cue; local model skipped because gold labels are pending,"[""occ_3bbd79ce2f858c7a6a87""]",run_cf189fe93ed005701355
term_bf772c90f95cd422ec1d,Expenditure on public educational institutions - as % of total or current expenditure,measure,0.88,local-hybrid,True,title evidence with measure lexical cue; local model skipped because gold labels are pending,"[""occ_ca9a3487054885a857c1""]",run_cf189fe93ed005701355
term_27f5a1f9c59e1b87dc68,Expenditure on road transport vehicles and road infrastructure,measure,0.88,local-hybrid,True,title evidence with measure lexical cue; local model skipped because gold labels are pending,"[""occ_2f05573fd47fd8f1031e""]",run_cf189fe93ed005701355
term_46da92b563b9ffdccb55,Expenditure on rolling stock and railway infrastructure,measure,0.88,local-hybrid,True,title evidence with measure lexical cue; local model skipped because gold labels are pending,"[""occ_6ca78a38a3433418f1e0""]",run_cf189fe93ed005701355
term_6e80a6ca3ae0ebf52856,Expenditure on social protection by type,measure,0.88,local-hybrid,True,title evidence with measure lexical cue; local model skipped because gold labels are pending,"[""occ_4626e5652105e1a6cb36""]",run_cf189fe93ed005701355
term_a87ced2df78c51659769,Expenditure on social protection per inhabitant at constant prices,measure,0.88,local-hybrid,True,title evidence with measure lexical cue; local model skipped because gold labels are pending,"[""occ_6e379af2e166acfe8e4f""]",run_cf189fe93ed005701355
term_30dd549a4d0eb8151b25,Expenditure on social protection per inhabitant in PPS,measure,0.88,local-hybrid,True,title evidence with measure lexical cue; local model skipped because gold labels are pending,"[""occ_8b8986f52ddba0eaea94""]",run_cf189fe93ed005701355
term_0121d15f00fd5074d0bf,Expenditure on waterway transport infrastructure and freight vessels,measure,0.88,local-hybrid,True,title evidence with measure lexical cue; local model skipped because gold labels are pending,"[""occ_2e60e4bb6e233202feb8""]",run_cf189fe93ed005701355
term_32e825912e81629cb80a,Export market shares,measure,0.72,local-hybrid,False,title-only term treated as likely measure; local model skipped because gold labels are pending,"[""occ_5a94ec6b11370985107b""]",run_cf189fe93ed005701355
term_af5ebaf62e30c3d40ae6,Export market shares - 3 years % change,measure,0.72,local-hybrid,False,title-only term treated as likely measure; local model skipped because gold labels are pending,"[""occ_8984621cf1ce9b273c10""]",run_cf189fe93ed005701355
term_dd3a04d0f30df7d40dc3,Export market shares by items - % of world total,measure,0.72,local-hybrid,False,title-only term treated as likely measure; local model skipped because gold labels are pending,"[""occ_2574f3c5aef40737353d""]",run_cf189fe93ed005701355
term_0a3c3a7ea43e76fbcad4,Export market shares by items - 1 year % change,measure,0.72,local-hybrid,False,title-only term treated as likely measure; local model skipped because gold labels are pending,"[""occ_5600c07455587cc4584d""]",run_cf189fe93ed005701355
term_0e94af3dd70bbfc5fd9e,Export market shares in volume,measure,0.72,local-hybrid,False,title-only term treated as likely measure; local model skipped because gold labels are pending,"[""occ_3c41e4bb7ec9503a0911""]",run_cf189fe93ed005701355
term_9780865bfc7b9eafac5b,Export market shares in volume - HIDDEN DAT,measure,0.72,local-hybrid,False,title-only term treated as likely measure; local model skipped because gold labels are pending,"[""occ_5d22789539e645b75878""]",run_cf189fe93ed005701355
term_069613e0c66a7729abbd,Export to import ratio,measure,0.72,local-hybrid,False,title-only term treated as likely measure; local model skipped because gold labels are pending,"[""occ_404ef7ef19a9f775622a""]",run_cf189fe93ed005701355
term_ba93f11393d1564c6442,Exports of goods - chemicals and related products,measure,0.72,local-hybrid,False,title-only term treated as likely measure; local model skipped because gold labels are pending,"[""occ_2280ea61e87c991039d0""]",run_cf189fe93ed005701355
term_a01a0cf49b9ca6957980,"Exports of goods - food, drinks and tobacco",measure,0.72,local-hybrid,False,title-only term treated as likely measure; local model skipped because gold labels are pending,"[""occ_b6e56bc3c2cacd8f9dbc""]",run_cf189fe93ed005701355
term_af395f1610bfa9afa413,Exports of goods - machinery and transport equipment,measure,0.88,local-hybrid,True,title evidence with measure lexical cue; local model skipped because gold labels are pending,"[""occ_eefa8f395d18b1594df8""]",run_cf189fe93ed005701355
term_2d343edae94071bef3d4,"Exports of goods - mineral fuels, lubricants and related materials",measure,0.72,local-hybrid,False,title-only term treated as likely measure; local model skipped because gold labels are pending,"[""occ_4c53b8d13ec40a0aeb16""]",run_cf189fe93ed005701355
term_5dcf9c4b56526f1ffe96,Exports of goods - other manufactured products,measure,0.72,local-hybrid,False,title-only term treated as likely measure; local model skipped because gold labels are pending,"[""occ_ad2ddbbaf7f271e0ab5a""]",run_cf189fe93ed005701355
term_67576ea86f20f60a9097,Exports of goods - raw materials,measure,0.72,local-hybrid,False,title-only term treated as likely measure; local model skipped because gold labels are pending,"[""occ_ff7f25f81574d1a1e9a3""]",run_cf189fe93ed005701355
term_57891e3537b4fdb3b481,Exports of goods - total,measure,0.72,local-hybrid,False,title-only term treated as likely measure; local model skipped because gold labels are pending,"[""occ_797cc27ebd4cf0c49cc2""]",run_cf189fe93ed005701355
term_233266d63f959636da6c,Exports of goods and services in % of GDP,measure,0.88,local-hybrid,True,title evidence with measure lexical cue; local model skipped because gold labels are pending,"[""occ_313625d77e3d8c31047b""]",run_cf189fe93ed005701355
term_42b846a720bbfb4c74b3,"Exports of high technology products as a share of total exports (from, SITC Rev. 4)",measure,0.72,local-hybrid,False,title-only term treated as likely measure; local model skipped because gold labels are pending,"[""occ_1798366db069ab276e3a""]",run_cf189fe93ed005701355
term_aa4fea535884833418db,"Exports of high technology products as a share of total exports, SITC Rev. 4",measure,0.72,local-hybrid,False,title-only term treated as likely measure; local model skipped because gold labels are pending,"[""occ_5039d0b24568ab23e9f5""]",run_cf189fe93ed005701355
term_7c9321b7c0768279ad98,"Exports of high technology products as a share of total exports, SITC Rev. 4 - %",measure,0.72,local-hybrid,False,title-only term treated as likely measure; local model skipped because gold labels are pending,"[""occ_e4b72d1ca38ecb902194""]",run_cf189fe93ed005701355
term_1f25a63997bb6cfec3ea,Exposure of VET graduates to work-based learning,measure,0.72,local-hybrid,False,title-only term treated as likely measure; local model skipped because gold labels are pending,"[""occ_ee93cda3de3ea81eb60b""]",run_cf189fe93ed005701355
term_f98c68c67133ddf86700,"External balance of goods and services, current prices",measure,0.88,local-hybrid,True,title evidence with measure lexical cue; local model skipped because gold labels are pending,"[""occ_007cb65eb02b9c764c10""]",run_cf189fe93ed005701355
term_28782b7e700259236516,"Extra-EU27 (from) trade, by Member State, total product",measure,0.72,local-hybrid,False,title-only term treated as likely measure; local model skipped because gold labels are pending,"[""occ_57122a3205f64e2e9299""]",run_cf189fe93ed005701355
term_e92deda679ad6385c6a8,"Extra-EU27 (from) trade, by product group",measure,0.72,local-hybrid,False,title-only term treated as likely measure; local model skipped because gold labels are pending,"[""occ_622aad9e4d8f820fccd1""]",run_cf189fe93ed005701355
term_14386b3ddec025af28c1,Family nuclei by number of children,measure,0.72,local-hybrid,False,title-only term treated as likely measure; local model skipped because gold labels are pending,"[""occ_8ce9faa0dc5bc3a29683""]",run_cf189fe93ed005701355
term_40ec8e05d104aeb12074,Farm labour force,measure,0.72,local-hybrid,False,title-only term treated as likely measure; local model skipped because gold labels are pending,"[""occ_084e6993bc49a50c8de7""]",run_cf189fe93ed005701355
term_11ffd6117dbaf664819a,Farm land use,measure,0.72,local-hybrid,False,title-only term treated as likely measure; local model skipped because gold labels are pending,"[""occ_a169654c7ddd76fba433""]",run_cf189fe93ed005701355
term_b2655b9ea33c07fcf968,Fat contents and protein contents (cow's milk),measure,0.72,local-hybrid,False,title-only term treated as likely measure; local model skipped because gold labels are pending,"[""occ_bf048d6305bd9306ad83""]",run_cf189fe93ed005701355
term_9019e932b45d36527032,Fat contents and protein contents (cow's milk) - annual data,measure,0.72,local-hybrid,False,title-only term treated as likely measure; local model skipped because gold labels are pending,"[""occ_2825b4e100df59e40a83""]",run_cf189fe93ed005701355
term_830c6e5501248c7daf5c,"Fatal accidents at work per 100 000 workers, by sex",measure,0.72,local-hybrid,False,title-only term treated as likely measure; local model skipped because gold labels are pending,"[""occ_bd35e10feffd49864ae5""]",run_cf189fe93ed005701355
term_5765165ffb9276b5da9a,"FDI flows intensity, market integration",measure,0.72,local-hybrid,False,title-only term treated as likely measure; local model skipped because gold labels are pending,"[""occ_8817b23d09e126f0580f""]",run_cf189fe93ed005701355
term_a29ce7fbf90037cb780c,Female school-management personnel,measure,0.72,local-hybrid,False,title-only term treated as likely measure; local model skipped because gold labels are pending,"[""occ_cebbb81601f5b02cf3f5""]",run_cf189fe93ed005701355
term_7835785684eb33a24d30,"Female school-management personnel - as % of total school-management personnel, by education level",measure,0.72,local-hybrid,False,title-only term treated as likely measure; local model skipped because gold labels are pending,"[""occ_f7eeb320e6a599fa75e8""]",run_cf189fe93ed005701355
term_3fcd837857ce7b50cc24,Female tertiary education graduates in STEM education fields,measure,0.72,local-hybrid,False,title-only term treated as likely measure; local model skipped because gold labels are pending,"[""occ_54a26e5441fee55a96dc""]",run_cf189fe93ed005701355
term_1e754e073eab94c29fcd,Female tertiary education graduates in STEM education fields - % of all tertiary education graduates in STEM education fields,measure,0.72,local-hybrid,False,title-only term treated as likely measure; local model skipped because gold labels are pending,"[""occ_5e2919336e50df355db8""]",run_cf189fe93ed005701355
term_d532ba6c835e21017b53,Fertility rate,measure,0.72,local-hybrid,False,title-only term treated as likely measure; local model skipped because gold labels are pending,"[""occ_90e059413e798ba3fe65""]",run_cf189fe93ed005701355
term_070ba6ed869a373a4bc1,Fertility rate - ENP-South countries,measure,0.72,local-hybrid,False,title-only term treated as likely measure; local model skipped because gold labels are pending,"[""occ_2b4c72820f1b094ce16a""]",run_cf189fe93ed005701355
term_fcaacdc4d59709332e62,"Fetal, peri- and neonatal mortality rates by country of occurrence",measure,0.72,local-hybrid,False,title-only term treated as likely measure; local model skipped because gold labels are pending,"[""occ_9e3fef09e74b0cee2cd0""]",run_cf189fe93ed005701355
term_f1ad67c786a97690fa75,Final consumption expenditure of households and non-profit institutions serving households - annual data,measure,0.88,local-hybrid,True,title evidence with measure lexical cue; local model skipped because gold labels are pending,"[""occ_8e312b1f4907fa891669""]",run_cf189fe93ed005701355
term_115d903267dadba6da0f,"Final consumption expenditure of households and NPISH, current prices",measure,0.88,local-hybrid,True,title evidence with measure lexical cue; local model skipped because gold labels are pending,"[""occ_dea8ef4c0a90f282df60""]",run_cf189fe93ed005701355
term_5bd6cc28bc0c9ce94e30,"Final consumption expenditure of households and NPISH, volumes",measure,0.88,local-hybrid,True,title evidence with measure lexical cue; local model skipped because gold labels are pending,"[""occ_6e3f9d21bb8e110760ca""]",run_cf189fe93ed005701355
term_6460bc7536f11e160f1f,Final decisions on asylum applications by type of decision,measure,0.72,local-hybrid,False,title-only term treated as likely measure; local model skipped because gold labels are pending,"[""occ_b9c1da684494f77516fa""]",run_cf189fe93ed005701355
term_8b60784b2a3fa6c03b95,Final decisions on asylum applications by type of decision - annual data,measure,0.72,local-hybrid,False,title-only term treated as likely measure; local model skipped because gold labels are pending,"[""occ_f989878480017034fa1a""]",run_cf189fe93ed005701355
term_7a0a2262dee9261aad61,Final energy consumption,measure,0.72,local-hybrid,False,title-only term treated as likely measure; local model skipped because gold labels are pending,"[""occ_a6f0ae0c281a40d67a37""]",run_cf189fe93ed005701355
term_51b6aaaec47f6dd4ede6,Final energy consumption by agriculture and forestry sector – tonne of oil equivalent per hectare of UAA,measure,0.72,local-hybrid,False,title-only term treated as likely measure; local model skipped because gold labels are pending,"[""occ_799e44969f4bd1e3d1bc""]",run_cf189fe93ed005701355
term_d3109d94fd4d7783795d,Final energy consumption by sector,measure,0.72,local-hybrid,False,title-only term treated as likely measure; local model skipped because gold labels are pending,"[""occ_389de900988af221f982""]",run_cf189fe93ed005701355
term_d43ad409983010b09e28,Final energy consumption by sector - ENP-South countries,measure,0.72,local-hybrid,False,title-only term treated as likely measure; local model skipped because gold labels are pending,"[""occ_11a98767086568b7fa18""]",run_cf189fe93ed005701355
term_d1a4526bc314fb5316ee,Final energy consumption in households per capita,measure,0.72,local-hybrid,False,title-only term treated as likely measure; local model skipped because gold labels are pending,"[""occ_a25618c9e2a10d6db05e""]",run_cf189fe93ed005701355
term_da47405a6a7d3f912301,Financial account - annual data,measure,0.72,local-hybrid,False,title-only term treated as likely measure; local model skipped because gold labels are pending,"[""occ_986d204356bdef88d9b8""]",run_cf189fe93ed005701355
term_0043ff0570d1d65ffca2,Financial accounts for EU institutions,measure,0.72,local-hybrid,False,title-only term treated as likely measure; local model skipped because gold labels are pending,"[""occ_2a0be329c8e2645a7f75""]",run_cf189fe93ed005701355
term_fc963c0873f6e25c1ed6,Financial aid to students,measure,0.72,local-hybrid,False,title-only term treated as likely measure; local model skipped because gold labels are pending,"[""occ_0c1b4cf3dc815f969485""]",run_cf189fe93ed005701355
term_a514be214723e7b7c2c1,Financial aid to students by education level,measure,0.72,local-hybrid,False,title-only term treated as likely measure; local model skipped because gold labels are pending,"[""occ_b47e5bcc3416ff99c1fa""]",run_cf189fe93ed005701355
term_d1a57151199d56c5e07f,Financial aid to students by education level - as % of total public expenditure,measure,0.88,local-hybrid,True,title evidence with measure lexical cue; local model skipped because gold labels are pending,"[""occ_1155f6065012042aa487""]",run_cf189fe93ed005701355
term_45cff6bf89ed3f2f6fc7,"Financial derivatives and employee stock options - annual data, million units of national currency",measure,0.72,local-hybrid,False,title-only term treated as likely measure; local model skipped because gold labels are pending,"[""occ_5043c74b57641ac5fd93""]",run_cf189fe93ed005701355
term_b1125f8545359c90d1a5,"Financial sector leverage, debt to equity, non-consolidated",measure,0.72,local-hybrid,False,title-only term treated as likely measure; local model skipped because gold labels are pending,"[""occ_3a7f449e9a498babfe45""]",run_cf189fe93ed005701355
term_9b2ea962ec0ca6ffa2f1,"Financial sector leverage, debt to equity, non-consolidated - %",measure,0.72,local-hybrid,False,title-only term treated as likely measure; local model skipped because gold labels are pending,"[""occ_cd40313044de4fa0a1b7""]",run_cf189fe93ed005701355
term_cad12f4893ea631c309c,First instance decisions on asylum applications by type of decision,measure,0.72,local-hybrid,False,title-only term treated as likely measure; local model skipped because gold labels are pending,"[""occ_32690b2adc2f6b0bf3de""]",run_cf189fe93ed005701355
term_994edf8acc8b0cb8db14,First instance decisions on asylum applications by type of decision - annual aggregated data,measure,0.72,local-hybrid,False,title-only term treated as likely measure; local model skipped because gold labels are pending,"[""occ_431cd27c24af450ca27e""]",run_cf189fe93ed005701355
term_665ee8cd3dd6f54dfa3e,First permits by reason,measure,0.72,local-hybrid,False,title-only term treated as likely measure; local model skipped because gold labels are pending,"[""occ_d9440b8f285fce9a23ac""]",run_cf189fe93ed005701355
term_a159b58ea36d09ed411b,First residence permits,measure,0.72,local-hybrid,False,title-only term treated as likely measure; local model skipped because gold labels are pending,"[""occ_310b94893a8872ac4779""]",run_cf189fe93ed005701355
term_8546072d84501fcaf115,First residence permits by reasons,measure,0.72,local-hybrid,False,title-only term treated as likely measure; local model skipped because gold labels are pending,"[""occ_804cfb3608107f56fff2""]",run_cf189fe93ed005701355
term_61e2f93a71515a524ee7,First residence permits by reasons - % of total first residence permits,measure,0.72,local-hybrid,False,title-only term treated as likely measure; local model skipped because gold labels are pending,"[""occ_3314e5bf0bcee0784bba""]",run_cf189fe93ed005701355
term_92dba264dad70df67ae3,First-time asylum applicants - % of total asylum applicants,measure,0.72,local-hybrid,False,title-only term treated as likely measure; local model skipped because gold labels are pending,"[""occ_d2a37492527416e4c771""]",run_cf189fe93ed005701355
term_e546f2babc680b7a2db1,First-time asylum applications of unaccompanied minors,measure,0.72,local-hybrid,False,title-only term treated as likely measure; local model skipped because gold labels are pending,"[""occ_5623b157a7f6b76dd0cd""]",run_cf189fe93ed005701355
term_030995935acea6415d53,First-time asylum applications of unaccompanied minors - % of total first-time asylum applications of minors,measure,0.72,local-hybrid,False,title-only term treated as likely measure; local model skipped because gold labels are pending,"[""occ_421e2ca8d8e79f4c673e""]",run_cf189fe93ed005701355
term_f87cb89fb88a52ac5d2b,Fish catches,measure,0.72,local-hybrid,False,title-only term treated as likely measure; local model skipped because gold labels are pending,"[""occ_1bcb39e7049f0ffa7f63""]",run_cf189fe93ed005701355
term_17b9fca22b76da3e2355,Fish catches - ENP-East countries,measure,0.72,local-hybrid,False,title-only term treated as likely measure; local model skipped because gold labels are pending,"[""occ_a9f7babfd56f17053ab2""]",run_cf189fe93ed005701355
term_1e9090c9f485874eea09,Fish catches by fishing areas,measure,0.72,local-hybrid,False,title-only term treated as likely measure; local model skipped because gold labels are pending,"[""occ_ef20b07045e62af246e8""]",run_cf189fe93ed005701355
term_7a1c2cfd609879a2e9a2,Fish catches by fishing areas - ENP-South countries,measure,0.72,local-hybrid,False,title-only term treated as likely measure; local model skipped because gold labels are pending,"[""occ_15120df84f857eb2b92c""]",run_cf189fe93ed005701355
term_3a689cec8ff42fdd217d,"Fishing Fleet, Number of Vessels",measure,0.72,local-hybrid,False,title-only term treated as likely measure; local model skipped because gold labels are pending,"[""occ_e5f73d5c5329779cc1f0""]",run_cf189fe93ed005701355
term_6dd16c6d167af3dd3498,"Fishing fleet, total tonnage",measure,0.72,local-hybrid,False,title-only term treated as likely measure; local model skipped because gold labels are pending,"[""occ_362985c092106f0ca836""]",run_cf189fe93ed005701355
term_fc7b6c07929b674c373a,flows,measure,0.72,local-hybrid,False,title-only term treated as likely measure; local model skipped because gold labels are pending,"[""occ_6a57d62b639b0504cfaf""]",run_cf189fe93ed005701355
term_720e8f31d031c714f160,food,measure,0.72,local-hybrid,False,title-only term treated as likely measure; local model skipped because gold labels are pending,"[""occ_18d4d941dfb026a08b19""]",run_cf189fe93ed005701355
term_5ccc4ef4f94a02799e25,Food waste,measure,0.72,local-hybrid,False,title-only term treated as likely measure; local model skipped because gold labels are pending,"[""occ_30663202cca816eb9bb8""]",run_cf189fe93ed005701355
term_10e50ebd3bfff9e642fe,"food, alcohol and tobacco",measure,0.72,local-hybrid,False,title-only term treated as likely measure; local model skipped because gold labels are pending,"[""occ_5119813611adb4cdcb0c""]",run_cf189fe93ed005701355
term_f3ae2a10579c3fbd217e,Foreign-born population,measure,0.88,local-hybrid,True,title evidence with measure lexical cue; local model skipped because gold labels are pending,"[""occ_b12de16630c2906b3010""]",run_cf189fe93ed005701355
term_90bbd8af95a614d78d23,Forest and irrigated land,measure,0.72,local-hybrid,False,title-only term treated as likely measure; local model skipped because gold labels are pending,"[""occ_5132135da1f8c7dcfd0d""]",run_cf189fe93ed005701355
term_de48ee25d742f617ea1d,Formal child care by duration and age group,measure,0.72,local-hybrid,False,title-only term treated as likely measure; local model skipped because gold labels are pending,"[""occ_eaf2ecefa4d128dca7fb""]",run_cf189fe93ed005701355
term_c0c778b6583bfdbb8b20,Former euro area national currencies vs. euro/ECU,measure,0.72,local-hybrid,False,title-only term treated as likely measure; local model skipped because gold labels are pending,"[""occ_09f0c5e70996c4c9fecc""]",run_cf189fe93ed005701355
term_ca81a34ced7a0e315ff7,Former euro area national currencies vs. euro/ECU - annual data,measure,0.72,local-hybrid,False,title-only term treated as likely measure; local model skipped because gold labels are pending,"[""occ_7738dd86cb0d6a32ba66""]",run_cf189fe93ed005701355
term_39de1f14cd5fe4b343a1,Freight and mail air transport (including national transport),measure,0.88,local-hybrid,True,title evidence with measure lexical cue; local model skipped because gold labels are pending,"[""occ_e90db48686abc5990769""]",run_cf189fe93ed005701355
term_5e2d8a28ef31383d28d4,Freight and mail air transport (including national transport) - ENP-South countries,measure,0.88,local-hybrid,True,title evidence with measure lexical cue; local model skipped because gold labels are pending,"[""occ_6e394b25b5b551af6199""]",run_cf189fe93ed005701355
term_f354ea1081d17071b4ab,Freight and mail air transport over national territory (including territorial sea),measure,0.88,local-hybrid,True,title evidence with measure lexical cue; local model skipped because gold labels are pending,"[""occ_73a5227eec547f06f2e6""]",run_cf189fe93ed005701355
term_8480764cf559c214bf16,freight and passengers,measure,0.72,local-hybrid,False,title-only term treated as likely measure; local model skipped because gold labels are pending,"[""occ_f3c3ae9a00bce878932c""]",run_cf189fe93ed005701355
term_e1e2ce8193b048a77909,Frequency of internet use by individuals (aged 16-74),measure,0.72,local-hybrid,False,title-only term treated as likely measure; local model skipped because gold labels are pending,"[""occ_09416ea5ac4ee6dec226""]",run_cf189fe93ed005701355
term_a3818ea258adaa517f39,Frequency of internet use by individuals (aged 16-74) - ENP-East countries,measure,0.72,local-hybrid,False,title-only term treated as likely measure; local model skipped because gold labels are pending,"[""occ_a2826621937b119bc7d2""]",run_cf189fe93ed005701355
term_cb545d2d1e92295e7f38,Fresh vegetables and strawberries by area,measure,0.72,local-hybrid,False,title-only term treated as likely measure; local model skipped because gold labels are pending,"[""occ_0e5ea2367d0eccf95d9d""]",run_cf189fe93ed005701355
term_5530229cd5d75b00116b,Fresh water abstraction by source per capita,measure,0.72,local-hybrid,False,title-only term treated as likely measure; local model skipped because gold labels are pending,"[""occ_eac8c35c0d6d96a37d17""]",run_cf189fe93ed005701355
term_843d95785575a9b84808,Fresh water abstraction by source per capita - m3 per capita,measure,0.72,local-hybrid,False,title-only term treated as likely measure; local model skipped because gold labels are pending,"[""occ_56de74e07db580878b05""]",run_cf189fe93ed005701355
term_d69f03a692a73a0570a1,Freshwater abstraction,measure,0.72,local-hybrid,False,title-only term treated as likely measure; local model skipped because gold labels are pending,"[""occ_8b96597a2f879726a3ea""]",run_cf189fe93ed005701355
term_f6c4cbb734d5e15c15f9,from,measure,0.72,local-hybrid,False,title-only term treated as likely measure; local model skipped because gold labels are pending,"[""occ_77ddbb695b85b0b371cc""]",run_cf189fe93ed005701355
term_cab953064dc0dbb6f6d0,"from, SITC Rev. 4",measure,0.72,local-hybrid,False,title-only term treated as likely measure; local model skipped because gold labels are pending,"[""occ_47ecf2d7c6b59d8ccde5""]",run_cf189fe93ed005701355
term_366e31423c1da3f1342b,GDP deflator,measure,0.88,local-hybrid,True,title evidence with measure lexical cue; local model skipped because gold labels are pending,"[""occ_24b1db45813a07e07fe9""]",run_cf189fe93ed005701355
term_2c295ea215a5bc746b20,GDP per capita in PPS,measure,0.88,local-hybrid,True,title evidence with measure lexical cue; local model skipped because gold labels are pending,"[""occ_ab325750047ba37f0a6e""]",run_cf189fe93ed005701355
term_a7f8640f667814e9fbfc,GDP weights used in the calculation of the global specific indicator,measure,0.88,local-hybrid,True,title evidence with measure lexical cue; local model skipped because gold labels are pending,"[""occ_464f84d8643be992f321""]",run_cf189fe93ed005701355
term_218e785cd342580ab930,Gender coverage rate in pension by age group,measure,0.72,local-hybrid,False,title-only term treated as likely measure; local model skipped because gold labels are pending,"[""occ_94da9a64a6f82561c61b""]",run_cf189fe93ed005701355
term_c897546a5e6549a9e418,Gender differences in the aggregate replacement ratio for pensions (excluding other social benefits) - EU-SILC survey,measure,0.72,local-hybrid,False,title-only term treated as likely measure; local model skipped because gold labels are pending,"[""occ_0bbb5d5e957d2a29801c""]",run_cf189fe93ed005701355
term_5479800523a2f98e9675,Gender differences in the at-risk-of-poverty rate by age - EU-SILC survey,measure,0.72,local-hybrid,False,title-only term treated as likely measure; local model skipped because gold labels are pending,"[""occ_07d73a955e919ec74a1d""]",run_cf189fe93ed005701355
term_2e238609443153c1dccf,Gender differences in the relative income of elderly people (65+),measure,0.88,local-hybrid,True,title evidence with measure lexical cue; local model skipped because gold labels are pending,"[""occ_1a64facce516b414ce06""]",run_cf189fe93ed005701355
term_99869cc8c80491bbbd12,Gender differences in the relative income of elderly people (65+) - EU-SILC survey,measure,0.88,local-hybrid,True,title evidence with measure lexical cue; local model skipped because gold labels are pending,"[""occ_cfd8e19e648b96138500""]",run_cf189fe93ed005701355
term_38c1e42ad3a781b8ce27,Gender differences in the relative income of older people,measure,0.88,local-hybrid,True,title evidence with measure lexical cue; local model skipped because gold labels are pending,"[""occ_72a0ef5f6b0be3f1fa4b""]",run_cf189fe93ed005701355
term_09a908de463198bdf18f,Gender differences in the relative income of older people - EU-SILC survey,measure,0.88,local-hybrid,True,title evidence with measure lexical cue; local model skipped because gold labels are pending,"[""occ_e6e19ba9ec72ac374e50""]",run_cf189fe93ed005701355
term_922fd757dd8e2ece5c17,Gender employment gap,measure,0.88,local-hybrid,True,title evidence with measure lexical cue; local model skipped because gold labels are pending,"[""occ_b67710f7bd2c8cf209f2""]",run_cf189fe93ed005701355
term_523b5db9b2693145b25e,Gender employment gap by degree of urbanisation,measure,0.88,local-hybrid,True,title evidence with measure lexical cue; local model skipped because gold labels are pending,"[""occ_86515de1900fac3caf92""]",run_cf189fe93ed005701355
term_9718df264a1793a565c9,"Gender employment gap, by type of employment",measure,0.88,local-hybrid,True,title evidence with measure lexical cue; local model skipped because gold labels are pending,"[""occ_cc816a2af3982e2586f5""]",run_cf189fe93ed005701355
term_f36eb226e177a37eccaa,Gender gap in part-time employment,measure,0.88,local-hybrid,True,title evidence with measure lexical cue; local model skipped because gold labels are pending,"[""occ_2c53883401544eb0f3f6""]",run_cf189fe93ed005701355
term_5870b15b468e197d3cf4,Gender overall earnings gap,measure,0.72,local-hybrid,False,title-only term treated as likely measure; local model skipped because gold labels are pending,"[""occ_b0e3bacb45000a7d7966""]",run_cf189fe93ed005701355
term_a17ef4c5c1391f3488cf,Gender parity index by education level,measure,0.72,local-hybrid,False,title-only term treated as likely measure; local model skipped because gold labels are pending,"[""occ_6b6c4439dacab1577e15""]",run_cf189fe93ed005701355
term_43aef1ba281d6ea6a5c2,Gender parity index by education level - ENP-South countries,measure,0.72,local-hybrid,False,title-only term treated as likely measure; local model skipped because gold labels are pending,"[""occ_18dac460e6e3e7b18960""]",run_cf189fe93ed005701355
term_8d1eed4bf9192cca8176,Gender pay gap in unadjusted form by age and NACE Rev. 2 activity (B-S except O),measure,0.72,local-hybrid,False,title-only term treated as likely measure; local model skipped because gold labels are pending,"[""occ_dd118cd86d06474df8b6""]",run_cf189fe93ed005701355
term_ff8f716f6efc64ba6764,Gender pay gap in unadjusted form by age and NACE Rev. 2 activity (B-S except O) - structure of earnings survey methodology,measure,0.72,local-hybrid,False,title-only term treated as likely measure; local model skipped because gold labels are pending,"[""occ_53df71753c4f17a617dc""]",run_cf189fe93ed005701355
term_24283d88c622e3ec1f99,Gender pay gap in unadjusted form by type of ownership and NACE Rev. 2 activity (B-S except O),measure,0.72,local-hybrid,False,title-only term treated as likely measure; local model skipped because gold labels are pending,"[""occ_cd4bbcda92056c3a01c6""]",run_cf189fe93ed005701355
term_2d6f90142a566ea7abe4,Gender pay gap in unadjusted form by type of ownership and NACE Rev. 2 activity (B-S except O) - structure of earnings survey methodology,measure,0.72,local-hybrid,False,title-only term treated as likely measure; local model skipped because gold labels are pending,"[""occ_4f459ee55c978a591e9f""]",run_cf189fe93ed005701355
term_02374882eb822f6ea795,Gender pay gap in unadjusted form by working time and NACE Rev. 2 activity (B-S except O),measure,0.72,local-hybrid,False,title-only term treated as likely measure; local model skipped because gold labels are pending,"[""occ_47c349c410045de5052f""]",run_cf189fe93ed005701355
term_5b3fb0e02c6db69abd0c,Gender pay gap in unadjusted form by working time and NACE Rev. 2 activity (B-S except O) - structure of earnings survey methodology,measure,0.72,local-hybrid,False,title-only term treated as likely measure; local model skipped because gold labels are pending,"[""occ_6a36046da90aaf1ffe91""]",run_cf189fe93ed005701355
term_8e241fd2f2daca8bce02,General education,measure,0.72,local-hybrid,False,title-only term treated as likely measure; local model skipped because gold labels are pending,"[""occ_dc80367ccabfc2dc2427""]",run_cf189fe93ed005701355
term_7a6fd71f55032e1ecddb,General government deficit (-) and surplus (+) - annual data,measure,0.72,local-hybrid,False,title-only term treated as likely measure; local model skipped because gold labels are pending,"[""occ_561832f8e6808a026f29""]",run_cf189fe93ed005701355
term_7f2a053fa33b8561fda4,General government deficit (-) and surplus (+) - quarterly data,measure,0.72,local-hybrid,False,title-only term treated as likely measure; local model skipped because gold labels are pending,"[""occ_7649074f8a75900c4c3e""]",run_cf189fe93ed005701355
term_5053ec330bce90502209,General government deficit/surplus,measure,0.72,local-hybrid,False,title-only term treated as likely measure; local model skipped because gold labels are pending,"[""occ_d5e7c3b99ca0be84dde1""]",run_cf189fe93ed005701355
term_d568e02e14bc35c58cb8,General government employment,measure,0.88,local-hybrid,True,title evidence with measure lexical cue; local model skipped because gold labels are pending,"[""occ_a05a667637c32962a2fa""]",run_cf189fe93ed005701355
term_e7c0eb872bd0448f567a,General government expenditure by function,measure,0.88,local-hybrid,True,title evidence with measure lexical cue; local model skipped because gold labels are pending,"[""occ_c8fe58e4572ae533ed58""]",run_cf189fe93ed005701355
term_44f79c6c416b8855d6e1,"General government gross debt (EDP concept), consolidated",measure,0.72,local-hybrid,False,title-only term treated as likely measure; local model skipped because gold labels are pending,"[""occ_0977519cc70aca266432""]",run_cf189fe93ed005701355
term_9f43ea56dd93679d1dd9,"General government gross debt (EDP concept), consolidated - annual data",measure,0.72,local-hybrid,False,title-only term treated as likely measure; local model skipped because gold labels are pending,"[""occ_cf1f92911bb67469b387""]",run_cf189fe93ed005701355
term_6c1d352d8a52937a1ba2,General government gross debt - annual data,measure,0.72,local-hybrid,False,title-only term treated as likely measure; local model skipped because gold labels are pending,"[""occ_6cf39abecde8a2172116""]",run_cf189fe93ed005701355
term_0cf259f3c91fe4f1dc28,General government gross debt - quarterly data,measure,0.72,local-hybrid,False,title-only term treated as likely measure; local model skipped because gold labels are pending,"[""occ_a46222c2dc07a13fcc56""]",run_cf189fe93ed005701355
term_ccaa467fc2701d1fba5c,General government gross fixed capital formation,measure,0.72,local-hybrid,False,title-only term treated as likely measure; local model skipped because gold labels are pending,"[""occ_c2c739d869ae7aa676ca""]",run_cf189fe93ed005701355
term_e438de3225c9725c995d,General government gross fixed capital formation - annual data,measure,0.72,local-hybrid,False,title-only term treated as likely measure; local model skipped because gold labels are pending,"[""occ_d1600e95cb95252589bf""]",run_cf189fe93ed005701355
term_537dee1205ecb32bbdaa,General government total expenditure on law courts,measure,0.88,local-hybrid,True,title evidence with measure lexical cue; local model skipped because gold labels are pending,"[""occ_d99b0d3e1fdd8bfe1717""]",run_cf189fe93ed005701355
term_52b24368cca22aa4d42d,General indicators,measure,0.72,local-hybrid,False,title-only term treated as likely measure; local model skipped because gold labels are pending,"[""occ_869d77589d8d32b07157""]",run_cf189fe93ed005701355
term_b3977ea577f36c387e3f,Generation of municipal waste per capita,measure,0.72,local-hybrid,False,title-only term treated as likely measure; local model skipped because gold labels are pending,"[""occ_b1620ebbdc002307906b""]",run_cf189fe93ed005701355
term_ba97aec68c7eead08fb8,Generation of packaging waste per capita,measure,0.72,local-hybrid,False,title-only term treated as likely measure; local model skipped because gold labels are pending,"[""occ_6b8cec23005a2655c61f""]",run_cf189fe93ed005701355
term_d6dabc8373363678baec,Generation of plastic packaging waste per capita,measure,0.72,local-hybrid,False,title-only term treated as likely measure; local model skipped because gold labels are pending,"[""occ_b569dc28b3857aba9604""]",run_cf189fe93ed005701355
term_2331eaa212d7600b9d80,Generation of waste by hazardousness,measure,0.72,local-hybrid,False,title-only term treated as likely measure; local model skipped because gold labels are pending,"[""occ_a976463c41aa93e02f58""]",run_cf189fe93ed005701355
term_2c831a04c88e8121f98b,Generation of waste by households,measure,0.72,local-hybrid,False,title-only term treated as likely measure; local model skipped because gold labels are pending,"[""occ_a6565b021b6aaba74ecb""]",run_cf189fe93ed005701355
term_2a0f787fbd72a2d7c3e7,Generation of waste by households - ENP-South countries,measure,0.72,local-hybrid,False,title-only term treated as likely measure; local model skipped because gold labels are pending,"[""occ_5e5cf0cc1d1227a2d7f0""]",run_cf189fe93ed005701355
term_29218fee0d65edf3b177,Generation of waste by sector,measure,0.72,local-hybrid,False,title-only term treated as likely measure; local model skipped because gold labels are pending,"[""occ_2e643459ca79839a2050""]",run_cf189fe93ed005701355
term_3a96181f535cf675fed7,Generation of waste excluding major mineral wastes per GDP unit,measure,0.88,local-hybrid,True,title evidence with measure lexical cue; local model skipped because gold labels are pending,"[""occ_2f039029ec990b0ef850""]",run_cf189fe93ed005701355
term_dce09ee6aea3baa3c08d,GERD,measure,0.72,local-hybrid,False,title-only term treated as likely measure; local model skipped because gold labels are pending,"[""occ_a7baa30cdebbbeb337b4""]",run_cf189fe93ed005701355
term_713204dc2ee4ab1bd2ec,GHG (Green House Gases) emissions,measure,0.72,local-hybrid,False,title-only term treated as likely measure; local model skipped because gold labels are pending,"[""occ_3278b3c16e4662761c34""]",run_cf189fe93ed005701355
term_87a753574448dc6084bb,Gini coefficient of equivalised disposable income,measure,0.88,local-hybrid,True,title evidence with measure lexical cue; local model skipped because gold labels are pending,"[""occ_2b112d7082056cf8ab23""]",run_cf189fe93ed005701355
term_0e2307e31f6b17f4428d,Gini coefficient of equivalised disposable income before social transfers (pensions excluded from social transfers),measure,0.88,local-hybrid,True,title evidence with measure lexical cue; local model skipped because gold labels are pending,"[""occ_2ee48ebc75e6cd991609""]",run_cf189fe93ed005701355
term_5b8a86d13344cbd5b242,Gini coefficient of equivalised disposable income before social transfers (pensions included in social transfers),measure,0.88,local-hybrid,True,title evidence with measure lexical cue; local model skipped because gold labels are pending,"[""occ_8b090dd4fe631014471c""]",run_cf189fe93ed005701355
term_577b998e77e6ecacb649,Gini coefficient of equivalised disposable income by age,measure,0.88,local-hybrid,True,title evidence with measure lexical cue; local model skipped because gold labels are pending,"[""occ_51b2068453d268213386""]",run_cf189fe93ed005701355
term_fc07b47631d01b3c08c3,Gini coefficient on household population,measure,0.88,local-hybrid,True,title evidence with measure lexical cue; local model skipped because gold labels are pending,"[""occ_009719c8e9a730ada7d2""]",run_cf189fe93ed005701355
term_48f8ab7f344df9f62f58,Gini coefficient on household population - experimental statistics,measure,0.88,local-hybrid,True,title evidence with measure lexical cue; local model skipped because gold labels are pending,"[""occ_d8669d17b582f62122b8""]",run_cf189fe93ed005701355
term_edff8f8bfb38b7801aef,Goods and passenger train traffic performance,measure,0.72,local-hybrid,False,title-only term treated as likely measure; local model skipped because gold labels are pending,"[""occ_7d790215d51509cdbebd""]",run_cf189fe93ed005701355
term_a074fd9dd2e53d1c1d28,"Goods and services, imports and exports",measure,0.72,local-hybrid,False,title-only term treated as likely measure; local model skipped because gold labels are pending,"[""occ_230b294201c263cce5bb""]",run_cf189fe93ed005701355
term_7c7d663e6be11fcca38d,Goods road transport enterprises by employment size classes,measure,0.88,local-hybrid,True,title evidence with measure lexical cue; local model skipped because gold labels are pending,"[""occ_9474fb98f1a68226a14a""]",run_cf189fe93ed005701355
term_6f657ad56da603744e65,Goods road transport enterprises by number of vehicles,measure,0.88,local-hybrid,True,title evidence with measure lexical cue; local model skipped because gold labels are pending,"[""occ_492f0925d2895c749f48""]",run_cf189fe93ed005701355
term_a8781b86da3b752f69bd,Goods transport by rail,measure,0.88,local-hybrid,True,title evidence with measure lexical cue; local model skipped because gold labels are pending,"[""occ_a9a479d53d674a5b0d5b""]",run_cf189fe93ed005701355
term_83f4130ed4f379e5ebf9,Goods transport by road,measure,0.88,local-hybrid,True,title evidence with measure lexical cue; local model skipped because gold labels are pending,"[""occ_1c6422094d8f3fe633ee""]",run_cf189fe93ed005701355
term_454b60d6038aeaf7dfdf,Goods transport by waterways,measure,0.88,local-hybrid,True,title evidence with measure lexical cue; local model skipped because gold labels are pending,"[""occ_dfecc2ff81e20a096aba""]",run_cf189fe93ed005701355
term_047c9239143df8136f91,Goods transported,measure,0.88,local-hybrid,True,title evidence with measure lexical cue; local model skipped because gold labels are pending,"[""occ_b2000a12ad6137d53015""]",run_cf189fe93ed005701355
term_1575199f961fd6cde6d7,Goods transported (detailed reporting only ),measure,0.88,local-hybrid,True,title evidence with measure lexical cue; local model skipped because gold labels are pending,"[""occ_617f51fc60e8b4ca28bc""]",run_cf189fe93ed005701355
term_f68670e75aff7b03543b,Goods transported (detailed reporting only ) - quarterly data,measure,0.88,local-hybrid,True,title evidence with measure lexical cue; local model skipped because gold labels are pending,"[""occ_536334f3a08513d80a8c""]",run_cf189fe93ed005701355
term_7abc3292942090afa980,Goods transported by rail,measure,0.88,local-hybrid,True,title evidence with measure lexical cue; local model skipped because gold labels are pending,"[""occ_99fe970fa19897c2756d""]",run_cf189fe93ed005701355
term_57558496f0fd3ea26847,Goods transported by rail - ENP-East countries,measure,0.88,local-hybrid,True,title evidence with measure lexical cue; local model skipped because gold labels are pending,"[""occ_772e9192ed6de46b2c2b""]",run_cf189fe93ed005701355
term_7b36a7699313ac1e7386,Goods transported by type of consignment,measure,0.88,local-hybrid,True,title evidence with measure lexical cue; local model skipped because gold labels are pending,"[""occ_3470a2531d6d4293a874""]",run_cf189fe93ed005701355
term_dc581179adbd5dc16d34,Government bond yields,measure,0.72,local-hybrid,False,title-only term treated as likely measure; local model skipped because gold labels are pending,"[""occ_881e7244da9c673bc621""]",run_cf189fe93ed005701355
term_8c55204241ed0254db8b,Government bond yields - 10 years' maturity - ENP-East countries,measure,0.72,local-hybrid,False,title-only term treated as likely measure; local model skipped because gold labels are pending,"[""occ_cd2af40298a34052be88""]",run_cf189fe93ed005701355
term_c8965b3ed2a1c67748b5,"Government bond yields, 10 years' maturity - annual data",measure,0.72,local-hybrid,False,title-only term treated as likely measure; local model skipped because gold labels are pending,"[""occ_f896805e36650935b98c""]",run_cf189fe93ed005701355
term_960dfb3909fe26a1a0db,"Government bond yields, 10 years' maturity - monthly data",measure,0.72,local-hybrid,False,title-only term treated as likely measure; local model skipped because gold labels are pending,"[""occ_74b52adbef70733e56ec""]",run_cf189fe93ed005701355
term_d2086073216e51f6ae79,Government deficit/surplus and debt - ENP-East countries,measure,0.72,local-hybrid,False,title-only term treated as likely measure; local model skipped because gold labels are pending,"[""occ_05a1bed0c057a22662c9""]",run_cf189fe93ed005701355
term_8a9f7dac1a313e654651,Government deficit/surplus and debt - ENP-South countries,measure,0.72,local-hybrid,False,title-only term treated as likely measure; local model skipped because gold labels are pending,"[""occ_cb420cca880e1efa8bc8""]",run_cf189fe93ed005701355
term_3dfd8e54220a5a7f4b4c,"Government final consumption expenditure, current prices",measure,0.88,local-hybrid,True,title evidence with measure lexical cue; local model skipped because gold labels are pending,"[""occ_34f1d4ef55caa9a39f56""]",run_cf189fe93ed005701355
term_a3b5edd80874bf518515,"Government final consumption expenditure, volumes",measure,0.88,local-hybrid,True,title evidence with measure lexical cue; local model skipped because gold labels are pending,"[""occ_15c9dcd7a70b9f2e168c""]",run_cf189fe93ed005701355
term_000d0c45492699547811,Government support to agricultural research and development,measure,0.88,local-hybrid,True,title evidence with measure lexical cue; local model skipped because gold labels are pending,"[""occ_de7d7611ebf42c7e94bd""]",run_cf189fe93ed005701355
term_fd70526d3834f9d7dd74,Graduates at doctoral level by sex and age groups,measure,0.72,local-hybrid,False,title-only term treated as likely measure; local model skipped because gold labels are pending,"[""occ_463476f9bf11504be6f0""]",run_cf189fe93ed005701355
term_c09913cf45bdb5830bad,Graduates at doctoral level by sex and age groups - per 1000 of population aged 25-34,measure,0.88,local-hybrid,True,title evidence with measure lexical cue; local model skipped because gold labels are pending,"[""occ_4f06b1d80d8635ed26de""]",run_cf189fe93ed005701355
term_e6b89d2f1e5126c6fdaf,"Graduates at doctoral level, in science, math., computing, engineering, manufacturing, construction, by sex",measure,0.72,local-hybrid,False,title-only term treated as likely measure; local model skipped because gold labels are pending,"[""occ_89bd6e44d1011ded0ebb""]",run_cf189fe93ed005701355
term_75f99b8a1b5911e78516,"Graduates at doctoral level, in science, math., computing, engineering, manufacturing, construction, by sex - per 1000 of population aged 25-34",measure,0.88,local-hybrid,True,title evidence with measure lexical cue; local model skipped because gold labels are pending,"[""occ_7da133760c7995fce964""]",run_cf189fe93ed005701355
term_3bcd9a5a9c32b07a4fdb,Graduates in tertiary education by education level,measure,0.72,local-hybrid,False,title-only term treated as likely measure; local model skipped because gold labels are pending,"[""occ_3c83da05773c24778491""]",run_cf189fe93ed005701355
term_27728a6d4e712cc7329a,Graduates in tertiary education by education level - women per 100 men,measure,0.72,local-hybrid,False,title-only term treated as likely measure; local model skipped because gold labels are pending,"[""occ_85da7cb134b96d731f03""]",run_cf189fe93ed005701355
term_b86ab4699fecadbd4c05,"Grain maize and corn-cob-mix by area, production and humidity",measure,0.88,local-hybrid,True,title evidence with measure lexical cue; local model skipped because gold labels are pending,"[""occ_e16f3822f3571b76bd5c""]",run_cf189fe93ed005701355
term_a42f6f49f0d22fbc8143,Grapes by production,measure,0.88,local-hybrid,True,title evidence with measure lexical cue; local model skipped because gold labels are pending,"[""occ_dccbcc750072a793374d""]",run_cf189fe93ed005701355
term_e3c22ec02fae0ef07f99,Grassland butterfly index,measure,0.72,local-hybrid,False,title-only term treated as likely measure; local model skipped because gold labels are pending,"[""occ_331397f61a64a8f3817b""]",run_cf189fe93ed005701355
term_12988c1aab0e62364061,Grassland butterfly index - EU aggregate,measure,0.72,local-hybrid,False,title-only term treated as likely measure; local model skipped because gold labels are pending,"[""occ_4310d4b5d64207bdb28d""]",run_cf189fe93ed005701355
term_0ccfde531cf9494c97b7,Green bond issuance by corporates and governments,measure,0.72,local-hybrid,False,title-only term treated as likely measure; local model skipped because gold labels are pending,"[""occ_d6a72b8b37c15e385190""]",run_cf189fe93ed005701355
term_154fa5b15217da096661,Green bond issuance by type of issuer,measure,0.72,local-hybrid,False,title-only term treated as likely measure; local model skipped because gold labels are pending,"[""occ_9cfbd9fd908160839706""]",run_cf189fe93ed005701355
term_9f5d8553695db4a24cad,"Green maize by area, production and humidity",measure,0.88,local-hybrid,True,title evidence with measure lexical cue; local model skipped because gold labels are pending,"[""occ_ad80a6c7333b6c435346""]",run_cf189fe93ed005701355
term_8a2e07590cbf630b481c,Greenhouse gas emissions from agriculture,measure,0.72,local-hybrid,False,title-only term treated as likely measure; local model skipped because gold labels are pending,"[""occ_0780bc47fd7e041d3046""]",run_cf189fe93ed005701355
term_0e3fb5e8571efdb988ec,Greenhouse gases emissions from production activities,measure,0.88,local-hybrid,True,title evidence with measure lexical cue; local model skipped because gold labels are pending,"[""occ_ae9f11f8973188ece8e9""]",run_cf189fe93ed005701355
term_ffaf9a30e0d7a69ee461,Gross debt-to-income ratio of households,measure,0.88,local-hybrid,True,title evidence with measure lexical cue; local model skipped because gold labels are pending,"[""occ_15cf40bd6e30a453b23d""]",run_cf189fe93ed005701355
term_49db7acc54bc2943fa50,Gross disposable income,measure,0.88,local-hybrid,True,title evidence with measure lexical cue; local model skipped because gold labels are pending,"[""occ_1b7269e43cf395c51854""]",run_cf189fe93ed005701355
term_03fbe91d9fb3780da7f3,Gross domestic expenditure on R&D (GERD),measure,0.88,local-hybrid,True,title evidence with measure lexical cue; local model skipped because gold labels are pending,"[""occ_f0a391a4210adfb3c367""]",run_cf189fe93ed005701355
term_e147987d892497288288,Gross domestic expenditure on R&D (GERD) - ENP-East countries,measure,0.88,local-hybrid,True,title evidence with measure lexical cue; local model skipped because gold labels are pending,"[""occ_312376981f0edbe3d1c9""]",run_cf189fe93ed005701355
term_157213bbb658b7604c19,Gross domestic expenditure on research and development (R&D),measure,0.88,local-hybrid,True,title evidence with measure lexical cue; local model skipped because gold labels are pending,"[""occ_b051b15bab84d0e80cf5""]",run_cf189fe93ed005701355
term_9f55fe8d95776762c3e3,Gross domestic product at market prices - ENP-East countries,measure,0.88,local-hybrid,True,title evidence with measure lexical cue; local model skipped because gold labels are pending,"[""occ_82fc6d35365e653cdabd""]",run_cf189fe93ed005701355
term_930c45421b51de6645cd,Gross domestic product at market prices - ENP-South countries,measure,0.88,local-hybrid,True,title evidence with measure lexical cue; local model skipped because gold labels are pending,"[""occ_d1cef5211afe8298fdfe""]",run_cf189fe93ed005701355
term_cec938ba052542d9d4b6,Gross domestic product at market prices by expenditure,measure,0.88,local-hybrid,True,title evidence with measure lexical cue; local model skipped because gold labels are pending,"[""occ_75745eb8e8cc25b18428"", ""occ_c9bdf6f0a238fce49ff6""]",run_cf189fe93ed005701355
term_3300b84d8d1e1cbc3fa4,Gross domestic product at market prices by expenditure - ENP-East countries,measure,0.88,local-hybrid,True,title evidence with measure lexical cue; local model skipped because gold labels are pending,"[""occ_299b67cf97a97afb74f2""]",run_cf189fe93ed005701355
term_dc071a8bc9f2763851ec,Gross domestic product at market prices by expenditure - ENP-South countries,measure,0.88,local-hybrid,True,title evidence with measure lexical cue; local model skipped because gold labels are pending,"[""occ_9b72a2919134950ae9ec""]",run_cf189fe93ed005701355
term_8c80a20920007a0c2a77,"Gross domestic product, current prices",measure,0.88,local-hybrid,True,title evidence with measure lexical cue; local model skipped because gold labels are pending,"[""occ_ae02dc2f129e1b429a79""]",run_cf189fe93ed005701355
term_b28f611947fbb9543e41,"Gross domestic product, volumes",measure,0.88,local-hybrid,True,title evidence with measure lexical cue; local model skipped because gold labels are pending,"[""occ_1b5753fe2c5edf26f04c""]",run_cf189fe93ed005701355
term_df5a99f9211bbfeee369,Gross external debt of the whole economy - ENP-East countries,measure,0.72,local-hybrid,False,title-only term treated as likely measure; local model skipped because gold labels are pending,"[""occ_1c155ce5a47488f3caad""]",run_cf189fe93ed005701355
term_6b64eb6600a1e660f840,Gross external debt of the whole economy - ENP-South countries,measure,0.72,local-hybrid,False,title-only term treated as likely measure; local model skipped because gold labels are pending,"[""occ_636ccf9ea7edf9d086a0""]",run_cf189fe93ed005701355
term_b8ada1d533e5426fee18,"Gross external debt of the whole economy, relative to exports of goods and services",measure,0.72,local-hybrid,False,title-only term treated as likely measure; local model skipped because gold labels are pending,"[""occ_c624765e855d887af334""]",run_cf189fe93ed005701355
term_82d0dc8f2b001b92327e,"Gross external debt of the whole economy, relative to exports of goods and services - ENP-East countries",measure,0.72,local-hybrid,False,title-only term treated as likely measure; local model skipped because gold labels are pending,"[""occ_1095943c675a9005096b""]",run_cf189fe93ed005701355
term_3a0a2888d5098be97de5,Gross fixed capital formation (investments),measure,0.72,local-hybrid,False,title-only term treated as likely measure; local model skipped because gold labels are pending,"[""occ_408eadad3b9befde6743""]",run_cf189fe93ed005701355
term_b909730e54c564d77499,Gross fixed capital formation at current prices,measure,0.88,local-hybrid,True,title evidence with measure lexical cue; local model skipped because gold labels are pending,"[""occ_11ad8583ca63f1074074""]",run_cf189fe93ed005701355
term_aa4e3596e1241a2aafa1,"Gross fixed capital formation, current prices",measure,0.88,local-hybrid,True,title evidence with measure lexical cue; local model skipped because gold labels are pending,"[""occ_659c19818870f471fb29""]",run_cf189fe93ed005701355
term_8f8b805330b9b670f151,"Gross fixed capital formation, volumes",measure,0.72,local-hybrid,False,title-only term treated as likely measure; local model skipped because gold labels are pending,"[""occ_7d1c8fd2a1034014502d""]",run_cf189fe93ed005701355
term_54a3bcdbf8f08629560f,Gross national income,measure,0.88,local-hybrid,True,title evidence with measure lexical cue; local model skipped because gold labels are pending,"[""occ_2ec1798d556dbdfa6fa6""]",run_cf189fe93ed005701355
term_dabaa8001f873ce3c478,Gross national income (GNI) per capita,measure,0.88,local-hybrid,True,title evidence with measure lexical cue; local model skipped because gold labels are pending,"[""occ_9c9ebc773b9f4ca45136""]",run_cf189fe93ed005701355
term_d936cce771b506a7c321,Gross saving,measure,0.72,local-hybrid,False,title-only term treated as likely measure; local model skipped because gold labels are pending,"[""occ_89c8a99cd91d6015af40""]",run_cf189fe93ed005701355
term_523720a52ca07c570e36,Gross value added - NACE Rev. 2: - current prices,measure,0.88,local-hybrid,True,title evidence with measure lexical cue; local model skipped because gold labels are pending,"[""occ_d69e2d77dd94b588d592""]",run_cf189fe93ed005701355
term_de1275695e85a9ad231b,Gross value added - NACE Rev. 2: - volumes,measure,0.88,local-hybrid,True,title evidence with measure lexical cue; local model skipped because gold labels are pending,"[""occ_2152786c1a52ad99f16c""]",run_cf189fe93ed005701355
term_1b36ae99c8e59f36e985,Gross value added - NACE Rev. 2: A - current prices,measure,0.88,local-hybrid,True,title evidence with measure lexical cue; local model skipped because gold labels are pending,"[""occ_c41bece5472e93e5d1a3""]",run_cf189fe93ed005701355
term_284c77bb50fa6394ff34,Gross value added - NACE Rev. 2: A - volumes,measure,0.88,local-hybrid,True,title evidence with measure lexical cue; local model skipped because gold labels are pending,"[""occ_ace1b263291f020a0e8b""]",run_cf189fe93ed005701355
term_e627eb2b6cef0cf15347,Gross value added - NACE Rev. 2: B-E - current prices,measure,0.88,local-hybrid,True,title evidence with measure lexical cue; local model skipped because gold labels are pending,"[""occ_7304097929e43d5dfb37""]",run_cf189fe93ed005701355
term_b02ae624a643197bb062,Gross value added - NACE Rev. 2: B-E - volumes,measure,0.88,local-hybrid,True,title evidence with measure lexical cue; local model skipped because gold labels are pending,"[""occ_48f2767cd94062dcb64b""]",run_cf189fe93ed005701355
term_8cddf207ccad91a60de9,Gross value added - NACE Rev. 2: C - current prices,measure,0.88,local-hybrid,True,title evidence with measure lexical cue; local model skipped because gold labels are pending,"[""occ_d9af56e7807b701289d1""]",run_cf189fe93ed005701355
term_43b3e9a5541c91515e12,Gross value added - NACE Rev. 2: C - volumes,measure,0.88,local-hybrid,True,title evidence with measure lexical cue; local model skipped because gold labels are pending,"[""occ_423ab5dd4e8d9dbb7aea""]",run_cf189fe93ed005701355
term_aa9dcb3b1b5e3cb0f0d6,Gross value added - NACE Rev. 2: F - current prices,measure,0.88,local-hybrid,True,title evidence with measure lexical cue; local model skipped because gold labels are pending,"[""occ_b1117268c547fdb1d746""]",run_cf189fe93ed005701355
term_bca0c3b7c19ae02f790f,Gross value added - NACE Rev. 2: F - volumes,measure,0.88,local-hybrid,True,title evidence with measure lexical cue; local model skipped because gold labels are pending,"[""occ_9d21b61dcdc11cd5bff4""]",run_cf189fe93ed005701355
term_ce2cdc7f7b3486cc640f,Gross value added - NACE Rev. 2: G-I - current prices,measure,0.88,local-hybrid,True,title evidence with measure lexical cue; local model skipped because gold labels are pending,"[""occ_b7f70c260fb0f39b9c30""]",run_cf189fe93ed005701355
term_4a7ca24e09ef4e55de2f,Gross value added - NACE Rev. 2: G-I - volumes,measure,0.88,local-hybrid,True,title evidence with measure lexical cue; local model skipped because gold labels are pending,"[""occ_10d3dc4422b74418a121""]",run_cf189fe93ed005701355
term_120e767f33d49114efb9,Gross value added - NACE Rev. 2: J - current prices,measure,0.88,local-hybrid,True,title evidence with measure lexical cue; local model skipped because gold labels are pending,"[""occ_f900942e94cef6d0f0fb""]",run_cf189fe93ed005701355
term_f9712695721fec6734d3,Gross value added - NACE Rev. 2: J - volumes,measure,0.88,local-hybrid,True,title evidence with measure lexical cue; local model skipped because gold labels are pending,"[""occ_fd2a7a5798c2ad8aab89""]",run_cf189fe93ed005701355
term_132a92984b672ddddfbe,Gross value added - NACE Rev. 2: K - current prices,measure,0.88,local-hybrid,True,title evidence with measure lexical cue; local model skipped because gold labels are pending,"[""occ_23cf0d95ea62d6c76f56""]",run_cf189fe93ed005701355
term_d9fb3aeefcbd7e2f796a,Gross value added - NACE Rev. 2: K - volumes,measure,0.88,local-hybrid,True,title evidence with measure lexical cue; local model skipped because gold labels are pending,"[""occ_4cf3000868b21fd67867""]",run_cf189fe93ed005701355
term_7f231a9b7cbedf86f343,Gross value added - NACE Rev. 2: L - current prices,measure,0.88,local-hybrid,True,title evidence with measure lexical cue; local model skipped because gold labels are pending,"[""occ_e20f0480fcbf2465054c""]",run_cf189fe93ed005701355
term_8d79218e8970c663f49b,Gross value added - NACE Rev. 2: L - volumes,measure,0.88,local-hybrid,True,title evidence with measure lexical cue; local model skipped because gold labels are pending,"[""occ_328b6228bc8a75e8b4b9""]",run_cf189fe93ed005701355
term_6b43fbddf11cc0d86ec7,Gross value added - NACE Rev. 2: M_N - current prices,measure,0.88,local-hybrid,True,title evidence with measure lexical cue; local model skipped because gold labels are pending,"[""occ_d206a9b91c5018cccb87""]",run_cf189fe93ed005701355
term_6a4b2ac0d5193a131324,Gross value added - NACE Rev. 2: M_N - volumes,measure,0.88,local-hybrid,True,title evidence with measure lexical cue; local model skipped because gold labels are pending,"[""occ_47412dda18d8326bd892""]",run_cf189fe93ed005701355
term_45e5d4ea6d3cfabd1255,Gross value added - NACE Rev. 2: O-Q - current prices,measure,0.88,local-hybrid,True,title evidence with measure lexical cue; local model skipped because gold labels are pending,"[""occ_cb457eebbd911c693afe""]",run_cf189fe93ed005701355
term_904fdc9e8e59b47185f3,Gross value added - NACE Rev. 2: O-Q - volumes,measure,0.88,local-hybrid,True,title evidence with measure lexical cue; local model skipped because gold labels are pending,"[""occ_45c8bfd8afad73044c69""]",run_cf189fe93ed005701355
term_2a7c2482523dd275c758,Gross value added - NACE Rev. 2: R-U - current prices,measure,0.88,local-hybrid,True,title evidence with measure lexical cue; local model skipped because gold labels are pending,"[""occ_e084e5283f8f73fafe4e""]",run_cf189fe93ed005701355
term_05a5d4d4a9fe9df881fb,Gross value added - NACE Rev. 2: R-U - volumes,measure,0.88,local-hybrid,True,title evidence with measure lexical cue; local model skipped because gold labels are pending,"[""occ_483bc6c6d34e3adc003f""]",run_cf189fe93ed005701355
term_7b14b367f153f0478857,Gross value added by industry,measure,0.88,local-hybrid,True,title evidence with measure lexical cue; local model skipped because gold labels are pending,"[""occ_4bb11a988269112dba60"", ""occ_679f4cc07a9cd90d3e9a""]",run_cf189fe93ed005701355
term_df1a5ad7a443268181aa,Gross value added by industry - ENP-East countries,measure,0.88,local-hybrid,True,title evidence with measure lexical cue; local model skipped because gold labels are pending,"[""occ_7d1f6afae9fddb20c968""]",run_cf189fe93ed005701355
term_9fbaa45e3349ea71692d,Gross value added by industry - ENP-South countries,measure,0.88,local-hybrid,True,title evidence with measure lexical cue; local model skipped because gold labels are pending,"[""occ_fe49b6feb0058dbb1db3""]",run_cf189fe93ed005701355
term_07eb873c84a3b89ea386,Gross value added in environmental goods and services sector,measure,0.88,local-hybrid,True,title evidence with measure lexical cue; local model skipped because gold labels are pending,"[""occ_abc0dbd4f982a0486c3d""]",run_cf189fe93ed005701355
term_38c663b569ebe677c2d6,Gross value added of the agricultural industry,measure,0.88,local-hybrid,True,title evidence with measure lexical cue; local model skipped because gold labels are pending,"[""occ_32c188c3ed6692705634""]",run_cf189fe93ed005701355
term_fb061a2388528d4de67d,Gross value added of the agricultural industry - basic and producer prices,measure,0.88,local-hybrid,True,title evidence with measure lexical cue; local model skipped because gold labels are pending,"[""occ_5b57ecb874eef1dc74ad""]",run_cf189fe93ed005701355
term_77db762d503f8c2112f8,Gross weight of dry bulk goods transported in short sea shipping from/to the top 5 EU ports for dry bulk goods,measure,0.88,local-hybrid,True,title evidence with measure lexical cue; local model skipped because gold labels are pending,"[""occ_36c6932bfade4795568d""]",run_cf189fe93ed005701355
term_65ebf0c0958b87bdcac8,Gross weight of goods handled,measure,0.72,local-hybrid,False,title-only term treated as likely measure; local model skipped because gold labels are pending,"[""occ_4ca951c692f2a1c73c73""]",run_cf189fe93ed005701355
term_a3d75e6ab93d57a34493,Gross weight of goods handled - ENP-East countries,measure,0.72,local-hybrid,False,title-only term treated as likely measure; local model skipped because gold labels are pending,"[""occ_1bffb05ebc62f6375775""]",run_cf189fe93ed005701355
term_af27172d2dca202d9764,gross weight of goods handled in all ports,measure,0.72,local-hybrid,False,title-only term treated as likely measure; local model skipped because gold labels are pending,"[""occ_6783844ce73d5bfaa1b6""]",run_cf189fe93ed005701355
term_6361f000a966751ad137,Gross weight of goods handled in all ports by direction,measure,0.72,local-hybrid,False,title-only term treated as likely measure; local model skipped because gold labels are pending,"[""occ_7dc0340db500c32ca672""]",run_cf189fe93ed005701355
term_4618a6767a89ca968bfa,Gross weight of goods handled in all ports by direction - ENP-South countries,measure,0.72,local-hybrid,False,title-only term treated as likely measure; local model skipped because gold labels are pending,"[""occ_9e43c44b6e7130a4d460""]",run_cf189fe93ed005701355
term_ab5cb6d657cfb86e547d,gross weight of goods handled in each port,measure,0.72,local-hybrid,False,title-only term treated as likely measure; local model skipped because gold labels are pending,"[""occ_98d53c9cc94124f17d66""]",run_cf189fe93ed005701355
term_627ade544c615b55fb84,gross weight of goods handled in main ports,measure,0.72,local-hybrid,False,title-only term treated as likely measure; local model skipped because gold labels are pending,"[""occ_c0a1c694d0279a62e68e""]",run_cf189fe93ed005701355
term_519a9dfb2e517a85e0fb,"gross weight of goods handled in main ports, by direction",measure,0.72,local-hybrid,False,title-only term treated as likely measure; local model skipped because gold labels are pending,"[""occ_7ee3c83fea86dde6cebd""]",run_cf189fe93ed005701355
term_e040defee705c6539725,"gross weight of goods handled in main ports, by type of cargo",measure,0.72,local-hybrid,False,title-only term treated as likely measure; local model skipped because gold labels are pending,"[""occ_a1ee097ec50b82f6ca74""]",run_cf189fe93ed005701355
term_077a8076be5b370a2fad,"gross weight of goods handled in main ports, by type of traffic",measure,0.72,local-hybrid,False,title-only term treated as likely measure; local model skipped because gold labels are pending,"[""occ_eb4a944ef7fa026b22cd""]",run_cf189fe93ed005701355
term_22bf5de16e0fdc3b7d93,"gross weight of goods handled in main ports, by various types of partner geographical areas",measure,0.72,local-hybrid,False,title-only term treated as likely measure; local model skipped because gold labels are pending,"[""occ_1a53c28b4286f408aade""]",run_cf189fe93ed005701355
term_d8c985bf3d3aec596622,Gross weight of goods handled in the top 20 EU ports by direction,measure,0.72,local-hybrid,False,title-only term treated as likely measure; local model skipped because gold labels are pending,"[""occ_c513ea2edfb6564f38aa""]",run_cf189fe93ed005701355
term_988b99bd2801c8911f55,gross weight of goods in containers handled in each port,measure,0.72,local-hybrid,False,title-only term treated as likely measure; local model skipped because gold labels are pending,"[""occ_dd7517a56a5fdd4b384b""]",run_cf189fe93ed005701355
term_684770e20fcc03635ea1,Gross weight of goods in containers transported in short sea shipping from/to the top 5 EU ports for goods in containers,measure,0.88,local-hybrid,True,title evidence with measure lexical cue; local model skipped because gold labels are pending,"[""occ_8f847478aafa82ac0033""]",run_cf189fe93ed005701355
term_32c1d4321267fe4eb962,gross weight of goods in Ro-Ro units handled in each port,measure,0.72,local-hybrid,False,title-only term treated as likely measure; local model skipped because gold labels are pending,"[""occ_b50ec2fbe73f6cc5de81""]",run_cf189fe93ed005701355
term_9cedd100584c1a2e3c09,Gross weight of goods in Ro-ro units transported in short sea shipping from/to the top 5 EU ports for goods in Ro-ro units,measure,0.88,local-hybrid,True,title evidence with measure lexical cue; local model skipped because gold labels are pending,"[""occ_c1b571bcd7906e276fb7""]",run_cf189fe93ed005701355
term_f05dc66b43a245fd67c2,gross weight of goods transported to/from main ports,measure,0.88,local-hybrid,True,title evidence with measure lexical cue; local model skipped because gold labels are pending,"[""occ_3c8c1b4a5f92883b3fa2""]",run_cf189fe93ed005701355
term_4888eefe70fe4ed02e10,"gross weight of goods transported to/from main ports, by direction",measure,0.88,local-hybrid,True,title evidence with measure lexical cue; local model skipped because gold labels are pending,"[""occ_b0c0c421fb034a207468""]",run_cf189fe93ed005701355
term_eb450627122a1664dc13,"gross weight of goods transported to/from main ports, by type of cargo for each sea region of partner ports",measure,0.88,local-hybrid,True,title evidence with measure lexical cue; local model skipped because gold labels are pending,"[""occ_748ae9c83f66ed3dd8fb""]",run_cf189fe93ed005701355
term_dc87455c6768dc28051e,gross weight of liquid bulk goods handled in each port,measure,0.72,local-hybrid,False,title-only term treated as likely measure; local model skipped because gold labels are pending,"[""occ_0560394f7b2663e58a2e""]",run_cf189fe93ed005701355
term_e6cd08c5e530a7d55c17,Gross weight of liquid bulk goods transported in short sea shipping from/to the top 5 EU ports for liquid bulk goods,measure,0.88,local-hybrid,True,title evidence with measure lexical cue; local model skipped because gold labels are pending,"[""occ_7cba52314f2e8ba1ebc1""]",run_cf189fe93ed005701355
term_88abdb64a3b91f0e59c2,Guest nights spent at short-stay accommodation offered via collaborative economy platforms by mode of accommodation,measure,0.72,local-hybrid,False,title-only term treated as likely measure; local model skipped because gold labels are pending,"[""occ_e050b69054e8ca10ff7c""]",run_cf189fe93ed005701355
term_a82ba53f3b1fa49a08ae,Guest nights spent at short-stay accommodation offered via collaborative economy platforms by mode of accommodation - experimental statistics,measure,0.72,local-hybrid,False,title-only term treated as likely measure; local model skipped because gold labels are pending,"[""occ_63724d22d0371ef5f1fd""]",run_cf189fe93ed005701355
term_805ab8e47c040de7ad30,Guest nights spent at short-stay accommodation offered via collaborative economy platforms by size class of accommodation,measure,0.72,local-hybrid,False,title-only term treated as likely measure; local model skipped because gold labels are pending,"[""occ_0aa14e1df42a1619aa1c""]",run_cf189fe93ed005701355
term_d6fb09b1c2a241521ea0,Guest nights spent at short-stay accommodation offered via collaborative economy platforms by size class of accommodation - experimental statistics,measure,0.72,local-hybrid,False,title-only term treated as likely measure; local model skipped because gold labels are pending,"[""occ_661a39208e5263a52cba""]",run_cf189fe93ed005701355
term_3dbc7e5444fb23d6d899,Harmonised risk indicator 1 for pesticides by categorisation of active substances,measure,0.88,local-hybrid,True,title evidence with measure lexical cue; local model skipped because gold labels are pending,"[""occ_55bfe0c670345e67ed34""]",run_cf189fe93ed005701355
term_7fad463e4005feb7eac9,Hauled passenger railway vehicle traffic performance by type of railway vehicle speed,measure,0.72,local-hybrid,False,title-only term treated as likely measure; local model skipped because gold labels are pending,"[""occ_0cd169e893104af0e063""]",run_cf189fe93ed005701355
term_daaab65add601ee75023,Hauled passenger railway vehicle traffic performance by type of railway vehicle speed - seat km,measure,0.72,local-hybrid,False,title-only term treated as likely measure; local model skipped because gold labels are pending,"[""occ_c278099406ef2f24ebbd""]",run_cf189fe93ed005701355
term_7d3f1c64217bc025a988,Hauled vehicle traffic performance,measure,0.72,local-hybrid,False,title-only term treated as likely measure; local model skipped because gold labels are pending,"[""occ_bb12cc43de4e9a603f85""]",run_cf189fe93ed005701355
term_c9758f99f3da483f59e5,Hauled vehicle traffic performance - tkm,measure,0.72,local-hybrid,False,title-only term treated as likely measure; local model skipped because gold labels are pending,"[""occ_c4f9f781cb13bae6277a""]",run_cf189fe93ed005701355
term_b28741ef4ee8a1420a20,Health care expenditure,measure,0.88,local-hybrid,True,title evidence with measure lexical cue; local model skipped because gold labels are pending,"[""occ_ec022bce8478ca79bf2b""]",run_cf189fe93ed005701355
term_7a46a9a0691b4a23f53b,Health care expenditure - % of GDP - ENP-East countries,measure,0.88,local-hybrid,True,title evidence with measure lexical cue; local model skipped because gold labels are pending,"[""occ_79cf1b473c0eea02e3e8""]",run_cf189fe93ed005701355
term_9180a9499c0c5423401c,Health impacts of air pollution,measure,0.72,local-hybrid,False,title-only term treated as likely measure; local model skipped because gold labels are pending,"[""occ_7792ca485f8970d09939""]",run_cf189fe93ed005701355
term_5220f3f435976112ea7a,Healthy life years,measure,0.72,local-hybrid,False,title-only term treated as likely measure; local model skipped because gold labels are pending,"[""occ_366af78440b7dc7f6901""]",run_cf189fe93ed005701355
term_eecf6953fb6bba9f2147,Healthy life years at 65 - females,measure,0.72,local-hybrid,False,title-only term treated as likely measure; local model skipped because gold labels are pending,"[""occ_ece29e8a805a56f10cfd""]",run_cf189fe93ed005701355
term_bf2a262a2c8e85c202b1,Healthy life years at 65 - males,measure,0.72,local-hybrid,False,title-only term treated as likely measure; local model skipped because gold labels are pending,"[""occ_c836a9735080ae585da3""]",run_cf189fe93ed005701355
term_83f85cb8dc5f06a667ca,Healthy life years at age 65 by sex,measure,0.72,local-hybrid,False,title-only term treated as likely measure; local model skipped because gold labels are pending,"[""occ_e26f8f6d2b13a994e8d3""]",run_cf189fe93ed005701355
term_8c0da67ed1006687b002,Healthy life years at birth by sex,measure,0.88,local-hybrid,True,title evidence with measure lexical cue; local model skipped because gold labels are pending,"[""occ_cf887005960b9b22e6e2"", ""occ_d29f59311ddcc641426a""]",run_cf189fe93ed005701355
term_1714c3b2c3cbe13e13e7,HICP - alcohol and tobacco,measure,0.72,local-hybrid,False,title-only term treated as likely measure; local model skipped because gold labels are pending,"[""occ_b97f994e0b15fd647eb2""]",run_cf189fe93ed005701355
term_96cd83bed7a59af9c312,HICP - all items,measure,0.72,local-hybrid,False,title-only term treated as likely measure; local model skipped because gold labels are pending,"[""occ_8dab3581e99903ccea5c""]",run_cf189fe93ed005701355
term_ec6307e017a1ec3112d9,HICP - all items - annual average indices,measure,0.72,local-hybrid,False,title-only term treated as likely measure; local model skipped because gold labels are pending,"[""occ_b85200a6490b478a0e65""]",run_cf189fe93ed005701355
term_2166e87062afc7130860,HICP - all items excluding energy,measure,0.72,local-hybrid,False,title-only term treated as likely measure; local model skipped because gold labels are pending,"[""occ_6f5521dfd0ed28765686""]",run_cf189fe93ed005701355
term_dfef0bc6fec023da7d6f,HICP - all items excluding energy and seasonal food,measure,0.72,local-hybrid,False,title-only term treated as likely measure; local model skipped because gold labels are pending,"[""occ_84742aa9a1e070e061d8""]",run_cf189fe93ed005701355
term_5589817532966513588f,HICP - all items excluding energy and unprocessed food,measure,0.72,local-hybrid,False,title-only term treated as likely measure; local model skipped because gold labels are pending,"[""occ_248e7800724db23f984b""]",run_cf189fe93ed005701355
term_eec19635403fa562b0d0,"HICP - all items excluding energy, food, alcohol and tobacco",measure,0.72,local-hybrid,False,title-only term treated as likely measure; local model skipped because gold labels are pending,"[""occ_98e5150c4e69960c26a8""]",run_cf189fe93ed005701355
term_4ce121c811aafc35d233,HICP - all items excluding tobacco,measure,0.72,local-hybrid,False,title-only term treated as likely measure; local model skipped because gold labels are pending,"[""occ_6cb8b07155c65d3675e4""]",run_cf189fe93ed005701355
term_97a52f83cf9679454796,HICP - clothing,measure,0.72,local-hybrid,False,title-only term treated as likely measure; local model skipped because gold labels are pending,"[""occ_d39d320da0e327f1dfe2""]",run_cf189fe93ed005701355
term_dc78eb82f20ae98aea8b,HICP - communications,measure,0.72,local-hybrid,False,title-only term treated as likely measure; local model skipped because gold labels are pending,"[""occ_19b2992214d1ca2484ef""]",run_cf189fe93ed005701355
term_eb8c99943c7bf24ade49,HICP - country weights,measure,0.72,local-hybrid,False,title-only term treated as likely measure; local model skipped because gold labels are pending,"[""occ_10413bc418a75c7345f4""]",run_cf189fe93ed005701355
term_14dfb8649a706fe9ff1b,HICP - education,measure,0.72,local-hybrid,False,title-only term treated as likely measure; local model skipped because gold labels are pending,"[""occ_75f959c1406e8dfc4864""]",run_cf189fe93ed005701355
term_f0cf33cba7f262331b61,HICP - energy,measure,0.72,local-hybrid,False,title-only term treated as likely measure; local model skipped because gold labels are pending,"[""occ_ee90ff365304cf546ed6""]",run_cf189fe93ed005701355
term_eaab3fc64e145be46e23,HICP - food,measure,0.72,local-hybrid,False,title-only term treated as likely measure; local model skipped because gold labels are pending,"[""occ_dff595e2dc1dda1f4e44""]",run_cf189fe93ed005701355
term_d34dc1c2ffc13dc1484b,"HICP - food, alcohol and tobacco",measure,0.72,local-hybrid,False,title-only term treated as likely measure; local model skipped because gold labels are pending,"[""occ_3e2110ca265a047e1ff5""]",run_cf189fe93ed005701355
term_1e0b2bfdc6938c46a19b,HICP - health,measure,0.72,local-hybrid,False,title-only term treated as likely measure; local model skipped because gold labels are pending,"[""occ_87bb0b5fce44fc3439e0""]",run_cf189fe93ed005701355
term_88075fa39a20cb2fd639,HICP - hotels and restaurants,measure,0.72,local-hybrid,False,title-only term treated as likely measure; local model skipped because gold labels are pending,"[""occ_90284e533b5885628db4""]",run_cf189fe93ed005701355
term_2f9a3cdd454eea6132d4,HICP - household equipment,measure,0.72,local-hybrid,False,title-only term treated as likely measure; local model skipped because gold labels are pending,"[""occ_d6cdde1f15240630bfec""]",run_cf189fe93ed005701355
term_6fad058a31cd9444c9c5,HICP - housing,measure,0.72,local-hybrid,False,title-only term treated as likely measure; local model skipped because gold labels are pending,"[""occ_5f6ad3fbf8ddb89a2d94""]",run_cf189fe93ed005701355
term_d21097248b037ca71a01,HICP - inflation rate,measure,0.72,local-hybrid,False,title-only term treated as likely measure; local model skipped because gold labels are pending,"[""occ_a3e54cc69cacb5bdda29""]",run_cf189fe93ed005701355
term_3b59ca06a899454b78b8,HICP - miscellaneous goods and services,measure,0.72,local-hybrid,False,title-only term treated as likely measure; local model skipped because gold labels are pending,"[""occ_853c69f2e8e8cb5e3811""]",run_cf189fe93ed005701355
term_369d87390f41753c141f,HICP - non-energy industrial goods,measure,0.72,local-hybrid,False,title-only term treated as likely measure; local model skipped because gold labels are pending,"[""occ_a2ff14110c9214daaa3f""]",run_cf189fe93ed005701355
term_b879826b5838bae68f75,HICP - recreation and culture,measure,0.72,local-hybrid,False,title-only term treated as likely measure; local model skipped because gold labels are pending,"[""occ_4b914382c33070677e39""]",run_cf189fe93ed005701355
term_a758c3ee913770250a85,HICP - services,measure,0.72,local-hybrid,False,title-only term treated as likely measure; local model skipped because gold labels are pending,"[""occ_e10265d18b2ee5abbbbf""]",run_cf189fe93ed005701355
term_9b83e3239cd2a5b6767f,HICP - transport,measure,0.88,local-hybrid,True,title evidence with measure lexical cue; local model skipped because gold labels are pending,"[""occ_ddd2242245793029d431""]",run_cf189fe93ed005701355
term_4905cdd8d7ab7bd9d044,HIDDEN DAT,measure,0.72,local-hybrid,False,title-only term treated as likely measure; local model skipped because gold labels are pending,"[""occ_63831ad7a7b2a9b1c6f5""]",run_cf189fe93ed005701355
term_74c1c11db0e9d66f5792,"High-speed internet coverage, by type of area",measure,0.72,local-hybrid,False,title-only term treated as likely measure; local model skipped because gold labels are pending,"[""occ_96b0c89be64792127460""]",run_cf189fe93ed005701355
term_308ea52be570d7c58186,"High-tech exports - Exports of high technology products as a share of total exports (from, SITC Rev. 4)",measure,0.72,local-hybrid,False,title-only term treated as likely measure; local model skipped because gold labels are pending,"[""occ_6c3a54a51d2b463a3ade""]",run_cf189fe93ed005701355
term_86b8c621d933d5f97252,Higher education,measure,0.72,local-hybrid,False,title-only term treated as likely measure; local model skipped because gold labels are pending,"[""occ_3a4a4c2bfcf4ac170c8c""]",run_cf189fe93ed005701355
term_ec8f8de7eae00a123306,"historical data (, former methodology and source)",measure,0.72,local-hybrid,False,title-only term treated as likely measure; local model skipped because gold labels are pending,"[""occ_87dc1f80cefe22aa8d26""]",run_cf189fe93ed005701355
term_77bf13cbded1bf5beba9,homicide in cities,measure,0.72,local-hybrid,False,title-only term treated as likely measure; local model skipped because gold labels are pending,"[""occ_cb18ec772f85459e0068""]",run_cf189fe93ed005701355
term_3dcc8605b412f2ed76c2,Hospital beds,measure,0.72,local-hybrid,False,title-only term treated as likely measure; local model skipped because gold labels are pending,"[""occ_574d381cdeb1a8d2ec56""]",run_cf189fe93ed005701355
term_67cd23748b5cdfb364ff,Hours spent in CVT courses by NACE Rev. 1.1 activity - per participant,measure,0.72,local-hybrid,False,title-only term treated as likely measure; local model skipped because gold labels are pending,"[""occ_217b4c49e176b9e9d732""]",run_cf189fe93ed005701355
term_501301a8f05ab8feac07,Hours spent in CVT courses by NACE Rev. 1.1 activity - per person employed in all enterprises,measure,0.72,local-hybrid,False,title-only term treated as likely measure; local model skipped because gold labels are pending,"[""occ_f0286c08dc18e392fcfd""]",run_cf189fe93ed005701355
term_301578ad5a587c2f1f86,Hours spent in CVT courses by NACE Rev. 1.1 activity - per person employed in enterprises providing CVT courses,measure,0.72,local-hybrid,False,title-only term treated as likely measure; local model skipped because gold labels are pending,"[""occ_49b2b9ced0bf8361e0c7""]",run_cf189fe93ed005701355
term_3dd3c972a60bdd0dceaa,Hours spent in CVT courses by NACE Rev. 2 activity - per participant,measure,0.72,local-hybrid,False,title-only term treated as likely measure; local model skipped because gold labels are pending,"[""occ_46365d147b1d685dda86""]",run_cf189fe93ed005701355
term_a259182eddd891e8f3bb,Hours spent in CVT courses by NACE Rev. 2 activity - per person employed in all enterprises,measure,0.72,local-hybrid,False,title-only term treated as likely measure; local model skipped because gold labels are pending,"[""occ_635aa73e40645c4ce852""]",run_cf189fe93ed005701355
term_5baf9c5a9e091a6ffac8,Hours spent in CVT courses by NACE Rev. 2 activity - per person employed in enterprises providing CVT courses,measure,0.72,local-hybrid,False,title-only term treated as likely measure; local model skipped because gold labels are pending,"[""occ_228a301e73842de2023e""]",run_cf189fe93ed005701355
term_e088ffc60375b17170f6,Hours spent in CVT courses by size class - per participant,measure,0.72,local-hybrid,False,title-only term treated as likely measure; local model skipped because gold labels are pending,"[""occ_95945fd574f8743b9735""]",run_cf189fe93ed005701355
term_f63ca7db3f4c38990267,Hours spent in CVT courses by size class - per person employed in all enterprises,measure,0.72,local-hybrid,False,title-only term treated as likely measure; local model skipped because gold labels are pending,"[""occ_62943d432633315e2c66""]",run_cf189fe93ed005701355
term_103c901d723551fc6505,Hours spent in CVT courses by size class - per person employed in enterprises providing CVT courses,measure,0.72,local-hybrid,False,title-only term treated as likely measure; local model skipped because gold labels are pending,"[""occ_8f62be6a424c1a48f767""]",run_cf189fe93ed005701355
term_b433a299a4eeedbd8eb3,Hours spent in CVT courses by type of course and NACE Rev. 1.1 activity,measure,0.72,local-hybrid,False,title-only term treated as likely measure; local model skipped because gold labels are pending,"[""occ_bd4ad51589651b02d2d9""]",run_cf189fe93ed005701355
term_57c4bf1487d6621b3e1e,Hours spent in CVT courses by type of course and NACE Rev. 1.1 activity - % of total hours spent in CVT courses,measure,0.72,local-hybrid,False,title-only term treated as likely measure; local model skipped because gold labels are pending,"[""occ_0f1f7a2eb9caea29b4a5""]",run_cf189fe93ed005701355
term_889e83c0402a09059be4,Hours worked per week of full-time employment,measure,0.88,local-hybrid,True,title evidence with measure lexical cue; local model skipped because gold labels are pending,"[""occ_879750daa3868ffa4609""]",run_cf189fe93ed005701355
term_2ac0acffca0463ed9ded,House price index,measure,0.88,local-hybrid,True,title evidence with measure lexical cue; local model skipped because gold labels are pending,"[""occ_48dd05872f82ab2e5eca"", ""occ_e8fae38ea345e5be5d0e""]",run_cf189fe93ed005701355
term_53a4355232fa8ec64f34,House price index (= 100),measure,0.88,local-hybrid,True,title evidence with measure lexical cue; local model skipped because gold labels are pending,"[""occ_5eae3f3b2cf7d182ee12""]",run_cf189fe93ed005701355
term_95b646dd7227ccce08b4,House price index (= 100) - quarterly data,measure,0.88,local-hybrid,True,title evidence with measure lexical cue; local model skipped because gold labels are pending,"[""occ_4fe249746295828a714b""]",run_cf189fe93ed005701355
term_b287058763b62e747ffb,House price index - Item weights,measure,0.88,local-hybrid,True,title evidence with measure lexical cue; local model skipped because gold labels are pending,"[""occ_44c76ae8105c4507839d""]",run_cf189fe93ed005701355
term_7fd0142c8dd981cee687,House price index - quarterly data,measure,0.88,local-hybrid,True,title evidence with measure lexical cue; local model skipped because gold labels are pending,"[""occ_68b988f66554c2a11cc1""]",run_cf189fe93ed005701355
term_20521c72e6cabba7e964,"House price index, deflated",measure,0.88,local-hybrid,True,title evidence with measure lexical cue; local model skipped because gold labels are pending,"[""occ_3f4920f08d71d78ce92d"", ""occ_47b61ef2ebae4ecb6ccd""]",run_cf189fe93ed005701355
term_4d5be5b88085385db32d,"House price index, deflated - annual data",measure,0.88,local-hybrid,True,title evidence with measure lexical cue; local model skipped because gold labels are pending,"[""occ_eded6b61ff20cd050ffb""]",run_cf189fe93ed005701355
term_cf8712dfc9d708cb8fa1,"House price index, deflated - quarterly data",measure,0.88,local-hybrid,True,title evidence with measure lexical cue; local model skipped because gold labels are pending,"[""occ_b9d1e1e2493920a661de""]",run_cf189fe93ed005701355
term_14fbb936b6af82a1ad80,"House price index, nominal",measure,0.88,local-hybrid,True,title evidence with measure lexical cue; local model skipped because gold labels are pending,"[""occ_b9e14d82cb812bff193a""]",run_cf189fe93ed005701355
term_3987c647edbf48762f80,"House price index, nominal - annual data",measure,0.88,local-hybrid,True,title evidence with measure lexical cue; local model skipped because gold labels are pending,"[""occ_8eb2185c251cfcffd7f4""]",run_cf189fe93ed005701355
term_b42b72d1ef59e78b9232,House sales,measure,0.88,local-hybrid,True,title evidence with measure lexical cue; local model skipped because gold labels are pending,"[""occ_40ea3223e1f9da517b2d"", ""occ_73cdc07757bc293e63ba""]",run_cf189fe93ed005701355
term_d47300ffaf337f995f13,"House sales - number and index (=100), annual data",measure,0.88,local-hybrid,True,title evidence with measure lexical cue; local model skipped because gold labels are pending,"[""occ_5f0a1f12eab7e804284c""]",run_cf189fe93ed005701355
term_48fc1ea3059120d115be,"House sales - value and index (=100), annual data",measure,0.88,local-hybrid,True,title evidence with measure lexical cue; local model skipped because gold labels are pending,"[""occ_7f6a4019f183a86bf3c4""]",run_cf189fe93ed005701355
term_5e740e61c6e62cbab699,Household composition by size,measure,0.72,local-hybrid,False,title-only term treated as likely measure; local model skipped because gold labels are pending,"[""occ_6786a494d481f743ac92""]",run_cf189fe93ed005701355
term_2b65c9ec8a672b8152af,Household consumption volumes of electricity by consumption bands,measure,0.72,local-hybrid,False,title-only term treated as likely measure; local model skipped because gold labels are pending,"[""occ_9db32bc691becee57cde""]",run_cf189fe93ed005701355
term_7802ebcc68fd8f857547,Household consumption volumes of gas by consumption bands,measure,0.72,local-hybrid,False,title-only term treated as likely measure; local model skipped because gold labels are pending,"[""occ_7bf82179eafcb8f34b02""]",run_cf189fe93ed005701355
term_957c7072400aabcc097c,"Household debt including non-profit institutions serving households, consolidated",measure,0.72,local-hybrid,False,title-only term treated as likely measure; local model skipped because gold labels are pending,"[""occ_ee99ddb9d6724684dcb9""]",run_cf189fe93ed005701355
term_70b7c8e9e6ed9c7bc6e5,household equipment,measure,0.72,local-hybrid,False,title-only term treated as likely measure; local model skipped because gold labels are pending,"[""occ_b8777bf24b6513823371""]",run_cf189fe93ed005701355
term_5ac66553cf6d1848357e,Households by size (number of persons),measure,0.72,local-hybrid,False,title-only term treated as likely measure; local model skipped because gold labels are pending,"[""occ_ec7266d3f717374f56dd""]",run_cf189fe93ed005701355
term_d322d3c6423d5473a829,Households investment rate,measure,0.72,local-hybrid,False,title-only term treated as likely measure; local model skipped because gold labels are pending,"[""occ_16e621e571f758209302""]",run_cf189fe93ed005701355
term_e078531806d3a6d4ed9d,Households maintaining the same standard of living using savings by duration and risk of poverty threshold,measure,0.72,local-hybrid,False,title-only term treated as likely measure; local model skipped because gold labels are pending,"[""occ_d8b9a9b48241b339ccc6""]",run_cf189fe93ed005701355
term_d02d5a8beed347abd885,Households that have internet access at home by NUTS 2 region,measure,0.72,local-hybrid,False,title-only term treated as likely measure; local model skipped because gold labels are pending,"[""occ_64b748d27b507e3fed5b""]",run_cf189fe93ed005701355
term_f4b9c5599789108e868d,Households with access to secure tenure by simplified degree of urbanisation,measure,0.72,local-hybrid,False,title-only term treated as likely measure; local model skipped because gold labels are pending,"[""occ_573b4b4e2e8503e21bb4""]",run_cf189fe93ed005701355
term_f0621630702d5c2bd934,Households with access to secure tenure by simplified degree of urbanisation - ENP-South countries,measure,0.72,local-hybrid,False,title-only term treated as likely measure; local model skipped because gold labels are pending,"[""occ_2fa576a02934447c313d""]",run_cf189fe93ed005701355
term_410487568737ef3fb59e,Households with sustainable access to improved sanitation by simplified degree of urbanisation,measure,0.72,local-hybrid,False,title-only term treated as likely measure; local model skipped because gold labels are pending,"[""occ_8c0d0109beeaed9478e0""]",run_cf189fe93ed005701355
term_23de67049c0dc04c036a,Households with sustainable access to improved sanitation by simplified degree of urbanisation - ENP-South countries,measure,0.72,local-hybrid,False,title-only term treated as likely measure; local model skipped because gold labels are pending,"[""occ_d05e50f7d09ea59e9e18""]",run_cf189fe93ed005701355
term_115b5c9878c65bea4f1e,Housing cost overburden rate,measure,0.72,local-hybrid,False,title-only term treated as likely measure; local model skipped because gold labels are pending,"[""occ_c10fcd1b04d20515c0e4""]",run_cf189fe93ed005701355
term_f1c41298a092699698ce,Housing cost overburden rate by age group,measure,0.72,local-hybrid,False,title-only term treated as likely measure; local model skipped because gold labels are pending,"[""occ_1c14854ed73faae66ad4""]",run_cf189fe93ed005701355
term_44d5b6936bb3866b7c09,Housing cost overburden rate by age group - EU-SILC survey,measure,0.72,local-hybrid,False,title-only term treated as likely measure; local model skipped because gold labels are pending,"[""occ_d2a46923ae14f63f574f""]",run_cf189fe93ed005701355
term_07a80697c4321f8c706a,Housing cost overburden rate by degree of urbanisation - EU-SILC survey,measure,0.72,local-hybrid,False,title-only term treated as likely measure; local model skipped because gold labels are pending,"[""occ_dcfdcc5b1ab0d2ff18e7""]",run_cf189fe93ed005701355
term_1d36fabdc211d3d3ebf1,Housing cost overburden rate by household type,measure,0.72,local-hybrid,False,title-only term treated as likely measure; local model skipped because gold labels are pending,"[""occ_cd5d6d66d669ebdf841b""]",run_cf189fe93ed005701355
term_07b9b39822df193edc53,Housing cost overburden rate by household type - EU-SILC survey,measure,0.72,local-hybrid,False,title-only term treated as likely measure; local model skipped because gold labels are pending,"[""occ_81c9257ba6b9d312685a""]",run_cf189fe93ed005701355
term_d3a86d6b1442368c3650,Housing cost overburden rate by income quintile - EU-SILC survey,measure,0.88,local-hybrid,True,title evidence with measure lexical cue; local model skipped because gold labels are pending,"[""occ_328c74eba1fcc2cdd2b6""]",run_cf189fe93ed005701355
term_af4eae7da9efdf582c21,Housing cost overburden rate by NUTS 2 region,measure,0.72,local-hybrid,False,title-only term treated as likely measure; local model skipped because gold labels are pending,"[""occ_6b85264eaa2f96b1f4e1""]",run_cf189fe93ed005701355
term_c9272e2765f8365ff80d,Housing cost overburden rate by poverty status - EU-SILC survey,measure,0.72,local-hybrid,False,title-only term treated as likely measure; local model skipped because gold labels are pending,"[""occ_77fbbed1c7fa23091351""]",run_cf189fe93ed005701355
term_b3dfa72ef2decd264f8b,Housing cost overburden rate by sex,measure,0.72,local-hybrid,False,title-only term treated as likely measure; local model skipped because gold labels are pending,"[""occ_b2574620e364f56a4310""]",run_cf189fe93ed005701355
term_ce6acb5890a7891864e9,Housing cost overburden rate by sex - EU-SILC survey,measure,0.72,local-hybrid,False,title-only term treated as likely measure; local model skipped because gold labels are pending,"[""occ_dc809bf1f9bd92d693ab""]",run_cf189fe93ed005701355
term_66fdbb595cc913090e50,Housing cost overburden rate by tenure status - EU-SILC survey,measure,0.72,local-hybrid,False,title-only term treated as likely measure; local model skipped because gold labels are pending,"[""occ_83a5b6d102f0c4c8ae83""]",run_cf189fe93ed005701355
term_1bcfc773a90845ab8414,Housing deprivation rate by number of item,measure,0.72,local-hybrid,False,title-only term treated as likely measure; local model skipped because gold labels are pending,"[""occ_794f9ff0766e763e1791""]",run_cf189fe93ed005701355
term_993da552a6a30c796cd7,Housing deprivation rate by number of item - EU-SILC survey,measure,0.72,local-hybrid,False,title-only term treated as likely measure; local model skipped because gold labels are pending,"[""occ_3eb886e959d08e0a1241""]",run_cf189fe93ed005701355
term_78f8f43b0ac9499c8671,Housing units by type,measure,0.72,local-hybrid,False,title-only term treated as likely measure; local model skipped because gold labels are pending,"[""occ_e976e42ceacb122d4dd2""]",run_cf189fe93ed005701355
term_c7eb4ee64ac969738ba5,Housing units by type of building,measure,0.72,local-hybrid,False,title-only term treated as likely measure; local model skipped because gold labels are pending,"[""occ_4d55669c3a9948037132""]",run_cf189fe93ed005701355
term_ca4f25ebde3ce23ccf99,Human resources in science and technology (HRST),measure,0.72,local-hybrid,False,title-only term treated as likely measure; local model skipped because gold labels are pending,"[""occ_c1e0ae735d390bf8edb6""]",run_cf189fe93ed005701355
term_8f83a773d35adbba8c93,Hungaria,measure,0.72,local-hybrid,False,title-only term treated as likely measure; local model skipped because gold labels are pending,"[""occ_17c4671e76b67852f6c2""]",run_cf189fe93ed005701355
term_379f4d60e3eadc93e467,Immigration,measure,0.72,local-hybrid,False,title-only term treated as likely measure; local model skipped because gold labels are pending,"[""occ_87ddc4676c4eefb0918c""]",run_cf189fe93ed005701355
term_756828e7db6f772e8190,Immigration by broad group of country of previous residence,measure,0.72,local-hybrid,False,title-only term treated as likely measure; local model skipped because gold labels are pending,"[""occ_9d8cfb2b5617fdf03107""]",run_cf189fe93ed005701355
term_deb2e815950573294b63,Import dependency on third countries by fuel type,measure,0.72,local-hybrid,False,title-only term treated as likely measure; local model skipped because gold labels are pending,"[""occ_bf46ca8becfef19fe7de""]",run_cf189fe93ed005701355
term_b5b8d388f2ef30d9a63b,Import prices - capital goods,measure,0.88,local-hybrid,True,title evidence with measure lexical cue; local model skipped because gold labels are pending,"[""occ_c6e75cb2e7aefd928dff""]",run_cf189fe93ed005701355
term_fa079b5a5c445856b3d5,Import prices - consumer durables,measure,0.88,local-hybrid,True,title evidence with measure lexical cue; local model skipped because gold labels are pending,"[""occ_d11da2a6bc236774b02c""]",run_cf189fe93ed005701355
term_113fb5fe2b429e592b11,Import prices - consumer non-durables,measure,0.88,local-hybrid,True,title evidence with measure lexical cue; local model skipped because gold labels are pending,"[""occ_4f392b58049d72c3e031""]",run_cf189fe93ed005701355
term_01e9da427b6abfa900c2,Import prices - intermediate goods,measure,0.88,local-hybrid,True,title evidence with measure lexical cue; local model skipped because gold labels are pending,"[""occ_e02a8309759fefd4cfb2""]",run_cf189fe93ed005701355
term_1db7e88dc0bc19d4fa1a,Import prices - manufacturing,measure,0.88,local-hybrid,True,title evidence with measure lexical cue; local model skipped because gold labels are pending,"[""occ_3cbab9c9c748c536711c""]",run_cf189fe93ed005701355
term_22efcbdc7e86854e5717,Import prices - total industry,measure,0.88,local-hybrid,True,title evidence with measure lexical cue; local model skipped because gold labels are pending,"[""occ_8080d2b2140395439331""]",run_cf189fe93ed005701355
term_50b827507c643b26ba5d,Imports of goods - chemicals and related products,measure,0.72,local-hybrid,False,title-only term treated as likely measure; local model skipped because gold labels are pending,"[""occ_1ec4ba0ee6c5c1247e1e""]",run_cf189fe93ed005701355
term_ac954a3423af8f8e6399,"Imports of goods - food, drinks and tobacco",measure,0.72,local-hybrid,False,title-only term treated as likely measure; local model skipped because gold labels are pending,"[""occ_7d19dd6370cc263d9880""]",run_cf189fe93ed005701355
term_c4e193b79f7c26d0cd98,Imports of goods - machinery and transport equipment,measure,0.88,local-hybrid,True,title evidence with measure lexical cue; local model skipped because gold labels are pending,"[""occ_2db08bf1f7c39b75f2a1""]",run_cf189fe93ed005701355
term_ca6673c9585db32cc180,"Imports of goods - mineral fuels, lubricants and related materials",measure,0.72,local-hybrid,False,title-only term treated as likely measure; local model skipped because gold labels are pending,"[""occ_23da8da1efb9008025f8""]",run_cf189fe93ed005701355
term_5ed421513db9c57033c4,Imports of goods - other manufactured products,measure,0.72,local-hybrid,False,title-only term treated as likely measure; local model skipped because gold labels are pending,"[""occ_e25d076e28ac5d80447f""]",run_cf189fe93ed005701355
term_d439b4c442246ae210d8,Imports of goods - raw materials,measure,0.72,local-hybrid,False,title-only term treated as likely measure; local model skipped because gold labels are pending,"[""occ_90ec537eaba795bcee92""]",run_cf189fe93ed005701355
term_f81b3338b86d1850c069,Imports of goods - total,measure,0.72,local-hybrid,False,title-only term treated as likely measure; local model skipped because gold labels are pending,"[""occ_867a101bf31966a89a17""]",run_cf189fe93ed005701355
term_6e013eaf01ca71a8b4dd,Imports of goods and services in % of GDP,measure,0.88,local-hybrid,True,title evidence with measure lexical cue; local model skipped because gold labels are pending,"[""occ_96d11273d5c8fc9b64a1""]",run_cf189fe93ed005701355
term_695dda278aa3575231f5,in private practice or as outpatient,measure,0.72,local-hybrid,False,title-only term treated as likely measure; local model skipped because gold labels are pending,"[""occ_bcd77c34b36389004622""]",run_cf189fe93ed005701355
term_9d63af292c8afa0b17e8,In work at-risk-of-poverty rate,measure,0.72,local-hybrid,False,title-only term treated as likely measure; local model skipped because gold labels are pending,"[""occ_cd85dc80bf8e76eae602""]",run_cf189fe93ed005701355
term_f8b8d4685a58c4e867cb,In-work at-risk-of-poverty rate,measure,0.72,local-hybrid,False,title-only term treated as likely measure; local model skipped because gold labels are pending,"[""occ_a728dbd9ce9162ec910a""]",run_cf189fe93ed005701355
term_cab7eac865504462629d,In-work at-risk-of-poverty rate by educational attainment level,measure,0.72,local-hybrid,False,title-only term treated as likely measure; local model skipped because gold labels are pending,"[""occ_fa21308bb55c9961fdfe""]",run_cf189fe93ed005701355
term_aeaf7a1a1a198d5019cf,In-work at-risk-of-poverty rate by full-/part-time work,measure,0.72,local-hybrid,False,title-only term treated as likely measure; local model skipped because gold labels are pending,"[""occ_5e03c6e9788969e6bac8""]",run_cf189fe93ed005701355
term_3e43e54be741c8d6c118,In-work at-risk-of-poverty rate by months worked,measure,0.72,local-hybrid,False,title-only term treated as likely measure; local model skipped because gold labels are pending,"[""occ_8c94fcc7d2adaf85361c""]",run_cf189fe93ed005701355
term_aace2b06375724ddd46c,In-work at-risk-of-poverty rate by sex,measure,0.72,local-hybrid,False,title-only term treated as likely measure; local model skipped because gold labels are pending,"[""occ_0f4647f566cc03ee0071""]",run_cf189fe93ed005701355
term_ad8266aed47b060559b7,In-work at-risk-of-poverty rate by working time,measure,0.72,local-hybrid,False,title-only term treated as likely measure; local model skipped because gold labels are pending,"[""occ_4b51172ade9c13012dc9""]",run_cf189fe93ed005701355
term_bc45bdb4deca6012acea,In-work at-risk-of-poverty rate by working time - EU-SILC survey,measure,0.72,local-hybrid,False,title-only term treated as likely measure; local model skipped because gold labels are pending,"[""occ_5f468a4073efdde7989f""]",run_cf189fe93ed005701355
term_dd2e70f1190d7bb6277a,"Inability to afford a meal with meat, chicken, fish (or vegetarian equivalent) every second day by NUTS 2 region",measure,0.72,local-hybrid,False,title-only term treated as likely measure; local model skipped because gold labels are pending,"[""occ_1a5ce344a985c9dff204""]",run_cf189fe93ed005701355
term_1da95d1d52e89511fdaa,Inability to face unexpected financial expenses by NUTS 2 region,measure,0.72,local-hybrid,False,title-only term treated as likely measure; local model skipped because gold labels are pending,"[""occ_a829a56178d73463651f""]",run_cf189fe93ed005701355
term_29c8616b9f28a17f023e,Inability to keep home adequately warm by NUTS 2 region,measure,0.72,local-hybrid,False,title-only term treated as likely measure; local model skipped because gold labels are pending,"[""occ_e1579e690c0df3555414""]",run_cf189fe93ed005701355
term_1c9e53a89b5c83bb5be5,"Incidence rate of accidents at work by type of workstation, NACE Rev. 1.1 activity, sex, age and severity",measure,0.72,local-hybrid,False,title-only term treated as likely measure; local model skipped because gold labels are pending,"[""occ_f6b3b215bf6177455cbf""]",run_cf189fe93ed005701355
term_9ac263f40d0cdab6e19b,including health expenditure,measure,0.88,local-hybrid,True,title evidence with measure lexical cue; local model skipped because gold labels are pending,"[""occ_8a8d69f65eb84da654cf""]",run_cf189fe93ed005701355
term_0388239da703c3da3a94,including national transport,measure,0.88,local-hybrid,True,title evidence with measure lexical cue; local model skipped because gold labels are pending,"[""occ_ad0594e914ee7e0e44c8""]",run_cf189fe93ed005701355
term_e419e19674142f6f64cc,Income from intellectual property rights for computer services,measure,0.88,local-hybrid,True,title evidence with measure lexical cue; local model skipped because gold labels are pending,"[""occ_300575be152d92c77ca5""]",run_cf189fe93ed005701355
term_28e6144223bf5a76d0ee,Income in real terms (SILC=100),measure,0.88,local-hybrid,True,title evidence with measure lexical cue; local model skipped because gold labels are pending,"[""occ_62f9b321337b5fbb917b""]",run_cf189fe93ed005701355
term_d1255f52cdca607165d0,Income inequality for older people,measure,0.88,local-hybrid,True,title evidence with measure lexical cue; local model skipped because gold labels are pending,"[""occ_84f622f9d09686ce390f""]",run_cf189fe93ed005701355
term_55eb5e8e6a2e6b24d8d3,Income inequality for older people - EU-SILC survey,measure,0.88,local-hybrid,True,title evidence with measure lexical cue; local model skipped because gold labels are pending,"[""occ_7946887357e08c09f31a""]",run_cf189fe93ed005701355
term_dbffea080c0d5fdff163,Income quintile share ratio (S80/S20) by sex,measure,0.88,local-hybrid,True,title evidence with measure lexical cue; local model skipped because gold labels are pending,"[""occ_e28129c7178b92e5df0e""]",run_cf189fe93ed005701355
term_9d5a4b6bdd9d740a605a,Income quintile share ratio - S80/S20 - ENP-East countries,measure,0.88,local-hybrid,True,title evidence with measure lexical cue; local model skipped because gold labels are pending,"[""occ_ae1d3cc697d50c8b6dc7""]",run_cf189fe93ed005701355
term_6d86dd447f76de1a4400,Income quintile share ratio - S80/S20 - ENP-South countries,measure,0.88,local-hybrid,True,title evidence with measure lexical cue; local model skipped because gold labels are pending,"[""occ_74294d96cacfec9a1e9b""]",run_cf189fe93ed005701355
term_5714bc6f1087bc9fb5f0,Income quintile share ratio S80/S20 by NUTS 2 region,measure,0.88,local-hybrid,True,title evidence with measure lexical cue; local model skipped because gold labels are pending,"[""occ_f466bfd878e35f9127ee""]",run_cf189fe93ed005701355
term_25037dcefaa4c67fcebb,Income share of the bottom 40 % of the population,measure,0.88,local-hybrid,True,title evidence with measure lexical cue; local model skipped because gold labels are pending,"[""occ_81f410f0677c0a08a76f""]",run_cf189fe93ed005701355
term_7be80be4c2caf1611bd6,index (= 1),measure,0.72,local-hybrid,False,title-only term treated as likely measure; local model skipped because gold labels are pending,"[""occ_2065f1d1bd99a497e6e2""]",run_cf189fe93ed005701355
term_e61089a9188d4fff5b13,index (= 100),measure,0.72,local-hybrid,False,title-only term treated as likely measure; local model skipped because gold labels are pending,"[""occ_223b77704ed2def8da4a""]",run_cf189fe93ed005701355
term_c522b5ec7ecb860ef9e2,index (Brussels = 1),measure,0.72,local-hybrid,False,title-only term treated as likely measure; local model skipped because gold labels are pending,"[""occ_d82a0fdcdf8828867aad""]",run_cf189fe93ed005701355
term_ca6e141842e76f6ac94c,"index, 42 trading partners",measure,0.72,local-hybrid,False,title-only term treated as likely measure; local model skipped because gold labels are pending,"[""occ_4cae06ea11ec91270280""]",run_cf189fe93ed005701355
term_9ada14c39440e5583682,Indicator A of the income from agricultural activity,measure,0.88,local-hybrid,True,title evidence with measure lexical cue; local model skipped because gold labels are pending,"[""occ_1b61fcf6a6318edfc06e""]",run_cf189fe93ed005701355
term_2aed546c226babd07481,Indicators on health and safety at work,measure,0.72,local-hybrid,False,title-only term treated as likely measure; local model skipped because gold labels are pending,"[""occ_034879ced842e662dd69""]",run_cf189fe93ed005701355
term_2bd99ff0179a474dbcee,Individuals frequently using the internet,measure,0.72,local-hybrid,False,title-only term treated as likely measure; local model skipped because gold labels are pending,"[""occ_88e2d1d330d3a5f44cf3""]",run_cf189fe93ed005701355
term_0c68854cf5f09ed049c0,Individuals regularly using the internet,measure,0.72,local-hybrid,False,title-only term treated as likely measure; local model skipped because gold labels are pending,"[""occ_9cfb78ac15c798f3e543""]",run_cf189fe93ed005701355
term_2eeb62b1fc37a547373d,Individuals using the internet for buying goods or services,measure,0.72,local-hybrid,False,title-only term treated as likely measure; local model skipped because gold labels are pending,"[""occ_e2111ed9ebb72ff57bff""]",run_cf189fe93ed005701355
term_01d63e6261819c3163c2,Individuals using the internet for doing an online course,measure,0.72,local-hybrid,False,title-only term treated as likely measure; local model skipped because gold labels are pending,"[""occ_f9b87ce4e1c7f8c3f1ea""]",run_cf189fe93ed005701355
term_5c66aa91dc0116bfed52,Individuals using the internet for finding information about goods and services,measure,0.72,local-hybrid,False,title-only term treated as likely measure; local model skipped because gold labels are pending,"[""occ_c7d3cfc7da9da1a84728""]",run_cf189fe93ed005701355
term_f79858acbdf872c57973,Individuals using the internet for internet banking,measure,0.72,local-hybrid,False,title-only term treated as likely measure; local model skipped because gold labels are pending,"[""occ_98d27debbb62410249dc""]",run_cf189fe93ed005701355
term_ebdf3720a7a970c9db1d,Individuals using the internet for looking for a job or sending a job application,measure,0.72,local-hybrid,False,title-only term treated as likely measure; local model skipped because gold labels are pending,"[""occ_a25532a0ff7c99d95f09""]",run_cf189fe93ed005701355
term_9b3e5e8d566457e9779a,Individuals using the internet for participating in social networks,measure,0.72,local-hybrid,False,title-only term treated as likely measure; local model skipped because gold labels are pending,"[""occ_14ecefa4781567e531b5""]",run_cf189fe93ed005701355
term_f9bc28c90a5815e974fd,Individuals using the internet for seeking health-related information,measure,0.72,local-hybrid,False,title-only term treated as likely measure; local model skipped because gold labels are pending,"[""occ_23869cc58d3bc5a404ab""]",run_cf189fe93ed005701355
term_431adcd8d4182fbf655a,Individuals using the internet for selling goods or services,measure,0.72,local-hybrid,False,title-only term treated as likely measure; local model skipped because gold labels are pending,"[""occ_0784966fad919cc814b5""]",run_cf189fe93ed005701355
term_71720c0727d54371e5c7,Individuals using the internet for sending/receiving e-mails,measure,0.72,local-hybrid,False,title-only term treated as likely measure; local model skipped because gold labels are pending,"[""occ_9af3707b6260f1619aae""]",run_cf189fe93ed005701355
term_8f27d7bad5250ed96ad3,Individuals who have basic or above basic overall digital skills by sex,measure,0.72,local-hybrid,False,title-only term treated as likely measure; local model skipped because gold labels are pending,"[""occ_c919a988f1ceb4dac76d""]",run_cf189fe93ed005701355
term_46c59be68f0d40f231b7,Individuals who have never used a computer,measure,0.72,local-hybrid,False,title-only term treated as likely measure; local model skipped because gold labels are pending,"[""occ_66bcfee7c0b7acb93b78""]",run_cf189fe93ed005701355
term_4ea17c13a296fc066a04,Individuals who have never used the internet,measure,0.72,local-hybrid,False,title-only term treated as likely measure; local model skipped because gold labels are pending,"[""occ_ec383439c8eeca589793""]",run_cf189fe93ed005701355
term_df0214be7f5473c9010f,Individuals who ordered goods or services over the internet for private use in the last year by NUTS 2 region,measure,0.72,local-hybrid,False,title-only term treated as likely measure; local model skipped because gold labels are pending,"[""occ_26e315e483c2cf6bf7da""]",run_cf189fe93ed005701355
term_86c6296d5245a05d0ec6,Industrial and construction production volume index,measure,0.88,local-hybrid,True,title evidence with measure lexical cue; local model skipped because gold labels are pending,"[""occ_3746bae270ac5755e279""]",run_cf189fe93ed005701355
term_324b9884a59c48c27271,Industrial and construction production volume index - calendar adjusted - ENP-East countries,measure,0.88,local-hybrid,True,title evidence with measure lexical cue; local model skipped because gold labels are pending,"[""occ_b2f9dd55550fd112fa92""]",run_cf189fe93ed005701355
term_ac3a2131e4f6dda678a5,Inequality of income distribution,measure,0.88,local-hybrid,True,title evidence with measure lexical cue; local model skipped because gold labels are pending,"[""occ_3ee1ed94e7f5ca19c6a1""]",run_cf189fe93ed005701355
term_6e3300b3b76ec6fc07b9,Inequality of income distribution S80/S20 income quintile share ratio,measure,0.88,local-hybrid,True,title evidence with measure lexical cue; local model skipped because gold labels are pending,"[""occ_9d800f32fc2179827f35""]",run_cf189fe93ed005701355
term_720ba7a9b58779717a67,Inequality of income distribution S80/S20 income quintile share ratio - EU-SILC and ECHP surveys,measure,0.88,local-hybrid,True,title evidence with measure lexical cue; local model skipped because gold labels are pending,"[""occ_0b9159b3ddb2951fccb1""]",run_cf189fe93ed005701355
term_97703f03037e91aa6b96,Infant mortality rate by sex,measure,0.72,local-hybrid,False,title-only term treated as likely measure; local model skipped because gold labels are pending,"[""occ_1838a84e2dd6db4843bc""]",run_cf189fe93ed005701355
term_37bbe9ea7ee4700ddb3c,Infant mortality rate by sex - ENP-South countries,measure,0.72,local-hybrid,False,title-only term treated as likely measure; local model skipped because gold labels are pending,"[""occ_35bff908bc2c42de7003""]",run_cf189fe93ed005701355
term_e5193208f4bac707f414,inflation rate,measure,0.72,local-hybrid,False,title-only term treated as likely measure; local model skipped because gold labels are pending,"[""occ_e7f7c8dd45be0d34c2ad""]",run_cf189fe93ed005701355
term_fc59de8ef4ec33e6e7ee,Inpatient curative care bed occupancy rate by type of care,measure,0.72,local-hybrid,False,title-only term treated as likely measure; local model skipped because gold labels are pending,"[""occ_c78a08cd79f2ea6457ee""]",run_cf189fe93ed005701355
term_211933ec8655afacc6b2,Intentional homicide offences in largest cities,measure,0.72,local-hybrid,False,title-only term treated as likely measure; local model skipped because gold labels are pending,"[""occ_85366427cafeb3a5c504""]",run_cf189fe93ed005701355
term_349b00ed1a7db94cbbd6,Intentional homicide victims in largest cities by sex,measure,0.72,local-hybrid,False,title-only term treated as likely measure; local model skipped because gold labels are pending,"[""occ_23aea0192866a0e23c61""]",run_cf189fe93ed005701355
term_1adb00ec592c3d0d233c,Interests payable and similar charges by product,measure,0.72,local-hybrid,False,title-only term treated as likely measure; local model skipped because gold labels are pending,"[""occ_7b3a6a73077ee99123ea""]",run_cf189fe93ed005701355
term_e9a99632a5e342b4b239,Interests receivable and similar income by product,measure,0.88,local-hybrid,True,title evidence with measure lexical cue; local model skipped because gold labels are pending,"[""occ_508d158d2fe47801d99f""]",run_cf189fe93ed005701355
term_1b090775ddb2b2ff85f8,Intermediate goods trade,measure,0.72,local-hybrid,False,title-only term treated as likely measure; local model skipped because gold labels are pending,"[""occ_a7a4724c95916820ad6f""]",run_cf189fe93ed005701355
term_f7887bf53a4673ca954f,Intermediate services trade,measure,0.72,local-hybrid,False,title-only term treated as likely measure; local model skipped because gold labels are pending,"[""occ_91157e959291a34498d3""]",run_cf189fe93ed005701355
term_18e4be30cbe2563cec14,International trade as a share of GDP,measure,0.88,local-hybrid,True,title evidence with measure lexical cue; local model skipped because gold labels are pending,"[""occ_be8524187c659d05cd1c""]",run_cf189fe93ed005701355
term_5a274a7852c31e4110e8,International trade in services,measure,0.72,local-hybrid,False,title-only term treated as likely measure; local model skipped because gold labels are pending,"[""occ_119a58d6227df96a731c""]",run_cf189fe93ed005701355
term_a552d5fc73238762f5cc,International trade in services - market integration indicators - historical data,measure,0.72,local-hybrid,False,title-only term treated as likely measure; local model skipped because gold labels are pending,"[""occ_e802aebfe85499ff0171""]",run_cf189fe93ed005701355
term_e662c33ccdfdcf578a9d,"International trade of and enlargement countries, by, total product",measure,0.72,local-hybrid,False,title-only term treated as likely measure; local model skipped because gold labels are pending,"[""occ_59c83dfc21036716bb40""]",run_cf189fe93ed005701355
term_90e573c57b8c23181e86,Internet use by individuals,measure,0.72,local-hybrid,False,title-only term treated as likely measure; local model skipped because gold labels are pending,"[""occ_c606a5c95ea6e15cdecb""]",run_cf189fe93ed005701355
term_4b74053a9f24fbb77a8d,"Intra-EU27 (from) trade, by Member State, total product",measure,0.72,local-hybrid,False,title-only term treated as likely measure; local model skipped because gold labels are pending,"[""occ_e46d7b26b31d7efc93b7""]",run_cf189fe93ed005701355
term_3ea65693dfee62b7d7d9,Intra-mural Business Enterprise R&D Expenditures in Foreign Controlled Enterprises,measure,0.88,local-hybrid,True,title evidence with measure lexical cue; local model skipped because gold labels are pending,"[""occ_6452a42dca2d173b1a9c""]",run_cf189fe93ed005701355
term_33619ca8709fa928e3e5,Investment and maintenance in oil pipeline infrastructure,measure,0.72,local-hybrid,False,title-only term treated as likely measure; local model skipped because gold labels are pending,"[""occ_50c5c8dc4d4f06bded95""]",run_cf189fe93ed005701355
term_2f1777e5490afc802ad5,Investment by institutional sectors,measure,0.72,local-hybrid,False,title-only term treated as likely measure; local model skipped because gold labels are pending,"[""occ_a9db07e428f5e69455ca""]",run_cf189fe93ed005701355
term_0e49656bced68841efab,Investment rate of non-financial corporations,measure,0.72,local-hybrid,False,title-only term treated as likely measure; local model skipped because gold labels are pending,"[""occ_6b544d2a8cb3c290aa78""]",run_cf189fe93ed005701355
term_71e8da9a79f9decbfde7,Investment share of GDP by institutional sectors,measure,0.88,local-hybrid,True,title evidence with measure lexical cue; local model skipped because gold labels are pending,"[""occ_c446e61faf55ce905e70""]",run_cf189fe93ed005701355
term_07c88bf3aece412e87e2,Involuntary temporary employment,measure,0.88,local-hybrid,True,title evidence with measure lexical cue; local model skipped because gold labels are pending,"[""occ_f875b60dca6809c4eec4""]",run_cf189fe93ed005701355
term_5de95c935e54b28c5aa1,Inward FDI stocks in % of GDP,measure,0.88,local-hybrid,True,title evidence with measure lexical cue; local model skipped because gold labels are pending,"[""occ_d7dea4df7da165d3c3d0""]",run_cf189fe93ed005701355
term_75759e45d88451c62abe,ISCED 1-3,measure,0.72,local-hybrid,False,title-only term treated as likely measure; local model skipped because gold labels are pending,"[""occ_4e7871184ac19ab4a049""]",run_cf189fe93ed005701355
term_58a77ff6a232f298e4e5,ISCED level 3,measure,0.72,local-hybrid,False,title-only term treated as likely measure; local model skipped because gold labels are pending,"[""occ_89d6570fd86273154c2a""]",run_cf189fe93ed005701355
term_7689dc6866323a1692bf,ISCO-08,measure,0.72,local-hybrid,False,title-only term treated as likely measure; local model skipped because gold labels are pending,"[""occ_dbbbb524dd49b184ac4e""]",run_cf189fe93ed005701355
term_1018b6147f9346b50496,Item weights,measure,0.72,local-hybrid,False,title-only term treated as likely measure; local model skipped because gold labels are pending,"[""occ_1304a5f023253f8f053e""]",run_cf189fe93ed005701355
term_4198905727de83eeefef,Job mismatches and their labour market effects among school-leavers in,measure,0.72,local-hybrid,False,title-only term treated as likely measure; local model skipped because gold labels are pending,"[""occ_d6e138378bca53baff79""]",run_cf189fe93ed005701355
term_df382bf16b9d1fa11f35,Job vacancies in number and %,measure,0.72,local-hybrid,False,title-only term treated as likely measure; local model skipped because gold labels are pending,"[""occ_12f642c8fb0c5ba54427""]",run_cf189fe93ed005701355
term_de83bea9b69a36b0cd62,"Job vacancies in number and % - NACE Rev. 2, B-S, quarterly data",measure,0.72,local-hybrid,False,title-only term treated as likely measure; local model skipped because gold labels are pending,"[""occ_f410c5ab609a5649dde3""]",run_cf189fe93ed005701355
term_d6e41087fb02d8706166,Jobless households,measure,0.72,local-hybrid,False,title-only term treated as likely measure; local model skipped because gold labels are pending,"[""occ_67788895749188709919""]",run_cf189fe93ed005701355
term_4785a5b0d29a25f95c8c,Jobless households - children,measure,0.72,local-hybrid,False,title-only term treated as likely measure; local model skipped because gold labels are pending,"[""occ_5d6995c6d04794173897""]",run_cf189fe93ed005701355
term_99c242e9c411ed5bc403,Jobless households by sex,measure,0.72,local-hybrid,False,title-only term treated as likely measure; local model skipped because gold labels are pending,"[""occ_414c0d97ef9b4c8e0f07""]",run_cf189fe93ed005701355
term_8beb1a1b09b992f37af2,Jobs created by NACE Rev.2 activity,measure,0.72,local-hybrid,False,title-only term treated as likely measure; local model skipped because gold labels are pending,"[""occ_66759d9fee5c38017653""]",run_cf189fe93ed005701355
term_b003b9bb6fbe63405764,Jobs created by NACE Rev.2 activity - experimental statistics,measure,0.72,local-hybrid,False,title-only term treated as likely measure; local model skipped because gold labels are pending,"[""occ_9413cb54ac5dee76f4cc""]",run_cf189fe93ed005701355
term_c8f9fd1d5ad9fac4653c,Joint Index,measure,0.72,local-hybrid,False,title-only term treated as likely measure; local model skipped because gold labels are pending,"[""occ_1433241f9c6d30bd82e5""]",run_cf189fe93ed005701355
term_dd4bcc28b5c739ed0425,Labour cost index by NACE Rev. 1.1 activity,measure,0.72,local-hybrid,False,title-only term treated as likely measure; local model skipped because gold labels are pending,"[""occ_b4353a41a87148b5232d""]",run_cf189fe93ed005701355
term_d178568b81b4ed95d6f6,Labour cost index by NACE Rev. 1.1 activity - country weights,measure,0.72,local-hybrid,False,title-only term treated as likely measure; local model skipped because gold labels are pending,"[""occ_d2ab38360f8e35a3e3a8""]",run_cf189fe93ed005701355
term_87dd9efb8259be4b5535,Labour cost index by NACE Rev. 2,measure,0.72,local-hybrid,False,title-only term treated as likely measure; local model skipped because gold labels are pending,"[""occ_0399c96e2c87c8ef204b""]",run_cf189fe93ed005701355
term_a3d227555e61d2cc9ca7,Labour cost index by NACE Rev. 2 activity,measure,0.72,local-hybrid,False,title-only term treated as likely measure; local model skipped because gold labels are pending,"[""occ_a48c23a331b128e1de47""]",run_cf189fe93ed005701355
term_6d69e5aac4a1746ce2d6,Labour cost index by NACE Rev. 2 activity - country weights,measure,0.72,local-hybrid,False,title-only term treated as likely measure; local model skipped because gold labels are pending,"[""occ_e6ea3590e57a6889c9df""]",run_cf189fe93ed005701355
term_ecb3740c0681f03cb2da,Labour costs annual data,measure,0.72,local-hybrid,False,title-only term treated as likely measure; local model skipped because gold labels are pending,"[""occ_d1e5aa9102e23e392c11""]",run_cf189fe93ed005701355
term_433b28e5d5959ebe95c5,Labour costs annual data - NACE Rev. 2,measure,0.72,local-hybrid,False,title-only term treated as likely measure; local model skipped because gold labels are pending,"[""occ_1c0f332fe73ed18273b9""]",run_cf189fe93ed005701355
term_6d6b162b44e39efd0b33,Labour force participation rate,measure,0.72,local-hybrid,False,title-only term treated as likely measure; local model skipped because gold labels are pending,"[""occ_d0fa1c6332b88c01c7fb""]",run_cf189fe93ed005701355
term_3fa568b08a1df5a24eeb,"Labour force participation rate, aged 15-64",measure,0.72,local-hybrid,False,title-only term treated as likely measure; local model skipped because gold labels are pending,"[""occ_4a989673756b288515d0""]",run_cf189fe93ed005701355
term_ec9bfaa482fc721f6d02,"Labour force participation rate, aged 15-64 - annual averages",measure,0.72,local-hybrid,False,title-only term treated as likely measure; local model skipped because gold labels are pending,"[""occ_aab77db08a3fcc342cec""]",run_cf189fe93ed005701355
term_68d790d25011c082a576,Labour input,measure,0.72,local-hybrid,False,title-only term treated as likely measure; local model skipped because gold labels are pending,"[""occ_889d754f0a1948fd2ef8""]",run_cf189fe93ed005701355
term_2c1b124f7af4739cc516,Labour input - total industry (excluding construction),measure,0.72,local-hybrid,False,title-only term treated as likely measure; local model skipped because gold labels are pending,"[""occ_9ae1faba5ccd0ad44dd8""]",run_cf189fe93ed005701355
term_1700ab2047e9a61c7a93,Labour input in construction,measure,0.72,local-hybrid,False,title-only term treated as likely measure; local model skipped because gold labels are pending,"[""occ_bf920fc857a31cd59774""]",run_cf189fe93ed005701355
term_ce67cd86ecfdda211083,Labour productivity in GDP (constant prices) per person employed,measure,0.88,local-hybrid,True,title evidence with measure lexical cue; local model skipped because gold labels are pending,"[""occ_ae20e6196014639ef9e4""]",run_cf189fe93ed005701355
term_f17f855c2456eeb7b95d,Labour productivity in GDP (constant prices) per person employed - ENP-East countries,measure,0.88,local-hybrid,True,title evidence with measure lexical cue; local model skipped because gold labels are pending,"[""occ_8d057684200f2bb21b2c""]",run_cf189fe93ed005701355
term_0a74b28a922bef9b6b8f,Labour productivity per hour worked,measure,0.72,local-hybrid,False,title-only term treated as likely measure; local model skipped because gold labels are pending,"[""occ_9a4c667c061b6cd9bcde""]",run_cf189fe93ed005701355
term_3a5c25e4a8f2ee67c2b2,Labour productivity per hour worked - annual data,measure,0.72,local-hybrid,False,title-only term treated as likely measure; local model skipped because gold labels are pending,"[""occ_07ef7cf43c9ba04c20b5""]",run_cf189fe93ed005701355
term_e129bf7dda6918f25883,Labour productivity per person employed and hour worked (=100),measure,0.72,local-hybrid,False,title-only term treated as likely measure; local model skipped because gold labels are pending,"[""occ_cc824f2aa7993f7bbd3b""]",run_cf189fe93ed005701355
term_0448bd1be3924b271dd9,Land covered by artificial surfaces,measure,0.72,local-hybrid,False,title-only term treated as likely measure; local model skipped because gold labels are pending,"[""occ_b733767c4199ef187b6b""]",run_cf189fe93ed005701355
term_4a8e039d1ef760a1743d,Land covered by artificial surfaces - index,measure,0.72,local-hybrid,False,title-only term treated as likely measure; local model skipped because gold labels are pending,"[""occ_1a45626604e0b3e4a6ba""]",run_cf189fe93ed005701355
term_066c03d508df2cdcf532,Land use footprints,measure,0.72,local-hybrid,False,title-only term treated as likely measure; local model skipped because gold labels are pending,"[""occ_3ac6ea4e08fe0f01b63b""]",run_cf189fe93ed005701355
term_d55ae6e3eb5d1a57d1b5,Landuse,measure,0.72,local-hybrid,False,title-only term treated as likely measure; local model skipped because gold labels are pending,"[""occ_c853bc82117de3da6eff""]",run_cf189fe93ed005701355
term_9aec9416f35680f516f6,Laying hens population,measure,0.88,local-hybrid,True,title evidence with measure lexical cue; local model skipped because gold labels are pending,"[""occ_d0e785d4e13cf291dd9d""]",run_cf189fe93ed005701355
term_d186ea2cd1615cb2621c,Laying hens population - annual data,measure,0.88,local-hybrid,True,title evidence with measure lexical cue; local model skipped because gold labels are pending,"[""occ_7ba6b7eebcec9f2d24c0""]",run_cf189fe93ed005701355
term_06c3d505a7c52febe1b4,lenght of road network,measure,0.72,local-hybrid,False,title-only term treated as likely measure; local model skipped because gold labels are pending,"[""occ_3e7abb124f9b44c58850""]",run_cf189fe93ed005701355
term_32ac9a631a5822b67086,Length of motorways and e-roads,measure,0.72,local-hybrid,False,title-only term treated as likely measure; local model skipped because gold labels are pending,"[""occ_f94d3e7078f0eba9782e""]",run_cf189fe93ed005701355
term_7f2646ddc4ec3c4c3030,Length of navigable waterways by waterway type,measure,0.72,local-hybrid,False,title-only term treated as likely measure; local model skipped because gold labels are pending,"[""occ_42c211d628c6bed5d43b""]",run_cf189fe93ed005701355
term_4ccdc77f7eed3829605e,length of network,measure,0.72,local-hybrid,False,title-only term treated as likely measure; local model skipped because gold labels are pending,"[""occ_46dac665e175f4bedda6""]",run_cf189fe93ed005701355
term_3a59963964fec59520b1,Length of other roads within/outside built-up areas,measure,0.72,local-hybrid,False,title-only term treated as likely measure; local model skipped because gold labels are pending,"[""occ_e835f8d2b62b2bf40202""]",run_cf189fe93ed005701355
term_a83a367ee2e62ad6064a,Length of paved and unpaved roads,measure,0.72,local-hybrid,False,title-only term treated as likely measure; local model skipped because gold labels are pending,"[""occ_ca99772308aba1d46874""]",run_cf189fe93ed005701355
term_05ffbf21e4cd6fd7a019,length of paved runways,measure,0.72,local-hybrid,False,title-only term treated as likely measure; local model skipped because gold labels are pending,"[""occ_187a30d2086631fa24f6""]",run_cf189fe93ed005701355
term_907ff09bc2d9677d7aad,Length of pipelines operated,measure,0.72,local-hybrid,False,title-only term treated as likely measure; local model skipped because gold labels are pending,"[""occ_c50ed1b2bad51466a2d1""]",run_cf189fe93ed005701355
term_1c1e332b6a96484d79ba,Length of rail lines,measure,0.72,local-hybrid,False,title-only term treated as likely measure; local model skipped because gold labels are pending,"[""occ_41c9d902733a78a5e581""]",run_cf189fe93ed005701355
term_2aa62130646cc18cae9d,Length of rail lines - ENP-East countries,measure,0.72,local-hybrid,False,title-only term treated as likely measure; local model skipped because gold labels are pending,"[""occ_d658bd49f165261e9b0a""]",run_cf189fe93ed005701355
term_311f1fbf45a8ad616e67,Length of rail network,measure,0.72,local-hybrid,False,title-only term treated as likely measure; local model skipped because gold labels are pending,"[""occ_7f00012e37fd1e0d6e25""]",run_cf189fe93ed005701355
term_adcfb84f52bac5af9c80,Length of rail network - ENP-South countries,measure,0.72,local-hybrid,False,title-only term treated as likely measure; local model skipped because gold labels are pending,"[""occ_86fb8a4fe133d16f3920""]",run_cf189fe93ed005701355
term_f76f7e4dc6c4711b0882,Length of railway lines by maximum permitted speed,measure,0.72,local-hybrid,False,title-only term treated as likely measure; local model skipped because gold labels are pending,"[""occ_d0a1cc43671683581a45""]",run_cf189fe93ed005701355
term_109401eaf0e68729198a,Length of railway lines equipped with the railway traffic management system (ERTMS),measure,0.72,local-hybrid,False,title-only term treated as likely measure; local model skipped because gold labels are pending,"[""occ_fd229b436b5dafcf92ff""]",run_cf189fe93ed005701355
term_ecbf1a06b90110c53cc0,Length of railway tracks by electrification of tracks,measure,0.72,local-hybrid,False,title-only term treated as likely measure; local model skipped because gold labels are pending,"[""occ_30dba5177097236d0bdf""]",run_cf189fe93ed005701355
term_e8dd80b87f0b89c06891,Length of roads network - ENP-East countries,measure,0.72,local-hybrid,False,title-only term treated as likely measure; local model skipped because gold labels are pending,"[""occ_bad7d6dcf062da10bcde""]",run_cf189fe93ed005701355
term_8160cf4eef82701a1a09,Length of roads network - ENP-South countries,measure,0.72,local-hybrid,False,title-only term treated as likely measure; local model skipped because gold labels are pending,"[""occ_a9c648083ec3c9a557e9""]",run_cf189fe93ed005701355
term_0f91ba2cdd3ada78480a,Level crossings by type,measure,0.72,local-hybrid,False,title-only term treated as likely measure; local model skipped because gold labels are pending,"[""occ_c62cf9627b748840cc77""]",run_cf189fe93ed005701355
term_90024b3f44193e07a265,Level of internet access,measure,0.72,local-hybrid,False,title-only term treated as likely measure; local model skipped because gold labels are pending,"[""occ_d5567b03acf458655c3b""]",run_cf189fe93ed005701355
term_196c001c7546d3a62aa9,Level of internet access - households,measure,0.72,local-hybrid,False,title-only term treated as likely measure; local model skipped because gold labels are pending,"[""occ_d8b9b7135674159dcac1""]",run_cf189fe93ed005701355
term_8da7fee50eedc8719e67,LFS,measure,0.72,local-hybrid,False,title-only term treated as likely measure; local model skipped because gold labels are pending,"[""occ_da18135bbd14ae77ef00""]",run_cf189fe93ed005701355
term_29e3d0f9bdfee668b8c1,Licensed physicians,measure,0.72,local-hybrid,False,title-only term treated as likely measure; local model skipped because gold labels are pending,"[""occ_cd071bb701e984b482f8""]",run_cf189fe93ed005701355
term_f6876eaedf46f3589cd0,Life expectancy at birth by sex - ENP-South countries,measure,0.88,local-hybrid,True,title evidence with measure lexical cue; local model skipped because gold labels are pending,"[""occ_9789d2061afb4e432e43""]",run_cf189fe93ed005701355
term_e7f09863392005f4bd5a,Literacy,measure,0.72,local-hybrid,False,title-only term treated as likely measure; local model skipped because gold labels are pending,"[""occ_f603cd33e641ad7e1ef1""]",run_cf189fe93ed005701355
term_ad9bd11c5323f1a22e4d,Literacy rate by sex and age group,measure,0.72,local-hybrid,False,title-only term treated as likely measure; local model skipped because gold labels are pending,"[""occ_1377cb6d3cefb3883d53""]",run_cf189fe93ed005701355
term_03ba207415b5f337b6b1,Literacy rate by sex and age group - ENP-South countries,measure,0.72,local-hybrid,False,title-only term treated as likely measure; local model skipped because gold labels are pending,"[""occ_61b507907af4368e67e1""]",run_cf189fe93ed005701355
term_812ad3ebcd48675b5282,Live births,measure,0.88,local-hybrid,True,title evidence with measure lexical cue; local model skipped because gold labels are pending,"[""occ_544f3ae1627556613adb""]",run_cf189fe93ed005701355
term_ae811119ae4287ceef98,Live births and crude birth rate,measure,0.88,local-hybrid,True,title evidence with measure lexical cue; local model skipped because gold labels are pending,"[""occ_dddf5ec047c007e87440""]",run_cf189fe93ed005701355
term_087b5ac6f9bebabf1469,Livestock - ENP-East countries,measure,0.72,local-hybrid,False,title-only term treated as likely measure; local model skipped because gold labels are pending,"[""occ_525fbb706778cfd8e5ed""]",run_cf189fe93ed005701355
term_42128cdf86c806880ec1,Livestock - ENP-South countries,measure,0.72,local-hybrid,False,title-only term treated as likely measure; local model skipped because gold labels are pending,"[""occ_d7c36946e92d25bab3fc""]",run_cf189fe93ed005701355
term_384eec8c7437a8c2d089,Livestock - Equidae - annual data,measure,0.72,local-hybrid,False,title-only term treated as likely measure; local model skipped because gold labels are pending,"[""occ_dac92c330da3e048c444""]",run_cf189fe93ed005701355
term_732a3c97f6d4b2a2f513,Livestock in number of heads,measure,0.72,local-hybrid,False,title-only term treated as likely measure; local model skipped because gold labels are pending,"[""occ_6bfe4e4e4bf5bfe7f458""]",run_cf189fe93ed005701355
term_f81017bc9d478dabd2ec,Living quarters by type of housing,measure,0.72,local-hybrid,False,title-only term treated as likely measure; local model skipped because gold labels are pending,"[""occ_3dbf4c2e3c1ec6d52a13""]",run_cf189fe93ed005701355
term_bcc7eec66fd3919f54d1,load capacity of lorries,measure,0.72,local-hybrid,False,title-only term treated as likely measure; local model skipped because gold labels are pending,"[""occ_24edc40189bbb8c0974d""]",run_cf189fe93ed005701355
term_543b10fb1c9360c91cbc,"Load capacity of new lorries, semi-trailers and trailers, by type of carriage",measure,0.72,local-hybrid,False,title-only term treated as likely measure; local model skipped because gold labels are pending,"[""occ_c063f2b9a852fcf8e7f0""]",run_cf189fe93ed005701355
term_313d17a3c41653241ddd,Load capacity of self-propelled vessels by year of construction,measure,0.72,local-hybrid,False,title-only term treated as likely measure; local model skipped because gold labels are pending,"[""occ_bd064731337a556bf285""]",run_cf189fe93ed005701355
term_b2cade399771d62e144c,Loan and deposit one year interest rate,measure,0.72,local-hybrid,False,title-only term treated as likely measure; local model skipped because gold labels are pending,"[""occ_88982e3645f41cc68932""]",run_cf189fe93ed005701355
term_eedc22ccf19b9cbf3244,Loan and deposit one year interest rate - ENP-East countries,measure,0.72,local-hybrid,False,title-only term treated as likely measure; local model skipped because gold labels are pending,"[""occ_8a01fa7d62f0e532e452""]",run_cf189fe93ed005701355
term_47ead53796b0ad6f4802,Loans (excluding mortgages on purchase of main residence) by income quintile,measure,0.88,local-hybrid,True,title evidence with measure lexical cue; local model skipped because gold labels are pending,"[""occ_42510c75d199d26e0f0f""]",run_cf189fe93ed005701355
term_04ae907e00171384aa10,Loans (excluding mortgages on purchase of main residence) by risk of poverty threshold,measure,0.72,local-hybrid,False,title-only term treated as likely measure; local model skipped because gold labels are pending,"[""occ_d13c00a84c6cff2cc025""]",run_cf189fe93ed005701355
term_a11e7ace721915ae308f,"loans, by sectors, non-consolidated",measure,0.72,local-hybrid,False,title-only term treated as likely measure; local model skipped because gold labels are pending,"[""occ_ebee7338eca22bef8c85""]",run_cf189fe93ed005701355
term_62294acb88ad6d31e988,Local pollution,measure,0.72,local-hybrid,False,title-only term treated as likely measure; local model skipped because gold labels are pending,"[""occ_dced26a47a50c3e16fa4""]",run_cf189fe93ed005701355
term_8a16e4a2d3cab393b46b,Long term government bond yields,measure,0.72,local-hybrid,False,title-only term treated as likely measure; local model skipped because gold labels are pending,"[""occ_a3f14365e365954782e1""]",run_cf189fe93ed005701355
term_dbc75d3b282f965ee8f2,long-term annual average,measure,0.72,local-hybrid,False,title-only term treated as likely measure; local model skipped because gold labels are pending,"[""occ_8dff1b6fc6344b39b8ff""]",run_cf189fe93ed005701355
term_d3e9231fa5288ba36887,Long-term unemployment rate by sex,measure,0.88,local-hybrid,True,title evidence with measure lexical cue; local model skipped because gold labels are pending,"[""occ_0fbb8efc6aa16476ff76"", ""occ_2a0fd9c58eb983f3d0e9""]",run_cf189fe93ed005701355
term_8bb310c92f161e04aeb0,"Long-term unemployment rate, % of active population aged 15-74",measure,0.88,local-hybrid,True,title evidence with measure lexical cue; local model skipped because gold labels are pending,"[""occ_e3bc567b440bf4c7300c""]",run_cf189fe93ed005701355
term_6273fd9149de8fb6704b,Long-term unemployment rates by sex,measure,0.88,local-hybrid,True,title evidence with measure lexical cue; local model skipped because gold labels are pending,"[""occ_c82d920ac0882b08217e""]",run_cf189fe93ed005701355
term_06310cc3ee57698adc4b,Long-term unemployment rates by sex - ENP-East countries,measure,0.88,local-hybrid,True,title evidence with measure lexical cue; local model skipped because gold labels are pending,"[""occ_f022c8700deb875907bd""]",run_cf189fe93ed005701355
term_8c01f62dcd9a57cfea8c,"Low achieving 15-year-olds in reading, mathematics or science",measure,0.72,local-hybrid,False,title-only term treated as likely measure; local model skipped because gold labels are pending,"[""occ_9877e309aaa9a50cd384""]",run_cf189fe93ed005701355
term_2ee1870e4923af41a66e,"Low achieving 15-year-olds in reading, mathematics or science by sex",measure,0.72,local-hybrid,False,title-only term treated as likely measure; local model skipped because gold labels are pending,"[""occ_fea1aba2af32a47894d9""]",run_cf189fe93ed005701355
term_ddb74f85113cbbf7d538,Low wage trap,measure,0.72,local-hybrid,False,title-only term treated as likely measure; local model skipped because gold labels are pending,"[""occ_be1797b088becd0ef51e""]",run_cf189fe93ed005701355
term_b87a4dd1a839bc86ce87,Low-wage earners as a proportion of all employees (excluding apprentices) by age,measure,0.72,local-hybrid,False,title-only term treated as likely measure; local model skipped because gold labels are pending,"[""occ_d3fd49cc24763faa5477""]",run_cf189fe93ed005701355
term_e9854dd962b47b441464,Low-wage earners as a proportion of all employees (excluding apprentices) by educational attainment level,measure,0.72,local-hybrid,False,title-only term treated as likely measure; local model skipped because gold labels are pending,"[""occ_ae5cd507089c82eb16ae""]",run_cf189fe93ed005701355
term_57896bda73fe719211f7,Low-wage earners as a proportion of all employees (excluding apprentices) by employment contract,measure,0.88,local-hybrid,True,title evidence with measure lexical cue; local model skipped because gold labels are pending,"[""occ_c5cd9d34580de8cbba5d""]",run_cf189fe93ed005701355
term_464cf3813e91585290d8,Low-wage earners as a proportion of all employees (excluding apprentices) by sex,measure,0.72,local-hybrid,False,title-only term treated as likely measure; local model skipped because gold labels are pending,"[""occ_98282532631ef3dfc51b""]",run_cf189fe93ed005701355
term_39fa469be7fec2d9cf76,m3 per capita,measure,0.72,local-hybrid,False,title-only term treated as likely measure; local model skipped because gold labels are pending,"[""occ_d31c08300912f66fb4f4""]",run_cf189fe93ed005701355
term_9695c80f86e9452669b7,Main farm land use - ENP-East countries,measure,0.72,local-hybrid,False,title-only term treated as likely measure; local model skipped because gold labels are pending,"[""occ_cfbeff856de2db135563""]",run_cf189fe93ed005701355
term_5e937af8993f13a44fea,Main farm land use - ENP-South countries,measure,0.72,local-hybrid,False,title-only term treated as likely measure; local model skipped because gold labels are pending,"[""occ_028b7bcee95cf078b2c3""]",run_cf189fe93ed005701355
term_eac250ad65ddec8ba260,Main flows,measure,0.72,local-hybrid,False,title-only term treated as likely measure; local model skipped because gold labels are pending,"[""occ_71ce37abeb9bf2d6f98b""]",run_cf189fe93ed005701355
term_bc62dbe2f238c1ccb956,Management of waste,measure,0.72,local-hybrid,False,title-only term treated as likely measure; local model skipped because gold labels are pending,"[""occ_f53d70cb411c538c13c0""]",run_cf189fe93ed005701355
term_91199a0f20fa8c725455,Marine protected areas,measure,0.72,local-hybrid,False,title-only term treated as likely measure; local model skipped because gold labels are pending,"[""occ_d42f7ff3422c9840f502""]",run_cf189fe93ed005701355
term_18aac6843a9e5681b9cc,Marine waters affected by eutrophication,measure,0.72,local-hybrid,False,title-only term treated as likely measure; local model skipped because gold labels are pending,"[""occ_45d8a6f86885f2e24ad6""]",run_cf189fe93ed005701355
term_0d0de6c5533250bcb2fc,Maritime accident victims by sea basin of occurrence and country of registration of vessels,measure,0.72,local-hybrid,False,title-only term treated as likely measure; local model skipped because gold labels are pending,"[""occ_f483be8e360199144df0""]",run_cf189fe93ed005701355
term_b14d8bc5cd5bbe3a98f5,"Maritime accident victims by sea basin of occurrence, country of registration of vessels and type of vessels",measure,0.72,local-hybrid,False,title-only term treated as likely measure; local model skipped because gold labels are pending,"[""occ_b0fd944e5f5336587f40""]",run_cf189fe93ed005701355
term_d27ca694aed82d1669c9,Maritime equipment - carrying capacity of ships of 1 000 grt and over,measure,0.72,local-hybrid,False,title-only term treated as likely measure; local model skipped because gold labels are pending,"[""occ_3ec15c2b0acd8f6c9d29""]",run_cf189fe93ed005701355
term_277ea351a609019a0057,Maritime equipment - carrying capacity of ships of 300 grt and over,measure,0.72,local-hybrid,False,title-only term treated as likely measure; local model skipped because gold labels are pending,"[""occ_d444b1647f01ee5e71e2""]",run_cf189fe93ed005701355
term_44a36d05ac8518539ad7,Maritime equipment - number of ships of 1 000 grt and over,measure,0.72,local-hybrid,False,title-only term treated as likely measure; local model skipped because gold labels are pending,"[""occ_99c9aa05a245f2915195""]",run_cf189fe93ed005701355
term_4c6300db93ae82b1eef4,Maritime equipment - number of ships of 300 grt and over,measure,0.72,local-hybrid,False,title-only term treated as likely measure; local model skipped because gold labels are pending,"[""occ_1a9f71a1993b47b8de7a""]",run_cf189fe93ed005701355
term_736a3ab6cc3f76e95bdd,Maritime goods short-sea shipping performed in the Exclusive Economic Zone of the countries,measure,0.72,local-hybrid,False,title-only term treated as likely measure; local model skipped because gold labels are pending,"[""occ_e3adda2a7804df9a47de""]",run_cf189fe93ed005701355
term_e157e5c7f05a0049cc46,Maritime goods transport performed in the Exclusive Economic Zone of the countries,measure,0.88,local-hybrid,True,title evidence with measure lexical cue; local model skipped because gold labels are pending,"[""occ_7c580259aeb4bc3d3ff2""]",run_cf189fe93ed005701355
term_cf4d38e388c2bc56090a,Maritime passenger transport performed in the Exclusive Economic Zone of the countries,measure,0.88,local-hybrid,True,title evidence with measure lexical cue; local model skipped because gold labels are pending,"[""occ_576413ff415d773f8fde""]",run_cf189fe93ed005701355
term_e485d46ee324c3ce85c7,Maritime traffic: passengers and freight,measure,0.72,local-hybrid,False,title-only term treated as likely measure; local model skipped because gold labels are pending,"[""occ_9f1896c9a589fcf309e1""]",run_cf189fe93ed005701355
term_8307cbde6cf8b9d23859,Maritime traffic: ship movements,measure,0.72,local-hybrid,False,title-only term treated as likely measure; local model skipped because gold labels are pending,"[""occ_76a9bee4f79f49f7e053""]",run_cf189fe93ed005701355
term_eb0740949292b76319ec,Maritime transport infrastructure,measure,0.88,local-hybrid,True,title evidence with measure lexical cue; local model skipped because gold labels are pending,"[""occ_84c69f772c9aeab3d271""]",run_cf189fe93ed005701355
term_c6b8e720436e1d8a19f2,Maritime transport infrastructure: ports,measure,0.88,local-hybrid,True,title evidence with measure lexical cue; local model skipped because gold labels are pending,"[""occ_557c246cfdcb093aad3c""]",run_cf189fe93ed005701355
term_422013898bdc7aa0ad06,Maritime transport of freight by NUTS 2 region,measure,0.88,local-hybrid,True,title evidence with measure lexical cue; local model skipped because gold labels are pending,"[""occ_dcaa418773d480809992""]",run_cf189fe93ed005701355
term_0ecae0b5473fbb8ae729,Maritime transport of passengers by NUTS 2 region,measure,0.88,local-hybrid,True,title evidence with measure lexical cue; local model skipped because gold labels are pending,"[""occ_69dcc20f1760698f4a3f""]",run_cf189fe93ed005701355
term_7131ea396219bca269b4,market integration indicators,measure,0.72,local-hybrid,False,title-only term treated as likely measure; local model skipped because gold labels are pending,"[""occ_145544d58621ee76e36a""]",run_cf189fe93ed005701355
term_5a62747e9b2bbc98b77e,Market production,measure,0.88,local-hybrid,True,title evidence with measure lexical cue; local model skipped because gold labels are pending,"[""occ_729f35802c341cc7c4ac""]",run_cf189fe93ed005701355
term_012b2e24a75dae7a8801,Market production - annual data,measure,0.88,local-hybrid,True,title evidence with measure lexical cue; local model skipped because gold labels are pending,"[""occ_7a41f8d1d44dfc58f116""]",run_cf189fe93ed005701355
term_e30fe990ec5fb174285f,Market share of the largest generator in the electricity market,measure,0.72,local-hybrid,False,title-only term treated as likely measure; local model skipped because gold labels are pending,"[""occ_ded64a53b4b6070fc0dd""]",run_cf189fe93ed005701355
term_57d5e9cb7303c2e5a1a2,Material and social deprivation rate by degree of urbanisation,measure,0.72,local-hybrid,False,title-only term treated as likely measure; local model skipped because gold labels are pending,"[""occ_ec5fc2a47c31358a6136""]",run_cf189fe93ed005701355
term_25efa649f43352764d4c,Material and social deprivation rate by NUTS 2 region,measure,0.72,local-hybrid,False,title-only term treated as likely measure; local model skipped because gold labels are pending,"[""occ_902bcfbb38688cc3f195""]",run_cf189fe93ed005701355
term_1aeb00fd065517b0fbdc,Material and social deprivation rate by tenure status,measure,0.72,local-hybrid,False,title-only term treated as likely measure; local model skipped because gold labels are pending,"[""occ_e76db129d732bea49224""]",run_cf189fe93ed005701355
term_7f618447d6453b450364,Material Deprivation rate by age group,measure,0.72,local-hybrid,False,title-only term treated as likely measure; local model skipped because gold labels are pending,"[""occ_c81692ba85b2cb29955d""]",run_cf189fe93ed005701355
term_74da66d0577f5f989b73,Material Deprivation rate by age group - EU-SILC survey,measure,0.72,local-hybrid,False,title-only term treated as likely measure; local model skipped because gold labels are pending,"[""occ_3272f81444a05b07ce79""]",run_cf189fe93ed005701355
term_c6c222d1874d70461034,Material Deprivation rate by sex,measure,0.72,local-hybrid,False,title-only term treated as likely measure; local model skipped because gold labels are pending,"[""occ_c741d531ad6ba61c3fea""]",run_cf189fe93ed005701355
term_c31d6940aad158e57968,Material Deprivation rate by sex - EU-SILC survey,measure,0.72,local-hybrid,False,title-only term treated as likely measure; local model skipped because gold labels are pending,"[""occ_98d5ae9840662c61400b""]",run_cf189fe93ed005701355
term_241f6768769c5ad593f5,Mean age at first marriage by sex - ENP-South countries,measure,0.72,local-hybrid,False,title-only term treated as likely measure; local model skipped because gold labels are pending,"[""occ_02790a2464455d32c559""]",run_cf189fe93ed005701355
term_078d046c57799f9a57b5,Mean age of women at childbirth and at birth of first child,measure,0.88,local-hybrid,True,title evidence with measure lexical cue; local model skipped because gold labels are pending,"[""occ_a00e2f1a07fbb8a1c41a""]",run_cf189fe93ed005701355
term_44a917318196884dfd5f,"Mean annual earnings by NUTS 1 region (enterprises with 10 employees or more) - NACE Rev. 1.1, C-O excluding L",measure,0.72,local-hybrid,False,title-only term treated as likely measure; local model skipped because gold labels are pending,"[""occ_b28110e77cff342b89ac""]",run_cf189fe93ed005701355
term_45b9a362994ac998a029,Mean consumption expenditure by number of active persons,measure,0.88,local-hybrid,True,title evidence with measure lexical cue; local model skipped because gold labels are pending,"[""occ_0f551fb414265ef2dc05""]",run_cf189fe93ed005701355
term_c14bca743ac5884f17e2,Mean consumption expenditure of private households on cultural goods and services by income quintile,measure,0.88,local-hybrid,True,title evidence with measure lexical cue; local model skipped because gold labels are pending,"[""occ_077b74638fc483123d0d""]",run_cf189fe93ed005701355
term_fcbaef808b290197842f,Mean consumption expenditure of private households on sporting goods and services by income quintile,measure,0.88,local-hybrid,True,title evidence with measure lexical cue; local model skipped because gold labels are pending,"[""occ_2e40bd3bfad9b9773a86""]",run_cf189fe93ed005701355
term_20ca9ef9e116900d5e88,Mean consumption expenditure per household and per adult equivalent,measure,0.88,local-hybrid,True,title evidence with measure lexical cue; local model skipped because gold labels are pending,"[""occ_c7459fe218580054cbea""]",run_cf189fe93ed005701355
term_6a8cfa8880429fc81362,Mean duration of commuting time one-way between work and home by sex and age,measure,0.72,local-hybrid,False,title-only term treated as likely measure; local model skipped because gold labels are pending,"[""occ_7177e90028ba32ada162""]",run_cf189fe93ed005701355
term_c89ddbb893dfb72c690a,"Mean hourly earnings by NUTS 1 region (enterprises with 10 employees or more) - NACE Rev. 1.1, C-O excluding L",measure,0.72,local-hybrid,False,title-only term treated as likely measure; local model skipped because gold labels are pending,"[""occ_81f4af0cffb54a099f81""]",run_cf189fe93ed005701355
term_94c11de7ea643c58905d,"Mean hourly earnings by NUTS 1 region (enterprises with 10 employees or more) - NACE Rev. 2, B-S excluding O",measure,0.72,local-hybrid,False,title-only term treated as likely measure; local model skipped because gold labels are pending,"[""occ_a9f84fe90a3bcaee5b29""]",run_cf189fe93ed005701355
term_af0984d23ef28d2b621c,Mean instruction hours per employed participant in non-formal education and training by sex and NACE Rev. 1.1 activity,measure,0.72,local-hybrid,False,title-only term treated as likely measure; local model skipped because gold labels are pending,"[""occ_54231cbdcdb5065805d8""]",run_cf189fe93ed005701355
term_68b25005957b9d3389d1,Mean instruction hours per employed participant in non-formal education and training by sex and occupation,measure,0.72,local-hybrid,False,title-only term treated as likely measure; local model skipped because gold labels are pending,"[""occ_4221d308296023991a79""]",run_cf189fe93ed005701355
term_c6c53d135902a78c491b,Mean instruction hours per participant in non-formal education and training by field of learning,measure,0.72,local-hybrid,False,title-only term treated as likely measure; local model skipped because gold labels are pending,"[""occ_7c036d875bcebda694f5""]",run_cf189fe93ed005701355
term_5dbbd2e17c5ade9977e2,Mean instruction hours per participant in non-formal education and training by sex and age,measure,0.72,local-hybrid,False,title-only term treated as likely measure; local model skipped because gold labels are pending,"[""occ_6224cc57ed6686ff8cac""]",run_cf189fe93ed005701355
term_c9df6a2ff31591d39c7b,Mean instruction hours per participant in non-formal education and training by sex and labour status,measure,0.72,local-hybrid,False,title-only term treated as likely measure; local model skipped because gold labels are pending,"[""occ_d51751f3499ddd72b323""]",run_cf189fe93ed005701355
term_4cf7c5220d18812b4973,Mean number of deprivation items among the children deprived (children aged less than 16 years),measure,0.72,local-hybrid,False,title-only term treated as likely measure; local model skipped because gold labels are pending,"[""occ_5939705e47d03322dd51""]",run_cf189fe93ed005701355
term_e10167245fc767be14f4,Meat (total production),measure,0.88,local-hybrid,True,title evidence with measure lexical cue; local model skipped because gold labels are pending,"[""occ_9b797ca52e018daf2d36""]",run_cf189fe93ed005701355
term_aeaee419e62acf4048d5,Meat production,measure,0.88,local-hybrid,True,title evidence with measure lexical cue; local model skipped because gold labels are pending,"[""occ_9d746a1f685e7e36c911"", ""occ_c422f466db80ab0719ac""]",run_cf189fe93ed005701355
term_dda222aaf1cad0d16ff4,Meat production - ENP-East countries,measure,0.88,local-hybrid,True,title evidence with measure lexical cue; local model skipped because gold labels are pending,"[""occ_2c8135896404f2cda5d9""]",run_cf189fe93ed005701355
term_08f3dd440b4f4e4ac60d,Meat production - ENP-South countries,measure,0.88,local-hybrid,True,title evidence with measure lexical cue; local model skipped because gold labels are pending,"[""occ_83677e2a7ee351c49b94""]",run_cf189fe93ed005701355
term_56677cb6f3befa08f919,Median age by sex,measure,0.72,local-hybrid,False,title-only term treated as likely measure; local model skipped because gold labels are pending,"[""occ_d28349acfd9ed5a2a672""]",run_cf189fe93ed005701355
term_f7373141e70e62bc181d,Median age of residents by sex and country of birth,measure,0.88,local-hybrid,True,title evidence with measure lexical cue; local model skipped because gold labels are pending,"[""occ_4f5a610df239a4af58cd""]",run_cf189fe93ed005701355
term_70b2f17db107db8eea23,"Median hourly earnings, all employees (excluding apprentices) by sex",measure,0.72,local-hybrid,False,title-only term treated as likely measure; local model skipped because gold labels are pending,"[""occ_555db4eda697af3b029f""]",run_cf189fe93ed005701355
term_38a9e79ed0a88580fd98,Median number of weekly hours of formal care by age group,measure,0.72,local-hybrid,False,title-only term treated as likely measure; local model skipped because gold labels are pending,"[""occ_fade507bcabad618c33b""]",run_cf189fe93ed005701355
term_f36ecfc0f7bbf04995d1,Median number of weekly hours of formal care by age group - children with at least 1 hour of formal care,measure,0.72,local-hybrid,False,title-only term treated as likely measure; local model skipped because gold labels are pending,"[""occ_7377a8be9b29d7147bb6""]",run_cf189fe93ed005701355
term_ee63c2cf4cc03141587e,Median number of weekly hours of other types of care by age group,measure,0.72,local-hybrid,False,title-only term treated as likely measure; local model skipped because gold labels are pending,"[""occ_2fdc5a6bf212c883b44b""]",run_cf189fe93ed005701355
term_7700dc012b9fc8351630,Median number of weekly hours of other types of care by age group - children with at least one hour of other types of care,measure,0.72,local-hybrid,False,title-only term treated as likely measure; local model skipped because gold labels are pending,"[""occ_5c952974733ec840ff0d""]",run_cf189fe93ed005701355
term_d7cdb5925f069c0cd31c,Median of the housing cost burden distribution by age group,measure,0.72,local-hybrid,False,title-only term treated as likely measure; local model skipped because gold labels are pending,"[""occ_59e796e6f1564a1a4d22""]",run_cf189fe93ed005701355
term_b9d2e73ff923d9dee35f,Median of the housing cost burden distribution by age group - EU-SILC survey,measure,0.72,local-hybrid,False,title-only term treated as likely measure; local model skipped because gold labels are pending,"[""occ_9fea2838bd12a3a8ba1f""]",run_cf189fe93ed005701355
term_a0644a72261e0774098f,Median of the housing cost burden distribution by degree of urbanisation - EU-SILC survey,measure,0.72,local-hybrid,False,title-only term treated as likely measure; local model skipped because gold labels are pending,"[""occ_0478e9d159d6b3712011""]",run_cf189fe93ed005701355
term_c9d519e27a3b98e94def,Median of the housing cost burden distribution by poverty status,measure,0.72,local-hybrid,False,title-only term treated as likely measure; local model skipped because gold labels are pending,"[""occ_29a9ec1e48df22fb5633""]",run_cf189fe93ed005701355
term_2b4ad2009b6e29871d7e,Median of the housing cost burden distribution by poverty status - EU-SILC survey,measure,0.72,local-hybrid,False,title-only term treated as likely measure; local model skipped because gold labels are pending,"[""occ_f887916773f4f8e26c03""]",run_cf189fe93ed005701355
term_0adc473ae8e233996caa,Median of the housing cost burden distribution by sex,measure,0.72,local-hybrid,False,title-only term treated as likely measure; local model skipped because gold labels are pending,"[""occ_2f0e4efccd4268e97a28""]",run_cf189fe93ed005701355
term_1406e6db0d2dd0703c65,Median of the housing cost burden distribution by sex - EU-SILC survey,measure,0.72,local-hybrid,False,title-only term treated as likely measure; local model skipped because gold labels are pending,"[""occ_359ec9f302e586a8172d""]",run_cf189fe93ed005701355
term_126f1c47aefcedb88cc8,Median relative income of elderly people,measure,0.88,local-hybrid,True,title evidence with measure lexical cue; local model skipped because gold labels are pending,"[""occ_cf7b38617b0ef63153ce""]",run_cf189fe93ed005701355
term_1847b10ff62e7ccf2fbb,Median relative income of elderly people (60+),measure,0.88,local-hybrid,True,title evidence with measure lexical cue; local model skipped because gold labels are pending,"[""occ_e53ae81c2c11382ce52f""]",run_cf189fe93ed005701355
term_074ac00adbe5f73a2af1,Median relative income of elderly people (60+) - EU-SILC survey,measure,0.88,local-hybrid,True,title evidence with measure lexical cue; local model skipped because gold labels are pending,"[""occ_85fa6fd6fe5a940b926f""]",run_cf189fe93ed005701355
term_aae6ecbce1ea4c04530e,Median relative income of elderly people - EU-SILC survey,measure,0.88,local-hybrid,True,title evidence with measure lexical cue; local model skipped because gold labels are pending,"[""occ_84e4a0bbc432a4d9567b""]",run_cf189fe93ed005701355
term_9ee08997e384c877afe6,Median saving rate by activity status of the reference person,measure,0.72,local-hybrid,False,title-only term treated as likely measure; local model skipped because gold labels are pending,"[""occ_96818d85f11815a65a07""]",run_cf189fe93ed005701355
term_793fe685236958908e80,Median saving rate by activity status of the reference person - experimental statistics,measure,0.72,local-hybrid,False,title-only term treated as likely measure; local model skipped because gold labels are pending,"[""occ_37b57a7ed13593402e68""]",run_cf189fe93ed005701355
term_91a0760b24a48aa31d27,Median saving rate by degree of urbanisation,measure,0.72,local-hybrid,False,title-only term treated as likely measure; local model skipped because gold labels are pending,"[""occ_8cf1a9f1ec6bebe7b6be""]",run_cf189fe93ed005701355
term_2156e9607e5ae3109b47,Median saving rate by degree of urbanisation - experimental statistics,measure,0.72,local-hybrid,False,title-only term treated as likely measure; local model skipped because gold labels are pending,"[""occ_d16b58372b8441a318fe""]",run_cf189fe93ed005701355
term_b7f2a600fd0019a5a880,Median saving rate by household type,measure,0.72,local-hybrid,False,title-only term treated as likely measure; local model skipped because gold labels are pending,"[""occ_158f7db0afb95517de94""]",run_cf189fe93ed005701355
term_952aa7e323169db0e35c,Median saving rate by household type - experimental statistics,measure,0.72,local-hybrid,False,title-only term treated as likely measure; local model skipped because gold labels are pending,"[""occ_2d431bb88bf6044b32fc""]",run_cf189fe93ed005701355
term_751662a2365b33aba273,Median saving rate by income quintile,measure,0.88,local-hybrid,True,title evidence with measure lexical cue; local model skipped because gold labels are pending,"[""occ_b3bbc74874eacc80fac4""]",run_cf189fe93ed005701355
term_6d3a4e9e00dfe2d6b031,Median saving rate by income quintile - experimental statistics,measure,0.88,local-hybrid,True,title evidence with measure lexical cue; local model skipped because gold labels are pending,"[""occ_b8196d6fdf9c395410b4""]",run_cf189fe93ed005701355
term_b5e12f35a334f8a51dd6,Median saving rate by the self-declared level of difficulty to make ends meet,measure,0.72,local-hybrid,False,title-only term treated as likely measure; local model skipped because gold labels are pending,"[""occ_b7d6d3227ce90aa712c6""]",run_cf189fe93ed005701355
term_bb06bea62e42c3e4f664,Median saving rate by the self-declared level of difficulty to make ends meet - experimental statistics,measure,0.72,local-hybrid,False,title-only term treated as likely measure; local model skipped because gold labels are pending,"[""occ_573be892dedba5103b3a""]",run_cf189fe93ed005701355
term_eebf44339ecaef6e8706,million passenger-km,measure,0.72,local-hybrid,False,title-only term treated as likely measure; local model skipped because gold labels are pending,"[""occ_564cc41101941fb5278a""]",run_cf189fe93ed005701355
term_5e2c43ef1c4b04578673,Minimum wages,measure,0.72,local-hybrid,False,title-only term treated as likely measure; local model skipped because gold labels are pending,"[""occ_db664583b5b931161dda""]",run_cf189fe93ed005701355
term_8289c35fe3cdc64e2ef7,Modal shift potential of long-distance road freight in containers - tonne,measure,0.72,local-hybrid,False,title-only term treated as likely measure; local model skipped because gold labels are pending,"[""occ_a6df0b924447d6c14d33""]",run_cf189fe93ed005701355
term_790127e5f6d9accc96c0,Modal shift potential of long-distance road freight in containers - tonne-kilometre,measure,0.72,local-hybrid,False,title-only term treated as likely measure; local model skipped because gold labels are pending,"[""occ_726687a6d5c2ce40b1d2""]",run_cf189fe93ed005701355
term_b61bf04e7a77cfdc39a0,"Modal split of air, sea and freight transport",measure,0.88,local-hybrid,True,title evidence with measure lexical cue; local model skipped because gold labels are pending,"[""occ_a65ef0f362e070490040""]",run_cf189fe93ed005701355
term_c3cd9054646b135d0b4e,"Modal split of air, sea and passenger transport",measure,0.88,local-hybrid,True,title evidence with measure lexical cue; local model skipped because gold labels are pending,"[""occ_6965470f4d85cab53988""]",run_cf189fe93ed005701355
term_c81d6ee622d33c0e63b4,Modal split of freight transport,measure,0.88,local-hybrid,True,title evidence with measure lexical cue; local model skipped because gold labels are pending,"[""occ_4483cde52d9531171880""]",run_cf189fe93ed005701355
term_0e55239557086d5399b3,Money market interest rates - annual data,measure,0.72,local-hybrid,False,title-only term treated as likely measure; local model skipped because gold labels are pending,"[""occ_dfe68ec4a052ba286d1c""]",run_cf189fe93ed005701355
term_5aef819c82d73e90a3fd,Money market interest rates - ENP-East countries,measure,0.72,local-hybrid,False,title-only term treated as likely measure; local model skipped because gold labels are pending,"[""occ_84cb9269468562102736""]",run_cf189fe93ed005701355
term_a99ca240ee68502382af,Money supply and official reserves,measure,0.72,local-hybrid,False,title-only term treated as likely measure; local model skipped because gold labels are pending,"[""occ_a5ae8ec5137cf8461463""]",run_cf189fe93ed005701355
term_49d40cb44423a906dd78,Money supply and official reserves - ENP-East countries,measure,0.72,local-hybrid,False,title-only term treated as likely measure; local model skipped because gold labels are pending,"[""occ_73d55059971d706282e1""]",run_cf189fe93ed005701355
term_21aee966d228088bafd8,"monthly averages, experimental statistics",measure,0.72,local-hybrid,False,title-only term treated as likely measure; local model skipped because gold labels are pending,"[""occ_f1997e76c2888c0502eb""]",run_cf189fe93ed005701355
term_8b9cf20ca850b997c677,"Monthly earnings by economic control (enterprises with 10 employed persons or more) - NACE Rev. 1.1, C-O excluding L",measure,0.72,local-hybrid,False,title-only term treated as likely measure; local model skipped because gold labels are pending,"[""occ_0245fc45fc2f9aaa7e55""]",run_cf189fe93ed005701355
term_ad4bf0916f918dd2c845,"Monthly earnings by quantiles and contractual working time (enterprises with 10 employed persons or more) - NACE Rev. 1.1, C-O excluding L",measure,0.72,local-hybrid,False,title-only term treated as likely measure; local model skipped because gold labels are pending,"[""occ_a7b26d61bcef705b1c9b""]",run_cf189fe93ed005701355
term_f5af640fcf655d6968bc,Monthly minimum wage as a proportion of average monthly earnings (%) - NACE Rev. 1.1,measure,0.72,local-hybrid,False,title-only term treated as likely measure; local model skipped because gold labels are pending,"[""occ_c9ff3e193feb5af802e2""]",run_cf189fe93ed005701355
term_a270f384d2ab4867c4ee,Monthly minimum wage as a proportion of average monthly earnings (%) - NACE Rev. 2 (from onwards),measure,0.72,local-hybrid,False,title-only term treated as likely measure; local model skipped because gold labels are pending,"[""occ_50579b0c9922736a388f""]",run_cf189fe93ed005701355
term_4d1fbd4f5417bb9b6e5d,Mortality rate (under age 5) by sex,measure,0.72,local-hybrid,False,title-only term treated as likely measure; local model skipped because gold labels are pending,"[""occ_366c49e9aea7a79c41c6""]",run_cf189fe93ed005701355
term_9abedff029c156a135ec,Mortality rate (under age 5) by sex - ENP-South countries,measure,0.72,local-hybrid,False,title-only term treated as likely measure; local model skipped because gold labels are pending,"[""occ_5882755c7ef073028d8b""]",run_cf189fe93ed005701355
term_0ed887860624a22acc75,"Motor coaches, buses and trolley buses by type of motor energy",measure,0.72,local-hybrid,False,title-only term treated as likely measure; local model skipped because gold labels are pending,"[""occ_a056981aacc32ad7f8da""]",run_cf189fe93ed005701355
term_fe2135bdc95b7986a56e,"Motor coaches, buses and trolley buses, by type of vehicle",measure,0.72,local-hybrid,False,title-only term treated as likely measure; local model skipped because gold labels are pending,"[""occ_dd45c13c3850c09dd7af""]",run_cf189fe93ed005701355
term_acd6e6ced063600a7bba,Motorcycles by engine size,measure,0.72,local-hybrid,False,title-only term treated as likely measure; local model skipped because gold labels are pending,"[""occ_a2a398ab6e0b0830fa34""]",run_cf189fe93ed005701355
term_6105be1facac7697ae4f,Multinational enterprise groups in EU-EFTA countries by controlling country,measure,0.72,local-hybrid,False,title-only term treated as likely measure; local model skipped because gold labels are pending,"[""occ_f4b359b3c6e367d78125""]",run_cf189fe93ed005701355
term_20b2aed05a7a584032f4,Multinational enterprise groups in EU-EFTA countries by controlling country - experimental statistics,measure,0.72,local-hybrid,False,title-only term treated as likely measure; local model skipped because gold labels are pending,"[""occ_6f9efdffb5ef700ac749""]",run_cf189fe93ed005701355
term_f803c86477c835a23c6f,"Multinational enterprise groups in EU-EFTA countries by controlling country, size class and NACE Rev. 2 activity",measure,0.72,local-hybrid,False,title-only term treated as likely measure; local model skipped because gold labels are pending,"[""occ_f66bb604224b3f4e4e13""]",run_cf189fe93ed005701355
term_d4b808e8497b315fa2a3,"Multinational enterprise groups in EU-EFTA countries by controlling country, size class and NACE Rev. 2 activity - experimental statistics",measure,0.72,local-hybrid,False,title-only term treated as likely measure; local model skipped because gold labels are pending,"[""occ_d5a017c86298a8e62fd4""]",run_cf189fe93ed005701355
term_306a0c22bc0bc6652591,Municipal waste generated,measure,0.72,local-hybrid,False,title-only term treated as likely measure; local model skipped because gold labels are pending,"[""occ_83bb151a734cc8e08361""]",run_cf189fe93ed005701355
term_d654c6d8ca0b5a3b5d3c,Municipal waste generated - ENP-South countries,measure,0.72,local-hybrid,False,title-only term treated as likely measure; local model skipped because gold labels are pending,"[""occ_19ebf0d5906538345946""]",run_cf189fe93ed005701355
term_4ea383ebeb10ee368767,Municipal waste per inhabitant,measure,0.72,local-hybrid,False,title-only term treated as likely measure; local model skipped because gold labels are pending,"[""occ_d9d8c599fff83fc090c4""]",run_cf189fe93ed005701355
term_537acf0f3441c881cfd4,Municipal waste per inhabitant - ENP-South countries,measure,0.72,local-hybrid,False,title-only term treated as likely measure; local model skipped because gold labels are pending,"[""occ_fa2b71f237289f4bc4e4""]",run_cf189fe93ed005701355
term_4762668db0775cc15075,NACE Rev. 1.1,measure,0.72,local-hybrid,False,title-only term treated as likely measure; local model skipped because gold labels are pending,"[""occ_b01d7629da9c3c6f3642""]",run_cf189fe93ed005701355
term_1156b82abe275de461e1,NACE Rev. 2 (from onwards),measure,0.72,local-hybrid,False,title-only term treated as likely measure; local model skipped because gold labels are pending,"[""occ_cd78a7ed73a131e70776""]",run_cf189fe93ed005701355
term_15ee2c7f97ab989b6a71,"NACE Rev. 2, B-S, quarterly data",measure,0.72,local-hybrid,False,title-only term treated as likely measure; local model skipped because gold labels are pending,"[""occ_e0301f7daf2d17164d28""]",run_cf189fe93ed005701355
term_d5778d579a28397cff7d,"NACE Rev. 2, I, 55.1",measure,0.72,local-hybrid,False,title-only term treated as likely measure; local model skipped because gold labels are pending,"[""occ_43721312e73171a0f170""]",run_cf189fe93ed005701355
term_30139ab365f7f90ee630,"NACE Rev.2, G",measure,0.72,local-hybrid,False,title-only term treated as likely measure; local model skipped because gold labels are pending,"[""occ_1361f90aaf299a0456b9""]",run_cf189fe93ed005701355
term_89fc796ecd786961d812,National civil servants in central public administration,measure,0.72,local-hybrid,False,title-only term treated as likely measure; local model skipped because gold labels are pending,"[""occ_6e4e1d6bcf537ffdd6c5""]",run_cf189fe93ed005701355
term_8c5599186ab207fa39cc,National expenditure on environmental protection,measure,0.88,local-hybrid,True,title evidence with measure lexical cue; local model skipped because gold labels are pending,"[""occ_f571dfb91ef40a8d9ceb""]",run_cf189fe93ed005701355
term_f32b7749e3c9ff7974e4,National passenger road transport performance by type of vehicles registered in the,measure,0.88,local-hybrid,True,title evidence with measure lexical cue; local model skipped because gold labels are pending,"[""occ_3bb3e65a1c2de409b06e""]",run_cf189fe93ed005701355
term_5b058a767b7f88761727,Natural gas import dependency by country of origin,measure,0.72,local-hybrid,False,title-only term treated as likely measure; local model skipped because gold labels are pending,"[""occ_2167e803e2fe83fcad49""]",run_cf189fe93ed005701355
term_5c1b41fc457db65739b7,"Navigable waterways, by horizontal dimensions of vessels and pushed convoys",measure,0.72,local-hybrid,False,title-only term treated as likely measure; local model skipped because gold labels are pending,"[""occ_065a2b23d437103bb8e5""]",run_cf189fe93ed005701355
term_5c1b156bf1e3cc20b804,"Net external debt - annual data, % of GDP",measure,0.88,local-hybrid,True,title evidence with measure lexical cue; local model skipped because gold labels are pending,"[""occ_24e032cdcde99d9ecd54""]",run_cf189fe93ed005701355
term_cd3886f7e671857294d0,"Net external debt - quarterly data, % of GDP",measure,0.88,local-hybrid,True,title evidence with measure lexical cue; local model skipped because gold labels are pending,"[""occ_4079bde7b8482c46889c""]",run_cf189fe93ed005701355
term_a262739a6b294b80602b,Net international investment position - annual data,measure,0.72,local-hybrid,False,title-only term treated as likely measure; local model skipped because gold labels are pending,"[""occ_f21f0965fcd70b442bc7""]",run_cf189fe93ed005701355
term_4b419433504b08218669,"Net international investment position - quarterly data, % of GDP",measure,0.88,local-hybrid,True,title evidence with measure lexical cue; local model skipped because gold labels are pending,"[""occ_29cb666fe2e3d3286327""]",run_cf189fe93ed005701355
term_5aa8c2375b016a280a45,Net international investment position excluding non-defaultable instruments - % of GDP,measure,0.88,local-hybrid,True,title evidence with measure lexical cue; local model skipped because gold labels are pending,"[""occ_91dcf41cb351a510256f""]",run_cf189fe93ed005701355
term_782fd49825f46d4558ca,Net Lending/Borrowing (current and capital account),measure,0.72,local-hybrid,False,title-only term treated as likely measure; local model skipped because gold labels are pending,"[""occ_8b78a3c6b8f915da4d19""]",run_cf189fe93ed005701355
term_c0a11c11528f5fec2584,Net Lending/Borrowing (current and capital account) - annual data,measure,0.72,local-hybrid,False,title-only term treated as likely measure; local model skipped because gold labels are pending,"[""occ_3109c13a234a92fbf504""]",run_cf189fe93ed005701355
term_98facaced2eafbc79c68,"Net occupancy rate of bed-places and bedrooms in hotels and similar accommodation (NACE Rev. 2, I, 55.1) (from onwards)",measure,0.72,local-hybrid,False,title-only term treated as likely measure; local model skipped because gold labels are pending,"[""occ_f4f930d8d11bc485b8aa""]",run_cf189fe93ed005701355
term_42635b407ca45c01c7b4,"Net occupancy rate of bed-places and bedrooms in hotels and similar accommodations (NACE Rev. 2, I, 55.1)",measure,0.72,local-hybrid,False,title-only term treated as likely measure; local model skipped because gold labels are pending,"[""occ_031ce333a824febd556b""]",run_cf189fe93ed005701355
term_d1fd158d13847bfc57be,"Net occupancy rate of bed-places and bedrooms in hotels and similar accommodations (NACE Rev. 2, I, 55.1) - monthly data",measure,0.72,local-hybrid,False,title-only term treated as likely measure; local model skipped because gold labels are pending,"[""occ_78837a8d013dcfcf3734""]",run_cf189fe93ed005701355
term_895c550b60e4a6b50ad4,Net trade balance of energy products,measure,0.72,local-hybrid,False,title-only term treated as likely measure; local model skipped because gold labels are pending,"[""occ_76f2ccb5954f6f5107c5""]",run_cf189fe93ed005701355
term_06536802769bc978a649,Net trade balance of energy products - % of GDP,measure,0.88,local-hybrid,True,title evidence with measure lexical cue; local model skipped because gold labels are pending,"[""occ_86fd6702fbcc5183e3ff""]",run_cf189fe93ed005701355
term_04a97e63ec66ba7065ad,New lorries by alternative motor energy and load capacity of +/- 1500 kg,measure,0.72,local-hybrid,False,title-only term treated as likely measure; local model skipped because gold labels are pending,"[""occ_31fbaeb1d2d9dc14fe5d""]",run_cf189fe93ed005701355
term_4d88e2d343fc5b51b03d,New mopeds and motorcycles by type of motor energy,measure,0.72,local-hybrid,False,title-only term treated as likely measure; local model skipped because gold labels are pending,"[""occ_66cb21e4bfc88509852d""]",run_cf189fe93ed005701355
term_968f2d19b9001569381a,"New motor coaches, buses and trolley buses , by type of vehicles",measure,0.72,local-hybrid,False,title-only term treated as likely measure; local model skipped because gold labels are pending,"[""occ_3b0b0ae8ac8d5aa0b73d""]",run_cf189fe93ed005701355
term_cbb06e13c9bcaae32a00,"New motor coaches, buses and trolley buses by type of motor energy",measure,0.72,local-hybrid,False,title-only term treated as likely measure; local model skipped because gold labels are pending,"[""occ_22943020a9f10dafe04d""]",run_cf189fe93ed005701355
term_0687151d1873bdff580f,New motorcycles by engine size,measure,0.72,local-hybrid,False,title-only term treated as likely measure; local model skipped because gold labels are pending,"[""occ_37c0e2ae4f4cb073df42""]",run_cf189fe93ed005701355
term_784e28091a0de4980c77,"New passenger cars, motor coaches, buses and trolley buses by alternative motor energy",measure,0.72,local-hybrid,False,title-only term treated as likely measure; local model skipped because gold labels are pending,"[""occ_a6926206946c3cb0563a""]",run_cf189fe93ed005701355
term_8adfe68f9eb1f2d12473,new registrations by categories,measure,0.72,local-hybrid,False,title-only term treated as likely measure; local model skipped because gold labels are pending,"[""occ_e9e3e4ff33e127eb632a""]",run_cf189fe93ed005701355
term_c615a7cc6d1745bb6e73,New road tractors by type of motor energy,measure,0.72,local-hybrid,False,title-only term treated as likely measure; local model skipped because gold labels are pending,"[""occ_a3fc22cfcee2a23b5d73""]",run_cf189fe93ed005701355
term_ca9c1b77163d137a02cf,"New semi-trailers and their load capacity, by permissible maximum gross weight",measure,0.72,local-hybrid,False,title-only term treated as likely measure; local model skipped because gold labels are pending,"[""occ_036cbfec74b84f17e5b1""]",run_cf189fe93ed005701355
term_7c4c90872343a718d86c,New special purpose road vehicles,measure,0.72,local-hybrid,False,title-only term treated as likely measure; local model skipped because gold labels are pending,"[""occ_ba67fe9f5ba2f2d7ead2""]",run_cf189fe93ed005701355
term_63b32dd7818a9e37b486,New trailers and their load capacity,measure,0.72,local-hybrid,False,title-only term treated as likely measure; local model skipped because gold labels are pending,"[""occ_e9a211745349f3d365dc""]",run_cf189fe93ed005701355
term_a9878a9b80bd7656331d,"New trailers and their load capacity, by permissible maximum gross weight",measure,0.72,local-hybrid,False,title-only term treated as likely measure; local model skipped because gold labels are pending,"[""occ_5ecf46c5e2acd2fd6e2a""]",run_cf189fe93ed005701355
term_d26933b28b45a61d72b3,New trams,measure,0.72,local-hybrid,False,title-only term treated as likely measure; local model skipped because gold labels are pending,"[""occ_c20972812b488fddfa07""]",run_cf189fe93ed005701355
term_1e8ca72b60503f2aaf2a,Newly employed,measure,0.72,local-hybrid,False,title-only term treated as likely measure; local model skipped because gold labels are pending,"[""occ_2cbae338260fd29b1655""]",run_cf189fe93ed005701355
term_2cfead5f5654b2fd36df,Nights spent at tourism accommodation establishments,measure,0.72,local-hybrid,False,title-only term treated as likely measure; local model skipped because gold labels are pending,"[""occ_1ea5a6917e65f02d66af""]",run_cf189fe93ed005701355
term_367dc42ed79918494667,Nights spent at tourism accommodation establishments - ENP-South countries,measure,0.72,local-hybrid,False,title-only term treated as likely measure; local model skipped because gold labels are pending,"[""occ_1bf3f7e32168678e5f1a""]",run_cf189fe93ed005701355
term_6857864f501d5647c7f2,Nights spent at tourist accommodation establishments by residents/non-residents,measure,0.72,local-hybrid,False,title-only term treated as likely measure; local model skipped because gold labels are pending,"[""occ_454c26eda5038abcf0df""]",run_cf189fe93ed005701355
term_7f966affa957848ed4b5,Nights spent at tourist accommodation establishments by residents/non-residents - monthly data,measure,0.72,local-hybrid,False,title-only term treated as likely measure; local model skipped because gold labels are pending,"[""occ_e49d0362b7f2b608cad7""]",run_cf189fe93ed005701355
term_29665ccdd0ab0e21210f,Nights spent by type of accommodation,measure,0.72,local-hybrid,False,title-only term treated as likely measure; local model skipped because gold labels are pending,"[""occ_4584ac0074a13b1b8a2a""]",run_cf189fe93ed005701355
term_6dc3f00873f81ec41dea,Nitrogen dioxide concentrations in European capital cities,measure,0.72,local-hybrid,False,title-only term treated as likely measure; local model skipped because gold labels are pending,"[""occ_f4c4334fb0d40e28748d""]",run_cf189fe93ed005701355
term_f3f2eaacf9a9f0568d70,"Nitrogen dioxide concentrations in European capital cities - monthly averages, experimental statistics",measure,0.72,local-hybrid,False,title-only term treated as likely measure; local model skipped because gold labels are pending,"[""occ_614ce2d43c4701dee8d2""]",run_cf189fe93ed005701355
term_332d7b52f5bc6a047619,Nominal effective exchange rate - 42 trading partners,measure,0.72,local-hybrid,False,title-only term treated as likely measure; local model skipped because gold labels are pending,"[""occ_4cec5253a622a40db850""]",run_cf189fe93ed005701355
term_e7b69f78862e7dca3c3c,Nominal effective exchange rate - euro area trading partners,measure,0.72,local-hybrid,False,title-only term treated as likely measure; local model skipped because gold labels are pending,"[""occ_f7f4567253035defb072""]",run_cf189fe93ed005701355
term_3fa3e3c07ff9cbd2baf9,Nominal labour productivity per person employed,measure,0.72,local-hybrid,False,title-only term treated as likely measure; local model skipped because gold labels are pending,"[""occ_4497533a7bdaed2852fa""]",run_cf189fe93ed005701355
term_9dd5837c0cb6fabc0373,Nominal unit labour cost growth - ENP-East countries,measure,0.72,local-hybrid,False,title-only term treated as likely measure; local model skipped because gold labels are pending,"[""occ_f306ff08bedab580f02a""]",run_cf189fe93ed005701355
term_47d44b07264e47ab5c65,Non-autonomous pension funds,measure,0.72,local-hybrid,False,title-only term treated as likely measure; local model skipped because gold labels are pending,"[""occ_2008f072ed8ca51605c8""]",run_cf189fe93ed005701355
term_663aac073bdfb2ca70a5,Non-financial accounts for EU institutions,measure,0.72,local-hybrid,False,title-only term treated as likely measure; local model skipped because gold labels are pending,"[""occ_9fa9ee01938e9fc7957d""]",run_cf189fe93ed005701355
term_92b91f771b0db5678362,"Non-financial corporations debt, consolidated",measure,0.72,local-hybrid,False,title-only term treated as likely measure; local model skipped because gold labels are pending,"[""occ_be35d8b143b78c1b0d7a""]",run_cf189fe93ed005701355
term_5cb1785dd3f1be3b9d22,"Non-financial corporations debt, consolidated - % of GDP",measure,0.88,local-hybrid,True,title evidence with measure lexical cue; local model skipped because gold labels are pending,"[""occ_91c60b45605191127e95""]",run_cf189fe93ed005701355
term_4a3ed11b3dd16242d215,Non-household consumption volumes of electricity by consumption bands,measure,0.72,local-hybrid,False,title-only term treated as likely measure; local model skipped because gold labels are pending,"[""occ_04d9a0640225d7fbfdad""]",run_cf189fe93ed005701355
term_0a5e4b3cdcecd942446d,Non-household consumption volumes of gas by consumption bands,measure,0.72,local-hybrid,False,title-only term treated as likely measure; local model skipped because gold labels are pending,"[""occ_3b92e36ab8a3d17e1c6e""]",run_cf189fe93ed005701355
term_9328b8a03717ee77f0aa,"Non-residents among all hospital discharges, %",measure,0.72,local-hybrid,False,title-only term treated as likely measure; local model skipped because gold labels are pending,"[""occ_735fd8a95f40fc865c17""]",run_cf189fe93ed005701355
term_065e96a331bc26c22337,"Non-residents among all hospital discharges, % - historical data",measure,0.72,local-hybrid,False,title-only term treated as likely measure; local model skipped because gold labels are pending,"[""occ_c99df27983b36b88383f""]",run_cf189fe93ed005701355
term_fb7679430630b768d444,north-west Pacific,measure,0.72,local-hybrid,False,title-only term treated as likely measure; local model skipped because gold labels are pending,"[""occ_eb756dc34c991e121db8""]",run_cf189fe93ed005701355
term_967f9888bcecf74d719f,number and capacity of railways vehicles,measure,0.72,local-hybrid,False,title-only term treated as likely measure; local model skipped because gold labels are pending,"[""occ_2912b29ed9e046932cdd""]",run_cf189fe93ed005701355
term_82fabc023f2bc6fa3dcc,"number and index (=100), annual data",measure,0.72,local-hybrid,False,title-only term treated as likely measure; local model skipped because gold labels are pending,"[""occ_bf27a47653bdcfba5bdf""]",run_cf189fe93ed005701355
term_591220979c84f31ca385,Number and length of district networks by type of network and efficiency of network,measure,0.72,local-hybrid,False,title-only term treated as likely measure; local model skipped because gold labels are pending,"[""occ_3560d0015d06f210aa93""]",run_cf189fe93ed005701355
term_e5122b2bba66f017eaa9,number and load capacity of goods transport wagons,measure,0.88,local-hybrid,True,title evidence with measure lexical cue; local model skipped because gold labels are pending,"[""occ_f7c5fa65299410fd6c93""]",run_cf189fe93ed005701355
term_975f92a4a6ba860bd35f,Number of accidents at work by NACE Rev. 1.1 activity and employment status,measure,0.88,local-hybrid,True,title evidence with measure lexical cue; local model skipped because gold labels are pending,"[""occ_aa0c5c357c862ebec283""]",run_cf189fe93ed005701355
term_5e7f442bb96831423864,Number of accidents at work by NACE Rev. 1.1 activity and severity,measure,0.72,local-hybrid,False,title-only term treated as likely measure; local model skipped because gold labels are pending,"[""occ_6b244a61149c52adfe8f""]",run_cf189fe93ed005701355
term_c2ba5eff28f146641fef,Number of accidents at work by NACE Rev. 1.1 activity and size of enterprise,measure,0.72,local-hybrid,False,title-only term treated as likely measure; local model skipped because gold labels are pending,"[""occ_9fd45d4f3b955f73af86""]",run_cf189fe93ed005701355
term_49864b902c2d4a50b42f,Number of accidents at work by part of body injured and severity,measure,0.72,local-hybrid,False,title-only term treated as likely measure; local model skipped because gold labels are pending,"[""occ_934cd86b7b6e206a4caf""]",run_cf189fe93ed005701355
term_5822fa1a0ca7e8a8464c,Number of accounts linked to CPA categories,measure,0.72,local-hybrid,False,title-only term treated as likely measure; local model skipped because gold labels are pending,"[""occ_61c3c18470f67b045b5b""]",run_cf189fe93ed005701355
term_20848814f9575a06fb9f,number of aircraft movements,measure,0.72,local-hybrid,False,title-only term treated as likely measure; local model skipped because gold labels are pending,"[""occ_b65677608deb4c42bd50""]",run_cf189fe93ed005701355
term_4dfcea5ae915f0fb62da,number of aircrafts,measure,0.72,local-hybrid,False,title-only term treated as likely measure; local model skipped because gold labels are pending,"[""occ_6fa3e78b565362dbfdfb""]",run_cf189fe93ed005701355
term_eecf9ac4d58c3a9c563f,Number of airports,measure,0.72,local-hybrid,False,title-only term treated as likely measure; local model skipped because gold labels are pending,"[""occ_0d7646222b33c85a9f06""]",run_cf189fe93ed005701355
term_085b4561105055b4ed99,Number of airports - ENP-South countries,measure,0.72,local-hybrid,False,title-only term treated as likely measure; local model skipped because gold labels are pending,"[""occ_7703510f0c05bd522437""]",run_cf189fe93ed005701355
term_86ae2761616c95bcb0cc,Number of bed places in hotels and similar accomodation,measure,0.72,local-hybrid,False,title-only term treated as likely measure; local model skipped because gold labels are pending,"[""occ_5fc2d5c1cd30e07d1b1d""]",run_cf189fe93ed005701355
term_b6b938ad863bb80bb19e,Number of bed places in hotels and similar accomodation - ENP-East countries,measure,0.72,local-hybrid,False,title-only term treated as likely measure; local model skipped because gold labels are pending,"[""occ_5e359cfdd0a92e19b3b8""]",run_cf189fe93ed005701355
term_84cdf3d00df5c5fd703c,Number of bovine animals,measure,0.72,local-hybrid,False,title-only term treated as likely measure; local model skipped because gold labels are pending,"[""occ_3d5dc6b26235bf18ba68""]",run_cf189fe93ed005701355
term_a6b564148c334b3a3b4b,Number of branches in non-EEA countries,measure,0.72,local-hybrid,False,title-only term treated as likely measure; local model skipped because gold labels are pending,"[""occ_0e57c0e8bf528275e9f2""]",run_cf189fe93ed005701355
term_a81d3e9402ac7989e2c4,Number of dairy cows,measure,0.72,local-hybrid,False,title-only term treated as likely measure; local model skipped because gold labels are pending,"[""occ_a90862d12881c8f56d83""]",run_cf189fe93ed005701355
term_29335b9de1a1d1e849cb,number of enterprises by size class of investments,measure,0.72,local-hybrid,False,title-only term treated as likely measure; local model skipped because gold labels are pending,"[""occ_663f10ce5d2b1ee6474d""]",run_cf189fe93ed005701355
term_7c74fe65c86da7bdbcd9,number of enterprises by size class of members,measure,0.72,local-hybrid,False,title-only term treated as likely measure; local model skipped because gold labels are pending,"[""occ_b3f73833fdce61089ea8""]",run_cf189fe93ed005701355
term_44182a54b9802a05ffb2,Number of enterprises carrying out cross trade by employment size class,measure,0.88,local-hybrid,True,title evidence with measure lexical cue; local model skipped because gold labels are pending,"[""occ_2d8bdefbe89e8afa21f4""]",run_cf189fe93ed005701355
term_9560cd093859db0ca542,Number of enterprises carrying out cross trade by reasons for cross trade and employment size class,measure,0.88,local-hybrid,True,title evidence with measure lexical cue; local model skipped because gold labels are pending,"[""occ_d0f911b58ad096319629""]",run_cf189fe93ed005701355
term_abd74cab62a22713b235,Number of enterprises carrying out cross trade by type of cross trade and employment size class,measure,0.88,local-hybrid,True,title evidence with measure lexical cue; local model skipped because gold labels are pending,"[""occ_466dd36d85b278268863""]",run_cf189fe93ed005701355
term_ea64bfe8e1adb70b21e3,Number of establishments and bed-places,measure,0.72,local-hybrid,False,title-only term treated as likely measure; local model skipped because gold labels are pending,"[""occ_8507dae10b105334445b""]",run_cf189fe93ed005701355
term_f0be1e80966f0660b7ac,Number of known species,measure,0.72,local-hybrid,False,title-only term treated as likely measure; local model skipped because gold labels are pending,"[""occ_a4fade3624382f458f18""]",run_cf189fe93ed005701355
term_9a32f2b00aa87f668eda,Number of loans and advances to customers linked to CPA categories,measure,0.72,local-hybrid,False,title-only term treated as likely measure; local model skipped because gold labels are pending,"[""occ_13f1cf159d141cdb4db0""]",run_cf189fe93ed005701355
term_a4a022fa199cf3ad65a5,number of locomotives and passenger railways vehicles,measure,0.72,local-hybrid,False,title-only term treated as likely measure; local model skipped because gold labels are pending,"[""occ_6e7a81fc1dd43b68bc25""]",run_cf189fe93ed005701355
term_d905406ed283f395785d,Number of pigs,measure,0.72,local-hybrid,False,title-only term treated as likely measure; local model skipped because gold labels are pending,"[""occ_852a26171cf7f2291c48""]",run_cf189fe93ed005701355
term_61bed82d22acea14809e,Number of principal ports - ENP-South countries,measure,0.72,local-hybrid,False,title-only term treated as likely measure; local model skipped because gold labels are pending,"[""occ_8c93ca7c0ffff1e7120f""]",run_cf189fe93ed005701355
term_5b25b68cdd609b3ed5df,Number of railway vehicles per type,measure,0.72,local-hybrid,False,title-only term treated as likely measure; local model skipped because gold labels are pending,"[""occ_cf7309a72ecdd832cb1d""]",run_cf189fe93ed005701355
term_aad96d0b8d2e78fa4ea6,Number of railway vehicles per type - ENP-South countries,measure,0.72,local-hybrid,False,title-only term treated as likely measure; local model skipped because gold labels are pending,"[""occ_45b633984713dab994b1""]",run_cf189fe93ed005701355
term_f83a0d543a3dbc0dbe33,number of road vehicles by age,measure,0.72,local-hybrid,False,title-only term treated as likely measure; local model skipped because gold labels are pending,"[""occ_7107475995a83605dcf4""]",run_cf189fe93ed005701355
term_04bc2bbae85c4687544e,number of road vehicles by categories,measure,0.72,local-hybrid,False,title-only term treated as likely measure; local model skipped because gold labels are pending,"[""occ_a3d6200d8457aaa96847""]",run_cf189fe93ed005701355
term_f112cf4b7484c2224932,Number of sheep,measure,0.72,local-hybrid,False,title-only term treated as likely measure; local model skipped because gold labels are pending,"[""occ_7b0f7ab61d19e7ae0c31""]",run_cf189fe93ed005701355
term_272518733f5fbaa1d646,number of ships of 1 000 grt and over,measure,0.72,local-hybrid,False,title-only term treated as likely measure; local model skipped because gold labels are pending,"[""occ_64c56fc9c80fa08d2e27""]",run_cf189fe93ed005701355
term_cf4649432f0f017271c8,Number of ships of 1000 GT and over by type of vessel,measure,0.72,local-hybrid,False,title-only term treated as likely measure; local model skipped because gold labels are pending,"[""occ_d409172057b7edfdd787""]",run_cf189fe93ed005701355
term_8904ee312a94073f369e,Number of ships of 1000 GT and over by type of vessel - ENP-South countries,measure,0.72,local-hybrid,False,title-only term treated as likely measure; local model skipped because gold labels are pending,"[""occ_3fcd3cf43d9952e3888c""]",run_cf189fe93ed005701355
term_660a2a2c02065c21bef3,number of ships of 300 grt and over,measure,0.72,local-hybrid,False,title-only term treated as likely measure; local model skipped because gold labels are pending,"[""occ_440e88feaca021942fbd""]",run_cf189fe93ed005701355
term_e5960a5334d8f22d7a4a,Number of ships of 300 GT and over,measure,0.72,local-hybrid,False,title-only term treated as likely measure; local model skipped because gold labels are pending,"[""occ_70460bf8843a48ffee9f""]",run_cf189fe93ed005701355
term_8bdb409a82777ada298c,Number of ships of 300 GT and over - ENP-South countries,measure,0.72,local-hybrid,False,title-only term treated as likely measure; local model skipped because gold labels are pending,"[""occ_d2de97641e688af6f264""]",run_cf189fe93ed005701355
term_27b3b657eb121ac1983a,number of tourists,measure,0.72,local-hybrid,False,title-only term treated as likely measure; local model skipped because gold labels are pending,"[""occ_6121f35e5c837f3cc31f""]",run_cf189fe93ed005701355
term_8eea633d798734e3781f,"Number of work-related health problems by diagnosis group, sex and number of complaints per victim",measure,0.72,local-hybrid,False,title-only term treated as likely measure; local model skipped because gold labels are pending,"[""occ_ac02ffa022c4c644d2ba""]",run_cf189fe93ed005701355
term_41e0d6bfe368e5f58f50,"Oats and spring cereal mixtures by area, production and humidity",measure,0.88,local-hybrid,True,title evidence with measure lexical cue; local model skipped because gold labels are pending,"[""occ_50089080b0ab7a3302b8""]",run_cf189fe93ed005701355
term_914434b607b3774cdf0f,Obesity rate by body mass index (BMI),measure,0.72,local-hybrid,False,title-only term treated as likely measure; local model skipped because gold labels are pending,"[""occ_afeb4f1d286531989e37""]",run_cf189fe93ed005701355
term_f74e9b5ef27562913319,Occupants by type of housing,measure,0.72,local-hybrid,False,title-only term treated as likely measure; local model skipped because gold labels are pending,"[""occ_1d9b0f2ca2f7b3bbdde9""]",run_cf189fe93ed005701355
term_c60e08a1e1511fdf6647,"Occupied conventional dwellings by households, by number of rooms",measure,0.72,local-hybrid,False,title-only term treated as likely measure; local model skipped because gold labels are pending,"[""occ_e250d6053545dc2e1b58""]",run_cf189fe93ed005701355
term_f993aa33e9b4912c5d72,Occupied conventional dwellings by number of rooms,measure,0.72,local-hybrid,False,title-only term treated as likely measure; local model skipped because gold labels are pending,"[""occ_b33d5f2c86cc3a19d0f0""]",run_cf189fe93ed005701355
term_9e7db1617199988ed821,Occupied conventional dwellings by presence of comfort characteristics,measure,0.72,local-hybrid,False,title-only term treated as likely measure; local model skipped because gold labels are pending,"[""occ_1a31323a29d0a6f5d932""]",run_cf189fe93ed005701355
term_0578fd1a07a36ee1a9d3,Occupied conventional dwellings by tenure status and amenities,measure,0.72,local-hybrid,False,title-only term treated as likely measure; local model skipped because gold labels are pending,"[""occ_d4f8fc00667bd265ac79""]",run_cf189fe93ed005701355
term_7e32bed5fd7706901819,Occupied conventional dwellings by tenure status and period of construction,measure,0.72,local-hybrid,False,title-only term treated as likely measure; local model skipped because gold labels are pending,"[""occ_6747b1b89d49baffb137""]",run_cf189fe93ed005701355
term_95b23a0abc0cf6816c43,Official development assistance as share of gross national income,measure,0.88,local-hybrid,True,title evidence with measure lexical cue; local model skipped because gold labels are pending,"[""occ_5e2b37633a9f142b1c29""]",run_cf189fe93ed005701355
term_4a9f17b11aea848e0f3f,Oil pipeline enterprises,measure,0.72,local-hybrid,False,title-only term treated as likely measure; local model skipped because gold labels are pending,"[""occ_9c52dc6bec3d52bf4c7a""]",run_cf189fe93ed005701355
term_31ec6b377095a935f71f,Old-age-dependency ratio,measure,0.72,local-hybrid,False,title-only term treated as likely measure; local model skipped because gold labels are pending,"[""occ_4c98df87565bdb7068a1""]",run_cf189fe93ed005701355
term_a4d36345cc189b538d51,Olive trees - Area by age and density classes (area in ha),measure,0.72,local-hybrid,False,title-only term treated as likely measure; local model skipped because gold labels are pending,"[""occ_fc8b484eaf56d1cad31a""]",run_cf189fe93ed005701355
term_f5ec30ab9ebe90fe828e,Olive trees - Area by age classes (area in ha),measure,0.72,local-hybrid,False,title-only term treated as likely measure; local model skipped because gold labels are pending,"[""occ_a1080dfd4dd848b92f65""]",run_cf189fe93ed005701355
term_7f01943e33d4e3818e28,Olive trees - Area by density classes (area in ha),measure,0.72,local-hybrid,False,title-only term treated as likely measure; local model skipped because gold labels are pending,"[""occ_a5e1e029facc6a7a7809""]",run_cf189fe93ed005701355
term_e8a486be8d619db8be64,Olives by production,measure,0.88,local-hybrid,True,title evidence with measure lexical cue; local model skipped because gold labels are pending,"[""occ_78ff6d53e11c374be134""]",run_cf189fe93ed005701355
term_2cd35f15aa897e5ac309,"one-off data collection, experimental statistics",measure,0.72,local-hybrid,False,title-only term treated as likely measure; local model skipped because gold labels are pending,"[""occ_47c6de595b6742054fea""]",run_cf189fe93ed005701355
term_ebddfd2ef3407d39c4e4,Organic production of animal products,measure,0.88,local-hybrid,True,title evidence with measure lexical cue; local model skipped because gold labels are pending,"[""occ_21ba2bd9781f6aeb1c47""]",run_cf189fe93ed005701355
term_2254084cb5bd693de12c,Organic production of aquaculture products,measure,0.88,local-hybrid,True,title evidence with measure lexical cue; local model skipped because gold labels are pending,"[""occ_eb122a7f082e9d8d5fb2""]",run_cf189fe93ed005701355
term_3b8f7462455d7459baeb,Other investment,measure,0.72,local-hybrid,False,title-only term treated as likely measure; local model skipped because gold labels are pending,"[""occ_c505bb05207e573b885d""]",run_cf189fe93ed005701355
term_10519b894f163fe51413,"Other investment - annual data, million units of national currency",measure,0.72,local-hybrid,False,title-only term treated as likely measure; local model skipped because gold labels are pending,"[""occ_46a114cdbf64b147786b""]",run_cf189fe93ed005701355
term_4b1fd1a7f6908d2872c0,Out-of-pocket expenditure on healthcare,measure,0.88,local-hybrid,True,title evidence with measure lexical cue; local model skipped because gold labels are pending,"[""occ_bee67c6470996a6d6b53""]",run_cf189fe93ed005701355
term_5c7765513c44bdd87bb9,Out-of-school rate by sex and age,measure,0.72,local-hybrid,False,title-only term treated as likely measure; local model skipped because gold labels are pending,"[""occ_89281ccabd83c3619757""]",run_cf189fe93ed005701355
term_0fcf4e988e3ce59aa8b1,Out-of-school rate by sex and age - as % of the population of the corresponding age,measure,0.88,local-hybrid,True,title evidence with measure lexical cue; local model skipped because gold labels are pending,"[""occ_5cd05fb304d2a382cb0e""]",run_cf189fe93ed005701355
term_d877db962664d4857680,"Out-of-school rate in population of lower secondary school age, by sex",measure,0.88,local-hybrid,True,title evidence with measure lexical cue; local model skipped because gold labels are pending,"[""occ_fdd3d38b03175844bc71""]",run_cf189fe93ed005701355
term_769a96867babeedc522b,"Out-of-school rate in population of upper secondary school age, by sex",measure,0.88,local-hybrid,True,title evidence with measure lexical cue; local model skipped because gold labels are pending,"[""occ_0721814a77a7c6ab69a1""]",run_cf189fe93ed005701355
term_84c96995e5ca8437bcca,Output of the agricultural industry,measure,0.88,local-hybrid,True,title evidence with measure lexical cue; local model skipped because gold labels are pending,"[""occ_cbfbe4db32ad1ab190d5""]",run_cf189fe93ed005701355
term_a1ccdeee056213c3adca,Output of the agricultural industry - basic and producer prices,measure,0.88,local-hybrid,True,title evidence with measure lexical cue; local model skipped because gold labels are pending,"[""occ_6e40ad60c65d9e7d11b0""]",run_cf189fe93ed005701355
term_3992b935b7626c5f87e1,Outward FDI stocks in % of GDP,measure,0.88,local-hybrid,True,title evidence with measure lexical cue; local model skipped because gold labels are pending,"[""occ_77f5944d2bcdeed18098""]",run_cf189fe93ed005701355
term_34bb2d7daaad6b23269d,Overall employment growth,measure,0.88,local-hybrid,True,title evidence with measure lexical cue; local model skipped because gold labels are pending,"[""occ_2e22ecbd469c2c5c2a16""]",run_cf189fe93ed005701355
term_3c9c21935e6cbe74e4a8,Overcrowding rate by age group - EU-SILC survey,measure,0.72,local-hybrid,False,title-only term treated as likely measure; local model skipped because gold labels are pending,"[""occ_ec884bcc17356527e11b""]",run_cf189fe93ed005701355
term_462c1513203af7c8e5e2,Overcrowding rate by age group - population without single-person households - EU-SILC survey,measure,0.88,local-hybrid,True,title evidence with measure lexical cue; local model skipped because gold labels are pending,"[""occ_104e01bbe31fb42628d2""]",run_cf189fe93ed005701355
term_0014ea4f38deb7d1ac19,Overcrowding rate by degree of urbanisation - EU-SILC survey,measure,0.72,local-hybrid,False,title-only term treated as likely measure; local model skipped because gold labels are pending,"[""occ_9eb46110d90dccd286e1""]",run_cf189fe93ed005701355
term_63e72f5b64212ddf7e4f,Overcrowding rate by degree of urbanisation - total population,measure,0.88,local-hybrid,True,title evidence with measure lexical cue; local model skipped because gold labels are pending,"[""occ_bd6cc1e6d374dd26e770""]",run_cf189fe93ed005701355
term_49ea7b801196880b7cbb,Overcrowding rate by household type,measure,0.72,local-hybrid,False,title-only term treated as likely measure; local model skipped because gold labels are pending,"[""occ_7daf97cf5598ef2ce5fd""]",run_cf189fe93ed005701355
term_41815656f3f686b05c6f,Overcrowding rate by household type - EU-SILC survey,measure,0.72,local-hybrid,False,title-only term treated as likely measure; local model skipped because gold labels are pending,"[""occ_05c6349b7f0a428824ee""]",run_cf189fe93ed005701355
term_6b024f285aa79d6a554a,Overcrowding rate by poverty status - EU-SILC survey,measure,0.72,local-hybrid,False,title-only term treated as likely measure; local model skipped because gold labels are pending,"[""occ_05cd2326c82f886de340""]",run_cf189fe93ed005701355
term_65b7a817742d84dc8b39,Overcrowding rate by poverty status - population without single-person households - EU-SILC survey,measure,0.88,local-hybrid,True,title evidence with measure lexical cue; local model skipped because gold labels are pending,"[""occ_dab4277f2626af5c6a07""]",run_cf189fe93ed005701355
term_5a16b6cef237f630da69,Overcrowding rate by sex - EU-SILC survey,measure,0.72,local-hybrid,False,title-only term treated as likely measure; local model skipped because gold labels are pending,"[""occ_5500d632ac7b90add754""]",run_cf189fe93ed005701355
term_a26d81c3f985547c93b7,Overcrowding rate by sex - population without single-person households - EU-SILC survey,measure,0.88,local-hybrid,True,title evidence with measure lexical cue; local model skipped because gold labels are pending,"[""occ_59caad8f6de48a6af033""]",run_cf189fe93ed005701355
term_47db73dc98f6f9af8b90,Overcrowding rate by tenure status - EU-SILC survey,measure,0.72,local-hybrid,False,title-only term treated as likely measure; local model skipped because gold labels are pending,"[""occ_37a6e63f9343c0f09676""]",run_cf189fe93ed005701355
term_26490cbba0bceff791ef,Overcrowding rate by tenure status - total population,measure,0.88,local-hybrid,True,title evidence with measure lexical cue; local model skipped because gold labels are pending,"[""occ_fe46346341ead9788465""]",run_cf189fe93ed005701355
term_48375299e6436c3bd9c8,Parents educational attainment level,measure,0.72,local-hybrid,False,title-only term treated as likely measure; local model skipped because gold labels are pending,"[""occ_edd7af7bbd38a25e61a0""]",run_cf189fe93ed005701355
term_c26686026b1eaac864b1,Parents spending enough time with children living with them,measure,0.72,local-hybrid,False,title-only term treated as likely measure; local model skipped because gold labels are pending,"[""occ_5402ac688cb7fb7cb336""]",run_cf189fe93ed005701355
term_c959179fd99717013cd0,Part-time employment rate,measure,0.88,local-hybrid,True,title evidence with measure lexical cue; local model skipped because gold labels are pending,"[""occ_69c433d1936138369497""]",run_cf189fe93ed005701355
term_add38eca643a0d6974ec,Participants in CVT courses by sex and size class - % of persons employed in all enterprises,measure,0.72,local-hybrid,False,title-only term treated as likely measure; local model skipped because gold labels are pending,"[""occ_b154501fd152bac09a84""]",run_cf189fe93ed005701355
term_841d1329067f9e0704e3,Participants in CVT courses by sex and size class - % of persons employed in enterprises providing CVT courses,measure,0.72,local-hybrid,False,title-only term treated as likely measure; local model skipped because gold labels are pending,"[""occ_e03c34dabaa9cab00257""]",run_cf189fe93ed005701355
term_fcc7e728e74e3059ea93,Participation in any learning activities by degree of urbanisation,measure,0.72,local-hybrid,False,title-only term treated as likely measure; local model skipped because gold labels are pending,"[""occ_414dcea73aece9147b76""]",run_cf189fe93ed005701355
term_211350f1722644722421,Participation in any learning activities by NACE Rev. 1.1 activity,measure,0.72,local-hybrid,False,title-only term treated as likely measure; local model skipped because gold labels are pending,"[""occ_9d3e2a6bab3b60dbd0a1""]",run_cf189fe93ed005701355
term_ca20d1d63d4ae514658b,Participation in any learning activities by size of the local unit,measure,0.72,local-hybrid,False,title-only term treated as likely measure; local model skipped because gold labels are pending,"[""occ_828c57222e582eb20677""]",run_cf189fe93ed005701355
term_bad45c024c014ca89cdc,Participation in formal education by degree of urbanisation,measure,0.72,local-hybrid,False,title-only term treated as likely measure; local model skipped because gold labels are pending,"[""occ_5c99d19014dc53a1850e""]",run_cf189fe93ed005701355
term_02fd946a4112ad14ed99,Participation in informal learning by degree of urbanisation,measure,0.72,local-hybrid,False,title-only term treated as likely measure; local model skipped because gold labels are pending,"[""occ_79f0bb64f8c607d9c896""]",run_cf189fe93ed005701355
term_e150fc0864f2cc4320ef,Participation in job-related non-formal education and training by size of the local unit,measure,0.72,local-hybrid,False,title-only term treated as likely measure; local model skipped because gold labels are pending,"[""occ_94c3ac5ff6c167a2ac4d""]",run_cf189fe93ed005701355
term_c9ce552d6ccf0b5eef8f,Participation in non-formal education and training by degree of urbanisation,measure,0.72,local-hybrid,False,title-only term treated as likely measure; local model skipped because gold labels are pending,"[""occ_c530ff4cce4e2ed03a12""]",run_cf189fe93ed005701355
term_1287f3ee19764e81eaa3,Participation in non-formal education and training by main reason for participating in the taught activity,measure,0.72,local-hybrid,False,title-only term treated as likely measure; local model skipped because gold labels are pending,"[""occ_f4cec614f8d57643f895""]",run_cf189fe93ed005701355
term_fba7e708c4dd1ac54053,Participation in non-formal education and training by number of activities,measure,0.72,local-hybrid,False,title-only term treated as likely measure; local model skipped because gold labels are pending,"[""occ_1d9ce768380cbf227c21""]",run_cf189fe93ed005701355
term_19f16f73d082ae8b79df,Participation in non-formal education and training within (or not) paid working hours,measure,0.72,local-hybrid,False,title-only term treated as likely measure; local model skipped because gold labels are pending,"[""occ_9714d2b1963b0cf8d287""]",run_cf189fe93ed005701355
term_51056e69448504b7b8e1,Participation in tourism for personal purposes,measure,0.72,local-hybrid,False,title-only term treated as likely measure; local model skipped because gold labels are pending,"[""occ_a9fcf713e5e310c96f7e""]",run_cf189fe93ed005701355
term_47b9219432ba9fa33c1f,Participation in tourism for personal purposes - % of total population,measure,0.88,local-hybrid,True,title evidence with measure lexical cue; local model skipped because gold labels are pending,"[""occ_46e904aa9601cac4ba0b""]",run_cf189fe93ed005701355
term_cbe3f0c0c63df0d8189e,Passenger air transport over national territory (including territorial sea),measure,0.88,local-hybrid,True,title evidence with measure lexical cue; local model skipped because gold labels are pending,"[""occ_b8d432920b2559e5dd9c""]",run_cf189fe93ed005701355
term_9680b4f19d0a8245842f,Passenger air transport over national territory (including territorial sea) - million passenger-km,measure,0.88,local-hybrid,True,title evidence with measure lexical cue; local model skipped because gold labels are pending,"[""occ_f1a96fce30959caffa09""]",run_cf189fe93ed005701355
term_4e3bb2859dd1efaa770f,Passenger cars - ENP-East countries,measure,0.72,local-hybrid,False,title-only term treated as likely measure; local model skipped because gold labels are pending,"[""occ_477b35727fd2679af690""]",run_cf189fe93ed005701355
term_29c1dd977822475b4e08,Passenger cars by age,measure,0.72,local-hybrid,False,title-only term treated as likely measure; local model skipped because gold labels are pending,"[""occ_3b223a0ddfc64858f4c9""]",run_cf189fe93ed005701355
term_e3537d9acf26bfd0c234,Passenger cars by alternative motor energy,measure,0.72,local-hybrid,False,title-only term treated as likely measure; local model skipped because gold labels are pending,"[""occ_92dd6e86309107d76b03""]",run_cf189fe93ed005701355
term_9c97b003f0784fc6aece,Passenger cars by unloaded weight,measure,0.72,local-hybrid,False,title-only term treated as likely measure; local model skipped because gold labels are pending,"[""occ_b12fba01cb950d2e292f""]",run_cf189fe93ed005701355
term_ded4bcecdf6431047f86,"Passenger cars in accompanied passenger car railway transport, by type of transport",measure,0.88,local-hybrid,True,title evidence with measure lexical cue; local model skipped because gold labels are pending,"[""occ_6a2bbc5b81c052c92f40""]",run_cf189fe93ed005701355
term_adae92fa99aabdfd29b8,Passenger railway vehicles by category of vehicle,measure,0.72,local-hybrid,False,title-only term treated as likely measure; local model skipped because gold labels are pending,"[""occ_bc02af9b0fe6a51f9353""]",run_cf189fe93ed005701355
term_5709fdc4daf1a695c786,"Passenger railway vehicles, by type of vehicle",measure,0.72,local-hybrid,False,title-only term treated as likely measure; local model skipped because gold labels are pending,"[""occ_11bc012265c5e26e5202""]",run_cf189fe93ed005701355
term_d4ee21213e40c0f9e7c5,Passenger road transport,measure,0.88,local-hybrid,True,title evidence with measure lexical cue; local model skipped because gold labels are pending,"[""occ_7b635c2ff64f3f40f26a""]",run_cf189fe93ed005701355
term_9c01f58c839e886cff89,Passenger road transport - ENP-East countries,measure,0.88,local-hybrid,True,title evidence with measure lexical cue; local model skipped because gold labels are pending,"[""occ_0bfc9ed74ae58367ed44""]",run_cf189fe93ed005701355
term_95d11ad695b6706e129b,Passenger train traffic performance by type of train speed,measure,0.72,local-hybrid,False,title-only term treated as likely measure; local model skipped because gold labels are pending,"[""occ_5b1c91a2ac93a656cc83""]",run_cf189fe93ed005701355
term_3016d8f4c9d8fbfa2d3f,Passengers (excluding cruise passengers) transported from/to the main ports,measure,0.88,local-hybrid,True,title evidence with measure lexical cue; local model skipped because gold labels are pending,"[""occ_c992dc17c7867a936f58""]",run_cf189fe93ed005701355
term_8287815d3953999fafc9,Passengers (excluding cruise passengers) transported from/to the main ports quarterly data,measure,0.88,local-hybrid,True,title evidence with measure lexical cue; local model skipped because gold labels are pending,"[""occ_c3673c0785b7fbd50fcf"", ""occ_c9b1df578aac71e63b87""]",run_cf189fe93ed005701355
term_ef11457c4f85894a4603,passengers and freight,measure,0.72,local-hybrid,False,title-only term treated as likely measure; local model skipped because gold labels are pending,"[""occ_22f4235bec52491b0a08""]",run_cf189fe93ed005701355
term_f20e1d32e8fd1288e4ea,Passengers embarked and disembarked (excluding cruises) in all ports by direction,measure,0.72,local-hybrid,False,title-only term treated as likely measure; local model skipped because gold labels are pending,"[""occ_0876119ab88655fbf820""]",run_cf189fe93ed005701355
term_97776b00a2bd6228cf92,Passengers embarked and disembarked (excluding cruises) in all ports by direction - ENP-South countries,measure,0.72,local-hybrid,False,title-only term treated as likely measure; local model skipped because gold labels are pending,"[""occ_6bf439a351b1d15c2d29""]",run_cf189fe93ed005701355
term_27d85a4f155fe560be31,passengers embarked and disembarked in all ports,measure,0.72,local-hybrid,False,title-only term treated as likely measure; local model skipped because gold labels are pending,"[""occ_7c6810b83025264f0712""]",run_cf189fe93ed005701355
term_17404c3f77c76f3b68c1,Passengers embarked and disembarked in the top 20 EU ports,measure,0.72,local-hybrid,False,title-only term treated as likely measure; local model skipped because gold labels are pending,"[""occ_8c9c390b5d95e389317b""]",run_cf189fe93ed005701355
term_54ab3a65984d82df4910,"Passengers in accompanied passenger car railway transport, by type of transport",measure,0.88,local-hybrid,True,title evidence with measure lexical cue; local model skipped because gold labels are pending,"[""occ_10f07c04648dd2f61302""]",run_cf189fe93ed005701355
term_298c39b5e6c3879b2034,Passengers transported,measure,0.88,local-hybrid,True,title evidence with measure lexical cue; local model skipped because gold labels are pending,"[""occ_7519a698d0db78675d4b""]",run_cf189fe93ed005701355
term_60ede498db7097a1bd4c,Passengers transported by type of train speed,measure,0.88,local-hybrid,True,title evidence with measure lexical cue; local model skipped because gold labels are pending,"[""occ_a9b7a2f05d9c3196baee""]",run_cf189fe93ed005701355
term_7fb7d3bfdb42ee8c4444,Patent applications to the European Patent Office by applicants' / inventors' country of residence,measure,0.72,local-hybrid,False,title-only term treated as likely measure; local model skipped because gold labels are pending,"[""occ_1415cb41e55bfc5d1821""]",run_cf189fe93ed005701355
term_9d4b5e974f4d77fbd17c,Patents related to recycling and secondary raw materials,measure,0.72,local-hybrid,False,title-only term treated as likely measure; local model skipped because gold labels are pending,"[""occ_5b8ffb43d0cf73526e85""]",run_cf189fe93ed005701355
term_78e1534cafe3e7fd84bb,People at risk of poverty after social transfer,measure,0.72,local-hybrid,False,title-only term treated as likely measure; local model skipped because gold labels are pending,"[""occ_d156b45864e14574bb19""]",run_cf189fe93ed005701355
term_21039a3f0a05370d762f,People at risk of poverty or social exclusion,measure,0.72,local-hybrid,False,title-only term treated as likely measure; local model skipped because gold labels are pending,"[""occ_d85f32e880759479eb7d""]",run_cf189fe93ed005701355
term_3aa0754256af481844cb,People at risk of poverty or social exclusion by age,measure,0.72,local-hybrid,False,title-only term treated as likely measure; local model skipped because gold labels are pending,"[""occ_552c5d1f747032c6a81a""]",run_cf189fe93ed005701355
term_102ee3e8960921ace6a5,People at risk of poverty or social exclusion by NUTS 2 region,measure,0.72,local-hybrid,False,title-only term treated as likely measure; local model skipped because gold labels are pending,"[""occ_34292855b1cdaac05e9f""]",run_cf189fe93ed005701355
term_645f9acb5239d112b13e,People at risk of poverty or social exclusion by sex,measure,0.72,local-hybrid,False,title-only term treated as likely measure; local model skipped because gold labels are pending,"[""occ_085d95e39c0b49d94656""]",run_cf189fe93ed005701355
term_91b96eb4e06488898c52,People living in households with very low work intensity,measure,0.72,local-hybrid,False,title-only term treated as likely measure; local model skipped because gold labels are pending,"[""occ_37a33525e2b903051f40""]",run_cf189fe93ed005701355
term_cda4f4bf293e6e9e650a,People living in households with very low work intensity by sex,measure,0.72,local-hybrid,False,title-only term treated as likely measure; local model skipped because gold labels are pending,"[""occ_b1b57cfcacaec834c953""]",run_cf189fe93ed005701355
term_2c38fafe65ca58d949f0,per 1000 of corresponding age population,measure,0.88,local-hybrid,True,title evidence with measure lexical cue; local model skipped because gold labels are pending,"[""occ_8293e27330e268dc7c46""]",run_cf189fe93ed005701355
term_6c398553c4d684b6aba1,per 1000 of population aged 25-34,measure,0.88,local-hybrid,True,title evidence with measure lexical cue; local model skipped because gold labels are pending,"[""occ_2220923b4c86037e0a8d"", ""occ_aa715649f9c9250844bc""]",run_cf189fe93ed005701355
term_44c67b874f2da8890b22,Perceived independence of the justice system,measure,0.72,local-hybrid,False,title-only term treated as likely measure; local model skipped because gold labels are pending,"[""occ_389cff3c143566ae5bdc""]",run_cf189fe93ed005701355
term_8eb006063d765dc430d5,Perception of ever-working women as victims/non-victims of sexual harassment at work by commonness of harassment,measure,0.72,local-hybrid,False,title-only term treated as likely measure; local model skipped because gold labels are pending,"[""occ_499c2c124af434707b42""]",run_cf189fe93ed005701355
term_c4423e37addaecb10a3c,Perception of women as victims/non-victims of intimate partner violence by commonness of this violence against women,measure,0.72,local-hybrid,False,title-only term treated as likely measure; local model skipped because gold labels are pending,"[""occ_57cc481e515b25ab0089""]",run_cf189fe93ed005701355
term_cbecfdaa9037fba5d910,Permanent crops for human consumption by area,measure,0.72,local-hybrid,False,title-only term treated as likely measure; local model skipped because gold labels are pending,"[""occ_f654e78968d84e963d5c""]",run_cf189fe93ed005701355
term_749d1a6aace9f2d46f35,Persistent at-risk-of poverty rate by age group,measure,0.72,local-hybrid,False,title-only term treated as likely measure; local model skipped because gold labels are pending,"[""occ_7f70712fce35c7aa215a""]",run_cf189fe93ed005701355
term_6afccaad32586d0fbdcd,Persistent at-risk-of poverty rate by age group - EU-SILC survey,measure,0.72,local-hybrid,False,title-only term treated as likely measure; local model skipped because gold labels are pending,"[""occ_1dd2d8655dded217cc60""]",run_cf189fe93ed005701355
term_4ed0dcb07fce1bec573c,Persistent at-risk-of poverty rate by sex,measure,0.72,local-hybrid,False,title-only term treated as likely measure; local model skipped because gold labels are pending,"[""occ_880dce06d5e864bb5b3c""]",run_cf189fe93ed005701355
term_edcdfadf6f72b56a613d,Persistent at-risk-of poverty rate by sex - EU-SILC survey,measure,0.72,local-hybrid,False,title-only term treated as likely measure; local model skipped because gold labels are pending,"[""occ_58d51a46488615c8f39a""]",run_cf189fe93ed005701355
term_bc8f19e896b83e9346f8,Persons aged 20-24 with at least upper secondary educational attainment level by sex,measure,0.72,local-hybrid,False,title-only term treated as likely measure; local model skipped because gold labels are pending,"[""occ_421511149c653f101340""]",run_cf189fe93ed005701355
term_a968943d1710d36e3932,Persons aged 25-34 with tertiary educational attainment level,measure,0.72,local-hybrid,False,title-only term treated as likely measure; local model skipped because gold labels are pending,"[""occ_05063d72c4259cdd80f5""]",run_cf189fe93ed005701355
term_231ff8842d6253cb7509,Persons aged 25-64 with at least upper secondary educational attainment level by sex,measure,0.72,local-hybrid,False,title-only term treated as likely measure; local model skipped because gold labels are pending,"[""occ_f5e874e3d1abe49e6bde""]",run_cf189fe93ed005701355
term_665caf7a5d93295126cd,Persons at risk of monetary poverty after social transfers,measure,0.72,local-hybrid,False,title-only term treated as likely measure; local model skipped because gold labels are pending,"[""occ_61e732250a16758e819e""]",run_cf189fe93ed005701355
term_96ad3c5131a392b46677,Persons at risk of monetary poverty after social transfers - EU-SILC and ECHP surveys,measure,0.72,local-hybrid,False,title-only term treated as likely measure; local model skipped because gold labels are pending,"[""occ_3a6e2fbdfdd3d5aac2ca""]",run_cf189fe93ed005701355
term_834a25062d85c3dd918f,Persons at risk of monetary poverty after social transfers by citizenship,measure,0.72,local-hybrid,False,title-only term treated as likely measure; local model skipped because gold labels are pending,"[""occ_e39e168a96315284b1f9""]",run_cf189fe93ed005701355
term_c49d6683a9d3ac7e45de,Persons at risk of poverty or social exclusion - EU2030 target,measure,0.72,local-hybrid,False,title-only term treated as likely measure; local model skipped because gold labels are pending,"[""occ_88970bce2f9454eb7714""]",run_cf189fe93ed005701355
term_61a3e10eb6e99356bc29,Persons at risk of poverty or social exclusion by degree of urbanisation,measure,0.72,local-hybrid,False,title-only term treated as likely measure; local model skipped because gold labels are pending,"[""occ_01e8457eb5df9a56685f""]",run_cf189fe93ed005701355
term_47773611394fb7c4ea29,Persons at risk of poverty or social exclusion by NUTS 2 region - EU strategy,measure,0.72,local-hybrid,False,title-only term treated as likely measure; local model skipped because gold labels are pending,"[""occ_ae2a5779bbd660d5de00""]",run_cf189fe93ed005701355
term_5b19b2ed0229d8dcb6be,Persons at risk of poverty or social exclusion by tenure status - EU strategy,measure,0.72,local-hybrid,False,title-only term treated as likely measure; local model skipped because gold labels are pending,"[""occ_99d6cb6aa9588aecbf41""]",run_cf189fe93ed005701355
term_a562c6a2e42e3bc62e52,Persons brought before criminal courts by legal status of the court process,measure,0.72,local-hybrid,False,title-only term treated as likely measure; local model skipped because gold labels are pending,"[""occ_a57c6ece547ba02eb1bd""]",run_cf189fe93ed005701355
term_15dbcb8da5cd58b33898,Persons eligible to vote in the elections by category of voters,measure,0.72,local-hybrid,False,title-only term treated as likely measure; local model skipped because gold labels are pending,"[""occ_308c0c66bf5c9d9db47d""]",run_cf189fe93ed005701355
term_e8d119383f3adbed46c7,Persons eligible to vote in the elections by category of voters - dedicated data collection,measure,0.72,local-hybrid,False,title-only term treated as likely measure; local model skipped because gold labels are pending,"[""occ_9160544f8488c71f7d75""]",run_cf189fe93ed005701355
term_4dccdfc285e402f7d63f,Persons employed in aviation and airport enterprises by sex,measure,0.72,local-hybrid,False,title-only term treated as likely measure; local model skipped because gold labels are pending,"[""occ_7d4ee43c09e2a6d0384f""]",run_cf189fe93ed005701355
term_964dabd5c3d9c94c9292,Persons employed in circular economy sectors,measure,0.72,local-hybrid,False,title-only term treated as likely measure; local model skipped because gold labels are pending,"[""occ_74018dfaadffb6b2427d""]",run_cf189fe93ed005701355
term_a3677d8c6276e767b3fe,Persons employed in goods road transport enterprises by employment size classes,measure,0.88,local-hybrid,True,title evidence with measure lexical cue; local model skipped because gold labels are pending,"[""occ_b16cc2d0265d2204bf7e""]",run_cf189fe93ed005701355
term_83071806be9a1b00d7c3,Persons employed in goods road transport enterprises by sex,measure,0.88,local-hybrid,True,title evidence with measure lexical cue; local model skipped because gold labels are pending,"[""occ_027d8b68e15a32a8e80e""]",run_cf189fe93ed005701355
term_05f11b985b31b2cdc0b6,Persons employed in main airports by sex,measure,0.72,local-hybrid,False,title-only term treated as likely measure; local model skipped because gold labels are pending,"[""occ_fe92c9cb210e37e28251""]",run_cf189fe93ed005701355
term_43cbbf3cd086d84256a0,Persons employed in multinational enterprise groups by size class,measure,0.72,local-hybrid,False,title-only term treated as likely measure; local model skipped because gold labels are pending,"[""occ_92058cc491c26e9a0bc8""]",run_cf189fe93ed005701355
term_de8158adb886942a396a,Persons employed in multinational enterprise groups by size class - experimental statistics,measure,0.72,local-hybrid,False,title-only term treated as likely measure; local model skipped because gold labels are pending,"[""occ_75bbd19d9e799cb621d3""]",run_cf189fe93ed005701355
term_df93ad6ac100a3013b52,Persons employed in oil pipeline enterprises by sex,measure,0.72,local-hybrid,False,title-only term treated as likely measure; local model skipped because gold labels are pending,"[""occ_ae7217d8376fb8e57e79""]",run_cf189fe93ed005701355
term_8399d790e88283f98a1a,Persons employed in principal railway enterprises by sex,measure,0.72,local-hybrid,False,title-only term treated as likely measure; local model skipped because gold labels are pending,"[""occ_b7c8fdcbc2f158ffd768""]",run_cf189fe93ed005701355
term_fb2d1f9e0c3937daf87d,Persons having experienced housing difficulties in their lifetime by sex and current risk of poverty or social exclusion situation,measure,0.72,local-hybrid,False,title-only term treated as likely measure; local model skipped because gold labels are pending,"[""occ_62fedc29f64dab7368fc""]",run_cf189fe93ed005701355
term_d231c73501a8c2085599,Persons having experienced housing difficulties in their lifetime by sex and group of country of birth,measure,0.88,local-hybrid,True,title evidence with measure lexical cue; local model skipped because gold labels are pending,"[""occ_bb29b44dcc98d59f1250""]",run_cf189fe93ed005701355
term_efef353395c4dc08a074,Persons having experienced housing difficulties in their lifetime by sex and group of current country of citizenship,measure,0.72,local-hybrid,False,title-only term treated as likely measure; local model skipped because gold labels are pending,"[""occ_78f41e44e22359c51fa2""]",run_cf189fe93ed005701355
term_8e51162c511e64dbb6b9,Persons having experienced housing difficulties in their lifetime by sex and type of temporary solution (effect),measure,0.72,local-hybrid,False,title-only term treated as likely measure; local model skipped because gold labels are pending,"[""occ_a6694260b1403f3727af""]",run_cf189fe93ed005701355
term_1d73ec0e54bd8cafcdca,Persons having overcome housing difficulties experienced in their lifetime by sex and reason,measure,0.72,local-hybrid,False,title-only term treated as likely measure; local model skipped because gold labels are pending,"[""occ_effe800b4b1a19a8c774""]",run_cf189fe93ed005701355
term_44c70ebd7b0eed863f83,persons killed,measure,0.72,local-hybrid,False,title-only term treated as likely measure; local model skipped because gold labels are pending,"[""occ_480aba027525b261d6c1""]",run_cf189fe93ed005701355
term_94e77e8b85501a114a30,Persons killed in road accidents,measure,0.72,local-hybrid,False,title-only term treated as likely measure; local model skipped because gold labels are pending,"[""occ_aff18f04d0954e84495e""]",run_cf189fe93ed005701355
term_e1d64a38de260ccd2210,Persons killed in road accidents - ENP-South countries,measure,0.72,local-hybrid,False,title-only term treated as likely measure; local model skipped because gold labels are pending,"[""occ_ff80d665fc13e48e2cf7""]",run_cf189fe93ed005701355
term_631eb1699bcba3e137bf,Persons killed in road accidents by type of road,measure,0.72,local-hybrid,False,title-only term treated as likely measure; local model skipped because gold labels are pending,"[""occ_283399ed999f26c163d5""]",run_cf189fe93ed005701355
term_fe74103ae4baa4ea6a16,"Persons living in households with very low work intensity, by age group",measure,0.72,local-hybrid,False,title-only term treated as likely measure; local model skipped because gold labels are pending,"[""occ_5b0f57849b8afcca9387""]",run_cf189fe93ed005701355
term_96a5f1cccf9b1a3f52e1,Persons outside the labour force due to caring responsibilities by sex,measure,0.72,local-hybrid,False,title-only term treated as likely measure; local model skipped because gold labels are pending,"[""occ_74e7757f8abf89b2c3aa""]",run_cf189fe93ed005701355
term_155f68a9d0bb78c1747e,Persons outside the labour force who receive a pension who would have wished to stay longer in employment,measure,0.88,local-hybrid,True,title evidence with measure lexical cue; local model skipped because gold labels are pending,"[""occ_6497f7061674ae785374""]",run_cf189fe93ed005701355
term_109c7527c2782f5e5b6d,Persons owning real estate other than main residence by income quantile,measure,0.88,local-hybrid,True,title evidence with measure lexical cue; local model skipped because gold labels are pending,"[""occ_71d7c9fa014932706e61""]",run_cf189fe93ed005701355
term_00883e395cea1167bd39,Persons owning real estate other than main residence by risk of poverty threshold,measure,0.72,local-hybrid,False,title-only term treated as likely measure; local model skipped because gold labels are pending,"[""occ_2f4c4d49dd11b3fbe7d2""]",run_cf189fe93ed005701355
term_defa96e0775a9ba7a7f3,Persons participating in tourism for personal purposes,measure,0.72,local-hybrid,False,title-only term treated as likely measure; local model skipped because gold labels are pending,"[""occ_34e2ae5bffa2d9ce5781""]",run_cf189fe93ed005701355
term_16f93729b739feb899eb,Persons participating in tourism for personal purposes - number of tourists,measure,0.72,local-hybrid,False,title-only term treated as likely measure; local model skipped because gold labels are pending,"[""occ_82fd063b71762dd8a0d4""]",run_cf189fe93ed005701355
term_d2fbf2cc6ddff7b082a9,Persons reading newspapers in the last 12 months by sex (and),measure,0.72,local-hybrid,False,title-only term treated as likely measure; local model skipped because gold labels are pending,"[""occ_f9d2252935365c700106""]",run_cf189fe93ed005701355
term_d2f14aff04e6b38ff1b0,Persons receiving benefits (other than old age benefits) by risk of poverty and work intensity of the household (population aged 18 to 64),measure,0.88,local-hybrid,True,title evidence with measure lexical cue; local model skipped because gold labels are pending,"[""occ_4398d0e5c12c89e096a1""]",run_cf189fe93ed005701355
term_8dd9b4c1cb411cdf6804,Persons reporting a road traffic accident,measure,0.72,local-hybrid,False,title-only term treated as likely measure; local model skipped because gold labels are pending,"[""occ_c4559dca1a1544440f57""]",run_cf189fe93ed005701355
term_95e8920fbabb3dc71cfe,Persons subject of asylum applications pending at the end of the month,measure,0.72,local-hybrid,False,title-only term treated as likely measure; local model skipped because gold labels are pending,"[""occ_c4ced2848c504fd8fb5a""]",run_cf189fe93ed005701355
term_58dc482e9d08b616804e,Persons subject of asylum applications pending at the end of the month - monthly data,measure,0.72,local-hybrid,False,title-only term treated as likely measure; local model skipped because gold labels are pending,"[""occ_68300824613addc74f3c""]",run_cf189fe93ed005701355
term_b9d733818f81c4c879ae,Persons subject to immigration law enforcement,measure,0.72,local-hybrid,False,title-only term treated as likely measure; local model skipped because gold labels are pending,"[""occ_a86139e9ef6a16d91b7e""]",run_cf189fe93ed005701355
term_7298b00f10d396243185,Persons who receive a pension by type,measure,0.72,local-hybrid,False,title-only term treated as likely measure; local model skipped because gold labels are pending,"[""occ_ca0e37a5b664f8b57574""]",run_cf189fe93ed005701355
term_1256e34b96fa5a258574,Persons who reduced their working hours in a move towards retirement,measure,0.72,local-hybrid,False,title-only term treated as likely measure; local model skipped because gold labels are pending,"[""occ_a4b6db174023968fcea1""]",run_cf189fe93ed005701355
term_04f00f70a14af82a947d,Persons with at most lower secondary educational attainment level by age,measure,0.72,local-hybrid,False,title-only term treated as likely measure; local model skipped because gold labels are pending,"[""occ_10e7a058b0141c17afbe""]",run_cf189fe93ed005701355
term_03b7d7aa96fae2cdca61,Persons with loans for education purposes by risk of poverty threshold,measure,0.72,local-hybrid,False,title-only term treated as likely measure; local model skipped because gold labels are pending,"[""occ_d474cef457c27f0b532c""]",run_cf189fe93ed005701355
term_554f1e626408bcd11eb9,Persons with loans for property purposes by risk of poverty threshold,measure,0.72,local-hybrid,False,title-only term treated as likely measure; local model skipped because gold labels are pending,"[""occ_418b2f62046261d313c3""]",run_cf189fe93ed005701355
term_3fb4d8aaa9743e4baabd,"Persons with loans for purposes other than property, transport, education and daily living expenses by risk of poverty threshold",measure,0.88,local-hybrid,True,title evidence with measure lexical cue; local model skipped because gold labels are pending,"[""occ_9752f0b7f3697f5e929b""]",run_cf189fe93ed005701355
term_782651427b7030ca5928,Persons with loans for transport purposes by risk of poverty threshold,measure,0.88,local-hybrid,True,title evidence with measure lexical cue; local model skipped because gold labels are pending,"[""occ_2ce4f037086b2d9922cd""]",run_cf189fe93ed005701355
term_f614029de8cffb0f8f18,Persons with loans to cover daily living expenses by risk of poverty threshold,measure,0.72,local-hybrid,False,title-only term treated as likely measure; local model skipped because gold labels are pending,"[""occ_1a675a0a98afe4e15af0""]",run_cf189fe93ed005701355
term_7d01d1a61c05c7b2abfc,"Persons working as creative and performing artists, authors, journalists and linguists",measure,0.72,local-hybrid,False,title-only term treated as likely measure; local model skipped because gold labels are pending,"[""occ_a3a9aa2c5aa045d5273c""]",run_cf189fe93ed005701355
term_ee85c78292b759908a3d,Pesticide sales by categorisation of active substances,measure,0.88,local-hybrid,True,title evidence with measure lexical cue; local model skipped because gold labels are pending,"[""occ_e21eaeed48a291d46ae6""]",run_cf189fe93ed005701355
term_3c201244b8acdaa0b083,Police officers,measure,0.72,local-hybrid,False,title-only term treated as likely measure; local model skipped because gold labels are pending,"[""occ_f2085faef7819f3e65da""]",run_cf189fe93ed005701355
term_3c74886439e5cd2fb286,Population (aged 20-24) who completed at least an upper secondary educational attainment level (ISCED level 3) by sex,measure,0.88,local-hybrid,True,title evidence with measure lexical cue; local model skipped because gold labels are pending,"[""occ_c47a3d1b0b67bf206387""]",run_cf189fe93ed005701355
term_3499e3c7d17ee0abdf55,Population (aged 20-24) who completed at least an upper secondary educational attainment level (ISCED level 3) by sex - ENP-South countries,measure,0.88,local-hybrid,True,title evidence with measure lexical cue; local model skipped because gold labels are pending,"[""occ_ef989a44ec84b4a9b8d9""]",run_cf189fe93ed005701355
term_99b168fc5730e52ce37d,Population (aged 25 and over) by sex and educational attainment level,measure,0.88,local-hybrid,True,title evidence with measure lexical cue; local model skipped because gold labels are pending,"[""occ_235ba5b5b8faeb8b99bb""]",run_cf189fe93ed005701355
term_752a4d2a5b755187bcc4,Population (aged 25 and over) by sex and educational attainment level - ENP-South countries,measure,0.88,local-hybrid,True,title evidence with measure lexical cue; local model skipped because gold labels are pending,"[""occ_cf72b11cda8e70566b06""]",run_cf189fe93ed005701355
term_2c8c0c8c6ab4970569ba,Population (aged 30-34) who completed tertiary or equivalent education,measure,0.88,local-hybrid,True,title evidence with measure lexical cue; local model skipped because gold labels are pending,"[""occ_4426a4dafc9de5b379b6""]",run_cf189fe93ed005701355
term_2bc18f78c89d4d2ce3fe,Population (aged 30-34) who completed tertiary or equivalent education - ENP-East countries,measure,0.88,local-hybrid,True,title evidence with measure lexical cue; local model skipped because gold labels are pending,"[""occ_c046a9ee53280a757c36""]",run_cf189fe93ed005701355
term_c287e0ca5232e6163718,Population (aged 30-34) with tertiary educational attainment level by sex,measure,0.88,local-hybrid,True,title evidence with measure lexical cue; local model skipped because gold labels are pending,"[""occ_4d4c762c53e30e3f6861""]",run_cf189fe93ed005701355
term_de2c10dc4ca88dbd36ca,Population aged 15-74 in private households,measure,0.88,local-hybrid,True,title evidence with measure lexical cue; local model skipped because gold labels are pending,"[""occ_4990595300ff229e0afe""]",run_cf189fe93ed005701355
term_00794e6316ee6533eb31,Population aged 15-74 in private households - LFS,measure,0.88,local-hybrid,True,title evidence with measure lexical cue; local model skipped because gold labels are pending,"[""occ_74f448178abef376ca24""]",run_cf189fe93ed005701355
term_5e969fc9f5e1ef6cef7f,Population change,measure,0.88,local-hybrid,True,title evidence with measure lexical cue; local model skipped because gold labels are pending,"[""occ_d176cb1f5329753d650a""]",run_cf189fe93ed005701355
term_1235dd822d5ad1200534,"Population change - crude rates of total change, natural change and net migration plus adjustment",measure,0.88,local-hybrid,True,title evidence with measure lexical cue; local model skipped because gold labels are pending,"[""occ_bb76fa2224fed33156fc""]",run_cf189fe93ed005701355
term_66a7a8627044b4d0fc6a,Population connected to at least secondary wastewater treatment,measure,0.88,local-hybrid,True,title evidence with measure lexical cue; local model skipped because gold labels are pending,"[""occ_231bc3e1a6b189005efc""]",run_cf189fe93ed005701355
term_cb772a85556d4c34b572,Population connected to public water supply - ENP-South countries,measure,0.88,local-hybrid,True,title evidence with measure lexical cue; local model skipped because gold labels are pending,"[""occ_fd3855a7061374af4f50""]",run_cf189fe93ed005701355
term_fc4c296a653c39b9033c,Population connected to wastewater collection and treatment systems,measure,0.88,local-hybrid,True,title evidence with measure lexical cue; local model skipped because gold labels are pending,"[""occ_f1411918364c3b11aba4""]",run_cf189fe93ed005701355
term_6918aaed3bab18229b10,Population connected to wastewater collection and treatment systems - ENP-South countries,measure,0.88,local-hybrid,True,title evidence with measure lexical cue; local model skipped because gold labels are pending,"[""occ_062e8856031c64e88317""]",run_cf189fe93ed005701355
term_1f0f520b54430bc6abe1,Population connected to Wastewater Treatment,measure,0.88,local-hybrid,True,title evidence with measure lexical cue; local model skipped because gold labels are pending,"[""occ_b9ae5828a352cbac181e""]",run_cf189fe93ed005701355
term_3e0305cd108e456f71c5,Population density - ENP-South countries,measure,0.88,local-hybrid,True,title evidence with measure lexical cue; local model skipped because gold labels are pending,"[""occ_79117de0fdc09ec998c7""]",run_cf189fe93ed005701355
term_02c811e71846f8f59a4b,Population density by metropolitan region,measure,0.88,local-hybrid,True,title evidence with measure lexical cue; local model skipped because gold labels are pending,"[""occ_2764a1ea4c90e30f7a88""]",run_cf189fe93ed005701355
term_9a39fc3791a919f5cdb9,"Population having neither a bath, nor a shower, nor indoor flushing toilet in their household by poverty status",measure,0.88,local-hybrid,True,title evidence with measure lexical cue; local model skipped because gold labels are pending,"[""occ_96db5366249647388b89""]",run_cf189fe93ed005701355
term_23202d38f263756ed950,Population in jobless private households,measure,0.88,local-hybrid,True,title evidence with measure lexical cue; local model skipped because gold labels are pending,"[""occ_d0bc225f605d0a62926f""]",run_cf189fe93ed005701355
term_883b1192f0226fbe8107,Population in jobless private households - % of persons living in private households where no-one is employed,measure,0.88,local-hybrid,True,title evidence with measure lexical cue; local model skipped because gold labels are pending,"[""occ_74ab3840924b9ea2c5a1""]",run_cf189fe93ed005701355
term_661ea0454236ae7c181b,"Population living in households considering that they suffer from noise, by poverty status",measure,0.88,local-hybrid,True,title evidence with measure lexical cue; local model skipped because gold labels are pending,"[""occ_45237a9958344c3f43e0""]",run_cf189fe93ed005701355
term_cbcda8ee4c84bb52bb07,Population on 1 January,measure,0.88,local-hybrid,True,title evidence with measure lexical cue; local model skipped because gold labels are pending,"[""occ_1c8e9d24a0024ea72056""]",run_cf189fe93ed005701355
term_3a6aa3a21850433042bb,Population on 1 January by sex and by age group,measure,0.88,local-hybrid,True,title evidence with measure lexical cue; local model skipped because gold labels are pending,"[""occ_5064be743a0c5de1272a""]",run_cf189fe93ed005701355
term_9dcd6774cc4d7d3e8b99,"Population reporting occurrence of crime, violence or vandalism in their area by poverty status",measure,0.88,local-hybrid,True,title evidence with measure lexical cue; local model skipped because gold labels are pending,"[""occ_c8e266a4f0734f892c43""]",run_cf189fe93ed005701355
term_1fd8ee608312159f93ce,Population served by municipal waste,measure,0.88,local-hybrid,True,title evidence with measure lexical cue; local model skipped because gold labels are pending,"[""occ_027fb75b566ce8cafcf9""]",run_cf189fe93ed005701355
term_5e416bfcffb96e0462a3,Population served by municipal waste - ENP-South countries,measure,0.88,local-hybrid,True,title evidence with measure lexical cue; local model skipped because gold labels are pending,"[""occ_221e7212bf95880a34bf""]",run_cf189fe93ed005701355
term_85f46a94adae83c65aa0,Population structure by detailed age group,measure,0.88,local-hybrid,True,title evidence with measure lexical cue; local model skipped because gold labels are pending,"[""occ_7f9d0e47dee75543ac23""]",run_cf189fe93ed005701355
term_b792bbff52c871715296,Population structure by sex,measure,0.88,local-hybrid,True,title evidence with measure lexical cue; local model skipped because gold labels are pending,"[""occ_c604c1fb13f44e476fe5""]",run_cf189fe93ed005701355
term_f34098c34128bcc75f40,Population unable to keep home adequately warm by poverty status,measure,0.88,local-hybrid,True,title evidence with measure lexical cue; local model skipped because gold labels are pending,"[""occ_8f5c8c65f41e470b4bd8""]",run_cf189fe93ed005701355
term_4fca53cde49e472d8d3b,population without single-person households,measure,0.88,local-hybrid,True,title evidence with measure lexical cue; local model skipped because gold labels are pending,"[""occ_4f82cc659180d0c4644b"", ""occ_5a43089e0502f00b68cc"", ""occ_b47934cc96f1a8b96c24""]",run_cf189fe93ed005701355
term_7657a3997e431eff5e36,Population without the citizenship of the,measure,0.88,local-hybrid,True,title evidence with measure lexical cue; local model skipped because gold labels are pending,"[""occ_42b84ec1d706cbf54336""]",run_cf189fe93ed005701355
term_d6ba7f693120ab37f029,Portfolio investment,measure,0.72,local-hybrid,False,title-only term treated as likely measure; local model skipped because gold labels are pending,"[""occ_d3321df77a245feffda0""]",run_cf189fe93ed005701355
term_66458f4d994af8aaf3dd,"Portfolio investment - annual data, million units of national currency",measure,0.72,local-hybrid,False,title-only term treated as likely measure; local model skipped because gold labels are pending,"[""occ_bff98907d2c33f95c97f""]",run_cf189fe93ed005701355
term_d64ec63afdd40c26b939,ports,measure,0.72,local-hybrid,False,title-only term treated as likely measure; local model skipped because gold labels are pending,"[""occ_709f802b07e49dbe5f90""]",run_cf189fe93ed005701355
term_ef731b70c34569e95d8d,Positive first instance decisions,measure,0.72,local-hybrid,False,title-only term treated as likely measure; local model skipped because gold labels are pending,"[""occ_a6171b327a0ff8f732fa""]",run_cf189fe93ed005701355
term_3a95faec3c448acb3782,potential years of life lost by country of residence,measure,0.72,local-hybrid,False,title-only term treated as likely measure; local model skipped because gold labels are pending,"[""occ_4f27682af22c78ad372e""]",run_cf189fe93ed005701355
term_52cd10cf1b1ebd842e7d,Poultry farming,measure,0.72,local-hybrid,False,title-only term treated as likely measure; local model skipped because gold labels are pending,"[""occ_9c8543459451e5e05cc9""]",run_cf189fe93ed005701355
term_99bc776aac0b0d9733cc,Poverty headcount ratio by sex (proportion of persons below the national poverty line),measure,0.72,local-hybrid,False,title-only term treated as likely measure; local model skipped because gold labels are pending,"[""occ_4e11a63533cb599a2a34""]",run_cf189fe93ed005701355
term_d37eaeb3303305ec226c,Poverty headcount ratio by sex (proportion of persons below the national poverty line) - ENP-South countries,measure,0.72,local-hybrid,False,title-only term treated as likely measure; local model skipped because gold labels are pending,"[""occ_16b988670053abd690aa""]",run_cf189fe93ed005701355
term_403aea4f384fc6acc96e,Poverty lines,measure,0.72,local-hybrid,False,title-only term treated as likely measure; local model skipped because gold labels are pending,"[""occ_29358570b092a7ac4387""]",run_cf189fe93ed005701355
term_794a77d738ad7d02e559,Poverty ratio,measure,0.72,local-hybrid,False,title-only term treated as likely measure; local model skipped because gold labels are pending,"[""occ_5d0db33bdbb1812290bb""]",run_cf189fe93ed005701355
term_a67e3cf388b0d7e006c3,Power of self-propelled vessels by load capacity,measure,0.72,local-hybrid,False,title-only term treated as likely measure; local model skipped because gold labels are pending,"[""occ_e5538d62d11bdf2de4e5""]",run_cf189fe93ed005701355
term_ae8487ea473e0665950b,Practising dentists,measure,0.72,local-hybrid,False,title-only term treated as likely measure; local model skipped because gold labels are pending,"[""occ_082ebd2e75e9bfaff765""]",run_cf189fe93ed005701355
term_b6cc881b05f2d8d207e6,Practising physicians,measure,0.72,local-hybrid,False,title-only term treated as likely measure; local model skipped because gold labels are pending,"[""occ_887b771c48ff8b812848""]",run_cf189fe93ed005701355
term_d2e8926e165b563b2364,Premature deaths due to exposure to fine particulate matter (PM2.5),measure,0.88,local-hybrid,True,title evidence with measure lexical cue; local model skipped because gold labels are pending,"[""occ_62360e679f4e47519ee6""]",run_cf189fe93ed005701355
term_996b71dc48db3579ae39,Preventive cancer screenings,measure,0.72,local-hybrid,False,title-only term treated as likely measure; local model skipped because gold labels are pending,"[""occ_8959c9db0e7718244b1a""]",run_cf189fe93ed005701355
term_b98c25d9acac1ded0131,Preventive cancer screenings - programme data,measure,0.72,local-hybrid,False,title-only term treated as likely measure; local model skipped because gold labels are pending,"[""occ_d51e2831e18493ba4e12""]",run_cf189fe93ed005701355
term_f3cf73148dd08f19dbab,Price and volume convergence between EU Member States,measure,0.88,local-hybrid,True,title evidence with measure lexical cue; local model skipped because gold labels are pending,"[""occ_1f3f0cb58abe8324995e""]",run_cf189fe93ed005701355
term_d2ef954d82d5a2aa301b,Price indices of agricultural input/output at nominal value (= 100),measure,0.88,local-hybrid,True,title evidence with measure lexical cue; local model skipped because gold labels are pending,"[""occ_3f8cd4197a7a05b5d357""]",run_cf189fe93ed005701355
term_40b19f5a21b3b4e61deb,Price level indices,measure,0.88,local-hybrid,True,title evidence with measure lexical cue; local model skipped because gold labels are pending,"[""occ_2a6fd7313f80aef76561""]",run_cf189fe93ed005701355
term_0dd5c6463b1a707e0a9f,Prices (annual series),measure,0.88,local-hybrid,True,title evidence with measure lexical cue; local model skipped because gold labels are pending,"[""occ_f7b5ed5d33b3ece0475d""]",run_cf189fe93ed005701355
term_0815358a95463a29bc63,Primary energy consumption,measure,0.72,local-hybrid,False,title-only term treated as likely measure; local model skipped because gold labels are pending,"[""occ_32b3821c01965f9e4a00""]",run_cf189fe93ed005701355
term_a4b4dfa6de5345c78a4d,Primary energy production,measure,0.88,local-hybrid,True,title evidence with measure lexical cue; local model skipped because gold labels are pending,"[""occ_03ba1249bf077bcbfe67""]",run_cf189fe93ed005701355
term_0563739b5560786e3ac2,Prison capacity and number of persons held,measure,0.72,local-hybrid,False,title-only term treated as likely measure; local model skipped because gold labels are pending,"[""occ_14c3af3e2fbb334883c8""]",run_cf189fe93ed005701355
term_b4a2b5282e4bc860b99b,Prison population,measure,0.88,local-hybrid,True,title evidence with measure lexical cue; local model skipped because gold labels are pending,"[""occ_dde78d76c79644e400bf""]",run_cf189fe93ed005701355
term_a33c7a743a7bfcd42fd6,Prisoners by citizenship,measure,0.72,local-hybrid,False,title-only term treated as likely measure; local model skipped because gold labels are pending,"[""occ_53195902f242539fe9de""]",run_cf189fe93ed005701355
term_57689428a2f85d9b7c76,Prisoners by legal status of the trial process,measure,0.72,local-hybrid,False,title-only term treated as likely measure; local model skipped because gold labels are pending,"[""occ_bbb5921427e868da4ece""]",run_cf189fe93ed005701355
term_123862fc9616167ba725,Private households by type of housing,measure,0.72,local-hybrid,False,title-only term treated as likely measure; local model skipped because gold labels are pending,"[""occ_6834163c296d653afb05""]",run_cf189fe93ed005701355
term_25b879192367d0ba7c82,Private investment and gross added value related to circular economy sectors,measure,0.72,local-hybrid,False,title-only term treated as likely measure; local model skipped because gold labels are pending,"[""occ_63f35c370c2a1eefd7af""]",run_cf189fe93ed005701355
term_ad6c8b2857fa8ef57465,"Private sector credit flow, consolidated",measure,0.72,local-hybrid,False,title-only term treated as likely measure; local model skipped because gold labels are pending,"[""occ_f6a19c6bd80dc723d597""]",run_cf189fe93ed005701355
term_4b9ed4e5dbc24137e6e3,"Private sector credit flow, consolidated - % GDP",measure,0.88,local-hybrid,True,title evidence with measure lexical cue; local model skipped because gold labels are pending,"[""occ_03f8665efdaa15f5171d""]",run_cf189fe93ed005701355
term_b4144be8cce8d87780ea,"Private sector credit flow, non-consolidated",measure,0.72,local-hybrid,False,title-only term treated as likely measure; local model skipped because gold labels are pending,"[""occ_c854f3d156c99209827e""]",run_cf189fe93ed005701355
term_20f0568d3084e3c66191,"Private sector credit flow: debt securities by sectors, consolidated - % of GDP",measure,0.88,local-hybrid,True,title evidence with measure lexical cue; local model skipped because gold labels are pending,"[""occ_acccae95177e70b5f8a7""]",run_cf189fe93ed005701355
term_65be4aed5f3e86273ea9,"Private sector credit flow: debt securities by sectors, consolidated - million units of national currency",measure,0.72,local-hybrid,False,title-only term treated as likely measure; local model skipped because gold labels are pending,"[""occ_879431835e9e32d42d24""]",run_cf189fe93ed005701355
term_9987e242ef89d7650d4c,"Private sector credit flow: debt securities by sectors, non-consolidated - % of GDP",measure,0.88,local-hybrid,True,title evidence with measure lexical cue; local model skipped because gold labels are pending,"[""occ_f42f115a6660110b5257""]",run_cf189fe93ed005701355
term_b7e1c68944523a50df59,"Private sector credit flow: debt securities by sectors, non-consolidated - million units of national currency",measure,0.72,local-hybrid,False,title-only term treated as likely measure; local model skipped because gold labels are pending,"[""occ_f250f63f0f6b17d4bd5f""]",run_cf189fe93ed005701355
term_cd7a39a0bc9ab7d16394,"Private sector credit flow: loans by sectors, consolidated - % of GDP",measure,0.88,local-hybrid,True,title evidence with measure lexical cue; local model skipped because gold labels are pending,"[""occ_916511ca0bf7e3f36c77""]",run_cf189fe93ed005701355
term_fc37453713d8145719e4,"Private sector credit flow: loans by sectors, consolidated - million units of national currency",measure,0.72,local-hybrid,False,title-only term treated as likely measure; local model skipped because gold labels are pending,"[""occ_7a354ea3fd389b2ea4ef""]",run_cf189fe93ed005701355
term_2e754403a3df9923c2b5,"Private sector credit flow: loans by sectors, non-consolidated - % of GDP",measure,0.88,local-hybrid,True,title evidence with measure lexical cue; local model skipped because gold labels are pending,"[""occ_e1c318376dc30978e928""]",run_cf189fe93ed005701355
term_c7107b7d39a29bfa1c6f,"Private sector credit flow: loans by sectors, non-consolidated - million units of national currency",measure,0.72,local-hybrid,False,title-only term treated as likely measure; local model skipped because gold labels are pending,"[""occ_45c7b1ef7e175c49f28b""]",run_cf189fe93ed005701355
term_311bfac945e87c9de1c5,"Private sector debt, consolidated",measure,0.72,local-hybrid,False,title-only term treated as likely measure; local model skipped because gold labels are pending,"[""occ_7cf4d0cea644a13c11e9""]",run_cf189fe93ed005701355
term_5842369333bd62a04195,"Private sector debt, consolidated - % of GDP",measure,0.88,local-hybrid,True,title evidence with measure lexical cue; local model skipped because gold labels are pending,"[""occ_ed7db5c44deced00ecf3""]",run_cf189fe93ed005701355
term_b9412a1b7ab718be5c1b,"Private sector debt, non-consolidated",measure,0.72,local-hybrid,False,title-only term treated as likely measure; local model skipped because gold labels are pending,"[""occ_8a529277941cb2ec39bd""]",run_cf189fe93ed005701355
term_ad9dc9a5708b94af4fb0,"Private sector debt: debt securities by sectors, non-consolidated - % of GDP",measure,0.88,local-hybrid,True,title evidence with measure lexical cue; local model skipped because gold labels are pending,"[""occ_b3f29b73dff8a73a946d""]",run_cf189fe93ed005701355
term_9d50d199d0d99718d25a,"Private sector debt: debt securities by sectors, non-consolidated - million units of national currency",measure,0.72,local-hybrid,False,title-only term treated as likely measure; local model skipped because gold labels are pending,"[""occ_ce5470670cec96fc79d6""]",run_cf189fe93ed005701355
term_d43e9eb1d7802e118e16,"Private sector debt: debt securities, by sectors, consolidated - % of GDP",measure,0.88,local-hybrid,True,title evidence with measure lexical cue; local model skipped because gold labels are pending,"[""occ_f44520b6c678d4b2baa9""]",run_cf189fe93ed005701355
term_2bece1c0693247c1dc68,"Private sector debt: debt securities, by sectors, consolidated - million units of national currency",measure,0.72,local-hybrid,False,title-only term treated as likely measure; local model skipped because gold labels are pending,"[""occ_8297e77b1617c4f1372a""]",run_cf189fe93ed005701355
term_d4457b46a2a9fe773bfa,"Private sector debt: loans by sectors, non-consolidated - million units of national currency",measure,0.72,local-hybrid,False,title-only term treated as likely measure; local model skipped because gold labels are pending,"[""occ_208463ebc33711443e05""]",run_cf189fe93ed005701355
term_e3cfbb83163ba40271ed,"Private sector debt: loans, by sectors, consolidated - % of GDP",measure,0.88,local-hybrid,True,title evidence with measure lexical cue; local model skipped because gold labels are pending,"[""occ_f0ea70263892ccd6821a""]",run_cf189fe93ed005701355
term_69938592c0968ec0dd88,"Private sector debt: loans, by sectors, consolidated - million units of national currency",measure,0.72,local-hybrid,False,title-only term treated as likely measure; local model skipped because gold labels are pending,"[""occ_dbc6467fd812b1c4fb3e""]",run_cf189fe93ed005701355
term_1718a2844b38ef2cb8e6,"Private sector debt: loans, by sectors, non-consolidated - % of GDP",measure,0.88,local-hybrid,True,title evidence with measure lexical cue; local model skipped because gold labels are pending,"[""occ_1e5cb8af108d0b1e45a8""]",run_cf189fe93ed005701355
term_b4702bc4c96cbe9c8c3e,Processors of organic products by NACE Rev. 2 activity (C),measure,0.72,local-hybrid,False,title-only term treated as likely measure; local model skipped because gold labels are pending,"[""occ_87f7144ebfa887ba25fc""]",run_cf189fe93ed005701355
term_8dcaba990735ba9a2b8d,"Producer price indices, animals and animal products",measure,0.88,local-hybrid,True,title evidence with measure lexical cue; local model skipped because gold labels are pending,"[""occ_f0b6fa729f2ac2fb3fc5""]",run_cf189fe93ed005701355
term_f28e10cdf7f618065874,"Producer price indices, crop products",measure,0.88,local-hybrid,True,title evidence with measure lexical cue; local model skipped because gold labels are pending,"[""occ_aa0f8667d07d6b20d24a""]",run_cf189fe93ed005701355
term_9bcd4b391a70ebb8d94e,"Producer price indices, total agricultural production",measure,0.88,local-hybrid,True,title evidence with measure lexical cue; local model skipped because gold labels are pending,"[""occ_552af311124e7dd1974a""]",run_cf189fe93ed005701355
term_bc836f9457aaa2352e2c,Production and consumption of chemicals by hazard class,measure,0.88,local-hybrid,True,title evidence with measure lexical cue; local model skipped because gold labels are pending,"[""occ_974ae9727370c88d0959""]",run_cf189fe93ed005701355
term_8e72fee385baec40ba64,Production forecasts for pigs,measure,0.88,local-hybrid,True,title evidence with measure lexical cue; local model skipped because gold labels are pending,"[""occ_b63912df1a6081936d7e""]",run_cf189fe93ed005701355
term_1f425fe6b2c44195e8c6,Production forecasts for pigs - quarterly data,measure,0.88,local-hybrid,True,title evidence with measure lexical cue; local model skipped because gold labels are pending,"[""occ_9974520c4c70502a3dbe""]",run_cf189fe93ed005701355
term_f25b3958d6da1017e631,Production in construction,measure,0.88,local-hybrid,True,title evidence with measure lexical cue; local model skipped because gold labels are pending,"[""occ_955dc221d744c8cd1885""]",run_cf189fe93ed005701355
term_6065d4f8545e2fd54fdf,Production in industry,measure,0.88,local-hybrid,True,title evidence with measure lexical cue; local model skipped because gold labels are pending,"[""occ_0582e216cc81ac6e091c"", ""occ_2505872b94f00d1af276"", ""occ_506e746539c1a033783c"", ""occ_7f7ffa392eaf1739875b"", ""occ_8eadad825fab8559cd7a"", ""occ_975959c70ce199866dd0"", ""occ_f2c47c6402789524b76f""]",run_cf189fe93ed005701355
term_36a72c577c29ed8a435e,Production in industry - capital goods,measure,0.88,local-hybrid,True,title evidence with measure lexical cue; local model skipped because gold labels are pending,"[""occ_363014d44c571b19d65d""]",run_cf189fe93ed005701355
term_b7a69d80e0c95946c178,Production in industry - consumer durables,measure,0.88,local-hybrid,True,title evidence with measure lexical cue; local model skipped because gold labels are pending,"[""occ_b48d911107c0e9d8fa4a""]",run_cf189fe93ed005701355
term_57dbe832a6b7457178ca,Production in industry - consumer non-durables,measure,0.88,local-hybrid,True,title evidence with measure lexical cue; local model skipped because gold labels are pending,"[""occ_e1da23ade9378ec9ef17""]",run_cf189fe93ed005701355
term_04279f6a3fcd4e3a01d3,Production in industry - energy,measure,0.88,local-hybrid,True,title evidence with measure lexical cue; local model skipped because gold labels are pending,"[""occ_bd696313747b13097db0""]",run_cf189fe93ed005701355
term_e454da1bd3a645c5546e,Production in industry - intermediate goods,measure,0.88,local-hybrid,True,title evidence with measure lexical cue; local model skipped because gold labels are pending,"[""occ_33324900acb7204a88e7""]",run_cf189fe93ed005701355
term_675346f52e1bfda71a21,Production in industry - manufacturing,measure,0.88,local-hybrid,True,title evidence with measure lexical cue; local model skipped because gold labels are pending,"[""occ_2f97cf018f41054e5201""]",run_cf189fe93ed005701355
term_84eeb94c45bbd41c0060,Production in industry - total (excluding construction),measure,0.88,local-hybrid,True,title evidence with measure lexical cue; local model skipped because gold labels are pending,"[""occ_c2bde9cf91cd5f25b957""]",run_cf189fe93ed005701355
term_132fa562e61d24fc668c,Production of bovine meat in slaughterhouses,measure,0.88,local-hybrid,True,title evidence with measure lexical cue; local model skipped because gold labels are pending,"[""occ_2acd1c5cb55f031959a8""]",run_cf189fe93ed005701355
term_ce41243bf53e1fe41ce1,Production of butter,measure,0.88,local-hybrid,True,title evidence with measure lexical cue; local model skipped because gold labels are pending,"[""occ_e44fcaa4c14f46af3a4a""]",run_cf189fe93ed005701355
term_d97417c7bb4f4f99740f,Production of cheese,measure,0.88,local-hybrid,True,title evidence with measure lexical cue; local model skipped because gold labels are pending,"[""occ_dd5601b103fcacf589d4""]",run_cf189fe93ed005701355
term_b90c6d0271ff608c3091,Production of eggs for consumption and number of laying hens,measure,0.88,local-hybrid,True,title evidence with measure lexical cue; local model skipped because gold labels are pending,"[""occ_885376ead00052ff8e9c""]",run_cf189fe93ed005701355
term_4eb46767e3553546663a,Production of milk on farms,measure,0.88,local-hybrid,True,title evidence with measure lexical cue; local model skipped because gold labels are pending,"[""occ_da227e120c3c3ee540a7""]",run_cf189fe93ed005701355
term_db8a280dd7686a2ac1f5,Production of milk powder,measure,0.88,local-hybrid,True,title evidence with measure lexical cue; local model skipped because gold labels are pending,"[""occ_2675021156ed2807d6a4""]",run_cf189fe93ed005701355
term_9454b887f1867f090bca,Production of pigmeat in slaughterhouses,measure,0.88,local-hybrid,True,title evidence with measure lexical cue; local model skipped because gold labels are pending,"[""occ_2b6a25cf52f5590becc8""]",run_cf189fe93ed005701355
term_3a115ac194876f2b07de,Production of poultry meat in slaughterhouses,measure,0.88,local-hybrid,True,title evidence with measure lexical cue; local model skipped because gold labels are pending,"[""occ_603af38de05fbf805d14""]",run_cf189fe93ed005701355
term_226172b7f9c30b7a429a,Production of sheepmeat and goat meat in slaughterhouses,measure,0.88,local-hybrid,True,title evidence with measure lexical cue; local model skipped because gold labels are pending,"[""occ_cc3e7932de1a38c32b28""]",run_cf189fe93ed005701355
term_30044f68d1cf70550729,"Production, value added and employment by industry groups in the environmental goods and services sector",measure,0.88,local-hybrid,True,title evidence with measure lexical cue; local model skipped because gold labels are pending,"[""occ_326a920bf6315765e84d""]",run_cf189fe93ed005701355
term_dfb68fd894cb7a308991,Profit share of non-financial corporations,measure,0.72,local-hybrid,False,title-only term treated as likely measure; local model skipped because gold labels are pending,"[""occ_942af04db8d1c0878432""]",run_cf189fe93ed005701355
term_97e4dea1805d898d2f8d,Proportion of dissaving households,measure,0.72,local-hybrid,False,title-only term treated as likely measure; local model skipped because gold labels are pending,"[""occ_c87972f588ed094d93be""]",run_cf189fe93ed005701355
term_a93867f3b1916e7924a8,Proportion of dissaving households - experimental statistics,measure,0.72,local-hybrid,False,title-only term treated as likely measure; local model skipped because gold labels are pending,"[""occ_fccad20e05d3904b7d39""]",run_cf189fe93ed005701355
term_a467280567bbbfaa001b,Proportion of fish stocks sustainably exploited,measure,0.72,local-hybrid,False,title-only term treated as likely measure; local model skipped because gold labels are pending,"[""occ_6d625d0018d27fb67cfd""]",run_cf189fe93ed005701355
term_a3409d411acee159e807,"Proportion of persons at risk of relative poverty, before social transfers by sex",measure,0.72,local-hybrid,False,title-only term treated as likely measure; local model skipped because gold labels are pending,"[""occ_b579611c9d82bc965c18""]",run_cf189fe93ed005701355
term_5f59404a1a04a2d5c4ca,"Proportion of persons at risk of relative poverty, before social transfers by sex - ENP-East countries",measure,0.72,local-hybrid,False,title-only term treated as likely measure; local model skipped because gold labels are pending,"[""occ_c11ae443fea20526477f""]",run_cf189fe93ed005701355
term_6b91f3296fff3dbca609,proportion of persons below the national poverty line,measure,0.72,local-hybrid,False,title-only term treated as likely measure; local model skipped because gold labels are pending,"[""occ_498fef654090fc314a7c""]",run_cf189fe93ed005701355
term_24d7c89ad6bc4b335be8,Proportion of persons living in jobless households,measure,0.72,local-hybrid,False,title-only term treated as likely measure; local model skipped because gold labels are pending,"[""occ_fb652e4c019913ec6bd9""]",run_cf189fe93ed005701355
term_5022e34de5091385c309,Proportion of population aged 65 and over,measure,0.88,local-hybrid,True,title evidence with measure lexical cue; local model skipped because gold labels are pending,"[""occ_90f45eb51b3f10f659e5""]",run_cf189fe93ed005701355
term_ed13363b1fb19fea67cc,Protected forests,measure,0.72,local-hybrid,False,title-only term treated as likely measure; local model skipped because gold labels are pending,"[""occ_3b0f1b79a76f9a5caed5""]",run_cf189fe93ed005701355
term_0ef30ce88e5909aa0175,Protective functions of forests,measure,0.72,local-hybrid,False,title-only term treated as likely measure; local model skipped because gold labels are pending,"[""occ_1a27c0972127b4a76d05""]",run_cf189fe93ed005701355
term_90d064a0e3555d070ed8,Public expenditure on education - ENP-East countries,measure,0.88,local-hybrid,True,title evidence with measure lexical cue; local model skipped because gold labels are pending,"[""occ_5c981843e91bc23b0e37""]",run_cf189fe93ed005701355
term_136f56a98d371355cdb3,Public expenditure on education - ENP-South countries,measure,0.88,local-hybrid,True,title evidence with measure lexical cue; local model skipped because gold labels are pending,"[""occ_e87db41f8a6d5a2f01dd""]",run_cf189fe93ed005701355
term_4a5ae33614684bc76202,Pupil/ student,measure,0.72,local-hybrid,False,title-only term treated as likely measure; local model skipped because gold labels are pending,"[""occ_87d11f777514c17665bb""]",run_cf189fe93ed005701355
term_c8d2275b999d854c4011,Pupil/ student - teacher ratio and average class size (ISCED 1-3),measure,0.72,local-hybrid,False,title-only term treated as likely measure; local model skipped because gold labels are pending,"[""occ_c566d0cfa27e0beb4ffb""]",run_cf189fe93ed005701355
term_204ec61b0e7f2d212ffe,"Pupils aged 3 years old, by sex",measure,0.72,local-hybrid,False,title-only term treated as likely measure; local model skipped because gold labels are pending,"[""occ_5ccdb7faa94533aec32d""]",run_cf189fe93ed005701355
term_9a6b6617fb90a759d2c1,"Pupils aged 3 years old, by sex - as % of the population of the corresponding age group",measure,0.88,local-hybrid,True,title evidence with measure lexical cue; local model skipped because gold labels are pending,"[""occ_69bb3866adb028db3433""]",run_cf189fe93ed005701355
term_7fe43ef657b2115fa233,"Pupils aged 4 years old, by sex",measure,0.72,local-hybrid,False,title-only term treated as likely measure; local model skipped because gold labels are pending,"[""occ_ce2238c677e4664ea759""]",run_cf189fe93ed005701355
term_b35b80b9bb3da89a8d77,"Pupils aged 4 years old, by sex - as % of the population of the corresponding age group",measure,0.88,local-hybrid,True,title evidence with measure lexical cue; local model skipped because gold labels are pending,"[""occ_eca44713305987b30200""]",run_cf189fe93ed005701355
term_f59846cd93a1b61f0bba,Pupils and students enrolled by education level,measure,0.72,local-hybrid,False,title-only term treated as likely measure; local model skipped because gold labels are pending,"[""occ_7a1b25e0019bce4a3ae6""]",run_cf189fe93ed005701355
term_d401cedae0de30734964,Pupils and students enrolled by education level - ENP-East countries,measure,0.72,local-hybrid,False,title-only term treated as likely measure; local model skipped because gold labels are pending,"[""occ_ff30801fea7716bd7608""]",run_cf189fe93ed005701355
term_325a89c53007fd5e0f99,Pupils and students in education aged 30 and over,measure,0.72,local-hybrid,False,title-only term treated as likely measure; local model skipped because gold labels are pending,"[""occ_158da44833de7a199277""]",run_cf189fe93ed005701355
term_c87cc3e6907e2d7127e0,Pupils and students in education aged 30 and over - per 1000 of corresponding age population,measure,0.88,local-hybrid,True,title evidence with measure lexical cue; local model skipped because gold labels are pending,"[""occ_852f5fc76c6a264c6c60""]",run_cf189fe93ed005701355
term_420151a293aebe96d994,Pupils from age 0 to the starting age of compulsory education at primary level by sex,measure,0.72,local-hybrid,False,title-only term treated as likely measure; local model skipped because gold labels are pending,"[""occ_05266b19505dd8d0da00""]",run_cf189fe93ed005701355
term_c32b9badb0ba4710ff3e,Pupils from age 0 to the starting age of compulsory education at primary level by sex - % of the population of the corresponding age,measure,0.88,local-hybrid,True,title evidence with measure lexical cue; local model skipped because gold labels are pending,"[""occ_9acba8b0d7b73dd3b68f""]",run_cf189fe93ed005701355
term_31406bba13b3ad3e6289,Pupils from age 3 to the starting age of compulsory education at primary level by NUTS 2 region,measure,0.72,local-hybrid,False,title-only term treated as likely measure; local model skipped because gold labels are pending,"[""occ_61d8314523cadfff3cf3""]",run_cf189fe93ed005701355
term_a59522b13eee62d49daf,Pupils from age 3 to the starting age of compulsory education at primary level by NUTS 2 region - % of the population of the corresponding age,measure,0.88,local-hybrid,True,title evidence with measure lexical cue; local model skipped because gold labels are pending,"[""occ_3c4f2aa8a0bb379ceed9""]",run_cf189fe93ed005701355
term_29c4ea43428e685b14c9,Pupils from age 3 to the starting age of compulsory education at primary level by sex,measure,0.72,local-hybrid,False,title-only term treated as likely measure; local model skipped because gold labels are pending,"[""occ_40cc6ade4deef430f77a""]",run_cf189fe93ed005701355
term_00f0c8f9cf02f648a6af,Pupils from age 3 to the starting age of compulsory education at primary level by sex - % of the population of the corresponding age,measure,0.88,local-hybrid,True,title evidence with measure lexical cue; local model skipped because gold labels are pending,"[""occ_009a5c1561ac4e008188""]",run_cf189fe93ed005701355
term_ef66b49fe2a5586ed916,Pupils from age 4 to the starting age of compulsory education at primary level by NUTS 2 region,measure,0.72,local-hybrid,False,title-only term treated as likely measure; local model skipped because gold labels are pending,"[""occ_9a27d85bbf7e0745958e""]",run_cf189fe93ed005701355
term_f9d50b4dda831c318c4f,Pupils from age 4 to the starting age of compulsory education at primary level by NUTS 2 region - % of the population of the corresponding age,measure,0.88,local-hybrid,True,title evidence with measure lexical cue; local model skipped because gold labels are pending,"[""occ_31c692950aea2084d22e""]",run_cf189fe93ed005701355
term_7d19b260d398f69870e3,"Pupils from age 4 to the starting age of compulsory education at primary level, by sex",measure,0.72,local-hybrid,False,title-only term treated as likely measure; local model skipped because gold labels are pending,"[""occ_08f0c5e0c176d6f7d680""]",run_cf189fe93ed005701355
term_0972dcd431ad96904bc3,"Pupils from age 4 to the starting age of compulsory education at primary level, by sex - as % of the population of the corresponding age group",measure,0.88,local-hybrid,True,title evidence with measure lexical cue; local model skipped because gold labels are pending,"[""occ_14fb743aae89af0c26db""]",run_cf189fe93ed005701355
term_9039be1edb2c5f651440,Pupils from age 5 to the starting age of compulsory education at primary level by sex,measure,0.72,local-hybrid,False,title-only term treated as likely measure; local model skipped because gold labels are pending,"[""occ_f4a864beb695d1737cb4""]",run_cf189fe93ed005701355
term_56b4c088a0be47482038,Pupils from age 5 to the starting age of compulsory education at primary level by sex - % of the population of the corresponding age,measure,0.88,local-hybrid,True,title evidence with measure lexical cue; local model skipped because gold labels are pending,"[""occ_ab2ce59e85875caf6627""]",run_cf189fe93ed005701355
term_1271ec84cb5f016b6f16,Pupils under the age of 3 by sex,measure,0.72,local-hybrid,False,title-only term treated as likely measure; local model skipped because gold labels are pending,"[""occ_003d66a54170e5d6d546""]",run_cf189fe93ed005701355
term_15bfeaad968154afb48f,Pupils under the age of 3 by sex - as % of the population of the corresponding age,measure,0.88,local-hybrid,True,title evidence with measure lexical cue; local model skipped because gold labels are pending,"[""occ_2cf706e76baba38cb61a""]",run_cf189fe93ed005701355
term_962f61904b6619372cea,"Purchase price indices, total means of agricultural production",measure,0.88,local-hybrid,True,title evidence with measure lexical cue; local model skipped because gold labels are pending,"[""occ_d7ab12c1d0f9a637528b""]",run_cf189fe93ed005701355
term_2118b272f879f4d03046,Purchases of advertising space or time for resale,measure,0.72,local-hybrid,False,title-only term treated as likely measure; local model skipped because gold labels are pending,"[""occ_0b0b3b09ba0a0b3bf56c""]",run_cf189fe93ed005701355
term_0d4c9ed65da1702cede8,Purchasing power adjusted GDP per capita,measure,0.88,local-hybrid,True,title evidence with measure lexical cue; local model skipped because gold labels are pending,"[""occ_ae3e739a693eba4fd4bf""]",run_cf189fe93ed005701355
term_d3d44ffe7ab00d73f377,Purchasing Power Parities in the European Union (Countries),measure,0.72,local-hybrid,False,title-only term treated as likely measure; local model skipped because gold labels are pending,"[""occ_9a7c3c91970f223d87d0""]",run_cf189fe93ed005701355
term_30e716dbc4631577426e,Purchasing Power Parities in the European Union (Countries) - index (= 1),measure,0.72,local-hybrid,False,title-only term treated as likely measure; local model skipped because gold labels are pending,"[""occ_6db92334d86298d46f59""]",run_cf189fe93ed005701355
term_5ec43a4bb899483c4cdc,Purchasing Power Parities in the European Union (Duty stations),measure,0.72,local-hybrid,False,title-only term treated as likely measure; local model skipped because gold labels are pending,"[""occ_b1de5d3f87d435f7e809""]",run_cf189fe93ed005701355
term_a1ea7fd6fd9a6053806a,Purchasing Power Parities in the European Union (Duty stations) - index (Brussels = 1),measure,0.72,local-hybrid,False,title-only term treated as likely measure; local model skipped because gold labels are pending,"[""occ_64f6a627cc9b1cd50294""]",run_cf189fe93ed005701355
term_3f7e485f59e589aca99b,Quality of education,measure,0.72,local-hybrid,False,title-only term treated as likely measure; local model skipped because gold labels are pending,"[""occ_234df7d70f8e695f8fd2""]",run_cf189fe93ed005701355
term_957fdeb7beb70d12bd2e,"quarterly data, % of GDP",measure,0.88,local-hybrid,True,title evidence with measure lexical cue; local model skipped because gold labels are pending,"[""occ_3167e8e91ba31af41a45"", ""occ_91c754598a570f14300c""]",run_cf189fe93ed005701355
term_e8158c5db8a36a20496e,"quarterly data, seasonally adjusted",measure,0.72,local-hybrid,False,title-only term treated as likely measure; local model skipped because gold labels are pending,"[""occ_b12d472587a322c67887""]",run_cf189fe93ed005701355
term_18376a4510722daa41a4,R&D personnel and researchers in the business enterprise sector by concentration of personnel (ranking),measure,0.72,local-hybrid,False,title-only term treated as likely measure; local model skipped because gold labels are pending,"[""occ_81e9ffcd05070b001fdf""]",run_cf189fe93ed005701355
term_d2998f9d870190e902fe,Rail accidents by type of accident,measure,0.72,local-hybrid,False,title-only term treated as likely measure; local model skipped because gold labels are pending,"[""occ_1187355971c8dfebdba9""]",run_cf189fe93ed005701355
term_46734978017f544624fb,Rail accidents involving the transport of dangerous goods,measure,0.88,local-hybrid,True,title evidence with measure lexical cue; local model skipped because gold labels are pending,"[""occ_07dc50bfea413d99f67e""]",run_cf189fe93ed005701355
term_9e56295edd7cb5f12a11,Rail equipment: number and capacity of railways vehicles,measure,0.72,local-hybrid,False,title-only term treated as likely measure; local model skipped because gold labels are pending,"[""occ_edc2df0c4ad94c003261""]",run_cf189fe93ed005701355
term_e97dc4d33c64b5e32ec4,Rail equipment: number and load capacity of goods transport wagons,measure,0.88,local-hybrid,True,title evidence with measure lexical cue; local model skipped because gold labels are pending,"[""occ_6b226b386e9ee01e70cb""]",run_cf189fe93ed005701355
term_77d302b885e2d961bbb4,Rail equipment: number of locomotives and passenger railways vehicles,measure,0.72,local-hybrid,False,title-only term treated as likely measure; local model skipped because gold labels are pending,"[""occ_a170cd753b756a4c4727""]",run_cf189fe93ed005701355
term_7fa05638ac203eae5e78,Rail freight traffic,measure,0.72,local-hybrid,False,title-only term treated as likely measure; local model skipped because gold labels are pending,"[""occ_af67018cf8b81b9ebac8""]",run_cf189fe93ed005701355
term_1913b5df9a67325b0909,Rail freight traffic - ENP-South countries,measure,0.72,local-hybrid,False,title-only term treated as likely measure; local model skipped because gold labels are pending,"[""occ_e4b4c971adc870f313d8""]",run_cf189fe93ed005701355
term_7eac77d3c3c608ccad36,Rail infrastructure,measure,0.72,local-hybrid,False,title-only term treated as likely measure; local model skipped because gold labels are pending,"[""occ_f7cd52677061965a2821""]",run_cf189fe93ed005701355
term_0b41cd757f32b24aed13,Rail infrastructure: length of network,measure,0.72,local-hybrid,False,title-only term treated as likely measure; local model skipped because gold labels are pending,"[""occ_19a0d563901a46605c97""]",run_cf189fe93ed005701355
term_b17f40195176518f0380,Rail passenger and freight traffic,measure,0.72,local-hybrid,False,title-only term treated as likely measure; local model skipped because gold labels are pending,"[""occ_61d0804cbb8022547aff""]",run_cf189fe93ed005701355
term_cdf2b19d4026f183fe71,Rail passenger traffic,measure,0.72,local-hybrid,False,title-only term treated as likely measure; local model skipped because gold labels are pending,"[""occ_55f203a2851b02493905""]",run_cf189fe93ed005701355
term_2b456c9d200ddf97f603,Rail passenger traffic - ENP-South countries,measure,0.72,local-hybrid,False,title-only term treated as likely measure; local model skipped because gold labels are pending,"[""occ_291d691ead20731d0869""]",run_cf189fe93ed005701355
term_d2e98712668aabb3a0dd,Rail transport of passengers,measure,0.88,local-hybrid,True,title evidence with measure lexical cue; local model skipped because gold labels are pending,"[""occ_3655ffc048351a41e251""]",run_cf189fe93ed005701355
term_9990543efb953c505e7d,Railway accidents by type of accident,measure,0.72,local-hybrid,False,title-only term treated as likely measure; local model skipped because gold labels are pending,"[""occ_47c6b49bed4940ae2b00""]",run_cf189fe93ed005701355
term_a893ca3722a96ef428f5,Railway accidents by type of accident - annual data,measure,0.72,local-hybrid,False,title-only term treated as likely measure; local model skipped because gold labels are pending,"[""occ_6ec8d532a7ca36398788""]",run_cf189fe93ed005701355
term_80dfa059c815e13833fc,Railway enterprises by type of enterprise,measure,0.72,local-hybrid,False,title-only term treated as likely measure; local model skipped because gold labels are pending,"[""occ_3d2dd60bca63883fd2ee""]",run_cf189fe93ed005701355
term_d6d506c422eb73f7712b,Railway transport vans,measure,0.88,local-hybrid,True,title evidence with measure lexical cue; local model skipped because gold labels are pending,"[""occ_46d6e1db3d0a694b49d7""]",run_cf189fe93ed005701355
term_e443dd80727b025e7a10,"Rape, turnip rape, sunflower seeds and soya by area",measure,0.72,local-hybrid,False,title-only term treated as likely measure; local model skipped because gold labels are pending,"[""occ_fc4d1b5dcf1587c9d0b0""]",run_cf189fe93ed005701355
term_3767f7ef54c6688a174c,"Ratio of annual expenditure per student at the tertiary level and primary level of education, in public educational institutions",measure,0.88,local-hybrid,True,title evidence with measure lexical cue; local model skipped because gold labels are pending,"[""occ_3db1230a479ab8b68fe6""]",run_cf189fe93ed005701355
term_cc4c5b71062538b49a1d,Ratio of pupils to teachers and teacher aides by education level and programme orientation,measure,0.72,local-hybrid,False,title-only term treated as likely measure; local model skipped because gold labels are pending,"[""occ_721c1d13206d9a96e1c3""]",run_cf189fe93ed005701355
term_438ebeb43c6e54618660,Ratio of the proportion of tertiary students over the proportion of the population by NUTS 1 and NUTS 2 region,measure,0.88,local-hybrid,True,title evidence with measure lexical cue; local model skipped because gold labels are pending,"[""occ_82eb29dfa798693bd5b7""]",run_cf189fe93ed005701355
term_4b84149937a53144294c,Real effective exchange rate - 42 trading partners,measure,0.72,local-hybrid,False,title-only term treated as likely measure; local model skipped because gold labels are pending,"[""occ_bf550d9e856f997e696e""]",run_cf189fe93ed005701355
term_776fd364b1df53b50de2,Real effective exchange rate - euro area trading partners,measure,0.72,local-hybrid,False,title-only term treated as likely measure; local model skipped because gold labels are pending,"[""occ_220a965c99c7476c86d1""]",run_cf189fe93ed005701355
term_18790f8cd7bbdb1396ab,"Real effective exchange rate - index, 42 trading partners",measure,0.72,local-hybrid,False,title-only term treated as likely measure; local model skipped because gold labels are pending,"[""occ_c4481cd45be47293af4a""]",run_cf189fe93ed005701355
term_524f26c23c149007b7c1,Real GDP growth rate,measure,0.88,local-hybrid,True,title evidence with measure lexical cue; local model skipped because gold labels are pending,"[""occ_e4b38f8cdfd99543ad8b""]",run_cf189fe93ed005701355
term_680d8add75684ad731c8,Real GDP growth rate - volume,measure,0.88,local-hybrid,True,title evidence with measure lexical cue; local model skipped because gold labels are pending,"[""occ_ccf8ad6a53bd7be29c56""]",run_cf189fe93ed005701355
term_21415cb11e781cdfeb3d,Real GDP per capita,measure,0.88,local-hybrid,True,title evidence with measure lexical cue; local model skipped because gold labels are pending,"[""occ_39659aede6262e1e30f5"", ""occ_e8bcd001550320e0ce01""]",run_cf189fe93ed005701355
term_2afcf5b1ba0bc35ac0da,Recognised cases of occupational cancers,measure,0.72,local-hybrid,False,title-only term treated as likely measure; local model skipped because gold labels are pending,"[""occ_3b7591a19b903aa2f8fe""]",run_cf189fe93ed005701355
term_bab89329ac83b3e8865d,Recognised cases of occupational cancers - experimental statistics,measure,0.72,local-hybrid,False,title-only term treated as likely measure; local model skipped because gold labels are pending,"[""occ_53273c16dfbc7d997ea4""]",run_cf189fe93ed005701355
term_4e0ddf305c45e778f407,Recovery rates for packaging waste,measure,0.72,local-hybrid,False,title-only term treated as likely measure; local model skipped because gold labels are pending,"[""occ_cfc323a7762b50273791""]",run_cf189fe93ed005701355
term_6dfbe651fbcc2ab01089,Recycling rate of all waste excluding major mineral waste,measure,0.72,local-hybrid,False,title-only term treated as likely measure; local model skipped because gold labels are pending,"[""occ_df16d678450ed500d2fd""]",run_cf189fe93ed005701355
term_dddf669a6cdf619cef80,Recycling rate of packaging waste by type of packaging,measure,0.72,local-hybrid,False,title-only term treated as likely measure; local model skipped because gold labels are pending,"[""occ_bcc07ee2a9c5e6f00f0a""]",run_cf189fe93ed005701355
term_0441bdcb641d9db63f22,Recycling rate of waste of electrical and electronic equipment (WEEE) separately collected,measure,0.72,local-hybrid,False,title-only term treated as likely measure; local model skipped because gold labels are pending,"[""occ_4a1f71baef5eec78ab73""]",run_cf189fe93ed005701355
term_7cf6695d3afbf4c90dbe,Recycling rates for packaging waste,measure,0.72,local-hybrid,False,title-only term treated as likely measure; local model skipped because gold labels are pending,"[""occ_43b8bbf60b2f7a1247fa""]",run_cf189fe93ed005701355
term_34ee60daa9822653ce56,Regional disparities in gender employment gap (NUTS level 2),measure,0.88,local-hybrid,True,title evidence with measure lexical cue; local model skipped because gold labels are pending,"[""occ_7ba817ef4ffe16d8b4bc""]",run_cf189fe93ed005701355
term_6292bbab930d004a75ac,Regional disparities in long-term unemployment rates (NUTS level 2),measure,0.88,local-hybrid,True,title evidence with measure lexical cue; local model skipped because gold labels are pending,"[""occ_0fbf4c727b883348bbd0""]",run_cf189fe93ed005701355
term_b1852d757f42f26f16ce,Regional disparities in the rate of early leavers from education and training (NUTS level 2),measure,0.72,local-hybrid,False,title-only term treated as likely measure; local model skipped because gold labels are pending,"[""occ_4f4d3c521d4f3598a910""]",run_cf189fe93ed005701355
term_d72c23437b51f7d6c80e,Regional disparities in the rate of young people neither in employment nor in education and training (NEET) (NUTS level 2),measure,0.88,local-hybrid,True,title evidence with measure lexical cue; local model skipped because gold labels are pending,"[""occ_2f4c6bc7af455715e3a2""]",run_cf189fe93ed005701355
term_2ce044fadc1e119e1dfd,Relative incidence rate of accidental injuries at work by occupation and NACE Rev. 1.1 activity (EU mean rate = 100),measure,0.72,local-hybrid,False,title-only term treated as likely measure; local model skipped because gold labels are pending,"[""occ_fdfc5c9bf6312cdfcc6f""]",run_cf189fe93ed005701355
term_ffb2a3804db7cf0db44e,"Relative incidence rate of accidental injuries at work by severity, frequency of night work and age (EU mean rate = 100 for each severity)",measure,0.72,local-hybrid,False,title-only term treated as likely measure; local model skipped because gold labels are pending,"[""occ_c2d3290cad455060b4b0""]",run_cf189fe93ed005701355
term_b7072497e5356620ffb1,"Relative incidence rate of accidental injuries at work by severity, frequency of shift work and age (EU mean rate = 100 for each severity)",measure,0.72,local-hybrid,False,title-only term treated as likely measure; local model skipped because gold labels are pending,"[""occ_b6d1a614954ff71539d0""]",run_cf189fe93ed005701355
term_ebd44e236916fa5eeeec,"Relative incidence rate of accidental injuries at work by severity, working hours and sex (EU mean rate = 100 for each severity)",measure,0.72,local-hybrid,False,title-only term treated as likely measure; local model skipped because gold labels are pending,"[""occ_39860284a4cb9fe1b4c6""]",run_cf189fe93ed005701355
term_3418d0ec682ee97e2041,Relative median at-risk-of-poverty gap,measure,0.72,local-hybrid,False,title-only term treated as likely measure; local model skipped because gold labels are pending,"[""occ_951af041533d30a2c765""]",run_cf189fe93ed005701355
term_de8edef5d34294921c96,Relative median at-risk-of-poverty gap of elderly people,measure,0.72,local-hybrid,False,title-only term treated as likely measure; local model skipped because gold labels are pending,"[""occ_ffc24286fb3ce2441a23""]",run_cf189fe93ed005701355
term_ba0e6006d1a10fc438a0,Relative median at-risk-of-poverty gap of elderly people - EU-SILC and ECHP surveys,measure,0.72,local-hybrid,False,title-only term treated as likely measure; local model skipped because gold labels are pending,"[""occ_259d0c9f7e0aca7c3d9f""]",run_cf189fe93ed005701355
term_f177d5318f6bbdc99d9b,Relative median income ratio (60+),measure,0.88,local-hybrid,True,title evidence with measure lexical cue; local model skipped because gold labels are pending,"[""occ_2571618f7bf31bdb351f""]",run_cf189fe93ed005701355
term_3de4fab0404f410eda9e,Relative median income ratio (65+),measure,0.88,local-hybrid,True,title evidence with measure lexical cue; local model skipped because gold labels are pending,"[""occ_5c7f1a54fb274f8a3e7d""]",run_cf189fe93ed005701355
term_22efd91c36cb3cff4359,Relative median income ratio (65+) - EU-SILC and ECHP surveys,measure,0.88,local-hybrid,True,title evidence with measure lexical cue; local model skipped because gold labels are pending,"[""occ_f506ea0ac2eb781748af""]",run_cf189fe93ed005701355
term_7a70d68ee281a57abed4,Relative median poverty risk gap by age group,measure,0.72,local-hybrid,False,title-only term treated as likely measure; local model skipped because gold labels are pending,"[""occ_89f0082616b124d5dd6b""]",run_cf189fe93ed005701355
term_6aeaf974fe24b90c1527,Relative median poverty risk gap by age group - EU-SILC survey,measure,0.72,local-hybrid,False,title-only term treated as likely measure; local model skipped because gold labels are pending,"[""occ_9254fc6daa9d9c47a2fe""]",run_cf189fe93ed005701355
term_d9371a6ec6f93e0cc375,Relative median poverty risk gap of elderly people,measure,0.72,local-hybrid,False,title-only term treated as likely measure; local model skipped because gold labels are pending,"[""occ_b667b365d33dabff8abd""]",run_cf189fe93ed005701355
term_f0ab50c15329c3bb9a20,Relative median poverty risk gap of elderly people - EU-SILC survey,measure,0.72,local-hybrid,False,title-only term treated as likely measure; local model skipped because gold labels are pending,"[""occ_e4d6ac729cc85031dbe5""]",run_cf189fe93ed005701355
term_83ea4805c4fdf4550113,Relative poverty gap by risk of poverty and work intensity of the household,measure,0.72,local-hybrid,False,title-only term treated as likely measure; local model skipped because gold labels are pending,"[""occ_6493bd9828e5b95275d3""]",run_cf189fe93ed005701355
term_c13633b1f5d1178e4b09,Relative poverty gap by risk of poverty and work intensity of the households with income from benefits,measure,0.88,local-hybrid,True,title evidence with measure lexical cue; local model skipped because gold labels are pending,"[""occ_864e3bc74dc911c8da22""]",run_cf189fe93ed005701355
term_849e62807acaa4f25c07,"Relative poverty threshold after social transfers, income per month",measure,0.88,local-hybrid,True,title evidence with measure lexical cue; local model skipped because gold labels are pending,"[""occ_e4e85958c855fd209fa3""]",run_cf189fe93ed005701355
term_76c2945b074128c6464f,"Relative poverty threshold after social transfers, income per month - ENP-East countries",measure,0.88,local-hybrid,True,title evidence with measure lexical cue; local model skipped because gold labels are pending,"[""occ_be4bfab83949e7c4c624""]",run_cf189fe93ed005701355
term_16bcfc9c0fbe0f162c66,Relative standardised incidence rate of accidental injuries at work by educational attainment level and sex (mean rate for each Member State = 100),measure,0.72,local-hybrid,False,title-only term treated as likely measure; local model skipped because gold labels are pending,"[""occ_c11bdff4f76b09439014""]",run_cf189fe93ed005701355
term_9c2f7325dcc77720a0f3,Remuneration indexes of national civil servants in central public administration,measure,0.72,local-hybrid,False,title-only term treated as likely measure; local model skipped because gold labels are pending,"[""occ_e21f8bafc90eaf5f67ed""]",run_cf189fe93ed005701355
term_fb2242632dabfe71b151,Research and development expenditure by sector of performance,measure,0.88,local-hybrid,True,title evidence with measure lexical cue; local model skipped because gold labels are pending,"[""occ_4b661b641bf71a7a03a8""]",run_cf189fe93ed005701355
term_db0f14ace32631d2f1df,Researchers in the higher education sector by seniority category,measure,0.72,local-hybrid,False,title-only term treated as likely measure; local model skipped because gold labels are pending,"[""occ_b10589a69d9511ba39b6""]",run_cf189fe93ed005701355
term_c3d954caedef9cf4f3a4,Resettled persons,measure,0.72,local-hybrid,False,title-only term treated as likely measure; local model skipped because gold labels are pending,"[""occ_7450802257b8dce46da3""]",run_cf189fe93ed005701355
term_6c1be49d94c74261fc7d,Resettled persons - annual data,measure,0.72,local-hybrid,False,title-only term treated as likely measure; local model skipped because gold labels are pending,"[""occ_e915ed5b610d5c31bde8""]",run_cf189fe93ed005701355
term_a1a1c178b9dad260c34e,Residential building permits,measure,0.72,local-hybrid,False,title-only term treated as likely measure; local model skipped because gold labels are pending,"[""occ_b3713e44442a60bfb768""]",run_cf189fe93ed005701355
term_22ec0cecd477ecd6ff4f,Residential building permits - annual data,measure,0.72,local-hybrid,False,title-only term treated as likely measure; local model skipped because gold labels are pending,"[""occ_2145fee91f9a93fc5d03""]",run_cf189fe93ed005701355
term_2d8a5d2e0caf42f704f0,Residential construction,measure,0.72,local-hybrid,False,title-only term treated as likely measure; local model skipped because gold labels are pending,"[""occ_ab4a4842c13cf3048c38""]",run_cf189fe93ed005701355
term_18ca3b5c7d836a170234,"Residential construction - annual data, % of GDP",measure,0.88,local-hybrid,True,title evidence with measure lexical cue; local model skipped because gold labels are pending,"[""occ_0d0a452c6b9f0cee156b""]",run_cf189fe93ed005701355
term_7998ea87da8d023f74c9,Retail trade turnover - automotive fuel,measure,0.72,local-hybrid,False,title-only term treated as likely measure; local model skipped because gold labels are pending,"[""occ_3ddfd4b2ae660ba7a579""]",run_cf189fe93ed005701355
term_414dfceeb5eced7a9881,"Retail trade turnover - food, beverages and tobacco",measure,0.72,local-hybrid,False,title-only term treated as likely measure; local model skipped because gold labels are pending,"[""occ_63afe798447ce35f65f7""]",run_cf189fe93ed005701355
term_7421c2a2cf773ac9c4f8,Retail trade turnover - non food,measure,0.72,local-hybrid,False,title-only term treated as likely measure; local model skipped because gold labels are pending,"[""occ_67362e94909eba175ff7""]",run_cf189fe93ed005701355
term_a0a26614c6519e9f2e72,Retail trade turnover - total,measure,0.72,local-hybrid,False,title-only term treated as likely measure; local model skipped because gold labels are pending,"[""occ_88f4fca8727cdce3f2e1""]",run_cf189fe93ed005701355
term_e05002e50ec575d45b7d,Retail trade volume of sales,measure,0.88,local-hybrid,True,title evidence with measure lexical cue; local model skipped because gold labels are pending,"[""occ_19e2ff9e5cd76afe76ea"", ""occ_42f64b9b474bd6e5212f"", ""occ_6d71a9882ef01c3c9f21"", ""occ_e3af1515c826ed4d6b7d""]",run_cf189fe93ed005701355
term_ba47358bfc54de8095aa,Retail trade volume of sales - automotive fuel,measure,0.88,local-hybrid,True,title evidence with measure lexical cue; local model skipped because gold labels are pending,"[""occ_bb7bf99b72aba6b63238""]",run_cf189fe93ed005701355
term_d89120ce008c2ccbdc95,"Retail trade volume of sales - food, beverages and tobacco",measure,0.88,local-hybrid,True,title evidence with measure lexical cue; local model skipped because gold labels are pending,"[""occ_352f677a0c45ae04fe8d""]",run_cf189fe93ed005701355
term_4c5308d0a19b91efd0ab,Retail trade volume of sales - non food,measure,0.88,local-hybrid,True,title evidence with measure lexical cue; local model skipped because gold labels are pending,"[""occ_a0594eb9dae16cc7a022""]",run_cf189fe93ed005701355
term_3b7f7fbc9919a7ca04c3,Retail trade volume of sales - total,measure,0.88,local-hybrid,True,title evidence with measure lexical cue; local model skipped because gold labels are pending,"[""occ_b80b9bd54049ac658bbd""]",run_cf189fe93ed005701355
term_4aac2f9ebd7575071967,Retail trade volume of sales index (deflated turnover),measure,0.88,local-hybrid,True,title evidence with measure lexical cue; local model skipped because gold labels are pending,"[""occ_f96a4365b38ceda887f0""]",run_cf189fe93ed005701355
term_d6f5bc46e400e8956380,Retail trade volume of sales index (deflated turnover) - ENP-East countries,measure,0.88,local-hybrid,True,title evidence with measure lexical cue; local model skipped because gold labels are pending,"[""occ_1064ff41c747a586c10d""]",run_cf189fe93ed005701355
term_8cf5a7e4b517c8809013,Return on equity of banks,measure,0.72,local-hybrid,False,title-only term treated as likely measure; local model skipped because gold labels are pending,"[""occ_8fcbf457d5d020a71255""]",run_cf189fe93ed005701355
term_41d6425d6aa660c52a93,Returns by type of return,measure,0.72,local-hybrid,False,title-only term treated as likely measure; local model skipped because gold labels are pending,"[""occ_1c61cec34c2cd1a6f5fb""]",run_cf189fe93ed005701355
term_d2c782ce381e6b0b7d7b,Returns by type of return - % of total returns,measure,0.72,local-hybrid,False,title-only term treated as likely measure; local model skipped because gold labels are pending,"[""occ_f32e73b5a71e8d37e79d""]",run_cf189fe93ed005701355
term_d05691efb36814881d88,Road accidents,measure,0.72,local-hybrid,False,title-only term treated as likely measure; local model skipped because gold labels are pending,"[""occ_929e5e2b8b10ad048a49""]",run_cf189fe93ed005701355
term_5345018b2ad8db26589d,Road accidents: persons killed,measure,0.72,local-hybrid,False,title-only term treated as likely measure; local model skipped because gold labels are pending,"[""occ_d3d2d8f8509939c134a5""]",run_cf189fe93ed005701355
term_4ea94854b36b7164e6fb,"Road cabotage transport by country in which cabotage takes place (t, tkm)",measure,0.88,local-hybrid,True,title evidence with measure lexical cue; local model skipped because gold labels are pending,"[""occ_e2efbde9346de366d647""]",run_cf189fe93ed005701355
term_0da9b68f84efad225392,"Road cabotage transport by country in which cabotage takes place (t, tkm) - (from onwards)",measure,0.88,local-hybrid,True,title evidence with measure lexical cue; local model skipped because gold labels are pending,"[""occ_f9c5658632fc4808080c""]",run_cf189fe93ed005701355
term_05c0b6ba67174ffe73ae,Road cabotage transport by country in which cabotage takes place (tkm),measure,0.88,local-hybrid,True,title evidence with measure lexical cue; local model skipped because gold labels are pending,"[""occ_0a62e73f974d8d429dde""]",run_cf189fe93ed005701355
term_c5b812f5d9a40c40c48e,Road cabotage transport performed by each (tkm),measure,0.88,local-hybrid,True,title evidence with measure lexical cue; local model skipped because gold labels are pending,"[""occ_79392a99eeb8869d47a9""]",run_cf189fe93ed005701355
term_1186994fc84c1a26c724,Road equipment: load capacity of lorries,measure,0.72,local-hybrid,False,title-only term treated as likely measure; local model skipped because gold labels are pending,"[""occ_ac5adcb9e3b2f4b0d9bf""]",run_cf189fe93ed005701355
term_13cfd2714c43333b9dda,Road equipment: new registrations by categories,measure,0.72,local-hybrid,False,title-only term treated as likely measure; local model skipped because gold labels are pending,"[""occ_ed40485f1c6ee6ff41e5""]",run_cf189fe93ed005701355
term_2dbfff91341941a1c03b,Road equipment: number of road vehicles by age,measure,0.72,local-hybrid,False,title-only term treated as likely measure; local model skipped because gold labels are pending,"[""occ_8b78732f3b11f96a1951""]",run_cf189fe93ed005701355
term_91c3b006cb80941c54fa,Road equipment: number of road vehicles by categories,measure,0.72,local-hybrid,False,title-only term treated as likely measure; local model skipped because gold labels are pending,"[""occ_54c65baad7578ece1a4f""]",run_cf189fe93ed005701355
term_bac0c3c9920f444b2b53,Road freight transport,measure,0.88,local-hybrid,True,title evidence with measure lexical cue; local model skipped because gold labels are pending,"[""occ_74ec1a5ae1a93cd9e8d4"", ""occ_8bfadbdd4c01bd5b383e""]",run_cf189fe93ed005701355
term_00f3ee6bf94038cfb789,Road freight transport - ENP-East countries,measure,0.88,local-hybrid,True,title evidence with measure lexical cue; local model skipped because gold labels are pending,"[""occ_26a9a1f4b4474ead75f2""]",run_cf189fe93ed005701355
term_5e4df62ef683da8502b4,Road freight transport - ENP-South countries,measure,0.88,local-hybrid,True,title evidence with measure lexical cue; local model skipped because gold labels are pending,"[""occ_96c5e99b072a94d3110e""]",run_cf189fe93ed005701355
term_bd16ed3b50396db5bfb6,road freight transport in volume,measure,0.88,local-hybrid,True,title evidence with measure lexical cue; local model skipped because gold labels are pending,"[""occ_b3f53bc4ef662b2c04a3""]",run_cf189fe93ed005701355
term_2b61419fa81c53ccd43f,Road infrastructure,measure,0.72,local-hybrid,False,title-only term treated as likely measure; local model skipped because gold labels are pending,"[""occ_df55976c29afc483e71d""]",run_cf189fe93ed005701355
term_8abff4df032cf69c94e2,Road infrastructure: lenght of road network,measure,0.72,local-hybrid,False,title-only term treated as likely measure; local model skipped because gold labels are pending,"[""occ_91af509a53a69eb59cf7""]",run_cf189fe93ed005701355
term_6c30374dfde16015894d,Road tractors by type of motor energy,measure,0.72,local-hybrid,False,title-only term treated as likely measure; local model skipped because gold labels are pending,"[""occ_134a5ebb25cf7fc99838""]",run_cf189fe93ed005701355
term_977021e0ded3ae8c6a16,Road traffic,measure,0.72,local-hybrid,False,title-only term treated as likely measure; local model skipped because gold labels are pending,"[""occ_2d6c3034999def42dfb5""]",run_cf189fe93ed005701355
term_35f091028bedc80f3304,Road traffic: road freight transport in volume,measure,0.88,local-hybrid,True,title evidence with measure lexical cue; local model skipped because gold labels are pending,"[""occ_efadf26bb54e7a35d0cb""]",run_cf189fe93ed005701355
term_43281399c36fd8b2ebeb,Root crops and plants harvested green from arable land by area,measure,0.72,local-hybrid,False,title-only term treated as likely measure; local model skipped because gold labels are pending,"[""occ_5b5ad2d264837c987951""]",run_cf189fe93ed005701355
term_793c46c555df1c2cc3be,"Rye and winter cereal mixtures by area, production and humidity",measure,0.88,local-hybrid,True,title evidence with measure lexical cue; local model skipped because gold labels are pending,"[""occ_7cf488b8aaf104f3eb92""]",run_cf189fe93ed005701355
term_acd69213722fdbfd0960,Sales and collection of portable batteries and accumulators,measure,0.88,local-hybrid,True,title evidence with measure lexical cue; local model skipped because gold labels are pending,"[""occ_faaff2d74e1856282bda""]",run_cf189fe93ed005701355
term_c32dfb066c8145002307,Satisfaction with the job by risk of poverty threshold and level of disability (activity limitation),measure,0.72,local-hybrid,False,title-only term treated as likely measure; local model skipped because gold labels are pending,"[""occ_687bd37e35f1961ca598""]",run_cf189fe93ed005701355
term_721a9dd463087a0a98d6,School completion rate at ISCED 1 level by sex,measure,0.72,local-hybrid,False,title-only term treated as likely measure; local model skipped because gold labels are pending,"[""occ_f842e4de42db3b58b581""]",run_cf189fe93ed005701355
term_7b4dc2320d674ccc45d0,School completion rate at ISCED 1 level by sex - ENP-South countries,measure,0.72,local-hybrid,False,title-only term treated as likely measure; local model skipped because gold labels are pending,"[""occ_188c21d3bc05e783340c""]",run_cf189fe93ed005701355
term_c943668852a9a733cf2d,Sea transport of goods,measure,0.88,local-hybrid,True,title evidence with measure lexical cue; local model skipped because gold labels are pending,"[""occ_7510806ce490d5457e35""]",run_cf189fe93ed005701355
term_74fb9a08c353b20c1b6f,"Seat capacity of new motor coaches, buses and trolley buses",measure,0.72,local-hybrid,False,title-only term treated as likely measure; local model skipped because gold labels are pending,"[""occ_2e10b2a57e22d105f7dd""]",run_cf189fe93ed005701355
term_c6ca603b19beea5c735f,Seat capacity of passenger railway vehicles by type of vehicles,measure,0.72,local-hybrid,False,title-only term treated as likely measure; local model skipped because gold labels are pending,"[""occ_8c030063024bdce33030""]",run_cf189fe93ed005701355
term_551f91602132fb8ae022,seat km,measure,0.72,local-hybrid,False,title-only term treated as likely measure; local model skipped because gold labels are pending,"[""occ_c77030c4ea6ae6d8aa70""]",run_cf189fe93ed005701355
term_d6eff49a727ff91e2ddb,Seat/berth capacity of passenger railway vehicles,measure,0.72,local-hybrid,False,title-only term treated as likely measure; local model skipped because gold labels are pending,"[""occ_dd59b7127093c8ba9cf1""]",run_cf189fe93ed005701355
term_65bf0215a34702079df7,"Seats /berths in motor coaches, buses and trolley buses",measure,0.72,local-hybrid,False,title-only term treated as likely measure; local model skipped because gold labels are pending,"[""occ_0ada6b43f6759bc2c181""]",run_cf189fe93ed005701355
term_2dd8e24f58574fa94a26,Seats held by women in national parliaments and governments,measure,0.72,local-hybrid,False,title-only term treated as likely measure; local model skipped because gold labels are pending,"[""occ_c595a2298294f5021040""]",run_cf189fe93ed005701355
term_8030a23a4a2dc7be617b,Secondary energy production (transformation),measure,0.88,local-hybrid,True,title evidence with measure lexical cue; local model skipped because gold labels are pending,"[""occ_1ea8d849ccc62150932f""]",run_cf189fe93ed005701355
term_65f931a9d4bebf6fc3e4,"Secondary wood products, production",measure,0.88,local-hybrid,True,title evidence with measure lexical cue; local model skipped because gold labels are pending,"[""occ_63248a4ab6079ac3bfc5""]",run_cf189fe93ed005701355
term_7e26d5b77c598f317b6e,Self-employed persons having at least one client in the last 12 months by control over working time,measure,0.72,local-hybrid,False,title-only term treated as likely measure; local model skipped because gold labels are pending,"[""occ_935c664afe8c22f7be1a""]",run_cf189fe93ed005701355
term_ca6e4f864f95904a8720,Self-reported breast examination by X-ray by educational attainment level among women aged 50-69 (%),measure,0.72,local-hybrid,False,title-only term treated as likely measure; local model skipped because gold labels are pending,"[""occ_72e8335eca60930c9311""]",run_cf189fe93ed005701355
term_b91a58341e2262cf3786,Self-reported cervical smear test by educational attainment level among women aged 20-69 (%),measure,0.72,local-hybrid,False,title-only term treated as likely measure; local model skipped because gold labels are pending,"[""occ_e363f81d1f5df4f7f49f""]",run_cf189fe93ed005701355
term_ea3b453c86ce5e2ea1c8,Self-reported unmet need for medical care by sex,measure,0.72,local-hybrid,False,title-only term treated as likely measure; local model skipped because gold labels are pending,"[""occ_786d2d93f6f1af5e8493""]",run_cf189fe93ed005701355
term_f287719842b9def3cd28,Self-reported unmet need for medical examination and care by sex,measure,0.72,local-hybrid,False,title-only term treated as likely measure; local model skipped because gold labels are pending,"[""occ_e15d2561550ed5ff1a6d""]",run_cf189fe93ed005701355
term_802a2e3509cff8472a2d,"Self-reported unmet needs for medical examination due to financial reasons, long waiting list or distance by NUTS-2-region",measure,0.72,local-hybrid,False,title-only term treated as likely measure; local model skipped because gold labels are pending,"[""occ_eda29d28dd86a43df523""]",run_cf189fe93ed005701355
term_c6220edb9a37f69fe26d,"Self-reported unmet needs for medical examination due to financial reasons, long waiting list or distance by NUTS-2-region - % of the persons having the same needs",measure,0.72,local-hybrid,False,title-only term treated as likely measure; local model skipped because gold labels are pending,"[""occ_f70bc881349ffb717068""]",run_cf189fe93ed005701355
term_e04405beff298ca00cd8,Self-reported use of home care services by people with severe difficulty in personal care activities by age and household type,measure,0.72,local-hybrid,False,title-only term treated as likely measure; local model skipped because gold labels are pending,"[""occ_24151d2e46c4ee026818""]",run_cf189fe93ed005701355
term_1bb2fe4c1499a203a1f3,Self-reported use of home care services by people with severe difficulty in personal care activities by sex and age,measure,0.72,local-hybrid,False,title-only term treated as likely measure; local model skipped because gold labels are pending,"[""occ_21a370a9018a298e1477""]",run_cf189fe93ed005701355
term_3c6db2dfbfb5d56d21f8,Selling prices of barley,measure,0.88,local-hybrid,True,title evidence with measure lexical cue; local model skipped because gold labels are pending,"[""occ_3d81150b9f19b784fb4d""]",run_cf189fe93ed005701355
term_8ae9febccaa808aa61b1,Selling prices of calves,measure,0.88,local-hybrid,True,title evidence with measure lexical cue; local model skipped because gold labels are pending,"[""occ_afb5d2453875a1d0fa05""]",run_cf189fe93ed005701355
term_7e6b66c9d3d0e5d8a5de,Selling prices of chickens (live 1st choice),measure,0.88,local-hybrid,True,title evidence with measure lexical cue; local model skipped because gold labels are pending,"[""occ_76710f12341017d41cb2""]",run_cf189fe93ed005701355
term_1b5c2b9c0bccd1eda4f0,Selling prices of fresh eggs,measure,0.88,local-hybrid,True,title evidence with measure lexical cue; local model skipped because gold labels are pending,"[""occ_0cf0f36886d033e4dfb8""]",run_cf189fe93ed005701355
term_47ac29381f85fbf42700,Selling prices of main crop potatoes,measure,0.88,local-hybrid,True,title evidence with measure lexical cue; local model skipped because gold labels are pending,"[""occ_c844b1bd457e0e256269""]",run_cf189fe93ed005701355
term_e8bb5187b5795bdb8efb,Selling prices of maize,measure,0.88,local-hybrid,True,title evidence with measure lexical cue; local model skipped because gold labels are pending,"[""occ_59ff24cbb9e52bc778cf""]",run_cf189fe93ed005701355
term_2c07bd94b4e43d46432e,Selling prices of oats,measure,0.88,local-hybrid,True,title evidence with measure lexical cue; local model skipped because gold labels are pending,"[""occ_ced917f8d315be1a8ec3""]",run_cf189fe93ed005701355
term_e1ed281f7f0b76371214,Selling prices of piglets,measure,0.88,local-hybrid,True,title evidence with measure lexical cue; local model skipped because gold labels are pending,"[""occ_bcbc1035e59e253240a6""]",run_cf189fe93ed005701355
term_6e08e94ef6da9bc1d1a2,Selling prices of pigs (light),measure,0.88,local-hybrid,True,title evidence with measure lexical cue; local model skipped because gold labels are pending,"[""occ_33b1971a05398407da7c""]",run_cf189fe93ed005701355
term_ecdcf7eb31b6f39bf823,Selling prices of raw cow's milk,measure,0.88,local-hybrid,True,title evidence with measure lexical cue; local model skipped because gold labels are pending,"[""occ_b03ab9985032403106f2""]",run_cf189fe93ed005701355
term_ade4d4857a14058b599e,Selling prices of sheep,measure,0.88,local-hybrid,True,title evidence with measure lexical cue; local model skipped because gold labels are pending,"[""occ_b5224e9929c3df117ec0""]",run_cf189fe93ed005701355
term_95e7e6f2848eac909c03,Selling prices of soft wheat,measure,0.88,local-hybrid,True,title evidence with measure lexical cue; local model skipped because gold labels are pending,"[""occ_0671706d299cc10394fd""]",run_cf189fe93ed005701355
term_a98332e2942b3c18dca1,Selling prices of sugar beet (unit value),measure,0.88,local-hybrid,True,title evidence with measure lexical cue; local model skipped because gold labels are pending,"[""occ_bcddfa7d82da40b04dac""]",run_cf189fe93ed005701355
term_f60e811d4e3ea9653f47,"Semi-trailers and their load capacity, by permissible maximum gross weight",measure,0.72,local-hybrid,False,title-only term treated as likely measure; local model skipped because gold labels are pending,"[""occ_e2d1094ef5e4ba550edc""]",run_cf189fe93ed005701355
term_c4f10366a7f1dbb6e761,Semi-trailers by load capacity,measure,0.72,local-hybrid,False,title-only term treated as likely measure; local model skipped because gold labels are pending,"[""occ_d1827a4fbefff0448a4c""]",run_cf189fe93ed005701355
term_0684891298669ef48fb1,Services trade by broad economic categories (BEC Rev.5),measure,0.72,local-hybrid,False,title-only term treated as likely measure; local model skipped because gold labels are pending,"[""occ_53a8604cfa5c34c8740e""]",run_cf189fe93ed005701355
term_993b3746336babacfde0,Services turnover index,measure,0.72,local-hybrid,False,title-only term treated as likely measure; local model skipped because gold labels are pending,"[""occ_99eb4424327914c14c04""]",run_cf189fe93ed005701355
term_51622e8370bcb409b4d6,Services turnover index - calendar adjusted - ENP-East countries,measure,0.72,local-hybrid,False,title-only term treated as likely measure; local model skipped because gold labels are pending,"[""occ_5d0df458210d1314a403""]",run_cf189fe93ed005701355
term_fb904df465fb8a88526b,Settlement area,measure,0.72,local-hybrid,False,title-only term treated as likely measure; local model skipped because gold labels are pending,"[""occ_985e2893f2a12dbeb7f6""]",run_cf189fe93ed005701355
term_3e4f038181f7ed454b96,Severe housing deprivation rate by degree of urbanisation,measure,0.72,local-hybrid,False,title-only term treated as likely measure; local model skipped because gold labels are pending,"[""occ_4b3416efd2d7c66f0298""]",run_cf189fe93ed005701355
term_ffd9b4c7b420884fbe19,Severe housing deprivation rate by income quintile,measure,0.88,local-hybrid,True,title evidence with measure lexical cue; local model skipped because gold labels are pending,"[""occ_cbd8150c774ead94a3c8""]",run_cf189fe93ed005701355
term_a702047fd88fc35d07ab,Severe housing deprivation rate by poverty status,measure,0.72,local-hybrid,False,title-only term treated as likely measure; local model skipped because gold labels are pending,"[""occ_be2bb3c03c21be0b4ecd""]",run_cf189fe93ed005701355
term_19fb0edb316fe3a7210a,Severe housing deprivation rate by tenure status,measure,0.72,local-hybrid,False,title-only term treated as likely measure; local model skipped because gold labels are pending,"[""occ_59bbd8983526a79e7deb""]",run_cf189fe93ed005701355
term_e8c7127b36bb64819eb0,Severe material and social deprivation by NUTS 2 region,measure,0.72,local-hybrid,False,title-only term treated as likely measure; local model skipped because gold labels are pending,"[""occ_c7aed6b2667d1e331131""]",run_cf189fe93ed005701355
term_552ae42c95dba6d3c7ce,Severe material and social deprivation rate,measure,0.72,local-hybrid,False,title-only term treated as likely measure; local model skipped because gold labels are pending,"[""occ_840c13f0fa031d4d2120""]",run_cf189fe93ed005701355
term_76213bd3db7c508343fc,Severe material and social deprivation rate by age group and sex,measure,0.72,local-hybrid,False,title-only term treated as likely measure; local model skipped because gold labels are pending,"[""occ_c73a924975c777c32b44""]",run_cf189fe93ed005701355
term_f4498a72d9fa0113c347,Severe material and social deprivation rate by sex,measure,0.72,local-hybrid,False,title-only term treated as likely measure; local model skipped because gold labels are pending,"[""occ_f15654e608037631d5af""]",run_cf189fe93ed005701355
term_d381e41ac96db6af7127,Severe material and social deprivation rate for children (aged less than 18) by sex,measure,0.72,local-hybrid,False,title-only term treated as likely measure; local model skipped because gold labels are pending,"[""occ_2d11e24f2785f8e6aebf""]",run_cf189fe93ed005701355
term_8ad69044115d5bbcdded,Severe material deprivation rate by tenure status,measure,0.72,local-hybrid,False,title-only term treated as likely measure; local model skipped because gold labels are pending,"[""occ_a33b9813f66ddf5cc573""]",run_cf189fe93ed005701355
term_357da83c49bb82a773e1,Severely materially and socially deprived people,measure,0.72,local-hybrid,False,title-only term treated as likely measure; local model skipped because gold labels are pending,"[""occ_f773c46232a4f69585b8""]",run_cf189fe93ed005701355
term_807855b35101cb82e6e2,Sewage sludge production and disposal from urban wastewater (in dry substance (d.s)),measure,0.88,local-hybrid,True,title evidence with measure lexical cue; local model skipped because gold labels are pending,"[""occ_6304e826e2a557306af9""]",run_cf189fe93ed005701355
term_954ca740b946732504d6,Share for transmission and distribution in the network cost for gas and electricity,measure,0.72,local-hybrid,False,title-only term treated as likely measure; local model skipped because gold labels are pending,"[""occ_93c736b6a8801205c7da""]",run_cf189fe93ed005701355
term_bb45c816e772f714b53b,Share for transmission and distribution in the network cost for gas and electricity - annual data,measure,0.72,local-hybrid,False,title-only term treated as likely measure; local model skipped because gold labels are pending,"[""occ_96c9485490eda70f8ac4""]",run_cf189fe93ed005701355
term_1b743ced7fa697781fea,Share of buses and trains in passenger transport,measure,0.88,local-hybrid,True,title evidence with measure lexical cue; local model skipped because gold labels are pending,"[""occ_fc8f836719beb0fd1a9b""]",run_cf189fe93ed005701355
term_af5dfc50cd97c3d1e708,Share of children (aged less than 18) living with their parents by type of household,measure,0.72,local-hybrid,False,title-only term treated as likely measure; local model skipped because gold labels are pending,"[""occ_6cc557cc6cead15bf927""]",run_cf189fe93ed005701355
term_24855d59adb02bdaac0b,Share of digital platform workers (in the last 12 months) by educational attainment level,measure,0.72,local-hybrid,False,title-only term treated as likely measure; local model skipped because gold labels are pending,"[""occ_36b93ea15d0cd78d1d23""]",run_cf189fe93ed005701355
term_8be305bdd79aa2fe1efa,Share of digital platform workers (in the last 12 months) by educational attainment level - experimental statistics,measure,0.72,local-hybrid,False,title-only term treated as likely measure; local model skipped because gold labels are pending,"[""occ_342450dc68b3b463215e""]",run_cf189fe93ed005701355
term_ee7cfb2cc7b083ea65a1,Share of digital platform workers (in the last 12 months) by type of task or service,measure,0.72,local-hybrid,False,title-only term treated as likely measure; local model skipped because gold labels are pending,"[""occ_3645753a6db5b7032039""]",run_cf189fe93ed005701355
term_0705f19c94bf409bd24d,Share of digital platform workers (in the last 12 months) by type of task or service - experimental statistics,measure,0.72,local-hybrid,False,title-only term treated as likely measure; local model skipped because gold labels are pending,"[""occ_4718112034cafcc9d00e""]",run_cf189fe93ed005701355
term_64b17d3e853ff4189c03,Share of energy from renewable sources,measure,0.72,local-hybrid,False,title-only term treated as likely measure; local model skipped because gold labels are pending,"[""occ_552de6d2d6e47fb41c07""]",run_cf189fe93ed005701355
term_6bd136538511086c9ba4,"Share of enterprises using any business software (ERP, CRM or BI)",measure,0.72,local-hybrid,False,title-only term treated as likely measure; local model skipped because gold labels are pending,"[""occ_9d3217c10a12c9455aea""]",run_cf189fe93ed005701355
term_d5e6e7e9ba7eb440af3f,Share of enterprises' turnover on e-commerce,measure,0.72,local-hybrid,False,title-only term treated as likely measure; local model skipped because gold labels are pending,"[""occ_24549fac54356454a8fb""]",run_cf189fe93ed005701355
term_49c3d0f2d625cc18f8d4,Share of environmental taxes in total tax revenues,measure,0.72,local-hybrid,False,title-only term treated as likely measure; local model skipped because gold labels are pending,"[""occ_4e78e4595556dcc5a892""]",run_cf189fe93ed005701355
term_106fbb9de91742443101,Share of fossil fuels in gross available energy,measure,0.72,local-hybrid,False,title-only term treated as likely measure; local model skipped because gold labels are pending,"[""occ_1a5b8904129e5cd51bc0""]",run_cf189fe93ed005701355
term_d9dc4d60cef3d7a1efdf,Share of GBARD in total general government expenditure,measure,0.88,local-hybrid,True,title evidence with measure lexical cue; local model skipped because gold labels are pending,"[""occ_f06c6716c7fdb0db1141""]",run_cf189fe93ed005701355
term_d98b4e53618855eae2aa,Share of government allocations for R&D (GBARD) allocated to defence and total civil socio-economic objectives,measure,0.72,local-hybrid,False,title-only term treated as likely measure; local model skipped because gold labels are pending,"[""occ_482865be0f613efa1631""]",run_cf189fe93ed005701355
term_1e36bda8eb5cb25eb8f0,Share of imports and exports in EU27 trade,measure,0.72,local-hybrid,False,title-only term treated as likely measure; local model skipped because gold labels are pending,"[""occ_64425628efd3747ae048""]",run_cf189fe93ed005701355
term_ffc8e87b58325536072f,Share of imports and exports in EU27 trade - ENP-East countries,measure,0.72,local-hybrid,False,title-only term treated as likely measure; local model skipped because gold labels are pending,"[""occ_159b28b762ed7156f4b1""]",run_cf189fe93ed005701355
term_8b89b40182eff5fb0294,Share of landcover types affected by severe erosion,measure,0.72,local-hybrid,False,title-only term treated as likely measure; local model skipped because gold labels are pending,"[""occ_5b4ac2843e4a6ec652e9""]",run_cf189fe93ed005701355
term_afe7759e5baca150ea21,Share of organic crop area out of the total utilised agricultural area (UAA),measure,0.88,local-hybrid,True,title evidence with measure lexical cue; local model skipped because gold labels are pending,"[""occ_6ed81d873c3f4a86bf15""]",run_cf189fe93ed005701355
term_370ca787bc34a541efd8,Share of people living in under-occupied dwellings by degree of urbanisation,measure,0.72,local-hybrid,False,title-only term treated as likely measure; local model skipped because gold labels are pending,"[""occ_6a2722926cb1c212d2d1""]",run_cf189fe93ed005701355
term_f2f7044cf051e6ac588e,Share of people living in under-occupied dwellings by degree of urbanisation - total population,measure,0.88,local-hybrid,True,title evidence with measure lexical cue; local model skipped because gold labels are pending,"[""occ_5c791db044e2c1f81857""]",run_cf189fe93ed005701355
term_fabf4b5487b576fe5c38,Share of people living in under-occupied dwellings by tenure status,measure,0.72,local-hybrid,False,title-only term treated as likely measure; local model skipped because gold labels are pending,"[""occ_1690239829930354caa7""]",run_cf189fe93ed005701355
term_3af505742b8264ff30b3,Share of people living in under-occupied dwellings by tenure status - total population,measure,0.88,local-hybrid,True,title evidence with measure lexical cue; local model skipped because gold labels are pending,"[""occ_e85348f468d286bcbeb6""]",run_cf189fe93ed005701355
term_d1e8189e69656e094615,Share of people with good or very good perceived health by sex,measure,0.72,local-hybrid,False,title-only term treated as likely measure; local model skipped because gold labels are pending,"[""occ_27e27e453d688e611e81""]",run_cf189fe93ed005701355
term_9219b150fcfd935fb3ce,Share of persons at risk of poverty or social exclusion by degree of urbanisation,measure,0.72,local-hybrid,False,title-only term treated as likely measure; local model skipped because gold labels are pending,"[""occ_41e60f57519f99f6bc27""]",run_cf189fe93ed005701355
term_823f0fdf459aef1fe7d0,Share of rail and waterways in freight transport,measure,0.88,local-hybrid,True,title evidence with measure lexical cue; local model skipped because gold labels are pending,"[""occ_11393dbbfedbe647807a""]",run_cf189fe93ed005701355
term_006b914fbce9892fe655,Share of renewable energy in gross final energy consumption by sector,measure,0.72,local-hybrid,False,title-only term treated as likely measure; local model skipped because gold labels are pending,"[""occ_9be369ddc6238fb1deda""]",run_cf189fe93ed005701355
term_e2b8352ea0bd6d24d2a8,Share of total population considering their dwelling as too dark,measure,0.88,local-hybrid,True,title evidence with measure lexical cue; local model skipped because gold labels are pending,"[""occ_c24325e474294aa83249""]",run_cf189fe93ed005701355
term_d6eb62d83d043213445a,Share of total population considering their dwelling as too dark - EU-SILC survey,measure,0.88,local-hybrid,True,title evidence with measure lexical cue; local model skipped because gold labels are pending,"[""occ_81a229fd977bd8164772""]",run_cf189fe93ed005701355
term_e240bb227d56e6e7f6a3,"Share of total population having neither a bath, nor a shower in their dwelling",measure,0.88,local-hybrid,True,title evidence with measure lexical cue; local model skipped because gold labels are pending,"[""occ_a52592f6806d8ec7d977""]",run_cf189fe93ed005701355
term_658d47fb6d3c1b8c88df,"Share of total population having neither a bath, nor a shower in their dwelling - EU-SILC survey",measure,0.88,local-hybrid,True,title evidence with measure lexical cue; local model skipped because gold labels are pending,"[""occ_1ff8b89e16133698a05a""]",run_cf189fe93ed005701355
term_0b83f07eaa7dd6ad6447,"Share of total population living in a dwelling with a leaking roof, damp walls, floors or foundation, or rot in window frames of floor",measure,0.88,local-hybrid,True,title evidence with measure lexical cue; local model skipped because gold labels are pending,"[""occ_27c1cebb2d92fa371d87""]",run_cf189fe93ed005701355
term_7218e473cbfc459e7f00,"Share of total population living in a dwelling with a leaking roof, damp walls, floors or foundation, or rot in window frames of floor - EU-SILC survey",measure,0.88,local-hybrid,True,title evidence with measure lexical cue; local model skipped because gold labels are pending,"[""occ_54a4c479aa7598825de9""]",run_cf189fe93ed005701355
term_5cdcf9cf1a2d52d3887b,Share of total population not having indoor flushing toilet for the sole use of their household,measure,0.88,local-hybrid,True,title evidence with measure lexical cue; local model skipped because gold labels are pending,"[""occ_ea0f8daa40d65da77bbe""]",run_cf189fe93ed005701355
term_452027397b2cdcf36d77,Share of total population not having indoor flushing toilet for the sole use of their household - EU-SILC survey,measure,0.88,local-hybrid,True,title evidence with measure lexical cue; local model skipped because gold labels are pending,"[""occ_ef73d90f99f4ed008d0a""]",run_cf189fe93ed005701355
term_1307152118ee849caad1,Share of women researchers by sector of performance,measure,0.72,local-hybrid,False,title-only term treated as likely measure; local model skipped because gold labels are pending,"[""occ_ded7cc02439fa72cae76""]",run_cf189fe93ed005701355
term_5e5a19fad8848b42187e,Share of women researchers in all sectors,measure,0.72,local-hybrid,False,title-only term treated as likely measure; local model skipped because gold labels are pending,"[""occ_80d64beb368e3bde7ae1""]",run_cf189fe93ed005701355
term_1d5b91236cb7ffbc2d3b,ship movements,measure,0.72,local-hybrid,False,title-only term treated as likely measure; local model skipped because gold labels are pending,"[""occ_61910a4833acfba0adb8""]",run_cf189fe93ed005701355
term_a03bdea9a2c1ac178e82,"Short sea shipping - country level - gross weight of goods transported to/from main ports, by direction",measure,0.88,local-hybrid,True,title evidence with measure lexical cue; local model skipped because gold labels are pending,"[""occ_8f1a322a3fb6a6b2228b""]",run_cf189fe93ed005701355
term_9a3dacd0972009bf63b3,"Short sea shipping - country level - volume (in TEUs) of containers transported to/from main ports, by loading status",measure,0.88,local-hybrid,True,title evidence with measure lexical cue; local model skipped because gold labels are pending,"[""occ_4ac63c63ddcc999f12d8""]",run_cf189fe93ed005701355
term_c179b5f3ca305b4b45df,"Short sea shipping - EU level - gross weight of goods transported to/from main ports, by type of cargo for each sea region of partner ports",measure,0.88,local-hybrid,True,title evidence with measure lexical cue; local model skipped because gold labels are pending,"[""occ_f4d5fa5c8e69f2afb071""]",run_cf189fe93ed005701355
term_4e93afc5a2768ab19df6,Smoking prevalence by sex,measure,0.72,local-hybrid,False,title-only term treated as likely measure; local model skipped because gold labels are pending,"[""occ_8e4e907cb8b2f3b11c0f""]",run_cf189fe93ed005701355
term_3bdd979f3dc7ba4e0a66,Social protection expenditure excluding administrative costs (including health expenditure),measure,0.88,local-hybrid,True,title evidence with measure lexical cue; local model skipped because gold labels are pending,"[""occ_81bf570695a4930bce18""]",run_cf189fe93ed005701355
term_d5170af9bd18d3defe26,Social protection expenditure excluding administrative costs (including health expenditure) - % of GDP - ENP-East countries,measure,0.88,local-hybrid,True,title evidence with measure lexical cue; local model skipped because gold labels are pending,"[""occ_f80b8c93503490dd2cf0""]",run_cf189fe93ed005701355
term_4130a70e2fc758c53f05,Soil sealing,measure,0.72,local-hybrid,False,title-only term treated as likely measure; local model skipped because gold labels are pending,"[""occ_eb3454b4a74d18842759""]",run_cf189fe93ed005701355
term_52992f14675c836f1637,Solar thermal collectors' surface,measure,0.72,local-hybrid,False,title-only term treated as likely measure; local model skipped because gold labels are pending,"[""occ_6065dd07839218264bbf""]",run_cf189fe93ed005701355
term_69e68f52d034583a434f,Sources of information used for getting information on learning possibilities,measure,0.72,local-hybrid,False,title-only term treated as likely measure; local model skipped because gold labels are pending,"[""occ_aad496721bcd97979c9e""]",run_cf189fe93ed005701355
term_f83a952c82d03a01dad9,Special purpose road vehicles,measure,0.72,local-hybrid,False,title-only term treated as likely measure; local model skipped because gold labels are pending,"[""occ_babbd0c734fc9ca10697""]",run_cf189fe93ed005701355
term_908f14554d236f99c580,Standardised death rate due to homicide by sex,measure,0.88,local-hybrid,True,title evidence with measure lexical cue; local model skipped because gold labels are pending,"[""occ_a1fa0b7e9b7c5fea43b5""]",run_cf189fe93ed005701355
term_2f610bfeb326156a6008,"Standardised death rate due to tuberculosis, HIV and hepatitis by type of disease",measure,0.88,local-hybrid,True,title evidence with measure lexical cue; local model skipped because gold labels are pending,"[""occ_1f17d7c2c9df747fd626""]",run_cf189fe93ed005701355
term_2628c6a89a9f36655b7d,Standardised incidence rate of accidents at work by NACE Rev. 1.1 activity and employment status,measure,0.88,local-hybrid,True,title evidence with measure lexical cue; local model skipped because gold labels are pending,"[""occ_1fb78dbb58a09fb32bb3""]",run_cf189fe93ed005701355
term_b158aad6bd612123afdc,Standardised incidence rate of accidents at work by NACE Rev. 1.1 activity and size of enterprise,measure,0.72,local-hybrid,False,title-only term treated as likely measure; local model skipped because gold labels are pending,"[""occ_9e3eccbd940cbccff7f1""]",run_cf189fe93ed005701355
term_9d9b8c58ffd4e0f00732,Standardised preventable and treatable mortality,measure,0.72,local-hybrid,False,title-only term treated as likely measure; local model skipped because gold labels are pending,"[""occ_e4fc0fd5a686da478e02""]",run_cf189fe93ed005701355
term_f7d6d6263be04318368a,Stock of general government debt security liabilities issued as 'green bonds',measure,0.72,local-hybrid,False,title-only term treated as likely measure; local model skipped because gold labels are pending,"[""occ_0f9abfe474e679302f8c""]",run_cf189fe93ed005701355
term_5f829060c22d86f7d6b2,"Stock of general government debt security liabilities issued as 'green bonds' - one-off data collection, experimental statistics",measure,0.72,local-hybrid,False,title-only term treated as likely measure; local model skipped because gold labels are pending,"[""occ_beabfafc2278770248a4""]",run_cf189fe93ed005701355
term_03961d630e0cb0a573b4,Stock of vehicles by category,measure,0.72,local-hybrid,False,title-only term treated as likely measure; local model skipped because gold labels are pending,"[""occ_efcc0096a6e85b20d7dd""]",run_cf189fe93ed005701355
term_ad17035c074b8bf92bfb,Stock of vehicles by category - ENP-South countries,measure,0.72,local-hybrid,False,title-only term treated as likely measure; local model skipped because gold labels are pending,"[""occ_6754258b392d2dc18149""]",run_cf189fe93ed005701355
term_19a1a50c5f264bf1bc40,stocks,measure,0.72,local-hybrid,False,title-only term treated as likely measure; local model skipped because gold labels are pending,"[""occ_642d3b4261e29929bb77""]",run_cf189fe93ed005701355
term_ce04e643041319212713,Structural information,measure,0.72,local-hybrid,False,title-only term treated as likely measure; local model skipped because gold labels are pending,"[""occ_8d2fc113099eaa82848d""]",run_cf189fe93ed005701355
term_05db6ec0ab651cfdef71,Students in post-compulsory education,measure,0.72,local-hybrid,False,title-only term treated as likely measure; local model skipped because gold labels are pending,"[""occ_4f0ea110e2b580b4f771""]",run_cf189fe93ed005701355
term_81d71c36ce39beb87a6b,Students in post-compulsory education - as % of the total population of post-compulsory school age,measure,0.88,local-hybrid,True,title evidence with measure lexical cue; local model skipped because gold labels are pending,"[""occ_530a75215b8dda3c7e4e""]",run_cf189fe93ed005701355
term_a3f8c95d7fbef24e23f0,Students in tertiary education,measure,0.72,local-hybrid,False,title-only term treated as likely measure; local model skipped because gold labels are pending,"[""occ_b3147abcd7709b734985""]",run_cf189fe93ed005701355
term_1cb603f82a73f7ac11aa,Subjective poverty by degree of urbanization,measure,0.72,local-hybrid,False,title-only term treated as likely measure; local model skipped because gold labels are pending,"[""occ_4a624ce1b7729df28786""]",run_cf189fe93ed005701355
term_1525307af6e8b30b1efb,Subjective poverty by educational attainment level (population aged 18 and over),measure,0.88,local-hybrid,True,title evidence with measure lexical cue; local model skipped because gold labels are pending,"[""occ_6a0ad2d8f18fe69d000c""]",run_cf189fe93ed005701355
term_15e64c38083428550348,Subjective poverty by tenure status,measure,0.72,local-hybrid,False,title-only term treated as likely measure; local model skipped because gold labels are pending,"[""occ_624269ce8b8bde0d0838""]",run_cf189fe93ed005701355
term_127015b9847860423017,Suicide death rate by age group,measure,0.88,local-hybrid,True,title evidence with measure lexical cue; local model skipped because gold labels are pending,"[""occ_3d985065c468a2e2fc43""]",run_cf189fe93ed005701355
term_e5fc194ff156b63cc4af,Suicides involving railways,measure,0.72,local-hybrid,False,title-only term treated as likely measure; local model skipped because gold labels are pending,"[""occ_2065c337d2a9d5e5b6a8""]",run_cf189fe93ed005701355
term_3f27b8241c4c64735dd8,Surface of the terrestrial protected areas,measure,0.72,local-hybrid,False,title-only term treated as likely measure; local model skipped because gold labels are pending,"[""occ_25bd3d0df8abf96daa59""]",run_cf189fe93ed005701355
term_86d9ca54e33ab9e07261,Suspects of migrant smuggling by citizenship,measure,0.72,local-hybrid,False,title-only term treated as likely measure; local model skipped because gold labels are pending,"[""occ_47ecedb30fb1f09abab8""]",run_cf189fe93ed005701355
term_00c4ef5efc8f0cbcf934,"t, tkm",measure,0.72,local-hybrid,False,title-only term treated as likely measure; local model skipped because gold labels are pending,"[""occ_a09215ef8e1471bd66e5""]",run_cf189fe93ed005701355
term_076306645cc4073f681d,Table grape vines - Area by age and density classes (area in ha),measure,0.72,local-hybrid,False,title-only term treated as likely measure; local model skipped because gold labels are pending,"[""occ_b4397c22997a241220e1""]",run_cf189fe93ed005701355
term_4289c856ffac149f700e,Tax rate on low wage earners - Low wage trap,measure,0.72,local-hybrid,False,title-only term treated as likely measure; local model skipped because gold labels are pending,"[""occ_6207b5e1b61cd1eb9406""]",run_cf189fe93ed005701355
term_a9c7f2dcbb2456b21fef,Tax rate on low wage earners - Unemployment trap,measure,0.88,local-hybrid,True,title evidence with measure lexical cue; local model skipped because gold labels are pending,"[""occ_0d0834dbb681d58ac494"", ""occ_38e99cfe23a87732ff15""]",run_cf189fe93ed005701355
term_94e62c18a072eee0878a,Tax rate on low wage earners: Tax wedge on labour costs,measure,0.72,local-hybrid,False,title-only term treated as likely measure; local model skipped because gold labels are pending,"[""occ_0c31656311af7784f822""]",run_cf189fe93ed005701355
term_3193e24448ed1861e4c1,Tax wedge on labour costs,measure,0.72,local-hybrid,False,title-only term treated as likely measure; local model skipped because gold labels are pending,"[""occ_e658d4d43bd5263e0a87""]",run_cf189fe93ed005701355
term_98b46acc724df37dbbd4,teacher ratio and average class size (ISCED 1-3),measure,0.72,local-hybrid,False,title-only term treated as likely measure; local model skipped because gold labels are pending,"[""occ_40433a3e97d320ca1e79""]",run_cf189fe93ed005701355
term_c47436f846869c0cff22,Teachers working part-time,measure,0.72,local-hybrid,False,title-only term treated as likely measure; local model skipped because gold labels are pending,"[""occ_12354058f6d81def5991""]",run_cf189fe93ed005701355
term_c81fdfed39c3348dee44,"Teachers working part-time - as % of all teachers, by education level",measure,0.72,local-hybrid,False,title-only term treated as likely measure; local model skipped because gold labels are pending,"[""occ_314d28e3601c88fb7c5d""]",run_cf189fe93ed005701355
term_d4ef0f6b6f4f6ee4238c,Technical and vocational education training (TVET),measure,0.72,local-hybrid,False,title-only term treated as likely measure; local model skipped because gold labels are pending,"[""occ_08bc4a14e06485737d68""]",run_cf189fe93ed005701355
term_635cd39b4962341555f5,Terms of trade by items,measure,0.72,local-hybrid,False,title-only term treated as likely measure; local model skipped because gold labels are pending,"[""occ_2ed24187e5877ad2b3ba""]",run_cf189fe93ed005701355
term_6b05d0ac66421a59192c,Terms of trade by items - 5 years % change,measure,0.72,local-hybrid,False,title-only term treated as likely measure; local model skipped because gold labels are pending,"[""occ_15638a204a750301b7ec""]",run_cf189fe93ed005701355
term_0861fc84eecc384d6adc,"Territorialised road freight transport, by transport coverage",measure,0.88,local-hybrid,True,title evidence with measure lexical cue; local model skipped because gold labels are pending,"[""occ_b980ae00375802d7996c""]",run_cf189fe93ed005701355
term_71d5be4aff0fb69bb056,"Territorialised road freight transport, by transport coverage - annual data",measure,0.88,local-hybrid,True,title evidence with measure lexical cue; local model skipped because gold labels are pending,"[""occ_14c0bcc0fb6df4b4da9d""]",run_cf189fe93ed005701355
term_f36d16016aa14d4c474e,Tertiary educational attainment (age group 30-34),measure,0.72,local-hybrid,False,title-only term treated as likely measure; local model skipped because gold labels are pending,"[""occ_a8b09d5349c4404be117""]",run_cf189fe93ed005701355
term_66732f938ee1a81097cf,The real gross disposable income of households per capita (index =),measure,0.88,local-hybrid,True,title evidence with measure lexical cue; local model skipped because gold labels are pending,"[""occ_780232b16aff917fffd7""]",run_cf189fe93ed005701355
term_76d03b1fd60c94b8c1f4,Tier-1 capital ratio banking sector,measure,0.72,local-hybrid,False,title-only term treated as likely measure; local model skipped because gold labels are pending,"[""occ_25a0478b25453050c589""]",run_cf189fe93ed005701355
term_a8fa375721620854b3b4,Time spent alone (and),measure,0.72,local-hybrid,False,title-only term treated as likely measure; local model skipped because gold labels are pending,"[""occ_7dc18d5b6734f89b275f""]",run_cf189fe93ed005701355
term_08992956dc85abe5f27b,Time spent doing more than one activity simultaneously (and),measure,0.72,local-hybrid,False,title-only term treated as likely measure; local model skipped because gold labels are pending,"[""occ_f435c6a3b6751230b24e""]",run_cf189fe93ed005701355
term_c09b32d6edee8fcd861e,Time spent in unpaid forms of work (as main or secondary activity) by sex and form of work (and),measure,0.72,local-hybrid,False,title-only term treated as likely measure; local model skipped because gold labels are pending,"[""occ_5815afbd437b17ae8c81""]",run_cf189fe93ed005701355
term_43b002e4fa9187e1554f,Time spent on eating at home (as main or secondary activity) (and),measure,0.72,local-hybrid,False,title-only term treated as likely measure; local model skipped because gold labels are pending,"[""occ_e4a481c0fdbd0a616e3c""]",run_cf189fe93ed005701355
term_0909d04619556ce772ab,Time spent on travelling by mode of transport (and),measure,0.88,local-hybrid,True,title evidence with measure lexical cue; local model skipped because gold labels are pending,"[""occ_abfdb7ca764bdc03caf6""]",run_cf189fe93ed005701355
term_89bc6acd128165c676ec,Time spent providing childcare (as main or secondary activity) (and),measure,0.72,local-hybrid,False,title-only term treated as likely measure; local model skipped because gold labels are pending,"[""occ_62500812d3f31c0d1e67""]",run_cf189fe93ed005701355
term_d319bdc10e354bb2255b,"Time spent watching TV or other media, playing computer games and any similar screen activities (as main or secondary activity) (and)",measure,0.72,local-hybrid,False,title-only term treated as likely measure; local model skipped because gold labels are pending,"[""occ_45e9bd39b2d976d9b7b0""]",run_cf189fe93ed005701355
term_934d7c4c91e3d4b41e67,tkm,measure,0.72,local-hybrid,False,title-only term treated as likely measure; local model skipped because gold labels are pending,"[""occ_9ea1a28b21165caf98bc""]",run_cf189fe93ed005701355
term_2093f2bfb230bb1cb4af,tonne-kilometre,measure,0.72,local-hybrid,False,title-only term treated as likely measure; local model skipped because gold labels are pending,"[""occ_feeebd67cf0833b748fe""]",run_cf189fe93ed005701355
term_86abbb5ee0e4f2df83c6,tonne-kilometre for gross-gross weight of goods,measure,0.72,local-hybrid,False,title-only term treated as likely measure; local model skipped because gold labels are pending,"[""occ_9ef4c88ae946bb4b7f6f""]",run_cf189fe93ed005701355
term_e1b9ed5da3db1ac7c1c0,tonnes for gross weight of goods,measure,0.72,local-hybrid,False,title-only term treated as likely measure; local model skipped because gold labels are pending,"[""occ_17a60ffa64cea8d77359""]",run_cf189fe93ed005701355
term_1145d61682b8574fefad,Top 5 ports - gross weight of goods handled in each port,measure,0.72,local-hybrid,False,title-only term treated as likely measure; local model skipped because gold labels are pending,"[""occ_6479125900658c54f873""]",run_cf189fe93ed005701355
term_3c0b32f734d34a5f1b99,Top 5 ports for containers,measure,0.72,local-hybrid,False,title-only term treated as likely measure; local model skipped because gold labels are pending,"[""occ_04f53437e210ccbe2999""]",run_cf189fe93ed005701355
term_8dffc38ae38fc124a5de,Top 5 ports for containers - gross weight of goods in containers handled in each port,measure,0.72,local-hybrid,False,title-only term treated as likely measure; local model skipped because gold labels are pending,"[""occ_68edd695e5380e0fa227""]",run_cf189fe93ed005701355
term_9bedcab28ed1c44237e4,Top 5 ports for liquid bulk,measure,0.72,local-hybrid,False,title-only term treated as likely measure; local model skipped because gold labels are pending,"[""occ_b3505ea455a2f124f733""]",run_cf189fe93ed005701355
term_cb5acf0784b47db0c86b,Top 5 ports for liquid bulk - gross weight of liquid bulk goods handled in each port,measure,0.72,local-hybrid,False,title-only term treated as likely measure; local model skipped because gold labels are pending,"[""occ_912fa185df7a563b2537""]",run_cf189fe93ed005701355
term_24d4f70cfecb8c4a9a09,Top 5 ports for Ro-ro units,measure,0.72,local-hybrid,False,title-only term treated as likely measure; local model skipped because gold labels are pending,"[""occ_6c1a52bf52d393fe97f5""]",run_cf189fe93ed005701355
term_e8bb6649bc08e6774829,Top 5 ports for Ro-ro units - gross weight of goods in Ro-Ro units handled in each port,measure,0.72,local-hybrid,False,title-only term treated as likely measure; local model skipped because gold labels are pending,"[""occ_b9f7966145f338e0f240""]",run_cf189fe93ed005701355
term_51748219fa8bcd262409,Top 5 ports for volume of containers,measure,0.72,local-hybrid,False,title-only term treated as likely measure; local model skipped because gold labels are pending,"[""occ_090ba27216fbf98666c8""]",run_cf189fe93ed005701355
term_63db29122ca2d646036d,Top 5 ports for volume of containers - volume (in TEUs) of containers handled in each port,measure,0.72,local-hybrid,False,title-only term treated as likely measure; local model skipped because gold labels are pending,"[""occ_0b0663cd473b5bff95ff""]",run_cf189fe93ed005701355
term_cbdda9299342ad151410,total (excluding construction),measure,0.72,local-hybrid,False,title-only term treated as likely measure; local model skipped because gold labels are pending,"[""occ_73ce06b1720744de23f5""]",run_cf189fe93ed005701355
term_af6d225790e4ac240456,Total area - ENP-East countries,measure,0.72,local-hybrid,False,title-only term treated as likely measure; local model skipped because gold labels are pending,"[""occ_22a3b075df5af0b8df83""]",run_cf189fe93ed005701355
term_fbd500e449746260ee0c,Total area - ENP-South countries,measure,0.72,local-hybrid,False,title-only term treated as likely measure; local model skipped because gold labels are pending,"[""occ_d6005fa436f44e47bd72""]",run_cf189fe93ed005701355
term_3789c75f8c4358b6b031,Total area by species (area in ha),measure,0.72,local-hybrid,False,title-only term treated as likely measure; local model skipped because gold labels are pending,"[""occ_f459c1079f5885ce8ed4""]",run_cf189fe93ed005701355
term_43564be0a5eea5c24b69,Total economy deficit/surplus,measure,0.72,local-hybrid,False,title-only term treated as likely measure; local model skipped because gold labels are pending,"[""occ_df458dc427ad4e3de599""]",run_cf189fe93ed005701355
term_c4c3e8614d9033178466,Total economy deficit/surplus - ENP-South countries,measure,0.72,local-hybrid,False,title-only term treated as likely measure; local model skipped because gold labels are pending,"[""occ_00e351c81bade702dd76""]",run_cf189fe93ed005701355
term_2277dced936ebe7e514b,Total employment by age group,measure,0.88,local-hybrid,True,title evidence with measure lexical cue; local model skipped because gold labels are pending,"[""occ_4f63f421dafa92991486""]",run_cf189fe93ed005701355
term_aa68604b0a18d14e8f75,Total employment by age group - ENP-South countries,measure,0.88,local-hybrid,True,title evidence with measure lexical cue; local model skipped because gold labels are pending,"[""occ_300099d7b1705677f2e5""]",run_cf189fe93ed005701355
term_68e9ff319e647d5cff4a,"Total financial sector liabilities, consolidated",measure,0.72,local-hybrid,False,title-only term treated as likely measure; local model skipped because gold labels are pending,"[""occ_aa62a3ad19f67952cb34""]",run_cf189fe93ed005701355
term_322c0749da8f58dc928c,"Total financial sector liabilities, non-consolidated",measure,0.72,local-hybrid,False,title-only term treated as likely measure; local model skipped because gold labels are pending,"[""occ_78884b039291c05b752f""]",run_cf189fe93ed005701355
term_3795e399a8db59ba6bc2,"Total financial sector liabilities, non-consolidated - annual data",measure,0.72,local-hybrid,False,title-only term treated as likely measure; local model skipped because gold labels are pending,"[""occ_8b7a556c8799dc16bfd7""]",run_cf189fe93ed005701355
term_e3b57109be8411b17a6a,total industry,measure,0.72,local-hybrid,False,title-only term treated as likely measure; local model skipped because gold labels are pending,"[""occ_70b3fac1e3eb84d8cd1a""]",run_cf189fe93ed005701355
term_bd25b0bcde8e89b7a0d1,total investments by currencies,measure,0.72,local-hybrid,False,title-only term treated as likely measure; local model skipped because gold labels are pending,"[""occ_a14178d958652ca2b4b1""]",run_cf189fe93ed005701355
term_95a3385c12a80619d83f,Total length of motorways,measure,0.72,local-hybrid,False,title-only term treated as likely measure; local model skipped because gold labels are pending,"[""occ_969c2dc9a1839e9be106""]",run_cf189fe93ed005701355
term_18a6f1bfdfa5de9fd163,Total length of railway lines,measure,0.72,local-hybrid,False,title-only term treated as likely measure; local model skipped because gold labels are pending,"[""occ_accf9c0ac0473dbf16da""]",run_cf189fe93ed005701355
term_cb729a0a0923670b9a0c,total population,measure,0.88,local-hybrid,True,title evidence with measure lexical cue; local model skipped because gold labels are pending,"[""occ_31b57ec293ff89d2626d"", ""occ_73df6c25a29ff708e877"", ""occ_a6800420077cbe7d4111"", ""occ_c231680ef52cd7899ecb""]",run_cf189fe93ed005701355
term_97fcb88bbf9fcf458966,Total researchers by sector of performance,measure,0.72,local-hybrid,False,title-only term treated as likely measure; local model skipped because gold labels are pending,"[""occ_9dea9cec8fef62ad94f9""]",run_cf189fe93ed005701355
term_29ee97eddda4848e7eb0,Total researchers by sector of performance - head count,measure,0.72,local-hybrid,False,title-only term treated as likely measure; local model skipped because gold labels are pending,"[""occ_06a4c8b5f0fb55339f94""]",run_cf189fe93ed005701355
term_38094dc99787e8445554,Tourism infrastructure,measure,0.72,local-hybrid,False,title-only term treated as likely measure; local model skipped because gold labels are pending,"[""occ_31148f2071d306467c75""]",run_cf189fe93ed005701355
term_ffdf411f32f95aa61bdd,Tourism infrastructure - ENP-South countries,measure,0.72,local-hybrid,False,title-only term treated as likely measure; local model skipped because gold labels are pending,"[""occ_6fed8d69760a8d465e92""]",run_cf189fe93ed005701355
term_c86986d43ee00b297876,Trade balance,measure,0.72,local-hybrid,False,title-only term treated as likely measure; local model skipped because gold labels are pending,"[""occ_76b3a612119391d2a547""]",run_cf189fe93ed005701355
term_dfad7967b9279d6847df,Trade balance - ENP-East countries,measure,0.72,local-hybrid,False,title-only term treated as likely measure; local model skipped because gold labels are pending,"[""occ_0610ea1baa1bb807363b""]",run_cf189fe93ed005701355
term_31e6ad55f3e7fcddcd7c,Trade in goods with the top 5 partners,measure,0.72,local-hybrid,False,title-only term treated as likely measure; local model skipped because gold labels are pending,"[""occ_ea7554c49272394cf0ae""]",run_cf189fe93ed005701355
term_b1053e50f61306b63b53,"Trade in goods, by main world traders",measure,0.72,local-hybrid,False,title-only term treated as likely measure; local model skipped because gold labels are pending,"[""occ_f92ef77cc08a799c69c7""]",run_cf189fe93ed005701355
term_88201ce9406015c1736d,"Trade in goods, by main world traders - EU27 (from)",measure,0.72,local-hybrid,False,title-only term treated as likely measure; local model skipped because gold labels are pending,"[""occ_374553ebac02543bca8b""]",run_cf189fe93ed005701355
term_55695f1d655dbcce0306,Trade in services with the top 5 partners,measure,0.72,local-hybrid,False,title-only term treated as likely measure; local model skipped because gold labels are pending,"[""occ_1a4117ef2bdd87a8ae0f""]",run_cf189fe93ed005701355
term_34f9a6afbcd34ff8c585,"Trailers and their load capacity, by permissible maximum gross weight",measure,0.72,local-hybrid,False,title-only term treated as likely measure; local model skipped because gold labels are pending,"[""occ_42bfb6a3000b660dd07d""]",run_cf189fe93ed005701355
term_f3e38dda338509911904,Trailers by load capacity,measure,0.72,local-hybrid,False,title-only term treated as likely measure; local model skipped because gold labels are pending,"[""occ_69bb9b49a4e8a55b74c1""]",run_cf189fe93ed005701355
term_824c1793ba9826ce6d8c,Train traffic on the rail network - Czech Republic,measure,0.72,local-hybrid,False,title-only term treated as likely measure; local model skipped because gold labels are pending,"[""occ_7f4c28499c737af62642""]",run_cf189fe93ed005701355
term_072f70a9ead031312bf8,Train traffic on the rail network - Hungaria,measure,0.72,local-hybrid,False,title-only term treated as likely measure; local model skipped because gold labels are pending,"[""occ_a177e512d7553037387d""]",run_cf189fe93ed005701355
term_873f41cbaf7fc28ebbaa,Trainsets and capacity by type of speed,measure,0.72,local-hybrid,False,title-only term treated as likely measure; local model skipped because gold labels are pending,"[""occ_5fcd8f070ffb97f48008""]",run_cf189fe93ed005701355
term_6af320a6bc9159e3ef12,Trams,measure,0.72,local-hybrid,False,title-only term treated as likely measure; local model skipped because gold labels are pending,"[""occ_527ec9647eb9a52f3efb""]",run_cf189fe93ed005701355
term_7bf6771c4dcfacaaefdc,"Transition from fixed term contracts to permanent contracts (annual averages of quarterly transitions, estimated probabilities)",measure,0.72,local-hybrid,False,title-only term treated as likely measure; local model skipped because gold labels are pending,"[""occ_7998f9c3969bed4839f8""]",run_cf189fe93ed005701355
term_cf37fc168930f4e669ad,"Transition from fixed term contracts to permanent contracts (annual averages of quarterly transitions, estimated probabilities) - experimental statistics",measure,0.72,local-hybrid,False,title-only term treated as likely measure; local model skipped because gold labels are pending,"[""occ_66b80bfa9bfbadeeee7c""]",run_cf189fe93ed005701355
term_2adca07660ceec2358ee,"Transition from part-time work to full-time work (annual averages of quarterly transitions, estimated probabilities)",measure,0.72,local-hybrid,False,title-only term treated as likely measure; local model skipped because gold labels are pending,"[""occ_37340b7e214338f5bd5e""]",run_cf189fe93ed005701355
term_5fc109031b2973fcda0e,"Transition from part-time work to full-time work (annual averages of quarterly transitions, estimated probabilities) - experimental statistics",measure,0.72,local-hybrid,False,title-only term treated as likely measure; local model skipped because gold labels are pending,"[""occ_3db980308bc7673cf910""]",run_cf189fe93ed005701355
term_0a01257f88ae194edd87,Treatment and disposal facilities,measure,0.72,local-hybrid,False,title-only term treated as likely measure; local model skipped because gold labels are pending,"[""occ_ab3a6595ccd582593ac1""]",run_cf189fe93ed005701355
term_a3d2423cf61584244a6c,Treatment of municipal waste,measure,0.72,local-hybrid,False,title-only term treated as likely measure; local model skipped because gold labels are pending,"[""occ_0910e677653106d77810""]",run_cf189fe93ed005701355
term_2f77122f6d187536a2c6,Treatment of municipal waste - ENP-South countries,measure,0.72,local-hybrid,False,title-only term treated as likely measure; local model skipped because gold labels are pending,"[""occ_aa444e24e64f26a3d087""]",run_cf189fe93ed005701355
term_a32ba4e10b1eca08f244,Turnover by client specialisation and employment size class,measure,0.88,local-hybrid,True,title evidence with measure lexical cue; local model skipped because gold labels are pending,"[""occ_19c21781f33c343700b6""]",run_cf189fe93ed005701355
term_efda1f608f03541e6db5,Turnover by client specialisation and NACE Rev.1 at 3-digit level,measure,0.72,local-hybrid,False,title-only term treated as likely measure; local model skipped because gold labels are pending,"[""occ_16d483c801fd7343a53e""]",run_cf189fe93ed005701355
term_5a349d389850e8d4ab7f,Turnover by client specialisation and product specialisation,measure,0.72,local-hybrid,False,title-only term treated as likely measure; local model skipped because gold labels are pending,"[""occ_00de30ec2ebc4470e97f""]",run_cf189fe93ed005701355
term_dcec609979d5cb0e0dbb,Turnover by nationality of client and employment size class,measure,0.88,local-hybrid,True,title evidence with measure lexical cue; local model skipped because gold labels are pending,"[""occ_fd4eb6281d40f38a06fc""]",run_cf189fe93ed005701355
term_95a6a131327fcab57a0f,Turnover by nationality of client and NACE Rev.1 at 3-digit level,measure,0.72,local-hybrid,False,title-only term treated as likely measure; local model skipped because gold labels are pending,"[""occ_6415bb884568eb400e70""]",run_cf189fe93ed005701355
term_0fc1db91c993288de631,Turnover by product specialisation and employment size class for group 72.2,measure,0.88,local-hybrid,True,title evidence with measure lexical cue; local model skipped because gold labels are pending,"[""occ_9b522692a8b77ed096f3""]",run_cf189fe93ed005701355
term_f6eaa9c37c9e115161f8,Turnover by product specialisation for div. 72,measure,0.72,local-hybrid,False,title-only term treated as likely measure; local model skipped because gold labels are pending,"[""occ_8809a7d5a2e72a089548""]",run_cf189fe93ed005701355
term_dc5dd4e83d9c376ef477,Turnover by residence of client and economic activity,measure,0.72,local-hybrid,False,title-only term treated as likely measure; local model skipped because gold labels are pending,"[""occ_8f44fa80737133ddbb7e""]",run_cf189fe93ed005701355
term_d586e925d2063811eb99,Turnover by type of client and employment size class,measure,0.88,local-hybrid,True,title evidence with measure lexical cue; local model skipped because gold labels are pending,"[""occ_e52ea3631d39b7a1c3a6""]",run_cf189fe93ed005701355
term_eeb8dbc04106e97419d1,Turnover by type of client and NACE Rev.1 at 3-digit level,measure,0.72,local-hybrid,False,title-only term treated as likely measure; local model skipped because gold labels are pending,"[""occ_b4a22101c318fdc5586d""]",run_cf189fe93ed005701355
term_544e1224b8fd31b1c1f9,Turnover by type of media for advertising services,measure,0.72,local-hybrid,False,title-only term treated as likely measure; local model skipped because gold labels are pending,"[""occ_03d5ba0ea9697a7eb42c""]",run_cf189fe93ed005701355
term_a388f7d67001bf53044b,Turnover in industry - capital goods,measure,0.72,local-hybrid,False,title-only term treated as likely measure; local model skipped because gold labels are pending,"[""occ_92b4d9dd432fef7729a3""]",run_cf189fe93ed005701355
term_f8795b5cd620fe7c77d7,Turnover in industry - consumer durables,measure,0.72,local-hybrid,False,title-only term treated as likely measure; local model skipped because gold labels are pending,"[""occ_fc96d1db8eadde3b15b5""]",run_cf189fe93ed005701355
term_9aa3a58b4d21fb81c703,Turnover in industry - consumer non-durables,measure,0.72,local-hybrid,False,title-only term treated as likely measure; local model skipped because gold labels are pending,"[""occ_cb179f1b0590fcf5e41a""]",run_cf189fe93ed005701355
term_07340a3d2ef10f77fc23,Turnover in industry - intermediate goods,measure,0.72,local-hybrid,False,title-only term treated as likely measure; local model skipped because gold labels are pending,"[""occ_35d416ea29f8c517dcde""]",run_cf189fe93ed005701355
term_cdd908e61d57752d0ee6,Turnover in industry - manufacturing,measure,0.72,local-hybrid,False,title-only term treated as likely measure; local model skipped because gold labels are pending,"[""occ_5855f29a24c3bb34ce29""]",run_cf189fe93ed005701355
term_35c905bf17ead17d0ef7,Typical dwelling sizes by type of dwelling in each surveyed city,measure,0.72,local-hybrid,False,title-only term treated as likely measure; local model skipped because gold labels are pending,"[""occ_5884d60b67cc26b3fe9e""]",run_cf189fe93ed005701355
term_0d408ca778902b8ee898,under age 5,measure,0.72,local-hybrid,False,title-only term treated as likely measure; local model skipped because gold labels are pending,"[""occ_6a360ec1767a6068ed94""]",run_cf189fe93ed005701355
term_1529764711dbbdad5438,Unemployment by sex - age group 15-24,measure,0.88,local-hybrid,True,title evidence with measure lexical cue; local model skipped because gold labels are pending,"[""occ_9179aa7b1d6fc90898c6""]",run_cf189fe93ed005701355
term_93fc17aa9b69df511486,Unemployment by sex - age group 25-74,measure,0.88,local-hybrid,True,title evidence with measure lexical cue; local model skipped because gold labels are pending,"[""occ_51f045acb6bbd3831d1b""]",run_cf189fe93ed005701355
term_79bdfae6a83ca066ae99,Unemployment rate - 3 year average,measure,0.88,local-hybrid,True,title evidence with measure lexical cue; local model skipped because gold labels are pending,"[""occ_5570e5a1e0b89ac9ca84""]",run_cf189fe93ed005701355
term_e41a8a27162e454712ee,Unemployment rate - annual data,measure,0.88,local-hybrid,True,title evidence with measure lexical cue; local model skipped because gold labels are pending,"[""occ_ce24470eccb03c7827a4""]",run_cf189fe93ed005701355
term_1af71f3547cf8a591b56,"Unemployment rate - quarterly data, seasonally adjusted",measure,0.88,local-hybrid,True,title evidence with measure lexical cue; local model skipped because gold labels are pending,"[""occ_5cd6f592638a0d12ce02""]",run_cf189fe93ed005701355
term_6a7ea42520f4578ca635,Unemployment rate by education level,measure,0.88,local-hybrid,True,title evidence with measure lexical cue; local model skipped because gold labels are pending,"[""occ_887d1654b18cdb6271e2""]",run_cf189fe93ed005701355
term_a37e7a638feff73a0a92,Unemployment rate by sex - age group 15-24,measure,0.88,local-hybrid,True,title evidence with measure lexical cue; local model skipped because gold labels are pending,"[""occ_d7c645780a76b0041fda""]",run_cf189fe93ed005701355
term_a8ad46b0a7ab4a8761a8,Unemployment rate by sex - age group 25-74,measure,0.88,local-hybrid,True,title evidence with measure lexical cue; local model skipped because gold labels are pending,"[""occ_3042694e0caba6d1b7cf""]",run_cf189fe93ed005701355
term_7a27f1dacce2f021d0c4,Unemployment rates (persons aged 25-64) by educational attainment level,measure,0.88,local-hybrid,True,title evidence with measure lexical cue; local model skipped because gold labels are pending,"[""occ_d7eb841ef0daabf291d5""]",run_cf189fe93ed005701355
term_6740e82c105d11b93340,Unemployment rates by sex and age,measure,0.88,local-hybrid,True,title evidence with measure lexical cue; local model skipped because gold labels are pending,"[""occ_2ee9efbbdfb16480dcbb"", ""occ_d3617d3ba4e29ddbd663""]",run_cf189fe93ed005701355
term_c396f89acaee68a2c8bf,Unemployment rates by sex and age - ENP-East countries,measure,0.88,local-hybrid,True,title evidence with measure lexical cue; local model skipped because gold labels are pending,"[""occ_dff3cfb52f7b30d32463""]",run_cf189fe93ed005701355
term_3e78a36a740b5f059ecd,Unemployment rates by sex and age - ENP-South countries,measure,0.88,local-hybrid,True,title evidence with measure lexical cue; local model skipped because gold labels are pending,"[""occ_0f5a23a6e83f9ace32d8""]",run_cf189fe93ed005701355
term_608d058dd9f4afca7ce3,Unemployment trap,measure,0.88,local-hybrid,True,title evidence with measure lexical cue; local model skipped because gold labels are pending,"[""occ_44d5594be2f5fb1b8ac1"", ""occ_bffa491038106162234f""]",run_cf189fe93ed005701355
term_745c8edf3dcd6c3340ce,Unit labour cost performance related to the euro area,measure,0.72,local-hybrid,False,title-only term treated as likely measure; local model skipped because gold labels are pending,"[""occ_54350f6a63a22a57328c""]",run_cf189fe93ed005701355
term_69b576171d4d2c819645,Unit labour cost performance related to the euro area - annual data,measure,0.72,local-hybrid,False,title-only term treated as likely measure; local model skipped because gold labels are pending,"[""occ_2a25b9e833fec003067f""]",run_cf189fe93ed005701355
term_ce0657cadd596a4ada9e,Unit value of exports,measure,0.72,local-hybrid,False,title-only term treated as likely measure; local model skipped because gold labels are pending,"[""occ_55eed23c3246584f5c51""]",run_cf189fe93ed005701355
term_7225389bc8f22f1d0abe,Unit value of imports,measure,0.72,local-hybrid,False,title-only term treated as likely measure; local model skipped because gold labels are pending,"[""occ_18834cbb9ef86659b371""]",run_cf189fe93ed005701355
term_fa38f209e4b8c386f58c,Unitisation in maritime freight transport,measure,0.88,local-hybrid,True,title evidence with measure lexical cue; local model skipped because gold labels are pending,"[""occ_30520a272a2ff51c6a48""]",run_cf189fe93ed005701355
term_8cd6e2e0f19af59b9a69,Unitisation in maritime freight transport - tonnes for gross weight of goods,measure,0.88,local-hybrid,True,title evidence with measure lexical cue; local model skipped because gold labels are pending,"[""occ_0d0f251c95e64e19d889""]",run_cf189fe93ed005701355
term_3b2614c8b53e660d154a,Unitisation in rail freight transport- tonne-kilometre for gross-gross weight of goods,measure,0.88,local-hybrid,True,title evidence with measure lexical cue; local model skipped because gold labels are pending,"[""occ_4dc830bb5b5fac85b83f""]",run_cf189fe93ed005701355
term_1eda2413fab212d2b53a,Unitisation in road freight transport,measure,0.88,local-hybrid,True,title evidence with measure lexical cue; local model skipped because gold labels are pending,"[""occ_0e0c3bb4be368559b2d6""]",run_cf189fe93ed005701355
term_735f5b874e0e33937a24,Unitisation in road freight transport - tonne-kilometre for gross weight of goods,measure,0.88,local-hybrid,True,title evidence with measure lexical cue; local model skipped because gold labels are pending,"[""occ_d7ba521ad1779e1bc7a3""]",run_cf189fe93ed005701355
term_c7b4b6d9a065c9bf8846,Unitisation in the different modes of transport,measure,0.88,local-hybrid,True,title evidence with measure lexical cue; local model skipped because gold labels are pending,"[""occ_3e6cc529e62c69994ade""]",run_cf189fe93ed005701355
term_0cfd941ee23def242bc0,Unitisation in the different modes of transport - tonne-kilometre for gross weight of goods,measure,0.88,local-hybrid,True,title evidence with measure lexical cue; local model skipped because gold labels are pending,"[""occ_dd00656fc97f6a625697""]",run_cf189fe93ed005701355
term_ada6f8ab141a96788083,Unitisation in waterways freight transport,measure,0.88,local-hybrid,True,title evidence with measure lexical cue; local model skipped because gold labels are pending,"[""occ_0cbcb77d451a839bf924""]",run_cf189fe93ed005701355
term_c920190059a666a1895b,Unitisation in waterways freight transport - tonne-kilometre for gross-gross weight of goods,measure,0.88,local-hybrid,True,title evidence with measure lexical cue; local model skipped because gold labels are pending,"[""occ_77e297a021af19663fee""]",run_cf189fe93ed005701355
term_94626ffbbffb640251bd,Urban wastewater treatment,measure,0.72,local-hybrid,False,title-only term treated as likely measure; local model skipped because gold labels are pending,"[""occ_db06dcf8b187249c51d2""]",run_cf189fe93ed005701355
term_aaf50cda1682e2356755,Use and risk of chemical pesticides,measure,0.88,local-hybrid,True,title evidence with measure lexical cue; local model skipped because gold labels are pending,"[""occ_ad971489b731038b1643""]",run_cf189fe93ed005701355
term_0b3b81a0f6a2a4f0bc27,Usually resident population on 1 January,measure,0.88,local-hybrid,True,title evidence with measure lexical cue; local model skipped because gold labels are pending,"[""occ_f8b12e4f40a6e3b9ad81""]",run_cf189fe93ed005701355
term_2e8cbd82183180402590,Vaccination against influenza of population aged 65 and over,measure,0.88,local-hybrid,True,title evidence with measure lexical cue; local model skipped because gold labels are pending,"[""occ_e7776541556ecd6a7e2e""]",run_cf189fe93ed005701355
term_e2bf5da3a5520dacf683,Valid permits by reasons,measure,0.72,local-hybrid,False,title-only term treated as likely measure; local model skipped because gold labels are pending,"[""occ_85bbd4d2a96f63f1c048""]",run_cf189fe93ed005701355
term_81433323d664e460d7a0,Valid permits by reasons - % of total valid permits,measure,0.72,local-hybrid,False,title-only term treated as likely measure; local model skipped because gold labels are pending,"[""occ_ed1226cd966eeda856a5""]",run_cf189fe93ed005701355
term_dcdfd7d57ed36874c698,Value Added in Foreign Controlled Enterprises,measure,0.88,local-hybrid,True,title evidence with measure lexical cue; local model skipped because gold labels are pending,"[""occ_908fcac88573a721cb96""]",run_cf189fe93ed005701355
term_df1fe8011f130dafc25b,"value and index (=100), annual data",measure,0.72,local-hybrid,False,title-only term treated as likely measure; local model skipped because gold labels are pending,"[""occ_006179edda60e3227ea7""]",run_cf189fe93ed005701355
term_d56654bde6f336c17c09,Vessel traffic,measure,0.72,local-hybrid,False,title-only term treated as likely measure; local model skipped because gold labels are pending,"[""occ_365682eaedf73377d993""]",run_cf189fe93ed005701355
term_a216f9879945eafb74fb,Vessels arriving in main EU ports by type of vessels (estimates),measure,0.72,local-hybrid,False,title-only term treated as likely measure; local model skipped because gold labels are pending,"[""occ_a4756a8cc6e81c671084""]",run_cf189fe93ed005701355
term_1c3ca4400953e4d24511,Vessels arriving in main EU ports by type of vessels (estimates) - experimental statistics,measure,0.72,local-hybrid,False,title-only term treated as likely measure; local model skipped because gold labels are pending,"[""occ_6e11f301469259ef3a1f""]",run_cf189fe93ed005701355
term_88c05f44f61fbda0fcbc,Victims of trafficking in human beings by all forms of exploitation,measure,0.72,local-hybrid,False,title-only term treated as likely measure; local model skipped because gold labels are pending,"[""occ_e152d4d510a4634f9562""]",run_cf189fe93ed005701355
term_f23379138c415aa01739,Victims of trafficking in human beings by citizenship,measure,0.72,local-hybrid,False,title-only term treated as likely measure; local model skipped because gold labels are pending,"[""occ_af6dfc90ecc6cf7955d4""]",run_cf189fe93ed005701355
term_424177e51c1e5a96bc99,Victims of trafficking in human beings by sex,measure,0.72,local-hybrid,False,title-only term treated as likely measure; local model skipped because gold labels are pending,"[""occ_af9bac1a286bac57934b""]",run_cf189fe93ed005701355
term_671120e6ddf805c7363b,volume,measure,0.72,local-hybrid,False,title-only term treated as likely measure; local model skipped because gold labels are pending,"[""occ_d2870b7d2a136b13ae55""]",run_cf189fe93ed005701355
term_bf111ec07111b7198008,volume (in TEUs) of containers handled in each port,measure,0.72,local-hybrid,False,title-only term treated as likely measure; local model skipped because gold labels are pending,"[""occ_9d8d0db2f0b3fcfa01f1""]",run_cf189fe93ed005701355
term_33e623d97e7d61f96a25,"volume (in TEUs) of containers handled in main ports, by loading status",measure,0.72,local-hybrid,False,title-only term treated as likely measure; local model skipped because gold labels are pending,"[""occ_12532006a9af99914f30""]",run_cf189fe93ed005701355
term_783f110b27cf7b2988d8,"volume (in TEUs) of containers transported to/from main ports, by loading status",measure,0.88,local-hybrid,True,title evidence with measure lexical cue; local model skipped because gold labels are pending,"[""occ_b06721d22ae5a269a1f8""]",run_cf189fe93ed005701355
term_79a8736d921061034a62,Volume of containers handled in the top 20 EU main ports by loading status,measure,0.72,local-hybrid,False,title-only term treated as likely measure; local model skipped because gold labels are pending,"[""occ_6480a70b29358aac7557""]",run_cf189fe93ed005701355
term_e31f733dac43272facbc,Volume of freight transport relative to GDP,measure,0.88,local-hybrid,True,title evidence with measure lexical cue; local model skipped because gold labels are pending,"[""occ_c38ccab39579a6df97c8""]",run_cf189fe93ed005701355
term_5e60d2f1d1859714617a,Volume of passenger transport relative to GDP,measure,0.88,local-hybrid,True,title evidence with measure lexical cue; local model skipped because gold labels are pending,"[""occ_1bb3c150ad3664d09192"", ""occ_29c86838fc414c3ba0b4""]",run_cf189fe93ed005701355
term_ade3abe2ddcd4219c7b9,Volume of timber,measure,0.72,local-hybrid,False,title-only term treated as likely measure; local model skipped because gold labels are pending,"[""occ_eb569c0424693b7e7618""]",run_cf189fe93ed005701355
term_adf8b17478ca36af6f1c,Wages,measure,0.72,local-hybrid,False,title-only term treated as likely measure; local model skipped because gold labels are pending,"[""occ_f048a75bcf61ee6c73e5""]",run_cf189fe93ed005701355
term_e95832e5932b41d66e64,Waste generated by households by year and waste category,measure,0.72,local-hybrid,False,title-only term treated as likely measure; local model skipped because gold labels are pending,"[""occ_e608a06af7c80d800886""]",run_cf189fe93ed005701355
term_4fc2af5067b8749363b2,Waste generation per capita,measure,0.72,local-hybrid,False,title-only term treated as likely measure; local model skipped because gold labels are pending,"[""occ_30214eba690e93872988""]",run_cf189fe93ed005701355
term_a85cd962d2f86c8a8f1b,Water abstracted by sector of use,measure,0.72,local-hybrid,False,title-only term treated as likely measure; local model skipped because gold labels are pending,"[""occ_911983f511c3cb830cb5""]",run_cf189fe93ed005701355
term_a2238b63e06e72e5c3db,"Water exploitation index, plus (WEI+)",measure,0.72,local-hybrid,False,title-only term treated as likely measure; local model skipped because gold labels are pending,"[""occ_f77309da49ecbf0969e4""]",run_cf189fe93ed005701355
term_03d759e0f760f08659a9,Water resources,measure,0.72,local-hybrid,False,title-only term treated as likely measure; local model skipped because gold labels are pending,"[""occ_9ece087b147caa1dff09""]",run_cf189fe93ed005701355
term_b4bf0c9074f9bb24d3d5,Water resources: long-term annual average,measure,0.72,local-hybrid,False,title-only term treated as likely measure; local model skipped because gold labels are pending,"[""occ_ea636f6db4e93ae5b510""]",run_cf189fe93ed005701355
term_20a4da9620ef0fc3315d,Water supplied and used by economic sectors,measure,0.72,local-hybrid,False,title-only term treated as likely measure; local model skipped because gold labels are pending,"[""occ_bdda2b5bd2b9570bc95c""]",run_cf189fe93ed005701355
term_214624aff075545f6929,Water use balance,measure,0.72,local-hybrid,False,title-only term treated as likely measure; local model skipped because gold labels are pending,"[""occ_29c2c8d4d1748750cc4c""]",run_cf189fe93ed005701355
term_7d45002a722bf752bce6,Water use by economic activity,measure,0.72,local-hybrid,False,title-only term treated as likely measure; local model skipped because gold labels are pending,"[""occ_87a653cb517c2c199447""]",run_cf189fe93ed005701355
term_501f4ffb4d173e318f72,Water use by economic activity - ENP-South countries,measure,0.72,local-hybrid,False,title-only term treated as likely measure; local model skipped because gold labels are pending,"[""occ_786c3989c69fde435c16""]",run_cf189fe93ed005701355
term_7beb7e648657fdf85a26,waterway transport enterprises by number of vessels,measure,0.88,local-hybrid,True,title evidence with measure lexical cue; local model skipped because gold labels are pending,"[""occ_8c534e23485cb79f2528""]",run_cf189fe93ed005701355
term_46c5d867f1991ca07183,Weights of producer prices of agricultural products,measure,0.88,local-hybrid,True,title evidence with measure lexical cue; local model skipped because gold labels are pending,"[""occ_26dc7eaad89fcbbb423f""]",run_cf189fe93ed005701355
term_5f2113363aa4f765d57e,Weights of producer prices of agricultural products - survey,measure,0.88,local-hybrid,True,title evidence with measure lexical cue; local model skipped because gold labels are pending,"[""occ_81923bedec9efb493031""]",run_cf189fe93ed005701355
term_d6d6bbf88f45ac0fed3e,Weights of purchase prices of the means of agricultural production,measure,0.88,local-hybrid,True,title evidence with measure lexical cue; local model skipped because gold labels are pending,"[""occ_a24504225e44ba8f39d9""]",run_cf189fe93ed005701355
term_0a75239384408607d20b,Weights of purchase prices of the means of agricultural production - survey,measure,0.88,local-hybrid,True,title evidence with measure lexical cue; local model skipped because gold labels are pending,"[""occ_aff12920816e00e449c3""]",run_cf189fe93ed005701355
term_b534371705780a321db0,west-central Pacific,measure,0.72,local-hybrid,False,title-only term treated as likely measure; local model skipped because gold labels are pending,"[""occ_003ab98de10177e624d9""]",run_cf189fe93ed005701355
term_084a82356f88b7f13c12,"Wheat and spelt by area, production and humidity",measure,0.88,local-hybrid,True,title evidence with measure lexical cue; local model skipped because gold labels are pending,"[""occ_8d1fb45903102ebf5fff""]",run_cf189fe93ed005701355
term_3bf94f63eddd0d336c49,"Women as victims/non-victims of violence, by awareness of free legal aid",measure,0.72,local-hybrid,False,title-only term treated as likely measure; local model skipped because gold labels are pending,"[""occ_b67954a5e417548987cc""]",run_cf189fe93ed005701355
term_99cd7a014402a64d1ba7,"Women as victims/non-victims of violence, by awareness of the existence of support services",measure,0.72,local-hybrid,False,title-only term treated as likely measure; local model skipped because gold labels are pending,"[""occ_7f7ac20f121843ebf503""]",run_cf189fe93ed005701355
term_74dee35dda71ade12769,"Women who have experienced sexual violence during childhood, by age group",measure,0.72,local-hybrid,False,title-only term treated as likely measure; local model skipped because gold labels are pending,"[""occ_f3cd956482e7d2d2daad""]",run_cf189fe93ed005701355
term_44d1da66e543f565402e,"Women who have experienced sexual violence during childhood, by person/support service to whom violence was reported",measure,0.72,local-hybrid,False,title-only term treated as likely measure; local model skipped because gold labels are pending,"[""occ_0c53d69b3c5b1f88e555""]",run_cf189fe93ed005701355
term_5ba5293a3dcdb52be932,"Women who have experienced sexual violence during childhood, by type of perpetrator",measure,0.72,local-hybrid,False,title-only term treated as likely measure; local model skipped because gold labels are pending,"[""occ_fc1240882b9f10a28671""]",run_cf189fe93ed005701355
term_cc4cc221d6e9bb2f14a7,"Women who have experienced stalking, by age group",measure,0.72,local-hybrid,False,title-only term treated as likely measure; local model skipped because gold labels are pending,"[""occ_b4f87ba6b6b2dcc3b7b7""]",run_cf189fe93ed005701355
term_958ed5d16d0a19cba33d,"Women who have experienced stalking, by consequences of violence",measure,0.72,local-hybrid,False,title-only term treated as likely measure; local model skipped because gold labels are pending,"[""occ_d3352bfad7a917200e65""]",run_cf189fe93ed005701355
term_6f53f02dbeef7453fc8e,"Women who have experienced stalking, by occurrence of the last episode",measure,0.72,local-hybrid,False,title-only term treated as likely measure; local model skipped because gold labels are pending,"[""occ_0dd010b8850fa25a529f""]",run_cf189fe93ed005701355
term_44fb7c14326b9ce6f97e,"Women who have experienced stalking, by person/support service to whom violence was reported",measure,0.72,local-hybrid,False,title-only term treated as likely measure; local model skipped because gold labels are pending,"[""occ_c393b49559e043b13457""]",run_cf189fe93ed005701355
term_ded67b7fdb2fa4d2a466,"Women who have experienced stalking, by type of perpetrator",measure,0.72,local-hybrid,False,title-only term treated as likely measure; local model skipped because gold labels are pending,"[""occ_ff04059b30bb943940e1""]",run_cf189fe93ed005701355
term_0090b200840a67def5ff,"Women who have experienced violence by a domestic perpetrator, by age group",measure,0.72,local-hybrid,False,title-only term treated as likely measure; local model skipped because gold labels are pending,"[""occ_dddb393afc4240820b85""]",run_cf189fe93ed005701355
term_1e5fd1a337fed64610ed,"Women who have experienced violence by a domestic perpetrator, by country of birth",measure,0.88,local-hybrid,True,title evidence with measure lexical cue; local model skipped because gold labels are pending,"[""occ_5bdd556da3bf6034a214""]",run_cf189fe93ed005701355
term_c7dcf75b0fd161fae015,"Women who have experienced violence by a domestic perpetrator, by degree of urbanisation",measure,0.72,local-hybrid,False,title-only term treated as likely measure; local model skipped because gold labels are pending,"[""occ_569e51d432e09ca3d8e7""]",run_cf189fe93ed005701355
term_41f8c2a6319f94d396ef,"Women who have experienced violence by a domestic perpetrator, by level of disability (activity limitation)",measure,0.72,local-hybrid,False,title-only term treated as likely measure; local model skipped because gold labels are pending,"[""occ_a9e17882ea0d79dd4419""]",run_cf189fe93ed005701355
term_f70365936e85e49e93e0,"Women who have experienced violence by a domestic perpetrator, by level of education",measure,0.72,local-hybrid,False,title-only term treated as likely measure; local model skipped because gold labels are pending,"[""occ_70ad32f62bacb369421c""]",run_cf189fe93ed005701355
term_785daa955a4f1ba400d7,"Women who have experienced violence by a domestic perpetrator, by occurrence of the last episode",measure,0.72,local-hybrid,False,title-only term treated as likely measure; local model skipped because gold labels are pending,"[""occ_5e13b6cdaaebee6a4233""]",run_cf189fe93ed005701355
term_f59cb91dee8d325d7110,"Women who have experienced violence by a domestic perpetrator, by type of violence",measure,0.72,local-hybrid,False,title-only term treated as likely measure; local model skipped because gold labels are pending,"[""occ_287da28538735c46cb7a""]",run_cf189fe93ed005701355
term_9ed3e3cda8958c5bbc62,Women who have experienced violence by a non-partner and consequences of violence,measure,0.72,local-hybrid,False,title-only term treated as likely measure; local model skipped because gold labels are pending,"[""occ_da301080cb8d23c4dc84""]",run_cf189fe93ed005701355
term_0db5d36410b241ea855e,"Women who have experienced violence by a non-partner, by age group",measure,0.72,local-hybrid,False,title-only term treated as likely measure; local model skipped because gold labels are pending,"[""occ_6bd8a96e2f1ef60283cb""]",run_cf189fe93ed005701355
term_c8283b83f20914d744b0,"Women who have experienced violence by a non-partner, by country of birth",measure,0.88,local-hybrid,True,title evidence with measure lexical cue; local model skipped because gold labels are pending,"[""occ_ae43c9499edc4d522909""]",run_cf189fe93ed005701355
term_935f588f73cb3d45199e,"Women who have experienced violence by a non-partner, by degree of urbanisation",measure,0.72,local-hybrid,False,title-only term treated as likely measure; local model skipped because gold labels are pending,"[""occ_fa658b88e936cc8ab943""]",run_cf189fe93ed005701355
term_25b62bd6ec453de22c6b,"Women who have experienced violence by a non-partner, by level of disability (activity limitation)",measure,0.72,local-hybrid,False,title-only term treated as likely measure; local model skipped because gold labels are pending,"[""occ_f8e39eef2d03e7833e26""]",run_cf189fe93ed005701355
term_9ad6a545c548fa79bad9,"Women who have experienced violence by a non-partner, by level of education",measure,0.72,local-hybrid,False,title-only term treated as likely measure; local model skipped because gold labels are pending,"[""occ_e0de394127245c012c4f""]",run_cf189fe93ed005701355
term_114c40d16ca56cc8dfe1,"Women who have experienced violence by a non-partner, by occurrence of the last episode",measure,0.72,local-hybrid,False,title-only term treated as likely measure; local model skipped because gold labels are pending,"[""occ_dffd5679bff2f6551f59""]",run_cf189fe93ed005701355
term_af0fa9de1b9de8d297c5,"Women who have experienced violence by a non-partner, by person/support service to whom violence was reported",measure,0.72,local-hybrid,False,title-only term treated as likely measure; local model skipped because gold labels are pending,"[""occ_e979e9c0524656794447""]",run_cf189fe93ed005701355
term_7d31126916709c3ed614,"Women who have experienced violence by a non-partner, by type and frequency of violence",measure,0.72,local-hybrid,False,title-only term treated as likely measure; local model skipped because gold labels are pending,"[""occ_11c78d099a5219c81e44""]",run_cf189fe93ed005701355
term_e4d2c743b5b450e6468f,"Women who have experienced violence by a non-partner, by type of perpetrator",measure,0.72,local-hybrid,False,title-only term treated as likely measure; local model skipped because gold labels are pending,"[""occ_dbb950aa874a8c17737e""]",run_cf189fe93ed005701355
term_0daeaa3f46275e614e5e,"Women who have experienced violence by a non-partner, by type of violence",measure,0.72,local-hybrid,False,title-only term treated as likely measure; local model skipped because gold labels are pending,"[""occ_14236cdf684b5dd991a5""]",run_cf189fe93ed005701355
term_501ea52e99ebff607ea9,Women who have experienced violence by any perpetrator and consequences of violence,measure,0.72,local-hybrid,False,title-only term treated as likely measure; local model skipped because gold labels are pending,"[""occ_2f050ec9a464413c1c54""]",run_cf189fe93ed005701355
term_bb32db4f2e5f91c70519,"Women who have experienced violence by any perpetrator, by age group",measure,0.72,local-hybrid,False,title-only term treated as likely measure; local model skipped because gold labels are pending,"[""occ_94a198289aa3d98ea2e4""]",run_cf189fe93ed005701355
term_ab56bb9eb34a3bbd6d39,"Women who have experienced violence by any perpetrator, by country of birth",measure,0.88,local-hybrid,True,title evidence with measure lexical cue; local model skipped because gold labels are pending,"[""occ_07b7e42b7b3da6b7640a""]",run_cf189fe93ed005701355
term_057ee65ab7f83ef76298,"Women who have experienced violence by any perpetrator, by degree of urbanisation",measure,0.72,local-hybrid,False,title-only term treated as likely measure; local model skipped because gold labels are pending,"[""occ_c0e6ff620e84cd8f52bd""]",run_cf189fe93ed005701355
term_0fb049cafea83a05569c,"Women who have experienced violence by any perpetrator, by level of disability (activity limitation)",measure,0.72,local-hybrid,False,title-only term treated as likely measure; local model skipped because gold labels are pending,"[""occ_e95865db115f40397703""]",run_cf189fe93ed005701355
term_32e3106a30d7d4df3794,"Women who have experienced violence by any perpetrator, by level of education",measure,0.72,local-hybrid,False,title-only term treated as likely measure; local model skipped because gold labels are pending,"[""occ_20a67bef35b7f68a829d""]",run_cf189fe93ed005701355
term_85c7eaf55c17e30704ca,"Women who have experienced violence by any perpetrator, by occurrence of the last episode",measure,0.72,local-hybrid,False,title-only term treated as likely measure; local model skipped because gold labels are pending,"[""occ_7e63911771e68c31fec4""]",run_cf189fe93ed005701355
term_67e74c8972ac642568c0,"Women who have experienced violence by any perpetrator, by person/support service to whom violence was reported",measure,0.72,local-hybrid,False,title-only term treated as likely measure; local model skipped because gold labels are pending,"[""occ_61772c98a96f4729d5f2""]",run_cf189fe93ed005701355
term_57415d5995abddc9c700,"Women who have experienced violence by any perpetrator, by type and frequency of violence",measure,0.72,local-hybrid,False,title-only term treated as likely measure; local model skipped because gold labels are pending,"[""occ_1dcb4a316791c0f65857""]",run_cf189fe93ed005701355
term_87c7f18f40753af6cca0,"Women who have experienced violence by any perpetrator, by type of violence",measure,0.72,local-hybrid,False,title-only term treated as likely measure; local model skipped because gold labels are pending,"[""occ_246d0846c5761c68d55e""]",run_cf189fe93ed005701355
term_fb4a688b93dbe8d65e06,"Work-related health problems in, by sex",measure,0.72,local-hybrid,False,title-only term treated as likely measure; local model skipped because gold labels are pending,"[""occ_0a8fffde563c1fc91b40""]",run_cf189fe93ed005701355
term_055bfac06b09b11dc896,Young persons (aged 15-24) neither in employment nor in education and training,measure,0.88,local-hybrid,True,title evidence with measure lexical cue; local model skipped because gold labels are pending,"[""occ_92ffd85d246d554af4fa""]",run_cf189fe93ed005701355
term_2e9ce14b15b7a574fa90,Young persons (aged 15-24) neither in employment nor in education and training - % of total population in private households in the same age group,measure,0.88,local-hybrid,True,title evidence with measure lexical cue; local model skipped because gold labels are pending,"[""occ_6b026fade3849f021547""]",run_cf189fe93ed005701355
term_4ea4279567c32d7a7f9e,Young persons (aged 20-24) with at least upper secondary educational attainment level by sex,measure,0.72,local-hybrid,False,title-only term treated as likely measure; local model skipped because gold labels are pending,"[""occ_f689e8036d2c3ceb179e""]",run_cf189fe93ed005701355
term_2c531a8a827df2e14928,Young persons neither in employment nor in education and training (NEET) by citizenship,measure,0.88,local-hybrid,True,title evidence with measure lexical cue; local model skipped because gold labels are pending,"[""occ_5f802dab22411209b22b""]",run_cf189fe93ed005701355
term_cc3e04edd8ae8955e635,Young persons neither in employment nor in education and training (NEET) by sex,measure,0.88,local-hybrid,True,title evidence with measure lexical cue; local model skipped because gold labels are pending,"[""occ_cadcc18fb12b82a19e4a""]",run_cf189fe93ed005701355
term_9672d50aacb8ed271606,Youth employment rate (age group 20-29),measure,0.88,local-hybrid,True,title evidence with measure lexical cue; local model skipped because gold labels are pending,"[""occ_fa48a9ad74281b1401a3""]",run_cf189fe93ed005701355
term_9d019695e06bee470d9e,Youth unemployment rate,measure,0.88,local-hybrid,True,title evidence with measure lexical cue; local model skipped because gold labels are pending,"[""occ_a4696990c6b54e3a48fc""]",run_cf189fe93ed005701355
term_6a159da8f44b32a6a971,Youth unemployment rate - % of active population aged 15-24,measure,0.88,local-hybrid,True,title evidence with measure lexical cue; local model skipped because gold labels are pending,"[""occ_eaa32f7576774e967e39""]",run_cf189fe93ed005701355
term_b729ad875ff9c728f329,Youth unemployment rate by sex,measure,0.88,local-hybrid,True,title evidence with measure lexical cue; local model skipped because gold labels are pending,"[""occ_cc7e5ec2cc25785a7016""]",run_cf189fe93ed005701355
term_37cf41b2716bfe4cd304,Youth unemployment ratio (age group 15-24),measure,0.88,local-hybrid,True,title evidence with measure lexical cue; local model skipped because gold labels are pending,"[""occ_25a96728a63377067c47""]",run_cf189fe93ed005701355
